                              1 ;--------------------------------------------------------
                              2 ; File Created by SDCC : free open source ISO C Compiler
                              3 ; Version 4.6.2 #16710 (Linux)
                              4 ;--------------------------------------------------------
                              5 	.module bitintrot_width_63_dist_32_storage_static
                              6 	
                              7 ;--------------------------------------------------------
                              8 ; Public variables in this module
                              9 ;--------------------------------------------------------
                             10 	.globl _testRot
                             11 	.globl ___prints
                             12 	.globl ___fail
                             13 	.globl ___numCases
                             14 	.globl ___runSuite
                             15 	.globl ___getSuiteName
                             16 ;--------------------------------------------------------
                             17 ; special function registers
                             18 ;--------------------------------------------------------
                             19 ;--------------------------------------------------------
                             20 ; ram data
                             21 ;--------------------------------------------------------
                             22 	.area _DATA (BANK=_DSEG)
   0000                      23 _testRot_t1_10000_13:
   0000                      24 	.ds 8
   0008                      25 _testRot_t2_10000_13:
   0008                      26 	.ds 8
                             27 ;--------------------------------------------------------
                             28 ; ram data
                             29 ;--------------------------------------------------------
                             30 	.area _INITIALIZED
                             31 ;--------------------------------------------------------
                             32 ; absolute ram data
                             33 ;--------------------------------------------------------
                             34 	.area _DABS (ABS)
                             35 	.area _DABS (ABS)
                             36 ;--------------------------------------------------------
                             37 ; global & static initialisations
                             38 ;--------------------------------------------------------
                             39 	.area _HOME
                             40 	.area _GSINIT
                             41 	.area _GSFINAL
                             42 	.area _GSINIT
                             43 ;cases/bitintrot/bitintrot_width_63_dist_32_storage_static.c:38: volatile static bitinttype t1 = TESTVECT1;
                             44 ;	genAssign
                             45 ;	genMove_o size 8 result type 10 source type 1 a_dead 1 hl_dead 1 de_dead 1 iy_dead 1 f_dead 1
                             46 ; common peephole 57 used direct memory store instead of indirect.
   0000 3E A5         [ 7]   47 	ld	a, #0xa5
                             48 ; common peephole 130h removed unnecessary +0 to immediate
   0002 32r00s00      [13]   49 	ld	(#_testRot_t1_10000_13), a
   0005 AF            [ 4]   50 	xor	a, a
   0006 32r01s00      [13]   51 	ld	(_testRot_t1_10000_13+1), a
   0009 32r02s00      [13]   52 	ld	(_testRot_t1_10000_13+2), a
   000C 32r03s00      [13]   53 	ld	(_testRot_t1_10000_13+3), a
   000F 32r04s00      [13]   54 	ld	(_testRot_t1_10000_13+4), a
   0012 32r05s00      [13]   55 	ld	(_testRot_t1_10000_13+5), a
   0015 32r06s00      [13]   56 	ld	(_testRot_t1_10000_13+6), a
   0018 32r07s00      [13]   57 	ld	(_testRot_t1_10000_13+7), a
                             58 ;cases/bitintrot/bitintrot_width_63_dist_32_storage_static.c:39: volatile static bitinttype t2 = TESTVECT2;
                             59 ;	genAssign
                             60 ;	genMove_o size 8 result type 10 source type 1 a_dead 1 hl_dead 1 de_dead 1 iy_dead 1 f_dead 1
   001B FD 21r08s00   [14]   61 	ld	iy, #_testRot_t2_10000_13
   001F FD 36 00 55   [19]   62 	ld	0 (iy), #0x55
   0023 FD 36 01 AA   [19]   63 	ld	1 (iy), #0xaa
   0027 AF            [ 4]   64 	xor	a, a
   0028 32r0As00      [13]   65 	ld	(_testRot_t2_10000_13+2), a
   002B 32r0Bs00      [13]   66 	ld	(_testRot_t2_10000_13+3), a
   002E 32r0Cs00      [13]   67 	ld	(_testRot_t2_10000_13+4), a
   0031 32r0Ds00      [13]   68 	ld	(_testRot_t2_10000_13+5), a
   0034 32r0Es00      [13]   69 	ld	(_testRot_t2_10000_13+6), a
   0037 32r0Fs00      [13]   70 	ld	(_testRot_t2_10000_13+7), a
                             71 ;--------------------------------------------------------
                             72 ; Home
                             73 ;--------------------------------------------------------
                             74 	.area _HOME (BANK=_CSEG)
                             75 	.area _HOME (BANK=_CSEG)
                             76 ;--------------------------------------------------------
                             77 ; code
                             78 ;--------------------------------------------------------
                             79 	.area _CODE (BANK=_CSEG)
                             80 ;cases/bitintrot/bitintrot_width_63_dist_32_storage_static.c:36: testRot (void)
                             81 ;	genLabel
                             82 ;	genFunction
                             83 ;	---------------------------------
                             84 ; Function testRot
                             85 ; ---------------------------------
                             86 ;	Register assignment might be sub-optimal.
                             87 ; Stack space usage: 17 bytes.
   0000                      88 _testRot::
   0000 DD E5         [15]   89 	push	ix
   0002 DD 21 00 00   [14]   90 	ld	ix,	#0
   0006 DD 39         [15]   91 	add	ix, sp
                             92 ;	adjustStack by -17
   0008 21 EF FF      [10]   93 	ld	hl, #-17
   000B 39            [11]   94 	add	hl, sp
   000C F9            [ 6]   95 	ld	sp, hl
                             96 ;cases/bitintrot/bitintrot_width_63_dist_32_storage_static.c:41: ASSERT (ROL (t1) == ROL (TESTVECT1));
                             97 ;	genPlus
                             98 ;	genMove_o size 2 result type 2 source type 10 a_dead 1 hl_dead 1 de_dead 1 iy_dead 1 f_dead 1
   000D 2Ar00s00      [16]   99 	ld	hl, (___numTests)
   0010 23            [ 6]  100 	inc	hl
                            101 ;	genMove_o size 2 result type 10 source type 2 a_dead 1 hl_dead 1 de_dead 1 iy_dead 1 f_dead 1
   0011 22r00s00      [16]  102 	ld	(___numTests), hl
                            103 ;	genLeftShift
                            104 ;	genMove_o size 4 result type 6 source type 10 a_dead 1 hl_dead 1 de_dead 1 iy_dead 1 f_dead 1
   0014 3Ar00s00      [13]  105 	ld	a, (_testRot_t1_10000_13+0)
   0017 DD 77 F3      [19]  106 	ld	-13 (ix), a
   001A 3Ar01s00      [13]  107 	ld	a, (_testRot_t1_10000_13+1)
   001D DD 77 F4      [19]  108 	ld	-12 (ix), a
   0020 3Ar02s00      [13]  109 	ld	a, (_testRot_t1_10000_13+2)
   0023 DD 77 F5      [19]  110 	ld	-11 (ix), a
   0026 3Ar03s00      [13]  111 	ld	a, (_testRot_t1_10000_13+3)
   0029 DD 77 F6      [19]  112 	ld	-10 (ix), a
                            113 ;	genMove_o size 4 result type 6 source type 1 a_dead 1 hl_dead 1 de_dead 1 iy_dead 1 f_dead 1
   002C AF            [ 4]  114 	xor	a, a
   002D DD 77 EF      [19]  115 	ld	-17 (ix), a
   0030 DD 77 F0      [19]  116 	ld	-16 (ix), a
   0033 DD 77 F1      [19]  117 	ld	-15 (ix), a
   0036 DD 77 F2      [19]  118 	ld	-14 (ix), a
   0039 DD 7E F6      [19]  119 	ld	a, -10 (ix)
   003C E6 7F         [ 7]  120 	and	a, #0x7f
   003E DD 77 F6      [19]  121 	ld	-10 (ix), a
                            122 ;	genMove_o size 8 result type 6 source type 6 a_dead 1 hl_dead 1 de_dead 1 iy_dead 1 f_dead 1
                            123 ;	genRightShift
                            124 ;	genMove_o size 5 result type 6 source type 10 a_dead 1 hl_dead 1 de_dead 1 iy_dead 1 f_dead 1
   0041 3Ar03s00      [13]  125 	ld	a, (_testRot_t1_10000_13+3)
   0044 DD 77 F8      [19]  126 	ld	-8 (ix), a
   0047 3Ar04s00      [13]  127 	ld	a, (_testRot_t1_10000_13+4)
   004A DD 77 F9      [19]  128 	ld	-7 (ix), a
   004D 3Ar05s00      [13]  129 	ld	a, (_testRot_t1_10000_13+5)
   0050 DD 77 FA      [19]  130 	ld	-6 (ix), a
   0053 3Ar06s00      [13]  131 	ld	a, (_testRot_t1_10000_13+6)
   0056 DD 77 FB      [19]  132 	ld	-5 (ix), a
   0059 3Ar07s00      [13]  133 	ld	a, (_testRot_t1_10000_13+7)
   005C DD 77 FC      [19]  134 	ld	-4 (ix), a
                            135 ;	genMove_o size 3 result type 6 source type 1 a_dead 1 hl_dead 1 de_dead 0 iy_dead 1 f_dead 1
   005F AF            [ 4]  136 	xor	a, a
   0060 DD 77 FD      [19]  137 	ld	-3 (ix), a
   0063 DD 77 FE      [19]  138 	ld	-2 (ix), a
   0066 DD 77 FF      [19]  139 	ld	-1 (ix), a
   0069 06 07         [ 7]  140 	ld	b, #0x07
   006B                     141 00225$:
   006B DD CB FC 3E   [23]  142 	srl	-4 (ix)
   006F DD CB FB 1E   [23]  143 	rr	-5 (ix)
   0073 DD CB FA 1E   [23]  144 	rr	-6 (ix)
   0077 DD CB F9 1E   [23]  145 	rr	-7 (ix)
   007B DD CB F8 1E   [23]  146 	rr	-8 (ix)
                            147 ; common peephole 159 removed unused label 00226$.
   007F 10 EA         [13]  148 	djnz	00225$
                            149 ;	genMove_o size 8 result type 6 source type 6 a_dead 1 hl_dead 1 de_dead 1 iy_dead 1 f_dead 1
                            150 ;	genOr
   0081 DD 7E F8      [19]  151 	ld	a, -8 (ix)
   0084 DD B6 EF      [19]  152 	or	a, -17 (ix)
                            153 ;	genMove_o size 1 result type 6 source type 2 a_dead 1 hl_dead 1 de_dead 1 iy_dead 1 f_dead 1
   0087 DD 77 F8      [19]  154 	ld	-8 (ix), a
                            155 ;	genMove_o size 0 result type 6 source type 1 a_dead 1 hl_dead 1 de_dead 1 iy_dead 1 f_dead 1
   008A DD 7E F9      [19]  156 	ld	a, -7 (ix)
   008D DD B6 F0      [19]  157 	or	a, -16 (ix)
                            158 ;	genMove_o size 1 result type 6 source type 2 a_dead 1 hl_dead 1 de_dead 1 iy_dead 1 f_dead 1
   0090 DD 77 F9      [19]  159 	ld	-7 (ix), a
                            160 ;	genMove_o size 0 result type 6 source type 1 a_dead 1 hl_dead 1 de_dead 1 iy_dead 1 f_dead 1
   0093 DD 7E FA      [19]  161 	ld	a, -6 (ix)
   0096 DD B6 F1      [19]  162 	or	a, -15 (ix)
                            163 ;	genMove_o size 1 result type 6 source type 2 a_dead 1 hl_dead 1 de_dead 1 iy_dead 1 f_dead 1
   0099 DD 77 FA      [19]  164 	ld	-6 (ix), a
                            165 ;	genMove_o size 0 result type 6 source type 1 a_dead 1 hl_dead 1 de_dead 1 iy_dead 1 f_dead 1
   009C DD 7E FB      [19]  166 	ld	a, -5 (ix)
   009F DD B6 F2      [19]  167 	or	a, -14 (ix)
                            168 ;	genMove_o size 1 result type 6 source type 2 a_dead 1 hl_dead 1 de_dead 1 iy_dead 1 f_dead 1
   00A2 DD 77 FB      [19]  169 	ld	-5 (ix), a
                            170 ;	genMove_o size 0 result type 6 source type 1 a_dead 1 hl_dead 1 de_dead 1 iy_dead 1 f_dead 1
                            171 ;	genMove_o size 4 result type 6 source type 6 a_dead 1 hl_dead 1 de_dead 1 iy_dead 1 f_dead 1
   00A5 DD 7E F3      [19]  172 	ld	a, -13 (ix)
   00A8 DD 77 FC      [19]  173 	ld	-4 (ix), a
   00AB DD 7E F4      [19]  174 	ld	a, -12 (ix)
   00AE DD 77 FD      [19]  175 	ld	-3 (ix), a
   00B1 DD 7E F5      [19]  176 	ld	a, -11 (ix)
   00B4 DD 77 FE      [19]  177 	ld	-2 (ix), a
   00B7 DD 7E F6      [19]  178 	ld	a, -10 (ix)
   00BA DD 77 FF      [19]  179 	ld	-1 (ix), a
                            180 ;	genMove_o size 0 result type 6 source type 1 a_dead 1 hl_dead 1 de_dead 1 iy_dead 1 f_dead 1
                            181 ;	genCmpEq
   00BD DD 7E F8      [19]  182 	ld	a, -8 (ix)
   00C0 B7            [ 4]  183 	or	a, a
   00C1 DD B6 F9      [19]  184 	or	a, -7 (ix)
   00C4 DD B6 FA      [19]  185 	or	a, -6 (ix)
   00C7 DD B6 FB      [19]  186 	or	a, -5 (ix)
                            187 ; common peephole 163 changed absolute to relative conditional jump.
   00CA 20 10         [12]  188 	jr	nz, 00227$
                            189 ;	genMove_o size 1 result type 2 source type 6 a_dead 1 hl_dead 1 de_dead 0 iy_dead 0 f_dead 1
   00CC DD 7E FC      [19]  190 	ld	a, -4 (ix)
                            191 ;	genMove_o size 0 result type 2 source type 1 a_dead 1 hl_dead 1 de_dead 0 iy_dead 0 f_dead 1
   00CF D6 A5         [ 7]  192 	sub	a, #0xa5
   00D1 DD B6 FD      [19]  193 	or	a, -3 (ix)
   00D4 DD B6 FE      [19]  194 	or	a, -2 (ix)
   00D7 DD B6 FF      [19]  195 	or	a, -1 (ix)
                            196 ; common peephole 163 changed absolute to relative conditional jump.
   00DA 28 11         [12]  197 	jr	z, 00104$
                            198 ; common peephole 81 removed jp by using inverse jump logic
   00DC                     199 00227$:
                            200 ;	skipping generated iCode
                            201 ;	skipping iCode since result will be rematerialized
                            202 ;	skipping iCode since result will be rematerialized
                            203 ;	skipping iCode since result will be rematerialized
                            204 ;	skipping iCode since result will be rematerialized
                            205 ;	skipping iCode since result will be rematerialized
                            206 ;	skipping iCode since result will be rematerialized
                            207 ;	genIpush
                            208 ;	genMove_o size 2 result type 2 source type 1 a_dead 1 hl_dead 1 de_dead 1 iy_dead 1 f_dead 1
   00DC 21 29 00      [10]  209 	ld	hl, #0x0029
   00DF E5            [11]  210 	push	hl
                            211 ;	genIpush
                            212 ;	genMove_o size 2 result type 2 source type 7 a_dead 1 hl_dead 1 de_dead 1 iy_dead 1 f_dead 1
   00E0 21rECs0A      [10]  213 	ld	hl, #___str_2
   00E3 E5            [11]  214 	push	hl
                            215 ;	genSend
                            216 ;	genMove_o size 2 result type 2 source type 7 a_dead 1 hl_dead 1 de_dead 1 iy_dead 1 f_dead 1
   00E4 11rD0s0A      [10]  217 	ld	de, #___str_1
                            218 ;	genSend
                            219 ;	genMove_o size 2 result type 2 source type 7 a_dead 1 hl_dead 1 de_dead 0 iy_dead 1 f_dead 1
   00E7 21rBFs0A      [10]  220 	ld	hl, #___str_0
                            221 ;	genCall
   00EA CDr00s00      [17]  222 	call	___fail
                            223 ;	genLabel
   00ED                     224 00104$:
                            225 ;cases/bitintrot/bitintrot_width_63_dist_32_storage_static.c:42: ASSERT (ROL (t2) == ROL (TESTVECT2));
                            226 ;	genPlus
                            227 ;	genMove_o size 2 result type 2 source type 10 a_dead 1 hl_dead 1 de_dead 1 iy_dead 1 f_dead 1
   00ED 2Ar00s00      [16]  228 	ld	hl, (___numTests)
   00F0 23            [ 6]  229 	inc	hl
                            230 ;	genMove_o size 2 result type 10 source type 2 a_dead 1 hl_dead 1 de_dead 1 iy_dead 1 f_dead 1
   00F1 22r00s00      [16]  231 	ld	(___numTests), hl
                            232 ;	genLeftShift
                            233 ;	genMove_o size 4 result type 6 source type 10 a_dead 1 hl_dead 1 de_dead 1 iy_dead 1 f_dead 1
   00F4 3Ar08s00      [13]  234 	ld	a, (_testRot_t2_10000_13+0)
   00F7 DD 77 F3      [19]  235 	ld	-13 (ix), a
   00FA 3Ar09s00      [13]  236 	ld	a, (_testRot_t2_10000_13+1)
   00FD DD 77 F4      [19]  237 	ld	-12 (ix), a
   0100 3Ar0As00      [13]  238 	ld	a, (_testRot_t2_10000_13+2)
   0103 DD 77 F5      [19]  239 	ld	-11 (ix), a
   0106 3Ar0Bs00      [13]  240 	ld	a, (_testRot_t2_10000_13+3)
   0109 DD 77 F6      [19]  241 	ld	-10 (ix), a
                            242 ;	genMove_o size 4 result type 6 source type 1 a_dead 1 hl_dead 1 de_dead 1 iy_dead 1 f_dead 1
   010C AF            [ 4]  243 	xor	a, a
   010D DD 77 EF      [19]  244 	ld	-17 (ix), a
   0110 DD 77 F0      [19]  245 	ld	-16 (ix), a
   0113 DD 77 F1      [19]  246 	ld	-15 (ix), a
   0116 DD 77 F2      [19]  247 	ld	-14 (ix), a
   0119 DD 7E F6      [19]  248 	ld	a, -10 (ix)
   011C E6 7F         [ 7]  249 	and	a, #0x7f
   011E DD 77 F6      [19]  250 	ld	-10 (ix), a
                            251 ;	genMove_o size 8 result type 6 source type 6 a_dead 1 hl_dead 1 de_dead 1 iy_dead 1 f_dead 1
                            252 ;	genRightShift
                            253 ;	genMove_o size 5 result type 6 source type 10 a_dead 1 hl_dead 1 de_dead 1 iy_dead 1 f_dead 1
   0121 3Ar0Bs00      [13]  254 	ld	a, (_testRot_t2_10000_13+3)
   0124 DD 77 F8      [19]  255 	ld	-8 (ix), a
   0127 3Ar0Cs00      [13]  256 	ld	a, (_testRot_t2_10000_13+4)
   012A DD 77 F9      [19]  257 	ld	-7 (ix), a
   012D 3Ar0Ds00      [13]  258 	ld	a, (_testRot_t2_10000_13+5)
   0130 DD 77 FA      [19]  259 	ld	-6 (ix), a
   0133 3Ar0Es00      [13]  260 	ld	a, (_testRot_t2_10000_13+6)
   0136 DD 77 FB      [19]  261 	ld	-5 (ix), a
   0139 3Ar0Fs00      [13]  262 	ld	a, (_testRot_t2_10000_13+7)
   013C DD 77 FC      [19]  263 	ld	-4 (ix), a
                            264 ;	genMove_o size 3 result type 6 source type 1 a_dead 1 hl_dead 1 de_dead 0 iy_dead 1 f_dead 1
   013F AF            [ 4]  265 	xor	a, a
   0140 DD 77 FD      [19]  266 	ld	-3 (ix), a
   0143 DD 77 FE      [19]  267 	ld	-2 (ix), a
   0146 DD 77 FF      [19]  268 	ld	-1 (ix), a
   0149 06 07         [ 7]  269 	ld	b, #0x07
   014B                     270 00230$:
   014B DD CB FC 3E   [23]  271 	srl	-4 (ix)
   014F DD CB FB 1E   [23]  272 	rr	-5 (ix)
   0153 DD CB FA 1E   [23]  273 	rr	-6 (ix)
   0157 DD CB F9 1E   [23]  274 	rr	-7 (ix)
   015B DD CB F8 1E   [23]  275 	rr	-8 (ix)
                            276 ; common peephole 159 removed unused label 00231$.
   015F 10 EA         [13]  277 	djnz	00230$
                            278 ;	genMove_o size 8 result type 6 source type 6 a_dead 1 hl_dead 1 de_dead 1 iy_dead 1 f_dead 1
                            279 ;	genOr
   0161 DD 7E F8      [19]  280 	ld	a, -8 (ix)
   0164 DD B6 EF      [19]  281 	or	a, -17 (ix)
                            282 ;	genMove_o size 1 result type 6 source type 2 a_dead 1 hl_dead 1 de_dead 1 iy_dead 1 f_dead 1
   0167 DD 77 F8      [19]  283 	ld	-8 (ix), a
                            284 ;	genMove_o size 0 result type 6 source type 1 a_dead 1 hl_dead 1 de_dead 1 iy_dead 1 f_dead 1
   016A DD 7E F9      [19]  285 	ld	a, -7 (ix)
   016D DD B6 F0      [19]  286 	or	a, -16 (ix)
                            287 ;	genMove_o size 1 result type 6 source type 2 a_dead 1 hl_dead 1 de_dead 1 iy_dead 1 f_dead 1
   0170 DD 77 F9      [19]  288 	ld	-7 (ix), a
                            289 ;	genMove_o size 0 result type 6 source type 1 a_dead 1 hl_dead 1 de_dead 1 iy_dead 1 f_dead 1
   0173 DD 7E FA      [19]  290 	ld	a, -6 (ix)
   0176 DD B6 F1      [19]  291 	or	a, -15 (ix)
                            292 ;	genMove_o size 1 result type 6 source type 2 a_dead 1 hl_dead 1 de_dead 1 iy_dead 1 f_dead 1
   0179 DD 77 FA      [19]  293 	ld	-6 (ix), a
                            294 ;	genMove_o size 0 result type 6 source type 1 a_dead 1 hl_dead 1 de_dead 1 iy_dead 1 f_dead 1
   017C DD 7E FB      [19]  295 	ld	a, -5 (ix)
   017F DD B6 F2      [19]  296 	or	a, -14 (ix)
                            297 ;	genMove_o size 1 result type 6 source type 2 a_dead 1 hl_dead 1 de_dead 1 iy_dead 1 f_dead 1
   0182 DD 77 FB      [19]  298 	ld	-5 (ix), a
                            299 ;	genMove_o size 0 result type 6 source type 1 a_dead 1 hl_dead 1 de_dead 1 iy_dead 1 f_dead 1
                            300 ;	genMove_o size 4 result type 6 source type 6 a_dead 1 hl_dead 1 de_dead 1 iy_dead 1 f_dead 1
   0185 DD 7E F3      [19]  301 	ld	a, -13 (ix)
   0188 DD 77 FC      [19]  302 	ld	-4 (ix), a
   018B DD 7E F4      [19]  303 	ld	a, -12 (ix)
   018E DD 77 FD      [19]  304 	ld	-3 (ix), a
   0191 DD 7E F5      [19]  305 	ld	a, -11 (ix)
   0194 DD 77 FE      [19]  306 	ld	-2 (ix), a
   0197 DD 7E F6      [19]  307 	ld	a, -10 (ix)
   019A DD 77 FF      [19]  308 	ld	-1 (ix), a
                            309 ;	genMove_o size 0 result type 6 source type 1 a_dead 1 hl_dead 1 de_dead 1 iy_dead 1 f_dead 1
                            310 ;	genCmpEq
   019D DD 7E F8      [19]  311 	ld	a, -8 (ix)
   01A0 B7            [ 4]  312 	or	a, a
   01A1 DD B6 F9      [19]  313 	or	a, -7 (ix)
   01A4 DD B6 FA      [19]  314 	or	a, -6 (ix)
   01A7 DD B6 FB      [19]  315 	or	a, -5 (ix)
                            316 ; common peephole 163 changed absolute to relative conditional jump.
   01AA 20 14         [12]  317 	jr	nz, 00232$
                            318 ;	genMove_o size 1 result type 2 source type 6 a_dead 1 hl_dead 1 de_dead 0 iy_dead 0 f_dead 1
   01AC DD 7E FC      [19]  319 	ld	a, -4 (ix)
                            320 ;	genMove_o size 0 result type 2 source type 1 a_dead 1 hl_dead 1 de_dead 0 iy_dead 0 f_dead 1
   01AF D6 55         [ 7]  321 	sub	a, #0x55
                            322 ; common peephole 163 changed absolute to relative conditional jump.
   01B1 20 0D         [12]  323 	jr	nz, 00232$
                            324 ;	genMove_o size 1 result type 2 source type 6 a_dead 1 hl_dead 1 de_dead 0 iy_dead 0 f_dead 1
   01B3 DD 7E FD      [19]  325 	ld	a, -3 (ix)
                            326 ;	genMove_o size 0 result type 2 source type 1 a_dead 1 hl_dead 1 de_dead 0 iy_dead 0 f_dead 1
   01B6 D6 AA         [ 7]  327 	sub	a, #0xaa
   01B8 DD B6 FE      [19]  328 	or	a, -2 (ix)
   01BB DD B6 FF      [19]  329 	or	a, -1 (ix)
                            330 ; common peephole 163 changed absolute to relative conditional jump.
   01BE 28 11         [12]  331 	jr	z, 00106$
                            332 ; common peephole 81 removed jp by using inverse jump logic
   01C0                     333 00232$:
                            334 ;	skipping generated iCode
                            335 ;	skipping iCode since result will be rematerialized
                            336 ;	skipping iCode since result will be rematerialized
                            337 ;	skipping iCode since result will be rematerialized
                            338 ;	skipping iCode since result will be rematerialized
                            339 ;	skipping iCode since result will be rematerialized
                            340 ;	skipping iCode since result will be rematerialized
                            341 ;	genIpush
                            342 ;	genMove_o size 2 result type 2 source type 1 a_dead 1 hl_dead 1 de_dead 1 iy_dead 1 f_dead 1
   01C0 21 2A 00      [10]  343 	ld	hl, #0x002a
   01C3 E5            [11]  344 	push	hl
                            345 ;	genIpush
                            346 ;	genMove_o size 2 result type 2 source type 7 a_dead 1 hl_dead 1 de_dead 1 iy_dead 1 f_dead 1
   01C4 21rECs0A      [10]  347 	ld	hl, #___str_2
   01C7 E5            [11]  348 	push	hl
                            349 ;	genSend
                            350 ;	genMove_o size 2 result type 2 source type 7 a_dead 1 hl_dead 1 de_dead 1 iy_dead 1 f_dead 1
   01C8 11r28s0B      [10]  351 	ld	de, #___str_3
                            352 ;	genSend
                            353 ;	genMove_o size 2 result type 2 source type 7 a_dead 1 hl_dead 1 de_dead 0 iy_dead 1 f_dead 1
   01CB 21rBFs0A      [10]  354 	ld	hl, #___str_0
                            355 ;	genCall
   01CE CDr00s00      [17]  356 	call	___fail
                            357 ;	genLabel
   01D1                     358 00106$:
                            359 ;cases/bitintrot/bitintrot_width_63_dist_32_storage_static.c:43: ASSERT (ROR (t1) == ROR (TESTVECT1));
                            360 ;	genPlus
                            361 ;	genMove_o size 2 result type 2 source type 10 a_dead 1 hl_dead 1 de_dead 1 iy_dead 1 f_dead 1
   01D1 2Ar00s00      [16]  362 	ld	hl, (___numTests)
   01D4 23            [ 6]  363 	inc	hl
                            364 ;	genMove_o size 2 result type 10 source type 2 a_dead 1 hl_dead 1 de_dead 1 iy_dead 1 f_dead 1
   01D5 22r00s00      [16]  365 	ld	(___numTests), hl
                            366 ;	genRightShift
                            367 ;	genMove_o size 4 result type 6 source type 10 a_dead 1 hl_dead 1 de_dead 1 iy_dead 1 f_dead 1
   01D8 3Ar04s00      [13]  368 	ld	a, (_testRot_t1_10000_13+4)
   01DB DD 77 EF      [19]  369 	ld	-17 (ix), a
   01DE 3Ar05s00      [13]  370 	ld	a, (_testRot_t1_10000_13+5)
   01E1 DD 77 F0      [19]  371 	ld	-16 (ix), a
   01E4 3Ar06s00      [13]  372 	ld	a, (_testRot_t1_10000_13+6)
   01E7 DD 77 F1      [19]  373 	ld	-15 (ix), a
   01EA 3Ar07s00      [13]  374 	ld	a, (_testRot_t1_10000_13+7)
   01ED DD 77 F2      [19]  375 	ld	-14 (ix), a
                            376 ;	genMove_o size 4 result type 6 source type 1 a_dead 1 hl_dead 1 de_dead 0 iy_dead 1 f_dead 1
   01F0 AF            [ 4]  377 	xor	a, a
   01F1 DD 77 F3      [19]  378 	ld	-13 (ix), a
   01F4 DD 77 F4      [19]  379 	ld	-12 (ix), a
   01F7 DD 77 F5      [19]  380 	ld	-11 (ix), a
   01FA DD 77 F6      [19]  381 	ld	-10 (ix), a
                            382 ;	genMove_o size 8 result type 6 source type 6 a_dead 1 hl_dead 1 de_dead 1 iy_dead 1 f_dead 1
                            383 ;	genLeftShift
                            384 ;	genMove_o size 5 result type 6 source type 10 a_dead 1 hl_dead 1 de_dead 1 iy_dead 1 f_dead 1
   01FD 3Ar00s00      [13]  385 	ld	a, (_testRot_t1_10000_13+0)
   0200 DD 77 FB      [19]  386 	ld	-5 (ix), a
   0203 3Ar01s00      [13]  387 	ld	a, (_testRot_t1_10000_13+1)
   0206 DD 77 FC      [19]  388 	ld	-4 (ix), a
   0209 3Ar02s00      [13]  389 	ld	a, (_testRot_t1_10000_13+2)
   020C DD 77 FD      [19]  390 	ld	-3 (ix), a
   020F 3Ar03s00      [13]  391 	ld	a, (_testRot_t1_10000_13+3)
   0212 DD 77 FE      [19]  392 	ld	-2 (ix), a
   0215 3Ar04s00      [13]  393 	ld	a, (_testRot_t1_10000_13+4)
   0218 DD 77 FF      [19]  394 	ld	-1 (ix), a
                            395 ;	genMove_o size 3 result type 6 source type 1 a_dead 1 hl_dead 1 de_dead 1 iy_dead 1 f_dead 1
   021B AF            [ 4]  396 	xor	a, a
   021C DD 77 F8      [19]  397 	ld	-8 (ix), a
   021F DD 77 F9      [19]  398 	ld	-7 (ix), a
   0222 DD 77 FA      [19]  399 	ld	-6 (ix), a
   0225 06 07         [ 7]  400 	ld	b, #0x07
   0227                     401 00235$:
   0227 DD CB FB 26   [23]  402 	sla	-5 (ix)
   022B DD CB FC 16   [23]  403 	rl	-4 (ix)
   022F DD CB FD 16   [23]  404 	rl	-3 (ix)
   0233 DD CB FE 16   [23]  405 	rl	-2 (ix)
   0237 DD CB FF 16   [23]  406 	rl	-1 (ix)
                            407 ; common peephole 159 removed unused label 00236$.
   023B 10 EA         [13]  408 	djnz	00235$
   023D DD 7E FF      [19]  409 	ld	a, -1 (ix)
   0240 E6 7F         [ 7]  410 	and	a, #0x7f
   0242 DD 77 FF      [19]  411 	ld	-1 (ix), a
                            412 ;	genMove_o size 8 result type 6 source type 6 a_dead 1 hl_dead 1 de_dead 1 iy_dead 1 f_dead 1
                            413 ;	genOr
   0245 DD 7E F8      [19]  414 	ld	a, -8 (ix)
   0248 DD B6 EF      [19]  415 	or	a, -17 (ix)
                            416 ;	genMove_o size 1 result type 6 source type 2 a_dead 1 hl_dead 1 de_dead 1 iy_dead 1 f_dead 1
   024B DD 77 F8      [19]  417 	ld	-8 (ix), a
                            418 ;	genMove_o size 0 result type 6 source type 1 a_dead 1 hl_dead 1 de_dead 1 iy_dead 1 f_dead 1
   024E DD 7E F9      [19]  419 	ld	a, -7 (ix)
   0251 DD B6 F0      [19]  420 	or	a, -16 (ix)
                            421 ;	genMove_o size 1 result type 6 source type 2 a_dead 1 hl_dead 1 de_dead 1 iy_dead 1 f_dead 1
   0254 DD 77 F9      [19]  422 	ld	-7 (ix), a
                            423 ;	genMove_o size 0 result type 6 source type 1 a_dead 1 hl_dead 1 de_dead 1 iy_dead 1 f_dead 1
   0257 DD 7E FA      [19]  424 	ld	a, -6 (ix)
   025A DD B6 F1      [19]  425 	or	a, -15 (ix)
                            426 ;	genMove_o size 1 result type 6 source type 2 a_dead 1 hl_dead 1 de_dead 1 iy_dead 1 f_dead 1
   025D DD 77 FA      [19]  427 	ld	-6 (ix), a
                            428 ;	genMove_o size 0 result type 6 source type 1 a_dead 1 hl_dead 1 de_dead 1 iy_dead 1 f_dead 1
   0260 DD 7E FB      [19]  429 	ld	a, -5 (ix)
   0263 DD B6 F2      [19]  430 	or	a, -14 (ix)
                            431 ;	genMove_o size 1 result type 6 source type 2 a_dead 1 hl_dead 1 de_dead 1 iy_dead 1 f_dead 1
   0266 DD 77 FB      [19]  432 	ld	-5 (ix), a
                            433 ;	genMove_o size 0 result type 6 source type 1 a_dead 1 hl_dead 1 de_dead 1 iy_dead 1 f_dead 1
                            434 ;	genMove_o size 4 result type 6 source type 6 a_dead 1 hl_dead 1 de_dead 1 iy_dead 1 f_dead 1
                            435 ;	genCmpEq
   0269 DD 7E F8      [19]  436 	ld	a, -8 (ix)
   026C B7            [ 4]  437 	or	a, a
   026D DD B6 F9      [19]  438 	or	a, -7 (ix)
   0270 DD B6 FA      [19]  439 	or	a, -6 (ix)
                            440 ; common peephole 163 changed absolute to relative conditional jump.
   0273 20 17         [12]  441 	jr	nz, 00237$
                            442 ;	genMove_o size 1 result type 2 source type 6 a_dead 1 hl_dead 1 de_dead 0 iy_dead 0 f_dead 1
   0275 DD 7E FB      [19]  443 	ld	a, -5 (ix)
                            444 ;	genMove_o size 0 result type 2 source type 1 a_dead 1 hl_dead 1 de_dead 0 iy_dead 0 f_dead 1
   0278 D6 80         [ 7]  445 	sub	a, #0x80
                            446 ; common peephole 163 changed absolute to relative conditional jump.
   027A 20 10         [12]  447 	jr	nz, 00237$
                            448 ;	genMove_o size 1 result type 2 source type 6 a_dead 1 hl_dead 1 de_dead 0 iy_dead 0 f_dead 1
   027C DD 7E FC      [19]  449 	ld	a, -4 (ix)
                            450 ;	genMove_o size 0 result type 2 source type 1 a_dead 1 hl_dead 1 de_dead 0 iy_dead 0 f_dead 1
   027F D6 52         [ 7]  451 	sub	a, #0x52
   0281 DD B6 FD      [19]  452 	or	a, -3 (ix)
   0284 DD B6 FE      [19]  453 	or	a, -2 (ix)
   0287 DD B6 FF      [19]  454 	or	a, -1 (ix)
                            455 ; common peephole 163 changed absolute to relative conditional jump.
   028A 28 11         [12]  456 	jr	z, 00108$
                            457 ; common peephole 81 removed jp by using inverse jump logic
   028C                     458 00237$:
                            459 ;	skipping generated iCode
                            460 ;	skipping iCode since result will be rematerialized
                            461 ;	skipping iCode since result will be rematerialized
                            462 ;	skipping iCode since result will be rematerialized
                            463 ;	skipping iCode since result will be rematerialized
                            464 ;	skipping iCode since result will be rematerialized
                            465 ;	skipping iCode since result will be rematerialized
                            466 ;	genIpush
                            467 ;	genMove_o size 2 result type 2 source type 1 a_dead 1 hl_dead 1 de_dead 1 iy_dead 1 f_dead 1
   028C 21 2B 00      [10]  468 	ld	hl, #0x002b
   028F E5            [11]  469 	push	hl
                            470 ;	genIpush
                            471 ;	genMove_o size 2 result type 2 source type 7 a_dead 1 hl_dead 1 de_dead 1 iy_dead 1 f_dead 1
   0290 21rECs0A      [10]  472 	ld	hl, #___str_2
   0293 E5            [11]  473 	push	hl
                            474 ;	genSend
                            475 ;	genMove_o size 2 result type 2 source type 7 a_dead 1 hl_dead 1 de_dead 1 iy_dead 1 f_dead 1
   0294 11r44s0B      [10]  476 	ld	de, #___str_4
                            477 ;	genSend
                            478 ;	genMove_o size 2 result type 2 source type 7 a_dead 1 hl_dead 1 de_dead 0 iy_dead 1 f_dead 1
   0297 21rBFs0A      [10]  479 	ld	hl, #___str_0
                            480 ;	genCall
   029A CDr00s00      [17]  481 	call	___fail
                            482 ;	genLabel
   029D                     483 00108$:
                            484 ;cases/bitintrot/bitintrot_width_63_dist_32_storage_static.c:44: ASSERT (ROR (t2) == ROR (TESTVECT2));
                            485 ;	genPlus
                            486 ;	genMove_o size 2 result type 2 source type 10 a_dead 1 hl_dead 1 de_dead 1 iy_dead 1 f_dead 1
   029D 2Ar00s00      [16]  487 	ld	hl, (___numTests)
   02A0 23            [ 6]  488 	inc	hl
                            489 ;	genMove_o size 2 result type 10 source type 2 a_dead 1 hl_dead 1 de_dead 1 iy_dead 1 f_dead 1
   02A1 22r00s00      [16]  490 	ld	(___numTests), hl
                            491 ;	genRightShift
                            492 ;	genMove_o size 4 result type 6 source type 10 a_dead 1 hl_dead 1 de_dead 1 iy_dead 1 f_dead 1
   02A4 3Ar0Cs00      [13]  493 	ld	a, (_testRot_t2_10000_13+4)
   02A7 DD 77 EF      [19]  494 	ld	-17 (ix), a
   02AA 3Ar0Ds00      [13]  495 	ld	a, (_testRot_t2_10000_13+5)
   02AD DD 77 F0      [19]  496 	ld	-16 (ix), a
   02B0 3Ar0Es00      [13]  497 	ld	a, (_testRot_t2_10000_13+6)
   02B3 DD 77 F1      [19]  498 	ld	-15 (ix), a
   02B6 3Ar0Fs00      [13]  499 	ld	a, (_testRot_t2_10000_13+7)
   02B9 DD 77 F2      [19]  500 	ld	-14 (ix), a
                            501 ;	genMove_o size 4 result type 6 source type 1 a_dead 1 hl_dead 1 de_dead 0 iy_dead 1 f_dead 1
   02BC AF            [ 4]  502 	xor	a, a
   02BD DD 77 F3      [19]  503 	ld	-13 (ix), a
   02C0 DD 77 F4      [19]  504 	ld	-12 (ix), a
   02C3 DD 77 F5      [19]  505 	ld	-11 (ix), a
   02C6 DD 77 F6      [19]  506 	ld	-10 (ix), a
                            507 ;	genMove_o size 8 result type 6 source type 6 a_dead 1 hl_dead 1 de_dead 1 iy_dead 1 f_dead 1
                            508 ;	genLeftShift
                            509 ;	genMove_o size 5 result type 6 source type 10 a_dead 1 hl_dead 1 de_dead 1 iy_dead 1 f_dead 1
   02C9 3Ar08s00      [13]  510 	ld	a, (_testRot_t2_10000_13+0)
   02CC DD 77 FB      [19]  511 	ld	-5 (ix), a
   02CF 3Ar09s00      [13]  512 	ld	a, (_testRot_t2_10000_13+1)
   02D2 DD 77 FC      [19]  513 	ld	-4 (ix), a
   02D5 3Ar0As00      [13]  514 	ld	a, (_testRot_t2_10000_13+2)
   02D8 DD 77 FD      [19]  515 	ld	-3 (ix), a
   02DB 3Ar0Bs00      [13]  516 	ld	a, (_testRot_t2_10000_13+3)
   02DE DD 77 FE      [19]  517 	ld	-2 (ix), a
   02E1 3Ar0Cs00      [13]  518 	ld	a, (_testRot_t2_10000_13+4)
   02E4 DD 77 FF      [19]  519 	ld	-1 (ix), a
                            520 ;	genMove_o size 3 result type 6 source type 1 a_dead 1 hl_dead 1 de_dead 1 iy_dead 1 f_dead 1
   02E7 AF            [ 4]  521 	xor	a, a
   02E8 DD 77 F8      [19]  522 	ld	-8 (ix), a
   02EB DD 77 F9      [19]  523 	ld	-7 (ix), a
   02EE DD 77 FA      [19]  524 	ld	-6 (ix), a
   02F1 06 07         [ 7]  525 	ld	b, #0x07
   02F3                     526 00240$:
   02F3 DD CB FB 26   [23]  527 	sla	-5 (ix)
   02F7 DD CB FC 16   [23]  528 	rl	-4 (ix)
   02FB DD CB FD 16   [23]  529 	rl	-3 (ix)
   02FF DD CB FE 16   [23]  530 	rl	-2 (ix)
   0303 DD CB FF 16   [23]  531 	rl	-1 (ix)
                            532 ; common peephole 159 removed unused label 00241$.
   0307 10 EA         [13]  533 	djnz	00240$
   0309 DD 7E FF      [19]  534 	ld	a, -1 (ix)
   030C E6 7F         [ 7]  535 	and	a, #0x7f
   030E DD 77 FF      [19]  536 	ld	-1 (ix), a
                            537 ;	genMove_o size 8 result type 6 source type 6 a_dead 1 hl_dead 1 de_dead 1 iy_dead 1 f_dead 1
                            538 ;	genOr
   0311 DD 7E F8      [19]  539 	ld	a, -8 (ix)
   0314 DD B6 EF      [19]  540 	or	a, -17 (ix)
                            541 ;	genMove_o size 1 result type 6 source type 2 a_dead 1 hl_dead 1 de_dead 1 iy_dead 1 f_dead 1
   0317 DD 77 F8      [19]  542 	ld	-8 (ix), a
                            543 ;	genMove_o size 0 result type 6 source type 1 a_dead 1 hl_dead 1 de_dead 1 iy_dead 1 f_dead 1
   031A DD 7E F9      [19]  544 	ld	a, -7 (ix)
   031D DD B6 F0      [19]  545 	or	a, -16 (ix)
                            546 ;	genMove_o size 1 result type 6 source type 2 a_dead 1 hl_dead 1 de_dead 1 iy_dead 1 f_dead 1
   0320 DD 77 F9      [19]  547 	ld	-7 (ix), a
                            548 ;	genMove_o size 0 result type 6 source type 1 a_dead 1 hl_dead 1 de_dead 1 iy_dead 1 f_dead 1
   0323 DD 7E FA      [19]  549 	ld	a, -6 (ix)
   0326 DD B6 F1      [19]  550 	or	a, -15 (ix)
                            551 ;	genMove_o size 1 result type 6 source type 2 a_dead 1 hl_dead 1 de_dead 1 iy_dead 1 f_dead 1
   0329 DD 77 FA      [19]  552 	ld	-6 (ix), a
                            553 ;	genMove_o size 0 result type 6 source type 1 a_dead 1 hl_dead 1 de_dead 1 iy_dead 1 f_dead 1
   032C DD 7E FB      [19]  554 	ld	a, -5 (ix)
   032F DD B6 F2      [19]  555 	or	a, -14 (ix)
                            556 ;	genMove_o size 1 result type 6 source type 2 a_dead 1 hl_dead 1 de_dead 1 iy_dead 1 f_dead 1
   0332 DD 77 FB      [19]  557 	ld	-5 (ix), a
                            558 ;	genMove_o size 0 result type 6 source type 1 a_dead 1 hl_dead 1 de_dead 1 iy_dead 1 f_dead 1
                            559 ;	genMove_o size 4 result type 6 source type 6 a_dead 1 hl_dead 1 de_dead 1 iy_dead 1 f_dead 1
                            560 ;	genCmpEq
   0335 DD 7E F8      [19]  561 	ld	a, -8 (ix)
   0338 B7            [ 4]  562 	or	a, a
   0339 DD B6 F9      [19]  563 	or	a, -7 (ix)
   033C DD B6 FA      [19]  564 	or	a, -6 (ix)
                            565 ; common peephole 163 changed absolute to relative conditional jump.
   033F 20 1B         [12]  566 	jr	nz, 00242$
                            567 ;	genMove_o size 1 result type 2 source type 6 a_dead 1 hl_dead 1 de_dead 0 iy_dead 0 f_dead 1
   0341 DD 7E FB      [19]  568 	ld	a, -5 (ix)
                            569 ;	genMove_o size 0 result type 2 source type 1 a_dead 1 hl_dead 1 de_dead 0 iy_dead 0 f_dead 1
   0344 D6 80         [ 7]  570 	sub	a, #0x80
                            571 ; common peephole 163 changed absolute to relative conditional jump.
   0346 20 14         [12]  572 	jr	nz, 00242$
                            573 ;	genMove_o size 1 result type 2 source type 6 a_dead 1 hl_dead 1 de_dead 0 iy_dead 0 f_dead 1
   0348 DD 7E FC      [19]  574 	ld	a, -4 (ix)
                            575 ;	genMove_o size 0 result type 2 source type 1 a_dead 1 hl_dead 1 de_dead 0 iy_dead 0 f_dead 1
   034B D6 2A         [ 7]  576 	sub	a, #0x2a
                            577 ; common peephole 163 changed absolute to relative conditional jump.
   034D 20 0D         [12]  578 	jr	nz, 00242$
                            579 ;	genMove_o size 1 result type 2 source type 6 a_dead 1 hl_dead 1 de_dead 0 iy_dead 0 f_dead 1
   034F DD 7E FD      [19]  580 	ld	a, -3 (ix)
                            581 ;	genMove_o size 0 result type 2 source type 1 a_dead 1 hl_dead 1 de_dead 0 iy_dead 0 f_dead 1
   0352 D6 55         [ 7]  582 	sub	a, #0x55
   0354 DD B6 FE      [19]  583 	or	a, -2 (ix)
   0357 DD B6 FF      [19]  584 	or	a, -1 (ix)
                            585 ; common peephole 163 changed absolute to relative conditional jump.
   035A 28 11         [12]  586 	jr	z, 00110$
                            587 ; common peephole 81 removed jp by using inverse jump logic
   035C                     588 00242$:
                            589 ;	skipping generated iCode
                            590 ;	skipping iCode since result will be rematerialized
                            591 ;	skipping iCode since result will be rematerialized
                            592 ;	skipping iCode since result will be rematerialized
                            593 ;	skipping iCode since result will be rematerialized
                            594 ;	skipping iCode since result will be rematerialized
                            595 ;	skipping iCode since result will be rematerialized
                            596 ;	genIpush
                            597 ;	genMove_o size 2 result type 2 source type 1 a_dead 1 hl_dead 1 de_dead 1 iy_dead 1 f_dead 1
   035C 21 2C 00      [10]  598 	ld	hl, #0x002c
   035F E5            [11]  599 	push	hl
                            600 ;	genIpush
                            601 ;	genMove_o size 2 result type 2 source type 7 a_dead 1 hl_dead 1 de_dead 1 iy_dead 1 f_dead 1
   0360 21rECs0A      [10]  602 	ld	hl, #___str_2
   0363 E5            [11]  603 	push	hl
                            604 ;	genSend
                            605 ;	genMove_o size 2 result type 2 source type 7 a_dead 1 hl_dead 1 de_dead 1 iy_dead 1 f_dead 1
   0364 11r60s0B      [10]  606 	ld	de, #___str_5
                            607 ;	genSend
                            608 ;	genMove_o size 2 result type 2 source type 7 a_dead 1 hl_dead 1 de_dead 0 iy_dead 1 f_dead 1
   0367 21rBFs0A      [10]  609 	ld	hl, #___str_0
                            610 ;	genCall
   036A CDr00s00      [17]  611 	call	___fail
                            612 ;	genLabel
   036D                     613 00110$:
                            614 ;cases/bitintrot/bitintrot_width_63_dist_32_storage_static.c:45: ASSERT (NROL (t1) == NROL (TESTVECT1));
                            615 ;	genPlus
                            616 ;	genMove_o size 2 result type 2 source type 10 a_dead 1 hl_dead 1 de_dead 1 iy_dead 1 f_dead 1
   036D 2Ar00s00      [16]  617 	ld	hl, (___numTests)
   0370 23            [ 6]  618 	inc	hl
                            619 ;	genMove_o size 2 result type 10 source type 2 a_dead 1 hl_dead 1 de_dead 1 iy_dead 1 f_dead 1
   0371 22r00s00      [16]  620 	ld	(___numTests), hl
                            621 ;	genLeftShift
                            622 ;	genMove_o size 7 result type 6 source type 10 a_dead 1 hl_dead 1 de_dead 1 iy_dead 1 f_dead 1
   0374 3Ar00s00      [13]  623 	ld	a, (_testRot_t1_10000_13+0)
   0377 DD 77 F0      [19]  624 	ld	-16 (ix), a
   037A 3Ar01s00      [13]  625 	ld	a, (_testRot_t1_10000_13+1)
   037D DD 77 F1      [19]  626 	ld	-15 (ix), a
   0380 3Ar02s00      [13]  627 	ld	a, (_testRot_t1_10000_13+2)
   0383 DD 77 F2      [19]  628 	ld	-14 (ix), a
   0386 3Ar03s00      [13]  629 	ld	a, (_testRot_t1_10000_13+3)
   0389 DD 77 F3      [19]  630 	ld	-13 (ix), a
   038C 3Ar04s00      [13]  631 	ld	a, (_testRot_t1_10000_13+4)
   038F DD 77 F4      [19]  632 	ld	-12 (ix), a
   0392 3Ar05s00      [13]  633 	ld	a, (_testRot_t1_10000_13+5)
   0395 DD 77 F5      [19]  634 	ld	-11 (ix), a
   0398 3Ar06s00      [13]  635 	ld	a, (_testRot_t1_10000_13+6)
   039B DD 77 F6      [19]  636 	ld	-10 (ix), a
                            637 ;	genMove_o size 1 result type 6 source type 1 a_dead 1 hl_dead 1 de_dead 1 iy_dead 1 f_dead 1
   039E DD 36 EF 00   [19]  638 	ld	-17 (ix), #0x00
   03A2 DD 7E F6      [19]  639 	ld	a, -10 (ix)
   03A5 E6 7F         [ 7]  640 	and	a, #0x7f
   03A7 DD 77 F6      [19]  641 	ld	-10 (ix), a
                            642 ;	genMove_o size 8 result type 6 source type 6 a_dead 1 hl_dead 1 de_dead 1 iy_dead 1 f_dead 1
                            643 ;	genRightShift
                            644 ;	genMove_o size 5 result type 6 source type 10 a_dead 1 hl_dead 1 de_dead 1 iy_dead 1 f_dead 1
   03AA 3Ar03s00      [13]  645 	ld	a, (_testRot_t1_10000_13+3)
   03AD DD 77 F8      [19]  646 	ld	-8 (ix), a
   03B0 3Ar04s00      [13]  647 	ld	a, (_testRot_t1_10000_13+4)
   03B3 DD 77 F9      [19]  648 	ld	-7 (ix), a
   03B6 3Ar05s00      [13]  649 	ld	a, (_testRot_t1_10000_13+5)
   03B9 DD 77 FA      [19]  650 	ld	-6 (ix), a
   03BC 3Ar06s00      [13]  651 	ld	a, (_testRot_t1_10000_13+6)
   03BF DD 77 FB      [19]  652 	ld	-5 (ix), a
   03C2 3Ar07s00      [13]  653 	ld	a, (_testRot_t1_10000_13+7)
   03C5 DD 77 FC      [19]  654 	ld	-4 (ix), a
                            655 ;	genMove_o size 3 result type 6 source type 1 a_dead 1 hl_dead 1 de_dead 0 iy_dead 1 f_dead 1
   03C8 AF            [ 4]  656 	xor	a, a
   03C9 DD 77 FD      [19]  657 	ld	-3 (ix), a
   03CC DD 77 FE      [19]  658 	ld	-2 (ix), a
   03CF DD 77 FF      [19]  659 	ld	-1 (ix), a
   03D2 06 07         [ 7]  660 	ld	b, #0x07
   03D4                     661 00245$:
   03D4 DD CB FC 3E   [23]  662 	srl	-4 (ix)
   03D8 DD CB FB 1E   [23]  663 	rr	-5 (ix)
   03DC DD CB FA 1E   [23]  664 	rr	-6 (ix)
   03E0 DD CB F9 1E   [23]  665 	rr	-7 (ix)
   03E4 DD CB F8 1E   [23]  666 	rr	-8 (ix)
                            667 ; common peephole 159 removed unused label 00246$.
   03E8 10 EA         [13]  668 	djnz	00245$
                            669 ;	genMove_o size 8 result type 6 source type 6 a_dead 1 hl_dead 1 de_dead 1 iy_dead 1 f_dead 1
                            670 ;	genOr
   03EA DD 7E F8      [19]  671 	ld	a, -8 (ix)
   03ED DD B6 EF      [19]  672 	or	a, -17 (ix)
                            673 ;	genMove_o size 1 result type 6 source type 2 a_dead 1 hl_dead 1 de_dead 1 iy_dead 1 f_dead 1
   03F0 DD 77 F8      [19]  674 	ld	-8 (ix), a
                            675 ;	genMove_o size 0 result type 6 source type 1 a_dead 1 hl_dead 1 de_dead 1 iy_dead 1 f_dead 1
   03F3 DD 7E F9      [19]  676 	ld	a, -7 (ix)
   03F6 DD B6 F0      [19]  677 	or	a, -16 (ix)
                            678 ;	genMove_o size 1 result type 6 source type 2 a_dead 1 hl_dead 1 de_dead 1 iy_dead 1 f_dead 1
   03F9 DD 77 F9      [19]  679 	ld	-7 (ix), a
                            680 ;	genMove_o size 0 result type 6 source type 1 a_dead 1 hl_dead 1 de_dead 1 iy_dead 1 f_dead 1
   03FC DD 7E FA      [19]  681 	ld	a, -6 (ix)
   03FF DD B6 F1      [19]  682 	or	a, -15 (ix)
                            683 ;	genMove_o size 1 result type 6 source type 2 a_dead 1 hl_dead 1 de_dead 1 iy_dead 1 f_dead 1
   0402 DD 77 FA      [19]  684 	ld	-6 (ix), a
                            685 ;	genMove_o size 0 result type 6 source type 1 a_dead 1 hl_dead 1 de_dead 1 iy_dead 1 f_dead 1
   0405 DD 7E FB      [19]  686 	ld	a, -5 (ix)
   0408 DD B6 F2      [19]  687 	or	a, -14 (ix)
                            688 ;	genMove_o size 1 result type 6 source type 2 a_dead 1 hl_dead 1 de_dead 1 iy_dead 1 f_dead 1
   040B DD 77 FB      [19]  689 	ld	-5 (ix), a
                            690 ;	genMove_o size 0 result type 6 source type 1 a_dead 1 hl_dead 1 de_dead 1 iy_dead 1 f_dead 1
                            691 ;	genMove_o size 4 result type 6 source type 6 a_dead 1 hl_dead 1 de_dead 1 iy_dead 1 f_dead 1
   040E DD 7E F3      [19]  692 	ld	a, -13 (ix)
   0411 DD 77 FC      [19]  693 	ld	-4 (ix), a
   0414 DD 7E F4      [19]  694 	ld	a, -12 (ix)
   0417 DD 77 FD      [19]  695 	ld	-3 (ix), a
   041A DD 7E F5      [19]  696 	ld	a, -11 (ix)
   041D DD 77 FE      [19]  697 	ld	-2 (ix), a
   0420 DD 7E F6      [19]  698 	ld	a, -10 (ix)
   0423 DD 77 FF      [19]  699 	ld	-1 (ix), a
                            700 ;	genMove_o size 0 result type 6 source type 1 a_dead 1 hl_dead 1 de_dead 1 iy_dead 1 f_dead 1
                            701 ;	genCmpEq
   0426 DD 7E F8      [19]  702 	ld	a, -8 (ix)
   0429 B7            [ 4]  703 	or	a, a
                            704 ; common peephole 163 changed absolute to relative conditional jump.
   042A 20 19         [12]  705 	jr	nz, 00247$
                            706 ;	genMove_o size 1 result type 2 source type 6 a_dead 1 hl_dead 1 de_dead 0 iy_dead 0 f_dead 1
   042C DD 7E F9      [19]  707 	ld	a, -7 (ix)
                            708 ;	genMove_o size 0 result type 2 source type 1 a_dead 1 hl_dead 1 de_dead 0 iy_dead 0 f_dead 1
   042F D6 A5         [ 7]  709 	sub	a, #0xa5
   0431 DD B6 FA      [19]  710 	or	a, -6 (ix)
   0434 DD B6 FB      [19]  711 	or	a, -5 (ix)
   0437 DD B6 FC      [19]  712 	or	a, -4 (ix)
   043A DD B6 FD      [19]  713 	or	a, -3 (ix)
   043D DD B6 FE      [19]  714 	or	a, -2 (ix)
   0440 DD B6 FF      [19]  715 	or	a, -1 (ix)
                            716 ; common peephole 163 changed absolute to relative conditional jump.
   0443 28 11         [12]  717 	jr	z, 00112$
                            718 ; common peephole 81 removed jp by using inverse jump logic
   0445                     719 00247$:
                            720 ;	skipping generated iCode
                            721 ;	skipping iCode since result will be rematerialized
                            722 ;	skipping iCode since result will be rematerialized
                            723 ;	skipping iCode since result will be rematerialized
                            724 ;	skipping iCode since result will be rematerialized
                            725 ;	skipping iCode since result will be rematerialized
                            726 ;	skipping iCode since result will be rematerialized
                            727 ;	genIpush
                            728 ;	genMove_o size 2 result type 2 source type 1 a_dead 1 hl_dead 1 de_dead 1 iy_dead 1 f_dead 1
   0445 21 2D 00      [10]  729 	ld	hl, #0x002d
   0448 E5            [11]  730 	push	hl
                            731 ;	genIpush
                            732 ;	genMove_o size 2 result type 2 source type 7 a_dead 1 hl_dead 1 de_dead 1 iy_dead 1 f_dead 1
   0449 21rECs0A      [10]  733 	ld	hl, #___str_2
   044C E5            [11]  734 	push	hl
                            735 ;	genSend
                            736 ;	genMove_o size 2 result type 2 source type 7 a_dead 1 hl_dead 1 de_dead 1 iy_dead 1 f_dead 1
   044D 11r7Cs0B      [10]  737 	ld	de, #___str_6
                            738 ;	genSend
                            739 ;	genMove_o size 2 result type 2 source type 7 a_dead 1 hl_dead 1 de_dead 0 iy_dead 1 f_dead 1
   0450 21rBFs0A      [10]  740 	ld	hl, #___str_0
                            741 ;	genCall
   0453 CDr00s00      [17]  742 	call	___fail
                            743 ;	genLabel
   0456                     744 00112$:
                            745 ;cases/bitintrot/bitintrot_width_63_dist_32_storage_static.c:46: ASSERT (NROL (t2) == NROL (TESTVECT2));
                            746 ;	genPlus
                            747 ;	genMove_o size 2 result type 2 source type 10 a_dead 1 hl_dead 1 de_dead 1 iy_dead 1 f_dead 1
   0456 2Ar00s00      [16]  748 	ld	hl, (___numTests)
   0459 23            [ 6]  749 	inc	hl
                            750 ;	genMove_o size 2 result type 10 source type 2 a_dead 1 hl_dead 1 de_dead 1 iy_dead 1 f_dead 1
   045A 22r00s00      [16]  751 	ld	(___numTests), hl
                            752 ;	genLeftShift
                            753 ;	genMove_o size 7 result type 6 source type 10 a_dead 1 hl_dead 1 de_dead 1 iy_dead 1 f_dead 1
   045D 3Ar08s00      [13]  754 	ld	a, (_testRot_t2_10000_13+0)
   0460 DD 77 F0      [19]  755 	ld	-16 (ix), a
   0463 3Ar09s00      [13]  756 	ld	a, (_testRot_t2_10000_13+1)
   0466 DD 77 F1      [19]  757 	ld	-15 (ix), a
   0469 3Ar0As00      [13]  758 	ld	a, (_testRot_t2_10000_13+2)
   046C DD 77 F2      [19]  759 	ld	-14 (ix), a
   046F 3Ar0Bs00      [13]  760 	ld	a, (_testRot_t2_10000_13+3)
   0472 DD 77 F3      [19]  761 	ld	-13 (ix), a
   0475 3Ar0Cs00      [13]  762 	ld	a, (_testRot_t2_10000_13+4)
   0478 DD 77 F4      [19]  763 	ld	-12 (ix), a
   047B 3Ar0Ds00      [13]  764 	ld	a, (_testRot_t2_10000_13+5)
   047E DD 77 F5      [19]  765 	ld	-11 (ix), a
   0481 3Ar0Es00      [13]  766 	ld	a, (_testRot_t2_10000_13+6)
   0484 DD 77 F6      [19]  767 	ld	-10 (ix), a
                            768 ;	genMove_o size 1 result type 6 source type 1 a_dead 1 hl_dead 1 de_dead 1 iy_dead 1 f_dead 1
   0487 DD 36 EF 00   [19]  769 	ld	-17 (ix), #0x00
   048B DD 7E F6      [19]  770 	ld	a, -10 (ix)
   048E E6 7F         [ 7]  771 	and	a, #0x7f
   0490 DD 77 F6      [19]  772 	ld	-10 (ix), a
                            773 ;	genMove_o size 8 result type 6 source type 6 a_dead 1 hl_dead 1 de_dead 1 iy_dead 1 f_dead 1
                            774 ;	genRightShift
                            775 ;	genMove_o size 5 result type 6 source type 10 a_dead 1 hl_dead 1 de_dead 1 iy_dead 1 f_dead 1
   0493 3Ar0Bs00      [13]  776 	ld	a, (_testRot_t2_10000_13+3)
   0496 DD 77 F8      [19]  777 	ld	-8 (ix), a
   0499 3Ar0Cs00      [13]  778 	ld	a, (_testRot_t2_10000_13+4)
   049C DD 77 F9      [19]  779 	ld	-7 (ix), a
   049F 3Ar0Ds00      [13]  780 	ld	a, (_testRot_t2_10000_13+5)
   04A2 DD 77 FA      [19]  781 	ld	-6 (ix), a
   04A5 3Ar0Es00      [13]  782 	ld	a, (_testRot_t2_10000_13+6)
   04A8 DD 77 FB      [19]  783 	ld	-5 (ix), a
   04AB 3Ar0Fs00      [13]  784 	ld	a, (_testRot_t2_10000_13+7)
   04AE DD 77 FC      [19]  785 	ld	-4 (ix), a
                            786 ;	genMove_o size 3 result type 6 source type 1 a_dead 1 hl_dead 1 de_dead 0 iy_dead 1 f_dead 1
   04B1 AF            [ 4]  787 	xor	a, a
   04B2 DD 77 FD      [19]  788 	ld	-3 (ix), a
   04B5 DD 77 FE      [19]  789 	ld	-2 (ix), a
   04B8 DD 77 FF      [19]  790 	ld	-1 (ix), a
   04BB 06 07         [ 7]  791 	ld	b, #0x07
   04BD                     792 00250$:
   04BD DD CB FC 3E   [23]  793 	srl	-4 (ix)
   04C1 DD CB FB 1E   [23]  794 	rr	-5 (ix)
   04C5 DD CB FA 1E   [23]  795 	rr	-6 (ix)
   04C9 DD CB F9 1E   [23]  796 	rr	-7 (ix)
   04CD DD CB F8 1E   [23]  797 	rr	-8 (ix)
                            798 ; common peephole 159 removed unused label 00251$.
   04D1 10 EA         [13]  799 	djnz	00250$
                            800 ;	genMove_o size 8 result type 6 source type 6 a_dead 1 hl_dead 1 de_dead 1 iy_dead 1 f_dead 1
                            801 ;	genOr
   04D3 DD 7E F8      [19]  802 	ld	a, -8 (ix)
   04D6 DD B6 EF      [19]  803 	or	a, -17 (ix)
                            804 ;	genMove_o size 1 result type 6 source type 2 a_dead 1 hl_dead 1 de_dead 1 iy_dead 1 f_dead 1
   04D9 DD 77 F8      [19]  805 	ld	-8 (ix), a
                            806 ;	genMove_o size 0 result type 6 source type 1 a_dead 1 hl_dead 1 de_dead 1 iy_dead 1 f_dead 1
   04DC DD 7E F9      [19]  807 	ld	a, -7 (ix)
   04DF DD B6 F0      [19]  808 	or	a, -16 (ix)
                            809 ;	genMove_o size 1 result type 6 source type 2 a_dead 1 hl_dead 1 de_dead 1 iy_dead 1 f_dead 1
   04E2 DD 77 F9      [19]  810 	ld	-7 (ix), a
                            811 ;	genMove_o size 0 result type 6 source type 1 a_dead 1 hl_dead 1 de_dead 1 iy_dead 1 f_dead 1
   04E5 DD 7E FA      [19]  812 	ld	a, -6 (ix)
   04E8 DD B6 F1      [19]  813 	or	a, -15 (ix)
                            814 ;	genMove_o size 1 result type 6 source type 2 a_dead 1 hl_dead 1 de_dead 1 iy_dead 1 f_dead 1
   04EB DD 77 FA      [19]  815 	ld	-6 (ix), a
                            816 ;	genMove_o size 0 result type 6 source type 1 a_dead 1 hl_dead 1 de_dead 1 iy_dead 1 f_dead 1
   04EE DD 7E FB      [19]  817 	ld	a, -5 (ix)
   04F1 DD B6 F2      [19]  818 	or	a, -14 (ix)
                            819 ;	genMove_o size 1 result type 6 source type 2 a_dead 1 hl_dead 1 de_dead 1 iy_dead 1 f_dead 1
   04F4 DD 77 FB      [19]  820 	ld	-5 (ix), a
                            821 ;	genMove_o size 0 result type 6 source type 1 a_dead 1 hl_dead 1 de_dead 1 iy_dead 1 f_dead 1
                            822 ;	genMove_o size 4 result type 6 source type 6 a_dead 1 hl_dead 1 de_dead 1 iy_dead 1 f_dead 1
   04F7 DD 7E F3      [19]  823 	ld	a, -13 (ix)
   04FA DD 77 FC      [19]  824 	ld	-4 (ix), a
   04FD DD 7E F4      [19]  825 	ld	a, -12 (ix)
   0500 DD 77 FD      [19]  826 	ld	-3 (ix), a
   0503 DD 7E F5      [19]  827 	ld	a, -11 (ix)
   0506 DD 77 FE      [19]  828 	ld	-2 (ix), a
   0509 DD 7E F6      [19]  829 	ld	a, -10 (ix)
   050C DD 77 FF      [19]  830 	ld	-1 (ix), a
                            831 ;	genMove_o size 0 result type 6 source type 1 a_dead 1 hl_dead 1 de_dead 1 iy_dead 1 f_dead 1
                            832 ;	genCmpEq
   050F DD 7E F8      [19]  833 	ld	a, -8 (ix)
   0512 B7            [ 4]  834 	or	a, a
                            835 ; common peephole 163 changed absolute to relative conditional jump.
   0513 20 1D         [12]  836 	jr	nz, 00252$
                            837 ;	genMove_o size 1 result type 2 source type 6 a_dead 1 hl_dead 1 de_dead 0 iy_dead 0 f_dead 1
   0515 DD 7E F9      [19]  838 	ld	a, -7 (ix)
                            839 ;	genMove_o size 0 result type 2 source type 1 a_dead 1 hl_dead 1 de_dead 0 iy_dead 0 f_dead 1
   0518 D6 55         [ 7]  840 	sub	a, #0x55
                            841 ; common peephole 163 changed absolute to relative conditional jump.
   051A 20 16         [12]  842 	jr	nz, 00252$
                            843 ;	genMove_o size 1 result type 2 source type 6 a_dead 1 hl_dead 1 de_dead 0 iy_dead 0 f_dead 1
   051C DD 7E FA      [19]  844 	ld	a, -6 (ix)
                            845 ;	genMove_o size 0 result type 2 source type 1 a_dead 1 hl_dead 1 de_dead 0 iy_dead 0 f_dead 1
   051F D6 AA         [ 7]  846 	sub	a, #0xaa
   0521 DD B6 FB      [19]  847 	or	a, -5 (ix)
   0524 DD B6 FC      [19]  848 	or	a, -4 (ix)
   0527 DD B6 FD      [19]  849 	or	a, -3 (ix)
   052A DD B6 FE      [19]  850 	or	a, -2 (ix)
   052D DD B6 FF      [19]  851 	or	a, -1 (ix)
                            852 ; common peephole 163 changed absolute to relative conditional jump.
   0530 28 11         [12]  853 	jr	z, 00114$
                            854 ; common peephole 81 removed jp by using inverse jump logic
   0532                     855 00252$:
                            856 ;	skipping generated iCode
                            857 ;	skipping iCode since result will be rematerialized
                            858 ;	skipping iCode since result will be rematerialized
                            859 ;	skipping iCode since result will be rematerialized
                            860 ;	skipping iCode since result will be rematerialized
                            861 ;	skipping iCode since result will be rematerialized
                            862 ;	skipping iCode since result will be rematerialized
                            863 ;	genIpush
                            864 ;	genMove_o size 2 result type 2 source type 1 a_dead 1 hl_dead 1 de_dead 1 iy_dead 1 f_dead 1
   0532 21 2E 00      [10]  865 	ld	hl, #0x002e
   0535 E5            [11]  866 	push	hl
                            867 ;	genIpush
                            868 ;	genMove_o size 2 result type 2 source type 7 a_dead 1 hl_dead 1 de_dead 1 iy_dead 1 f_dead 1
   0536 21rECs0A      [10]  869 	ld	hl, #___str_2
   0539 E5            [11]  870 	push	hl
                            871 ;	genSend
                            872 ;	genMove_o size 2 result type 2 source type 7 a_dead 1 hl_dead 1 de_dead 1 iy_dead 1 f_dead 1
   053A 11r9As0B      [10]  873 	ld	de, #___str_7
                            874 ;	genSend
                            875 ;	genMove_o size 2 result type 2 source type 7 a_dead 1 hl_dead 1 de_dead 0 iy_dead 1 f_dead 1
   053D 21rBFs0A      [10]  876 	ld	hl, #___str_0
                            877 ;	genCall
   0540 CDr00s00      [17]  878 	call	___fail
                            879 ;	genLabel
   0543                     880 00114$:
                            881 ;cases/bitintrot/bitintrot_width_63_dist_32_storage_static.c:47: ASSERT (NROL2 (t1) == NROL2 (TESTVECT1));
                            882 ;	genPlus
                            883 ;	genMove_o size 2 result type 2 source type 10 a_dead 1 hl_dead 1 de_dead 1 iy_dead 1 f_dead 1
   0543 2Ar00s00      [16]  884 	ld	hl, (___numTests)
   0546 23            [ 6]  885 	inc	hl
                            886 ;	genMove_o size 2 result type 10 source type 2 a_dead 1 hl_dead 1 de_dead 1 iy_dead 1 f_dead 1
   0547 22r00s00      [16]  887 	ld	(___numTests), hl
                            888 ;	genRightShift
                            889 ;	genMove_o size 7 result type 6 source type 10 a_dead 1 hl_dead 1 de_dead 1 iy_dead 1 f_dead 1
   054A 3Ar01s00      [13]  890 	ld	a, (_testRot_t1_10000_13+1)
   054D DD 77 EF      [19]  891 	ld	-17 (ix), a
   0550 3Ar02s00      [13]  892 	ld	a, (_testRot_t1_10000_13+2)
   0553 DD 77 F0      [19]  893 	ld	-16 (ix), a
   0556 3Ar03s00      [13]  894 	ld	a, (_testRot_t1_10000_13+3)
   0559 DD 77 F1      [19]  895 	ld	-15 (ix), a
   055C 3Ar04s00      [13]  896 	ld	a, (_testRot_t1_10000_13+4)
   055F DD 77 F2      [19]  897 	ld	-14 (ix), a
   0562 3Ar05s00      [13]  898 	ld	a, (_testRot_t1_10000_13+5)
   0565 DD 77 F3      [19]  899 	ld	-13 (ix), a
   0568 3Ar06s00      [13]  900 	ld	a, (_testRot_t1_10000_13+6)
   056B DD 77 F4      [19]  901 	ld	-12 (ix), a
   056E 3Ar07s00      [13]  902 	ld	a, (_testRot_t1_10000_13+7)
   0571 DD 77 F5      [19]  903 	ld	-11 (ix), a
                            904 ;	genMove_o size 1 result type 6 source type 1 a_dead 1 hl_dead 1 de_dead 0 iy_dead 1 f_dead 1
   0574 DD 36 F6 00   [19]  905 	ld	-10 (ix), #0x00
                            906 ;	genMove_o size 8 result type 6 source type 6 a_dead 1 hl_dead 1 de_dead 1 iy_dead 1 f_dead 1
                            907 ;	genLeftShift
                            908 ;	genMove_o size 5 result type 6 source type 10 a_dead 1 hl_dead 1 de_dead 1 iy_dead 1 f_dead 1
   0578 3Ar00s00      [13]  909 	ld	a, (_testRot_t1_10000_13+0)
   057B DD 77 FB      [19]  910 	ld	-5 (ix), a
   057E 3Ar01s00      [13]  911 	ld	a, (_testRot_t1_10000_13+1)
   0581 DD 77 FC      [19]  912 	ld	-4 (ix), a
   0584 3Ar02s00      [13]  913 	ld	a, (_testRot_t1_10000_13+2)
   0587 DD 77 FD      [19]  914 	ld	-3 (ix), a
   058A 3Ar03s00      [13]  915 	ld	a, (_testRot_t1_10000_13+3)
   058D DD 77 FE      [19]  916 	ld	-2 (ix), a
   0590 3Ar04s00      [13]  917 	ld	a, (_testRot_t1_10000_13+4)
   0593 DD 77 FF      [19]  918 	ld	-1 (ix), a
                            919 ;	genMove_o size 3 result type 6 source type 1 a_dead 1 hl_dead 1 de_dead 1 iy_dead 1 f_dead 1
   0596 AF            [ 4]  920 	xor	a, a
   0597 DD 77 F8      [19]  921 	ld	-8 (ix), a
   059A DD 77 F9      [19]  922 	ld	-7 (ix), a
   059D DD 77 FA      [19]  923 	ld	-6 (ix), a
   05A0 06 07         [ 7]  924 	ld	b, #0x07
   05A2                     925 00255$:
   05A2 DD CB FB 26   [23]  926 	sla	-5 (ix)
   05A6 DD CB FC 16   [23]  927 	rl	-4 (ix)
   05AA DD CB FD 16   [23]  928 	rl	-3 (ix)
   05AE DD CB FE 16   [23]  929 	rl	-2 (ix)
   05B2 DD CB FF 16   [23]  930 	rl	-1 (ix)
                            931 ; common peephole 159 removed unused label 00256$.
   05B6 10 EA         [13]  932 	djnz	00255$
   05B8 DD 7E FF      [19]  933 	ld	a, -1 (ix)
   05BB E6 7F         [ 7]  934 	and	a, #0x7f
   05BD DD 77 FF      [19]  935 	ld	-1 (ix), a
                            936 ;	genMove_o size 8 result type 6 source type 6 a_dead 1 hl_dead 1 de_dead 1 iy_dead 1 f_dead 1
                            937 ;	genOr
   05C0 DD 7E F8      [19]  938 	ld	a, -8 (ix)
   05C3 DD B6 EF      [19]  939 	or	a, -17 (ix)
                            940 ;	genMove_o size 1 result type 6 source type 2 a_dead 1 hl_dead 1 de_dead 1 iy_dead 1 f_dead 1
   05C6 DD 77 F8      [19]  941 	ld	-8 (ix), a
                            942 ;	genMove_o size 0 result type 6 source type 1 a_dead 1 hl_dead 1 de_dead 1 iy_dead 1 f_dead 1
   05C9 DD 7E F9      [19]  943 	ld	a, -7 (ix)
   05CC DD B6 F0      [19]  944 	or	a, -16 (ix)
                            945 ;	genMove_o size 1 result type 6 source type 2 a_dead 1 hl_dead 1 de_dead 1 iy_dead 1 f_dead 1
   05CF DD 77 F9      [19]  946 	ld	-7 (ix), a
                            947 ;	genMove_o size 0 result type 6 source type 1 a_dead 1 hl_dead 1 de_dead 1 iy_dead 1 f_dead 1
   05D2 DD 7E FA      [19]  948 	ld	a, -6 (ix)
   05D5 DD B6 F1      [19]  949 	or	a, -15 (ix)
                            950 ;	genMove_o size 1 result type 6 source type 2 a_dead 1 hl_dead 1 de_dead 1 iy_dead 1 f_dead 1
   05D8 DD 77 FA      [19]  951 	ld	-6 (ix), a
                            952 ;	genMove_o size 0 result type 6 source type 1 a_dead 1 hl_dead 1 de_dead 1 iy_dead 1 f_dead 1
   05DB DD 7E FB      [19]  953 	ld	a, -5 (ix)
   05DE DD B6 F2      [19]  954 	or	a, -14 (ix)
                            955 ;	genMove_o size 1 result type 6 source type 2 a_dead 1 hl_dead 1 de_dead 1 iy_dead 1 f_dead 1
   05E1 DD 77 FB      [19]  956 	ld	-5 (ix), a
                            957 ;	genMove_o size 0 result type 6 source type 1 a_dead 1 hl_dead 1 de_dead 1 iy_dead 1 f_dead 1
   05E4 DD 7E FC      [19]  958 	ld	a, -4 (ix)
   05E7 DD B6 F3      [19]  959 	or	a, -13 (ix)
                            960 ;	genMove_o size 1 result type 6 source type 2 a_dead 1 hl_dead 1 de_dead 1 iy_dead 1 f_dead 1
   05EA DD 77 FC      [19]  961 	ld	-4 (ix), a
                            962 ;	genMove_o size 0 result type 6 source type 1 a_dead 1 hl_dead 1 de_dead 1 iy_dead 1 f_dead 1
   05ED DD 7E FD      [19]  963 	ld	a, -3 (ix)
   05F0 DD B6 F4      [19]  964 	or	a, -12 (ix)
                            965 ;	genMove_o size 1 result type 6 source type 2 a_dead 1 hl_dead 1 de_dead 1 iy_dead 1 f_dead 1
   05F3 DD 77 FD      [19]  966 	ld	-3 (ix), a
                            967 ;	genMove_o size 0 result type 6 source type 1 a_dead 1 hl_dead 1 de_dead 1 iy_dead 1 f_dead 1
   05F6 DD 7E FE      [19]  968 	ld	a, -2 (ix)
   05F9 DD B6 F5      [19]  969 	or	a, -11 (ix)
                            970 ;	genMove_o size 1 result type 6 source type 2 a_dead 1 hl_dead 1 de_dead 1 iy_dead 1 f_dead 1
   05FC DD 77 FE      [19]  971 	ld	-2 (ix), a
                            972 ;	genMove_o size 0 result type 6 source type 1 a_dead 1 hl_dead 1 de_dead 1 iy_dead 1 f_dead 1
                            973 ;	genMove_o size 1 result type 6 source type 6 a_dead 1 hl_dead 1 de_dead 1 iy_dead 1 f_dead 1
                            974 ;	genCmpEq
   05FF DD 7E F8      [19]  975 	ld	a, -8 (ix)
   0602 B7            [ 4]  976 	or	a, a
   0603 DD B6 F9      [19]  977 	or	a, -7 (ix)
   0606 DD B6 FA      [19]  978 	or	a, -6 (ix)
                            979 ; common peephole 163 changed absolute to relative conditional jump.
   0609 20 17         [12]  980 	jr	nz, 00257$
                            981 ;	genMove_o size 1 result type 2 source type 6 a_dead 1 hl_dead 1 de_dead 0 iy_dead 0 f_dead 1
   060B DD 7E FB      [19]  982 	ld	a, -5 (ix)
                            983 ;	genMove_o size 0 result type 2 source type 1 a_dead 1 hl_dead 1 de_dead 0 iy_dead 0 f_dead 1
   060E D6 80         [ 7]  984 	sub	a, #0x80
                            985 ; common peephole 163 changed absolute to relative conditional jump.
   0610 20 10         [12]  986 	jr	nz, 00257$
                            987 ;	genMove_o size 1 result type 2 source type 6 a_dead 1 hl_dead 1 de_dead 0 iy_dead 0 f_dead 1
   0612 DD 7E FC      [19]  988 	ld	a, -4 (ix)
                            989 ;	genMove_o size 0 result type 2 source type 1 a_dead 1 hl_dead 1 de_dead 0 iy_dead 0 f_dead 1
   0615 D6 52         [ 7]  990 	sub	a, #0x52
   0617 DD B6 FD      [19]  991 	or	a, -3 (ix)
   061A DD B6 FE      [19]  992 	or	a, -2 (ix)
   061D DD B6 FF      [19]  993 	or	a, -1 (ix)
                            994 ; common peephole 163 changed absolute to relative conditional jump.
   0620 28 11         [12]  995 	jr	z, 00116$
                            996 ; common peephole 81 removed jp by using inverse jump logic
   0622                     997 00257$:
                            998 ;	skipping generated iCode
                            999 ;	skipping iCode since result will be rematerialized
                           1000 ;	skipping iCode since result will be rematerialized
                           1001 ;	skipping iCode since result will be rematerialized
                           1002 ;	skipping iCode since result will be rematerialized
                           1003 ;	skipping iCode since result will be rematerialized
                           1004 ;	skipping iCode since result will be rematerialized
                           1005 ;	genIpush
                           1006 ;	genMove_o size 2 result type 2 source type 1 a_dead 1 hl_dead 1 de_dead 1 iy_dead 1 f_dead 1
   0622 21 2F 00      [10] 1007 	ld	hl, #0x002f
   0625 E5            [11] 1008 	push	hl
                           1009 ;	genIpush
                           1010 ;	genMove_o size 2 result type 2 source type 7 a_dead 1 hl_dead 1 de_dead 1 iy_dead 1 f_dead 1
   0626 21rECs0A      [10] 1011 	ld	hl, #___str_2
   0629 E5            [11] 1012 	push	hl
                           1013 ;	genSend
                           1014 ;	genMove_o size 2 result type 2 source type 7 a_dead 1 hl_dead 1 de_dead 1 iy_dead 1 f_dead 1
   062A 11rB8s0B      [10] 1015 	ld	de, #___str_8
                           1016 ;	genSend
                           1017 ;	genMove_o size 2 result type 2 source type 7 a_dead 1 hl_dead 1 de_dead 0 iy_dead 1 f_dead 1
   062D 21rBFs0A      [10] 1018 	ld	hl, #___str_0
                           1019 ;	genCall
   0630 CDr00s00      [17] 1020 	call	___fail
                           1021 ;	genLabel
   0633                    1022 00116$:
                           1023 ;cases/bitintrot/bitintrot_width_63_dist_32_storage_static.c:48: ASSERT (NROL2 (t2) == NROL2 (TESTVECT2));
                           1024 ;	genPlus
                           1025 ;	genMove_o size 2 result type 2 source type 10 a_dead 1 hl_dead 1 de_dead 1 iy_dead 1 f_dead 1
   0633 2Ar00s00      [16] 1026 	ld	hl, (___numTests)
   0636 23            [ 6] 1027 	inc	hl
                           1028 ;	genMove_o size 2 result type 10 source type 2 a_dead 1 hl_dead 1 de_dead 1 iy_dead 1 f_dead 1
   0637 22r00s00      [16] 1029 	ld	(___numTests), hl
                           1030 ;	genRightShift
                           1031 ;	genMove_o size 7 result type 6 source type 10 a_dead 1 hl_dead 1 de_dead 1 iy_dead 1 f_dead 1
   063A 3Ar09s00      [13] 1032 	ld	a, (_testRot_t2_10000_13+1)
   063D DD 77 EF      [19] 1033 	ld	-17 (ix), a
   0640 3Ar0As00      [13] 1034 	ld	a, (_testRot_t2_10000_13+2)
   0643 DD 77 F0      [19] 1035 	ld	-16 (ix), a
   0646 3Ar0Bs00      [13] 1036 	ld	a, (_testRot_t2_10000_13+3)
   0649 DD 77 F1      [19] 1037 	ld	-15 (ix), a
   064C 3Ar0Cs00      [13] 1038 	ld	a, (_testRot_t2_10000_13+4)
   064F DD 77 F2      [19] 1039 	ld	-14 (ix), a
   0652 3Ar0Ds00      [13] 1040 	ld	a, (_testRot_t2_10000_13+5)
   0655 DD 77 F3      [19] 1041 	ld	-13 (ix), a
   0658 3Ar0Es00      [13] 1042 	ld	a, (_testRot_t2_10000_13+6)
   065B DD 77 F4      [19] 1043 	ld	-12 (ix), a
   065E 3Ar0Fs00      [13] 1044 	ld	a, (_testRot_t2_10000_13+7)
   0661 DD 77 F5      [19] 1045 	ld	-11 (ix), a
                           1046 ;	genMove_o size 1 result type 6 source type 1 a_dead 1 hl_dead 1 de_dead 0 iy_dead 1 f_dead 1
   0664 DD 36 F6 00   [19] 1047 	ld	-10 (ix), #0x00
                           1048 ;	genMove_o size 8 result type 6 source type 6 a_dead 1 hl_dead 1 de_dead 1 iy_dead 1 f_dead 1
                           1049 ;	genLeftShift
                           1050 ;	genMove_o size 5 result type 6 source type 10 a_dead 1 hl_dead 1 de_dead 1 iy_dead 1 f_dead 1
   0668 3Ar08s00      [13] 1051 	ld	a, (_testRot_t2_10000_13+0)
   066B DD 77 FB      [19] 1052 	ld	-5 (ix), a
   066E 3Ar09s00      [13] 1053 	ld	a, (_testRot_t2_10000_13+1)
   0671 DD 77 FC      [19] 1054 	ld	-4 (ix), a
   0674 3Ar0As00      [13] 1055 	ld	a, (_testRot_t2_10000_13+2)
   0677 DD 77 FD      [19] 1056 	ld	-3 (ix), a
   067A 3Ar0Bs00      [13] 1057 	ld	a, (_testRot_t2_10000_13+3)
   067D DD 77 FE      [19] 1058 	ld	-2 (ix), a
   0680 3Ar0Cs00      [13] 1059 	ld	a, (_testRot_t2_10000_13+4)
   0683 DD 77 FF      [19] 1060 	ld	-1 (ix), a
                           1061 ;	genMove_o size 3 result type 6 source type 1 a_dead 1 hl_dead 1 de_dead 1 iy_dead 1 f_dead 1
   0686 AF            [ 4] 1062 	xor	a, a
   0687 DD 77 F8      [19] 1063 	ld	-8 (ix), a
   068A DD 77 F9      [19] 1064 	ld	-7 (ix), a
   068D DD 77 FA      [19] 1065 	ld	-6 (ix), a
   0690 06 07         [ 7] 1066 	ld	b, #0x07
   0692                    1067 00260$:
   0692 DD CB FB 26   [23] 1068 	sla	-5 (ix)
   0696 DD CB FC 16   [23] 1069 	rl	-4 (ix)
   069A DD CB FD 16   [23] 1070 	rl	-3 (ix)
   069E DD CB FE 16   [23] 1071 	rl	-2 (ix)
   06A2 DD CB FF 16   [23] 1072 	rl	-1 (ix)
                           1073 ; common peephole 159 removed unused label 00261$.
   06A6 10 EA         [13] 1074 	djnz	00260$
   06A8 DD 7E FF      [19] 1075 	ld	a, -1 (ix)
   06AB E6 7F         [ 7] 1076 	and	a, #0x7f
   06AD DD 77 FF      [19] 1077 	ld	-1 (ix), a
                           1078 ;	genMove_o size 8 result type 6 source type 6 a_dead 1 hl_dead 1 de_dead 1 iy_dead 1 f_dead 1
                           1079 ;	genOr
   06B0 DD 7E F8      [19] 1080 	ld	a, -8 (ix)
   06B3 DD B6 EF      [19] 1081 	or	a, -17 (ix)
                           1082 ;	genMove_o size 1 result type 6 source type 2 a_dead 1 hl_dead 1 de_dead 1 iy_dead 1 f_dead 1
   06B6 DD 77 F8      [19] 1083 	ld	-8 (ix), a
                           1084 ;	genMove_o size 0 result type 6 source type 1 a_dead 1 hl_dead 1 de_dead 1 iy_dead 1 f_dead 1
   06B9 DD 7E F9      [19] 1085 	ld	a, -7 (ix)
   06BC DD B6 F0      [19] 1086 	or	a, -16 (ix)
                           1087 ;	genMove_o size 1 result type 6 source type 2 a_dead 1 hl_dead 1 de_dead 1 iy_dead 1 f_dead 1
   06BF DD 77 F9      [19] 1088 	ld	-7 (ix), a
                           1089 ;	genMove_o size 0 result type 6 source type 1 a_dead 1 hl_dead 1 de_dead 1 iy_dead 1 f_dead 1
   06C2 DD 7E FA      [19] 1090 	ld	a, -6 (ix)
   06C5 DD B6 F1      [19] 1091 	or	a, -15 (ix)
                           1092 ;	genMove_o size 1 result type 6 source type 2 a_dead 1 hl_dead 1 de_dead 1 iy_dead 1 f_dead 1
   06C8 DD 77 FA      [19] 1093 	ld	-6 (ix), a
                           1094 ;	genMove_o size 0 result type 6 source type 1 a_dead 1 hl_dead 1 de_dead 1 iy_dead 1 f_dead 1
   06CB DD 7E FB      [19] 1095 	ld	a, -5 (ix)
   06CE DD B6 F2      [19] 1096 	or	a, -14 (ix)
                           1097 ;	genMove_o size 1 result type 6 source type 2 a_dead 1 hl_dead 1 de_dead 1 iy_dead 1 f_dead 1
   06D1 DD 77 FB      [19] 1098 	ld	-5 (ix), a
                           1099 ;	genMove_o size 0 result type 6 source type 1 a_dead 1 hl_dead 1 de_dead 1 iy_dead 1 f_dead 1
   06D4 DD 7E FC      [19] 1100 	ld	a, -4 (ix)
   06D7 DD B6 F3      [19] 1101 	or	a, -13 (ix)
                           1102 ;	genMove_o size 1 result type 6 source type 2 a_dead 1 hl_dead 1 de_dead 1 iy_dead 1 f_dead 1
   06DA DD 77 FC      [19] 1103 	ld	-4 (ix), a
                           1104 ;	genMove_o size 0 result type 6 source type 1 a_dead 1 hl_dead 1 de_dead 1 iy_dead 1 f_dead 1
   06DD DD 7E FD      [19] 1105 	ld	a, -3 (ix)
   06E0 DD B6 F4      [19] 1106 	or	a, -12 (ix)
                           1107 ;	genMove_o size 1 result type 6 source type 2 a_dead 1 hl_dead 1 de_dead 1 iy_dead 1 f_dead 1
   06E3 DD 77 FD      [19] 1108 	ld	-3 (ix), a
                           1109 ;	genMove_o size 0 result type 6 source type 1 a_dead 1 hl_dead 1 de_dead 1 iy_dead 1 f_dead 1
   06E6 DD 7E FE      [19] 1110 	ld	a, -2 (ix)
   06E9 DD B6 F5      [19] 1111 	or	a, -11 (ix)
                           1112 ;	genMove_o size 1 result type 6 source type 2 a_dead 1 hl_dead 1 de_dead 1 iy_dead 1 f_dead 1
   06EC DD 77 FE      [19] 1113 	ld	-2 (ix), a
                           1114 ;	genMove_o size 0 result type 6 source type 1 a_dead 1 hl_dead 1 de_dead 1 iy_dead 1 f_dead 1
                           1115 ;	genMove_o size 1 result type 6 source type 6 a_dead 1 hl_dead 1 de_dead 1 iy_dead 1 f_dead 1
                           1116 ;	genCmpEq
                           1117 ;	genMove_o size 1 result type 2 source type 6 a_dead 1 hl_dead 1 de_dead 0 iy_dead 0 f_dead 1
   06EF DD 7E F8      [19] 1118 	ld	a, -8 (ix)
                           1119 ;	genMove_o size 0 result type 2 source type 1 a_dead 1 hl_dead 1 de_dead 0 iy_dead 0 f_dead 1
   06F2 D6 AA         [ 7] 1120 	sub	a, #0xaa
   06F4 DD B6 F9      [19] 1121 	or	a, -7 (ix)
   06F7 DD B6 FA      [19] 1122 	or	a, -6 (ix)
                           1123 ; common peephole 163 changed absolute to relative conditional jump.
   06FA 20 1B         [12] 1124 	jr	nz, 00262$
                           1125 ;	genMove_o size 1 result type 2 source type 6 a_dead 1 hl_dead 1 de_dead 0 iy_dead 0 f_dead 1
   06FC DD 7E FB      [19] 1126 	ld	a, -5 (ix)
                           1127 ;	genMove_o size 0 result type 2 source type 1 a_dead 1 hl_dead 1 de_dead 0 iy_dead 0 f_dead 1
   06FF D6 80         [ 7] 1128 	sub	a, #0x80
                           1129 ; common peephole 163 changed absolute to relative conditional jump.
   0701 20 14         [12] 1130 	jr	nz, 00262$
                           1131 ;	genMove_o size 1 result type 2 source type 6 a_dead 1 hl_dead 1 de_dead 0 iy_dead 0 f_dead 1
   0703 DD 7E FC      [19] 1132 	ld	a, -4 (ix)
                           1133 ;	genMove_o size 0 result type 2 source type 1 a_dead 1 hl_dead 1 de_dead 0 iy_dead 0 f_dead 1
   0706 D6 2A         [ 7] 1134 	sub	a, #0x2a
                           1135 ; common peephole 163 changed absolute to relative conditional jump.
   0708 20 0D         [12] 1136 	jr	nz, 00262$
                           1137 ;	genMove_o size 1 result type 2 source type 6 a_dead 1 hl_dead 1 de_dead 0 iy_dead 0 f_dead 1
   070A DD 7E FD      [19] 1138 	ld	a, -3 (ix)
                           1139 ;	genMove_o size 0 result type 2 source type 1 a_dead 1 hl_dead 1 de_dead 0 iy_dead 0 f_dead 1
   070D D6 55         [ 7] 1140 	sub	a, #0x55
   070F DD B6 FE      [19] 1141 	or	a, -2 (ix)
   0712 DD B6 FF      [19] 1142 	or	a, -1 (ix)
                           1143 ; common peephole 163 changed absolute to relative conditional jump.
   0715 28 11         [12] 1144 	jr	z, 00118$
                           1145 ; common peephole 81 removed jp by using inverse jump logic
   0717                    1146 00262$:
                           1147 ;	skipping generated iCode
                           1148 ;	skipping iCode since result will be rematerialized
                           1149 ;	skipping iCode since result will be rematerialized
                           1150 ;	skipping iCode since result will be rematerialized
                           1151 ;	skipping iCode since result will be rematerialized
                           1152 ;	skipping iCode since result will be rematerialized
                           1153 ;	skipping iCode since result will be rematerialized
                           1154 ;	genIpush
                           1155 ;	genMove_o size 2 result type 2 source type 1 a_dead 1 hl_dead 1 de_dead 1 iy_dead 1 f_dead 1
   0717 21 30 00      [10] 1156 	ld	hl, #0x0030
   071A E5            [11] 1157 	push	hl
                           1158 ;	genIpush
                           1159 ;	genMove_o size 2 result type 2 source type 7 a_dead 1 hl_dead 1 de_dead 1 iy_dead 1 f_dead 1
   071B 21rECs0A      [10] 1160 	ld	hl, #___str_2
   071E E5            [11] 1161 	push	hl
                           1162 ;	genSend
                           1163 ;	genMove_o size 2 result type 2 source type 7 a_dead 1 hl_dead 1 de_dead 1 iy_dead 1 f_dead 1
   071F 11rD8s0B      [10] 1164 	ld	de, #___str_9
                           1165 ;	genSend
                           1166 ;	genMove_o size 2 result type 2 source type 7 a_dead 1 hl_dead 1 de_dead 0 iy_dead 1 f_dead 1
   0722 21rBFs0A      [10] 1167 	ld	hl, #___str_0
                           1168 ;	genCall
   0725 CDr00s00      [17] 1169 	call	___fail
                           1170 ;	genLabel
   0728                    1171 00118$:
                           1172 ;cases/bitintrot/bitintrot_width_63_dist_32_storage_static.c:50: t1 = ROL(t1);
                           1173 ;	genLeftShift
                           1174 ;	genMove_o size 4 result type 6 source type 10 a_dead 1 hl_dead 1 de_dead 1 iy_dead 1 f_dead 1
   0728 3Ar00s00      [13] 1175 	ld	a, (_testRot_t1_10000_13+0)
   072B DD 77 F4      [19] 1176 	ld	-12 (ix), a
   072E 3Ar01s00      [13] 1177 	ld	a, (_testRot_t1_10000_13+1)
   0731 DD 77 F5      [19] 1178 	ld	-11 (ix), a
   0734 3Ar02s00      [13] 1179 	ld	a, (_testRot_t1_10000_13+2)
   0737 DD 77 F6      [19] 1180 	ld	-10 (ix), a
   073A 3Ar03s00      [13] 1181 	ld	a, (_testRot_t1_10000_13+3)
   073D DD 77 F7      [19] 1182 	ld	-9 (ix), a
                           1183 ;	genMove_o size 4 result type 6 source type 1 a_dead 1 hl_dead 1 de_dead 1 iy_dead 1 f_dead 1
   0740 AF            [ 4] 1184 	xor	a, a
   0741 DD 77 F0      [19] 1185 	ld	-16 (ix), a
   0744 DD 77 F1      [19] 1186 	ld	-15 (ix), a
   0747 DD 77 F2      [19] 1187 	ld	-14 (ix), a
   074A DD 77 F3      [19] 1188 	ld	-13 (ix), a
   074D DD 7E F7      [19] 1189 	ld	a, -9 (ix)
   0750 E6 7F         [ 7] 1190 	and	a, #0x7f
   0752 DD 77 F7      [19] 1191 	ld	-9 (ix), a
                           1192 ;	genMove_o size 8 result type 6 source type 6 a_dead 1 hl_dead 1 de_dead 1 iy_dead 1 f_dead 1
                           1193 ;	genRightShift
                           1194 ;	genMove_o size 5 result type 6 source type 10 a_dead 1 hl_dead 1 de_dead 1 iy_dead 1 f_dead 1
   0755 3Ar03s00      [13] 1195 	ld	a, (_testRot_t1_10000_13+3)
   0758 DD 77 F8      [19] 1196 	ld	-8 (ix), a
   075B 3Ar04s00      [13] 1197 	ld	a, (_testRot_t1_10000_13+4)
   075E DD 77 F9      [19] 1198 	ld	-7 (ix), a
   0761 3Ar05s00      [13] 1199 	ld	a, (_testRot_t1_10000_13+5)
   0764 DD 77 FA      [19] 1200 	ld	-6 (ix), a
   0767 3Ar06s00      [13] 1201 	ld	a, (_testRot_t1_10000_13+6)
   076A DD 77 FB      [19] 1202 	ld	-5 (ix), a
   076D 3Ar07s00      [13] 1203 	ld	a, (_testRot_t1_10000_13+7)
   0770 DD 77 FC      [19] 1204 	ld	-4 (ix), a
                           1205 ;	genMove_o size 3 result type 6 source type 1 a_dead 1 hl_dead 1 de_dead 0 iy_dead 1 f_dead 1
   0773 AF            [ 4] 1206 	xor	a, a
   0774 DD 77 FD      [19] 1207 	ld	-3 (ix), a
   0777 DD 77 FE      [19] 1208 	ld	-2 (ix), a
   077A DD 77 FF      [19] 1209 	ld	-1 (ix), a
   077D 06 07         [ 7] 1210 	ld	b, #0x07
   077F                    1211 00265$:
   077F DD CB FC 3E   [23] 1212 	srl	-4 (ix)
   0783 DD CB FB 1E   [23] 1213 	rr	-5 (ix)
   0787 DD CB FA 1E   [23] 1214 	rr	-6 (ix)
   078B DD CB F9 1E   [23] 1215 	rr	-7 (ix)
   078F DD CB F8 1E   [23] 1216 	rr	-8 (ix)
                           1217 ; common peephole 159 removed unused label 00266$.
   0793 10 EA         [13] 1218 	djnz	00265$
                           1219 ;	genMove_o size 8 result type 6 source type 6 a_dead 1 hl_dead 1 de_dead 1 iy_dead 1 f_dead 1
                           1220 ;	genOr
   0795 DD 7E F0      [19] 1221 	ld	a, -16 (ix)
   0798 DD B6 F8      [19] 1222 	or	a, -8 (ix)
                           1223 ;	genMove_o size 1 result type 10 source type 2 a_dead 1 hl_dead 1 de_dead 1 iy_dead 1 f_dead 1
   079B 32r00s00      [13] 1224 	ld	(_testRot_t1_10000_13+0), a
   079E DD 7E F1      [19] 1225 	ld	a, -15 (ix)
   07A1 DD B6 F9      [19] 1226 	or	a, -7 (ix)
                           1227 ;	genMove_o size 1 result type 10 source type 2 a_dead 1 hl_dead 1 de_dead 1 iy_dead 1 f_dead 1
   07A4 32r01s00      [13] 1228 	ld	(_testRot_t1_10000_13+1), a
   07A7 DD 7E F2      [19] 1229 	ld	a, -14 (ix)
   07AA DD B6 FA      [19] 1230 	or	a, -6 (ix)
                           1231 ;	genMove_o size 1 result type 10 source type 2 a_dead 1 hl_dead 1 de_dead 1 iy_dead 1 f_dead 1
   07AD 32r02s00      [13] 1232 	ld	(_testRot_t1_10000_13+2), a
   07B0 DD 7E F3      [19] 1233 	ld	a, -13 (ix)
   07B3 DD B6 FB      [19] 1234 	or	a, -5 (ix)
                           1235 ;	genMove_o size 1 result type 10 source type 2 a_dead 1 hl_dead 1 de_dead 1 iy_dead 1 f_dead 1
   07B6 32r03s00      [13] 1236 	ld	(_testRot_t1_10000_13+3), a
                           1237 ;	genMove_o size 4 result type 10 source type 6 a_dead 1 hl_dead 1 de_dead 1 iy_dead 1 f_dead 1
   07B9 DD 7E F4      [19] 1238 	ld	a, -12 (ix)
   07BC 32r04s00      [13] 1239 	ld	(_testRot_t1_10000_13+4), a
   07BF DD 7E F5      [19] 1240 	ld	a, -11 (ix)
   07C2 32r05s00      [13] 1241 	ld	(_testRot_t1_10000_13+5), a
   07C5 DD 7E F6      [19] 1242 	ld	a, -10 (ix)
   07C8 32r06s00      [13] 1243 	ld	(_testRot_t1_10000_13+6), a
   07CB DD 7E F7      [19] 1244 	ld	a, -9 (ix)
   07CE 32r07s00      [13] 1245 	ld	(_testRot_t1_10000_13+7), a
                           1246 ;cases/bitintrot/bitintrot_width_63_dist_32_storage_static.c:51: t2 = ROL(t2);
                           1247 ;	genLeftShift
                           1248 ;	genMove_o size 4 result type 6 source type 10 a_dead 1 hl_dead 1 de_dead 1 iy_dead 1 f_dead 1
   07D1 3Ar08s00      [13] 1249 	ld	a, (_testRot_t2_10000_13+0)
   07D4 DD 77 F4      [19] 1250 	ld	-12 (ix), a
   07D7 3Ar09s00      [13] 1251 	ld	a, (_testRot_t2_10000_13+1)
   07DA DD 77 F5      [19] 1252 	ld	-11 (ix), a
   07DD 3Ar0As00      [13] 1253 	ld	a, (_testRot_t2_10000_13+2)
   07E0 DD 77 F6      [19] 1254 	ld	-10 (ix), a
   07E3 3Ar0Bs00      [13] 1255 	ld	a, (_testRot_t2_10000_13+3)
   07E6 DD 77 F7      [19] 1256 	ld	-9 (ix), a
                           1257 ;	genMove_o size 4 result type 6 source type 1 a_dead 1 hl_dead 1 de_dead 1 iy_dead 1 f_dead 1
   07E9 AF            [ 4] 1258 	xor	a, a
   07EA DD 77 F0      [19] 1259 	ld	-16 (ix), a
   07ED DD 77 F1      [19] 1260 	ld	-15 (ix), a
   07F0 DD 77 F2      [19] 1261 	ld	-14 (ix), a
   07F3 DD 77 F3      [19] 1262 	ld	-13 (ix), a
   07F6 DD 7E F7      [19] 1263 	ld	a, -9 (ix)
   07F9 E6 7F         [ 7] 1264 	and	a, #0x7f
   07FB DD 77 F7      [19] 1265 	ld	-9 (ix), a
                           1266 ;	genMove_o size 8 result type 6 source type 6 a_dead 1 hl_dead 1 de_dead 1 iy_dead 1 f_dead 1
                           1267 ;	genRightShift
                           1268 ;	genMove_o size 5 result type 6 source type 10 a_dead 1 hl_dead 1 de_dead 1 iy_dead 1 f_dead 1
   07FE 3Ar0Bs00      [13] 1269 	ld	a, (_testRot_t2_10000_13+3)
   0801 DD 77 F8      [19] 1270 	ld	-8 (ix), a
   0804 3Ar0Cs00      [13] 1271 	ld	a, (_testRot_t2_10000_13+4)
   0807 DD 77 F9      [19] 1272 	ld	-7 (ix), a
   080A 3Ar0Ds00      [13] 1273 	ld	a, (_testRot_t2_10000_13+5)
   080D DD 77 FA      [19] 1274 	ld	-6 (ix), a
   0810 3Ar0Es00      [13] 1275 	ld	a, (_testRot_t2_10000_13+6)
   0813 DD 77 FB      [19] 1276 	ld	-5 (ix), a
   0816 3Ar0Fs00      [13] 1277 	ld	a, (_testRot_t2_10000_13+7)
   0819 DD 77 FC      [19] 1278 	ld	-4 (ix), a
                           1279 ;	genMove_o size 3 result type 6 source type 1 a_dead 1 hl_dead 1 de_dead 0 iy_dead 1 f_dead 1
   081C AF            [ 4] 1280 	xor	a, a
   081D DD 77 FD      [19] 1281 	ld	-3 (ix), a
   0820 DD 77 FE      [19] 1282 	ld	-2 (ix), a
   0823 DD 77 FF      [19] 1283 	ld	-1 (ix), a
   0826 06 07         [ 7] 1284 	ld	b, #0x07
   0828                    1285 00269$:
   0828 DD CB FC 3E   [23] 1286 	srl	-4 (ix)
   082C DD CB FB 1E   [23] 1287 	rr	-5 (ix)
   0830 DD CB FA 1E   [23] 1288 	rr	-6 (ix)
   0834 DD CB F9 1E   [23] 1289 	rr	-7 (ix)
   0838 DD CB F8 1E   [23] 1290 	rr	-8 (ix)
                           1291 ; common peephole 159 removed unused label 00270$.
   083C 10 EA         [13] 1292 	djnz	00269$
                           1293 ;	genMove_o size 8 result type 6 source type 6 a_dead 1 hl_dead 1 de_dead 1 iy_dead 1 f_dead 1
                           1294 ;	genOr
   083E DD 7E F0      [19] 1295 	ld	a, -16 (ix)
   0841 DD B6 F8      [19] 1296 	or	a, -8 (ix)
                           1297 ;	genMove_o size 1 result type 10 source type 2 a_dead 1 hl_dead 1 de_dead 1 iy_dead 1 f_dead 1
   0844 32r08s00      [13] 1298 	ld	(_testRot_t2_10000_13+0), a
   0847 DD 7E F1      [19] 1299 	ld	a, -15 (ix)
   084A DD B6 F9      [19] 1300 	or	a, -7 (ix)
                           1301 ;	genMove_o size 1 result type 10 source type 2 a_dead 1 hl_dead 1 de_dead 1 iy_dead 1 f_dead 1
   084D 32r09s00      [13] 1302 	ld	(_testRot_t2_10000_13+1), a
   0850 DD 7E F2      [19] 1303 	ld	a, -14 (ix)
   0853 DD B6 FA      [19] 1304 	or	a, -6 (ix)
                           1305 ;	genMove_o size 1 result type 10 source type 2 a_dead 1 hl_dead 1 de_dead 1 iy_dead 1 f_dead 1
   0856 32r0As00      [13] 1306 	ld	(_testRot_t2_10000_13+2), a
   0859 DD 7E F3      [19] 1307 	ld	a, -13 (ix)
   085C DD B6 FB      [19] 1308 	or	a, -5 (ix)
                           1309 ;	genMove_o size 1 result type 10 source type 2 a_dead 1 hl_dead 1 de_dead 1 iy_dead 1 f_dead 1
   085F 32r0Bs00      [13] 1310 	ld	(_testRot_t2_10000_13+3), a
                           1311 ;	genMove_o size 4 result type 10 source type 6 a_dead 1 hl_dead 1 de_dead 1 iy_dead 1 f_dead 1
   0862 DD 7E F4      [19] 1312 	ld	a, -12 (ix)
   0865 32r0Cs00      [13] 1313 	ld	(_testRot_t2_10000_13+4), a
   0868 DD 7E F5      [19] 1314 	ld	a, -11 (ix)
   086B 32r0Ds00      [13] 1315 	ld	(_testRot_t2_10000_13+5), a
   086E DD 7E F6      [19] 1316 	ld	a, -10 (ix)
   0871 32r0Es00      [13] 1317 	ld	(_testRot_t2_10000_13+6), a
   0874 DD 7E F7      [19] 1318 	ld	a, -9 (ix)
   0877 32r0Fs00      [13] 1319 	ld	(_testRot_t2_10000_13+7), a
                           1320 ;cases/bitintrot/bitintrot_width_63_dist_32_storage_static.c:52: ASSERT (t1 == ROL (TESTVECT1));
                           1321 ;	genPlus
                           1322 ;	genMove_o size 2 result type 2 source type 10 a_dead 1 hl_dead 1 de_dead 1 iy_dead 1 f_dead 1
   087A 2Ar00s00      [16] 1323 	ld	hl, (___numTests)
   087D 23            [ 6] 1324 	inc	hl
                           1325 ;	genMove_o size 2 result type 10 source type 2 a_dead 1 hl_dead 1 de_dead 1 iy_dead 1 f_dead 1
   087E 22r00s00      [16] 1326 	ld	(___numTests), hl
                           1327 ;	genCmpEq
   0881 3Ar00s00      [13] 1328 	ld	a, (_testRot_t1_10000_13+0)
   0884 B7            [ 4] 1329 	or	a, a
   0885 FD 21r00s00   [14] 1330 	ld	iy, #_testRot_t1_10000_13
   0889 FD B6 01      [19] 1331 	or	a, 1 (iy)
   088C FD B6 02      [19] 1332 	or	a, 2 (iy)
   088F FD B6 03      [19] 1333 	or	a, 3 (iy)
                           1334 ; common peephole 163 changed absolute to relative conditional jump.
   0892 20 10         [12] 1335 	jr	nz, 00271$
                           1336 ;	genMove_o size 1 result type 2 source type 10 a_dead 1 hl_dead 1 de_dead 0 iy_dead 0 f_dead 1
   0894 3Ar04s00      [13] 1337 	ld	a, (_testRot_t1_10000_13 + 4)
   0897 D6 A5         [ 7] 1338 	sub	a, #0xa5
   0899 FD B6 05      [19] 1339 	or	a, 5 (iy)
   089C FD B6 06      [19] 1340 	or	a, 6 (iy)
   089F FD B6 07      [19] 1341 	or	a, 7 (iy)
                           1342 ; common peephole 163 changed absolute to relative conditional jump.
   08A2 28 11         [12] 1343 	jr	z, 00120$
                           1344 ; common peephole 81 removed jp by using inverse jump logic
   08A4                    1345 00271$:
                           1346 ;	skipping generated iCode
                           1347 ;	skipping iCode since result will be rematerialized
                           1348 ;	skipping iCode since result will be rematerialized
                           1349 ;	skipping iCode since result will be rematerialized
                           1350 ;	skipping iCode since result will be rematerialized
                           1351 ;	skipping iCode since result will be rematerialized
                           1352 ;	skipping iCode since result will be rematerialized
                           1353 ;	genIpush
                           1354 ;	genMove_o size 2 result type 2 source type 1 a_dead 1 hl_dead 1 de_dead 1 iy_dead 1 f_dead 1
   08A4 21 34 00      [10] 1355 	ld	hl, #0x0034
   08A7 E5            [11] 1356 	push	hl
                           1357 ;	genIpush
                           1358 ;	genMove_o size 2 result type 2 source type 7 a_dead 1 hl_dead 1 de_dead 1 iy_dead 1 f_dead 1
   08A8 21rECs0A      [10] 1359 	ld	hl, #___str_2
   08AB E5            [11] 1360 	push	hl
                           1361 ;	genSend
                           1362 ;	genMove_o size 2 result type 2 source type 7 a_dead 1 hl_dead 1 de_dead 1 iy_dead 1 f_dead 1
   08AC 11rF8s0B      [10] 1363 	ld	de, #___str_10
                           1364 ;	genSend
                           1365 ;	genMove_o size 2 result type 2 source type 7 a_dead 1 hl_dead 1 de_dead 0 iy_dead 1 f_dead 1
   08AF 21rBFs0A      [10] 1366 	ld	hl, #___str_0
                           1367 ;	genCall
   08B2 CDr00s00      [17] 1368 	call	___fail
                           1369 ;	genLabel
   08B5                    1370 00120$:
                           1371 ;cases/bitintrot/bitintrot_width_63_dist_32_storage_static.c:53: ASSERT (t2 == ROL (TESTVECT2));
                           1372 ;	genPlus
                           1373 ;	genMove_o size 2 result type 2 source type 10 a_dead 1 hl_dead 1 de_dead 1 iy_dead 1 f_dead 1
   08B5 2Ar00s00      [16] 1374 	ld	hl, (___numTests)
   08B8 23            [ 6] 1375 	inc	hl
                           1376 ;	genMove_o size 2 result type 10 source type 2 a_dead 1 hl_dead 1 de_dead 1 iy_dead 1 f_dead 1
   08B9 22r00s00      [16] 1377 	ld	(___numTests), hl
                           1378 ;	genCmpEq
   08BC 3Ar08s00      [13] 1379 	ld	a, (_testRot_t2_10000_13+0)
   08BF B7            [ 4] 1380 	or	a, a
   08C0 FD 21r08s00   [14] 1381 	ld	iy, #_testRot_t2_10000_13
   08C4 FD B6 01      [19] 1382 	or	a, 1 (iy)
   08C7 FD B6 02      [19] 1383 	or	a, 2 (iy)
   08CA FD B6 03      [19] 1384 	or	a, 3 (iy)
                           1385 ; common peephole 163 changed absolute to relative conditional jump.
   08CD 20 14         [12] 1386 	jr	nz, 00272$
                           1387 ;	genMove_o size 1 result type 2 source type 10 a_dead 1 hl_dead 1 de_dead 0 iy_dead 0 f_dead 1
   08CF 3Ar0Cs00      [13] 1388 	ld	a, (_testRot_t2_10000_13 + 4)
   08D2 D6 55         [ 7] 1389 	sub	a, #0x55
                           1390 ; common peephole 163 changed absolute to relative conditional jump.
   08D4 20 0D         [12] 1391 	jr	nz, 00272$
                           1392 ;	genMove_o size 1 result type 2 source type 10 a_dead 1 hl_dead 1 de_dead 0 iy_dead 0 f_dead 1
   08D6 3Ar0Ds00      [13] 1393 	ld	a, (_testRot_t2_10000_13 + 5)
   08D9 D6 AA         [ 7] 1394 	sub	a, #0xaa
   08DB FD B6 06      [19] 1395 	or	a, 6 (iy)
   08DE FD B6 07      [19] 1396 	or	a, 7 (iy)
                           1397 ; common peephole 163 changed absolute to relative conditional jump.
   08E1 28 11         [12] 1398 	jr	z, 00122$
                           1399 ; common peephole 81 removed jp by using inverse jump logic
   08E3                    1400 00272$:
                           1401 ;	skipping generated iCode
                           1402 ;	skipping iCode since result will be rematerialized
                           1403 ;	skipping iCode since result will be rematerialized
                           1404 ;	skipping iCode since result will be rematerialized
                           1405 ;	skipping iCode since result will be rematerialized
                           1406 ;	skipping iCode since result will be rematerialized
                           1407 ;	skipping iCode since result will be rematerialized
                           1408 ;	genIpush
                           1409 ;	genMove_o size 2 result type 2 source type 1 a_dead 1 hl_dead 1 de_dead 1 iy_dead 1 f_dead 1
   08E3 21 35 00      [10] 1410 	ld	hl, #0x0035
   08E6 E5            [11] 1411 	push	hl
                           1412 ;	genIpush
                           1413 ;	genMove_o size 2 result type 2 source type 7 a_dead 1 hl_dead 1 de_dead 1 iy_dead 1 f_dead 1
   08E7 21rECs0A      [10] 1414 	ld	hl, #___str_2
   08EA E5            [11] 1415 	push	hl
                           1416 ;	genSend
                           1417 ;	genMove_o size 2 result type 2 source type 7 a_dead 1 hl_dead 1 de_dead 1 iy_dead 1 f_dead 1
   08EB 11r0Es0C      [10] 1418 	ld	de, #___str_11
                           1419 ;	genSend
                           1420 ;	genMove_o size 2 result type 2 source type 7 a_dead 1 hl_dead 1 de_dead 0 iy_dead 1 f_dead 1
   08EE 21rBFs0A      [10] 1421 	ld	hl, #___str_0
                           1422 ;	genCall
   08F1 CDr00s00      [17] 1423 	call	___fail
                           1424 ;	genLabel
   08F4                    1425 00122$:
                           1426 ;cases/bitintrot/bitintrot_width_63_dist_32_storage_static.c:55: t1 = ROR(t1);
                           1427 ;	genRightShift
                           1428 ;	genMove_o size 4 result type 6 source type 10 a_dead 1 hl_dead 1 de_dead 1 iy_dead 1 f_dead 1
   08F4 3Ar04s00      [13] 1429 	ld	a, (_testRot_t1_10000_13+4)
   08F7 DD 77 F0      [19] 1430 	ld	-16 (ix), a
   08FA 3Ar05s00      [13] 1431 	ld	a, (_testRot_t1_10000_13+5)
   08FD DD 77 F1      [19] 1432 	ld	-15 (ix), a
   0900 3Ar06s00      [13] 1433 	ld	a, (_testRot_t1_10000_13+6)
   0903 DD 77 F2      [19] 1434 	ld	-14 (ix), a
   0906 3Ar07s00      [13] 1435 	ld	a, (_testRot_t1_10000_13+7)
   0909 DD 77 F3      [19] 1436 	ld	-13 (ix), a
                           1437 ;	genMove_o size 4 result type 6 source type 1 a_dead 1 hl_dead 1 de_dead 0 iy_dead 1 f_dead 1
   090C AF            [ 4] 1438 	xor	a, a
   090D DD 77 F4      [19] 1439 	ld	-12 (ix), a
   0910 DD 77 F5      [19] 1440 	ld	-11 (ix), a
   0913 DD 77 F6      [19] 1441 	ld	-10 (ix), a
   0916 DD 77 F7      [19] 1442 	ld	-9 (ix), a
                           1443 ;	genMove_o size 8 result type 6 source type 6 a_dead 1 hl_dead 1 de_dead 1 iy_dead 1 f_dead 1
                           1444 ;	genLeftShift
                           1445 ;	genMove_o size 5 result type 6 source type 10 a_dead 1 hl_dead 1 de_dead 1 iy_dead 1 f_dead 1
   0919 3Ar00s00      [13] 1446 	ld	a, (_testRot_t1_10000_13+0)
   091C DD 77 FB      [19] 1447 	ld	-5 (ix), a
   091F 3Ar01s00      [13] 1448 	ld	a, (_testRot_t1_10000_13+1)
   0922 DD 77 FC      [19] 1449 	ld	-4 (ix), a
   0925 3Ar02s00      [13] 1450 	ld	a, (_testRot_t1_10000_13+2)
   0928 DD 77 FD      [19] 1451 	ld	-3 (ix), a
   092B 3Ar03s00      [13] 1452 	ld	a, (_testRot_t1_10000_13+3)
   092E DD 77 FE      [19] 1453 	ld	-2 (ix), a
   0931 3Ar04s00      [13] 1454 	ld	a, (_testRot_t1_10000_13+4)
   0934 DD 77 FF      [19] 1455 	ld	-1 (ix), a
                           1456 ;	genMove_o size 3 result type 6 source type 1 a_dead 1 hl_dead 1 de_dead 1 iy_dead 1 f_dead 1
   0937 AF            [ 4] 1457 	xor	a, a
   0938 DD 77 F8      [19] 1458 	ld	-8 (ix), a
   093B DD 77 F9      [19] 1459 	ld	-7 (ix), a
   093E DD 77 FA      [19] 1460 	ld	-6 (ix), a
   0941 06 07         [ 7] 1461 	ld	b, #0x07
   0943                    1462 00275$:
   0943 DD CB FB 26   [23] 1463 	sla	-5 (ix)
   0947 DD CB FC 16   [23] 1464 	rl	-4 (ix)
   094B DD CB FD 16   [23] 1465 	rl	-3 (ix)
   094F DD CB FE 16   [23] 1466 	rl	-2 (ix)
   0953 DD CB FF 16   [23] 1467 	rl	-1 (ix)
                           1468 ; common peephole 159 removed unused label 00276$.
   0957 10 EA         [13] 1469 	djnz	00275$
   0959 DD 7E FF      [19] 1470 	ld	a, -1 (ix)
   095C E6 7F         [ 7] 1471 	and	a, #0x7f
   095E DD 77 FF      [19] 1472 	ld	-1 (ix), a
                           1473 ;	genMove_o size 8 result type 6 source type 6 a_dead 1 hl_dead 1 de_dead 1 iy_dead 1 f_dead 1
                           1474 ;	genOr
   0961 DD 7E F0      [19] 1475 	ld	a, -16 (ix)
   0964 DD B6 F8      [19] 1476 	or	a, -8 (ix)
                           1477 ;	genMove_o size 1 result type 10 source type 2 a_dead 1 hl_dead 1 de_dead 1 iy_dead 1 f_dead 1
   0967 32r00s00      [13] 1478 	ld	(_testRot_t1_10000_13+0), a
   096A DD 7E F1      [19] 1479 	ld	a, -15 (ix)
   096D DD B6 F9      [19] 1480 	or	a, -7 (ix)
                           1481 ;	genMove_o size 1 result type 10 source type 2 a_dead 1 hl_dead 1 de_dead 1 iy_dead 1 f_dead 1
   0970 32r01s00      [13] 1482 	ld	(_testRot_t1_10000_13+1), a
   0973 DD 7E F2      [19] 1483 	ld	a, -14 (ix)
   0976 DD B6 FA      [19] 1484 	or	a, -6 (ix)
                           1485 ;	genMove_o size 1 result type 10 source type 2 a_dead 1 hl_dead 1 de_dead 1 iy_dead 1 f_dead 1
   0979 32r02s00      [13] 1486 	ld	(_testRot_t1_10000_13+2), a
   097C DD 7E F3      [19] 1487 	ld	a, -13 (ix)
   097F DD B6 FB      [19] 1488 	or	a, -5 (ix)
                           1489 ;	genMove_o size 1 result type 10 source type 2 a_dead 1 hl_dead 1 de_dead 1 iy_dead 1 f_dead 1
   0982 32r03s00      [13] 1490 	ld	(_testRot_t1_10000_13+3), a
                           1491 ;	genMove_o size 4 result type 10 source type 6 a_dead 1 hl_dead 1 de_dead 1 iy_dead 1 f_dead 1
   0985 DD 7E FC      [19] 1492 	ld	a, -4 (ix)
   0988 32r04s00      [13] 1493 	ld	(_testRot_t1_10000_13+4), a
   098B DD 7E FD      [19] 1494 	ld	a, -3 (ix)
   098E 32r05s00      [13] 1495 	ld	(_testRot_t1_10000_13+5), a
   0991 DD 7E FE      [19] 1496 	ld	a, -2 (ix)
   0994 32r06s00      [13] 1497 	ld	(_testRot_t1_10000_13+6), a
   0997 DD 7E FF      [19] 1498 	ld	a, -1 (ix)
   099A 32r07s00      [13] 1499 	ld	(_testRot_t1_10000_13+7), a
                           1500 ;cases/bitintrot/bitintrot_width_63_dist_32_storage_static.c:56: t2 = ROR(t2);
                           1501 ;	genRightShift
                           1502 ;	genMove_o size 4 result type 6 source type 10 a_dead 1 hl_dead 1 de_dead 1 iy_dead 1 f_dead 1
   099D 3Ar0Cs00      [13] 1503 	ld	a, (_testRot_t2_10000_13+4)
   09A0 DD 77 F0      [19] 1504 	ld	-16 (ix), a
   09A3 3Ar0Ds00      [13] 1505 	ld	a, (_testRot_t2_10000_13+5)
   09A6 DD 77 F1      [19] 1506 	ld	-15 (ix), a
   09A9 3Ar0Es00      [13] 1507 	ld	a, (_testRot_t2_10000_13+6)
   09AC DD 77 F2      [19] 1508 	ld	-14 (ix), a
   09AF 3Ar0Fs00      [13] 1509 	ld	a, (_testRot_t2_10000_13+7)
   09B2 DD 77 F3      [19] 1510 	ld	-13 (ix), a
                           1511 ;	genMove_o size 4 result type 6 source type 1 a_dead 1 hl_dead 1 de_dead 0 iy_dead 1 f_dead 1
   09B5 AF            [ 4] 1512 	xor	a, a
   09B6 DD 77 F4      [19] 1513 	ld	-12 (ix), a
   09B9 DD 77 F5      [19] 1514 	ld	-11 (ix), a
   09BC DD 77 F6      [19] 1515 	ld	-10 (ix), a
   09BF DD 77 F7      [19] 1516 	ld	-9 (ix), a
                           1517 ;	genMove_o size 8 result type 6 source type 6 a_dead 1 hl_dead 1 de_dead 1 iy_dead 1 f_dead 1
                           1518 ;	genLeftShift
                           1519 ;	genMove_o size 5 result type 6 source type 10 a_dead 1 hl_dead 1 de_dead 1 iy_dead 1 f_dead 1
   09C2 3Ar08s00      [13] 1520 	ld	a, (_testRot_t2_10000_13+0)
   09C5 DD 77 FB      [19] 1521 	ld	-5 (ix), a
   09C8 3Ar09s00      [13] 1522 	ld	a, (_testRot_t2_10000_13+1)
   09CB DD 77 FC      [19] 1523 	ld	-4 (ix), a
   09CE 3Ar0As00      [13] 1524 	ld	a, (_testRot_t2_10000_13+2)
   09D1 DD 77 FD      [19] 1525 	ld	-3 (ix), a
   09D4 3Ar0Bs00      [13] 1526 	ld	a, (_testRot_t2_10000_13+3)
   09D7 DD 77 FE      [19] 1527 	ld	-2 (ix), a
   09DA 3Ar0Cs00      [13] 1528 	ld	a, (_testRot_t2_10000_13+4)
   09DD DD 77 FF      [19] 1529 	ld	-1 (ix), a
                           1530 ;	genMove_o size 3 result type 6 source type 1 a_dead 1 hl_dead 1 de_dead 1 iy_dead 1 f_dead 1
   09E0 AF            [ 4] 1531 	xor	a, a
   09E1 DD 77 F8      [19] 1532 	ld	-8 (ix), a
   09E4 DD 77 F9      [19] 1533 	ld	-7 (ix), a
   09E7 DD 77 FA      [19] 1534 	ld	-6 (ix), a
   09EA 06 07         [ 7] 1535 	ld	b, #0x07
   09EC                    1536 00279$:
   09EC DD CB FB 26   [23] 1537 	sla	-5 (ix)
   09F0 DD CB FC 16   [23] 1538 	rl	-4 (ix)
   09F4 DD CB FD 16   [23] 1539 	rl	-3 (ix)
   09F8 DD CB FE 16   [23] 1540 	rl	-2 (ix)
   09FC DD CB FF 16   [23] 1541 	rl	-1 (ix)
                           1542 ; common peephole 159 removed unused label 00280$.
   0A00 10 EA         [13] 1543 	djnz	00279$
   0A02 DD 7E FF      [19] 1544 	ld	a, -1 (ix)
   0A05 E6 7F         [ 7] 1545 	and	a, #0x7f
   0A07 DD 77 FF      [19] 1546 	ld	-1 (ix), a
                           1547 ;	genMove_o size 8 result type 6 source type 6 a_dead 1 hl_dead 1 de_dead 1 iy_dead 1 f_dead 1
                           1548 ;	genOr
   0A0A DD 7E F0      [19] 1549 	ld	a, -16 (ix)
   0A0D DD B6 F8      [19] 1550 	or	a, -8 (ix)
                           1551 ;	genMove_o size 1 result type 10 source type 2 a_dead 1 hl_dead 1 de_dead 1 iy_dead 1 f_dead 1
   0A10 32r08s00      [13] 1552 	ld	(_testRot_t2_10000_13+0), a
   0A13 DD 7E F1      [19] 1553 	ld	a, -15 (ix)
   0A16 DD B6 F9      [19] 1554 	or	a, -7 (ix)
                           1555 ;	genMove_o size 1 result type 10 source type 2 a_dead 1 hl_dead 1 de_dead 1 iy_dead 1 f_dead 1
   0A19 32r09s00      [13] 1556 	ld	(_testRot_t2_10000_13+1), a
   0A1C DD 7E F2      [19] 1557 	ld	a, -14 (ix)
   0A1F DD B6 FA      [19] 1558 	or	a, -6 (ix)
                           1559 ;	genMove_o size 1 result type 10 source type 2 a_dead 1 hl_dead 1 de_dead 1 iy_dead 1 f_dead 1
   0A22 32r0As00      [13] 1560 	ld	(_testRot_t2_10000_13+2), a
   0A25 DD 7E F3      [19] 1561 	ld	a, -13 (ix)
   0A28 DD B6 FB      [19] 1562 	or	a, -5 (ix)
                           1563 ;	genMove_o size 1 result type 10 source type 2 a_dead 1 hl_dead 1 de_dead 1 iy_dead 1 f_dead 1
   0A2B 32r0Bs00      [13] 1564 	ld	(_testRot_t2_10000_13+3), a
                           1565 ;	genMove_o size 4 result type 10 source type 6 a_dead 1 hl_dead 1 de_dead 1 iy_dead 1 f_dead 1
   0A2E DD 7E FC      [19] 1566 	ld	a, -4 (ix)
   0A31 32r0Cs00      [13] 1567 	ld	(_testRot_t2_10000_13+4), a
   0A34 DD 7E FD      [19] 1568 	ld	a, -3 (ix)
   0A37 32r0Ds00      [13] 1569 	ld	(_testRot_t2_10000_13+5), a
   0A3A DD 7E FE      [19] 1570 	ld	a, -2 (ix)
   0A3D 32r0Es00      [13] 1571 	ld	(_testRot_t2_10000_13+6), a
   0A40 DD 7E FF      [19] 1572 	ld	a, -1 (ix)
   0A43 32r0Fs00      [13] 1573 	ld	(_testRot_t2_10000_13+7), a
                           1574 ;cases/bitintrot/bitintrot_width_63_dist_32_storage_static.c:57: ASSERT (t1 == TESTVECT1);
                           1575 ;	genPlus
                           1576 ;	genMove_o size 2 result type 2 source type 10 a_dead 1 hl_dead 1 de_dead 1 iy_dead 1 f_dead 1
   0A46 2Ar00s00      [16] 1577 	ld	hl, (___numTests)
   0A49 23            [ 6] 1578 	inc	hl
                           1579 ;	genMove_o size 2 result type 10 source type 2 a_dead 1 hl_dead 1 de_dead 1 iy_dead 1 f_dead 1
   0A4A 22r00s00      [16] 1580 	ld	(___numTests), hl
                           1581 ;	genCmpEq
                           1582 ;	genMove_o size 1 result type 2 source type 10 a_dead 1 hl_dead 1 de_dead 0 iy_dead 0 f_dead 1
   0A4D 3Ar00s00      [13] 1583 	ld	a, (_testRot_t1_10000_13)
   0A50 D6 A5         [ 7] 1584 	sub	a, #0xa5
   0A52 FD 21r00s00   [14] 1585 	ld	iy, #_testRot_t1_10000_13
   0A56 FD B6 01      [19] 1586 	or	a, 1 (iy)
   0A59 FD B6 02      [19] 1587 	or	a, 2 (iy)
   0A5C FD B6 03      [19] 1588 	or	a, 3 (iy)
   0A5F FD B6 04      [19] 1589 	or	a, 4 (iy)
   0A62 FD B6 05      [19] 1590 	or	a, 5 (iy)
   0A65 FD B6 06      [19] 1591 	or	a, 6 (iy)
   0A68 FD B6 07      [19] 1592 	or	a, 7 (iy)
                           1593 ; common peephole 163 changed absolute to relative conditional jump.
   0A6B 28 11         [12] 1594 	jr	z, 00124$
                           1595 ; common peephole 81 removed jp by using inverse jump logic
                           1596 ; common peephole 159 removed unused label 00281$.
                           1597 ;	skipping generated iCode
                           1598 ;	skipping iCode since result will be rematerialized
                           1599 ;	skipping iCode since result will be rematerialized
                           1600 ;	skipping iCode since result will be rematerialized
                           1601 ;	skipping iCode since result will be rematerialized
                           1602 ;	skipping iCode since result will be rematerialized
                           1603 ;	skipping iCode since result will be rematerialized
                           1604 ;	genIpush
                           1605 ;	genMove_o size 2 result type 2 source type 1 a_dead 1 hl_dead 1 de_dead 1 iy_dead 1 f_dead 1
   0A6D 21 39 00      [10] 1606 	ld	hl, #0x0039
   0A70 E5            [11] 1607 	push	hl
                           1608 ;	genIpush
                           1609 ;	genMove_o size 2 result type 2 source type 7 a_dead 1 hl_dead 1 de_dead 1 iy_dead 1 f_dead 1
   0A71 21rECs0A      [10] 1610 	ld	hl, #___str_2
   0A74 E5            [11] 1611 	push	hl
                           1612 ;	genSend
                           1613 ;	genMove_o size 2 result type 2 source type 7 a_dead 1 hl_dead 1 de_dead 1 iy_dead 1 f_dead 1
   0A75 11r24s0C      [10] 1614 	ld	de, #___str_12
                           1615 ;	genSend
                           1616 ;	genMove_o size 2 result type 2 source type 7 a_dead 1 hl_dead 1 de_dead 0 iy_dead 1 f_dead 1
   0A78 21rBFs0A      [10] 1617 	ld	hl, #___str_0
                           1618 ;	genCall
   0A7B CDr00s00      [17] 1619 	call	___fail
                           1620 ;	genLabel
   0A7E                    1621 00124$:
                           1622 ;cases/bitintrot/bitintrot_width_63_dist_32_storage_static.c:58: ASSERT (t2 == TESTVECT2);
                           1623 ;	genPlus
                           1624 ;	genMove_o size 2 result type 2 source type 10 a_dead 1 hl_dead 1 de_dead 1 iy_dead 1 f_dead 1
   0A7E 2Ar00s00      [16] 1625 	ld	hl, (___numTests)
   0A81 23            [ 6] 1626 	inc	hl
                           1627 ;	genMove_o size 2 result type 10 source type 2 a_dead 1 hl_dead 1 de_dead 1 iy_dead 1 f_dead 1
   0A82 22r00s00      [16] 1628 	ld	(___numTests), hl
                           1629 ;	genCmpEq
                           1630 ;	genMove_o size 1 result type 2 source type 10 a_dead 1 hl_dead 1 de_dead 0 iy_dead 0 f_dead 1
   0A85 3Ar08s00      [13] 1631 	ld	a, (_testRot_t2_10000_13)
   0A88 D6 55         [ 7] 1632 	sub	a, #0x55
                           1633 ; common peephole 163 changed absolute to relative conditional jump.
   0A8A 20 1D         [12] 1634 	jr	nz, 00282$
                           1635 ;	genMove_o size 1 result type 2 source type 10 a_dead 1 hl_dead 1 de_dead 0 iy_dead 0 f_dead 1
   0A8C 3Ar09s00      [13] 1636 	ld	a, (_testRot_t2_10000_13 + 1)
   0A8F D6 AA         [ 7] 1637 	sub	a, #0xaa
   0A91 FD 21r08s00   [14] 1638 	ld	iy, #_testRot_t2_10000_13
   0A95 FD B6 02      [19] 1639 	or	a, 2 (iy)
   0A98 FD B6 03      [19] 1640 	or	a, 3 (iy)
   0A9B FD B6 04      [19] 1641 	or	a, 4 (iy)
   0A9E FD B6 05      [19] 1642 	or	a, 5 (iy)
   0AA1 FD B6 06      [19] 1643 	or	a, 6 (iy)
   0AA4 FD B6 07      [19] 1644 	or	a, 7 (iy)
                           1645 ; common peephole 163 changed absolute to relative conditional jump.
   0AA7 28 11         [12] 1646 	jr	z, 00101$
                           1647 ; common peephole 81 removed jp by using inverse jump logic
   0AA9                    1648 00282$:
                           1649 ;	skipping generated iCode
                           1650 ;	skipping iCode since result will be rematerialized
                           1651 ;	skipping iCode since result will be rematerialized
                           1652 ;	skipping iCode since result will be rematerialized
                           1653 ;	skipping iCode since result will be rematerialized
                           1654 ;	skipping iCode since result will be rematerialized
                           1655 ;	skipping iCode since result will be rematerialized
                           1656 ;	genIpush
                           1657 ;	genMove_o size 2 result type 2 source type 1 a_dead 1 hl_dead 1 de_dead 1 iy_dead 1 f_dead 1
   0AA9 21 3A 00      [10] 1658 	ld	hl, #0x003a
   0AAC E5            [11] 1659 	push	hl
                           1660 ;	genIpush
                           1661 ;	genMove_o size 2 result type 2 source type 7 a_dead 1 hl_dead 1 de_dead 1 iy_dead 1 f_dead 1
   0AAD 21rECs0A      [10] 1662 	ld	hl, #___str_2
   0AB0 E5            [11] 1663 	push	hl
                           1664 ;	genSend
                           1665 ;	genMove_o size 2 result type 2 source type 7 a_dead 1 hl_dead 1 de_dead 1 iy_dead 1 f_dead 1
   0AB1 11r34s0C      [10] 1666 	ld	de, #___str_13
                           1667 ;	genSend
                           1668 ;	genMove_o size 2 result type 2 source type 7 a_dead 1 hl_dead 1 de_dead 0 iy_dead 1 f_dead 1
   0AB4 21rBFs0A      [10] 1669 	ld	hl, #___str_0
                           1670 ;	genCall
   0AB7 CDr00s00      [17] 1671 	call	___fail
                           1672 ;	genLabel
   0ABA                    1673 00101$:
                           1674 ;cases/bitintrot/bitintrot_width_63_dist_32_storage_static.c:60: }
                           1675 ;	genEndFunction
   0ABA DD F9         [10] 1676 	ld	sp, ix
   0ABC DD E1         [14] 1677 	pop	ix
   0ABE C9            [10] 1678 	ret
                           1679 ;	Total testRot function size at codegen: 5 bytes.
   0ABF                    1680 ___str_0:
   0ABF 41 73 73 65 72 74  1681 	.ascii "Assertion failed"
        69 6F 6E 20 66 61
        69 6C 65 64
   0ACF 00                 1682 	.db 0x00
   0AD0                    1683 ___str_1:
   0AD0 52 4F 4C 20 28 74  1684 	.ascii "ROL (t1) == ROL (TESTVECT1)"
        31 29 20 3D 3D 20
        52 4F 4C 20 28 54
        45 53 54 56 45 43
        54 31 29
   0AEB 00                 1685 	.db 0x00
   0AEC                    1686 ___str_2:
   0AEC 63 61 73 65 73 2F  1687 	.ascii "cases/bitintrot/bitintrot_width_63_dist_32_storage_static.c"
        62 69 74 69 6E 74
        72 6F 74 2F 62 69
        74 69 6E 74 72 6F
        74 5F 77 69 64 74
        68 5F 36 33 5F 64
        69 73 74 5F 33 32
        5F 73 74 6F 72 61
        67 65 5F 73 74 61
        74 69 63 2E 63
   0B27 00                 1688 	.db 0x00
   0B28                    1689 ___str_3:
   0B28 52 4F 4C 20 28 74  1690 	.ascii "ROL (t2) == ROL (TESTVECT2)"
        32 29 20 3D 3D 20
        52 4F 4C 20 28 54
        45 53 54 56 45 43
        54 32 29
   0B43 00                 1691 	.db 0x00
   0B44                    1692 ___str_4:
   0B44 52 4F 52 20 28 74  1693 	.ascii "ROR (t1) == ROR (TESTVECT1)"
        31 29 20 3D 3D 20
        52 4F 52 20 28 54
        45 53 54 56 45 43
        54 31 29
   0B5F 00                 1694 	.db 0x00
   0B60                    1695 ___str_5:
   0B60 52 4F 52 20 28 74  1696 	.ascii "ROR (t2) == ROR (TESTVECT2)"
        32 29 20 3D 3D 20
        52 4F 52 20 28 54
        45 53 54 56 45 43
        54 32 29
   0B7B 00                 1697 	.db 0x00
   0B7C                    1698 ___str_6:
   0B7C 4E 52 4F 4C 20 28  1699 	.ascii "NROL (t1) == NROL (TESTVECT1)"
        74 31 29 20 3D 3D
        20 4E 52 4F 4C 20
        28 54 45 53 54 56
        45 43 54 31 29
   0B99 00                 1700 	.db 0x00
   0B9A                    1701 ___str_7:
   0B9A 4E 52 4F 4C 20 28  1702 	.ascii "NROL (t2) == NROL (TESTVECT2)"
        74 32 29 20 3D 3D
        20 4E 52 4F 4C 20
        28 54 45 53 54 56
        45 43 54 32 29
   0BB7 00                 1703 	.db 0x00
   0BB8                    1704 ___str_8:
   0BB8 4E 52 4F 4C 32 20  1705 	.ascii "NROL2 (t1) == NROL2 (TESTVECT1)"
        28 74 31 29 20 3D
        3D 20 4E 52 4F 4C
        32 20 28 54 45 53
        54 56 45 43 54 31
        29
   0BD7 00                 1706 	.db 0x00
   0BD8                    1707 ___str_9:
   0BD8 4E 52 4F 4C 32 20  1708 	.ascii "NROL2 (t2) == NROL2 (TESTVECT2)"
        28 74 32 29 20 3D
        3D 20 4E 52 4F 4C
        32 20 28 54 45 53
        54 56 45 43 54 32
        29
   0BF7 00                 1709 	.db 0x00
   0BF8                    1710 ___str_10:
   0BF8 74 31 20 3D 3D 20  1711 	.ascii "t1 == ROL (TESTVECT1)"
        52 4F 4C 20 28 54
        45 53 54 56 45 43
        54 31 29
   0C0D 00                 1712 	.db 0x00
   0C0E                    1713 ___str_11:
   0C0E 74 32 20 3D 3D 20  1714 	.ascii "t2 == ROL (TESTVECT2)"
        52 4F 4C 20 28 54
        45 53 54 56 45 43
        54 32 29
   0C23 00                 1715 	.db 0x00
   0C24                    1716 ___str_12:
   0C24 74 31 20 3D 3D 20  1717 	.ascii "t1 == TESTVECT1"
        54 45 53 54 56 45
        43 54 31
   0C33 00                 1718 	.db 0x00
   0C34                    1719 ___str_13:
   0C34 74 32 20 3D 3D 20  1720 	.ascii "t2 == TESTVECT2"
        54 45 53 54 56 45
        43 54 32
   0C43 00                 1721 	.db 0x00
                           1722 ;cases/bitintrot/bitintrot_width_63_dist_32_storage_static.c:64: __runSuite(void)
                           1723 ;	genLabel
                           1724 ;	genFunction
                           1725 ;	---------------------------------
                           1726 ; Function __runSuite
                           1727 ; ---------------------------------
                           1728 ;	Register assignment is optimal.
                           1729 ; Stack space usage: 0 bytes.
   0C44                    1730 ___runSuite::
                           1731 ;cases/bitintrot/bitintrot_width_63_dist_32_storage_static.c:66: __prints("Running testRot\n");
                           1732 ;	skipping iCode since result will be rematerialized
                           1733 ;	skipping iCode since result will be rematerialized
                           1734 ;	genSend
                           1735 ;	genMove_o size 2 result type 2 source type 7 a_dead 1 hl_dead 1 de_dead 1 iy_dead 1 f_dead 1
   0C44 21r4Ds0C      [10] 1736 	ld	hl, #___str_14
                           1737 ;	genCall
   0C47 CDr00s00      [17] 1738 	call	___prints
                           1739 ;cases/bitintrot/bitintrot_width_63_dist_32_storage_static.c:67: testRot();
                           1740 ;	genCall
                           1741 ;	genLabel
                           1742 ; common peephole 159 removed unused label 00101$.
                           1743 ;cases/bitintrot/bitintrot_width_63_dist_32_storage_static.c:68: }
                           1744 ;	genEndFunction
   0C4A C3r00s00      [10] 1745 	jp	_testRot
                           1746 ; common peephole 152 removed unused ret.
                           1747 ;	Total __runSuite function size at codegen: 1 bytes.
   0C4D                    1748 ___str_14:
   0C4D 52 75 6E 6E 69 6E  1749 	.ascii "Running testRot"
        67 20 74 65 73 74
        52 6F 74
   0C5C 0A                 1750 	.db 0x0a
   0C5D 00                 1751 	.db 0x00
                           1752 ;cases/bitintrot/bitintrot_width_63_dist_32_storage_static.c:73: __getSuiteName(void)
                           1753 ;	genLabel
                           1754 ;	genFunction
                           1755 ;	---------------------------------
                           1756 ; Function __getSuiteName
                           1757 ; ---------------------------------
                           1758 ;	Register assignment is optimal.
                           1759 ; Stack space usage: 0 bytes.
   0C5E                    1760 ___getSuiteName::
                           1761 ;cases/bitintrot/bitintrot_width_63_dist_32_storage_static.c:75: return "bitintrot_width_63_dist_32_storage_static";
                           1762 ;	skipping iCode since result will be rematerialized
                           1763 ;	skipping iCode since result will be rematerialized
                           1764 ;	genRet
                           1765 ;	genMove_o size 2 result type 2 source type 7 a_dead 1 hl_dead 1 de_dead 1 iy_dead 1 f_dead 1
   0C5E 11r64s0C      [10] 1766 	ld	de, #___str_15
                           1767 ;	genLabel
                           1768 ; common peephole 159 removed unused label 00101$.
                           1769 ;cases/bitintrot/bitintrot_width_63_dist_32_storage_static.c:76: }
                           1770 ;	genEndFunction
   0C61 C9            [10] 1771 	ret
                           1772 ;	Total __getSuiteName function size at codegen: 1 bytes.
   0C62                    1773 ___numCases:
   0C62 01 00              1774 	.dw #0x0001
   0C64                    1775 ___str_15:
   0C64 62 69 74 69 6E 74  1776 	.ascii "bitintrot_width_63_dist_32_storage_static"
        72 6F 74 5F 77 69
        64 74 68 5F 36 33
        5F 64 69 73 74 5F
        33 32 5F 73 74 6F
        72 61 67 65 5F 73
        74 61 74 69 63
   0C8D 00                 1777 	.db 0x00
                           1778 	.area _CODE (BANK=_CSEG)
                           1779 	.area _INITIALIZER
                           1780 	.area _CABS (ABS)
