                              1 ;--------------------------------------------------------
                              2 ; File Created by SDCC : free open source ISO C Compiler
                              3 ; Version 4.6.2 #16710 (Linux)
                              4 ;--------------------------------------------------------
                              5 	.module bitintrot_width_48_dist_32_storage_auto
                              6 	
                              7 ;--------------------------------------------------------
                              8 ; Public variables in this module
                              9 ;--------------------------------------------------------
                             10 	.globl _testRot
                             11 	.globl ___prints
                             12 	.globl ___fail
                             13 	.globl ___numCases
                             14 	.globl ___runSuite
                             15 	.globl ___getSuiteName
                             16 ;--------------------------------------------------------
                             17 ; special function registers
                             18 ;--------------------------------------------------------
                             19 ;--------------------------------------------------------
                             20 ; ram data
                             21 ;--------------------------------------------------------
                             22 	.area _DATA (BANK=_DSEG)
                             23 ;--------------------------------------------------------
                             24 ; ram data
                             25 ;--------------------------------------------------------
                             26 	.area _INITIALIZED
                             27 ;--------------------------------------------------------
                             28 ; absolute ram data
                             29 ;--------------------------------------------------------
                             30 	.area _DABS (ABS)
                             31 	.area _DABS (ABS)
                             32 ;--------------------------------------------------------
                             33 ; global & static initialisations
                             34 ;--------------------------------------------------------
                             35 	.area _HOME
                             36 	.area _GSINIT
                             37 	.area _GSFINAL
                             38 	.area _GSINIT
                             39 ;--------------------------------------------------------
                             40 ; Home
                             41 ;--------------------------------------------------------
                             42 	.area _HOME (BANK=_CSEG)
                             43 	.area _HOME (BANK=_CSEG)
                             44 ;--------------------------------------------------------
                             45 ; code
                             46 ;--------------------------------------------------------
                             47 	.area _CODE (BANK=_CSEG)
                             48 ;cases/bitintrot/bitintrot_width_48_dist_32_storage_auto.c:36: testRot (void)
                             49 ;	genLabel
                             50 ;	genFunction
                             51 ;	---------------------------------
                             52 ; Function testRot
                             53 ; ---------------------------------
                             54 ;	Register assignment might be sub-optimal.
                             55 ; Stack space usage: 25 bytes.
   0000                      56 _testRot::
   0000 DD E5         [15]   57 	push	ix
   0002 DD 21 00 00   [14]   58 	ld	ix,	#0
   0006 DD 39         [15]   59 	add	ix, sp
                             60 ;	adjustStack by -25
   0008 21 E7 FF      [10]   61 	ld	hl, #-25
   000B 39            [11]   62 	add	hl, sp
   000C F9            [ 6]   63 	ld	sp, hl
                             64 ;cases/bitintrot/bitintrot_width_48_dist_32_storage_auto.c:38: volatile auto bitinttype t1 = TESTVECT1;
                             65 ;	genAssign
                             66 ;	genMove_o size 6 result type 6 source type 1 a_dead 1 hl_dead 1 de_dead 1 iy_dead 1 f_dead 1
   000D DD 36 E7 A5   [19]   67 	ld	-25 (ix), #0xa5
   0011 AF            [ 4]   68 	xor	a, a
   0012 DD 77 E8      [19]   69 	ld	-24 (ix), a
   0015 DD 77 E9      [19]   70 	ld	-23 (ix), a
   0018 DD 77 EA      [19]   71 	ld	-22 (ix), a
   001B DD 77 EB      [19]   72 	ld	-21 (ix), a
   001E DD 77 EC      [19]   73 	ld	-20 (ix), a
                             74 ;cases/bitintrot/bitintrot_width_48_dist_32_storage_auto.c:39: volatile auto bitinttype t2 = TESTVECT2;
                             75 ;	genAssign
                             76 ;	genMove_o size 6 result type 6 source type 1 a_dead 1 hl_dead 1 de_dead 1 iy_dead 1 f_dead 1
   0021 DD 36 ED 55   [19]   77 	ld	-19 (ix), #0x55
   0025 DD 36 EE AA   [19]   78 	ld	-18 (ix), #0xaa
   0029 AF            [ 4]   79 	xor	a, a
   002A DD 77 EF      [19]   80 	ld	-17 (ix), a
   002D DD 77 F0      [19]   81 	ld	-16 (ix), a
   0030 DD 77 F1      [19]   82 	ld	-15 (ix), a
   0033 DD 77 F2      [19]   83 	ld	-14 (ix), a
                             84 ;cases/bitintrot/bitintrot_width_48_dist_32_storage_auto.c:41: ASSERT (ROL (t1) == ROL (TESTVECT1));
                             85 ;	genPlus
                             86 ;	genMove_o size 2 result type 2 source type 10 a_dead 1 hl_dead 1 de_dead 1 iy_dead 1 f_dead 1
   0036 2Ar00s00      [16]   87 	ld	hl, (___numTests)
   0039 23            [ 6]   88 	inc	hl
                             89 ;	genMove_o size 2 result type 10 source type 2 a_dead 1 hl_dead 1 de_dead 1 iy_dead 1 f_dead 1
   003A 22r00s00      [16]   90 	ld	(___numTests), hl
                             91 ;	genLeftShift
                             92 ;	genMove_o size 2 result type 6 source type 6 a_dead 1 hl_dead 1 de_dead 1 iy_dead 1 f_dead 1
   003D DD 7E E7      [19]   93 	ld	a, -25 (ix)
   0040 DD 77 F7      [19]   94 	ld	-9 (ix), a
   0043 DD 7E E8      [19]   95 	ld	a, -24 (ix)
   0046 DD 77 F8      [19]   96 	ld	-8 (ix), a
                             97 ;	genMove_o size 0 result type 6 source type 1 a_dead 1 hl_dead 1 de_dead 1 iy_dead 1 f_dead 1
                             98 ;	genMove_o size 4 result type 6 source type 1 a_dead 1 hl_dead 1 de_dead 1 iy_dead 1 f_dead 1
   0049 AF            [ 4]   99 	xor	a, a
   004A DD 77 F3      [19]  100 	ld	-13 (ix), a
   004D DD 77 F4      [19]  101 	ld	-12 (ix), a
   0050 DD 77 F5      [19]  102 	ld	-11 (ix), a
   0053 DD 77 F6      [19]  103 	ld	-10 (ix), a
                            104 ;	genMove_o size 6 result type 6 source type 6 a_dead 1 hl_dead 1 de_dead 1 iy_dead 1 f_dead 1
                            105 ;	genRightShift
                            106 ;	genMove_o size 4 result type 6 source type 6 a_dead 1 hl_dead 1 de_dead 1 iy_dead 1 f_dead 1
   0056 DD 7E E9      [19]  107 	ld	a, -23 (ix)
   0059 DD 77 FA      [19]  108 	ld	-6 (ix), a
   005C DD 7E EA      [19]  109 	ld	a, -22 (ix)
   005F DD 77 FB      [19]  110 	ld	-5 (ix), a
   0062 DD 7E EB      [19]  111 	ld	a, -21 (ix)
   0065 DD 77 FC      [19]  112 	ld	-4 (ix), a
   0068 DD 7E EC      [19]  113 	ld	a, -20 (ix)
   006B DD 77 FD      [19]  114 	ld	-3 (ix), a
                            115 ;	genMove_o size 0 result type 6 source type 1 a_dead 1 hl_dead 1 de_dead 1 iy_dead 1 f_dead 1
                            116 ;	genMove_o size 2 result type 6 source type 1 a_dead 1 hl_dead 1 de_dead 0 iy_dead 1 f_dead 1
   006E AF            [ 4]  117 	xor	a, a
   006F DD 77 FE      [19]  118 	ld	-2 (ix), a
   0072 DD 77 FF      [19]  119 	ld	-1 (ix), a
                            120 ;	genMove_o size 6 result type 6 source type 6 a_dead 1 hl_dead 1 de_dead 1 iy_dead 1 f_dead 1
                            121 ;	genOr
   0075 DD 7E FA      [19]  122 	ld	a, -6 (ix)
   0078 DD B6 F3      [19]  123 	or	a, -13 (ix)
                            124 ;	genMove_o size 1 result type 6 source type 2 a_dead 1 hl_dead 1 de_dead 1 iy_dead 1 f_dead 1
   007B DD 77 FA      [19]  125 	ld	-6 (ix), a
                            126 ;	genMove_o size 0 result type 6 source type 1 a_dead 1 hl_dead 1 de_dead 1 iy_dead 1 f_dead 1
   007E DD 7E FB      [19]  127 	ld	a, -5 (ix)
   0081 DD B6 F4      [19]  128 	or	a, -12 (ix)
                            129 ;	genMove_o size 1 result type 6 source type 2 a_dead 1 hl_dead 1 de_dead 1 iy_dead 1 f_dead 1
   0084 DD 77 FB      [19]  130 	ld	-5 (ix), a
                            131 ;	genMove_o size 0 result type 6 source type 1 a_dead 1 hl_dead 1 de_dead 1 iy_dead 1 f_dead 1
   0087 DD 7E FC      [19]  132 	ld	a, -4 (ix)
   008A DD B6 F5      [19]  133 	or	a, -11 (ix)
                            134 ;	genMove_o size 1 result type 6 source type 2 a_dead 1 hl_dead 1 de_dead 1 iy_dead 1 f_dead 1
   008D DD 77 FC      [19]  135 	ld	-4 (ix), a
                            136 ;	genMove_o size 0 result type 6 source type 1 a_dead 1 hl_dead 1 de_dead 1 iy_dead 1 f_dead 1
   0090 DD 7E FD      [19]  137 	ld	a, -3 (ix)
   0093 DD B6 F6      [19]  138 	or	a, -10 (ix)
                            139 ;	genMove_o size 1 result type 6 source type 2 a_dead 1 hl_dead 1 de_dead 1 iy_dead 1 f_dead 1
   0096 DD 77 FD      [19]  140 	ld	-3 (ix), a
                            141 ;	genMove_o size 0 result type 6 source type 1 a_dead 1 hl_dead 1 de_dead 1 iy_dead 1 f_dead 1
                            142 ;	genMove_o size 2 result type 6 source type 6 a_dead 1 hl_dead 1 de_dead 1 iy_dead 1 f_dead 1
   0099 DD 7E F7      [19]  143 	ld	a, -9 (ix)
   009C DD 77 FE      [19]  144 	ld	-2 (ix), a
   009F DD 7E F8      [19]  145 	ld	a, -8 (ix)
   00A2 DD 77 FF      [19]  146 	ld	-1 (ix), a
                            147 ;	genMove_o size 0 result type 6 source type 1 a_dead 1 hl_dead 1 de_dead 1 iy_dead 1 f_dead 1
                            148 ;	genCmpEq
   00A5 DD 7E FA      [19]  149 	ld	a, -6 (ix)
   00A8 B7            [ 4]  150 	or	a, a
   00A9 DD B6 FB      [19]  151 	or	a, -5 (ix)
   00AC DD B6 FC      [19]  152 	or	a, -4 (ix)
   00AF DD B6 FD      [19]  153 	or	a, -3 (ix)
                            154 ; common peephole 163 changed absolute to relative conditional jump.
   00B2 20 0A         [12]  155 	jr	nz, 00227$
                            156 ;	genMove_o size 1 result type 2 source type 6 a_dead 1 hl_dead 1 de_dead 0 iy_dead 0 f_dead 1
   00B4 DD 7E FE      [19]  157 	ld	a, -2 (ix)
                            158 ;	genMove_o size 0 result type 2 source type 1 a_dead 1 hl_dead 1 de_dead 0 iy_dead 0 f_dead 1
   00B7 D6 A5         [ 7]  159 	sub	a, #0xa5
   00B9 DD B6 FF      [19]  160 	or	a, -1 (ix)
                            161 ; common peephole 163 changed absolute to relative conditional jump.
   00BC 28 11         [12]  162 	jr	z, 00104$
                            163 ; common peephole 81 removed jp by using inverse jump logic
   00BE                     164 00227$:
                            165 ;	skipping generated iCode
                            166 ;	skipping iCode since result will be rematerialized
                            167 ;	skipping iCode since result will be rematerialized
                            168 ;	skipping iCode since result will be rematerialized
                            169 ;	skipping iCode since result will be rematerialized
                            170 ;	skipping iCode since result will be rematerialized
                            171 ;	skipping iCode since result will be rematerialized
                            172 ;	genIpush
                            173 ;	genMove_o size 2 result type 2 source type 1 a_dead 1 hl_dead 1 de_dead 1 iy_dead 1 f_dead 1
   00BE 21 29 00      [10]  174 	ld	hl, #0x0029
   00C1 E5            [11]  175 	push	hl
                            176 ;	genIpush
                            177 ;	genMove_o size 2 result type 2 source type 7 a_dead 1 hl_dead 1 de_dead 1 iy_dead 1 f_dead 1
   00C2 21r6Bs07      [10]  178 	ld	hl, #___str_2
   00C5 E5            [11]  179 	push	hl
                            180 ;	genSend
                            181 ;	genMove_o size 2 result type 2 source type 7 a_dead 1 hl_dead 1 de_dead 1 iy_dead 1 f_dead 1
   00C6 11r4Fs07      [10]  182 	ld	de, #___str_1
                            183 ;	genSend
                            184 ;	genMove_o size 2 result type 2 source type 7 a_dead 1 hl_dead 1 de_dead 0 iy_dead 1 f_dead 1
   00C9 21r3Es07      [10]  185 	ld	hl, #___str_0
                            186 ;	genCall
   00CC CDr00s00      [17]  187 	call	___fail
                            188 ;	genLabel
   00CF                     189 00104$:
                            190 ;cases/bitintrot/bitintrot_width_48_dist_32_storage_auto.c:42: ASSERT (ROL (t2) == ROL (TESTVECT2));
                            191 ;	genPlus
                            192 ;	genMove_o size 2 result type 2 source type 10 a_dead 1 hl_dead 1 de_dead 1 iy_dead 1 f_dead 1
   00CF 2Ar00s00      [16]  193 	ld	hl, (___numTests)
   00D2 23            [ 6]  194 	inc	hl
                            195 ;	genMove_o size 2 result type 10 source type 2 a_dead 1 hl_dead 1 de_dead 1 iy_dead 1 f_dead 1
   00D3 22r00s00      [16]  196 	ld	(___numTests), hl
                            197 ;	genLeftShift
                            198 ;	genMove_o size 2 result type 6 source type 6 a_dead 1 hl_dead 1 de_dead 1 iy_dead 1 f_dead 1
   00D6 DD 7E ED      [19]  199 	ld	a, -19 (ix)
   00D9 DD 77 F7      [19]  200 	ld	-9 (ix), a
   00DC DD 7E EE      [19]  201 	ld	a, -18 (ix)
   00DF DD 77 F8      [19]  202 	ld	-8 (ix), a
                            203 ;	genMove_o size 0 result type 6 source type 1 a_dead 1 hl_dead 1 de_dead 1 iy_dead 1 f_dead 1
                            204 ;	genMove_o size 4 result type 6 source type 1 a_dead 1 hl_dead 1 de_dead 1 iy_dead 1 f_dead 1
   00E2 AF            [ 4]  205 	xor	a, a
   00E3 DD 77 F3      [19]  206 	ld	-13 (ix), a
   00E6 DD 77 F4      [19]  207 	ld	-12 (ix), a
   00E9 DD 77 F5      [19]  208 	ld	-11 (ix), a
   00EC DD 77 F6      [19]  209 	ld	-10 (ix), a
                            210 ;	genMove_o size 6 result type 6 source type 6 a_dead 1 hl_dead 1 de_dead 1 iy_dead 1 f_dead 1
                            211 ;	genRightShift
                            212 ;	genMove_o size 4 result type 6 source type 6 a_dead 1 hl_dead 1 de_dead 1 iy_dead 1 f_dead 1
   00EF DD 7E EF      [19]  213 	ld	a, -17 (ix)
   00F2 DD 77 FA      [19]  214 	ld	-6 (ix), a
   00F5 DD 7E F0      [19]  215 	ld	a, -16 (ix)
   00F8 DD 77 FB      [19]  216 	ld	-5 (ix), a
   00FB DD 7E F1      [19]  217 	ld	a, -15 (ix)
   00FE DD 77 FC      [19]  218 	ld	-4 (ix), a
   0101 DD 7E F2      [19]  219 	ld	a, -14 (ix)
   0104 DD 77 FD      [19]  220 	ld	-3 (ix), a
                            221 ;	genMove_o size 0 result type 6 source type 1 a_dead 1 hl_dead 1 de_dead 1 iy_dead 1 f_dead 1
                            222 ;	genMove_o size 2 result type 6 source type 1 a_dead 1 hl_dead 1 de_dead 0 iy_dead 1 f_dead 1
   0107 AF            [ 4]  223 	xor	a, a
   0108 DD 77 FE      [19]  224 	ld	-2 (ix), a
   010B DD 77 FF      [19]  225 	ld	-1 (ix), a
                            226 ;	genMove_o size 6 result type 6 source type 6 a_dead 1 hl_dead 1 de_dead 1 iy_dead 1 f_dead 1
                            227 ;	genOr
   010E DD 7E FA      [19]  228 	ld	a, -6 (ix)
   0111 DD B6 F3      [19]  229 	or	a, -13 (ix)
                            230 ;	genMove_o size 1 result type 6 source type 2 a_dead 1 hl_dead 1 de_dead 1 iy_dead 1 f_dead 1
   0114 DD 77 FA      [19]  231 	ld	-6 (ix), a
                            232 ;	genMove_o size 0 result type 6 source type 1 a_dead 1 hl_dead 1 de_dead 1 iy_dead 1 f_dead 1
   0117 DD 7E FB      [19]  233 	ld	a, -5 (ix)
   011A DD B6 F4      [19]  234 	or	a, -12 (ix)
                            235 ;	genMove_o size 1 result type 6 source type 2 a_dead 1 hl_dead 1 de_dead 1 iy_dead 1 f_dead 1
   011D DD 77 FB      [19]  236 	ld	-5 (ix), a
                            237 ;	genMove_o size 0 result type 6 source type 1 a_dead 1 hl_dead 1 de_dead 1 iy_dead 1 f_dead 1
   0120 DD 7E FC      [19]  238 	ld	a, -4 (ix)
   0123 DD B6 F5      [19]  239 	or	a, -11 (ix)
                            240 ;	genMove_o size 1 result type 6 source type 2 a_dead 1 hl_dead 1 de_dead 1 iy_dead 1 f_dead 1
   0126 DD 77 FC      [19]  241 	ld	-4 (ix), a
                            242 ;	genMove_o size 0 result type 6 source type 1 a_dead 1 hl_dead 1 de_dead 1 iy_dead 1 f_dead 1
   0129 DD 7E FD      [19]  243 	ld	a, -3 (ix)
   012C DD B6 F6      [19]  244 	or	a, -10 (ix)
                            245 ;	genMove_o size 1 result type 6 source type 2 a_dead 1 hl_dead 1 de_dead 1 iy_dead 1 f_dead 1
   012F DD 77 FD      [19]  246 	ld	-3 (ix), a
                            247 ;	genMove_o size 0 result type 6 source type 1 a_dead 1 hl_dead 1 de_dead 1 iy_dead 1 f_dead 1
                            248 ;	genMove_o size 2 result type 6 source type 6 a_dead 1 hl_dead 1 de_dead 1 iy_dead 1 f_dead 1
   0132 DD 7E F7      [19]  249 	ld	a, -9 (ix)
   0135 DD 77 FE      [19]  250 	ld	-2 (ix), a
   0138 DD 7E F8      [19]  251 	ld	a, -8 (ix)
   013B DD 77 FF      [19]  252 	ld	-1 (ix), a
                            253 ;	genMove_o size 0 result type 6 source type 1 a_dead 1 hl_dead 1 de_dead 1 iy_dead 1 f_dead 1
                            254 ;	genCmpEq
   013E DD 7E FA      [19]  255 	ld	a, -6 (ix)
   0141 B7            [ 4]  256 	or	a, a
   0142 DD B6 FB      [19]  257 	or	a, -5 (ix)
   0145 DD B6 FC      [19]  258 	or	a, -4 (ix)
   0148 DD B6 FD      [19]  259 	or	a, -3 (ix)
                            260 ; common peephole 163 changed absolute to relative conditional jump.
   014B 20 0E         [12]  261 	jr	nz, 00232$
                            262 ;	genMove_o size 1 result type 2 source type 6 a_dead 1 hl_dead 1 de_dead 0 iy_dead 0 f_dead 1
   014D DD 7E FE      [19]  263 	ld	a, -2 (ix)
                            264 ;	genMove_o size 0 result type 2 source type 1 a_dead 1 hl_dead 1 de_dead 0 iy_dead 0 f_dead 1
   0150 D6 55         [ 7]  265 	sub	a, #0x55
                            266 ; common peephole 163 changed absolute to relative conditional jump.
   0152 20 07         [12]  267 	jr	nz, 00232$
                            268 ;	genMove_o size 1 result type 2 source type 6 a_dead 1 hl_dead 1 de_dead 0 iy_dead 0 f_dead 1
   0154 DD 7E FF      [19]  269 	ld	a, -1 (ix)
                            270 ;	genMove_o size 0 result type 2 source type 1 a_dead 1 hl_dead 1 de_dead 0 iy_dead 0 f_dead 1
   0157 D6 AA         [ 7]  271 	sub	a, #0xaa
                            272 ; common peephole 163 changed absolute to relative conditional jump.
   0159 28 11         [12]  273 	jr	z, 00106$
                            274 ; common peephole 81 removed jp by using inverse jump logic
   015B                     275 00232$:
                            276 ;	skipping generated iCode
                            277 ;	skipping iCode since result will be rematerialized
                            278 ;	skipping iCode since result will be rematerialized
                            279 ;	skipping iCode since result will be rematerialized
                            280 ;	skipping iCode since result will be rematerialized
                            281 ;	skipping iCode since result will be rematerialized
                            282 ;	skipping iCode since result will be rematerialized
                            283 ;	genIpush
                            284 ;	genMove_o size 2 result type 2 source type 1 a_dead 1 hl_dead 1 de_dead 1 iy_dead 1 f_dead 1
   015B 21 2A 00      [10]  285 	ld	hl, #0x002a
   015E E5            [11]  286 	push	hl
                            287 ;	genIpush
                            288 ;	genMove_o size 2 result type 2 source type 7 a_dead 1 hl_dead 1 de_dead 1 iy_dead 1 f_dead 1
   015F 21r6Bs07      [10]  289 	ld	hl, #___str_2
   0162 E5            [11]  290 	push	hl
                            291 ;	genSend
                            292 ;	genMove_o size 2 result type 2 source type 7 a_dead 1 hl_dead 1 de_dead 1 iy_dead 1 f_dead 1
   0163 11rA5s07      [10]  293 	ld	de, #___str_3
                            294 ;	genSend
                            295 ;	genMove_o size 2 result type 2 source type 7 a_dead 1 hl_dead 1 de_dead 0 iy_dead 1 f_dead 1
   0166 21r3Es07      [10]  296 	ld	hl, #___str_0
                            297 ;	genCall
   0169 CDr00s00      [17]  298 	call	___fail
                            299 ;	genLabel
   016C                     300 00106$:
                            301 ;cases/bitintrot/bitintrot_width_48_dist_32_storage_auto.c:43: ASSERT (ROR (t1) == ROR (TESTVECT1));
                            302 ;	genPlus
                            303 ;	genMove_o size 2 result type 2 source type 10 a_dead 1 hl_dead 1 de_dead 1 iy_dead 1 f_dead 1
   016C 2Ar00s00      [16]  304 	ld	hl, (___numTests)
   016F 23            [ 6]  305 	inc	hl
                            306 ;	genMove_o size 2 result type 10 source type 2 a_dead 1 hl_dead 1 de_dead 1 iy_dead 1 f_dead 1
   0170 22r00s00      [16]  307 	ld	(___numTests), hl
                            308 ;	genRightShift
                            309 ;	genMove_o size 2 result type 6 source type 6 a_dead 1 hl_dead 1 de_dead 1 iy_dead 1 f_dead 1
   0173 DD 7E EB      [19]  310 	ld	a, -21 (ix)
   0176 DD 77 F3      [19]  311 	ld	-13 (ix), a
   0179 DD 7E EC      [19]  312 	ld	a, -20 (ix)
   017C DD 77 F4      [19]  313 	ld	-12 (ix), a
                            314 ;	genMove_o size 0 result type 6 source type 1 a_dead 1 hl_dead 1 de_dead 1 iy_dead 1 f_dead 1
                            315 ;	genMove_o size 4 result type 6 source type 1 a_dead 1 hl_dead 1 de_dead 0 iy_dead 1 f_dead 1
   017F AF            [ 4]  316 	xor	a, a
   0180 DD 77 F5      [19]  317 	ld	-11 (ix), a
   0183 DD 77 F6      [19]  318 	ld	-10 (ix), a
   0186 DD 77 F7      [19]  319 	ld	-9 (ix), a
   0189 DD 77 F8      [19]  320 	ld	-8 (ix), a
                            321 ;	genMove_o size 6 result type 6 source type 6 a_dead 1 hl_dead 1 de_dead 1 iy_dead 1 f_dead 1
                            322 ;	genLeftShift
                            323 ;	genMove_o size 4 result type 6 source type 6 a_dead 1 hl_dead 1 de_dead 1 iy_dead 1 f_dead 1
   018C DD 7E E7      [19]  324 	ld	a, -25 (ix)
   018F DD 77 FC      [19]  325 	ld	-4 (ix), a
   0192 DD 7E E8      [19]  326 	ld	a, -24 (ix)
   0195 DD 77 FD      [19]  327 	ld	-3 (ix), a
   0198 DD 7E E9      [19]  328 	ld	a, -23 (ix)
   019B DD 77 FE      [19]  329 	ld	-2 (ix), a
   019E DD 7E EA      [19]  330 	ld	a, -22 (ix)
   01A1 DD 77 FF      [19]  331 	ld	-1 (ix), a
                            332 ;	genMove_o size 0 result type 6 source type 1 a_dead 1 hl_dead 1 de_dead 1 iy_dead 1 f_dead 1
                            333 ;	genMove_o size 2 result type 6 source type 1 a_dead 1 hl_dead 1 de_dead 1 iy_dead 1 f_dead 1
   01A4 AF            [ 4]  334 	xor	a, a
   01A5 DD 77 FA      [19]  335 	ld	-6 (ix), a
   01A8 DD 77 FB      [19]  336 	ld	-5 (ix), a
                            337 ;	genMove_o size 6 result type 6 source type 6 a_dead 1 hl_dead 1 de_dead 1 iy_dead 1 f_dead 1
                            338 ;	genOr
   01AB DD 7E FA      [19]  339 	ld	a, -6 (ix)
   01AE DD B6 F3      [19]  340 	or	a, -13 (ix)
                            341 ;	genMove_o size 1 result type 6 source type 2 a_dead 1 hl_dead 1 de_dead 1 iy_dead 1 f_dead 1
   01B1 DD 77 FA      [19]  342 	ld	-6 (ix), a
                            343 ;	genMove_o size 0 result type 6 source type 1 a_dead 1 hl_dead 1 de_dead 1 iy_dead 1 f_dead 1
   01B4 DD 7E FB      [19]  344 	ld	a, -5 (ix)
   01B7 DD B6 F4      [19]  345 	or	a, -12 (ix)
                            346 ;	genMove_o size 1 result type 6 source type 2 a_dead 1 hl_dead 1 de_dead 1 iy_dead 1 f_dead 1
   01BA DD 77 FB      [19]  347 	ld	-5 (ix), a
                            348 ;	genMove_o size 0 result type 6 source type 1 a_dead 1 hl_dead 1 de_dead 1 iy_dead 1 f_dead 1
                            349 ;	genMove_o size 4 result type 6 source type 6 a_dead 1 hl_dead 1 de_dead 1 iy_dead 1 f_dead 1
                            350 ;	genCmpEq
   01BD DD 7E FA      [19]  351 	ld	a, -6 (ix)
   01C0 B7            [ 4]  352 	or	a, a
   01C1 DD B6 FB      [19]  353 	or	a, -5 (ix)
                            354 ; common peephole 163 changed absolute to relative conditional jump.
   01C4 20 10         [12]  355 	jr	nz, 00237$
                            356 ;	genMove_o size 1 result type 2 source type 6 a_dead 1 hl_dead 1 de_dead 0 iy_dead 0 f_dead 1
   01C6 DD 7E FC      [19]  357 	ld	a, -4 (ix)
                            358 ;	genMove_o size 0 result type 2 source type 1 a_dead 1 hl_dead 1 de_dead 0 iy_dead 0 f_dead 1
   01C9 D6 A5         [ 7]  359 	sub	a, #0xa5
   01CB DD B6 FD      [19]  360 	or	a, -3 (ix)
   01CE DD B6 FE      [19]  361 	or	a, -2 (ix)
   01D1 DD B6 FF      [19]  362 	or	a, -1 (ix)
                            363 ; common peephole 163 changed absolute to relative conditional jump.
   01D4 28 11         [12]  364 	jr	z, 00108$
                            365 ; common peephole 81 removed jp by using inverse jump logic
   01D6                     366 00237$:
                            367 ;	skipping generated iCode
                            368 ;	skipping iCode since result will be rematerialized
                            369 ;	skipping iCode since result will be rematerialized
                            370 ;	skipping iCode since result will be rematerialized
                            371 ;	skipping iCode since result will be rematerialized
                            372 ;	skipping iCode since result will be rematerialized
                            373 ;	skipping iCode since result will be rematerialized
                            374 ;	genIpush
                            375 ;	genMove_o size 2 result type 2 source type 1 a_dead 1 hl_dead 1 de_dead 1 iy_dead 1 f_dead 1
   01D6 21 2B 00      [10]  376 	ld	hl, #0x002b
   01D9 E5            [11]  377 	push	hl
                            378 ;	genIpush
                            379 ;	genMove_o size 2 result type 2 source type 7 a_dead 1 hl_dead 1 de_dead 1 iy_dead 1 f_dead 1
   01DA 21r6Bs07      [10]  380 	ld	hl, #___str_2
   01DD E5            [11]  381 	push	hl
                            382 ;	genSend
                            383 ;	genMove_o size 2 result type 2 source type 7 a_dead 1 hl_dead 1 de_dead 1 iy_dead 1 f_dead 1
   01DE 11rC1s07      [10]  384 	ld	de, #___str_4
                            385 ;	genSend
                            386 ;	genMove_o size 2 result type 2 source type 7 a_dead 1 hl_dead 1 de_dead 0 iy_dead 1 f_dead 1
   01E1 21r3Es07      [10]  387 	ld	hl, #___str_0
                            388 ;	genCall
   01E4 CDr00s00      [17]  389 	call	___fail
                            390 ;	genLabel
   01E7                     391 00108$:
                            392 ;cases/bitintrot/bitintrot_width_48_dist_32_storage_auto.c:44: ASSERT (ROR (t2) == ROR (TESTVECT2));
                            393 ;	genPlus
                            394 ;	genMove_o size 2 result type 2 source type 10 a_dead 1 hl_dead 1 de_dead 1 iy_dead 1 f_dead 1
   01E7 2Ar00s00      [16]  395 	ld	hl, (___numTests)
   01EA 23            [ 6]  396 	inc	hl
                            397 ;	genMove_o size 2 result type 10 source type 2 a_dead 1 hl_dead 1 de_dead 1 iy_dead 1 f_dead 1
   01EB 22r00s00      [16]  398 	ld	(___numTests), hl
                            399 ;	genRightShift
                            400 ;	genMove_o size 2 result type 6 source type 6 a_dead 1 hl_dead 1 de_dead 1 iy_dead 1 f_dead 1
   01EE DD 7E F1      [19]  401 	ld	a, -15 (ix)
   01F1 DD 77 F3      [19]  402 	ld	-13 (ix), a
   01F4 DD 7E F2      [19]  403 	ld	a, -14 (ix)
   01F7 DD 77 F4      [19]  404 	ld	-12 (ix), a
                            405 ;	genMove_o size 0 result type 6 source type 1 a_dead 1 hl_dead 1 de_dead 1 iy_dead 1 f_dead 1
                            406 ;	genMove_o size 4 result type 6 source type 1 a_dead 1 hl_dead 1 de_dead 0 iy_dead 1 f_dead 1
   01FA AF            [ 4]  407 	xor	a, a
   01FB DD 77 F5      [19]  408 	ld	-11 (ix), a
   01FE DD 77 F6      [19]  409 	ld	-10 (ix), a
   0201 DD 77 F7      [19]  410 	ld	-9 (ix), a
   0204 DD 77 F8      [19]  411 	ld	-8 (ix), a
                            412 ;	genMove_o size 6 result type 6 source type 6 a_dead 1 hl_dead 1 de_dead 1 iy_dead 1 f_dead 1
                            413 ;	genLeftShift
                            414 ;	genMove_o size 4 result type 6 source type 6 a_dead 1 hl_dead 1 de_dead 1 iy_dead 1 f_dead 1
   0207 DD 7E ED      [19]  415 	ld	a, -19 (ix)
   020A DD 77 FC      [19]  416 	ld	-4 (ix), a
   020D DD 7E EE      [19]  417 	ld	a, -18 (ix)
   0210 DD 77 FD      [19]  418 	ld	-3 (ix), a
   0213 DD 7E EF      [19]  419 	ld	a, -17 (ix)
   0216 DD 77 FE      [19]  420 	ld	-2 (ix), a
   0219 DD 7E F0      [19]  421 	ld	a, -16 (ix)
   021C DD 77 FF      [19]  422 	ld	-1 (ix), a
                            423 ;	genMove_o size 0 result type 6 source type 1 a_dead 1 hl_dead 1 de_dead 1 iy_dead 1 f_dead 1
                            424 ;	genMove_o size 2 result type 6 source type 1 a_dead 1 hl_dead 1 de_dead 1 iy_dead 1 f_dead 1
   021F AF            [ 4]  425 	xor	a, a
   0220 DD 77 FA      [19]  426 	ld	-6 (ix), a
   0223 DD 77 FB      [19]  427 	ld	-5 (ix), a
                            428 ;	genMove_o size 6 result type 6 source type 6 a_dead 1 hl_dead 1 de_dead 1 iy_dead 1 f_dead 1
                            429 ;	genOr
   0226 DD 7E FA      [19]  430 	ld	a, -6 (ix)
   0229 DD B6 F3      [19]  431 	or	a, -13 (ix)
                            432 ;	genMove_o size 1 result type 6 source type 2 a_dead 1 hl_dead 1 de_dead 1 iy_dead 1 f_dead 1
   022C DD 77 FA      [19]  433 	ld	-6 (ix), a
                            434 ;	genMove_o size 0 result type 6 source type 1 a_dead 1 hl_dead 1 de_dead 1 iy_dead 1 f_dead 1
   022F DD 7E FB      [19]  435 	ld	a, -5 (ix)
   0232 DD B6 F4      [19]  436 	or	a, -12 (ix)
                            437 ;	genMove_o size 1 result type 6 source type 2 a_dead 1 hl_dead 1 de_dead 1 iy_dead 1 f_dead 1
   0235 DD 77 FB      [19]  438 	ld	-5 (ix), a
                            439 ;	genMove_o size 0 result type 6 source type 1 a_dead 1 hl_dead 1 de_dead 1 iy_dead 1 f_dead 1
                            440 ;	genMove_o size 4 result type 6 source type 6 a_dead 1 hl_dead 1 de_dead 1 iy_dead 1 f_dead 1
                            441 ;	genCmpEq
   0238 DD 7E FA      [19]  442 	ld	a, -6 (ix)
   023B B7            [ 4]  443 	or	a, a
   023C DD B6 FB      [19]  444 	or	a, -5 (ix)
                            445 ; common peephole 163 changed absolute to relative conditional jump.
   023F 20 14         [12]  446 	jr	nz, 00242$
                            447 ;	genMove_o size 1 result type 2 source type 6 a_dead 1 hl_dead 1 de_dead 0 iy_dead 0 f_dead 1
   0241 DD 7E FC      [19]  448 	ld	a, -4 (ix)
                            449 ;	genMove_o size 0 result type 2 source type 1 a_dead 1 hl_dead 1 de_dead 0 iy_dead 0 f_dead 1
   0244 D6 55         [ 7]  450 	sub	a, #0x55
                            451 ; common peephole 163 changed absolute to relative conditional jump.
   0246 20 0D         [12]  452 	jr	nz, 00242$
                            453 ;	genMove_o size 1 result type 2 source type 6 a_dead 1 hl_dead 1 de_dead 0 iy_dead 0 f_dead 1
   0248 DD 7E FD      [19]  454 	ld	a, -3 (ix)
                            455 ;	genMove_o size 0 result type 2 source type 1 a_dead 1 hl_dead 1 de_dead 0 iy_dead 0 f_dead 1
   024B D6 AA         [ 7]  456 	sub	a, #0xaa
   024D DD B6 FE      [19]  457 	or	a, -2 (ix)
   0250 DD B6 FF      [19]  458 	or	a, -1 (ix)
                            459 ; common peephole 163 changed absolute to relative conditional jump.
   0253 28 11         [12]  460 	jr	z, 00110$
                            461 ; common peephole 81 removed jp by using inverse jump logic
   0255                     462 00242$:
                            463 ;	skipping generated iCode
                            464 ;	skipping iCode since result will be rematerialized
                            465 ;	skipping iCode since result will be rematerialized
                            466 ;	skipping iCode since result will be rematerialized
                            467 ;	skipping iCode since result will be rematerialized
                            468 ;	skipping iCode since result will be rematerialized
                            469 ;	skipping iCode since result will be rematerialized
                            470 ;	genIpush
                            471 ;	genMove_o size 2 result type 2 source type 1 a_dead 1 hl_dead 1 de_dead 1 iy_dead 1 f_dead 1
   0255 21 2C 00      [10]  472 	ld	hl, #0x002c
   0258 E5            [11]  473 	push	hl
                            474 ;	genIpush
                            475 ;	genMove_o size 2 result type 2 source type 7 a_dead 1 hl_dead 1 de_dead 1 iy_dead 1 f_dead 1
   0259 21r6Bs07      [10]  476 	ld	hl, #___str_2
   025C E5            [11]  477 	push	hl
                            478 ;	genSend
                            479 ;	genMove_o size 2 result type 2 source type 7 a_dead 1 hl_dead 1 de_dead 1 iy_dead 1 f_dead 1
   025D 11rDDs07      [10]  480 	ld	de, #___str_5
                            481 ;	genSend
                            482 ;	genMove_o size 2 result type 2 source type 7 a_dead 1 hl_dead 1 de_dead 0 iy_dead 1 f_dead 1
   0260 21r3Es07      [10]  483 	ld	hl, #___str_0
                            484 ;	genCall
   0263 CDr00s00      [17]  485 	call	___fail
                            486 ;	genLabel
   0266                     487 00110$:
                            488 ;cases/bitintrot/bitintrot_width_48_dist_32_storage_auto.c:45: ASSERT (NROL (t1) == NROL (TESTVECT1));
                            489 ;	genPlus
                            490 ;	genMove_o size 2 result type 2 source type 10 a_dead 1 hl_dead 1 de_dead 1 iy_dead 1 f_dead 1
   0266 2Ar00s00      [16]  491 	ld	hl, (___numTests)
   0269 23            [ 6]  492 	inc	hl
                            493 ;	genMove_o size 2 result type 10 source type 2 a_dead 1 hl_dead 1 de_dead 1 iy_dead 1 f_dead 1
   026A 22r00s00      [16]  494 	ld	(___numTests), hl
                            495 ;	genLeftShift
                            496 ;	genMove_o size 5 result type 6 source type 6 a_dead 1 hl_dead 1 de_dead 1 iy_dead 1 f_dead 1
   026D DD 7E E7      [19]  497 	ld	a, -25 (ix)
   0270 DD 77 F4      [19]  498 	ld	-12 (ix), a
   0273 DD 7E E8      [19]  499 	ld	a, -24 (ix)
   0276 DD 77 F5      [19]  500 	ld	-11 (ix), a
   0279 DD 7E E9      [19]  501 	ld	a, -23 (ix)
   027C DD 77 F6      [19]  502 	ld	-10 (ix), a
   027F DD 7E EA      [19]  503 	ld	a, -22 (ix)
   0282 DD 77 F7      [19]  504 	ld	-9 (ix), a
   0285 DD 7E EB      [19]  505 	ld	a, -21 (ix)
   0288 DD 77 F8      [19]  506 	ld	-8 (ix), a
                            507 ;	genMove_o size 0 result type 6 source type 1 a_dead 1 hl_dead 1 de_dead 1 iy_dead 1 f_dead 1
                            508 ;	genMove_o size 1 result type 6 source type 1 a_dead 1 hl_dead 1 de_dead 1 iy_dead 1 f_dead 1
   028B DD 36 F3 00   [19]  509 	ld	-13 (ix), #0x00
                            510 ;	genMove_o size 6 result type 6 source type 6 a_dead 1 hl_dead 1 de_dead 1 iy_dead 1 f_dead 1
                            511 ;	genRightShift
                            512 ;	genMove_o size 4 result type 6 source type 6 a_dead 1 hl_dead 1 de_dead 1 iy_dead 1 f_dead 1
   028F DD 7E E9      [19]  513 	ld	a, -23 (ix)
   0292 DD 77 FA      [19]  514 	ld	-6 (ix), a
   0295 DD 7E EA      [19]  515 	ld	a, -22 (ix)
   0298 DD 77 FB      [19]  516 	ld	-5 (ix), a
   029B DD 7E EB      [19]  517 	ld	a, -21 (ix)
   029E DD 77 FC      [19]  518 	ld	-4 (ix), a
   02A1 DD 7E EC      [19]  519 	ld	a, -20 (ix)
   02A4 DD 77 FD      [19]  520 	ld	-3 (ix), a
                            521 ;	genMove_o size 0 result type 6 source type 1 a_dead 1 hl_dead 1 de_dead 1 iy_dead 1 f_dead 1
                            522 ;	genMove_o size 2 result type 6 source type 1 a_dead 1 hl_dead 1 de_dead 0 iy_dead 1 f_dead 1
   02A7 AF            [ 4]  523 	xor	a, a
   02A8 DD 77 FE      [19]  524 	ld	-2 (ix), a
   02AB DD 77 FF      [19]  525 	ld	-1 (ix), a
                            526 ;	genMove_o size 6 result type 6 source type 6 a_dead 1 hl_dead 1 de_dead 1 iy_dead 1 f_dead 1
                            527 ;	genOr
                            528 ;	genMove_o size 1 result type 6 source type 6 a_dead 1 hl_dead 1 de_dead 1 iy_dead 1 f_dead 1
   02AE DD 7E FB      [19]  529 	ld	a, -5 (ix)
   02B1 DD B6 F4      [19]  530 	or	a, -12 (ix)
                            531 ;	genMove_o size 1 result type 6 source type 2 a_dead 1 hl_dead 1 de_dead 1 iy_dead 1 f_dead 1
   02B4 DD 77 FB      [19]  532 	ld	-5 (ix), a
                            533 ;	genMove_o size 0 result type 6 source type 1 a_dead 1 hl_dead 1 de_dead 1 iy_dead 1 f_dead 1
   02B7 DD 7E FC      [19]  534 	ld	a, -4 (ix)
   02BA DD B6 F5      [19]  535 	or	a, -11 (ix)
                            536 ;	genMove_o size 1 result type 6 source type 2 a_dead 1 hl_dead 1 de_dead 1 iy_dead 1 f_dead 1
   02BD DD 77 FC      [19]  537 	ld	-4 (ix), a
                            538 ;	genMove_o size 0 result type 6 source type 1 a_dead 1 hl_dead 1 de_dead 1 iy_dead 1 f_dead 1
   02C0 DD 7E FD      [19]  539 	ld	a, -3 (ix)
   02C3 DD B6 F6      [19]  540 	or	a, -10 (ix)
                            541 ;	genMove_o size 1 result type 6 source type 2 a_dead 1 hl_dead 1 de_dead 1 iy_dead 1 f_dead 1
   02C6 DD 77 FD      [19]  542 	ld	-3 (ix), a
                            543 ;	genMove_o size 0 result type 6 source type 1 a_dead 1 hl_dead 1 de_dead 1 iy_dead 1 f_dead 1
                            544 ;	genMove_o size 2 result type 6 source type 6 a_dead 1 hl_dead 1 de_dead 1 iy_dead 1 f_dead 1
   02C9 DD 7E F7      [19]  545 	ld	a, -9 (ix)
   02CC DD 77 FE      [19]  546 	ld	-2 (ix), a
   02CF DD 7E F8      [19]  547 	ld	a, -8 (ix)
   02D2 DD 77 FF      [19]  548 	ld	-1 (ix), a
                            549 ;	genMove_o size 0 result type 6 source type 1 a_dead 1 hl_dead 1 de_dead 1 iy_dead 1 f_dead 1
                            550 ;	genCmpEq
   02D5 DD 7E FA      [19]  551 	ld	a, -6 (ix)
   02D8 B7            [ 4]  552 	or	a, a
                            553 ; common peephole 163 changed absolute to relative conditional jump.
   02D9 20 13         [12]  554 	jr	nz, 00247$
                            555 ;	genMove_o size 1 result type 2 source type 6 a_dead 1 hl_dead 1 de_dead 0 iy_dead 0 f_dead 1
   02DB DD 7E FB      [19]  556 	ld	a, -5 (ix)
                            557 ;	genMove_o size 0 result type 2 source type 1 a_dead 1 hl_dead 1 de_dead 0 iy_dead 0 f_dead 1
   02DE D6 A5         [ 7]  558 	sub	a, #0xa5
   02E0 DD B6 FC      [19]  559 	or	a, -4 (ix)
   02E3 DD B6 FD      [19]  560 	or	a, -3 (ix)
   02E6 DD B6 FE      [19]  561 	or	a, -2 (ix)
   02E9 DD B6 FF      [19]  562 	or	a, -1 (ix)
                            563 ; common peephole 163 changed absolute to relative conditional jump.
   02EC 28 11         [12]  564 	jr	z, 00112$
                            565 ; common peephole 81 removed jp by using inverse jump logic
   02EE                     566 00247$:
                            567 ;	skipping generated iCode
                            568 ;	skipping iCode since result will be rematerialized
                            569 ;	skipping iCode since result will be rematerialized
                            570 ;	skipping iCode since result will be rematerialized
                            571 ;	skipping iCode since result will be rematerialized
                            572 ;	skipping iCode since result will be rematerialized
                            573 ;	skipping iCode since result will be rematerialized
                            574 ;	genIpush
                            575 ;	genMove_o size 2 result type 2 source type 1 a_dead 1 hl_dead 1 de_dead 1 iy_dead 1 f_dead 1
   02EE 21 2D 00      [10]  576 	ld	hl, #0x002d
   02F1 E5            [11]  577 	push	hl
                            578 ;	genIpush
                            579 ;	genMove_o size 2 result type 2 source type 7 a_dead 1 hl_dead 1 de_dead 1 iy_dead 1 f_dead 1
   02F2 21r6Bs07      [10]  580 	ld	hl, #___str_2
   02F5 E5            [11]  581 	push	hl
                            582 ;	genSend
                            583 ;	genMove_o size 2 result type 2 source type 7 a_dead 1 hl_dead 1 de_dead 1 iy_dead 1 f_dead 1
   02F6 11rF9s07      [10]  584 	ld	de, #___str_6
                            585 ;	genSend
                            586 ;	genMove_o size 2 result type 2 source type 7 a_dead 1 hl_dead 1 de_dead 0 iy_dead 1 f_dead 1
   02F9 21r3Es07      [10]  587 	ld	hl, #___str_0
                            588 ;	genCall
   02FC CDr00s00      [17]  589 	call	___fail
                            590 ;	genLabel
   02FF                     591 00112$:
                            592 ;cases/bitintrot/bitintrot_width_48_dist_32_storage_auto.c:46: ASSERT (NROL (t2) == NROL (TESTVECT2));
                            593 ;	genPlus
                            594 ;	genMove_o size 2 result type 2 source type 10 a_dead 1 hl_dead 1 de_dead 1 iy_dead 1 f_dead 1
   02FF 2Ar00s00      [16]  595 	ld	hl, (___numTests)
   0302 23            [ 6]  596 	inc	hl
                            597 ;	genMove_o size 2 result type 10 source type 2 a_dead 1 hl_dead 1 de_dead 1 iy_dead 1 f_dead 1
   0303 22r00s00      [16]  598 	ld	(___numTests), hl
                            599 ;	genLeftShift
                            600 ;	genMove_o size 5 result type 6 source type 6 a_dead 1 hl_dead 1 de_dead 1 iy_dead 1 f_dead 1
   0306 DD 7E ED      [19]  601 	ld	a, -19 (ix)
   0309 DD 77 F4      [19]  602 	ld	-12 (ix), a
   030C DD 7E EE      [19]  603 	ld	a, -18 (ix)
   030F DD 77 F5      [19]  604 	ld	-11 (ix), a
   0312 DD 7E EF      [19]  605 	ld	a, -17 (ix)
   0315 DD 77 F6      [19]  606 	ld	-10 (ix), a
   0318 DD 7E F0      [19]  607 	ld	a, -16 (ix)
   031B DD 77 F7      [19]  608 	ld	-9 (ix), a
   031E DD 7E F1      [19]  609 	ld	a, -15 (ix)
   0321 DD 77 F8      [19]  610 	ld	-8 (ix), a
                            611 ;	genMove_o size 0 result type 6 source type 1 a_dead 1 hl_dead 1 de_dead 1 iy_dead 1 f_dead 1
                            612 ;	genMove_o size 1 result type 6 source type 1 a_dead 1 hl_dead 1 de_dead 1 iy_dead 1 f_dead 1
   0324 DD 36 F3 00   [19]  613 	ld	-13 (ix), #0x00
                            614 ;	genMove_o size 6 result type 6 source type 6 a_dead 1 hl_dead 1 de_dead 1 iy_dead 1 f_dead 1
                            615 ;	genRightShift
                            616 ;	genMove_o size 4 result type 6 source type 6 a_dead 1 hl_dead 1 de_dead 1 iy_dead 1 f_dead 1
   0328 DD 7E EF      [19]  617 	ld	a, -17 (ix)
   032B DD 77 FA      [19]  618 	ld	-6 (ix), a
   032E DD 7E F0      [19]  619 	ld	a, -16 (ix)
   0331 DD 77 FB      [19]  620 	ld	-5 (ix), a
   0334 DD 7E F1      [19]  621 	ld	a, -15 (ix)
   0337 DD 77 FC      [19]  622 	ld	-4 (ix), a
   033A DD 7E F2      [19]  623 	ld	a, -14 (ix)
   033D DD 77 FD      [19]  624 	ld	-3 (ix), a
                            625 ;	genMove_o size 0 result type 6 source type 1 a_dead 1 hl_dead 1 de_dead 1 iy_dead 1 f_dead 1
                            626 ;	genMove_o size 2 result type 6 source type 1 a_dead 1 hl_dead 1 de_dead 0 iy_dead 1 f_dead 1
   0340 AF            [ 4]  627 	xor	a, a
   0341 DD 77 FE      [19]  628 	ld	-2 (ix), a
   0344 DD 77 FF      [19]  629 	ld	-1 (ix), a
                            630 ;	genMove_o size 6 result type 6 source type 6 a_dead 1 hl_dead 1 de_dead 1 iy_dead 1 f_dead 1
                            631 ;	genOr
                            632 ;	genMove_o size 1 result type 6 source type 6 a_dead 1 hl_dead 1 de_dead 1 iy_dead 1 f_dead 1
   0347 DD 7E FB      [19]  633 	ld	a, -5 (ix)
   034A DD B6 F4      [19]  634 	or	a, -12 (ix)
                            635 ;	genMove_o size 1 result type 6 source type 2 a_dead 1 hl_dead 1 de_dead 1 iy_dead 1 f_dead 1
   034D DD 77 FB      [19]  636 	ld	-5 (ix), a
                            637 ;	genMove_o size 0 result type 6 source type 1 a_dead 1 hl_dead 1 de_dead 1 iy_dead 1 f_dead 1
   0350 DD 7E FC      [19]  638 	ld	a, -4 (ix)
   0353 DD B6 F5      [19]  639 	or	a, -11 (ix)
                            640 ;	genMove_o size 1 result type 6 source type 2 a_dead 1 hl_dead 1 de_dead 1 iy_dead 1 f_dead 1
   0356 DD 77 FC      [19]  641 	ld	-4 (ix), a
                            642 ;	genMove_o size 0 result type 6 source type 1 a_dead 1 hl_dead 1 de_dead 1 iy_dead 1 f_dead 1
   0359 DD 7E FD      [19]  643 	ld	a, -3 (ix)
   035C DD B6 F6      [19]  644 	or	a, -10 (ix)
                            645 ;	genMove_o size 1 result type 6 source type 2 a_dead 1 hl_dead 1 de_dead 1 iy_dead 1 f_dead 1
   035F DD 77 FD      [19]  646 	ld	-3 (ix), a
                            647 ;	genMove_o size 0 result type 6 source type 1 a_dead 1 hl_dead 1 de_dead 1 iy_dead 1 f_dead 1
                            648 ;	genMove_o size 2 result type 6 source type 6 a_dead 1 hl_dead 1 de_dead 1 iy_dead 1 f_dead 1
   0362 DD 7E F7      [19]  649 	ld	a, -9 (ix)
   0365 DD 77 FE      [19]  650 	ld	-2 (ix), a
   0368 DD 7E F8      [19]  651 	ld	a, -8 (ix)
   036B DD 77 FF      [19]  652 	ld	-1 (ix), a
                            653 ;	genMove_o size 0 result type 6 source type 1 a_dead 1 hl_dead 1 de_dead 1 iy_dead 1 f_dead 1
                            654 ;	genCmpEq
   036E DD 7E FA      [19]  655 	ld	a, -6 (ix)
   0371 B7            [ 4]  656 	or	a, a
                            657 ; common peephole 163 changed absolute to relative conditional jump.
   0372 20 17         [12]  658 	jr	nz, 00252$
                            659 ;	genMove_o size 1 result type 2 source type 6 a_dead 1 hl_dead 1 de_dead 0 iy_dead 0 f_dead 1
   0374 DD 7E FB      [19]  660 	ld	a, -5 (ix)
                            661 ;	genMove_o size 0 result type 2 source type 1 a_dead 1 hl_dead 1 de_dead 0 iy_dead 0 f_dead 1
   0377 D6 55         [ 7]  662 	sub	a, #0x55
                            663 ; common peephole 163 changed absolute to relative conditional jump.
   0379 20 10         [12]  664 	jr	nz, 00252$
                            665 ;	genMove_o size 1 result type 2 source type 6 a_dead 1 hl_dead 1 de_dead 0 iy_dead 0 f_dead 1
   037B DD 7E FC      [19]  666 	ld	a, -4 (ix)
                            667 ;	genMove_o size 0 result type 2 source type 1 a_dead 1 hl_dead 1 de_dead 0 iy_dead 0 f_dead 1
   037E D6 AA         [ 7]  668 	sub	a, #0xaa
   0380 DD B6 FD      [19]  669 	or	a, -3 (ix)
   0383 DD B6 FE      [19]  670 	or	a, -2 (ix)
   0386 DD B6 FF      [19]  671 	or	a, -1 (ix)
                            672 ; common peephole 163 changed absolute to relative conditional jump.
   0389 28 11         [12]  673 	jr	z, 00114$
                            674 ; common peephole 81 removed jp by using inverse jump logic
   038B                     675 00252$:
                            676 ;	skipping generated iCode
                            677 ;	skipping iCode since result will be rematerialized
                            678 ;	skipping iCode since result will be rematerialized
                            679 ;	skipping iCode since result will be rematerialized
                            680 ;	skipping iCode since result will be rematerialized
                            681 ;	skipping iCode since result will be rematerialized
                            682 ;	skipping iCode since result will be rematerialized
                            683 ;	genIpush
                            684 ;	genMove_o size 2 result type 2 source type 1 a_dead 1 hl_dead 1 de_dead 1 iy_dead 1 f_dead 1
   038B 21 2E 00      [10]  685 	ld	hl, #0x002e
   038E E5            [11]  686 	push	hl
                            687 ;	genIpush
                            688 ;	genMove_o size 2 result type 2 source type 7 a_dead 1 hl_dead 1 de_dead 1 iy_dead 1 f_dead 1
   038F 21r6Bs07      [10]  689 	ld	hl, #___str_2
   0392 E5            [11]  690 	push	hl
                            691 ;	genSend
                            692 ;	genMove_o size 2 result type 2 source type 7 a_dead 1 hl_dead 1 de_dead 1 iy_dead 1 f_dead 1
   0393 11r17s08      [10]  693 	ld	de, #___str_7
                            694 ;	genSend
                            695 ;	genMove_o size 2 result type 2 source type 7 a_dead 1 hl_dead 1 de_dead 0 iy_dead 1 f_dead 1
   0396 21r3Es07      [10]  696 	ld	hl, #___str_0
                            697 ;	genCall
   0399 CDr00s00      [17]  698 	call	___fail
                            699 ;	genLabel
   039C                     700 00114$:
                            701 ;cases/bitintrot/bitintrot_width_48_dist_32_storage_auto.c:47: ASSERT (NROL2 (t1) == NROL2 (TESTVECT1));
                            702 ;	genPlus
                            703 ;	genMove_o size 2 result type 2 source type 10 a_dead 1 hl_dead 1 de_dead 1 iy_dead 1 f_dead 1
   039C 2Ar00s00      [16]  704 	ld	hl, (___numTests)
   039F 23            [ 6]  705 	inc	hl
                            706 ;	genMove_o size 2 result type 10 source type 2 a_dead 1 hl_dead 1 de_dead 1 iy_dead 1 f_dead 1
   03A0 22r00s00      [16]  707 	ld	(___numTests), hl
                            708 ;	genRightShift
                            709 ;	genMove_o size 5 result type 6 source type 6 a_dead 1 hl_dead 1 de_dead 1 iy_dead 1 f_dead 1
   03A3 DD 7E E8      [19]  710 	ld	a, -24 (ix)
   03A6 DD 77 F3      [19]  711 	ld	-13 (ix), a
   03A9 DD 7E E9      [19]  712 	ld	a, -23 (ix)
   03AC DD 77 F4      [19]  713 	ld	-12 (ix), a
   03AF DD 7E EA      [19]  714 	ld	a, -22 (ix)
   03B2 DD 77 F5      [19]  715 	ld	-11 (ix), a
   03B5 DD 7E EB      [19]  716 	ld	a, -21 (ix)
   03B8 DD 77 F6      [19]  717 	ld	-10 (ix), a
   03BB DD 7E EC      [19]  718 	ld	a, -20 (ix)
   03BE DD 77 F7      [19]  719 	ld	-9 (ix), a
                            720 ;	genMove_o size 0 result type 6 source type 1 a_dead 1 hl_dead 1 de_dead 1 iy_dead 1 f_dead 1
                            721 ;	genMove_o size 1 result type 6 source type 1 a_dead 1 hl_dead 1 de_dead 0 iy_dead 1 f_dead 1
   03C1 DD 36 F8 00   [19]  722 	ld	-8 (ix), #0x00
                            723 ;	genMove_o size 6 result type 6 source type 6 a_dead 1 hl_dead 1 de_dead 1 iy_dead 1 f_dead 1
                            724 ;	genLeftShift
                            725 ;	genMove_o size 4 result type 6 source type 6 a_dead 1 hl_dead 1 de_dead 1 iy_dead 1 f_dead 1
   03C5 DD 7E E7      [19]  726 	ld	a, -25 (ix)
   03C8 DD 77 FC      [19]  727 	ld	-4 (ix), a
   03CB DD 7E E8      [19]  728 	ld	a, -24 (ix)
   03CE DD 77 FD      [19]  729 	ld	-3 (ix), a
   03D1 DD 7E E9      [19]  730 	ld	a, -23 (ix)
   03D4 DD 77 FE      [19]  731 	ld	-2 (ix), a
   03D7 DD 7E EA      [19]  732 	ld	a, -22 (ix)
   03DA DD 77 FF      [19]  733 	ld	-1 (ix), a
                            734 ;	genMove_o size 0 result type 6 source type 1 a_dead 1 hl_dead 1 de_dead 1 iy_dead 1 f_dead 1
                            735 ;	genMove_o size 2 result type 6 source type 1 a_dead 1 hl_dead 1 de_dead 1 iy_dead 1 f_dead 1
   03DD AF            [ 4]  736 	xor	a, a
   03DE DD 77 FA      [19]  737 	ld	-6 (ix), a
   03E1 DD 77 FB      [19]  738 	ld	-5 (ix), a
                            739 ;	genMove_o size 6 result type 6 source type 6 a_dead 1 hl_dead 1 de_dead 1 iy_dead 1 f_dead 1
                            740 ;	genOr
   03E4 DD 7E FA      [19]  741 	ld	a, -6 (ix)
   03E7 DD B6 F3      [19]  742 	or	a, -13 (ix)
                            743 ;	genMove_o size 1 result type 6 source type 2 a_dead 1 hl_dead 1 de_dead 1 iy_dead 1 f_dead 1
   03EA DD 77 FA      [19]  744 	ld	-6 (ix), a
                            745 ;	genMove_o size 0 result type 6 source type 1 a_dead 1 hl_dead 1 de_dead 1 iy_dead 1 f_dead 1
   03ED DD 7E FB      [19]  746 	ld	a, -5 (ix)
   03F0 DD B6 F4      [19]  747 	or	a, -12 (ix)
                            748 ;	genMove_o size 1 result type 6 source type 2 a_dead 1 hl_dead 1 de_dead 1 iy_dead 1 f_dead 1
   03F3 DD 77 FB      [19]  749 	ld	-5 (ix), a
                            750 ;	genMove_o size 0 result type 6 source type 1 a_dead 1 hl_dead 1 de_dead 1 iy_dead 1 f_dead 1
   03F6 DD 7E FC      [19]  751 	ld	a, -4 (ix)
   03F9 DD B6 F5      [19]  752 	or	a, -11 (ix)
                            753 ;	genMove_o size 1 result type 6 source type 2 a_dead 1 hl_dead 1 de_dead 1 iy_dead 1 f_dead 1
   03FC DD 77 FC      [19]  754 	ld	-4 (ix), a
                            755 ;	genMove_o size 0 result type 6 source type 1 a_dead 1 hl_dead 1 de_dead 1 iy_dead 1 f_dead 1
   03FF DD 7E FD      [19]  756 	ld	a, -3 (ix)
   0402 DD B6 F6      [19]  757 	or	a, -10 (ix)
                            758 ;	genMove_o size 1 result type 6 source type 2 a_dead 1 hl_dead 1 de_dead 1 iy_dead 1 f_dead 1
   0405 DD 77 FD      [19]  759 	ld	-3 (ix), a
                            760 ;	genMove_o size 0 result type 6 source type 1 a_dead 1 hl_dead 1 de_dead 1 iy_dead 1 f_dead 1
   0408 DD 7E FE      [19]  761 	ld	a, -2 (ix)
   040B DD B6 F7      [19]  762 	or	a, -9 (ix)
                            763 ;	genMove_o size 1 result type 6 source type 2 a_dead 1 hl_dead 1 de_dead 1 iy_dead 1 f_dead 1
   040E DD 77 FE      [19]  764 	ld	-2 (ix), a
                            765 ;	genMove_o size 0 result type 6 source type 1 a_dead 1 hl_dead 1 de_dead 1 iy_dead 1 f_dead 1
                            766 ;	genMove_o size 1 result type 6 source type 6 a_dead 1 hl_dead 1 de_dead 1 iy_dead 1 f_dead 1
                            767 ;	genCmpEq
   0411 DD 7E FA      [19]  768 	ld	a, -6 (ix)
   0414 B7            [ 4]  769 	or	a, a
   0415 DD B6 FB      [19]  770 	or	a, -5 (ix)
                            771 ; common peephole 163 changed absolute to relative conditional jump.
   0418 20 10         [12]  772 	jr	nz, 00257$
                            773 ;	genMove_o size 1 result type 2 source type 6 a_dead 1 hl_dead 1 de_dead 0 iy_dead 0 f_dead 1
   041A DD 7E FC      [19]  774 	ld	a, -4 (ix)
                            775 ;	genMove_o size 0 result type 2 source type 1 a_dead 1 hl_dead 1 de_dead 0 iy_dead 0 f_dead 1
   041D D6 A5         [ 7]  776 	sub	a, #0xa5
   041F DD B6 FD      [19]  777 	or	a, -3 (ix)
   0422 DD B6 FE      [19]  778 	or	a, -2 (ix)
   0425 DD B6 FF      [19]  779 	or	a, -1 (ix)
                            780 ; common peephole 163 changed absolute to relative conditional jump.
   0428 28 11         [12]  781 	jr	z, 00116$
                            782 ; common peephole 81 removed jp by using inverse jump logic
   042A                     783 00257$:
                            784 ;	skipping generated iCode
                            785 ;	skipping iCode since result will be rematerialized
                            786 ;	skipping iCode since result will be rematerialized
                            787 ;	skipping iCode since result will be rematerialized
                            788 ;	skipping iCode since result will be rematerialized
                            789 ;	skipping iCode since result will be rematerialized
                            790 ;	skipping iCode since result will be rematerialized
                            791 ;	genIpush
                            792 ;	genMove_o size 2 result type 2 source type 1 a_dead 1 hl_dead 1 de_dead 1 iy_dead 1 f_dead 1
   042A 21 2F 00      [10]  793 	ld	hl, #0x002f
   042D E5            [11]  794 	push	hl
                            795 ;	genIpush
                            796 ;	genMove_o size 2 result type 2 source type 7 a_dead 1 hl_dead 1 de_dead 1 iy_dead 1 f_dead 1
   042E 21r6Bs07      [10]  797 	ld	hl, #___str_2
   0431 E5            [11]  798 	push	hl
                            799 ;	genSend
                            800 ;	genMove_o size 2 result type 2 source type 7 a_dead 1 hl_dead 1 de_dead 1 iy_dead 1 f_dead 1
   0432 11r35s08      [10]  801 	ld	de, #___str_8
                            802 ;	genSend
                            803 ;	genMove_o size 2 result type 2 source type 7 a_dead 1 hl_dead 1 de_dead 0 iy_dead 1 f_dead 1
   0435 21r3Es07      [10]  804 	ld	hl, #___str_0
                            805 ;	genCall
   0438 CDr00s00      [17]  806 	call	___fail
                            807 ;	genLabel
   043B                     808 00116$:
                            809 ;cases/bitintrot/bitintrot_width_48_dist_32_storage_auto.c:48: ASSERT (NROL2 (t2) == NROL2 (TESTVECT2));
                            810 ;	genPlus
                            811 ;	genMove_o size 2 result type 2 source type 10 a_dead 1 hl_dead 1 de_dead 1 iy_dead 1 f_dead 1
   043B 2Ar00s00      [16]  812 	ld	hl, (___numTests)
   043E 23            [ 6]  813 	inc	hl
                            814 ;	genMove_o size 2 result type 10 source type 2 a_dead 1 hl_dead 1 de_dead 1 iy_dead 1 f_dead 1
   043F 22r00s00      [16]  815 	ld	(___numTests), hl
                            816 ;	genRightShift
                            817 ;	genMove_o size 5 result type 6 source type 6 a_dead 1 hl_dead 1 de_dead 1 iy_dead 1 f_dead 1
   0442 DD 7E EE      [19]  818 	ld	a, -18 (ix)
   0445 DD 77 F3      [19]  819 	ld	-13 (ix), a
   0448 DD 7E EF      [19]  820 	ld	a, -17 (ix)
   044B DD 77 F4      [19]  821 	ld	-12 (ix), a
   044E DD 7E F0      [19]  822 	ld	a, -16 (ix)
   0451 DD 77 F5      [19]  823 	ld	-11 (ix), a
   0454 DD 7E F1      [19]  824 	ld	a, -15 (ix)
   0457 DD 77 F6      [19]  825 	ld	-10 (ix), a
   045A DD 7E F2      [19]  826 	ld	a, -14 (ix)
   045D DD 77 F7      [19]  827 	ld	-9 (ix), a
                            828 ;	genMove_o size 0 result type 6 source type 1 a_dead 1 hl_dead 1 de_dead 1 iy_dead 1 f_dead 1
                            829 ;	genMove_o size 1 result type 6 source type 1 a_dead 1 hl_dead 1 de_dead 0 iy_dead 1 f_dead 1
   0460 DD 36 F8 00   [19]  830 	ld	-8 (ix), #0x00
                            831 ;	genMove_o size 6 result type 6 source type 6 a_dead 1 hl_dead 1 de_dead 1 iy_dead 1 f_dead 1
                            832 ;	genLeftShift
                            833 ;	genMove_o size 4 result type 6 source type 6 a_dead 1 hl_dead 1 de_dead 1 iy_dead 1 f_dead 1
   0464 DD 7E ED      [19]  834 	ld	a, -19 (ix)
   0467 DD 77 FC      [19]  835 	ld	-4 (ix), a
   046A DD 7E EE      [19]  836 	ld	a, -18 (ix)
   046D DD 77 FD      [19]  837 	ld	-3 (ix), a
   0470 DD 7E EF      [19]  838 	ld	a, -17 (ix)
   0473 DD 77 FE      [19]  839 	ld	-2 (ix), a
   0476 DD 7E F0      [19]  840 	ld	a, -16 (ix)
   0479 DD 77 FF      [19]  841 	ld	-1 (ix), a
                            842 ;	genMove_o size 0 result type 6 source type 1 a_dead 1 hl_dead 1 de_dead 1 iy_dead 1 f_dead 1
                            843 ;	genMove_o size 2 result type 6 source type 1 a_dead 1 hl_dead 1 de_dead 1 iy_dead 1 f_dead 1
   047C AF            [ 4]  844 	xor	a, a
   047D DD 77 FA      [19]  845 	ld	-6 (ix), a
   0480 DD 77 FB      [19]  846 	ld	-5 (ix), a
                            847 ;	genMove_o size 6 result type 6 source type 6 a_dead 1 hl_dead 1 de_dead 1 iy_dead 1 f_dead 1
                            848 ;	genOr
   0483 DD 7E FA      [19]  849 	ld	a, -6 (ix)
   0486 DD B6 F3      [19]  850 	or	a, -13 (ix)
                            851 ;	genMove_o size 1 result type 6 source type 2 a_dead 1 hl_dead 1 de_dead 1 iy_dead 1 f_dead 1
   0489 DD 77 FA      [19]  852 	ld	-6 (ix), a
                            853 ;	genMove_o size 0 result type 6 source type 1 a_dead 1 hl_dead 1 de_dead 1 iy_dead 1 f_dead 1
   048C DD 7E FB      [19]  854 	ld	a, -5 (ix)
   048F DD B6 F4      [19]  855 	or	a, -12 (ix)
                            856 ;	genMove_o size 1 result type 6 source type 2 a_dead 1 hl_dead 1 de_dead 1 iy_dead 1 f_dead 1
   0492 DD 77 FB      [19]  857 	ld	-5 (ix), a
                            858 ;	genMove_o size 0 result type 6 source type 1 a_dead 1 hl_dead 1 de_dead 1 iy_dead 1 f_dead 1
   0495 DD 7E FC      [19]  859 	ld	a, -4 (ix)
   0498 DD B6 F5      [19]  860 	or	a, -11 (ix)
                            861 ;	genMove_o size 1 result type 6 source type 2 a_dead 1 hl_dead 1 de_dead 1 iy_dead 1 f_dead 1
   049B DD 77 FC      [19]  862 	ld	-4 (ix), a
                            863 ;	genMove_o size 0 result type 6 source type 1 a_dead 1 hl_dead 1 de_dead 1 iy_dead 1 f_dead 1
   049E DD 7E FD      [19]  864 	ld	a, -3 (ix)
   04A1 DD B6 F6      [19]  865 	or	a, -10 (ix)
                            866 ;	genMove_o size 1 result type 6 source type 2 a_dead 1 hl_dead 1 de_dead 1 iy_dead 1 f_dead 1
   04A4 DD 77 FD      [19]  867 	ld	-3 (ix), a
                            868 ;	genMove_o size 0 result type 6 source type 1 a_dead 1 hl_dead 1 de_dead 1 iy_dead 1 f_dead 1
   04A7 DD 7E FE      [19]  869 	ld	a, -2 (ix)
   04AA DD B6 F7      [19]  870 	or	a, -9 (ix)
                            871 ;	genMove_o size 1 result type 6 source type 2 a_dead 1 hl_dead 1 de_dead 1 iy_dead 1 f_dead 1
   04AD DD 77 FE      [19]  872 	ld	-2 (ix), a
                            873 ;	genMove_o size 0 result type 6 source type 1 a_dead 1 hl_dead 1 de_dead 1 iy_dead 1 f_dead 1
                            874 ;	genMove_o size 1 result type 6 source type 6 a_dead 1 hl_dead 1 de_dead 1 iy_dead 1 f_dead 1
                            875 ;	genCmpEq
                            876 ;	genMove_o size 1 result type 2 source type 6 a_dead 1 hl_dead 1 de_dead 0 iy_dead 0 f_dead 1
   04B0 DD 7E FA      [19]  877 	ld	a, -6 (ix)
                            878 ;	genMove_o size 0 result type 2 source type 1 a_dead 1 hl_dead 1 de_dead 0 iy_dead 0 f_dead 1
   04B3 D6 AA         [ 7]  879 	sub	a, #0xaa
   04B5 DD B6 FB      [19]  880 	or	a, -5 (ix)
                            881 ; common peephole 163 changed absolute to relative conditional jump.
   04B8 20 14         [12]  882 	jr	nz, 00262$
                            883 ;	genMove_o size 1 result type 2 source type 6 a_dead 1 hl_dead 1 de_dead 0 iy_dead 0 f_dead 1
   04BA DD 7E FC      [19]  884 	ld	a, -4 (ix)
                            885 ;	genMove_o size 0 result type 2 source type 1 a_dead 1 hl_dead 1 de_dead 0 iy_dead 0 f_dead 1
   04BD D6 55         [ 7]  886 	sub	a, #0x55
                            887 ; common peephole 163 changed absolute to relative conditional jump.
   04BF 20 0D         [12]  888 	jr	nz, 00262$
                            889 ;	genMove_o size 1 result type 2 source type 6 a_dead 1 hl_dead 1 de_dead 0 iy_dead 0 f_dead 1
   04C1 DD 7E FD      [19]  890 	ld	a, -3 (ix)
                            891 ;	genMove_o size 0 result type 2 source type 1 a_dead 1 hl_dead 1 de_dead 0 iy_dead 0 f_dead 1
   04C4 D6 AA         [ 7]  892 	sub	a, #0xaa
   04C6 DD B6 FE      [19]  893 	or	a, -2 (ix)
   04C9 DD B6 FF      [19]  894 	or	a, -1 (ix)
                            895 ; common peephole 163 changed absolute to relative conditional jump.
   04CC 28 11         [12]  896 	jr	z, 00118$
                            897 ; common peephole 81 removed jp by using inverse jump logic
   04CE                     898 00262$:
                            899 ;	skipping generated iCode
                            900 ;	skipping iCode since result will be rematerialized
                            901 ;	skipping iCode since result will be rematerialized
                            902 ;	skipping iCode since result will be rematerialized
                            903 ;	skipping iCode since result will be rematerialized
                            904 ;	skipping iCode since result will be rematerialized
                            905 ;	skipping iCode since result will be rematerialized
                            906 ;	genIpush
                            907 ;	genMove_o size 2 result type 2 source type 1 a_dead 1 hl_dead 1 de_dead 1 iy_dead 1 f_dead 1
   04CE 21 30 00      [10]  908 	ld	hl, #0x0030
   04D1 E5            [11]  909 	push	hl
                            910 ;	genIpush
                            911 ;	genMove_o size 2 result type 2 source type 7 a_dead 1 hl_dead 1 de_dead 1 iy_dead 1 f_dead 1
   04D2 21r6Bs07      [10]  912 	ld	hl, #___str_2
   04D5 E5            [11]  913 	push	hl
                            914 ;	genSend
                            915 ;	genMove_o size 2 result type 2 source type 7 a_dead 1 hl_dead 1 de_dead 1 iy_dead 1 f_dead 1
   04D6 11r55s08      [10]  916 	ld	de, #___str_9
                            917 ;	genSend
                            918 ;	genMove_o size 2 result type 2 source type 7 a_dead 1 hl_dead 1 de_dead 0 iy_dead 1 f_dead 1
   04D9 21r3Es07      [10]  919 	ld	hl, #___str_0
                            920 ;	genCall
   04DC CDr00s00      [17]  921 	call	___fail
                            922 ;	genLabel
   04DF                     923 00118$:
                            924 ;cases/bitintrot/bitintrot_width_48_dist_32_storage_auto.c:50: t1 = ROL(t1);
                            925 ;	genLeftShift
                            926 ;	genMove_o size 2 result type 6 source type 6 a_dead 1 hl_dead 1 de_dead 1 iy_dead 1 f_dead 1
   04DF DD 7E E7      [19]  927 	ld	a, -25 (ix)
   04E2 DD 77 F8      [19]  928 	ld	-8 (ix), a
   04E5 DD 7E E8      [19]  929 	ld	a, -24 (ix)
   04E8 DD 77 F9      [19]  930 	ld	-7 (ix), a
                            931 ;	genMove_o size 0 result type 6 source type 1 a_dead 1 hl_dead 1 de_dead 1 iy_dead 1 f_dead 1
                            932 ;	genMove_o size 4 result type 6 source type 1 a_dead 1 hl_dead 1 de_dead 1 iy_dead 1 f_dead 1
   04EB AF            [ 4]  933 	xor	a, a
   04EC DD 77 F4      [19]  934 	ld	-12 (ix), a
   04EF DD 77 F5      [19]  935 	ld	-11 (ix), a
   04F2 DD 77 F6      [19]  936 	ld	-10 (ix), a
   04F5 DD 77 F7      [19]  937 	ld	-9 (ix), a
                            938 ;	genMove_o size 6 result type 6 source type 6 a_dead 1 hl_dead 1 de_dead 1 iy_dead 1 f_dead 1
                            939 ;	genRightShift
                            940 ;	genMove_o size 4 result type 6 source type 6 a_dead 1 hl_dead 1 de_dead 1 iy_dead 1 f_dead 1
   04F8 DD 7E E9      [19]  941 	ld	a, -23 (ix)
   04FB DD 77 FA      [19]  942 	ld	-6 (ix), a
   04FE DD 7E EA      [19]  943 	ld	a, -22 (ix)
   0501 DD 77 FB      [19]  944 	ld	-5 (ix), a
   0504 DD 7E EB      [19]  945 	ld	a, -21 (ix)
   0507 DD 77 FC      [19]  946 	ld	-4 (ix), a
   050A DD 7E EC      [19]  947 	ld	a, -20 (ix)
   050D DD 77 FD      [19]  948 	ld	-3 (ix), a
                            949 ;	genMove_o size 0 result type 6 source type 1 a_dead 1 hl_dead 1 de_dead 1 iy_dead 1 f_dead 1
                            950 ;	genMove_o size 2 result type 6 source type 1 a_dead 1 hl_dead 1 de_dead 0 iy_dead 1 f_dead 1
   0510 AF            [ 4]  951 	xor	a, a
   0511 DD 77 FE      [19]  952 	ld	-2 (ix), a
   0514 DD 77 FF      [19]  953 	ld	-1 (ix), a
                            954 ;	genMove_o size 6 result type 6 source type 6 a_dead 1 hl_dead 1 de_dead 1 iy_dead 1 f_dead 1
                            955 ;	genOr
   0517 DD 7E F4      [19]  956 	ld	a, -12 (ix)
   051A DD B6 FA      [19]  957 	or	a, -6 (ix)
                            958 ;	genMove_o size 1 result type 6 source type 2 a_dead 1 hl_dead 1 de_dead 1 iy_dead 1 f_dead 1
   051D DD 77 E7      [19]  959 	ld	-25 (ix), a
                            960 ;	genMove_o size 0 result type 6 source type 1 a_dead 1 hl_dead 1 de_dead 1 iy_dead 1 f_dead 1
   0520 DD 7E F5      [19]  961 	ld	a, -11 (ix)
   0523 DD B6 FB      [19]  962 	or	a, -5 (ix)
                            963 ;	genMove_o size 1 result type 6 source type 2 a_dead 1 hl_dead 1 de_dead 1 iy_dead 1 f_dead 1
   0526 DD 77 E8      [19]  964 	ld	-24 (ix), a
                            965 ;	genMove_o size 0 result type 6 source type 1 a_dead 1 hl_dead 1 de_dead 1 iy_dead 1 f_dead 1
   0529 DD 7E F6      [19]  966 	ld	a, -10 (ix)
   052C DD B6 FC      [19]  967 	or	a, -4 (ix)
                            968 ;	genMove_o size 1 result type 6 source type 2 a_dead 1 hl_dead 1 de_dead 1 iy_dead 1 f_dead 1
   052F DD 77 E9      [19]  969 	ld	-23 (ix), a
                            970 ;	genMove_o size 0 result type 6 source type 1 a_dead 1 hl_dead 1 de_dead 1 iy_dead 1 f_dead 1
   0532 DD 7E F7      [19]  971 	ld	a, -9 (ix)
   0535 DD B6 FD      [19]  972 	or	a, -3 (ix)
                            973 ;	genMove_o size 1 result type 6 source type 2 a_dead 1 hl_dead 1 de_dead 1 iy_dead 1 f_dead 1
   0538 DD 77 EA      [19]  974 	ld	-22 (ix), a
                            975 ;	genMove_o size 0 result type 6 source type 1 a_dead 1 hl_dead 1 de_dead 1 iy_dead 1 f_dead 1
                            976 ;	genMove_o size 2 result type 6 source type 6 a_dead 1 hl_dead 1 de_dead 1 iy_dead 1 f_dead 1
   053B DD 7E F8      [19]  977 	ld	a, -8 (ix)
   053E DD 77 EB      [19]  978 	ld	-21 (ix), a
   0541 DD 7E F9      [19]  979 	ld	a, -7 (ix)
   0544 DD 77 EC      [19]  980 	ld	-20 (ix), a
                            981 ;	genMove_o size 0 result type 6 source type 1 a_dead 1 hl_dead 1 de_dead 1 iy_dead 1 f_dead 1
                            982 ;cases/bitintrot/bitintrot_width_48_dist_32_storage_auto.c:51: t2 = ROL(t2);
                            983 ;	genLeftShift
                            984 ;	genMove_o size 2 result type 6 source type 6 a_dead 1 hl_dead 1 de_dead 1 iy_dead 1 f_dead 1
   0547 DD 7E ED      [19]  985 	ld	a, -19 (ix)
   054A DD 77 F8      [19]  986 	ld	-8 (ix), a
   054D DD 7E EE      [19]  987 	ld	a, -18 (ix)
   0550 DD 77 F9      [19]  988 	ld	-7 (ix), a
                            989 ;	genMove_o size 0 result type 6 source type 1 a_dead 1 hl_dead 1 de_dead 1 iy_dead 1 f_dead 1
                            990 ;	genMove_o size 4 result type 6 source type 1 a_dead 1 hl_dead 1 de_dead 1 iy_dead 1 f_dead 1
   0553 AF            [ 4]  991 	xor	a, a
   0554 DD 77 F4      [19]  992 	ld	-12 (ix), a
   0557 DD 77 F5      [19]  993 	ld	-11 (ix), a
   055A DD 77 F6      [19]  994 	ld	-10 (ix), a
   055D DD 77 F7      [19]  995 	ld	-9 (ix), a
                            996 ;	genMove_o size 6 result type 6 source type 6 a_dead 1 hl_dead 1 de_dead 1 iy_dead 1 f_dead 1
                            997 ;	genRightShift
                            998 ;	genMove_o size 4 result type 6 source type 6 a_dead 1 hl_dead 1 de_dead 1 iy_dead 1 f_dead 1
   0560 DD 7E EF      [19]  999 	ld	a, -17 (ix)
   0563 DD 77 FA      [19] 1000 	ld	-6 (ix), a
   0566 DD 7E F0      [19] 1001 	ld	a, -16 (ix)
   0569 DD 77 FB      [19] 1002 	ld	-5 (ix), a
   056C DD 7E F1      [19] 1003 	ld	a, -15 (ix)
   056F DD 77 FC      [19] 1004 	ld	-4 (ix), a
   0572 DD 7E F2      [19] 1005 	ld	a, -14 (ix)
   0575 DD 77 FD      [19] 1006 	ld	-3 (ix), a
                           1007 ;	genMove_o size 0 result type 6 source type 1 a_dead 1 hl_dead 1 de_dead 1 iy_dead 1 f_dead 1
                           1008 ;	genMove_o size 2 result type 6 source type 1 a_dead 1 hl_dead 1 de_dead 0 iy_dead 1 f_dead 1
   0578 AF            [ 4] 1009 	xor	a, a
   0579 DD 77 FE      [19] 1010 	ld	-2 (ix), a
   057C DD 77 FF      [19] 1011 	ld	-1 (ix), a
                           1012 ;	genMove_o size 6 result type 6 source type 6 a_dead 1 hl_dead 1 de_dead 1 iy_dead 1 f_dead 1
                           1013 ;	genOr
   057F DD 7E F4      [19] 1014 	ld	a, -12 (ix)
   0582 DD B6 FA      [19] 1015 	or	a, -6 (ix)
                           1016 ;	genMove_o size 1 result type 6 source type 2 a_dead 1 hl_dead 1 de_dead 1 iy_dead 1 f_dead 1
   0585 DD 77 ED      [19] 1017 	ld	-19 (ix), a
                           1018 ;	genMove_o size 0 result type 6 source type 1 a_dead 1 hl_dead 1 de_dead 1 iy_dead 1 f_dead 1
   0588 DD 7E F5      [19] 1019 	ld	a, -11 (ix)
   058B DD B6 FB      [19] 1020 	or	a, -5 (ix)
                           1021 ;	genMove_o size 1 result type 6 source type 2 a_dead 1 hl_dead 1 de_dead 1 iy_dead 1 f_dead 1
   058E DD 77 EE      [19] 1022 	ld	-18 (ix), a
                           1023 ;	genMove_o size 0 result type 6 source type 1 a_dead 1 hl_dead 1 de_dead 1 iy_dead 1 f_dead 1
   0591 DD 7E F6      [19] 1024 	ld	a, -10 (ix)
   0594 DD B6 FC      [19] 1025 	or	a, -4 (ix)
                           1026 ;	genMove_o size 1 result type 6 source type 2 a_dead 1 hl_dead 1 de_dead 1 iy_dead 1 f_dead 1
   0597 DD 77 EF      [19] 1027 	ld	-17 (ix), a
                           1028 ;	genMove_o size 0 result type 6 source type 1 a_dead 1 hl_dead 1 de_dead 1 iy_dead 1 f_dead 1
   059A DD 7E F7      [19] 1029 	ld	a, -9 (ix)
   059D DD B6 FD      [19] 1030 	or	a, -3 (ix)
                           1031 ;	genMove_o size 1 result type 6 source type 2 a_dead 1 hl_dead 1 de_dead 1 iy_dead 1 f_dead 1
   05A0 DD 77 F0      [19] 1032 	ld	-16 (ix), a
                           1033 ;	genMove_o size 0 result type 6 source type 1 a_dead 1 hl_dead 1 de_dead 1 iy_dead 1 f_dead 1
                           1034 ;	genMove_o size 2 result type 6 source type 6 a_dead 1 hl_dead 1 de_dead 1 iy_dead 1 f_dead 1
   05A3 DD 7E F8      [19] 1035 	ld	a, -8 (ix)
   05A6 DD 77 F1      [19] 1036 	ld	-15 (ix), a
   05A9 DD 7E F9      [19] 1037 	ld	a, -7 (ix)
   05AC DD 77 F2      [19] 1038 	ld	-14 (ix), a
                           1039 ;	genMove_o size 0 result type 6 source type 1 a_dead 1 hl_dead 1 de_dead 1 iy_dead 1 f_dead 1
                           1040 ;cases/bitintrot/bitintrot_width_48_dist_32_storage_auto.c:52: ASSERT (t1 == ROL (TESTVECT1));
                           1041 ;	genPlus
                           1042 ;	genMove_o size 2 result type 2 source type 10 a_dead 1 hl_dead 1 de_dead 1 iy_dead 1 f_dead 1
   05AF 2Ar00s00      [16] 1043 	ld	hl, (___numTests)
   05B2 23            [ 6] 1044 	inc	hl
                           1045 ;	genMove_o size 2 result type 10 source type 2 a_dead 1 hl_dead 1 de_dead 1 iy_dead 1 f_dead 1
   05B3 22r00s00      [16] 1046 	ld	(___numTests), hl
                           1047 ;	genCmpEq
   05B6 DD 7E E7      [19] 1048 	ld	a, -25 (ix)
   05B9 B7            [ 4] 1049 	or	a, a
   05BA DD B6 E8      [19] 1050 	or	a, -24 (ix)
   05BD DD B6 E9      [19] 1051 	or	a, -23 (ix)
   05C0 DD B6 EA      [19] 1052 	or	a, -22 (ix)
                           1053 ; common peephole 163 changed absolute to relative conditional jump.
   05C3 20 0A         [12] 1054 	jr	nz, 00271$
                           1055 ;	genMove_o size 1 result type 2 source type 6 a_dead 1 hl_dead 1 de_dead 0 iy_dead 0 f_dead 1
   05C5 DD 7E EB      [19] 1056 	ld	a, -21 (ix)
                           1057 ;	genMove_o size 0 result type 2 source type 1 a_dead 1 hl_dead 1 de_dead 0 iy_dead 0 f_dead 1
   05C8 D6 A5         [ 7] 1058 	sub	a, #0xa5
   05CA DD B6 EC      [19] 1059 	or	a, -20 (ix)
                           1060 ; common peephole 163 changed absolute to relative conditional jump.
   05CD 28 11         [12] 1061 	jr	z, 00120$
                           1062 ; common peephole 81 removed jp by using inverse jump logic
   05CF                    1063 00271$:
                           1064 ;	skipping generated iCode
                           1065 ;	skipping iCode since result will be rematerialized
                           1066 ;	skipping iCode since result will be rematerialized
                           1067 ;	skipping iCode since result will be rematerialized
                           1068 ;	skipping iCode since result will be rematerialized
                           1069 ;	skipping iCode since result will be rematerialized
                           1070 ;	skipping iCode since result will be rematerialized
                           1071 ;	genIpush
                           1072 ;	genMove_o size 2 result type 2 source type 1 a_dead 1 hl_dead 1 de_dead 1 iy_dead 1 f_dead 1
   05CF 21 34 00      [10] 1073 	ld	hl, #0x0034
   05D2 E5            [11] 1074 	push	hl
                           1075 ;	genIpush
                           1076 ;	genMove_o size 2 result type 2 source type 7 a_dead 1 hl_dead 1 de_dead 1 iy_dead 1 f_dead 1
   05D3 21r6Bs07      [10] 1077 	ld	hl, #___str_2
   05D6 E5            [11] 1078 	push	hl
                           1079 ;	genSend
                           1080 ;	genMove_o size 2 result type 2 source type 7 a_dead 1 hl_dead 1 de_dead 1 iy_dead 1 f_dead 1
   05D7 11r75s08      [10] 1081 	ld	de, #___str_10
                           1082 ;	genSend
                           1083 ;	genMove_o size 2 result type 2 source type 7 a_dead 1 hl_dead 1 de_dead 0 iy_dead 1 f_dead 1
   05DA 21r3Es07      [10] 1084 	ld	hl, #___str_0
                           1085 ;	genCall
   05DD CDr00s00      [17] 1086 	call	___fail
                           1087 ;	genLabel
   05E0                    1088 00120$:
                           1089 ;cases/bitintrot/bitintrot_width_48_dist_32_storage_auto.c:53: ASSERT (t2 == ROL (TESTVECT2));
                           1090 ;	genPlus
                           1091 ;	genMove_o size 2 result type 2 source type 10 a_dead 1 hl_dead 1 de_dead 1 iy_dead 1 f_dead 1
   05E0 2Ar00s00      [16] 1092 	ld	hl, (___numTests)
   05E3 23            [ 6] 1093 	inc	hl
                           1094 ;	genMove_o size 2 result type 10 source type 2 a_dead 1 hl_dead 1 de_dead 1 iy_dead 1 f_dead 1
   05E4 22r00s00      [16] 1095 	ld	(___numTests), hl
                           1096 ;	genCmpEq
   05E7 DD 7E ED      [19] 1097 	ld	a, -19 (ix)
   05EA B7            [ 4] 1098 	or	a, a
   05EB DD B6 EE      [19] 1099 	or	a, -18 (ix)
   05EE DD B6 EF      [19] 1100 	or	a, -17 (ix)
   05F1 DD B6 F0      [19] 1101 	or	a, -16 (ix)
                           1102 ; common peephole 163 changed absolute to relative conditional jump.
   05F4 20 0E         [12] 1103 	jr	nz, 00272$
                           1104 ;	genMove_o size 1 result type 2 source type 6 a_dead 1 hl_dead 1 de_dead 0 iy_dead 0 f_dead 1
   05F6 DD 7E F1      [19] 1105 	ld	a, -15 (ix)
                           1106 ;	genMove_o size 0 result type 2 source type 1 a_dead 1 hl_dead 1 de_dead 0 iy_dead 0 f_dead 1
   05F9 D6 55         [ 7] 1107 	sub	a, #0x55
                           1108 ; common peephole 163 changed absolute to relative conditional jump.
   05FB 20 07         [12] 1109 	jr	nz, 00272$
                           1110 ;	genMove_o size 1 result type 2 source type 6 a_dead 1 hl_dead 1 de_dead 0 iy_dead 0 f_dead 1
   05FD DD 7E F2      [19] 1111 	ld	a, -14 (ix)
                           1112 ;	genMove_o size 0 result type 2 source type 1 a_dead 1 hl_dead 1 de_dead 0 iy_dead 0 f_dead 1
   0600 D6 AA         [ 7] 1113 	sub	a, #0xaa
                           1114 ; common peephole 163 changed absolute to relative conditional jump.
   0602 28 11         [12] 1115 	jr	z, 00122$
                           1116 ; common peephole 81 removed jp by using inverse jump logic
   0604                    1117 00272$:
                           1118 ;	skipping generated iCode
                           1119 ;	skipping iCode since result will be rematerialized
                           1120 ;	skipping iCode since result will be rematerialized
                           1121 ;	skipping iCode since result will be rematerialized
                           1122 ;	skipping iCode since result will be rematerialized
                           1123 ;	skipping iCode since result will be rematerialized
                           1124 ;	skipping iCode since result will be rematerialized
                           1125 ;	genIpush
                           1126 ;	genMove_o size 2 result type 2 source type 1 a_dead 1 hl_dead 1 de_dead 1 iy_dead 1 f_dead 1
   0604 21 35 00      [10] 1127 	ld	hl, #0x0035
   0607 E5            [11] 1128 	push	hl
                           1129 ;	genIpush
                           1130 ;	genMove_o size 2 result type 2 source type 7 a_dead 1 hl_dead 1 de_dead 1 iy_dead 1 f_dead 1
   0608 21r6Bs07      [10] 1131 	ld	hl, #___str_2
   060B E5            [11] 1132 	push	hl
                           1133 ;	genSend
                           1134 ;	genMove_o size 2 result type 2 source type 7 a_dead 1 hl_dead 1 de_dead 1 iy_dead 1 f_dead 1
   060C 11r8Bs08      [10] 1135 	ld	de, #___str_11
                           1136 ;	genSend
                           1137 ;	genMove_o size 2 result type 2 source type 7 a_dead 1 hl_dead 1 de_dead 0 iy_dead 1 f_dead 1
   060F 21r3Es07      [10] 1138 	ld	hl, #___str_0
                           1139 ;	genCall
   0612 CDr00s00      [17] 1140 	call	___fail
                           1141 ;	genLabel
   0615                    1142 00122$:
                           1143 ;cases/bitintrot/bitintrot_width_48_dist_32_storage_auto.c:55: t1 = ROR(t1);
                           1144 ;	genRightShift
                           1145 ;	genMove_o size 2 result type 6 source type 6 a_dead 1 hl_dead 1 de_dead 1 iy_dead 1 f_dead 1
   0615 DD 7E EB      [19] 1146 	ld	a, -21 (ix)
   0618 DD 77 F4      [19] 1147 	ld	-12 (ix), a
   061B DD 7E EC      [19] 1148 	ld	a, -20 (ix)
   061E DD 77 F5      [19] 1149 	ld	-11 (ix), a
                           1150 ;	genMove_o size 0 result type 6 source type 1 a_dead 1 hl_dead 1 de_dead 1 iy_dead 1 f_dead 1
                           1151 ;	genMove_o size 4 result type 6 source type 1 a_dead 1 hl_dead 1 de_dead 0 iy_dead 1 f_dead 1
   0621 AF            [ 4] 1152 	xor	a, a
   0622 DD 77 F6      [19] 1153 	ld	-10 (ix), a
   0625 DD 77 F7      [19] 1154 	ld	-9 (ix), a
   0628 DD 77 F8      [19] 1155 	ld	-8 (ix), a
   062B DD 77 F9      [19] 1156 	ld	-7 (ix), a
                           1157 ;	genMove_o size 6 result type 6 source type 6 a_dead 1 hl_dead 1 de_dead 1 iy_dead 1 f_dead 1
                           1158 ;	genLeftShift
                           1159 ;	genMove_o size 4 result type 6 source type 6 a_dead 1 hl_dead 1 de_dead 1 iy_dead 1 f_dead 1
   062E DD 7E E7      [19] 1160 	ld	a, -25 (ix)
   0631 DD 77 FC      [19] 1161 	ld	-4 (ix), a
   0634 DD 7E E8      [19] 1162 	ld	a, -24 (ix)
   0637 DD 77 FD      [19] 1163 	ld	-3 (ix), a
   063A DD 7E E9      [19] 1164 	ld	a, -23 (ix)
   063D DD 77 FE      [19] 1165 	ld	-2 (ix), a
   0640 DD 7E EA      [19] 1166 	ld	a, -22 (ix)
   0643 DD 77 FF      [19] 1167 	ld	-1 (ix), a
                           1168 ;	genMove_o size 0 result type 6 source type 1 a_dead 1 hl_dead 1 de_dead 1 iy_dead 1 f_dead 1
                           1169 ;	genMove_o size 2 result type 6 source type 1 a_dead 1 hl_dead 1 de_dead 1 iy_dead 1 f_dead 1
   0646 AF            [ 4] 1170 	xor	a, a
   0647 DD 77 FA      [19] 1171 	ld	-6 (ix), a
   064A DD 77 FB      [19] 1172 	ld	-5 (ix), a
                           1173 ;	genMove_o size 6 result type 6 source type 6 a_dead 1 hl_dead 1 de_dead 1 iy_dead 1 f_dead 1
                           1174 ;	genOr
   064D DD 7E F4      [19] 1175 	ld	a, -12 (ix)
   0650 DD B6 FA      [19] 1176 	or	a, -6 (ix)
                           1177 ;	genMove_o size 1 result type 6 source type 2 a_dead 1 hl_dead 1 de_dead 1 iy_dead 1 f_dead 1
   0653 DD 77 E7      [19] 1178 	ld	-25 (ix), a
                           1179 ;	genMove_o size 0 result type 6 source type 1 a_dead 1 hl_dead 1 de_dead 1 iy_dead 1 f_dead 1
   0656 DD 7E F5      [19] 1180 	ld	a, -11 (ix)
   0659 DD B6 FB      [19] 1181 	or	a, -5 (ix)
                           1182 ;	genMove_o size 1 result type 6 source type 2 a_dead 1 hl_dead 1 de_dead 1 iy_dead 1 f_dead 1
   065C DD 77 E8      [19] 1183 	ld	-24 (ix), a
                           1184 ;	genMove_o size 0 result type 6 source type 1 a_dead 1 hl_dead 1 de_dead 1 iy_dead 1 f_dead 1
                           1185 ;	genMove_o size 4 result type 6 source type 6 a_dead 1 hl_dead 1 de_dead 1 iy_dead 1 f_dead 1
   065F DD 7E FC      [19] 1186 	ld	a, -4 (ix)
   0662 DD 77 E9      [19] 1187 	ld	-23 (ix), a
   0665 DD 7E FD      [19] 1188 	ld	a, -3 (ix)
   0668 DD 77 EA      [19] 1189 	ld	-22 (ix), a
   066B DD 7E FE      [19] 1190 	ld	a, -2 (ix)
   066E DD 77 EB      [19] 1191 	ld	-21 (ix), a
   0671 DD 7E FF      [19] 1192 	ld	a, -1 (ix)
   0674 DD 77 EC      [19] 1193 	ld	-20 (ix), a
                           1194 ;	genMove_o size 0 result type 6 source type 1 a_dead 1 hl_dead 1 de_dead 1 iy_dead 1 f_dead 1
                           1195 ;cases/bitintrot/bitintrot_width_48_dist_32_storage_auto.c:56: t2 = ROR(t2);
                           1196 ;	genRightShift
                           1197 ;	genMove_o size 2 result type 6 source type 6 a_dead 1 hl_dead 1 de_dead 1 iy_dead 1 f_dead 1
   0677 DD 7E F1      [19] 1198 	ld	a, -15 (ix)
   067A DD 77 F4      [19] 1199 	ld	-12 (ix), a
   067D DD 7E F2      [19] 1200 	ld	a, -14 (ix)
   0680 DD 77 F5      [19] 1201 	ld	-11 (ix), a
                           1202 ;	genMove_o size 0 result type 6 source type 1 a_dead 1 hl_dead 1 de_dead 1 iy_dead 1 f_dead 1
                           1203 ;	genMove_o size 4 result type 6 source type 1 a_dead 1 hl_dead 1 de_dead 0 iy_dead 1 f_dead 1
   0683 AF            [ 4] 1204 	xor	a, a
   0684 DD 77 F6      [19] 1205 	ld	-10 (ix), a
   0687 DD 77 F7      [19] 1206 	ld	-9 (ix), a
   068A DD 77 F8      [19] 1207 	ld	-8 (ix), a
   068D DD 77 F9      [19] 1208 	ld	-7 (ix), a
                           1209 ;	genMove_o size 6 result type 6 source type 6 a_dead 1 hl_dead 1 de_dead 1 iy_dead 1 f_dead 1
                           1210 ;	genLeftShift
                           1211 ;	genMove_o size 4 result type 6 source type 6 a_dead 1 hl_dead 1 de_dead 1 iy_dead 1 f_dead 1
   0690 DD 7E ED      [19] 1212 	ld	a, -19 (ix)
   0693 DD 77 FC      [19] 1213 	ld	-4 (ix), a
   0696 DD 7E EE      [19] 1214 	ld	a, -18 (ix)
   0699 DD 77 FD      [19] 1215 	ld	-3 (ix), a
   069C DD 7E EF      [19] 1216 	ld	a, -17 (ix)
   069F DD 77 FE      [19] 1217 	ld	-2 (ix), a
   06A2 DD 7E F0      [19] 1218 	ld	a, -16 (ix)
   06A5 DD 77 FF      [19] 1219 	ld	-1 (ix), a
                           1220 ;	genMove_o size 0 result type 6 source type 1 a_dead 1 hl_dead 1 de_dead 1 iy_dead 1 f_dead 1
                           1221 ;	genMove_o size 2 result type 6 source type 1 a_dead 1 hl_dead 1 de_dead 1 iy_dead 1 f_dead 1
   06A8 AF            [ 4] 1222 	xor	a, a
   06A9 DD 77 FA      [19] 1223 	ld	-6 (ix), a
   06AC DD 77 FB      [19] 1224 	ld	-5 (ix), a
                           1225 ;	genMove_o size 6 result type 6 source type 6 a_dead 1 hl_dead 1 de_dead 1 iy_dead 1 f_dead 1
                           1226 ;	genOr
   06AF DD 7E F4      [19] 1227 	ld	a, -12 (ix)
   06B2 DD B6 FA      [19] 1228 	or	a, -6 (ix)
                           1229 ;	genMove_o size 1 result type 6 source type 2 a_dead 1 hl_dead 1 de_dead 1 iy_dead 1 f_dead 1
   06B5 DD 77 ED      [19] 1230 	ld	-19 (ix), a
                           1231 ;	genMove_o size 0 result type 6 source type 1 a_dead 1 hl_dead 1 de_dead 1 iy_dead 1 f_dead 1
   06B8 DD 7E F5      [19] 1232 	ld	a, -11 (ix)
   06BB DD B6 FB      [19] 1233 	or	a, -5 (ix)
                           1234 ;	genMove_o size 1 result type 6 source type 2 a_dead 1 hl_dead 1 de_dead 1 iy_dead 1 f_dead 1
   06BE DD 77 EE      [19] 1235 	ld	-18 (ix), a
                           1236 ;	genMove_o size 0 result type 6 source type 1 a_dead 1 hl_dead 1 de_dead 1 iy_dead 1 f_dead 1
                           1237 ;	genMove_o size 4 result type 6 source type 6 a_dead 1 hl_dead 1 de_dead 1 iy_dead 1 f_dead 1
   06C1 DD 7E FC      [19] 1238 	ld	a, -4 (ix)
   06C4 DD 77 EF      [19] 1239 	ld	-17 (ix), a
   06C7 DD 7E FD      [19] 1240 	ld	a, -3 (ix)
   06CA DD 77 F0      [19] 1241 	ld	-16 (ix), a
   06CD DD 7E FE      [19] 1242 	ld	a, -2 (ix)
   06D0 DD 77 F1      [19] 1243 	ld	-15 (ix), a
   06D3 DD 7E FF      [19] 1244 	ld	a, -1 (ix)
   06D6 DD 77 F2      [19] 1245 	ld	-14 (ix), a
                           1246 ;	genMove_o size 0 result type 6 source type 1 a_dead 1 hl_dead 1 de_dead 1 iy_dead 1 f_dead 1
                           1247 ;cases/bitintrot/bitintrot_width_48_dist_32_storage_auto.c:57: ASSERT (t1 == TESTVECT1);
                           1248 ;	genPlus
                           1249 ;	genMove_o size 2 result type 2 source type 10 a_dead 1 hl_dead 1 de_dead 1 iy_dead 1 f_dead 1
   06D9 2Ar00s00      [16] 1250 	ld	hl, (___numTests)
   06DC 23            [ 6] 1251 	inc	hl
                           1252 ;	genMove_o size 2 result type 10 source type 2 a_dead 1 hl_dead 1 de_dead 1 iy_dead 1 f_dead 1
   06DD 22r00s00      [16] 1253 	ld	(___numTests), hl
                           1254 ;	genCmpEq
                           1255 ;	genMove_o size 1 result type 2 source type 6 a_dead 1 hl_dead 1 de_dead 0 iy_dead 0 f_dead 1
   06E0 DD 7E E7      [19] 1256 	ld	a, -25 (ix)
                           1257 ;	genMove_o size 0 result type 2 source type 1 a_dead 1 hl_dead 1 de_dead 0 iy_dead 0 f_dead 1
   06E3 D6 A5         [ 7] 1258 	sub	a, #0xa5
   06E5 DD B6 E8      [19] 1259 	or	a, -24 (ix)
   06E8 DD B6 E9      [19] 1260 	or	a, -23 (ix)
   06EB DD B6 EA      [19] 1261 	or	a, -22 (ix)
   06EE DD B6 EB      [19] 1262 	or	a, -21 (ix)
   06F1 DD B6 EC      [19] 1263 	or	a, -20 (ix)
                           1264 ; common peephole 163 changed absolute to relative conditional jump.
   06F4 28 11         [12] 1265 	jr	z, 00124$
                           1266 ; common peephole 81 removed jp by using inverse jump logic
                           1267 ; common peephole 159 removed unused label 00281$.
                           1268 ;	skipping generated iCode
                           1269 ;	skipping iCode since result will be rematerialized
                           1270 ;	skipping iCode since result will be rematerialized
                           1271 ;	skipping iCode since result will be rematerialized
                           1272 ;	skipping iCode since result will be rematerialized
                           1273 ;	skipping iCode since result will be rematerialized
                           1274 ;	skipping iCode since result will be rematerialized
                           1275 ;	genIpush
                           1276 ;	genMove_o size 2 result type 2 source type 1 a_dead 1 hl_dead 1 de_dead 1 iy_dead 1 f_dead 1
   06F6 21 39 00      [10] 1277 	ld	hl, #0x0039
   06F9 E5            [11] 1278 	push	hl
                           1279 ;	genIpush
                           1280 ;	genMove_o size 2 result type 2 source type 7 a_dead 1 hl_dead 1 de_dead 1 iy_dead 1 f_dead 1
   06FA 21r6Bs07      [10] 1281 	ld	hl, #___str_2
   06FD E5            [11] 1282 	push	hl
                           1283 ;	genSend
                           1284 ;	genMove_o size 2 result type 2 source type 7 a_dead 1 hl_dead 1 de_dead 1 iy_dead 1 f_dead 1
   06FE 11rA1s08      [10] 1285 	ld	de, #___str_12
                           1286 ;	genSend
                           1287 ;	genMove_o size 2 result type 2 source type 7 a_dead 1 hl_dead 1 de_dead 0 iy_dead 1 f_dead 1
   0701 21r3Es07      [10] 1288 	ld	hl, #___str_0
                           1289 ;	genCall
   0704 CDr00s00      [17] 1290 	call	___fail
                           1291 ;	genLabel
   0707                    1292 00124$:
                           1293 ;cases/bitintrot/bitintrot_width_48_dist_32_storage_auto.c:58: ASSERT (t2 == TESTVECT2);
                           1294 ;	genPlus
                           1295 ;	genMove_o size 2 result type 2 source type 10 a_dead 1 hl_dead 1 de_dead 1 iy_dead 1 f_dead 1
   0707 2Ar00s00      [16] 1296 	ld	hl, (___numTests)
   070A 23            [ 6] 1297 	inc	hl
                           1298 ;	genMove_o size 2 result type 10 source type 2 a_dead 1 hl_dead 1 de_dead 1 iy_dead 1 f_dead 1
   070B 22r00s00      [16] 1299 	ld	(___numTests), hl
                           1300 ;	genCmpEq
                           1301 ;	genMove_o size 1 result type 2 source type 6 a_dead 1 hl_dead 1 de_dead 0 iy_dead 0 f_dead 1
   070E DD 7E ED      [19] 1302 	ld	a, -19 (ix)
                           1303 ;	genMove_o size 0 result type 2 source type 1 a_dead 1 hl_dead 1 de_dead 0 iy_dead 0 f_dead 1
   0711 D6 55         [ 7] 1304 	sub	a, #0x55
                           1305 ; common peephole 163 changed absolute to relative conditional jump.
   0713 20 13         [12] 1306 	jr	nz, 00282$
                           1307 ;	genMove_o size 1 result type 2 source type 6 a_dead 1 hl_dead 1 de_dead 0 iy_dead 0 f_dead 1
   0715 DD 7E EE      [19] 1308 	ld	a, -18 (ix)
                           1309 ;	genMove_o size 0 result type 2 source type 1 a_dead 1 hl_dead 1 de_dead 0 iy_dead 0 f_dead 1
   0718 D6 AA         [ 7] 1310 	sub	a, #0xaa
   071A DD B6 EF      [19] 1311 	or	a, -17 (ix)
   071D DD B6 F0      [19] 1312 	or	a, -16 (ix)
   0720 DD B6 F1      [19] 1313 	or	a, -15 (ix)
   0723 DD B6 F2      [19] 1314 	or	a, -14 (ix)
                           1315 ; common peephole 163 changed absolute to relative conditional jump.
   0726 28 11         [12] 1316 	jr	z, 00101$
                           1317 ; common peephole 81 removed jp by using inverse jump logic
   0728                    1318 00282$:
                           1319 ;	skipping generated iCode
                           1320 ;	skipping iCode since result will be rematerialized
                           1321 ;	skipping iCode since result will be rematerialized
                           1322 ;	skipping iCode since result will be rematerialized
                           1323 ;	skipping iCode since result will be rematerialized
                           1324 ;	skipping iCode since result will be rematerialized
                           1325 ;	skipping iCode since result will be rematerialized
                           1326 ;	genIpush
                           1327 ;	genMove_o size 2 result type 2 source type 1 a_dead 1 hl_dead 1 de_dead 1 iy_dead 1 f_dead 1
   0728 21 3A 00      [10] 1328 	ld	hl, #0x003a
   072B E5            [11] 1329 	push	hl
                           1330 ;	genIpush
                           1331 ;	genMove_o size 2 result type 2 source type 7 a_dead 1 hl_dead 1 de_dead 1 iy_dead 1 f_dead 1
   072C 21r6Bs07      [10] 1332 	ld	hl, #___str_2
   072F E5            [11] 1333 	push	hl
                           1334 ;	genSend
                           1335 ;	genMove_o size 2 result type 2 source type 7 a_dead 1 hl_dead 1 de_dead 1 iy_dead 1 f_dead 1
   0730 11rB1s08      [10] 1336 	ld	de, #___str_13
                           1337 ;	genSend
                           1338 ;	genMove_o size 2 result type 2 source type 7 a_dead 1 hl_dead 1 de_dead 0 iy_dead 1 f_dead 1
   0733 21r3Es07      [10] 1339 	ld	hl, #___str_0
                           1340 ;	genCall
   0736 CDr00s00      [17] 1341 	call	___fail
                           1342 ;	genLabel
   0739                    1343 00101$:
                           1344 ;cases/bitintrot/bitintrot_width_48_dist_32_storage_auto.c:60: }
                           1345 ;	genEndFunction
   0739 DD F9         [10] 1346 	ld	sp, ix
   073B DD E1         [14] 1347 	pop	ix
   073D C9            [10] 1348 	ret
                           1349 ;	Total testRot function size at codegen: 5 bytes.
   073E                    1350 ___str_0:
   073E 41 73 73 65 72 74  1351 	.ascii "Assertion failed"
        69 6F 6E 20 66 61
        69 6C 65 64
   074E 00                 1352 	.db 0x00
   074F                    1353 ___str_1:
   074F 52 4F 4C 20 28 74  1354 	.ascii "ROL (t1) == ROL (TESTVECT1)"
        31 29 20 3D 3D 20
        52 4F 4C 20 28 54
        45 53 54 56 45 43
        54 31 29
   076A 00                 1355 	.db 0x00
   076B                    1356 ___str_2:
   076B 63 61 73 65 73 2F  1357 	.ascii "cases/bitintrot/bitintrot_width_48_dist_32_storage_auto.c"
        62 69 74 69 6E 74
        72 6F 74 2F 62 69
        74 69 6E 74 72 6F
        74 5F 77 69 64 74
        68 5F 34 38 5F 64
        69 73 74 5F 33 32
        5F 73 74 6F 72 61
        67 65 5F 61 75 74
        6F 2E 63
   07A4 00                 1358 	.db 0x00
   07A5                    1359 ___str_3:
   07A5 52 4F 4C 20 28 74  1360 	.ascii "ROL (t2) == ROL (TESTVECT2)"
        32 29 20 3D 3D 20
        52 4F 4C 20 28 54
        45 53 54 56 45 43
        54 32 29
   07C0 00                 1361 	.db 0x00
   07C1                    1362 ___str_4:
   07C1 52 4F 52 20 28 74  1363 	.ascii "ROR (t1) == ROR (TESTVECT1)"
        31 29 20 3D 3D 20
        52 4F 52 20 28 54
        45 53 54 56 45 43
        54 31 29
   07DC 00                 1364 	.db 0x00
   07DD                    1365 ___str_5:
   07DD 52 4F 52 20 28 74  1366 	.ascii "ROR (t2) == ROR (TESTVECT2)"
        32 29 20 3D 3D 20
        52 4F 52 20 28 54
        45 53 54 56 45 43
        54 32 29
   07F8 00                 1367 	.db 0x00
   07F9                    1368 ___str_6:
   07F9 4E 52 4F 4C 20 28  1369 	.ascii "NROL (t1) == NROL (TESTVECT1)"
        74 31 29 20 3D 3D
        20 4E 52 4F 4C 20
        28 54 45 53 54 56
        45 43 54 31 29
   0816 00                 1370 	.db 0x00
   0817                    1371 ___str_7:
   0817 4E 52 4F 4C 20 28  1372 	.ascii "NROL (t2) == NROL (TESTVECT2)"
        74 32 29 20 3D 3D
        20 4E 52 4F 4C 20
        28 54 45 53 54 56
        45 43 54 32 29
   0834 00                 1373 	.db 0x00
   0835                    1374 ___str_8:
   0835 4E 52 4F 4C 32 20  1375 	.ascii "NROL2 (t1) == NROL2 (TESTVECT1)"
        28 74 31 29 20 3D
        3D 20 4E 52 4F 4C
        32 20 28 54 45 53
        54 56 45 43 54 31
        29
   0854 00                 1376 	.db 0x00
   0855                    1377 ___str_9:
   0855 4E 52 4F 4C 32 20  1378 	.ascii "NROL2 (t2) == NROL2 (TESTVECT2)"
        28 74 32 29 20 3D
        3D 20 4E 52 4F 4C
        32 20 28 54 45 53
        54 56 45 43 54 32
        29
   0874 00                 1379 	.db 0x00
   0875                    1380 ___str_10:
   0875 74 31 20 3D 3D 20  1381 	.ascii "t1 == ROL (TESTVECT1)"
        52 4F 4C 20 28 54
        45 53 54 56 45 43
        54 31 29
   088A 00                 1382 	.db 0x00
   088B                    1383 ___str_11:
   088B 74 32 20 3D 3D 20  1384 	.ascii "t2 == ROL (TESTVECT2)"
        52 4F 4C 20 28 54
        45 53 54 56 45 43
        54 32 29
   08A0 00                 1385 	.db 0x00
   08A1                    1386 ___str_12:
   08A1 74 31 20 3D 3D 20  1387 	.ascii "t1 == TESTVECT1"
        54 45 53 54 56 45
        43 54 31
   08B0 00                 1388 	.db 0x00
   08B1                    1389 ___str_13:
   08B1 74 32 20 3D 3D 20  1390 	.ascii "t2 == TESTVECT2"
        54 45 53 54 56 45
        43 54 32
   08C0 00                 1391 	.db 0x00
                           1392 ;cases/bitintrot/bitintrot_width_48_dist_32_storage_auto.c:64: __runSuite(void)
                           1393 ;	genLabel
                           1394 ;	genFunction
                           1395 ;	---------------------------------
                           1396 ; Function __runSuite
                           1397 ; ---------------------------------
                           1398 ;	Register assignment is optimal.
                           1399 ; Stack space usage: 0 bytes.
   08C1                    1400 ___runSuite::
                           1401 ;cases/bitintrot/bitintrot_width_48_dist_32_storage_auto.c:66: __prints("Running testRot\n");
                           1402 ;	skipping iCode since result will be rematerialized
                           1403 ;	skipping iCode since result will be rematerialized
                           1404 ;	genSend
                           1405 ;	genMove_o size 2 result type 2 source type 7 a_dead 1 hl_dead 1 de_dead 1 iy_dead 1 f_dead 1
   08C1 21rCAs08      [10] 1406 	ld	hl, #___str_14
                           1407 ;	genCall
   08C4 CDr00s00      [17] 1408 	call	___prints
                           1409 ;cases/bitintrot/bitintrot_width_48_dist_32_storage_auto.c:67: testRot();
                           1410 ;	genCall
                           1411 ;	genLabel
                           1412 ; common peephole 159 removed unused label 00101$.
                           1413 ;cases/bitintrot/bitintrot_width_48_dist_32_storage_auto.c:68: }
                           1414 ;	genEndFunction
   08C7 C3r00s00      [10] 1415 	jp	_testRot
                           1416 ; common peephole 152 removed unused ret.
                           1417 ;	Total __runSuite function size at codegen: 1 bytes.
   08CA                    1418 ___str_14:
   08CA 52 75 6E 6E 69 6E  1419 	.ascii "Running testRot"
        67 20 74 65 73 74
        52 6F 74
   08D9 0A                 1420 	.db 0x0a
   08DA 00                 1421 	.db 0x00
                           1422 ;cases/bitintrot/bitintrot_width_48_dist_32_storage_auto.c:73: __getSuiteName(void)
                           1423 ;	genLabel
                           1424 ;	genFunction
                           1425 ;	---------------------------------
                           1426 ; Function __getSuiteName
                           1427 ; ---------------------------------
                           1428 ;	Register assignment is optimal.
                           1429 ; Stack space usage: 0 bytes.
   08DB                    1430 ___getSuiteName::
                           1431 ;cases/bitintrot/bitintrot_width_48_dist_32_storage_auto.c:75: return "bitintrot_width_48_dist_32_storage_auto";
                           1432 ;	skipping iCode since result will be rematerialized
                           1433 ;	skipping iCode since result will be rematerialized
                           1434 ;	genRet
                           1435 ;	genMove_o size 2 result type 2 source type 7 a_dead 1 hl_dead 1 de_dead 1 iy_dead 1 f_dead 1
   08DB 11rE1s08      [10] 1436 	ld	de, #___str_15
                           1437 ;	genLabel
                           1438 ; common peephole 159 removed unused label 00101$.
                           1439 ;cases/bitintrot/bitintrot_width_48_dist_32_storage_auto.c:76: }
                           1440 ;	genEndFunction
   08DE C9            [10] 1441 	ret
                           1442 ;	Total __getSuiteName function size at codegen: 1 bytes.
   08DF                    1443 ___numCases:
   08DF 01 00              1444 	.dw #0x0001
   08E1                    1445 ___str_15:
   08E1 62 69 74 69 6E 74  1446 	.ascii "bitintrot_width_48_dist_32_storage_auto"
        72 6F 74 5F 77 69
        64 74 68 5F 34 38
        5F 64 69 73 74 5F
        33 32 5F 73 74 6F
        72 61 67 65 5F 61
        75 74 6F
   0908 00                 1447 	.db 0x00
                           1448 	.area _CODE (BANK=_CSEG)
                           1449 	.area _INITIALIZER
                           1450 	.area _CABS (ABS)
