                              1 ;--------------------------------------------------------
                              2 ; File Created by SDCC : free open source ISO C Compiler
                              3 ; Version 4.6.2 #16710 (Linux)
                              4 ;--------------------------------------------------------
                              5 	.module bitintrot_width_33_dist_20_storage_auto
                              6 	
                              7 ;--------------------------------------------------------
                              8 ; Public variables in this module
                              9 ;--------------------------------------------------------
                             10 	.globl _testRot
                             11 	.globl ___prints
                             12 	.globl ___fail
                             13 	.globl ___numCases
                             14 	.globl ___runSuite
                             15 	.globl ___getSuiteName
                             16 ;--------------------------------------------------------
                             17 ; special function registers
                             18 ;--------------------------------------------------------
                             19 ;--------------------------------------------------------
                             20 ; ram data
                             21 ;--------------------------------------------------------
                             22 	.area _DATA (BANK=_DSEG)
                             23 ;--------------------------------------------------------
                             24 ; ram data
                             25 ;--------------------------------------------------------
                             26 	.area _INITIALIZED
                             27 ;--------------------------------------------------------
                             28 ; absolute ram data
                             29 ;--------------------------------------------------------
                             30 	.area _DABS (ABS)
                             31 	.area _DABS (ABS)
                             32 ;--------------------------------------------------------
                             33 ; global & static initialisations
                             34 ;--------------------------------------------------------
                             35 	.area _HOME
                             36 	.area _GSINIT
                             37 	.area _GSFINAL
                             38 	.area _GSINIT
                             39 ;--------------------------------------------------------
                             40 ; Home
                             41 ;--------------------------------------------------------
                             42 	.area _HOME (BANK=_CSEG)
                             43 	.area _HOME (BANK=_CSEG)
                             44 ;--------------------------------------------------------
                             45 ; code
                             46 ;--------------------------------------------------------
                             47 	.area _CODE (BANK=_CSEG)
                             48 ;cases/bitintrot/bitintrot_width_33_dist_20_storage_auto.c:36: testRot (void)
                             49 ;	genLabel
                             50 ;	genFunction
                             51 ;	---------------------------------
                             52 ; Function testRot
                             53 ; ---------------------------------
                             54 ;	Register assignment might be sub-optimal.
                             55 ; Stack space usage: 21 bytes.
   0000                      56 _testRot::
   0000 DD E5         [15]   57 	push	ix
   0002 DD 21 00 00   [14]   58 	ld	ix,	#0
   0006 DD 39         [15]   59 	add	ix, sp
                             60 ;	adjustStack by -21
   0008 21 EB FF      [10]   61 	ld	hl, #-21
   000B 39            [11]   62 	add	hl, sp
   000C F9            [ 6]   63 	ld	sp, hl
                             64 ;cases/bitintrot/bitintrot_width_33_dist_20_storage_auto.c:38: volatile auto bitinttype t1 = TESTVECT1;
                             65 ;	genAssign
                             66 ;	genMove_o size 5 result type 6 source type 1 a_dead 1 hl_dead 1 de_dead 1 iy_dead 1 f_dead 1
   000D DD 36 EB A5   [19]   67 	ld	-21 (ix), #0xa5
   0011 AF            [ 4]   68 	xor	a, a
   0012 DD 77 EC      [19]   69 	ld	-20 (ix), a
   0015 DD 77 ED      [19]   70 	ld	-19 (ix), a
   0018 DD 77 EE      [19]   71 	ld	-18 (ix), a
   001B DD 77 EF      [19]   72 	ld	-17 (ix), a
                             73 ;cases/bitintrot/bitintrot_width_33_dist_20_storage_auto.c:39: volatile auto bitinttype t2 = TESTVECT2;
                             74 ;	genAssign
                             75 ;	genMove_o size 5 result type 6 source type 1 a_dead 1 hl_dead 1 de_dead 1 iy_dead 1 f_dead 1
   001E DD 36 F0 55   [19]   76 	ld	-16 (ix), #0x55
   0022 DD 36 F1 AA   [19]   77 	ld	-15 (ix), #0xaa
   0026 AF            [ 4]   78 	xor	a, a
   0027 DD 77 F2      [19]   79 	ld	-14 (ix), a
   002A DD 77 F3      [19]   80 	ld	-13 (ix), a
   002D DD 77 F4      [19]   81 	ld	-12 (ix), a
                             82 ;cases/bitintrot/bitintrot_width_33_dist_20_storage_auto.c:41: ASSERT (ROL (t1) == ROL (TESTVECT1));
                             83 ;	genPlus
                             84 ;	genMove_o size 2 result type 2 source type 10 a_dead 1 hl_dead 1 de_dead 1 iy_dead 1 f_dead 1
   0030 2Ar00s00      [16]   85 	ld	hl, (___numTests)
   0033 23            [ 6]   86 	inc	hl
                             87 ;	genMove_o size 2 result type 10 source type 2 a_dead 1 hl_dead 1 de_dead 1 iy_dead 1 f_dead 1
   0034 22r00s00      [16]   88 	ld	(___numTests), hl
                             89 ;	genLeftShift
                             90 ;	genMove_o size 3 result type 6 source type 6 a_dead 1 hl_dead 1 de_dead 1 iy_dead 1 f_dead 1
   0037 DD 7E EB      [19]   91 	ld	a, -21 (ix)
   003A DD 77 F7      [19]   92 	ld	-9 (ix), a
   003D DD 7E EC      [19]   93 	ld	a, -20 (ix)
   0040 DD 77 F8      [19]   94 	ld	-8 (ix), a
   0043 DD 7E ED      [19]   95 	ld	a, -19 (ix)
   0046 DD 77 F9      [19]   96 	ld	-7 (ix), a
                             97 ;	genMove_o size 0 result type 6 source type 1 a_dead 1 hl_dead 1 de_dead 1 iy_dead 1 f_dead 1
                             98 ;	genMove_o size 2 result type 6 source type 1 a_dead 1 hl_dead 1 de_dead 1 iy_dead 1 f_dead 1
   0049 AF            [ 4]   99 	xor	a, a
   004A DD 77 F5      [19]  100 	ld	-11 (ix), a
   004D DD 77 F6      [19]  101 	ld	-10 (ix), a
   0050 06 04         [ 7]  102 	ld	b, #0x04
   0052                     103 00223$:
   0052 DD CB F7 26   [23]  104 	sla	-9 (ix)
   0056 DD CB F8 16   [23]  105 	rl	-8 (ix)
   005A DD CB F9 16   [23]  106 	rl	-7 (ix)
                            107 ; common peephole 159 removed unused label 00224$.
   005E 10 F2         [13]  108 	djnz	00223$
   0060 DD 7E F9      [19]  109 	ld	a, -7 (ix)
   0063 E6 01         [ 7]  110 	and	a, #0x01
   0065 DD 77 F9      [19]  111 	ld	-7 (ix), a
                            112 ;	genMove_o size 5 result type 6 source type 6 a_dead 1 hl_dead 1 de_dead 1 iy_dead 1 f_dead 1
                            113 ;	genRightShift
                            114 ;	genMove_o size 4 result type 6 source type 6 a_dead 1 hl_dead 1 de_dead 1 iy_dead 1 f_dead 1
   0068 DD 7E EC      [19]  115 	ld	a, -20 (ix)
   006B DD 77 FB      [19]  116 	ld	-5 (ix), a
   006E DD 7E ED      [19]  117 	ld	a, -19 (ix)
   0071 DD 77 FC      [19]  118 	ld	-4 (ix), a
   0074 DD 7E EE      [19]  119 	ld	a, -18 (ix)
   0077 DD 77 FD      [19]  120 	ld	-3 (ix), a
   007A DD 7E EF      [19]  121 	ld	a, -17 (ix)
   007D DD 77 FE      [19]  122 	ld	-2 (ix), a
                            123 ;	genMove_o size 0 result type 6 source type 1 a_dead 1 hl_dead 1 de_dead 1 iy_dead 1 f_dead 1
                            124 ;	genMove_o size 1 result type 6 source type 1 a_dead 1 hl_dead 1 de_dead 0 iy_dead 1 f_dead 1
   0080 DD 36 FF 00   [19]  125 	ld	-1 (ix), #0x00
   0084 06 05         [ 7]  126 	ld	b, #0x05
   0086                     127 00225$:
   0086 DD CB FE 3E   [23]  128 	srl	-2 (ix)
   008A DD CB FD 1E   [23]  129 	rr	-3 (ix)
   008E DD CB FC 1E   [23]  130 	rr	-4 (ix)
   0092 DD CB FB 1E   [23]  131 	rr	-5 (ix)
                            132 ; common peephole 159 removed unused label 00226$.
   0096 10 EE         [13]  133 	djnz	00225$
                            134 ;	genMove_o size 5 result type 6 source type 6 a_dead 1 hl_dead 1 de_dead 1 iy_dead 1 f_dead 1
                            135 ;	genOr
                            136 ;	genMove_o size 2 result type 6 source type 6 a_dead 1 hl_dead 1 de_dead 1 iy_dead 1 f_dead 1
   0098 DD 7E FD      [19]  137 	ld	a, -3 (ix)
   009B DD B6 F7      [19]  138 	or	a, -9 (ix)
                            139 ;	genMove_o size 1 result type 6 source type 2 a_dead 1 hl_dead 1 de_dead 1 iy_dead 1 f_dead 1
   009E DD 77 FD      [19]  140 	ld	-3 (ix), a
                            141 ;	genMove_o size 0 result type 6 source type 1 a_dead 1 hl_dead 1 de_dead 1 iy_dead 1 f_dead 1
                            142 ;	genMove_o size 2 result type 6 source type 6 a_dead 1 hl_dead 1 de_dead 1 iy_dead 1 f_dead 1
   00A1 DD 7E F8      [19]  143 	ld	a, -8 (ix)
   00A4 DD 77 FE      [19]  144 	ld	-2 (ix), a
   00A7 DD 7E F9      [19]  145 	ld	a, -7 (ix)
   00AA DD 77 FF      [19]  146 	ld	-1 (ix), a
                            147 ;	genMove_o size 0 result type 6 source type 1 a_dead 1 hl_dead 1 de_dead 1 iy_dead 1 f_dead 1
                            148 ;	genCmpEq
   00AD DD 7E FB      [19]  149 	ld	a, -5 (ix)
   00B0 B7            [ 4]  150 	or	a, a
   00B1 DD B6 FC      [19]  151 	or	a, -4 (ix)
                            152 ; common peephole 163 changed absolute to relative conditional jump.
   00B4 20 11         [12]  153 	jr	nz, 00227$
                            154 ;	genMove_o size 1 result type 2 source type 6 a_dead 1 hl_dead 1 de_dead 0 iy_dead 0 f_dead 1
   00B6 DD 7E FD      [19]  155 	ld	a, -3 (ix)
                            156 ;	genMove_o size 0 result type 2 source type 1 a_dead 1 hl_dead 1 de_dead 0 iy_dead 0 f_dead 1
   00B9 D6 50         [ 7]  157 	sub	a, #0x50
                            158 ; common peephole 163 changed absolute to relative conditional jump.
   00BB 20 0A         [12]  159 	jr	nz, 00227$
                            160 ;	genMove_o size 1 result type 2 source type 6 a_dead 1 hl_dead 1 de_dead 0 iy_dead 0 f_dead 1
   00BD DD 7E FE      [19]  161 	ld	a, -2 (ix)
                            162 ;	genMove_o size 0 result type 2 source type 1 a_dead 1 hl_dead 1 de_dead 0 iy_dead 0 f_dead 1
   00C0 D6 0A         [ 7]  163 	sub	a, #0x0a
   00C2 DD B6 FF      [19]  164 	or	a, -1 (ix)
                            165 ; common peephole 163 changed absolute to relative conditional jump.
   00C5 28 11         [12]  166 	jr	z, 00104$
                            167 ; common peephole 81 removed jp by using inverse jump logic
   00C7                     168 00227$:
                            169 ;	skipping generated iCode
                            170 ;	skipping iCode since result will be rematerialized
                            171 ;	skipping iCode since result will be rematerialized
                            172 ;	skipping iCode since result will be rematerialized
                            173 ;	skipping iCode since result will be rematerialized
                            174 ;	skipping iCode since result will be rematerialized
                            175 ;	skipping iCode since result will be rematerialized
                            176 ;	genIpush
                            177 ;	genMove_o size 2 result type 2 source type 1 a_dead 1 hl_dead 1 de_dead 1 iy_dead 1 f_dead 1
   00C7 21 29 00      [10]  178 	ld	hl, #0x0029
   00CA E5            [11]  179 	push	hl
                            180 ;	genIpush
                            181 ;	genMove_o size 2 result type 2 source type 7 a_dead 1 hl_dead 1 de_dead 1 iy_dead 1 f_dead 1
   00CB 21r5As08      [10]  182 	ld	hl, #___str_2
   00CE E5            [11]  183 	push	hl
                            184 ;	genSend
                            185 ;	genMove_o size 2 result type 2 source type 7 a_dead 1 hl_dead 1 de_dead 1 iy_dead 1 f_dead 1
   00CF 11r3Es08      [10]  186 	ld	de, #___str_1
                            187 ;	genSend
                            188 ;	genMove_o size 2 result type 2 source type 7 a_dead 1 hl_dead 1 de_dead 0 iy_dead 1 f_dead 1
   00D2 21r2Ds08      [10]  189 	ld	hl, #___str_0
                            190 ;	genCall
   00D5 CDr00s00      [17]  191 	call	___fail
                            192 ;	genLabel
   00D8                     193 00104$:
                            194 ;cases/bitintrot/bitintrot_width_33_dist_20_storage_auto.c:42: ASSERT (ROL (t2) == ROL (TESTVECT2));
                            195 ;	genPlus
                            196 ;	genMove_o size 2 result type 2 source type 10 a_dead 1 hl_dead 1 de_dead 1 iy_dead 1 f_dead 1
   00D8 2Ar00s00      [16]  197 	ld	hl, (___numTests)
   00DB 23            [ 6]  198 	inc	hl
                            199 ;	genMove_o size 2 result type 10 source type 2 a_dead 1 hl_dead 1 de_dead 1 iy_dead 1 f_dead 1
   00DC 22r00s00      [16]  200 	ld	(___numTests), hl
                            201 ;	genLeftShift
                            202 ;	genMove_o size 3 result type 6 source type 6 a_dead 1 hl_dead 1 de_dead 1 iy_dead 1 f_dead 1
   00DF DD 7E F0      [19]  203 	ld	a, -16 (ix)
   00E2 DD 77 F7      [19]  204 	ld	-9 (ix), a
   00E5 DD 7E F1      [19]  205 	ld	a, -15 (ix)
   00E8 DD 77 F8      [19]  206 	ld	-8 (ix), a
   00EB DD 7E F2      [19]  207 	ld	a, -14 (ix)
   00EE DD 77 F9      [19]  208 	ld	-7 (ix), a
                            209 ;	genMove_o size 0 result type 6 source type 1 a_dead 1 hl_dead 1 de_dead 1 iy_dead 1 f_dead 1
                            210 ;	genMove_o size 2 result type 6 source type 1 a_dead 1 hl_dead 1 de_dead 1 iy_dead 1 f_dead 1
   00F1 AF            [ 4]  211 	xor	a, a
   00F2 DD 77 F5      [19]  212 	ld	-11 (ix), a
   00F5 DD 77 F6      [19]  213 	ld	-10 (ix), a
   00F8 06 04         [ 7]  214 	ld	b, #0x04
   00FA                     215 00228$:
   00FA DD CB F7 26   [23]  216 	sla	-9 (ix)
   00FE DD CB F8 16   [23]  217 	rl	-8 (ix)
   0102 DD CB F9 16   [23]  218 	rl	-7 (ix)
                            219 ; common peephole 159 removed unused label 00229$.
   0106 10 F2         [13]  220 	djnz	00228$
   0108 DD 7E F9      [19]  221 	ld	a, -7 (ix)
   010B E6 01         [ 7]  222 	and	a, #0x01
   010D DD 77 F9      [19]  223 	ld	-7 (ix), a
                            224 ;	genMove_o size 5 result type 6 source type 6 a_dead 1 hl_dead 1 de_dead 1 iy_dead 1 f_dead 1
                            225 ;	genRightShift
                            226 ;	genMove_o size 4 result type 6 source type 6 a_dead 1 hl_dead 1 de_dead 1 iy_dead 1 f_dead 1
   0110 DD 7E F1      [19]  227 	ld	a, -15 (ix)
   0113 DD 77 FB      [19]  228 	ld	-5 (ix), a
   0116 DD 7E F2      [19]  229 	ld	a, -14 (ix)
   0119 DD 77 FC      [19]  230 	ld	-4 (ix), a
   011C DD 7E F3      [19]  231 	ld	a, -13 (ix)
   011F DD 77 FD      [19]  232 	ld	-3 (ix), a
   0122 DD 7E F4      [19]  233 	ld	a, -12 (ix)
   0125 DD 77 FE      [19]  234 	ld	-2 (ix), a
                            235 ;	genMove_o size 0 result type 6 source type 1 a_dead 1 hl_dead 1 de_dead 1 iy_dead 1 f_dead 1
                            236 ;	genMove_o size 1 result type 6 source type 1 a_dead 1 hl_dead 1 de_dead 0 iy_dead 1 f_dead 1
   0128 DD 36 FF 00   [19]  237 	ld	-1 (ix), #0x00
   012C 06 05         [ 7]  238 	ld	b, #0x05
   012E                     239 00230$:
   012E DD CB FE 3E   [23]  240 	srl	-2 (ix)
   0132 DD CB FD 1E   [23]  241 	rr	-3 (ix)
   0136 DD CB FC 1E   [23]  242 	rr	-4 (ix)
   013A DD CB FB 1E   [23]  243 	rr	-5 (ix)
                            244 ; common peephole 159 removed unused label 00231$.
   013E 10 EE         [13]  245 	djnz	00230$
                            246 ;	genMove_o size 5 result type 6 source type 6 a_dead 1 hl_dead 1 de_dead 1 iy_dead 1 f_dead 1
                            247 ;	genOr
                            248 ;	genMove_o size 2 result type 6 source type 6 a_dead 1 hl_dead 1 de_dead 1 iy_dead 1 f_dead 1
   0140 DD 7E FD      [19]  249 	ld	a, -3 (ix)
   0143 DD B6 F7      [19]  250 	or	a, -9 (ix)
                            251 ;	genMove_o size 1 result type 6 source type 2 a_dead 1 hl_dead 1 de_dead 1 iy_dead 1 f_dead 1
   0146 DD 77 FD      [19]  252 	ld	-3 (ix), a
                            253 ;	genMove_o size 0 result type 6 source type 1 a_dead 1 hl_dead 1 de_dead 1 iy_dead 1 f_dead 1
                            254 ;	genMove_o size 2 result type 6 source type 6 a_dead 1 hl_dead 1 de_dead 1 iy_dead 1 f_dead 1
   0149 DD 7E F8      [19]  255 	ld	a, -8 (ix)
   014C DD 77 FE      [19]  256 	ld	-2 (ix), a
   014F DD 7E F9      [19]  257 	ld	a, -7 (ix)
   0152 DD 77 FF      [19]  258 	ld	-1 (ix), a
                            259 ;	genMove_o size 0 result type 6 source type 1 a_dead 1 hl_dead 1 de_dead 1 iy_dead 1 f_dead 1
                            260 ;	genCmpEq
                            261 ;	genMove_o size 1 result type 2 source type 6 a_dead 1 hl_dead 1 de_dead 0 iy_dead 0 f_dead 1
   0155 DD 7E FB      [19]  262 	ld	a, -5 (ix)
                            263 ;	genMove_o size 0 result type 2 source type 1 a_dead 1 hl_dead 1 de_dead 0 iy_dead 0 f_dead 1
   0158 D6 05         [ 7]  264 	sub	a, #0x05
   015A DD B6 FC      [19]  265 	or	a, -4 (ix)
                            266 ; common peephole 163 changed absolute to relative conditional jump.
   015D 20 11         [12]  267 	jr	nz, 00232$
                            268 ;	genMove_o size 1 result type 2 source type 6 a_dead 1 hl_dead 1 de_dead 0 iy_dead 0 f_dead 1
   015F DD 7E FD      [19]  269 	ld	a, -3 (ix)
                            270 ;	genMove_o size 0 result type 2 source type 1 a_dead 1 hl_dead 1 de_dead 0 iy_dead 0 f_dead 1
   0162 D6 50         [ 7]  271 	sub	a, #0x50
                            272 ; common peephole 163 changed absolute to relative conditional jump.
   0164 20 0A         [12]  273 	jr	nz, 00232$
                            274 ;	genMove_o size 1 result type 2 source type 6 a_dead 1 hl_dead 1 de_dead 0 iy_dead 0 f_dead 1
   0166 DD 7E FE      [19]  275 	ld	a, -2 (ix)
                            276 ;	genMove_o size 0 result type 2 source type 1 a_dead 1 hl_dead 1 de_dead 0 iy_dead 0 f_dead 1
   0169 D6 A5         [ 7]  277 	sub	a, #0xa5
   016B DD B6 FF      [19]  278 	or	a, -1 (ix)
                            279 ; common peephole 163 changed absolute to relative conditional jump.
   016E 28 11         [12]  280 	jr	z, 00106$
                            281 ; common peephole 81 removed jp by using inverse jump logic
   0170                     282 00232$:
                            283 ;	skipping generated iCode
                            284 ;	skipping iCode since result will be rematerialized
                            285 ;	skipping iCode since result will be rematerialized
                            286 ;	skipping iCode since result will be rematerialized
                            287 ;	skipping iCode since result will be rematerialized
                            288 ;	skipping iCode since result will be rematerialized
                            289 ;	skipping iCode since result will be rematerialized
                            290 ;	genIpush
                            291 ;	genMove_o size 2 result type 2 source type 1 a_dead 1 hl_dead 1 de_dead 1 iy_dead 1 f_dead 1
   0170 21 2A 00      [10]  292 	ld	hl, #0x002a
   0173 E5            [11]  293 	push	hl
                            294 ;	genIpush
                            295 ;	genMove_o size 2 result type 2 source type 7 a_dead 1 hl_dead 1 de_dead 1 iy_dead 1 f_dead 1
   0174 21r5As08      [10]  296 	ld	hl, #___str_2
   0177 E5            [11]  297 	push	hl
                            298 ;	genSend
                            299 ;	genMove_o size 2 result type 2 source type 7 a_dead 1 hl_dead 1 de_dead 1 iy_dead 1 f_dead 1
   0178 11r94s08      [10]  300 	ld	de, #___str_3
                            301 ;	genSend
                            302 ;	genMove_o size 2 result type 2 source type 7 a_dead 1 hl_dead 1 de_dead 0 iy_dead 1 f_dead 1
   017B 21r2Ds08      [10]  303 	ld	hl, #___str_0
                            304 ;	genCall
   017E CDr00s00      [17]  305 	call	___fail
                            306 ;	genLabel
   0181                     307 00106$:
                            308 ;cases/bitintrot/bitintrot_width_33_dist_20_storage_auto.c:43: ASSERT (ROR (t1) == ROR (TESTVECT1));
                            309 ;	genPlus
                            310 ;	genMove_o size 2 result type 2 source type 10 a_dead 1 hl_dead 1 de_dead 1 iy_dead 1 f_dead 1
   0181 2Ar00s00      [16]  311 	ld	hl, (___numTests)
   0184 23            [ 6]  312 	inc	hl
                            313 ;	genMove_o size 2 result type 10 source type 2 a_dead 1 hl_dead 1 de_dead 1 iy_dead 1 f_dead 1
   0185 22r00s00      [16]  314 	ld	(___numTests), hl
                            315 ;	genRightShift
                            316 ;	genMove_o size 3 result type 6 source type 6 a_dead 1 hl_dead 1 de_dead 1 iy_dead 1 f_dead 1
   0188 DD 7E ED      [19]  317 	ld	a, -19 (ix)
   018B DD 77 F5      [19]  318 	ld	-11 (ix), a
   018E DD 7E EE      [19]  319 	ld	a, -18 (ix)
   0191 DD 77 F6      [19]  320 	ld	-10 (ix), a
   0194 DD 7E EF      [19]  321 	ld	a, -17 (ix)
   0197 DD 77 F7      [19]  322 	ld	-9 (ix), a
                            323 ;	genMove_o size 0 result type 6 source type 1 a_dead 1 hl_dead 1 de_dead 1 iy_dead 1 f_dead 1
                            324 ;	genMove_o size 2 result type 6 source type 1 a_dead 1 hl_dead 1 de_dead 0 iy_dead 1 f_dead 1
   019A AF            [ 4]  325 	xor	a, a
   019B DD 77 F8      [19]  326 	ld	-8 (ix), a
   019E DD 77 F9      [19]  327 	ld	-7 (ix), a
   01A1 06 04         [ 7]  328 	ld	b, #0x04
   01A3                     329 00233$:
   01A3 DD CB F7 3E   [23]  330 	srl	-9 (ix)
   01A7 DD CB F6 1E   [23]  331 	rr	-10 (ix)
   01AB DD CB F5 1E   [23]  332 	rr	-11 (ix)
                            333 ; common peephole 159 removed unused label 00234$.
   01AF 10 F2         [13]  334 	djnz	00233$
                            335 ;	genMove_o size 5 result type 6 source type 6 a_dead 1 hl_dead 1 de_dead 1 iy_dead 1 f_dead 1
                            336 ;	genLeftShift
                            337 ;	genMove_o size 4 result type 6 source type 6 a_dead 1 hl_dead 1 de_dead 1 iy_dead 1 f_dead 1
   01B1 DD 7E EB      [19]  338 	ld	a, -21 (ix)
   01B4 DD 77 FC      [19]  339 	ld	-4 (ix), a
   01B7 DD 7E EC      [19]  340 	ld	a, -20 (ix)
   01BA DD 77 FD      [19]  341 	ld	-3 (ix), a
   01BD DD 7E ED      [19]  342 	ld	a, -19 (ix)
   01C0 DD 77 FE      [19]  343 	ld	-2 (ix), a
   01C3 DD 7E EE      [19]  344 	ld	a, -18 (ix)
   01C6 DD 77 FF      [19]  345 	ld	-1 (ix), a
                            346 ;	genMove_o size 0 result type 6 source type 1 a_dead 1 hl_dead 1 de_dead 1 iy_dead 1 f_dead 1
                            347 ;	genMove_o size 1 result type 6 source type 1 a_dead 1 hl_dead 1 de_dead 1 iy_dead 1 f_dead 1
   01C9 DD 36 FB 00   [19]  348 	ld	-5 (ix), #0x00
   01CD 06 05         [ 7]  349 	ld	b, #0x05
   01CF                     350 00235$:
   01CF DD CB FC 26   [23]  351 	sla	-4 (ix)
   01D3 DD CB FD 16   [23]  352 	rl	-3 (ix)
   01D7 DD CB FE 16   [23]  353 	rl	-2 (ix)
   01DB DD CB FF 16   [23]  354 	rl	-1 (ix)
                            355 ; common peephole 159 removed unused label 00236$.
   01DF 10 EE         [13]  356 	djnz	00235$
   01E1 DD 7E FF      [19]  357 	ld	a, -1 (ix)
   01E4 E6 01         [ 7]  358 	and	a, #0x01
   01E6 DD 77 FF      [19]  359 	ld	-1 (ix), a
                            360 ;	genMove_o size 5 result type 6 source type 6 a_dead 1 hl_dead 1 de_dead 1 iy_dead 1 f_dead 1
                            361 ;	genOr
                            362 ;	genMove_o size 1 result type 6 source type 6 a_dead 1 hl_dead 1 de_dead 1 iy_dead 1 f_dead 1
   01E9 DD 7E F5      [19]  363 	ld	a, -11 (ix)
   01EC DD 77 FB      [19]  364 	ld	-5 (ix), a
                            365 ;	genMove_o size 0 result type 6 source type 1 a_dead 1 hl_dead 1 de_dead 1 iy_dead 1 f_dead 1
   01EF DD 7E FC      [19]  366 	ld	a, -4 (ix)
   01F2 DD B6 F6      [19]  367 	or	a, -10 (ix)
                            368 ;	genMove_o size 1 result type 6 source type 2 a_dead 1 hl_dead 1 de_dead 1 iy_dead 1 f_dead 1
   01F5 DD 77 FC      [19]  369 	ld	-4 (ix), a
                            370 ;	genMove_o size 0 result type 6 source type 1 a_dead 1 hl_dead 1 de_dead 1 iy_dead 1 f_dead 1
                            371 ;	genMove_o size 3 result type 6 source type 6 a_dead 1 hl_dead 1 de_dead 1 iy_dead 1 f_dead 1
                            372 ;	genCmpEq
   01F8 DD 7E FB      [19]  373 	ld	a, -5 (ix)
   01FB B7            [ 4]  374 	or	a, a
                            375 ; common peephole 163 changed absolute to relative conditional jump.
   01FC 20 14         [12]  376 	jr	nz, 00237$
                            377 ;	genMove_o size 1 result type 2 source type 6 a_dead 1 hl_dead 1 de_dead 0 iy_dead 0 f_dead 1
   01FE DD 7E FC      [19]  378 	ld	a, -4 (ix)
                            379 ;	genMove_o size 0 result type 2 source type 1 a_dead 1 hl_dead 1 de_dead 0 iy_dead 0 f_dead 1
   0201 D6 A0         [ 7]  380 	sub	a, #0xa0
                            381 ; common peephole 163 changed absolute to relative conditional jump.
   0203 20 0D         [12]  382 	jr	nz, 00237$
                            383 ;	genMove_o size 1 result type 2 source type 6 a_dead 1 hl_dead 1 de_dead 0 iy_dead 0 f_dead 1
   0205 DD 7E FD      [19]  384 	ld	a, -3 (ix)
                            385 ;	genMove_o size 0 result type 2 source type 1 a_dead 1 hl_dead 1 de_dead 0 iy_dead 0 f_dead 1
   0208 D6 14         [ 7]  386 	sub	a, #0x14
   020A DD B6 FE      [19]  387 	or	a, -2 (ix)
   020D DD B6 FF      [19]  388 	or	a, -1 (ix)
                            389 ; common peephole 163 changed absolute to relative conditional jump.
   0210 28 11         [12]  390 	jr	z, 00108$
                            391 ; common peephole 81 removed jp by using inverse jump logic
   0212                     392 00237$:
                            393 ;	skipping generated iCode
                            394 ;	skipping iCode since result will be rematerialized
                            395 ;	skipping iCode since result will be rematerialized
                            396 ;	skipping iCode since result will be rematerialized
                            397 ;	skipping iCode since result will be rematerialized
                            398 ;	skipping iCode since result will be rematerialized
                            399 ;	skipping iCode since result will be rematerialized
                            400 ;	genIpush
                            401 ;	genMove_o size 2 result type 2 source type 1 a_dead 1 hl_dead 1 de_dead 1 iy_dead 1 f_dead 1
   0212 21 2B 00      [10]  402 	ld	hl, #0x002b
   0215 E5            [11]  403 	push	hl
                            404 ;	genIpush
                            405 ;	genMove_o size 2 result type 2 source type 7 a_dead 1 hl_dead 1 de_dead 1 iy_dead 1 f_dead 1
   0216 21r5As08      [10]  406 	ld	hl, #___str_2
   0219 E5            [11]  407 	push	hl
                            408 ;	genSend
                            409 ;	genMove_o size 2 result type 2 source type 7 a_dead 1 hl_dead 1 de_dead 1 iy_dead 1 f_dead 1
   021A 11rB0s08      [10]  410 	ld	de, #___str_4
                            411 ;	genSend
                            412 ;	genMove_o size 2 result type 2 source type 7 a_dead 1 hl_dead 1 de_dead 0 iy_dead 1 f_dead 1
   021D 21r2Ds08      [10]  413 	ld	hl, #___str_0
                            414 ;	genCall
   0220 CDr00s00      [17]  415 	call	___fail
                            416 ;	genLabel
   0223                     417 00108$:
                            418 ;cases/bitintrot/bitintrot_width_33_dist_20_storage_auto.c:44: ASSERT (ROR (t2) == ROR (TESTVECT2));
                            419 ;	genPlus
                            420 ;	genMove_o size 2 result type 2 source type 10 a_dead 1 hl_dead 1 de_dead 1 iy_dead 1 f_dead 1
   0223 2Ar00s00      [16]  421 	ld	hl, (___numTests)
   0226 23            [ 6]  422 	inc	hl
                            423 ;	genMove_o size 2 result type 10 source type 2 a_dead 1 hl_dead 1 de_dead 1 iy_dead 1 f_dead 1
   0227 22r00s00      [16]  424 	ld	(___numTests), hl
                            425 ;	genRightShift
                            426 ;	genMove_o size 3 result type 6 source type 6 a_dead 1 hl_dead 1 de_dead 1 iy_dead 1 f_dead 1
   022A DD 7E F2      [19]  427 	ld	a, -14 (ix)
   022D DD 77 F5      [19]  428 	ld	-11 (ix), a
   0230 DD 7E F3      [19]  429 	ld	a, -13 (ix)
   0233 DD 77 F6      [19]  430 	ld	-10 (ix), a
   0236 DD 7E F4      [19]  431 	ld	a, -12 (ix)
   0239 DD 77 F7      [19]  432 	ld	-9 (ix), a
                            433 ;	genMove_o size 0 result type 6 source type 1 a_dead 1 hl_dead 1 de_dead 1 iy_dead 1 f_dead 1
                            434 ;	genMove_o size 2 result type 6 source type 1 a_dead 1 hl_dead 1 de_dead 0 iy_dead 1 f_dead 1
   023C AF            [ 4]  435 	xor	a, a
   023D DD 77 F8      [19]  436 	ld	-8 (ix), a
   0240 DD 77 F9      [19]  437 	ld	-7 (ix), a
   0243 06 04         [ 7]  438 	ld	b, #0x04
   0245                     439 00238$:
   0245 DD CB F7 3E   [23]  440 	srl	-9 (ix)
   0249 DD CB F6 1E   [23]  441 	rr	-10 (ix)
   024D DD CB F5 1E   [23]  442 	rr	-11 (ix)
                            443 ; common peephole 159 removed unused label 00239$.
   0251 10 F2         [13]  444 	djnz	00238$
                            445 ;	genMove_o size 5 result type 6 source type 6 a_dead 1 hl_dead 1 de_dead 1 iy_dead 1 f_dead 1
                            446 ;	genLeftShift
                            447 ;	genMove_o size 4 result type 6 source type 6 a_dead 1 hl_dead 1 de_dead 1 iy_dead 1 f_dead 1
   0253 DD 7E F0      [19]  448 	ld	a, -16 (ix)
   0256 DD 77 FC      [19]  449 	ld	-4 (ix), a
   0259 DD 7E F1      [19]  450 	ld	a, -15 (ix)
   025C DD 77 FD      [19]  451 	ld	-3 (ix), a
   025F DD 7E F2      [19]  452 	ld	a, -14 (ix)
   0262 DD 77 FE      [19]  453 	ld	-2 (ix), a
   0265 DD 7E F3      [19]  454 	ld	a, -13 (ix)
   0268 DD 77 FF      [19]  455 	ld	-1 (ix), a
                            456 ;	genMove_o size 0 result type 6 source type 1 a_dead 1 hl_dead 1 de_dead 1 iy_dead 1 f_dead 1
                            457 ;	genMove_o size 1 result type 6 source type 1 a_dead 1 hl_dead 1 de_dead 1 iy_dead 1 f_dead 1
   026B DD 36 FB 00   [19]  458 	ld	-5 (ix), #0x00
   026F 06 05         [ 7]  459 	ld	b, #0x05
   0271                     460 00240$:
   0271 DD CB FC 26   [23]  461 	sla	-4 (ix)
   0275 DD CB FD 16   [23]  462 	rl	-3 (ix)
   0279 DD CB FE 16   [23]  463 	rl	-2 (ix)
   027D DD CB FF 16   [23]  464 	rl	-1 (ix)
                            465 ; common peephole 159 removed unused label 00241$.
   0281 10 EE         [13]  466 	djnz	00240$
   0283 DD 7E FF      [19]  467 	ld	a, -1 (ix)
   0286 E6 01         [ 7]  468 	and	a, #0x01
   0288 DD 77 FF      [19]  469 	ld	-1 (ix), a
                            470 ;	genMove_o size 5 result type 6 source type 6 a_dead 1 hl_dead 1 de_dead 1 iy_dead 1 f_dead 1
                            471 ;	genOr
                            472 ;	genMove_o size 1 result type 6 source type 6 a_dead 1 hl_dead 1 de_dead 1 iy_dead 1 f_dead 1
   028B DD 7E F5      [19]  473 	ld	a, -11 (ix)
   028E DD 77 FB      [19]  474 	ld	-5 (ix), a
                            475 ;	genMove_o size 0 result type 6 source type 1 a_dead 1 hl_dead 1 de_dead 1 iy_dead 1 f_dead 1
   0291 DD 7E FC      [19]  476 	ld	a, -4 (ix)
   0294 DD B6 F6      [19]  477 	or	a, -10 (ix)
                            478 ;	genMove_o size 1 result type 6 source type 2 a_dead 1 hl_dead 1 de_dead 1 iy_dead 1 f_dead 1
   0297 DD 77 FC      [19]  479 	ld	-4 (ix), a
                            480 ;	genMove_o size 0 result type 6 source type 1 a_dead 1 hl_dead 1 de_dead 1 iy_dead 1 f_dead 1
                            481 ;	genMove_o size 3 result type 6 source type 6 a_dead 1 hl_dead 1 de_dead 1 iy_dead 1 f_dead 1
                            482 ;	genCmpEq
   029A DD 7E FB      [19]  483 	ld	a, -5 (ix)
   029D B7            [ 4]  484 	or	a, a
                            485 ; common peephole 163 changed absolute to relative conditional jump.
   029E 20 18         [12]  486 	jr	nz, 00242$
                            487 ;	genMove_o size 1 result type 2 source type 6 a_dead 1 hl_dead 1 de_dead 0 iy_dead 0 f_dead 1
   02A0 DD 7E FC      [19]  488 	ld	a, -4 (ix)
                            489 ;	genMove_o size 0 result type 2 source type 1 a_dead 1 hl_dead 1 de_dead 0 iy_dead 0 f_dead 1
   02A3 D6 A0         [ 7]  490 	sub	a, #0xa0
                            491 ; common peephole 163 changed absolute to relative conditional jump.
   02A5 20 11         [12]  492 	jr	nz, 00242$
                            493 ;	genMove_o size 1 result type 2 source type 6 a_dead 1 hl_dead 1 de_dead 0 iy_dead 0 f_dead 1
   02A7 DD 7E FD      [19]  494 	ld	a, -3 (ix)
                            495 ;	genMove_o size 0 result type 2 source type 1 a_dead 1 hl_dead 1 de_dead 0 iy_dead 0 f_dead 1
   02AA D6 4A         [ 7]  496 	sub	a, #0x4a
                            497 ; common peephole 163 changed absolute to relative conditional jump.
   02AC 20 0A         [12]  498 	jr	nz, 00242$
                            499 ;	genMove_o size 1 result type 2 source type 6 a_dead 1 hl_dead 1 de_dead 0 iy_dead 0 f_dead 1
   02AE DD 7E FE      [19]  500 	ld	a, -2 (ix)
                            501 ;	genMove_o size 0 result type 2 source type 1 a_dead 1 hl_dead 1 de_dead 0 iy_dead 0 f_dead 1
   02B1 D6 15         [ 7]  502 	sub	a, #0x15
   02B3 DD B6 FF      [19]  503 	or	a, -1 (ix)
                            504 ; common peephole 163 changed absolute to relative conditional jump.
   02B6 28 11         [12]  505 	jr	z, 00110$
                            506 ; common peephole 81 removed jp by using inverse jump logic
   02B8                     507 00242$:
                            508 ;	skipping generated iCode
                            509 ;	skipping iCode since result will be rematerialized
                            510 ;	skipping iCode since result will be rematerialized
                            511 ;	skipping iCode since result will be rematerialized
                            512 ;	skipping iCode since result will be rematerialized
                            513 ;	skipping iCode since result will be rematerialized
                            514 ;	skipping iCode since result will be rematerialized
                            515 ;	genIpush
                            516 ;	genMove_o size 2 result type 2 source type 1 a_dead 1 hl_dead 1 de_dead 1 iy_dead 1 f_dead 1
   02B8 21 2C 00      [10]  517 	ld	hl, #0x002c
   02BB E5            [11]  518 	push	hl
                            519 ;	genIpush
                            520 ;	genMove_o size 2 result type 2 source type 7 a_dead 1 hl_dead 1 de_dead 1 iy_dead 1 f_dead 1
   02BC 21r5As08      [10]  521 	ld	hl, #___str_2
   02BF E5            [11]  522 	push	hl
                            523 ;	genSend
                            524 ;	genMove_o size 2 result type 2 source type 7 a_dead 1 hl_dead 1 de_dead 1 iy_dead 1 f_dead 1
   02C0 11rCCs08      [10]  525 	ld	de, #___str_5
                            526 ;	genSend
                            527 ;	genMove_o size 2 result type 2 source type 7 a_dead 1 hl_dead 1 de_dead 0 iy_dead 1 f_dead 1
   02C3 21r2Ds08      [10]  528 	ld	hl, #___str_0
                            529 ;	genCall
   02C6 CDr00s00      [17]  530 	call	___fail
                            531 ;	genLabel
   02C9                     532 00110$:
                            533 ;cases/bitintrot/bitintrot_width_33_dist_20_storage_auto.c:45: ASSERT (NROL (t1) == NROL (TESTVECT1));
                            534 ;	genPlus
                            535 ;	genMove_o size 2 result type 2 source type 10 a_dead 1 hl_dead 1 de_dead 1 iy_dead 1 f_dead 1
   02C9 2Ar00s00      [16]  536 	ld	hl, (___numTests)
   02CC 23            [ 6]  537 	inc	hl
                            538 ;	genMove_o size 2 result type 10 source type 2 a_dead 1 hl_dead 1 de_dead 1 iy_dead 1 f_dead 1
   02CD 22r00s00      [16]  539 	ld	(___numTests), hl
                            540 ;	genLeftShift
                            541 ;	genMove_o size 4 result type 6 source type 6 a_dead 1 hl_dead 1 de_dead 1 iy_dead 1 f_dead 1
   02D0 DD 7E EB      [19]  542 	ld	a, -21 (ix)
   02D3 DD 77 F6      [19]  543 	ld	-10 (ix), a
   02D6 DD 7E EC      [19]  544 	ld	a, -20 (ix)
   02D9 DD 77 F7      [19]  545 	ld	-9 (ix), a
   02DC DD 7E ED      [19]  546 	ld	a, -19 (ix)
   02DF DD 77 F8      [19]  547 	ld	-8 (ix), a
   02E2 DD 7E EE      [19]  548 	ld	a, -18 (ix)
   02E5 DD 77 F9      [19]  549 	ld	-7 (ix), a
                            550 ;	genMove_o size 0 result type 6 source type 1 a_dead 1 hl_dead 1 de_dead 1 iy_dead 1 f_dead 1
                            551 ;	genMove_o size 1 result type 6 source type 1 a_dead 1 hl_dead 1 de_dead 1 iy_dead 1 f_dead 1
   02E8 DD 36 F5 00   [19]  552 	ld	-11 (ix), #0x00
   02EC DD 7E F9      [19]  553 	ld	a, -7 (ix)
   02EF E6 01         [ 7]  554 	and	a, #0x01
   02F1 DD 77 F9      [19]  555 	ld	-7 (ix), a
                            556 ;	genMove_o size 5 result type 6 source type 6 a_dead 1 hl_dead 1 de_dead 1 iy_dead 1 f_dead 1
                            557 ;	genRightShift
                            558 ;	genMove_o size 4 result type 6 source type 6 a_dead 1 hl_dead 1 de_dead 1 iy_dead 1 f_dead 1
   02F4 DD 7E EC      [19]  559 	ld	a, -20 (ix)
   02F7 DD 77 FB      [19]  560 	ld	-5 (ix), a
   02FA DD 7E ED      [19]  561 	ld	a, -19 (ix)
   02FD DD 77 FC      [19]  562 	ld	-4 (ix), a
   0300 DD 7E EE      [19]  563 	ld	a, -18 (ix)
   0303 DD 77 FD      [19]  564 	ld	-3 (ix), a
   0306 DD 7E EF      [19]  565 	ld	a, -17 (ix)
   0309 DD 77 FE      [19]  566 	ld	-2 (ix), a
                            567 ;	genMove_o size 0 result type 6 source type 1 a_dead 1 hl_dead 1 de_dead 1 iy_dead 1 f_dead 1
                            568 ;	genMove_o size 1 result type 6 source type 1 a_dead 1 hl_dead 1 de_dead 0 iy_dead 1 f_dead 1
   030C DD 36 FF 00   [19]  569 	ld	-1 (ix), #0x00
   0310 06 05         [ 7]  570 	ld	b, #0x05
   0312                     571 00245$:
   0312 DD CB FE 3E   [23]  572 	srl	-2 (ix)
   0316 DD CB FD 1E   [23]  573 	rr	-3 (ix)
   031A DD CB FC 1E   [23]  574 	rr	-4 (ix)
   031E DD CB FB 1E   [23]  575 	rr	-5 (ix)
                            576 ; common peephole 159 removed unused label 00246$.
   0322 10 EE         [13]  577 	djnz	00245$
                            578 ;	genMove_o size 5 result type 6 source type 6 a_dead 1 hl_dead 1 de_dead 1 iy_dead 1 f_dead 1
                            579 ;	genOr
                            580 ;	genMove_o size 1 result type 6 source type 6 a_dead 1 hl_dead 1 de_dead 1 iy_dead 1 f_dead 1
   0324 DD 7E FC      [19]  581 	ld	a, -4 (ix)
   0327 DD B6 F6      [19]  582 	or	a, -10 (ix)
                            583 ;	genMove_o size 1 result type 6 source type 2 a_dead 1 hl_dead 1 de_dead 1 iy_dead 1 f_dead 1
   032A DD 77 FC      [19]  584 	ld	-4 (ix), a
                            585 ;	genMove_o size 0 result type 6 source type 1 a_dead 1 hl_dead 1 de_dead 1 iy_dead 1 f_dead 1
   032D DD 7E FD      [19]  586 	ld	a, -3 (ix)
   0330 DD B6 F7      [19]  587 	or	a, -9 (ix)
                            588 ;	genMove_o size 1 result type 6 source type 2 a_dead 1 hl_dead 1 de_dead 1 iy_dead 1 f_dead 1
   0333 DD 77 FD      [19]  589 	ld	-3 (ix), a
                            590 ;	genMove_o size 0 result type 6 source type 1 a_dead 1 hl_dead 1 de_dead 1 iy_dead 1 f_dead 1
                            591 ;	genMove_o size 2 result type 6 source type 6 a_dead 1 hl_dead 1 de_dead 1 iy_dead 1 f_dead 1
   0336 DD 7E F8      [19]  592 	ld	a, -8 (ix)
   0339 DD 77 FE      [19]  593 	ld	-2 (ix), a
   033C DD 7E F9      [19]  594 	ld	a, -7 (ix)
   033F DD 77 FF      [19]  595 	ld	-1 (ix), a
                            596 ;	genMove_o size 0 result type 6 source type 1 a_dead 1 hl_dead 1 de_dead 1 iy_dead 1 f_dead 1
                            597 ;	genCmpEq
   0342 DD 7E FB      [19]  598 	ld	a, -5 (ix)
   0345 B7            [ 4]  599 	or	a, a
                            600 ; common peephole 163 changed absolute to relative conditional jump.
   0346 20 10         [12]  601 	jr	nz, 00247$
                            602 ;	genMove_o size 1 result type 2 source type 6 a_dead 1 hl_dead 1 de_dead 0 iy_dead 0 f_dead 1
   0348 DD 7E FC      [19]  603 	ld	a, -4 (ix)
                            604 ;	genMove_o size 0 result type 2 source type 1 a_dead 1 hl_dead 1 de_dead 0 iy_dead 0 f_dead 1
   034B D6 A5         [ 7]  605 	sub	a, #0xa5
   034D DD B6 FD      [19]  606 	or	a, -3 (ix)
   0350 DD B6 FE      [19]  607 	or	a, -2 (ix)
   0353 DD B6 FF      [19]  608 	or	a, -1 (ix)
                            609 ; common peephole 163 changed absolute to relative conditional jump.
   0356 28 11         [12]  610 	jr	z, 00112$
                            611 ; common peephole 81 removed jp by using inverse jump logic
   0358                     612 00247$:
                            613 ;	skipping generated iCode
                            614 ;	skipping iCode since result will be rematerialized
                            615 ;	skipping iCode since result will be rematerialized
                            616 ;	skipping iCode since result will be rematerialized
                            617 ;	skipping iCode since result will be rematerialized
                            618 ;	skipping iCode since result will be rematerialized
                            619 ;	skipping iCode since result will be rematerialized
                            620 ;	genIpush
                            621 ;	genMove_o size 2 result type 2 source type 1 a_dead 1 hl_dead 1 de_dead 1 iy_dead 1 f_dead 1
   0358 21 2D 00      [10]  622 	ld	hl, #0x002d
   035B E5            [11]  623 	push	hl
                            624 ;	genIpush
                            625 ;	genMove_o size 2 result type 2 source type 7 a_dead 1 hl_dead 1 de_dead 1 iy_dead 1 f_dead 1
   035C 21r5As08      [10]  626 	ld	hl, #___str_2
   035F E5            [11]  627 	push	hl
                            628 ;	genSend
                            629 ;	genMove_o size 2 result type 2 source type 7 a_dead 1 hl_dead 1 de_dead 1 iy_dead 1 f_dead 1
   0360 11rE8s08      [10]  630 	ld	de, #___str_6
                            631 ;	genSend
                            632 ;	genMove_o size 2 result type 2 source type 7 a_dead 1 hl_dead 1 de_dead 0 iy_dead 1 f_dead 1
   0363 21r2Ds08      [10]  633 	ld	hl, #___str_0
                            634 ;	genCall
   0366 CDr00s00      [17]  635 	call	___fail
                            636 ;	genLabel
   0369                     637 00112$:
                            638 ;cases/bitintrot/bitintrot_width_33_dist_20_storage_auto.c:46: ASSERT (NROL (t2) == NROL (TESTVECT2));
                            639 ;	genPlus
                            640 ;	genMove_o size 2 result type 2 source type 10 a_dead 1 hl_dead 1 de_dead 1 iy_dead 1 f_dead 1
   0369 2Ar00s00      [16]  641 	ld	hl, (___numTests)
   036C 23            [ 6]  642 	inc	hl
                            643 ;	genMove_o size 2 result type 10 source type 2 a_dead 1 hl_dead 1 de_dead 1 iy_dead 1 f_dead 1
   036D 22r00s00      [16]  644 	ld	(___numTests), hl
                            645 ;	genLeftShift
                            646 ;	genMove_o size 4 result type 6 source type 6 a_dead 1 hl_dead 1 de_dead 1 iy_dead 1 f_dead 1
   0370 DD 7E F0      [19]  647 	ld	a, -16 (ix)
   0373 DD 77 F6      [19]  648 	ld	-10 (ix), a
   0376 DD 7E F1      [19]  649 	ld	a, -15 (ix)
   0379 DD 77 F7      [19]  650 	ld	-9 (ix), a
   037C DD 7E F2      [19]  651 	ld	a, -14 (ix)
   037F DD 77 F8      [19]  652 	ld	-8 (ix), a
   0382 DD 7E F3      [19]  653 	ld	a, -13 (ix)
   0385 DD 77 F9      [19]  654 	ld	-7 (ix), a
                            655 ;	genMove_o size 0 result type 6 source type 1 a_dead 1 hl_dead 1 de_dead 1 iy_dead 1 f_dead 1
                            656 ;	genMove_o size 1 result type 6 source type 1 a_dead 1 hl_dead 1 de_dead 1 iy_dead 1 f_dead 1
   0388 DD 36 F5 00   [19]  657 	ld	-11 (ix), #0x00
   038C DD 7E F9      [19]  658 	ld	a, -7 (ix)
   038F E6 01         [ 7]  659 	and	a, #0x01
   0391 DD 77 F9      [19]  660 	ld	-7 (ix), a
                            661 ;	genMove_o size 5 result type 6 source type 6 a_dead 1 hl_dead 1 de_dead 1 iy_dead 1 f_dead 1
                            662 ;	genRightShift
                            663 ;	genMove_o size 4 result type 6 source type 6 a_dead 1 hl_dead 1 de_dead 1 iy_dead 1 f_dead 1
   0394 DD 7E F1      [19]  664 	ld	a, -15 (ix)
   0397 DD 77 FB      [19]  665 	ld	-5 (ix), a
   039A DD 7E F2      [19]  666 	ld	a, -14 (ix)
   039D DD 77 FC      [19]  667 	ld	-4 (ix), a
   03A0 DD 7E F3      [19]  668 	ld	a, -13 (ix)
   03A3 DD 77 FD      [19]  669 	ld	-3 (ix), a
   03A6 DD 7E F4      [19]  670 	ld	a, -12 (ix)
   03A9 DD 77 FE      [19]  671 	ld	-2 (ix), a
                            672 ;	genMove_o size 0 result type 6 source type 1 a_dead 1 hl_dead 1 de_dead 1 iy_dead 1 f_dead 1
                            673 ;	genMove_o size 1 result type 6 source type 1 a_dead 1 hl_dead 1 de_dead 0 iy_dead 1 f_dead 1
   03AC DD 36 FF 00   [19]  674 	ld	-1 (ix), #0x00
   03B0 06 05         [ 7]  675 	ld	b, #0x05
   03B2                     676 00250$:
   03B2 DD CB FE 3E   [23]  677 	srl	-2 (ix)
   03B6 DD CB FD 1E   [23]  678 	rr	-3 (ix)
   03BA DD CB FC 1E   [23]  679 	rr	-4 (ix)
   03BE DD CB FB 1E   [23]  680 	rr	-5 (ix)
                            681 ; common peephole 159 removed unused label 00251$.
   03C2 10 EE         [13]  682 	djnz	00250$
                            683 ;	genMove_o size 5 result type 6 source type 6 a_dead 1 hl_dead 1 de_dead 1 iy_dead 1 f_dead 1
                            684 ;	genOr
                            685 ;	genMove_o size 1 result type 6 source type 6 a_dead 1 hl_dead 1 de_dead 1 iy_dead 1 f_dead 1
   03C4 DD 7E FC      [19]  686 	ld	a, -4 (ix)
   03C7 DD B6 F6      [19]  687 	or	a, -10 (ix)
                            688 ;	genMove_o size 1 result type 6 source type 2 a_dead 1 hl_dead 1 de_dead 1 iy_dead 1 f_dead 1
   03CA DD 77 FC      [19]  689 	ld	-4 (ix), a
                            690 ;	genMove_o size 0 result type 6 source type 1 a_dead 1 hl_dead 1 de_dead 1 iy_dead 1 f_dead 1
   03CD DD 7E FD      [19]  691 	ld	a, -3 (ix)
   03D0 DD B6 F7      [19]  692 	or	a, -9 (ix)
                            693 ;	genMove_o size 1 result type 6 source type 2 a_dead 1 hl_dead 1 de_dead 1 iy_dead 1 f_dead 1
   03D3 DD 77 FD      [19]  694 	ld	-3 (ix), a
                            695 ;	genMove_o size 0 result type 6 source type 1 a_dead 1 hl_dead 1 de_dead 1 iy_dead 1 f_dead 1
                            696 ;	genMove_o size 2 result type 6 source type 6 a_dead 1 hl_dead 1 de_dead 1 iy_dead 1 f_dead 1
   03D6 DD 7E F8      [19]  697 	ld	a, -8 (ix)
   03D9 DD 77 FE      [19]  698 	ld	-2 (ix), a
   03DC DD 7E F9      [19]  699 	ld	a, -7 (ix)
   03DF DD 77 FF      [19]  700 	ld	-1 (ix), a
                            701 ;	genMove_o size 0 result type 6 source type 1 a_dead 1 hl_dead 1 de_dead 1 iy_dead 1 f_dead 1
                            702 ;	genCmpEq
                            703 ;	genMove_o size 1 result type 2 source type 6 a_dead 1 hl_dead 1 de_dead 0 iy_dead 0 f_dead 1
   03E2 DD 7E FB      [19]  704 	ld	a, -5 (ix)
                            705 ;	genMove_o size 0 result type 2 source type 1 a_dead 1 hl_dead 1 de_dead 0 iy_dead 0 f_dead 1
   03E5 D6 05         [ 7]  706 	sub	a, #0x05
                            707 ; common peephole 163 changed absolute to relative conditional jump.
   03E7 20 14         [12]  708 	jr	nz, 00252$
                            709 ;	genMove_o size 1 result type 2 source type 6 a_dead 1 hl_dead 1 de_dead 0 iy_dead 0 f_dead 1
   03E9 DD 7E FC      [19]  710 	ld	a, -4 (ix)
                            711 ;	genMove_o size 0 result type 2 source type 1 a_dead 1 hl_dead 1 de_dead 0 iy_dead 0 f_dead 1
   03EC D6 55         [ 7]  712 	sub	a, #0x55
                            713 ; common peephole 163 changed absolute to relative conditional jump.
   03EE 20 0D         [12]  714 	jr	nz, 00252$
                            715 ;	genMove_o size 1 result type 2 source type 6 a_dead 1 hl_dead 1 de_dead 0 iy_dead 0 f_dead 1
   03F0 DD 7E FD      [19]  716 	ld	a, -3 (ix)
                            717 ;	genMove_o size 0 result type 2 source type 1 a_dead 1 hl_dead 1 de_dead 0 iy_dead 0 f_dead 1
   03F3 D6 AA         [ 7]  718 	sub	a, #0xaa
   03F5 DD B6 FE      [19]  719 	or	a, -2 (ix)
   03F8 DD B6 FF      [19]  720 	or	a, -1 (ix)
                            721 ; common peephole 163 changed absolute to relative conditional jump.
   03FB 28 11         [12]  722 	jr	z, 00114$
                            723 ; common peephole 81 removed jp by using inverse jump logic
   03FD                     724 00252$:
                            725 ;	skipping generated iCode
                            726 ;	skipping iCode since result will be rematerialized
                            727 ;	skipping iCode since result will be rematerialized
                            728 ;	skipping iCode since result will be rematerialized
                            729 ;	skipping iCode since result will be rematerialized
                            730 ;	skipping iCode since result will be rematerialized
                            731 ;	skipping iCode since result will be rematerialized
                            732 ;	genIpush
                            733 ;	genMove_o size 2 result type 2 source type 1 a_dead 1 hl_dead 1 de_dead 1 iy_dead 1 f_dead 1
   03FD 21 2E 00      [10]  734 	ld	hl, #0x002e
   0400 E5            [11]  735 	push	hl
                            736 ;	genIpush
                            737 ;	genMove_o size 2 result type 2 source type 7 a_dead 1 hl_dead 1 de_dead 1 iy_dead 1 f_dead 1
   0401 21r5As08      [10]  738 	ld	hl, #___str_2
   0404 E5            [11]  739 	push	hl
                            740 ;	genSend
                            741 ;	genMove_o size 2 result type 2 source type 7 a_dead 1 hl_dead 1 de_dead 1 iy_dead 1 f_dead 1
   0405 11r06s09      [10]  742 	ld	de, #___str_7
                            743 ;	genSend
                            744 ;	genMove_o size 2 result type 2 source type 7 a_dead 1 hl_dead 1 de_dead 0 iy_dead 1 f_dead 1
   0408 21r2Ds08      [10]  745 	ld	hl, #___str_0
                            746 ;	genCall
   040B CDr00s00      [17]  747 	call	___fail
                            748 ;	genLabel
   040E                     749 00114$:
                            750 ;cases/bitintrot/bitintrot_width_33_dist_20_storage_auto.c:47: ASSERT (NROL2 (t1) == NROL2 (TESTVECT1));
                            751 ;	genPlus
                            752 ;	genMove_o size 2 result type 2 source type 10 a_dead 1 hl_dead 1 de_dead 1 iy_dead 1 f_dead 1
   040E 2Ar00s00      [16]  753 	ld	hl, (___numTests)
   0411 23            [ 6]  754 	inc	hl
                            755 ;	genMove_o size 2 result type 10 source type 2 a_dead 1 hl_dead 1 de_dead 1 iy_dead 1 f_dead 1
   0412 22r00s00      [16]  756 	ld	(___numTests), hl
                            757 ;	genRightShift
                            758 ;	genMove_o size 4 result type 6 source type 6 a_dead 1 hl_dead 1 de_dead 1 iy_dead 1 f_dead 1
   0415 DD 7E EC      [19]  759 	ld	a, -20 (ix)
   0418 DD 77 F5      [19]  760 	ld	-11 (ix), a
   041B DD 7E ED      [19]  761 	ld	a, -19 (ix)
   041E DD 77 F6      [19]  762 	ld	-10 (ix), a
   0421 DD 7E EE      [19]  763 	ld	a, -18 (ix)
   0424 DD 77 F7      [19]  764 	ld	-9 (ix), a
   0427 DD 7E EF      [19]  765 	ld	a, -17 (ix)
   042A DD 77 F8      [19]  766 	ld	-8 (ix), a
                            767 ;	genMove_o size 0 result type 6 source type 1 a_dead 1 hl_dead 1 de_dead 1 iy_dead 1 f_dead 1
                            768 ;	genMove_o size 1 result type 6 source type 1 a_dead 1 hl_dead 1 de_dead 0 iy_dead 1 f_dead 1
   042D DD 36 F9 00   [19]  769 	ld	-7 (ix), #0x00
                            770 ;	genMove_o size 5 result type 6 source type 6 a_dead 1 hl_dead 1 de_dead 1 iy_dead 1 f_dead 1
                            771 ;	genLeftShift
                            772 ;	genMove_o size 4 result type 6 source type 6 a_dead 1 hl_dead 1 de_dead 1 iy_dead 1 f_dead 1
   0431 DD 7E EB      [19]  773 	ld	a, -21 (ix)
   0434 DD 77 FC      [19]  774 	ld	-4 (ix), a
   0437 DD 7E EC      [19]  775 	ld	a, -20 (ix)
   043A DD 77 FD      [19]  776 	ld	-3 (ix), a
   043D DD 7E ED      [19]  777 	ld	a, -19 (ix)
   0440 DD 77 FE      [19]  778 	ld	-2 (ix), a
   0443 DD 7E EE      [19]  779 	ld	a, -18 (ix)
   0446 DD 77 FF      [19]  780 	ld	-1 (ix), a
                            781 ;	genMove_o size 0 result type 6 source type 1 a_dead 1 hl_dead 1 de_dead 1 iy_dead 1 f_dead 1
                            782 ;	genMove_o size 1 result type 6 source type 1 a_dead 1 hl_dead 1 de_dead 1 iy_dead 1 f_dead 1
   0449 DD 36 FB 00   [19]  783 	ld	-5 (ix), #0x00
   044D 06 05         [ 7]  784 	ld	b, #0x05
   044F                     785 00255$:
   044F DD CB FC 26   [23]  786 	sla	-4 (ix)
   0453 DD CB FD 16   [23]  787 	rl	-3 (ix)
   0457 DD CB FE 16   [23]  788 	rl	-2 (ix)
   045B DD CB FF 16   [23]  789 	rl	-1 (ix)
                            790 ; common peephole 159 removed unused label 00256$.
   045F 10 EE         [13]  791 	djnz	00255$
   0461 DD 7E FF      [19]  792 	ld	a, -1 (ix)
   0464 E6 01         [ 7]  793 	and	a, #0x01
   0466 DD 77 FF      [19]  794 	ld	-1 (ix), a
                            795 ;	genMove_o size 5 result type 6 source type 6 a_dead 1 hl_dead 1 de_dead 1 iy_dead 1 f_dead 1
                            796 ;	genOr
                            797 ;	genMove_o size 1 result type 6 source type 6 a_dead 1 hl_dead 1 de_dead 1 iy_dead 1 f_dead 1
   0469 DD 7E F5      [19]  798 	ld	a, -11 (ix)
   046C DD 77 FB      [19]  799 	ld	-5 (ix), a
                            800 ;	genMove_o size 0 result type 6 source type 1 a_dead 1 hl_dead 1 de_dead 1 iy_dead 1 f_dead 1
   046F DD 7E FC      [19]  801 	ld	a, -4 (ix)
   0472 DD B6 F6      [19]  802 	or	a, -10 (ix)
                            803 ;	genMove_o size 1 result type 6 source type 2 a_dead 1 hl_dead 1 de_dead 1 iy_dead 1 f_dead 1
   0475 DD 77 FC      [19]  804 	ld	-4 (ix), a
                            805 ;	genMove_o size 0 result type 6 source type 1 a_dead 1 hl_dead 1 de_dead 1 iy_dead 1 f_dead 1
   0478 DD 7E FD      [19]  806 	ld	a, -3 (ix)
   047B DD B6 F7      [19]  807 	or	a, -9 (ix)
                            808 ;	genMove_o size 1 result type 6 source type 2 a_dead 1 hl_dead 1 de_dead 1 iy_dead 1 f_dead 1
   047E DD 77 FD      [19]  809 	ld	-3 (ix), a
                            810 ;	genMove_o size 0 result type 6 source type 1 a_dead 1 hl_dead 1 de_dead 1 iy_dead 1 f_dead 1
   0481 DD 7E FE      [19]  811 	ld	a, -2 (ix)
   0484 DD B6 F8      [19]  812 	or	a, -8 (ix)
                            813 ;	genMove_o size 1 result type 6 source type 2 a_dead 1 hl_dead 1 de_dead 1 iy_dead 1 f_dead 1
   0487 DD 77 FE      [19]  814 	ld	-2 (ix), a
                            815 ;	genMove_o size 0 result type 6 source type 1 a_dead 1 hl_dead 1 de_dead 1 iy_dead 1 f_dead 1
                            816 ;	genMove_o size 1 result type 6 source type 6 a_dead 1 hl_dead 1 de_dead 1 iy_dead 1 f_dead 1
                            817 ;	genCmpEq
   048A DD 7E FB      [19]  818 	ld	a, -5 (ix)
   048D B7            [ 4]  819 	or	a, a
                            820 ; common peephole 163 changed absolute to relative conditional jump.
   048E 20 14         [12]  821 	jr	nz, 00257$
                            822 ;	genMove_o size 1 result type 2 source type 6 a_dead 1 hl_dead 1 de_dead 0 iy_dead 0 f_dead 1
   0490 DD 7E FC      [19]  823 	ld	a, -4 (ix)
                            824 ;	genMove_o size 0 result type 2 source type 1 a_dead 1 hl_dead 1 de_dead 0 iy_dead 0 f_dead 1
   0493 D6 A0         [ 7]  825 	sub	a, #0xa0
                            826 ; common peephole 163 changed absolute to relative conditional jump.
   0495 20 0D         [12]  827 	jr	nz, 00257$
                            828 ;	genMove_o size 1 result type 2 source type 6 a_dead 1 hl_dead 1 de_dead 0 iy_dead 0 f_dead 1
   0497 DD 7E FD      [19]  829 	ld	a, -3 (ix)
                            830 ;	genMove_o size 0 result type 2 source type 1 a_dead 1 hl_dead 1 de_dead 0 iy_dead 0 f_dead 1
   049A D6 14         [ 7]  831 	sub	a, #0x14
   049C DD B6 FE      [19]  832 	or	a, -2 (ix)
   049F DD B6 FF      [19]  833 	or	a, -1 (ix)
                            834 ; common peephole 163 changed absolute to relative conditional jump.
   04A2 28 11         [12]  835 	jr	z, 00116$
                            836 ; common peephole 81 removed jp by using inverse jump logic
   04A4                     837 00257$:
                            838 ;	skipping generated iCode
                            839 ;	skipping iCode since result will be rematerialized
                            840 ;	skipping iCode since result will be rematerialized
                            841 ;	skipping iCode since result will be rematerialized
                            842 ;	skipping iCode since result will be rematerialized
                            843 ;	skipping iCode since result will be rematerialized
                            844 ;	skipping iCode since result will be rematerialized
                            845 ;	genIpush
                            846 ;	genMove_o size 2 result type 2 source type 1 a_dead 1 hl_dead 1 de_dead 1 iy_dead 1 f_dead 1
   04A4 21 2F 00      [10]  847 	ld	hl, #0x002f
   04A7 E5            [11]  848 	push	hl
                            849 ;	genIpush
                            850 ;	genMove_o size 2 result type 2 source type 7 a_dead 1 hl_dead 1 de_dead 1 iy_dead 1 f_dead 1
   04A8 21r5As08      [10]  851 	ld	hl, #___str_2
   04AB E5            [11]  852 	push	hl
                            853 ;	genSend
                            854 ;	genMove_o size 2 result type 2 source type 7 a_dead 1 hl_dead 1 de_dead 1 iy_dead 1 f_dead 1
   04AC 11r24s09      [10]  855 	ld	de, #___str_8
                            856 ;	genSend
                            857 ;	genMove_o size 2 result type 2 source type 7 a_dead 1 hl_dead 1 de_dead 0 iy_dead 1 f_dead 1
   04AF 21r2Ds08      [10]  858 	ld	hl, #___str_0
                            859 ;	genCall
   04B2 CDr00s00      [17]  860 	call	___fail
                            861 ;	genLabel
   04B5                     862 00116$:
                            863 ;cases/bitintrot/bitintrot_width_33_dist_20_storage_auto.c:48: ASSERT (NROL2 (t2) == NROL2 (TESTVECT2));
                            864 ;	genPlus
                            865 ;	genMove_o size 2 result type 2 source type 10 a_dead 1 hl_dead 1 de_dead 1 iy_dead 1 f_dead 1
   04B5 2Ar00s00      [16]  866 	ld	hl, (___numTests)
   04B8 23            [ 6]  867 	inc	hl
                            868 ;	genMove_o size 2 result type 10 source type 2 a_dead 1 hl_dead 1 de_dead 1 iy_dead 1 f_dead 1
   04B9 22r00s00      [16]  869 	ld	(___numTests), hl
                            870 ;	genRightShift
                            871 ;	genMove_o size 4 result type 6 source type 6 a_dead 1 hl_dead 1 de_dead 1 iy_dead 1 f_dead 1
   04BC DD 7E F1      [19]  872 	ld	a, -15 (ix)
   04BF DD 77 F5      [19]  873 	ld	-11 (ix), a
   04C2 DD 7E F2      [19]  874 	ld	a, -14 (ix)
   04C5 DD 77 F6      [19]  875 	ld	-10 (ix), a
   04C8 DD 7E F3      [19]  876 	ld	a, -13 (ix)
   04CB DD 77 F7      [19]  877 	ld	-9 (ix), a
   04CE DD 7E F4      [19]  878 	ld	a, -12 (ix)
   04D1 DD 77 F8      [19]  879 	ld	-8 (ix), a
                            880 ;	genMove_o size 0 result type 6 source type 1 a_dead 1 hl_dead 1 de_dead 1 iy_dead 1 f_dead 1
                            881 ;	genMove_o size 1 result type 6 source type 1 a_dead 1 hl_dead 1 de_dead 0 iy_dead 1 f_dead 1
   04D4 DD 36 F9 00   [19]  882 	ld	-7 (ix), #0x00
                            883 ;	genMove_o size 5 result type 6 source type 6 a_dead 1 hl_dead 1 de_dead 1 iy_dead 1 f_dead 1
                            884 ;	genLeftShift
                            885 ;	genMove_o size 4 result type 6 source type 6 a_dead 1 hl_dead 1 de_dead 1 iy_dead 1 f_dead 1
   04D8 DD 7E F0      [19]  886 	ld	a, -16 (ix)
   04DB DD 77 FC      [19]  887 	ld	-4 (ix), a
   04DE DD 7E F1      [19]  888 	ld	a, -15 (ix)
   04E1 DD 77 FD      [19]  889 	ld	-3 (ix), a
   04E4 DD 7E F2      [19]  890 	ld	a, -14 (ix)
   04E7 DD 77 FE      [19]  891 	ld	-2 (ix), a
   04EA DD 7E F3      [19]  892 	ld	a, -13 (ix)
   04ED DD 77 FF      [19]  893 	ld	-1 (ix), a
                            894 ;	genMove_o size 0 result type 6 source type 1 a_dead 1 hl_dead 1 de_dead 1 iy_dead 1 f_dead 1
                            895 ;	genMove_o size 1 result type 6 source type 1 a_dead 1 hl_dead 1 de_dead 1 iy_dead 1 f_dead 1
   04F0 DD 36 FB 00   [19]  896 	ld	-5 (ix), #0x00
   04F4 06 05         [ 7]  897 	ld	b, #0x05
   04F6                     898 00260$:
   04F6 DD CB FC 26   [23]  899 	sla	-4 (ix)
   04FA DD CB FD 16   [23]  900 	rl	-3 (ix)
   04FE DD CB FE 16   [23]  901 	rl	-2 (ix)
   0502 DD CB FF 16   [23]  902 	rl	-1 (ix)
                            903 ; common peephole 159 removed unused label 00261$.
   0506 10 EE         [13]  904 	djnz	00260$
   0508 DD 7E FF      [19]  905 	ld	a, -1 (ix)
   050B E6 01         [ 7]  906 	and	a, #0x01
   050D DD 77 FF      [19]  907 	ld	-1 (ix), a
                            908 ;	genMove_o size 5 result type 6 source type 6 a_dead 1 hl_dead 1 de_dead 1 iy_dead 1 f_dead 1
                            909 ;	genOr
                            910 ;	genMove_o size 1 result type 6 source type 6 a_dead 1 hl_dead 1 de_dead 1 iy_dead 1 f_dead 1
   0510 DD 7E F5      [19]  911 	ld	a, -11 (ix)
   0513 DD 77 FB      [19]  912 	ld	-5 (ix), a
                            913 ;	genMove_o size 0 result type 6 source type 1 a_dead 1 hl_dead 1 de_dead 1 iy_dead 1 f_dead 1
   0516 DD 7E FC      [19]  914 	ld	a, -4 (ix)
   0519 DD B6 F6      [19]  915 	or	a, -10 (ix)
                            916 ;	genMove_o size 1 result type 6 source type 2 a_dead 1 hl_dead 1 de_dead 1 iy_dead 1 f_dead 1
   051C DD 77 FC      [19]  917 	ld	-4 (ix), a
                            918 ;	genMove_o size 0 result type 6 source type 1 a_dead 1 hl_dead 1 de_dead 1 iy_dead 1 f_dead 1
   051F DD 7E FD      [19]  919 	ld	a, -3 (ix)
   0522 DD B6 F7      [19]  920 	or	a, -9 (ix)
                            921 ;	genMove_o size 1 result type 6 source type 2 a_dead 1 hl_dead 1 de_dead 1 iy_dead 1 f_dead 1
   0525 DD 77 FD      [19]  922 	ld	-3 (ix), a
                            923 ;	genMove_o size 0 result type 6 source type 1 a_dead 1 hl_dead 1 de_dead 1 iy_dead 1 f_dead 1
   0528 DD 7E FE      [19]  924 	ld	a, -2 (ix)
   052B DD B6 F8      [19]  925 	or	a, -8 (ix)
                            926 ;	genMove_o size 1 result type 6 source type 2 a_dead 1 hl_dead 1 de_dead 1 iy_dead 1 f_dead 1
   052E DD 77 FE      [19]  927 	ld	-2 (ix), a
                            928 ;	genMove_o size 0 result type 6 source type 1 a_dead 1 hl_dead 1 de_dead 1 iy_dead 1 f_dead 1
                            929 ;	genMove_o size 1 result type 6 source type 6 a_dead 1 hl_dead 1 de_dead 1 iy_dead 1 f_dead 1
                            930 ;	genCmpEq
                            931 ;	genMove_o size 1 result type 2 source type 6 a_dead 1 hl_dead 1 de_dead 0 iy_dead 0 f_dead 1
   0531 DD 7E FB      [19]  932 	ld	a, -5 (ix)
                            933 ;	genMove_o size 0 result type 2 source type 1 a_dead 1 hl_dead 1 de_dead 0 iy_dead 0 f_dead 1
   0534 D6 AA         [ 7]  934 	sub	a, #0xaa
                            935 ; common peephole 163 changed absolute to relative conditional jump.
   0536 20 18         [12]  936 	jr	nz, 00262$
                            937 ;	genMove_o size 1 result type 2 source type 6 a_dead 1 hl_dead 1 de_dead 0 iy_dead 0 f_dead 1
   0538 DD 7E FC      [19]  938 	ld	a, -4 (ix)
                            939 ;	genMove_o size 0 result type 2 source type 1 a_dead 1 hl_dead 1 de_dead 0 iy_dead 0 f_dead 1
   053B D6 A0         [ 7]  940 	sub	a, #0xa0
                            941 ; common peephole 163 changed absolute to relative conditional jump.
   053D 20 11         [12]  942 	jr	nz, 00262$
                            943 ;	genMove_o size 1 result type 2 source type 6 a_dead 1 hl_dead 1 de_dead 0 iy_dead 0 f_dead 1
   053F DD 7E FD      [19]  944 	ld	a, -3 (ix)
                            945 ;	genMove_o size 0 result type 2 source type 1 a_dead 1 hl_dead 1 de_dead 0 iy_dead 0 f_dead 1
   0542 D6 4A         [ 7]  946 	sub	a, #0x4a
                            947 ; common peephole 163 changed absolute to relative conditional jump.
   0544 20 0A         [12]  948 	jr	nz, 00262$
                            949 ;	genMove_o size 1 result type 2 source type 6 a_dead 1 hl_dead 1 de_dead 0 iy_dead 0 f_dead 1
   0546 DD 7E FE      [19]  950 	ld	a, -2 (ix)
                            951 ;	genMove_o size 0 result type 2 source type 1 a_dead 1 hl_dead 1 de_dead 0 iy_dead 0 f_dead 1
   0549 D6 15         [ 7]  952 	sub	a, #0x15
   054B DD B6 FF      [19]  953 	or	a, -1 (ix)
                            954 ; common peephole 163 changed absolute to relative conditional jump.
   054E 28 11         [12]  955 	jr	z, 00118$
                            956 ; common peephole 81 removed jp by using inverse jump logic
   0550                     957 00262$:
                            958 ;	skipping generated iCode
                            959 ;	skipping iCode since result will be rematerialized
                            960 ;	skipping iCode since result will be rematerialized
                            961 ;	skipping iCode since result will be rematerialized
                            962 ;	skipping iCode since result will be rematerialized
                            963 ;	skipping iCode since result will be rematerialized
                            964 ;	skipping iCode since result will be rematerialized
                            965 ;	genIpush
                            966 ;	genMove_o size 2 result type 2 source type 1 a_dead 1 hl_dead 1 de_dead 1 iy_dead 1 f_dead 1
   0550 21 30 00      [10]  967 	ld	hl, #0x0030
   0553 E5            [11]  968 	push	hl
                            969 ;	genIpush
                            970 ;	genMove_o size 2 result type 2 source type 7 a_dead 1 hl_dead 1 de_dead 1 iy_dead 1 f_dead 1
   0554 21r5As08      [10]  971 	ld	hl, #___str_2
   0557 E5            [11]  972 	push	hl
                            973 ;	genSend
                            974 ;	genMove_o size 2 result type 2 source type 7 a_dead 1 hl_dead 1 de_dead 1 iy_dead 1 f_dead 1
   0558 11r44s09      [10]  975 	ld	de, #___str_9
                            976 ;	genSend
                            977 ;	genMove_o size 2 result type 2 source type 7 a_dead 1 hl_dead 1 de_dead 0 iy_dead 1 f_dead 1
   055B 21r2Ds08      [10]  978 	ld	hl, #___str_0
                            979 ;	genCall
   055E CDr00s00      [17]  980 	call	___fail
                            981 ;	genLabel
   0561                     982 00118$:
                            983 ;cases/bitintrot/bitintrot_width_33_dist_20_storage_auto.c:50: t1 = ROL(t1);
                            984 ;	genLeftShift
                            985 ;	genMove_o size 3 result type 6 source type 6 a_dead 1 hl_dead 1 de_dead 1 iy_dead 1 f_dead 1
   0561 DD 7E EB      [19]  986 	ld	a, -21 (ix)
   0564 DD 77 F8      [19]  987 	ld	-8 (ix), a
   0567 DD 7E EC      [19]  988 	ld	a, -20 (ix)
   056A DD 77 F9      [19]  989 	ld	-7 (ix), a
   056D DD 7E ED      [19]  990 	ld	a, -19 (ix)
   0570 DD 77 FA      [19]  991 	ld	-6 (ix), a
                            992 ;	genMove_o size 0 result type 6 source type 1 a_dead 1 hl_dead 1 de_dead 1 iy_dead 1 f_dead 1
                            993 ;	genMove_o size 2 result type 6 source type 1 a_dead 1 hl_dead 1 de_dead 1 iy_dead 1 f_dead 1
   0573 AF            [ 4]  994 	xor	a, a
   0574 DD 77 F6      [19]  995 	ld	-10 (ix), a
   0577 DD 77 F7      [19]  996 	ld	-9 (ix), a
   057A 06 04         [ 7]  997 	ld	b, #0x04
   057C                     998 00263$:
   057C DD CB F8 26   [23]  999 	sla	-8 (ix)
   0580 DD CB F9 16   [23] 1000 	rl	-7 (ix)
   0584 DD CB FA 16   [23] 1001 	rl	-6 (ix)
                           1002 ; common peephole 159 removed unused label 00264$.
   0588 10 F2         [13] 1003 	djnz	00263$
   058A DD 7E FA      [19] 1004 	ld	a, -6 (ix)
   058D E6 01         [ 7] 1005 	and	a, #0x01
   058F DD 77 FA      [19] 1006 	ld	-6 (ix), a
                           1007 ;	genMove_o size 5 result type 6 source type 6 a_dead 1 hl_dead 1 de_dead 1 iy_dead 1 f_dead 1
                           1008 ;	genRightShift
                           1009 ;	genMove_o size 4 result type 6 source type 6 a_dead 1 hl_dead 1 de_dead 1 iy_dead 1 f_dead 1
   0592 DD 7E EC      [19] 1010 	ld	a, -20 (ix)
   0595 DD 77 FB      [19] 1011 	ld	-5 (ix), a
   0598 DD 7E ED      [19] 1012 	ld	a, -19 (ix)
   059B DD 77 FC      [19] 1013 	ld	-4 (ix), a
   059E DD 7E EE      [19] 1014 	ld	a, -18 (ix)
   05A1 DD 77 FD      [19] 1015 	ld	-3 (ix), a
   05A4 DD 7E EF      [19] 1016 	ld	a, -17 (ix)
   05A7 DD 77 FE      [19] 1017 	ld	-2 (ix), a
                           1018 ;	genMove_o size 0 result type 6 source type 1 a_dead 1 hl_dead 1 de_dead 1 iy_dead 1 f_dead 1
                           1019 ;	genMove_o size 1 result type 6 source type 1 a_dead 1 hl_dead 1 de_dead 0 iy_dead 1 f_dead 1
   05AA DD 36 FF 00   [19] 1020 	ld	-1 (ix), #0x00
   05AE 06 05         [ 7] 1021 	ld	b, #0x05
   05B0                    1022 00265$:
   05B0 DD CB FE 3E   [23] 1023 	srl	-2 (ix)
   05B4 DD CB FD 1E   [23] 1024 	rr	-3 (ix)
   05B8 DD CB FC 1E   [23] 1025 	rr	-4 (ix)
   05BC DD CB FB 1E   [23] 1026 	rr	-5 (ix)
                           1027 ; common peephole 159 removed unused label 00266$.
   05C0 10 EE         [13] 1028 	djnz	00265$
                           1029 ;	genMove_o size 5 result type 6 source type 6 a_dead 1 hl_dead 1 de_dead 1 iy_dead 1 f_dead 1
                           1030 ;	genOr
                           1031 ;	genMove_o size 2 result type 6 source type 6 a_dead 1 hl_dead 1 de_dead 1 iy_dead 1 f_dead 1
   05C2 DD 7E FB      [19] 1032 	ld	a, -5 (ix)
   05C5 DD 77 EB      [19] 1033 	ld	-21 (ix), a
   05C8 DD 7E FC      [19] 1034 	ld	a, -4 (ix)
   05CB DD 77 EC      [19] 1035 	ld	-20 (ix), a
                           1036 ;	genMove_o size 0 result type 6 source type 1 a_dead 1 hl_dead 1 de_dead 1 iy_dead 1 f_dead 1
   05CE DD 7E F8      [19] 1037 	ld	a, -8 (ix)
   05D1 DD B6 FD      [19] 1038 	or	a, -3 (ix)
                           1039 ;	genMove_o size 1 result type 6 source type 2 a_dead 1 hl_dead 1 de_dead 1 iy_dead 1 f_dead 1
   05D4 DD 77 ED      [19] 1040 	ld	-19 (ix), a
                           1041 ;	genMove_o size 0 result type 6 source type 1 a_dead 1 hl_dead 1 de_dead 1 iy_dead 1 f_dead 1
                           1042 ;	genMove_o size 2 result type 6 source type 6 a_dead 1 hl_dead 1 de_dead 1 iy_dead 1 f_dead 1
   05D7 DD 7E F9      [19] 1043 	ld	a, -7 (ix)
   05DA DD 77 EE      [19] 1044 	ld	-18 (ix), a
   05DD DD 7E FA      [19] 1045 	ld	a, -6 (ix)
   05E0 DD 77 EF      [19] 1046 	ld	-17 (ix), a
                           1047 ;	genMove_o size 0 result type 6 source type 1 a_dead 1 hl_dead 1 de_dead 1 iy_dead 1 f_dead 1
                           1048 ;cases/bitintrot/bitintrot_width_33_dist_20_storage_auto.c:51: t2 = ROL(t2);
                           1049 ;	genLeftShift
                           1050 ;	genMove_o size 3 result type 6 source type 6 a_dead 1 hl_dead 1 de_dead 1 iy_dead 1 f_dead 1
   05E3 DD 7E F0      [19] 1051 	ld	a, -16 (ix)
   05E6 DD 77 F8      [19] 1052 	ld	-8 (ix), a
   05E9 DD 7E F1      [19] 1053 	ld	a, -15 (ix)
   05EC DD 77 F9      [19] 1054 	ld	-7 (ix), a
   05EF DD 7E F2      [19] 1055 	ld	a, -14 (ix)
   05F2 DD 77 FA      [19] 1056 	ld	-6 (ix), a
                           1057 ;	genMove_o size 0 result type 6 source type 1 a_dead 1 hl_dead 1 de_dead 1 iy_dead 1 f_dead 1
                           1058 ;	genMove_o size 2 result type 6 source type 1 a_dead 1 hl_dead 1 de_dead 1 iy_dead 1 f_dead 1
   05F5 AF            [ 4] 1059 	xor	a, a
   05F6 DD 77 F6      [19] 1060 	ld	-10 (ix), a
   05F9 DD 77 F7      [19] 1061 	ld	-9 (ix), a
   05FC 06 04         [ 7] 1062 	ld	b, #0x04
   05FE                    1063 00267$:
   05FE DD CB F8 26   [23] 1064 	sla	-8 (ix)
   0602 DD CB F9 16   [23] 1065 	rl	-7 (ix)
   0606 DD CB FA 16   [23] 1066 	rl	-6 (ix)
                           1067 ; common peephole 159 removed unused label 00268$.
   060A 10 F2         [13] 1068 	djnz	00267$
   060C DD 7E FA      [19] 1069 	ld	a, -6 (ix)
   060F E6 01         [ 7] 1070 	and	a, #0x01
   0611 DD 77 FA      [19] 1071 	ld	-6 (ix), a
                           1072 ;	genMove_o size 5 result type 6 source type 6 a_dead 1 hl_dead 1 de_dead 1 iy_dead 1 f_dead 1
                           1073 ;	genRightShift
                           1074 ;	genMove_o size 4 result type 6 source type 6 a_dead 1 hl_dead 1 de_dead 1 iy_dead 1 f_dead 1
   0614 DD 7E F1      [19] 1075 	ld	a, -15 (ix)
   0617 DD 77 FB      [19] 1076 	ld	-5 (ix), a
   061A DD 7E F2      [19] 1077 	ld	a, -14 (ix)
   061D DD 77 FC      [19] 1078 	ld	-4 (ix), a
   0620 DD 7E F3      [19] 1079 	ld	a, -13 (ix)
   0623 DD 77 FD      [19] 1080 	ld	-3 (ix), a
   0626 DD 7E F4      [19] 1081 	ld	a, -12 (ix)
   0629 DD 77 FE      [19] 1082 	ld	-2 (ix), a
                           1083 ;	genMove_o size 0 result type 6 source type 1 a_dead 1 hl_dead 1 de_dead 1 iy_dead 1 f_dead 1
                           1084 ;	genMove_o size 1 result type 6 source type 1 a_dead 1 hl_dead 1 de_dead 0 iy_dead 1 f_dead 1
   062C DD 36 FF 00   [19] 1085 	ld	-1 (ix), #0x00
   0630 06 05         [ 7] 1086 	ld	b, #0x05
   0632                    1087 00269$:
   0632 DD CB FE 3E   [23] 1088 	srl	-2 (ix)
   0636 DD CB FD 1E   [23] 1089 	rr	-3 (ix)
   063A DD CB FC 1E   [23] 1090 	rr	-4 (ix)
   063E DD CB FB 1E   [23] 1091 	rr	-5 (ix)
                           1092 ; common peephole 159 removed unused label 00270$.
   0642 10 EE         [13] 1093 	djnz	00269$
                           1094 ;	genMove_o size 5 result type 6 source type 6 a_dead 1 hl_dead 1 de_dead 1 iy_dead 1 f_dead 1
                           1095 ;	genOr
                           1096 ;	genMove_o size 2 result type 6 source type 6 a_dead 1 hl_dead 1 de_dead 1 iy_dead 1 f_dead 1
   0644 DD 7E FB      [19] 1097 	ld	a, -5 (ix)
   0647 DD 77 F0      [19] 1098 	ld	-16 (ix), a
   064A DD 7E FC      [19] 1099 	ld	a, -4 (ix)
   064D DD 77 F1      [19] 1100 	ld	-15 (ix), a
                           1101 ;	genMove_o size 0 result type 6 source type 1 a_dead 1 hl_dead 1 de_dead 1 iy_dead 1 f_dead 1
   0650 DD 7E F8      [19] 1102 	ld	a, -8 (ix)
   0653 DD B6 FD      [19] 1103 	or	a, -3 (ix)
                           1104 ;	genMove_o size 1 result type 6 source type 2 a_dead 1 hl_dead 1 de_dead 1 iy_dead 1 f_dead 1
   0656 DD 77 F2      [19] 1105 	ld	-14 (ix), a
                           1106 ;	genMove_o size 0 result type 6 source type 1 a_dead 1 hl_dead 1 de_dead 1 iy_dead 1 f_dead 1
                           1107 ;	genMove_o size 2 result type 6 source type 6 a_dead 1 hl_dead 1 de_dead 1 iy_dead 1 f_dead 1
   0659 DD 7E F9      [19] 1108 	ld	a, -7 (ix)
   065C DD 77 F3      [19] 1109 	ld	-13 (ix), a
   065F DD 7E FA      [19] 1110 	ld	a, -6 (ix)
   0662 DD 77 F4      [19] 1111 	ld	-12 (ix), a
                           1112 ;	genMove_o size 0 result type 6 source type 1 a_dead 1 hl_dead 1 de_dead 1 iy_dead 1 f_dead 1
                           1113 ;cases/bitintrot/bitintrot_width_33_dist_20_storage_auto.c:52: ASSERT (t1 == ROL (TESTVECT1));
                           1114 ;	genPlus
                           1115 ;	genMove_o size 2 result type 2 source type 10 a_dead 1 hl_dead 1 de_dead 1 iy_dead 1 f_dead 1
   0665 2Ar00s00      [16] 1116 	ld	hl, (___numTests)
   0668 23            [ 6] 1117 	inc	hl
                           1118 ;	genMove_o size 2 result type 10 source type 2 a_dead 1 hl_dead 1 de_dead 1 iy_dead 1 f_dead 1
   0669 22r00s00      [16] 1119 	ld	(___numTests), hl
                           1120 ;	genCmpEq
   066C DD 7E EB      [19] 1121 	ld	a, -21 (ix)
   066F B7            [ 4] 1122 	or	a, a
   0670 DD B6 EC      [19] 1123 	or	a, -20 (ix)
                           1124 ; common peephole 163 changed absolute to relative conditional jump.
   0673 20 11         [12] 1125 	jr	nz, 00271$
                           1126 ;	genMove_o size 1 result type 2 source type 6 a_dead 1 hl_dead 1 de_dead 0 iy_dead 0 f_dead 1
   0675 DD 7E ED      [19] 1127 	ld	a, -19 (ix)
                           1128 ;	genMove_o size 0 result type 2 source type 1 a_dead 1 hl_dead 1 de_dead 0 iy_dead 0 f_dead 1
   0678 D6 50         [ 7] 1129 	sub	a, #0x50
                           1130 ; common peephole 163 changed absolute to relative conditional jump.
   067A 20 0A         [12] 1131 	jr	nz, 00271$
                           1132 ;	genMove_o size 1 result type 2 source type 6 a_dead 1 hl_dead 1 de_dead 0 iy_dead 0 f_dead 1
   067C DD 7E EE      [19] 1133 	ld	a, -18 (ix)
                           1134 ;	genMove_o size 0 result type 2 source type 1 a_dead 1 hl_dead 1 de_dead 0 iy_dead 0 f_dead 1
   067F D6 0A         [ 7] 1135 	sub	a, #0x0a
   0681 DD B6 EF      [19] 1136 	or	a, -17 (ix)
                           1137 ; common peephole 163 changed absolute to relative conditional jump.
   0684 28 11         [12] 1138 	jr	z, 00120$
                           1139 ; common peephole 81 removed jp by using inverse jump logic
   0686                    1140 00271$:
                           1141 ;	skipping generated iCode
                           1142 ;	skipping iCode since result will be rematerialized
                           1143 ;	skipping iCode since result will be rematerialized
                           1144 ;	skipping iCode since result will be rematerialized
                           1145 ;	skipping iCode since result will be rematerialized
                           1146 ;	skipping iCode since result will be rematerialized
                           1147 ;	skipping iCode since result will be rematerialized
                           1148 ;	genIpush
                           1149 ;	genMove_o size 2 result type 2 source type 1 a_dead 1 hl_dead 1 de_dead 1 iy_dead 1 f_dead 1
   0686 21 34 00      [10] 1150 	ld	hl, #0x0034
   0689 E5            [11] 1151 	push	hl
                           1152 ;	genIpush
                           1153 ;	genMove_o size 2 result type 2 source type 7 a_dead 1 hl_dead 1 de_dead 1 iy_dead 1 f_dead 1
   068A 21r5As08      [10] 1154 	ld	hl, #___str_2
   068D E5            [11] 1155 	push	hl
                           1156 ;	genSend
                           1157 ;	genMove_o size 2 result type 2 source type 7 a_dead 1 hl_dead 1 de_dead 1 iy_dead 1 f_dead 1
   068E 11r64s09      [10] 1158 	ld	de, #___str_10
                           1159 ;	genSend
                           1160 ;	genMove_o size 2 result type 2 source type 7 a_dead 1 hl_dead 1 de_dead 0 iy_dead 1 f_dead 1
   0691 21r2Ds08      [10] 1161 	ld	hl, #___str_0
                           1162 ;	genCall
   0694 CDr00s00      [17] 1163 	call	___fail
                           1164 ;	genLabel
   0697                    1165 00120$:
                           1166 ;cases/bitintrot/bitintrot_width_33_dist_20_storage_auto.c:53: ASSERT (t2 == ROL (TESTVECT2));
                           1167 ;	genPlus
                           1168 ;	genMove_o size 2 result type 2 source type 10 a_dead 1 hl_dead 1 de_dead 1 iy_dead 1 f_dead 1
   0697 2Ar00s00      [16] 1169 	ld	hl, (___numTests)
   069A 23            [ 6] 1170 	inc	hl
                           1171 ;	genMove_o size 2 result type 10 source type 2 a_dead 1 hl_dead 1 de_dead 1 iy_dead 1 f_dead 1
   069B 22r00s00      [16] 1172 	ld	(___numTests), hl
                           1173 ;	genCmpEq
                           1174 ;	genMove_o size 1 result type 2 source type 6 a_dead 1 hl_dead 1 de_dead 0 iy_dead 0 f_dead 1
   069E DD 7E F0      [19] 1175 	ld	a, -16 (ix)
                           1176 ;	genMove_o size 0 result type 2 source type 1 a_dead 1 hl_dead 1 de_dead 0 iy_dead 0 f_dead 1
   06A1 D6 05         [ 7] 1177 	sub	a, #0x05
   06A3 DD B6 F1      [19] 1178 	or	a, -15 (ix)
                           1179 ; common peephole 163 changed absolute to relative conditional jump.
   06A6 20 11         [12] 1180 	jr	nz, 00272$
                           1181 ;	genMove_o size 1 result type 2 source type 6 a_dead 1 hl_dead 1 de_dead 0 iy_dead 0 f_dead 1
   06A8 DD 7E F2      [19] 1182 	ld	a, -14 (ix)
                           1183 ;	genMove_o size 0 result type 2 source type 1 a_dead 1 hl_dead 1 de_dead 0 iy_dead 0 f_dead 1
   06AB D6 50         [ 7] 1184 	sub	a, #0x50
                           1185 ; common peephole 163 changed absolute to relative conditional jump.
   06AD 20 0A         [12] 1186 	jr	nz, 00272$
                           1187 ;	genMove_o size 1 result type 2 source type 6 a_dead 1 hl_dead 1 de_dead 0 iy_dead 0 f_dead 1
   06AF DD 7E F3      [19] 1188 	ld	a, -13 (ix)
                           1189 ;	genMove_o size 0 result type 2 source type 1 a_dead 1 hl_dead 1 de_dead 0 iy_dead 0 f_dead 1
   06B2 D6 A5         [ 7] 1190 	sub	a, #0xa5
   06B4 DD B6 F4      [19] 1191 	or	a, -12 (ix)
                           1192 ; common peephole 163 changed absolute to relative conditional jump.
   06B7 28 11         [12] 1193 	jr	z, 00122$
                           1194 ; common peephole 81 removed jp by using inverse jump logic
   06B9                    1195 00272$:
                           1196 ;	skipping generated iCode
                           1197 ;	skipping iCode since result will be rematerialized
                           1198 ;	skipping iCode since result will be rematerialized
                           1199 ;	skipping iCode since result will be rematerialized
                           1200 ;	skipping iCode since result will be rematerialized
                           1201 ;	skipping iCode since result will be rematerialized
                           1202 ;	skipping iCode since result will be rematerialized
                           1203 ;	genIpush
                           1204 ;	genMove_o size 2 result type 2 source type 1 a_dead 1 hl_dead 1 de_dead 1 iy_dead 1 f_dead 1
   06B9 21 35 00      [10] 1205 	ld	hl, #0x0035
   06BC E5            [11] 1206 	push	hl
                           1207 ;	genIpush
                           1208 ;	genMove_o size 2 result type 2 source type 7 a_dead 1 hl_dead 1 de_dead 1 iy_dead 1 f_dead 1
   06BD 21r5As08      [10] 1209 	ld	hl, #___str_2
   06C0 E5            [11] 1210 	push	hl
                           1211 ;	genSend
                           1212 ;	genMove_o size 2 result type 2 source type 7 a_dead 1 hl_dead 1 de_dead 1 iy_dead 1 f_dead 1
   06C1 11r7As09      [10] 1213 	ld	de, #___str_11
                           1214 ;	genSend
                           1215 ;	genMove_o size 2 result type 2 source type 7 a_dead 1 hl_dead 1 de_dead 0 iy_dead 1 f_dead 1
   06C4 21r2Ds08      [10] 1216 	ld	hl, #___str_0
                           1217 ;	genCall
   06C7 CDr00s00      [17] 1218 	call	___fail
                           1219 ;	genLabel
   06CA                    1220 00122$:
                           1221 ;cases/bitintrot/bitintrot_width_33_dist_20_storage_auto.c:55: t1 = ROR(t1);
                           1222 ;	genRightShift
                           1223 ;	genMove_o size 3 result type 6 source type 6 a_dead 1 hl_dead 1 de_dead 1 iy_dead 1 f_dead 1
   06CA DD 7E ED      [19] 1224 	ld	a, -19 (ix)
   06CD DD 77 F6      [19] 1225 	ld	-10 (ix), a
   06D0 DD 7E EE      [19] 1226 	ld	a, -18 (ix)
   06D3 DD 77 F7      [19] 1227 	ld	-9 (ix), a
   06D6 DD 7E EF      [19] 1228 	ld	a, -17 (ix)
   06D9 DD 77 F8      [19] 1229 	ld	-8 (ix), a
                           1230 ;	genMove_o size 0 result type 6 source type 1 a_dead 1 hl_dead 1 de_dead 1 iy_dead 1 f_dead 1
                           1231 ;	genMove_o size 2 result type 6 source type 1 a_dead 1 hl_dead 1 de_dead 0 iy_dead 1 f_dead 1
   06DC AF            [ 4] 1232 	xor	a, a
   06DD DD 77 F9      [19] 1233 	ld	-7 (ix), a
   06E0 DD 77 FA      [19] 1234 	ld	-6 (ix), a
   06E3 06 04         [ 7] 1235 	ld	b, #0x04
   06E5                    1236 00273$:
   06E5 DD CB F8 3E   [23] 1237 	srl	-8 (ix)
   06E9 DD CB F7 1E   [23] 1238 	rr	-9 (ix)
   06ED DD CB F6 1E   [23] 1239 	rr	-10 (ix)
                           1240 ; common peephole 159 removed unused label 00274$.
   06F1 10 F2         [13] 1241 	djnz	00273$
                           1242 ;	genMove_o size 5 result type 6 source type 6 a_dead 1 hl_dead 1 de_dead 1 iy_dead 1 f_dead 1
                           1243 ;	genLeftShift
                           1244 ;	genMove_o size 4 result type 6 source type 6 a_dead 1 hl_dead 1 de_dead 1 iy_dead 1 f_dead 1
   06F3 DD 7E EB      [19] 1245 	ld	a, -21 (ix)
   06F6 DD 77 FC      [19] 1246 	ld	-4 (ix), a
   06F9 DD 7E EC      [19] 1247 	ld	a, -20 (ix)
   06FC DD 77 FD      [19] 1248 	ld	-3 (ix), a
   06FF DD 7E ED      [19] 1249 	ld	a, -19 (ix)
   0702 DD 77 FE      [19] 1250 	ld	-2 (ix), a
   0705 DD 7E EE      [19] 1251 	ld	a, -18 (ix)
   0708 DD 77 FF      [19] 1252 	ld	-1 (ix), a
                           1253 ;	genMove_o size 0 result type 6 source type 1 a_dead 1 hl_dead 1 de_dead 1 iy_dead 1 f_dead 1
                           1254 ;	genMove_o size 1 result type 6 source type 1 a_dead 1 hl_dead 1 de_dead 1 iy_dead 1 f_dead 1
   070B DD 36 FB 00   [19] 1255 	ld	-5 (ix), #0x00
   070F 06 05         [ 7] 1256 	ld	b, #0x05
   0711                    1257 00275$:
   0711 DD CB FC 26   [23] 1258 	sla	-4 (ix)
   0715 DD CB FD 16   [23] 1259 	rl	-3 (ix)
   0719 DD CB FE 16   [23] 1260 	rl	-2 (ix)
   071D DD CB FF 16   [23] 1261 	rl	-1 (ix)
                           1262 ; common peephole 159 removed unused label 00276$.
   0721 10 EE         [13] 1263 	djnz	00275$
   0723 DD 7E FF      [19] 1264 	ld	a, -1 (ix)
   0726 E6 01         [ 7] 1265 	and	a, #0x01
   0728 DD 77 FF      [19] 1266 	ld	-1 (ix), a
                           1267 ;	genMove_o size 5 result type 6 source type 6 a_dead 1 hl_dead 1 de_dead 1 iy_dead 1 f_dead 1
                           1268 ;	genOr
                           1269 ;	genMove_o size 1 result type 6 source type 6 a_dead 1 hl_dead 1 de_dead 1 iy_dead 1 f_dead 1
   072B DD 7E F6      [19] 1270 	ld	a, -10 (ix)
   072E DD 77 EB      [19] 1271 	ld	-21 (ix), a
                           1272 ;	genMove_o size 0 result type 6 source type 1 a_dead 1 hl_dead 1 de_dead 1 iy_dead 1 f_dead 1
   0731 DD 7E F7      [19] 1273 	ld	a, -9 (ix)
   0734 DD B6 FC      [19] 1274 	or	a, -4 (ix)
                           1275 ;	genMove_o size 1 result type 6 source type 2 a_dead 1 hl_dead 1 de_dead 1 iy_dead 1 f_dead 1
   0737 DD 77 EC      [19] 1276 	ld	-20 (ix), a
                           1277 ;	genMove_o size 0 result type 6 source type 1 a_dead 1 hl_dead 1 de_dead 1 iy_dead 1 f_dead 1
                           1278 ;	genMove_o size 3 result type 6 source type 6 a_dead 1 hl_dead 1 de_dead 1 iy_dead 1 f_dead 1
   073A DD 7E FD      [19] 1279 	ld	a, -3 (ix)
   073D DD 77 ED      [19] 1280 	ld	-19 (ix), a
   0740 DD 7E FE      [19] 1281 	ld	a, -2 (ix)
   0743 DD 77 EE      [19] 1282 	ld	-18 (ix), a
   0746 DD 7E FF      [19] 1283 	ld	a, -1 (ix)
   0749 DD 77 EF      [19] 1284 	ld	-17 (ix), a
                           1285 ;	genMove_o size 0 result type 6 source type 1 a_dead 1 hl_dead 1 de_dead 1 iy_dead 1 f_dead 1
                           1286 ;cases/bitintrot/bitintrot_width_33_dist_20_storage_auto.c:56: t2 = ROR(t2);
                           1287 ;	genRightShift
                           1288 ;	genMove_o size 3 result type 6 source type 6 a_dead 1 hl_dead 1 de_dead 1 iy_dead 1 f_dead 1
   074C DD 7E F2      [19] 1289 	ld	a, -14 (ix)
   074F DD 77 F6      [19] 1290 	ld	-10 (ix), a
   0752 DD 7E F3      [19] 1291 	ld	a, -13 (ix)
   0755 DD 77 F7      [19] 1292 	ld	-9 (ix), a
   0758 DD 7E F4      [19] 1293 	ld	a, -12 (ix)
   075B DD 77 F8      [19] 1294 	ld	-8 (ix), a
                           1295 ;	genMove_o size 0 result type 6 source type 1 a_dead 1 hl_dead 1 de_dead 1 iy_dead 1 f_dead 1
                           1296 ;	genMove_o size 2 result type 6 source type 1 a_dead 1 hl_dead 1 de_dead 0 iy_dead 1 f_dead 1
   075E AF            [ 4] 1297 	xor	a, a
   075F DD 77 F9      [19] 1298 	ld	-7 (ix), a
   0762 DD 77 FA      [19] 1299 	ld	-6 (ix), a
   0765 06 04         [ 7] 1300 	ld	b, #0x04
   0767                    1301 00277$:
   0767 DD CB F8 3E   [23] 1302 	srl	-8 (ix)
   076B DD CB F7 1E   [23] 1303 	rr	-9 (ix)
   076F DD CB F6 1E   [23] 1304 	rr	-10 (ix)
                           1305 ; common peephole 159 removed unused label 00278$.
   0773 10 F2         [13] 1306 	djnz	00277$
                           1307 ;	genMove_o size 5 result type 6 source type 6 a_dead 1 hl_dead 1 de_dead 1 iy_dead 1 f_dead 1
                           1308 ;	genLeftShift
                           1309 ;	genMove_o size 4 result type 6 source type 6 a_dead 1 hl_dead 1 de_dead 1 iy_dead 1 f_dead 1
   0775 DD 7E F0      [19] 1310 	ld	a, -16 (ix)
   0778 DD 77 FC      [19] 1311 	ld	-4 (ix), a
   077B DD 7E F1      [19] 1312 	ld	a, -15 (ix)
   077E DD 77 FD      [19] 1313 	ld	-3 (ix), a
   0781 DD 7E F2      [19] 1314 	ld	a, -14 (ix)
   0784 DD 77 FE      [19] 1315 	ld	-2 (ix), a
   0787 DD 7E F3      [19] 1316 	ld	a, -13 (ix)
   078A DD 77 FF      [19] 1317 	ld	-1 (ix), a
                           1318 ;	genMove_o size 0 result type 6 source type 1 a_dead 1 hl_dead 1 de_dead 1 iy_dead 1 f_dead 1
                           1319 ;	genMove_o size 1 result type 6 source type 1 a_dead 1 hl_dead 1 de_dead 1 iy_dead 1 f_dead 1
   078D DD 36 FB 00   [19] 1320 	ld	-5 (ix), #0x00
   0791 06 05         [ 7] 1321 	ld	b, #0x05
   0793                    1322 00279$:
   0793 DD CB FC 26   [23] 1323 	sla	-4 (ix)
   0797 DD CB FD 16   [23] 1324 	rl	-3 (ix)
   079B DD CB FE 16   [23] 1325 	rl	-2 (ix)
   079F DD CB FF 16   [23] 1326 	rl	-1 (ix)
                           1327 ; common peephole 159 removed unused label 00280$.
   07A3 10 EE         [13] 1328 	djnz	00279$
   07A5 DD 7E FF      [19] 1329 	ld	a, -1 (ix)
   07A8 E6 01         [ 7] 1330 	and	a, #0x01
   07AA DD 77 FF      [19] 1331 	ld	-1 (ix), a
                           1332 ;	genMove_o size 5 result type 6 source type 6 a_dead 1 hl_dead 1 de_dead 1 iy_dead 1 f_dead 1
                           1333 ;	genOr
                           1334 ;	genMove_o size 1 result type 6 source type 6 a_dead 1 hl_dead 1 de_dead 1 iy_dead 1 f_dead 1
   07AD DD 7E F6      [19] 1335 	ld	a, -10 (ix)
   07B0 DD 77 F0      [19] 1336 	ld	-16 (ix), a
                           1337 ;	genMove_o size 0 result type 6 source type 1 a_dead 1 hl_dead 1 de_dead 1 iy_dead 1 f_dead 1
   07B3 DD 7E F7      [19] 1338 	ld	a, -9 (ix)
   07B6 DD B6 FC      [19] 1339 	or	a, -4 (ix)
                           1340 ;	genMove_o size 1 result type 6 source type 2 a_dead 1 hl_dead 1 de_dead 1 iy_dead 1 f_dead 1
   07B9 DD 77 F1      [19] 1341 	ld	-15 (ix), a
                           1342 ;	genMove_o size 0 result type 6 source type 1 a_dead 1 hl_dead 1 de_dead 1 iy_dead 1 f_dead 1
                           1343 ;	genMove_o size 3 result type 6 source type 6 a_dead 1 hl_dead 1 de_dead 1 iy_dead 1 f_dead 1
   07BC DD 7E FD      [19] 1344 	ld	a, -3 (ix)
   07BF DD 77 F2      [19] 1345 	ld	-14 (ix), a
   07C2 DD 7E FE      [19] 1346 	ld	a, -2 (ix)
   07C5 DD 77 F3      [19] 1347 	ld	-13 (ix), a
   07C8 DD 7E FF      [19] 1348 	ld	a, -1 (ix)
   07CB DD 77 F4      [19] 1349 	ld	-12 (ix), a
                           1350 ;	genMove_o size 0 result type 6 source type 1 a_dead 1 hl_dead 1 de_dead 1 iy_dead 1 f_dead 1
                           1351 ;cases/bitintrot/bitintrot_width_33_dist_20_storage_auto.c:57: ASSERT (t1 == TESTVECT1);
                           1352 ;	genPlus
                           1353 ;	genMove_o size 2 result type 2 source type 10 a_dead 1 hl_dead 1 de_dead 1 iy_dead 1 f_dead 1
   07CE 2Ar00s00      [16] 1354 	ld	hl, (___numTests)
   07D1 23            [ 6] 1355 	inc	hl
                           1356 ;	genMove_o size 2 result type 10 source type 2 a_dead 1 hl_dead 1 de_dead 1 iy_dead 1 f_dead 1
   07D2 22r00s00      [16] 1357 	ld	(___numTests), hl
                           1358 ;	genCmpEq
                           1359 ;	genMove_o size 1 result type 2 source type 6 a_dead 1 hl_dead 1 de_dead 0 iy_dead 0 f_dead 1
   07D5 DD 7E EB      [19] 1360 	ld	a, -21 (ix)
                           1361 ;	genMove_o size 0 result type 2 source type 1 a_dead 1 hl_dead 1 de_dead 0 iy_dead 0 f_dead 1
   07D8 D6 A5         [ 7] 1362 	sub	a, #0xa5
   07DA DD B6 EC      [19] 1363 	or	a, -20 (ix)
   07DD DD B6 ED      [19] 1364 	or	a, -19 (ix)
   07E0 DD B6 EE      [19] 1365 	or	a, -18 (ix)
   07E3 DD B6 EF      [19] 1366 	or	a, -17 (ix)
                           1367 ; common peephole 163 changed absolute to relative conditional jump.
   07E6 28 11         [12] 1368 	jr	z, 00124$
                           1369 ; common peephole 81 removed jp by using inverse jump logic
                           1370 ; common peephole 159 removed unused label 00281$.
                           1371 ;	skipping generated iCode
                           1372 ;	skipping iCode since result will be rematerialized
                           1373 ;	skipping iCode since result will be rematerialized
                           1374 ;	skipping iCode since result will be rematerialized
                           1375 ;	skipping iCode since result will be rematerialized
                           1376 ;	skipping iCode since result will be rematerialized
                           1377 ;	skipping iCode since result will be rematerialized
                           1378 ;	genIpush
                           1379 ;	genMove_o size 2 result type 2 source type 1 a_dead 1 hl_dead 1 de_dead 1 iy_dead 1 f_dead 1
   07E8 21 39 00      [10] 1380 	ld	hl, #0x0039
   07EB E5            [11] 1381 	push	hl
                           1382 ;	genIpush
                           1383 ;	genMove_o size 2 result type 2 source type 7 a_dead 1 hl_dead 1 de_dead 1 iy_dead 1 f_dead 1
   07EC 21r5As08      [10] 1384 	ld	hl, #___str_2
   07EF E5            [11] 1385 	push	hl
                           1386 ;	genSend
                           1387 ;	genMove_o size 2 result type 2 source type 7 a_dead 1 hl_dead 1 de_dead 1 iy_dead 1 f_dead 1
   07F0 11r90s09      [10] 1388 	ld	de, #___str_12
                           1389 ;	genSend
                           1390 ;	genMove_o size 2 result type 2 source type 7 a_dead 1 hl_dead 1 de_dead 0 iy_dead 1 f_dead 1
   07F3 21r2Ds08      [10] 1391 	ld	hl, #___str_0
                           1392 ;	genCall
   07F6 CDr00s00      [17] 1393 	call	___fail
                           1394 ;	genLabel
   07F9                    1395 00124$:
                           1396 ;cases/bitintrot/bitintrot_width_33_dist_20_storage_auto.c:58: ASSERT (t2 == TESTVECT2);
                           1397 ;	genPlus
                           1398 ;	genMove_o size 2 result type 2 source type 10 a_dead 1 hl_dead 1 de_dead 1 iy_dead 1 f_dead 1
   07F9 2Ar00s00      [16] 1399 	ld	hl, (___numTests)
   07FC 23            [ 6] 1400 	inc	hl
                           1401 ;	genMove_o size 2 result type 10 source type 2 a_dead 1 hl_dead 1 de_dead 1 iy_dead 1 f_dead 1
   07FD 22r00s00      [16] 1402 	ld	(___numTests), hl
                           1403 ;	genCmpEq
                           1404 ;	genMove_o size 1 result type 2 source type 6 a_dead 1 hl_dead 1 de_dead 0 iy_dead 0 f_dead 1
   0800 DD 7E F0      [19] 1405 	ld	a, -16 (ix)
                           1406 ;	genMove_o size 0 result type 2 source type 1 a_dead 1 hl_dead 1 de_dead 0 iy_dead 0 f_dead 1
   0803 D6 55         [ 7] 1407 	sub	a, #0x55
                           1408 ; common peephole 163 changed absolute to relative conditional jump.
   0805 20 10         [12] 1409 	jr	nz, 00282$
                           1410 ;	genMove_o size 1 result type 2 source type 6 a_dead 1 hl_dead 1 de_dead 0 iy_dead 0 f_dead 1
   0807 DD 7E F1      [19] 1411 	ld	a, -15 (ix)
                           1412 ;	genMove_o size 0 result type 2 source type 1 a_dead 1 hl_dead 1 de_dead 0 iy_dead 0 f_dead 1
   080A D6 AA         [ 7] 1413 	sub	a, #0xaa
   080C DD B6 F2      [19] 1414 	or	a, -14 (ix)
   080F DD B6 F3      [19] 1415 	or	a, -13 (ix)
   0812 DD B6 F4      [19] 1416 	or	a, -12 (ix)
                           1417 ; common peephole 163 changed absolute to relative conditional jump.
   0815 28 11         [12] 1418 	jr	z, 00101$
                           1419 ; common peephole 81 removed jp by using inverse jump logic
   0817                    1420 00282$:
                           1421 ;	skipping generated iCode
                           1422 ;	skipping iCode since result will be rematerialized
                           1423 ;	skipping iCode since result will be rematerialized
                           1424 ;	skipping iCode since result will be rematerialized
                           1425 ;	skipping iCode since result will be rematerialized
                           1426 ;	skipping iCode since result will be rematerialized
                           1427 ;	skipping iCode since result will be rematerialized
                           1428 ;	genIpush
                           1429 ;	genMove_o size 2 result type 2 source type 1 a_dead 1 hl_dead 1 de_dead 1 iy_dead 1 f_dead 1
   0817 21 3A 00      [10] 1430 	ld	hl, #0x003a
   081A E5            [11] 1431 	push	hl
                           1432 ;	genIpush
                           1433 ;	genMove_o size 2 result type 2 source type 7 a_dead 1 hl_dead 1 de_dead 1 iy_dead 1 f_dead 1
   081B 21r5As08      [10] 1434 	ld	hl, #___str_2
   081E E5            [11] 1435 	push	hl
                           1436 ;	genSend
                           1437 ;	genMove_o size 2 result type 2 source type 7 a_dead 1 hl_dead 1 de_dead 1 iy_dead 1 f_dead 1
   081F 11rA0s09      [10] 1438 	ld	de, #___str_13
                           1439 ;	genSend
                           1440 ;	genMove_o size 2 result type 2 source type 7 a_dead 1 hl_dead 1 de_dead 0 iy_dead 1 f_dead 1
   0822 21r2Ds08      [10] 1441 	ld	hl, #___str_0
                           1442 ;	genCall
   0825 CDr00s00      [17] 1443 	call	___fail
                           1444 ;	genLabel
   0828                    1445 00101$:
                           1446 ;cases/bitintrot/bitintrot_width_33_dist_20_storage_auto.c:60: }
                           1447 ;	genEndFunction
   0828 DD F9         [10] 1448 	ld	sp, ix
   082A DD E1         [14] 1449 	pop	ix
   082C C9            [10] 1450 	ret
                           1451 ;	Total testRot function size at codegen: 5 bytes.
   082D                    1452 ___str_0:
   082D 41 73 73 65 72 74  1453 	.ascii "Assertion failed"
        69 6F 6E 20 66 61
        69 6C 65 64
   083D 00                 1454 	.db 0x00
   083E                    1455 ___str_1:
   083E 52 4F 4C 20 28 74  1456 	.ascii "ROL (t1) == ROL (TESTVECT1)"
        31 29 20 3D 3D 20
        52 4F 4C 20 28 54
        45 53 54 56 45 43
        54 31 29
   0859 00                 1457 	.db 0x00
   085A                    1458 ___str_2:
   085A 63 61 73 65 73 2F  1459 	.ascii "cases/bitintrot/bitintrot_width_33_dist_20_storage_auto.c"
        62 69 74 69 6E 74
        72 6F 74 2F 62 69
        74 69 6E 74 72 6F
        74 5F 77 69 64 74
        68 5F 33 33 5F 64
        69 73 74 5F 32 30
        5F 73 74 6F 72 61
        67 65 5F 61 75 74
        6F 2E 63
   0893 00                 1460 	.db 0x00
   0894                    1461 ___str_3:
   0894 52 4F 4C 20 28 74  1462 	.ascii "ROL (t2) == ROL (TESTVECT2)"
        32 29 20 3D 3D 20
        52 4F 4C 20 28 54
        45 53 54 56 45 43
        54 32 29
   08AF 00                 1463 	.db 0x00
   08B0                    1464 ___str_4:
   08B0 52 4F 52 20 28 74  1465 	.ascii "ROR (t1) == ROR (TESTVECT1)"
        31 29 20 3D 3D 20
        52 4F 52 20 28 54
        45 53 54 56 45 43
        54 31 29
   08CB 00                 1466 	.db 0x00
   08CC                    1467 ___str_5:
   08CC 52 4F 52 20 28 74  1468 	.ascii "ROR (t2) == ROR (TESTVECT2)"
        32 29 20 3D 3D 20
        52 4F 52 20 28 54
        45 53 54 56 45 43
        54 32 29
   08E7 00                 1469 	.db 0x00
   08E8                    1470 ___str_6:
   08E8 4E 52 4F 4C 20 28  1471 	.ascii "NROL (t1) == NROL (TESTVECT1)"
        74 31 29 20 3D 3D
        20 4E 52 4F 4C 20
        28 54 45 53 54 56
        45 43 54 31 29
   0905 00                 1472 	.db 0x00
   0906                    1473 ___str_7:
   0906 4E 52 4F 4C 20 28  1474 	.ascii "NROL (t2) == NROL (TESTVECT2)"
        74 32 29 20 3D 3D
        20 4E 52 4F 4C 20
        28 54 45 53 54 56
        45 43 54 32 29
   0923 00                 1475 	.db 0x00
   0924                    1476 ___str_8:
   0924 4E 52 4F 4C 32 20  1477 	.ascii "NROL2 (t1) == NROL2 (TESTVECT1)"
        28 74 31 29 20 3D
        3D 20 4E 52 4F 4C
        32 20 28 54 45 53
        54 56 45 43 54 31
        29
   0943 00                 1478 	.db 0x00
   0944                    1479 ___str_9:
   0944 4E 52 4F 4C 32 20  1480 	.ascii "NROL2 (t2) == NROL2 (TESTVECT2)"
        28 74 32 29 20 3D
        3D 20 4E 52 4F 4C
        32 20 28 54 45 53
        54 56 45 43 54 32
        29
   0963 00                 1481 	.db 0x00
   0964                    1482 ___str_10:
   0964 74 31 20 3D 3D 20  1483 	.ascii "t1 == ROL (TESTVECT1)"
        52 4F 4C 20 28 54
        45 53 54 56 45 43
        54 31 29
   0979 00                 1484 	.db 0x00
   097A                    1485 ___str_11:
   097A 74 32 20 3D 3D 20  1486 	.ascii "t2 == ROL (TESTVECT2)"
        52 4F 4C 20 28 54
        45 53 54 56 45 43
        54 32 29
   098F 00                 1487 	.db 0x00
   0990                    1488 ___str_12:
   0990 74 31 20 3D 3D 20  1489 	.ascii "t1 == TESTVECT1"
        54 45 53 54 56 45
        43 54 31
   099F 00                 1490 	.db 0x00
   09A0                    1491 ___str_13:
   09A0 74 32 20 3D 3D 20  1492 	.ascii "t2 == TESTVECT2"
        54 45 53 54 56 45
        43 54 32
   09AF 00                 1493 	.db 0x00
                           1494 ;cases/bitintrot/bitintrot_width_33_dist_20_storage_auto.c:64: __runSuite(void)
                           1495 ;	genLabel
                           1496 ;	genFunction
                           1497 ;	---------------------------------
                           1498 ; Function __runSuite
                           1499 ; ---------------------------------
                           1500 ;	Register assignment is optimal.
                           1501 ; Stack space usage: 0 bytes.
   09B0                    1502 ___runSuite::
                           1503 ;cases/bitintrot/bitintrot_width_33_dist_20_storage_auto.c:66: __prints("Running testRot\n");
                           1504 ;	skipping iCode since result will be rematerialized
                           1505 ;	skipping iCode since result will be rematerialized
                           1506 ;	genSend
                           1507 ;	genMove_o size 2 result type 2 source type 7 a_dead 1 hl_dead 1 de_dead 1 iy_dead 1 f_dead 1
   09B0 21rB9s09      [10] 1508 	ld	hl, #___str_14
                           1509 ;	genCall
   09B3 CDr00s00      [17] 1510 	call	___prints
                           1511 ;cases/bitintrot/bitintrot_width_33_dist_20_storage_auto.c:67: testRot();
                           1512 ;	genCall
                           1513 ;	genLabel
                           1514 ; common peephole 159 removed unused label 00101$.
                           1515 ;cases/bitintrot/bitintrot_width_33_dist_20_storage_auto.c:68: }
                           1516 ;	genEndFunction
   09B6 C3r00s00      [10] 1517 	jp	_testRot
                           1518 ; common peephole 152 removed unused ret.
                           1519 ;	Total __runSuite function size at codegen: 1 bytes.
   09B9                    1520 ___str_14:
   09B9 52 75 6E 6E 69 6E  1521 	.ascii "Running testRot"
        67 20 74 65 73 74
        52 6F 74
   09C8 0A                 1522 	.db 0x0a
   09C9 00                 1523 	.db 0x00
                           1524 ;cases/bitintrot/bitintrot_width_33_dist_20_storage_auto.c:73: __getSuiteName(void)
                           1525 ;	genLabel
                           1526 ;	genFunction
                           1527 ;	---------------------------------
                           1528 ; Function __getSuiteName
                           1529 ; ---------------------------------
                           1530 ;	Register assignment is optimal.
                           1531 ; Stack space usage: 0 bytes.
   09CA                    1532 ___getSuiteName::
                           1533 ;cases/bitintrot/bitintrot_width_33_dist_20_storage_auto.c:75: return "bitintrot_width_33_dist_20_storage_auto";
                           1534 ;	skipping iCode since result will be rematerialized
                           1535 ;	skipping iCode since result will be rematerialized
                           1536 ;	genRet
                           1537 ;	genMove_o size 2 result type 2 source type 7 a_dead 1 hl_dead 1 de_dead 1 iy_dead 1 f_dead 1
   09CA 11rD0s09      [10] 1538 	ld	de, #___str_15
                           1539 ;	genLabel
                           1540 ; common peephole 159 removed unused label 00101$.
                           1541 ;cases/bitintrot/bitintrot_width_33_dist_20_storage_auto.c:76: }
                           1542 ;	genEndFunction
   09CD C9            [10] 1543 	ret
                           1544 ;	Total __getSuiteName function size at codegen: 1 bytes.
   09CE                    1545 ___numCases:
   09CE 01 00              1546 	.dw #0x0001
   09D0                    1547 ___str_15:
   09D0 62 69 74 69 6E 74  1548 	.ascii "bitintrot_width_33_dist_20_storage_auto"
        72 6F 74 5F 77 69
        64 74 68 5F 33 33
        5F 64 69 73 74 5F
        32 30 5F 73 74 6F
        72 61 67 65 5F 61
        75 74 6F
   09F7 00                 1549 	.db 0x00
                           1550 	.area _CODE (BANK=_CSEG)
                           1551 	.area _INITIALIZER
                           1552 	.area _CABS (ABS)
