                              1 ;--------------------------------------------------------
                              2 ; File Created by SDCC : free open source ISO C Compiler
                              3 ; Version 4.6.2 #16710 (Linux)
                              4 ;--------------------------------------------------------
                              5 	.module bitintrot_width_33_dist_20_storage_static
                              6 	
                              7 ;--------------------------------------------------------
                              8 ; Public variables in this module
                              9 ;--------------------------------------------------------
                             10 	.globl _testRot
                             11 	.globl ___prints
                             12 	.globl ___fail
                             13 	.globl ___numCases
                             14 	.globl ___runSuite
                             15 	.globl ___getSuiteName
                             16 ;--------------------------------------------------------
                             17 ; special function registers
                             18 ;--------------------------------------------------------
                             19 ;--------------------------------------------------------
                             20 ; ram data
                             21 ;--------------------------------------------------------
                             22 	.area _DATA (BANK=_DSEG)
   0000                      23 _testRot_t1_10000_13:
   0000                      24 	.ds 5
   0005                      25 _testRot_t2_10000_13:
   0005                      26 	.ds 5
                             27 ;--------------------------------------------------------
                             28 ; ram data
                             29 ;--------------------------------------------------------
                             30 	.area _INITIALIZED
                             31 ;--------------------------------------------------------
                             32 ; absolute ram data
                             33 ;--------------------------------------------------------
                             34 	.area _DABS (ABS)
                             35 	.area _DABS (ABS)
                             36 ;--------------------------------------------------------
                             37 ; global & static initialisations
                             38 ;--------------------------------------------------------
                             39 	.area _HOME
                             40 	.area _GSINIT
                             41 	.area _GSFINAL
                             42 	.area _GSINIT
                             43 ;cases/bitintrot/bitintrot_width_33_dist_20_storage_static.c:38: volatile static bitinttype t1 = TESTVECT1;
                             44 ;	genAssign
                             45 ;	genMove_o size 5 result type 10 source type 1 a_dead 1 hl_dead 1 de_dead 1 iy_dead 1 f_dead 1
                             46 ; common peephole 57 used direct memory store instead of indirect.
   0000 3E A5         [ 7]   47 	ld	a, #0xa5
                             48 ; common peephole 130h removed unnecessary +0 to immediate
   0002 32r00s00      [13]   49 	ld	(#_testRot_t1_10000_13), a
   0005 AF            [ 4]   50 	xor	a, a
   0006 32r01s00      [13]   51 	ld	(_testRot_t1_10000_13+1), a
   0009 32r02s00      [13]   52 	ld	(_testRot_t1_10000_13+2), a
   000C 32r03s00      [13]   53 	ld	(_testRot_t1_10000_13+3), a
   000F 32r04s00      [13]   54 	ld	(_testRot_t1_10000_13+4), a
                             55 ;cases/bitintrot/bitintrot_width_33_dist_20_storage_static.c:39: volatile static bitinttype t2 = TESTVECT2;
                             56 ;	genAssign
                             57 ;	genMove_o size 5 result type 10 source type 1 a_dead 1 hl_dead 1 de_dead 1 iy_dead 1 f_dead 1
   0012 FD 21r05s00   [14]   58 	ld	iy, #_testRot_t2_10000_13
   0016 FD 36 00 55   [19]   59 	ld	0 (iy), #0x55
   001A FD 36 01 AA   [19]   60 	ld	1 (iy), #0xaa
   001E AF            [ 4]   61 	xor	a, a
   001F 32r07s00      [13]   62 	ld	(_testRot_t2_10000_13+2), a
   0022 32r08s00      [13]   63 	ld	(_testRot_t2_10000_13+3), a
   0025 32r09s00      [13]   64 	ld	(_testRot_t2_10000_13+4), a
                             65 ;--------------------------------------------------------
                             66 ; Home
                             67 ;--------------------------------------------------------
                             68 	.area _HOME (BANK=_CSEG)
                             69 	.area _HOME (BANK=_CSEG)
                             70 ;--------------------------------------------------------
                             71 ; code
                             72 ;--------------------------------------------------------
                             73 	.area _CODE (BANK=_CSEG)
                             74 ;cases/bitintrot/bitintrot_width_33_dist_20_storage_static.c:36: testRot (void)
                             75 ;	genLabel
                             76 ;	genFunction
                             77 ;	---------------------------------
                             78 ; Function testRot
                             79 ; ---------------------------------
                             80 ;	Register assignment might be sub-optimal.
                             81 ; Stack space usage: 11 bytes.
   0000                      82 _testRot::
   0000 DD E5         [15]   83 	push	ix
   0002 DD 21 00 00   [14]   84 	ld	ix,	#0
   0006 DD 39         [15]   85 	add	ix, sp
                             86 ;	adjustStack by -11
   0008 21 F5 FF      [10]   87 	ld	hl, #-11
   000B 39            [11]   88 	add	hl, sp
   000C F9            [ 6]   89 	ld	sp, hl
                             90 ;cases/bitintrot/bitintrot_width_33_dist_20_storage_static.c:41: ASSERT (ROL (t1) == ROL (TESTVECT1));
                             91 ;	genPlus
                             92 ;	genMove_o size 2 result type 2 source type 10 a_dead 1 hl_dead 1 de_dead 1 iy_dead 1 f_dead 1
   000D 2Ar00s00      [16]   93 	ld	hl, (___numTests)
   0010 23            [ 6]   94 	inc	hl
                             95 ;	genMove_o size 2 result type 10 source type 2 a_dead 1 hl_dead 1 de_dead 1 iy_dead 1 f_dead 1
   0011 22r00s00      [16]   96 	ld	(___numTests), hl
                             97 ;	genLeftShift
                             98 ;	genMove_o size 3 result type 6 source type 10 a_dead 1 hl_dead 1 de_dead 1 iy_dead 1 f_dead 1
   0014 3Ar00s00      [13]   99 	ld	a, (_testRot_t1_10000_13+0)
   0017 DD 77 F7      [19]  100 	ld	-9 (ix), a
   001A 3Ar01s00      [13]  101 	ld	a, (_testRot_t1_10000_13+1)
   001D DD 77 F8      [19]  102 	ld	-8 (ix), a
   0020 3Ar02s00      [13]  103 	ld	a, (_testRot_t1_10000_13+2)
   0023 DD 77 F9      [19]  104 	ld	-7 (ix), a
                            105 ;	genMove_o size 2 result type 6 source type 1 a_dead 1 hl_dead 1 de_dead 1 iy_dead 1 f_dead 1
   0026 AF            [ 4]  106 	xor	a, a
   0027 DD 77 F5      [19]  107 	ld	-11 (ix), a
   002A DD 77 F6      [19]  108 	ld	-10 (ix), a
   002D 06 04         [ 7]  109 	ld	b, #0x04
   002F                     110 00223$:
   002F DD CB F7 26   [23]  111 	sla	-9 (ix)
   0033 DD CB F8 16   [23]  112 	rl	-8 (ix)
   0037 DD CB F9 16   [23]  113 	rl	-7 (ix)
                            114 ; common peephole 159 removed unused label 00224$.
   003B 10 F2         [13]  115 	djnz	00223$
   003D DD 7E F9      [19]  116 	ld	a, -7 (ix)
   0040 E6 01         [ 7]  117 	and	a, #0x01
   0042 DD 77 F9      [19]  118 	ld	-7 (ix), a
                            119 ;	genMove_o size 5 result type 6 source type 6 a_dead 1 hl_dead 1 de_dead 1 iy_dead 1 f_dead 1
                            120 ;	genRightShift
                            121 ;	genMove_o size 4 result type 6 source type 10 a_dead 1 hl_dead 1 de_dead 1 iy_dead 1 f_dead 1
   0045 3Ar01s00      [13]  122 	ld	a, (_testRot_t1_10000_13+1)
   0048 DD 77 FB      [19]  123 	ld	-5 (ix), a
   004B 3Ar02s00      [13]  124 	ld	a, (_testRot_t1_10000_13+2)
   004E DD 77 FC      [19]  125 	ld	-4 (ix), a
   0051 3Ar03s00      [13]  126 	ld	a, (_testRot_t1_10000_13+3)
   0054 DD 77 FD      [19]  127 	ld	-3 (ix), a
   0057 3Ar04s00      [13]  128 	ld	a, (_testRot_t1_10000_13+4)
   005A DD 77 FE      [19]  129 	ld	-2 (ix), a
                            130 ;	genMove_o size 1 result type 6 source type 1 a_dead 1 hl_dead 1 de_dead 0 iy_dead 1 f_dead 1
   005D DD 36 FF 00   [19]  131 	ld	-1 (ix), #0x00
   0061 06 05         [ 7]  132 	ld	b, #0x05
   0063                     133 00225$:
   0063 DD CB FE 3E   [23]  134 	srl	-2 (ix)
   0067 DD CB FD 1E   [23]  135 	rr	-3 (ix)
   006B DD CB FC 1E   [23]  136 	rr	-4 (ix)
   006F DD CB FB 1E   [23]  137 	rr	-5 (ix)
                            138 ; common peephole 159 removed unused label 00226$.
   0073 10 EE         [13]  139 	djnz	00225$
                            140 ;	genMove_o size 5 result type 6 source type 6 a_dead 1 hl_dead 1 de_dead 1 iy_dead 1 f_dead 1
                            141 ;	genOr
                            142 ;	genMove_o size 2 result type 6 source type 6 a_dead 1 hl_dead 1 de_dead 1 iy_dead 1 f_dead 1
   0075 DD 7E FD      [19]  143 	ld	a, -3 (ix)
   0078 DD B6 F7      [19]  144 	or	a, -9 (ix)
                            145 ;	genMove_o size 1 result type 6 source type 2 a_dead 1 hl_dead 1 de_dead 1 iy_dead 1 f_dead 1
   007B DD 77 FD      [19]  146 	ld	-3 (ix), a
                            147 ;	genMove_o size 0 result type 6 source type 1 a_dead 1 hl_dead 1 de_dead 1 iy_dead 1 f_dead 1
                            148 ;	genMove_o size 2 result type 6 source type 6 a_dead 1 hl_dead 1 de_dead 1 iy_dead 1 f_dead 1
   007E DD 7E F8      [19]  149 	ld	a, -8 (ix)
   0081 DD 77 FE      [19]  150 	ld	-2 (ix), a
   0084 DD 7E F9      [19]  151 	ld	a, -7 (ix)
   0087 DD 77 FF      [19]  152 	ld	-1 (ix), a
                            153 ;	genMove_o size 0 result type 6 source type 1 a_dead 1 hl_dead 1 de_dead 1 iy_dead 1 f_dead 1
                            154 ;	genCmpEq
   008A DD 7E FB      [19]  155 	ld	a, -5 (ix)
   008D B7            [ 4]  156 	or	a, a
   008E DD B6 FC      [19]  157 	or	a, -4 (ix)
                            158 ; common peephole 163 changed absolute to relative conditional jump.
   0091 20 11         [12]  159 	jr	nz, 00227$
                            160 ;	genMove_o size 1 result type 2 source type 6 a_dead 1 hl_dead 1 de_dead 0 iy_dead 0 f_dead 1
   0093 DD 7E FD      [19]  161 	ld	a, -3 (ix)
                            162 ;	genMove_o size 0 result type 2 source type 1 a_dead 1 hl_dead 1 de_dead 0 iy_dead 0 f_dead 1
   0096 D6 50         [ 7]  163 	sub	a, #0x50
                            164 ; common peephole 163 changed absolute to relative conditional jump.
   0098 20 0A         [12]  165 	jr	nz, 00227$
                            166 ;	genMove_o size 1 result type 2 source type 6 a_dead 1 hl_dead 1 de_dead 0 iy_dead 0 f_dead 1
   009A DD 7E FE      [19]  167 	ld	a, -2 (ix)
                            168 ;	genMove_o size 0 result type 2 source type 1 a_dead 1 hl_dead 1 de_dead 0 iy_dead 0 f_dead 1
   009D D6 0A         [ 7]  169 	sub	a, #0x0a
   009F DD B6 FF      [19]  170 	or	a, -1 (ix)
                            171 ; common peephole 163 changed absolute to relative conditional jump.
   00A2 28 11         [12]  172 	jr	z, 00104$
                            173 ; common peephole 81 removed jp by using inverse jump logic
   00A4                     174 00227$:
                            175 ;	skipping generated iCode
                            176 ;	skipping iCode since result will be rematerialized
                            177 ;	skipping iCode since result will be rematerialized
                            178 ;	skipping iCode since result will be rematerialized
                            179 ;	skipping iCode since result will be rematerialized
                            180 ;	skipping iCode since result will be rematerialized
                            181 ;	skipping iCode since result will be rematerialized
                            182 ;	genIpush
                            183 ;	genMove_o size 2 result type 2 source type 1 a_dead 1 hl_dead 1 de_dead 1 iy_dead 1 f_dead 1
   00A4 21 29 00      [10]  184 	ld	hl, #0x0029
   00A7 E5            [11]  185 	push	hl
                            186 ;	genIpush
                            187 ;	genMove_o size 2 result type 2 source type 7 a_dead 1 hl_dead 1 de_dead 1 iy_dead 1 f_dead 1
   00A8 21r47s08      [10]  188 	ld	hl, #___str_2
   00AB E5            [11]  189 	push	hl
                            190 ;	genSend
                            191 ;	genMove_o size 2 result type 2 source type 7 a_dead 1 hl_dead 1 de_dead 1 iy_dead 1 f_dead 1
   00AC 11r2Bs08      [10]  192 	ld	de, #___str_1
                            193 ;	genSend
                            194 ;	genMove_o size 2 result type 2 source type 7 a_dead 1 hl_dead 1 de_dead 0 iy_dead 1 f_dead 1
   00AF 21r1As08      [10]  195 	ld	hl, #___str_0
                            196 ;	genCall
   00B2 CDr00s00      [17]  197 	call	___fail
                            198 ;	genLabel
   00B5                     199 00104$:
                            200 ;cases/bitintrot/bitintrot_width_33_dist_20_storage_static.c:42: ASSERT (ROL (t2) == ROL (TESTVECT2));
                            201 ;	genPlus
                            202 ;	genMove_o size 2 result type 2 source type 10 a_dead 1 hl_dead 1 de_dead 1 iy_dead 1 f_dead 1
   00B5 2Ar00s00      [16]  203 	ld	hl, (___numTests)
   00B8 23            [ 6]  204 	inc	hl
                            205 ;	genMove_o size 2 result type 10 source type 2 a_dead 1 hl_dead 1 de_dead 1 iy_dead 1 f_dead 1
   00B9 22r00s00      [16]  206 	ld	(___numTests), hl
                            207 ;	genLeftShift
                            208 ;	genMove_o size 3 result type 6 source type 10 a_dead 1 hl_dead 1 de_dead 1 iy_dead 1 f_dead 1
   00BC 3Ar05s00      [13]  209 	ld	a, (_testRot_t2_10000_13+0)
   00BF DD 77 F7      [19]  210 	ld	-9 (ix), a
   00C2 3Ar06s00      [13]  211 	ld	a, (_testRot_t2_10000_13+1)
   00C5 DD 77 F8      [19]  212 	ld	-8 (ix), a
   00C8 3Ar07s00      [13]  213 	ld	a, (_testRot_t2_10000_13+2)
   00CB DD 77 F9      [19]  214 	ld	-7 (ix), a
                            215 ;	genMove_o size 2 result type 6 source type 1 a_dead 1 hl_dead 1 de_dead 1 iy_dead 1 f_dead 1
   00CE AF            [ 4]  216 	xor	a, a
   00CF DD 77 F5      [19]  217 	ld	-11 (ix), a
   00D2 DD 77 F6      [19]  218 	ld	-10 (ix), a
   00D5 06 04         [ 7]  219 	ld	b, #0x04
   00D7                     220 00228$:
   00D7 DD CB F7 26   [23]  221 	sla	-9 (ix)
   00DB DD CB F8 16   [23]  222 	rl	-8 (ix)
   00DF DD CB F9 16   [23]  223 	rl	-7 (ix)
                            224 ; common peephole 159 removed unused label 00229$.
   00E3 10 F2         [13]  225 	djnz	00228$
   00E5 DD 7E F9      [19]  226 	ld	a, -7 (ix)
   00E8 E6 01         [ 7]  227 	and	a, #0x01
   00EA DD 77 F9      [19]  228 	ld	-7 (ix), a
                            229 ;	genMove_o size 5 result type 6 source type 6 a_dead 1 hl_dead 1 de_dead 1 iy_dead 1 f_dead 1
                            230 ;	genRightShift
                            231 ;	genMove_o size 4 result type 6 source type 10 a_dead 1 hl_dead 1 de_dead 1 iy_dead 1 f_dead 1
   00ED 3Ar06s00      [13]  232 	ld	a, (_testRot_t2_10000_13+1)
   00F0 DD 77 FB      [19]  233 	ld	-5 (ix), a
   00F3 3Ar07s00      [13]  234 	ld	a, (_testRot_t2_10000_13+2)
   00F6 DD 77 FC      [19]  235 	ld	-4 (ix), a
   00F9 3Ar08s00      [13]  236 	ld	a, (_testRot_t2_10000_13+3)
   00FC DD 77 FD      [19]  237 	ld	-3 (ix), a
   00FF 3Ar09s00      [13]  238 	ld	a, (_testRot_t2_10000_13+4)
   0102 DD 77 FE      [19]  239 	ld	-2 (ix), a
                            240 ;	genMove_o size 1 result type 6 source type 1 a_dead 1 hl_dead 1 de_dead 0 iy_dead 1 f_dead 1
   0105 DD 36 FF 00   [19]  241 	ld	-1 (ix), #0x00
   0109 06 05         [ 7]  242 	ld	b, #0x05
   010B                     243 00230$:
   010B DD CB FE 3E   [23]  244 	srl	-2 (ix)
   010F DD CB FD 1E   [23]  245 	rr	-3 (ix)
   0113 DD CB FC 1E   [23]  246 	rr	-4 (ix)
   0117 DD CB FB 1E   [23]  247 	rr	-5 (ix)
                            248 ; common peephole 159 removed unused label 00231$.
   011B 10 EE         [13]  249 	djnz	00230$
                            250 ;	genMove_o size 5 result type 6 source type 6 a_dead 1 hl_dead 1 de_dead 1 iy_dead 1 f_dead 1
                            251 ;	genOr
                            252 ;	genMove_o size 2 result type 6 source type 6 a_dead 1 hl_dead 1 de_dead 1 iy_dead 1 f_dead 1
   011D DD 7E FD      [19]  253 	ld	a, -3 (ix)
   0120 DD B6 F7      [19]  254 	or	a, -9 (ix)
                            255 ;	genMove_o size 1 result type 6 source type 2 a_dead 1 hl_dead 1 de_dead 1 iy_dead 1 f_dead 1
   0123 DD 77 FD      [19]  256 	ld	-3 (ix), a
                            257 ;	genMove_o size 0 result type 6 source type 1 a_dead 1 hl_dead 1 de_dead 1 iy_dead 1 f_dead 1
                            258 ;	genMove_o size 2 result type 6 source type 6 a_dead 1 hl_dead 1 de_dead 1 iy_dead 1 f_dead 1
   0126 DD 7E F8      [19]  259 	ld	a, -8 (ix)
   0129 DD 77 FE      [19]  260 	ld	-2 (ix), a
   012C DD 7E F9      [19]  261 	ld	a, -7 (ix)
   012F DD 77 FF      [19]  262 	ld	-1 (ix), a
                            263 ;	genMove_o size 0 result type 6 source type 1 a_dead 1 hl_dead 1 de_dead 1 iy_dead 1 f_dead 1
                            264 ;	genCmpEq
                            265 ;	genMove_o size 1 result type 2 source type 6 a_dead 1 hl_dead 1 de_dead 0 iy_dead 0 f_dead 1
   0132 DD 7E FB      [19]  266 	ld	a, -5 (ix)
                            267 ;	genMove_o size 0 result type 2 source type 1 a_dead 1 hl_dead 1 de_dead 0 iy_dead 0 f_dead 1
   0135 D6 05         [ 7]  268 	sub	a, #0x05
   0137 DD B6 FC      [19]  269 	or	a, -4 (ix)
                            270 ; common peephole 163 changed absolute to relative conditional jump.
   013A 20 11         [12]  271 	jr	nz, 00232$
                            272 ;	genMove_o size 1 result type 2 source type 6 a_dead 1 hl_dead 1 de_dead 0 iy_dead 0 f_dead 1
   013C DD 7E FD      [19]  273 	ld	a, -3 (ix)
                            274 ;	genMove_o size 0 result type 2 source type 1 a_dead 1 hl_dead 1 de_dead 0 iy_dead 0 f_dead 1
   013F D6 50         [ 7]  275 	sub	a, #0x50
                            276 ; common peephole 163 changed absolute to relative conditional jump.
   0141 20 0A         [12]  277 	jr	nz, 00232$
                            278 ;	genMove_o size 1 result type 2 source type 6 a_dead 1 hl_dead 1 de_dead 0 iy_dead 0 f_dead 1
   0143 DD 7E FE      [19]  279 	ld	a, -2 (ix)
                            280 ;	genMove_o size 0 result type 2 source type 1 a_dead 1 hl_dead 1 de_dead 0 iy_dead 0 f_dead 1
   0146 D6 A5         [ 7]  281 	sub	a, #0xa5
   0148 DD B6 FF      [19]  282 	or	a, -1 (ix)
                            283 ; common peephole 163 changed absolute to relative conditional jump.
   014B 28 11         [12]  284 	jr	z, 00106$
                            285 ; common peephole 81 removed jp by using inverse jump logic
   014D                     286 00232$:
                            287 ;	skipping generated iCode
                            288 ;	skipping iCode since result will be rematerialized
                            289 ;	skipping iCode since result will be rematerialized
                            290 ;	skipping iCode since result will be rematerialized
                            291 ;	skipping iCode since result will be rematerialized
                            292 ;	skipping iCode since result will be rematerialized
                            293 ;	skipping iCode since result will be rematerialized
                            294 ;	genIpush
                            295 ;	genMove_o size 2 result type 2 source type 1 a_dead 1 hl_dead 1 de_dead 1 iy_dead 1 f_dead 1
   014D 21 2A 00      [10]  296 	ld	hl, #0x002a
   0150 E5            [11]  297 	push	hl
                            298 ;	genIpush
                            299 ;	genMove_o size 2 result type 2 source type 7 a_dead 1 hl_dead 1 de_dead 1 iy_dead 1 f_dead 1
   0151 21r47s08      [10]  300 	ld	hl, #___str_2
   0154 E5            [11]  301 	push	hl
                            302 ;	genSend
                            303 ;	genMove_o size 2 result type 2 source type 7 a_dead 1 hl_dead 1 de_dead 1 iy_dead 1 f_dead 1
   0155 11r83s08      [10]  304 	ld	de, #___str_3
                            305 ;	genSend
                            306 ;	genMove_o size 2 result type 2 source type 7 a_dead 1 hl_dead 1 de_dead 0 iy_dead 1 f_dead 1
   0158 21r1As08      [10]  307 	ld	hl, #___str_0
                            308 ;	genCall
   015B CDr00s00      [17]  309 	call	___fail
                            310 ;	genLabel
   015E                     311 00106$:
                            312 ;cases/bitintrot/bitintrot_width_33_dist_20_storage_static.c:43: ASSERT (ROR (t1) == ROR (TESTVECT1));
                            313 ;	genPlus
                            314 ;	genMove_o size 2 result type 2 source type 10 a_dead 1 hl_dead 1 de_dead 1 iy_dead 1 f_dead 1
   015E 2Ar00s00      [16]  315 	ld	hl, (___numTests)
   0161 23            [ 6]  316 	inc	hl
                            317 ;	genMove_o size 2 result type 10 source type 2 a_dead 1 hl_dead 1 de_dead 1 iy_dead 1 f_dead 1
   0162 22r00s00      [16]  318 	ld	(___numTests), hl
                            319 ;	genRightShift
                            320 ;	genMove_o size 3 result type 6 source type 10 a_dead 1 hl_dead 1 de_dead 1 iy_dead 1 f_dead 1
   0165 3Ar02s00      [13]  321 	ld	a, (_testRot_t1_10000_13+2)
   0168 DD 77 F5      [19]  322 	ld	-11 (ix), a
   016B 3Ar03s00      [13]  323 	ld	a, (_testRot_t1_10000_13+3)
   016E DD 77 F6      [19]  324 	ld	-10 (ix), a
   0171 3Ar04s00      [13]  325 	ld	a, (_testRot_t1_10000_13+4)
   0174 DD 77 F7      [19]  326 	ld	-9 (ix), a
                            327 ;	genMove_o size 2 result type 6 source type 1 a_dead 1 hl_dead 1 de_dead 0 iy_dead 1 f_dead 1
   0177 AF            [ 4]  328 	xor	a, a
   0178 DD 77 F8      [19]  329 	ld	-8 (ix), a
   017B DD 77 F9      [19]  330 	ld	-7 (ix), a
   017E 06 04         [ 7]  331 	ld	b, #0x04
   0180                     332 00233$:
   0180 DD CB F7 3E   [23]  333 	srl	-9 (ix)
   0184 DD CB F6 1E   [23]  334 	rr	-10 (ix)
   0188 DD CB F5 1E   [23]  335 	rr	-11 (ix)
                            336 ; common peephole 159 removed unused label 00234$.
   018C 10 F2         [13]  337 	djnz	00233$
                            338 ;	genMove_o size 5 result type 6 source type 6 a_dead 1 hl_dead 1 de_dead 1 iy_dead 1 f_dead 1
                            339 ;	genLeftShift
                            340 ;	genMove_o size 4 result type 6 source type 10 a_dead 1 hl_dead 1 de_dead 1 iy_dead 1 f_dead 1
   018E 3Ar00s00      [13]  341 	ld	a, (_testRot_t1_10000_13+0)
   0191 DD 77 FC      [19]  342 	ld	-4 (ix), a
   0194 3Ar01s00      [13]  343 	ld	a, (_testRot_t1_10000_13+1)
   0197 DD 77 FD      [19]  344 	ld	-3 (ix), a
   019A 3Ar02s00      [13]  345 	ld	a, (_testRot_t1_10000_13+2)
   019D DD 77 FE      [19]  346 	ld	-2 (ix), a
   01A0 3Ar03s00      [13]  347 	ld	a, (_testRot_t1_10000_13+3)
   01A3 DD 77 FF      [19]  348 	ld	-1 (ix), a
                            349 ;	genMove_o size 1 result type 6 source type 1 a_dead 1 hl_dead 1 de_dead 1 iy_dead 1 f_dead 1
   01A6 DD 36 FB 00   [19]  350 	ld	-5 (ix), #0x00
   01AA 06 05         [ 7]  351 	ld	b, #0x05
   01AC                     352 00235$:
   01AC DD CB FC 26   [23]  353 	sla	-4 (ix)
   01B0 DD CB FD 16   [23]  354 	rl	-3 (ix)
   01B4 DD CB FE 16   [23]  355 	rl	-2 (ix)
   01B8 DD CB FF 16   [23]  356 	rl	-1 (ix)
                            357 ; common peephole 159 removed unused label 00236$.
   01BC 10 EE         [13]  358 	djnz	00235$
   01BE DD 7E FF      [19]  359 	ld	a, -1 (ix)
   01C1 E6 01         [ 7]  360 	and	a, #0x01
   01C3 DD 77 FF      [19]  361 	ld	-1 (ix), a
                            362 ;	genMove_o size 5 result type 6 source type 6 a_dead 1 hl_dead 1 de_dead 1 iy_dead 1 f_dead 1
                            363 ;	genOr
                            364 ;	genMove_o size 1 result type 6 source type 6 a_dead 1 hl_dead 1 de_dead 1 iy_dead 1 f_dead 1
   01C6 DD 7E F5      [19]  365 	ld	a, -11 (ix)
   01C9 DD 77 FB      [19]  366 	ld	-5 (ix), a
                            367 ;	genMove_o size 0 result type 6 source type 1 a_dead 1 hl_dead 1 de_dead 1 iy_dead 1 f_dead 1
   01CC DD 7E FC      [19]  368 	ld	a, -4 (ix)
   01CF DD B6 F6      [19]  369 	or	a, -10 (ix)
                            370 ;	genMove_o size 1 result type 6 source type 2 a_dead 1 hl_dead 1 de_dead 1 iy_dead 1 f_dead 1
   01D2 DD 77 FC      [19]  371 	ld	-4 (ix), a
                            372 ;	genMove_o size 0 result type 6 source type 1 a_dead 1 hl_dead 1 de_dead 1 iy_dead 1 f_dead 1
                            373 ;	genMove_o size 3 result type 6 source type 6 a_dead 1 hl_dead 1 de_dead 1 iy_dead 1 f_dead 1
                            374 ;	genCmpEq
   01D5 DD 7E FB      [19]  375 	ld	a, -5 (ix)
   01D8 B7            [ 4]  376 	or	a, a
                            377 ; common peephole 163 changed absolute to relative conditional jump.
   01D9 20 14         [12]  378 	jr	nz, 00237$
                            379 ;	genMove_o size 1 result type 2 source type 6 a_dead 1 hl_dead 1 de_dead 0 iy_dead 0 f_dead 1
   01DB DD 7E FC      [19]  380 	ld	a, -4 (ix)
                            381 ;	genMove_o size 0 result type 2 source type 1 a_dead 1 hl_dead 1 de_dead 0 iy_dead 0 f_dead 1
   01DE D6 A0         [ 7]  382 	sub	a, #0xa0
                            383 ; common peephole 163 changed absolute to relative conditional jump.
   01E0 20 0D         [12]  384 	jr	nz, 00237$
                            385 ;	genMove_o size 1 result type 2 source type 6 a_dead 1 hl_dead 1 de_dead 0 iy_dead 0 f_dead 1
   01E2 DD 7E FD      [19]  386 	ld	a, -3 (ix)
                            387 ;	genMove_o size 0 result type 2 source type 1 a_dead 1 hl_dead 1 de_dead 0 iy_dead 0 f_dead 1
   01E5 D6 14         [ 7]  388 	sub	a, #0x14
   01E7 DD B6 FE      [19]  389 	or	a, -2 (ix)
   01EA DD B6 FF      [19]  390 	or	a, -1 (ix)
                            391 ; common peephole 163 changed absolute to relative conditional jump.
   01ED 28 11         [12]  392 	jr	z, 00108$
                            393 ; common peephole 81 removed jp by using inverse jump logic
   01EF                     394 00237$:
                            395 ;	skipping generated iCode
                            396 ;	skipping iCode since result will be rematerialized
                            397 ;	skipping iCode since result will be rematerialized
                            398 ;	skipping iCode since result will be rematerialized
                            399 ;	skipping iCode since result will be rematerialized
                            400 ;	skipping iCode since result will be rematerialized
                            401 ;	skipping iCode since result will be rematerialized
                            402 ;	genIpush
                            403 ;	genMove_o size 2 result type 2 source type 1 a_dead 1 hl_dead 1 de_dead 1 iy_dead 1 f_dead 1
   01EF 21 2B 00      [10]  404 	ld	hl, #0x002b
   01F2 E5            [11]  405 	push	hl
                            406 ;	genIpush
                            407 ;	genMove_o size 2 result type 2 source type 7 a_dead 1 hl_dead 1 de_dead 1 iy_dead 1 f_dead 1
   01F3 21r47s08      [10]  408 	ld	hl, #___str_2
   01F6 E5            [11]  409 	push	hl
                            410 ;	genSend
                            411 ;	genMove_o size 2 result type 2 source type 7 a_dead 1 hl_dead 1 de_dead 1 iy_dead 1 f_dead 1
   01F7 11r9Fs08      [10]  412 	ld	de, #___str_4
                            413 ;	genSend
                            414 ;	genMove_o size 2 result type 2 source type 7 a_dead 1 hl_dead 1 de_dead 0 iy_dead 1 f_dead 1
   01FA 21r1As08      [10]  415 	ld	hl, #___str_0
                            416 ;	genCall
   01FD CDr00s00      [17]  417 	call	___fail
                            418 ;	genLabel
   0200                     419 00108$:
                            420 ;cases/bitintrot/bitintrot_width_33_dist_20_storage_static.c:44: ASSERT (ROR (t2) == ROR (TESTVECT2));
                            421 ;	genPlus
                            422 ;	genMove_o size 2 result type 2 source type 10 a_dead 1 hl_dead 1 de_dead 1 iy_dead 1 f_dead 1
   0200 2Ar00s00      [16]  423 	ld	hl, (___numTests)
   0203 23            [ 6]  424 	inc	hl
                            425 ;	genMove_o size 2 result type 10 source type 2 a_dead 1 hl_dead 1 de_dead 1 iy_dead 1 f_dead 1
   0204 22r00s00      [16]  426 	ld	(___numTests), hl
                            427 ;	genRightShift
                            428 ;	genMove_o size 3 result type 6 source type 10 a_dead 1 hl_dead 1 de_dead 1 iy_dead 1 f_dead 1
   0207 3Ar07s00      [13]  429 	ld	a, (_testRot_t2_10000_13+2)
   020A DD 77 F5      [19]  430 	ld	-11 (ix), a
   020D 3Ar08s00      [13]  431 	ld	a, (_testRot_t2_10000_13+3)
   0210 DD 77 F6      [19]  432 	ld	-10 (ix), a
   0213 3Ar09s00      [13]  433 	ld	a, (_testRot_t2_10000_13+4)
   0216 DD 77 F7      [19]  434 	ld	-9 (ix), a
                            435 ;	genMove_o size 2 result type 6 source type 1 a_dead 1 hl_dead 1 de_dead 0 iy_dead 1 f_dead 1
   0219 AF            [ 4]  436 	xor	a, a
   021A DD 77 F8      [19]  437 	ld	-8 (ix), a
   021D DD 77 F9      [19]  438 	ld	-7 (ix), a
   0220 06 04         [ 7]  439 	ld	b, #0x04
   0222                     440 00238$:
   0222 DD CB F7 3E   [23]  441 	srl	-9 (ix)
   0226 DD CB F6 1E   [23]  442 	rr	-10 (ix)
   022A DD CB F5 1E   [23]  443 	rr	-11 (ix)
                            444 ; common peephole 159 removed unused label 00239$.
   022E 10 F2         [13]  445 	djnz	00238$
                            446 ;	genMove_o size 5 result type 6 source type 6 a_dead 1 hl_dead 1 de_dead 1 iy_dead 1 f_dead 1
                            447 ;	genLeftShift
                            448 ;	genMove_o size 4 result type 6 source type 10 a_dead 1 hl_dead 1 de_dead 1 iy_dead 1 f_dead 1
   0230 3Ar05s00      [13]  449 	ld	a, (_testRot_t2_10000_13+0)
   0233 DD 77 FC      [19]  450 	ld	-4 (ix), a
   0236 3Ar06s00      [13]  451 	ld	a, (_testRot_t2_10000_13+1)
   0239 DD 77 FD      [19]  452 	ld	-3 (ix), a
   023C 3Ar07s00      [13]  453 	ld	a, (_testRot_t2_10000_13+2)
   023F DD 77 FE      [19]  454 	ld	-2 (ix), a
   0242 3Ar08s00      [13]  455 	ld	a, (_testRot_t2_10000_13+3)
   0245 DD 77 FF      [19]  456 	ld	-1 (ix), a
                            457 ;	genMove_o size 1 result type 6 source type 1 a_dead 1 hl_dead 1 de_dead 1 iy_dead 1 f_dead 1
   0248 DD 36 FB 00   [19]  458 	ld	-5 (ix), #0x00
   024C 06 05         [ 7]  459 	ld	b, #0x05
   024E                     460 00240$:
   024E DD CB FC 26   [23]  461 	sla	-4 (ix)
   0252 DD CB FD 16   [23]  462 	rl	-3 (ix)
   0256 DD CB FE 16   [23]  463 	rl	-2 (ix)
   025A DD CB FF 16   [23]  464 	rl	-1 (ix)
                            465 ; common peephole 159 removed unused label 00241$.
   025E 10 EE         [13]  466 	djnz	00240$
   0260 DD 7E FF      [19]  467 	ld	a, -1 (ix)
   0263 E6 01         [ 7]  468 	and	a, #0x01
   0265 DD 77 FF      [19]  469 	ld	-1 (ix), a
                            470 ;	genMove_o size 5 result type 6 source type 6 a_dead 1 hl_dead 1 de_dead 1 iy_dead 1 f_dead 1
                            471 ;	genOr
                            472 ;	genMove_o size 1 result type 6 source type 6 a_dead 1 hl_dead 1 de_dead 1 iy_dead 1 f_dead 1
   0268 DD 7E F5      [19]  473 	ld	a, -11 (ix)
   026B DD 77 FB      [19]  474 	ld	-5 (ix), a
                            475 ;	genMove_o size 0 result type 6 source type 1 a_dead 1 hl_dead 1 de_dead 1 iy_dead 1 f_dead 1
   026E DD 7E FC      [19]  476 	ld	a, -4 (ix)
   0271 DD B6 F6      [19]  477 	or	a, -10 (ix)
                            478 ;	genMove_o size 1 result type 6 source type 2 a_dead 1 hl_dead 1 de_dead 1 iy_dead 1 f_dead 1
   0274 DD 77 FC      [19]  479 	ld	-4 (ix), a
                            480 ;	genMove_o size 0 result type 6 source type 1 a_dead 1 hl_dead 1 de_dead 1 iy_dead 1 f_dead 1
                            481 ;	genMove_o size 3 result type 6 source type 6 a_dead 1 hl_dead 1 de_dead 1 iy_dead 1 f_dead 1
                            482 ;	genCmpEq
   0277 DD 7E FB      [19]  483 	ld	a, -5 (ix)
   027A B7            [ 4]  484 	or	a, a
                            485 ; common peephole 163 changed absolute to relative conditional jump.
   027B 20 18         [12]  486 	jr	nz, 00242$
                            487 ;	genMove_o size 1 result type 2 source type 6 a_dead 1 hl_dead 1 de_dead 0 iy_dead 0 f_dead 1
   027D DD 7E FC      [19]  488 	ld	a, -4 (ix)
                            489 ;	genMove_o size 0 result type 2 source type 1 a_dead 1 hl_dead 1 de_dead 0 iy_dead 0 f_dead 1
   0280 D6 A0         [ 7]  490 	sub	a, #0xa0
                            491 ; common peephole 163 changed absolute to relative conditional jump.
   0282 20 11         [12]  492 	jr	nz, 00242$
                            493 ;	genMove_o size 1 result type 2 source type 6 a_dead 1 hl_dead 1 de_dead 0 iy_dead 0 f_dead 1
   0284 DD 7E FD      [19]  494 	ld	a, -3 (ix)
                            495 ;	genMove_o size 0 result type 2 source type 1 a_dead 1 hl_dead 1 de_dead 0 iy_dead 0 f_dead 1
   0287 D6 4A         [ 7]  496 	sub	a, #0x4a
                            497 ; common peephole 163 changed absolute to relative conditional jump.
   0289 20 0A         [12]  498 	jr	nz, 00242$
                            499 ;	genMove_o size 1 result type 2 source type 6 a_dead 1 hl_dead 1 de_dead 0 iy_dead 0 f_dead 1
   028B DD 7E FE      [19]  500 	ld	a, -2 (ix)
                            501 ;	genMove_o size 0 result type 2 source type 1 a_dead 1 hl_dead 1 de_dead 0 iy_dead 0 f_dead 1
   028E D6 15         [ 7]  502 	sub	a, #0x15
   0290 DD B6 FF      [19]  503 	or	a, -1 (ix)
                            504 ; common peephole 163 changed absolute to relative conditional jump.
   0293 28 11         [12]  505 	jr	z, 00110$
                            506 ; common peephole 81 removed jp by using inverse jump logic
   0295                     507 00242$:
                            508 ;	skipping generated iCode
                            509 ;	skipping iCode since result will be rematerialized
                            510 ;	skipping iCode since result will be rematerialized
                            511 ;	skipping iCode since result will be rematerialized
                            512 ;	skipping iCode since result will be rematerialized
                            513 ;	skipping iCode since result will be rematerialized
                            514 ;	skipping iCode since result will be rematerialized
                            515 ;	genIpush
                            516 ;	genMove_o size 2 result type 2 source type 1 a_dead 1 hl_dead 1 de_dead 1 iy_dead 1 f_dead 1
   0295 21 2C 00      [10]  517 	ld	hl, #0x002c
   0298 E5            [11]  518 	push	hl
                            519 ;	genIpush
                            520 ;	genMove_o size 2 result type 2 source type 7 a_dead 1 hl_dead 1 de_dead 1 iy_dead 1 f_dead 1
   0299 21r47s08      [10]  521 	ld	hl, #___str_2
   029C E5            [11]  522 	push	hl
                            523 ;	genSend
                            524 ;	genMove_o size 2 result type 2 source type 7 a_dead 1 hl_dead 1 de_dead 1 iy_dead 1 f_dead 1
   029D 11rBBs08      [10]  525 	ld	de, #___str_5
                            526 ;	genSend
                            527 ;	genMove_o size 2 result type 2 source type 7 a_dead 1 hl_dead 1 de_dead 0 iy_dead 1 f_dead 1
   02A0 21r1As08      [10]  528 	ld	hl, #___str_0
                            529 ;	genCall
   02A3 CDr00s00      [17]  530 	call	___fail
                            531 ;	genLabel
   02A6                     532 00110$:
                            533 ;cases/bitintrot/bitintrot_width_33_dist_20_storage_static.c:45: ASSERT (NROL (t1) == NROL (TESTVECT1));
                            534 ;	genPlus
                            535 ;	genMove_o size 2 result type 2 source type 10 a_dead 1 hl_dead 1 de_dead 1 iy_dead 1 f_dead 1
   02A6 2Ar00s00      [16]  536 	ld	hl, (___numTests)
   02A9 23            [ 6]  537 	inc	hl
                            538 ;	genMove_o size 2 result type 10 source type 2 a_dead 1 hl_dead 1 de_dead 1 iy_dead 1 f_dead 1
   02AA 22r00s00      [16]  539 	ld	(___numTests), hl
                            540 ;	genLeftShift
                            541 ;	genMove_o size 4 result type 6 source type 10 a_dead 1 hl_dead 1 de_dead 1 iy_dead 1 f_dead 1
   02AD 3Ar00s00      [13]  542 	ld	a, (_testRot_t1_10000_13+0)
   02B0 DD 77 F6      [19]  543 	ld	-10 (ix), a
   02B3 3Ar01s00      [13]  544 	ld	a, (_testRot_t1_10000_13+1)
   02B6 DD 77 F7      [19]  545 	ld	-9 (ix), a
   02B9 3Ar02s00      [13]  546 	ld	a, (_testRot_t1_10000_13+2)
   02BC DD 77 F8      [19]  547 	ld	-8 (ix), a
   02BF 3Ar03s00      [13]  548 	ld	a, (_testRot_t1_10000_13+3)
   02C2 DD 77 F9      [19]  549 	ld	-7 (ix), a
                            550 ;	genMove_o size 1 result type 6 source type 1 a_dead 1 hl_dead 1 de_dead 1 iy_dead 1 f_dead 1
   02C5 DD 36 F5 00   [19]  551 	ld	-11 (ix), #0x00
   02C9 DD 7E F9      [19]  552 	ld	a, -7 (ix)
   02CC E6 01         [ 7]  553 	and	a, #0x01
   02CE DD 77 F9      [19]  554 	ld	-7 (ix), a
                            555 ;	genMove_o size 5 result type 6 source type 6 a_dead 1 hl_dead 1 de_dead 1 iy_dead 1 f_dead 1
                            556 ;	genRightShift
                            557 ;	genMove_o size 4 result type 6 source type 10 a_dead 1 hl_dead 1 de_dead 1 iy_dead 1 f_dead 1
   02D1 3Ar01s00      [13]  558 	ld	a, (_testRot_t1_10000_13+1)
   02D4 DD 77 FB      [19]  559 	ld	-5 (ix), a
   02D7 3Ar02s00      [13]  560 	ld	a, (_testRot_t1_10000_13+2)
   02DA DD 77 FC      [19]  561 	ld	-4 (ix), a
   02DD 3Ar03s00      [13]  562 	ld	a, (_testRot_t1_10000_13+3)
   02E0 DD 77 FD      [19]  563 	ld	-3 (ix), a
   02E3 3Ar04s00      [13]  564 	ld	a, (_testRot_t1_10000_13+4)
   02E6 DD 77 FE      [19]  565 	ld	-2 (ix), a
                            566 ;	genMove_o size 1 result type 6 source type 1 a_dead 1 hl_dead 1 de_dead 0 iy_dead 1 f_dead 1
   02E9 DD 36 FF 00   [19]  567 	ld	-1 (ix), #0x00
   02ED 06 05         [ 7]  568 	ld	b, #0x05
   02EF                     569 00245$:
   02EF DD CB FE 3E   [23]  570 	srl	-2 (ix)
   02F3 DD CB FD 1E   [23]  571 	rr	-3 (ix)
   02F7 DD CB FC 1E   [23]  572 	rr	-4 (ix)
   02FB DD CB FB 1E   [23]  573 	rr	-5 (ix)
                            574 ; common peephole 159 removed unused label 00246$.
   02FF 10 EE         [13]  575 	djnz	00245$
                            576 ;	genMove_o size 5 result type 6 source type 6 a_dead 1 hl_dead 1 de_dead 1 iy_dead 1 f_dead 1
                            577 ;	genOr
                            578 ;	genMove_o size 1 result type 6 source type 6 a_dead 1 hl_dead 1 de_dead 1 iy_dead 1 f_dead 1
   0301 DD 7E FC      [19]  579 	ld	a, -4 (ix)
   0304 DD B6 F6      [19]  580 	or	a, -10 (ix)
                            581 ;	genMove_o size 1 result type 6 source type 2 a_dead 1 hl_dead 1 de_dead 1 iy_dead 1 f_dead 1
   0307 DD 77 FC      [19]  582 	ld	-4 (ix), a
                            583 ;	genMove_o size 0 result type 6 source type 1 a_dead 1 hl_dead 1 de_dead 1 iy_dead 1 f_dead 1
   030A DD 7E FD      [19]  584 	ld	a, -3 (ix)
   030D DD B6 F7      [19]  585 	or	a, -9 (ix)
                            586 ;	genMove_o size 1 result type 6 source type 2 a_dead 1 hl_dead 1 de_dead 1 iy_dead 1 f_dead 1
   0310 DD 77 FD      [19]  587 	ld	-3 (ix), a
                            588 ;	genMove_o size 0 result type 6 source type 1 a_dead 1 hl_dead 1 de_dead 1 iy_dead 1 f_dead 1
                            589 ;	genMove_o size 2 result type 6 source type 6 a_dead 1 hl_dead 1 de_dead 1 iy_dead 1 f_dead 1
   0313 DD 7E F8      [19]  590 	ld	a, -8 (ix)
   0316 DD 77 FE      [19]  591 	ld	-2 (ix), a
   0319 DD 7E F9      [19]  592 	ld	a, -7 (ix)
   031C DD 77 FF      [19]  593 	ld	-1 (ix), a
                            594 ;	genMove_o size 0 result type 6 source type 1 a_dead 1 hl_dead 1 de_dead 1 iy_dead 1 f_dead 1
                            595 ;	genCmpEq
   031F DD 7E FB      [19]  596 	ld	a, -5 (ix)
   0322 B7            [ 4]  597 	or	a, a
                            598 ; common peephole 163 changed absolute to relative conditional jump.
   0323 20 10         [12]  599 	jr	nz, 00247$
                            600 ;	genMove_o size 1 result type 2 source type 6 a_dead 1 hl_dead 1 de_dead 0 iy_dead 0 f_dead 1
   0325 DD 7E FC      [19]  601 	ld	a, -4 (ix)
                            602 ;	genMove_o size 0 result type 2 source type 1 a_dead 1 hl_dead 1 de_dead 0 iy_dead 0 f_dead 1
   0328 D6 A5         [ 7]  603 	sub	a, #0xa5
   032A DD B6 FD      [19]  604 	or	a, -3 (ix)
   032D DD B6 FE      [19]  605 	or	a, -2 (ix)
   0330 DD B6 FF      [19]  606 	or	a, -1 (ix)
                            607 ; common peephole 163 changed absolute to relative conditional jump.
   0333 28 11         [12]  608 	jr	z, 00112$
                            609 ; common peephole 81 removed jp by using inverse jump logic
   0335                     610 00247$:
                            611 ;	skipping generated iCode
                            612 ;	skipping iCode since result will be rematerialized
                            613 ;	skipping iCode since result will be rematerialized
                            614 ;	skipping iCode since result will be rematerialized
                            615 ;	skipping iCode since result will be rematerialized
                            616 ;	skipping iCode since result will be rematerialized
                            617 ;	skipping iCode since result will be rematerialized
                            618 ;	genIpush
                            619 ;	genMove_o size 2 result type 2 source type 1 a_dead 1 hl_dead 1 de_dead 1 iy_dead 1 f_dead 1
   0335 21 2D 00      [10]  620 	ld	hl, #0x002d
   0338 E5            [11]  621 	push	hl
                            622 ;	genIpush
                            623 ;	genMove_o size 2 result type 2 source type 7 a_dead 1 hl_dead 1 de_dead 1 iy_dead 1 f_dead 1
   0339 21r47s08      [10]  624 	ld	hl, #___str_2
   033C E5            [11]  625 	push	hl
                            626 ;	genSend
                            627 ;	genMove_o size 2 result type 2 source type 7 a_dead 1 hl_dead 1 de_dead 1 iy_dead 1 f_dead 1
   033D 11rD7s08      [10]  628 	ld	de, #___str_6
                            629 ;	genSend
                            630 ;	genMove_o size 2 result type 2 source type 7 a_dead 1 hl_dead 1 de_dead 0 iy_dead 1 f_dead 1
   0340 21r1As08      [10]  631 	ld	hl, #___str_0
                            632 ;	genCall
   0343 CDr00s00      [17]  633 	call	___fail
                            634 ;	genLabel
   0346                     635 00112$:
                            636 ;cases/bitintrot/bitintrot_width_33_dist_20_storage_static.c:46: ASSERT (NROL (t2) == NROL (TESTVECT2));
                            637 ;	genPlus
                            638 ;	genMove_o size 2 result type 2 source type 10 a_dead 1 hl_dead 1 de_dead 1 iy_dead 1 f_dead 1
   0346 2Ar00s00      [16]  639 	ld	hl, (___numTests)
   0349 23            [ 6]  640 	inc	hl
                            641 ;	genMove_o size 2 result type 10 source type 2 a_dead 1 hl_dead 1 de_dead 1 iy_dead 1 f_dead 1
   034A 22r00s00      [16]  642 	ld	(___numTests), hl
                            643 ;	genLeftShift
                            644 ;	genMove_o size 4 result type 6 source type 10 a_dead 1 hl_dead 1 de_dead 1 iy_dead 1 f_dead 1
   034D 3Ar05s00      [13]  645 	ld	a, (_testRot_t2_10000_13+0)
   0350 DD 77 F6      [19]  646 	ld	-10 (ix), a
   0353 3Ar06s00      [13]  647 	ld	a, (_testRot_t2_10000_13+1)
   0356 DD 77 F7      [19]  648 	ld	-9 (ix), a
   0359 3Ar07s00      [13]  649 	ld	a, (_testRot_t2_10000_13+2)
   035C DD 77 F8      [19]  650 	ld	-8 (ix), a
   035F 3Ar08s00      [13]  651 	ld	a, (_testRot_t2_10000_13+3)
   0362 DD 77 F9      [19]  652 	ld	-7 (ix), a
                            653 ;	genMove_o size 1 result type 6 source type 1 a_dead 1 hl_dead 1 de_dead 1 iy_dead 1 f_dead 1
   0365 DD 36 F5 00   [19]  654 	ld	-11 (ix), #0x00
   0369 DD 7E F9      [19]  655 	ld	a, -7 (ix)
   036C E6 01         [ 7]  656 	and	a, #0x01
   036E DD 77 F9      [19]  657 	ld	-7 (ix), a
                            658 ;	genMove_o size 5 result type 6 source type 6 a_dead 1 hl_dead 1 de_dead 1 iy_dead 1 f_dead 1
                            659 ;	genRightShift
                            660 ;	genMove_o size 4 result type 6 source type 10 a_dead 1 hl_dead 1 de_dead 1 iy_dead 1 f_dead 1
   0371 3Ar06s00      [13]  661 	ld	a, (_testRot_t2_10000_13+1)
   0374 DD 77 FB      [19]  662 	ld	-5 (ix), a
   0377 3Ar07s00      [13]  663 	ld	a, (_testRot_t2_10000_13+2)
   037A DD 77 FC      [19]  664 	ld	-4 (ix), a
   037D 3Ar08s00      [13]  665 	ld	a, (_testRot_t2_10000_13+3)
   0380 DD 77 FD      [19]  666 	ld	-3 (ix), a
   0383 3Ar09s00      [13]  667 	ld	a, (_testRot_t2_10000_13+4)
   0386 DD 77 FE      [19]  668 	ld	-2 (ix), a
                            669 ;	genMove_o size 1 result type 6 source type 1 a_dead 1 hl_dead 1 de_dead 0 iy_dead 1 f_dead 1
   0389 DD 36 FF 00   [19]  670 	ld	-1 (ix), #0x00
   038D 06 05         [ 7]  671 	ld	b, #0x05
   038F                     672 00250$:
   038F DD CB FE 3E   [23]  673 	srl	-2 (ix)
   0393 DD CB FD 1E   [23]  674 	rr	-3 (ix)
   0397 DD CB FC 1E   [23]  675 	rr	-4 (ix)
   039B DD CB FB 1E   [23]  676 	rr	-5 (ix)
                            677 ; common peephole 159 removed unused label 00251$.
   039F 10 EE         [13]  678 	djnz	00250$
                            679 ;	genMove_o size 5 result type 6 source type 6 a_dead 1 hl_dead 1 de_dead 1 iy_dead 1 f_dead 1
                            680 ;	genOr
                            681 ;	genMove_o size 1 result type 6 source type 6 a_dead 1 hl_dead 1 de_dead 1 iy_dead 1 f_dead 1
   03A1 DD 7E FC      [19]  682 	ld	a, -4 (ix)
   03A4 DD B6 F6      [19]  683 	or	a, -10 (ix)
                            684 ;	genMove_o size 1 result type 6 source type 2 a_dead 1 hl_dead 1 de_dead 1 iy_dead 1 f_dead 1
   03A7 DD 77 FC      [19]  685 	ld	-4 (ix), a
                            686 ;	genMove_o size 0 result type 6 source type 1 a_dead 1 hl_dead 1 de_dead 1 iy_dead 1 f_dead 1
   03AA DD 7E FD      [19]  687 	ld	a, -3 (ix)
   03AD DD B6 F7      [19]  688 	or	a, -9 (ix)
                            689 ;	genMove_o size 1 result type 6 source type 2 a_dead 1 hl_dead 1 de_dead 1 iy_dead 1 f_dead 1
   03B0 DD 77 FD      [19]  690 	ld	-3 (ix), a
                            691 ;	genMove_o size 0 result type 6 source type 1 a_dead 1 hl_dead 1 de_dead 1 iy_dead 1 f_dead 1
                            692 ;	genMove_o size 2 result type 6 source type 6 a_dead 1 hl_dead 1 de_dead 1 iy_dead 1 f_dead 1
   03B3 DD 7E F8      [19]  693 	ld	a, -8 (ix)
   03B6 DD 77 FE      [19]  694 	ld	-2 (ix), a
   03B9 DD 7E F9      [19]  695 	ld	a, -7 (ix)
   03BC DD 77 FF      [19]  696 	ld	-1 (ix), a
                            697 ;	genMove_o size 0 result type 6 source type 1 a_dead 1 hl_dead 1 de_dead 1 iy_dead 1 f_dead 1
                            698 ;	genCmpEq
                            699 ;	genMove_o size 1 result type 2 source type 6 a_dead 1 hl_dead 1 de_dead 0 iy_dead 0 f_dead 1
   03BF DD 7E FB      [19]  700 	ld	a, -5 (ix)
                            701 ;	genMove_o size 0 result type 2 source type 1 a_dead 1 hl_dead 1 de_dead 0 iy_dead 0 f_dead 1
   03C2 D6 05         [ 7]  702 	sub	a, #0x05
                            703 ; common peephole 163 changed absolute to relative conditional jump.
   03C4 20 14         [12]  704 	jr	nz, 00252$
                            705 ;	genMove_o size 1 result type 2 source type 6 a_dead 1 hl_dead 1 de_dead 0 iy_dead 0 f_dead 1
   03C6 DD 7E FC      [19]  706 	ld	a, -4 (ix)
                            707 ;	genMove_o size 0 result type 2 source type 1 a_dead 1 hl_dead 1 de_dead 0 iy_dead 0 f_dead 1
   03C9 D6 55         [ 7]  708 	sub	a, #0x55
                            709 ; common peephole 163 changed absolute to relative conditional jump.
   03CB 20 0D         [12]  710 	jr	nz, 00252$
                            711 ;	genMove_o size 1 result type 2 source type 6 a_dead 1 hl_dead 1 de_dead 0 iy_dead 0 f_dead 1
   03CD DD 7E FD      [19]  712 	ld	a, -3 (ix)
                            713 ;	genMove_o size 0 result type 2 source type 1 a_dead 1 hl_dead 1 de_dead 0 iy_dead 0 f_dead 1
   03D0 D6 AA         [ 7]  714 	sub	a, #0xaa
   03D2 DD B6 FE      [19]  715 	or	a, -2 (ix)
   03D5 DD B6 FF      [19]  716 	or	a, -1 (ix)
                            717 ; common peephole 163 changed absolute to relative conditional jump.
   03D8 28 11         [12]  718 	jr	z, 00114$
                            719 ; common peephole 81 removed jp by using inverse jump logic
   03DA                     720 00252$:
                            721 ;	skipping generated iCode
                            722 ;	skipping iCode since result will be rematerialized
                            723 ;	skipping iCode since result will be rematerialized
                            724 ;	skipping iCode since result will be rematerialized
                            725 ;	skipping iCode since result will be rematerialized
                            726 ;	skipping iCode since result will be rematerialized
                            727 ;	skipping iCode since result will be rematerialized
                            728 ;	genIpush
                            729 ;	genMove_o size 2 result type 2 source type 1 a_dead 1 hl_dead 1 de_dead 1 iy_dead 1 f_dead 1
   03DA 21 2E 00      [10]  730 	ld	hl, #0x002e
   03DD E5            [11]  731 	push	hl
                            732 ;	genIpush
                            733 ;	genMove_o size 2 result type 2 source type 7 a_dead 1 hl_dead 1 de_dead 1 iy_dead 1 f_dead 1
   03DE 21r47s08      [10]  734 	ld	hl, #___str_2
   03E1 E5            [11]  735 	push	hl
                            736 ;	genSend
                            737 ;	genMove_o size 2 result type 2 source type 7 a_dead 1 hl_dead 1 de_dead 1 iy_dead 1 f_dead 1
   03E2 11rF5s08      [10]  738 	ld	de, #___str_7
                            739 ;	genSend
                            740 ;	genMove_o size 2 result type 2 source type 7 a_dead 1 hl_dead 1 de_dead 0 iy_dead 1 f_dead 1
   03E5 21r1As08      [10]  741 	ld	hl, #___str_0
                            742 ;	genCall
   03E8 CDr00s00      [17]  743 	call	___fail
                            744 ;	genLabel
   03EB                     745 00114$:
                            746 ;cases/bitintrot/bitintrot_width_33_dist_20_storage_static.c:47: ASSERT (NROL2 (t1) == NROL2 (TESTVECT1));
                            747 ;	genPlus
                            748 ;	genMove_o size 2 result type 2 source type 10 a_dead 1 hl_dead 1 de_dead 1 iy_dead 1 f_dead 1
   03EB 2Ar00s00      [16]  749 	ld	hl, (___numTests)
   03EE 23            [ 6]  750 	inc	hl
                            751 ;	genMove_o size 2 result type 10 source type 2 a_dead 1 hl_dead 1 de_dead 1 iy_dead 1 f_dead 1
   03EF 22r00s00      [16]  752 	ld	(___numTests), hl
                            753 ;	genRightShift
                            754 ;	genMove_o size 4 result type 6 source type 10 a_dead 1 hl_dead 1 de_dead 1 iy_dead 1 f_dead 1
   03F2 3Ar01s00      [13]  755 	ld	a, (_testRot_t1_10000_13+1)
   03F5 DD 77 F5      [19]  756 	ld	-11 (ix), a
   03F8 3Ar02s00      [13]  757 	ld	a, (_testRot_t1_10000_13+2)
   03FB DD 77 F6      [19]  758 	ld	-10 (ix), a
   03FE 3Ar03s00      [13]  759 	ld	a, (_testRot_t1_10000_13+3)
   0401 DD 77 F7      [19]  760 	ld	-9 (ix), a
   0404 3Ar04s00      [13]  761 	ld	a, (_testRot_t1_10000_13+4)
   0407 DD 77 F8      [19]  762 	ld	-8 (ix), a
                            763 ;	genMove_o size 1 result type 6 source type 1 a_dead 1 hl_dead 1 de_dead 0 iy_dead 1 f_dead 1
   040A DD 36 F9 00   [19]  764 	ld	-7 (ix), #0x00
                            765 ;	genMove_o size 5 result type 6 source type 6 a_dead 1 hl_dead 1 de_dead 1 iy_dead 1 f_dead 1
                            766 ;	genLeftShift
                            767 ;	genMove_o size 4 result type 6 source type 10 a_dead 1 hl_dead 1 de_dead 1 iy_dead 1 f_dead 1
   040E 3Ar00s00      [13]  768 	ld	a, (_testRot_t1_10000_13+0)
   0411 DD 77 FC      [19]  769 	ld	-4 (ix), a
   0414 3Ar01s00      [13]  770 	ld	a, (_testRot_t1_10000_13+1)
   0417 DD 77 FD      [19]  771 	ld	-3 (ix), a
   041A 3Ar02s00      [13]  772 	ld	a, (_testRot_t1_10000_13+2)
   041D DD 77 FE      [19]  773 	ld	-2 (ix), a
   0420 3Ar03s00      [13]  774 	ld	a, (_testRot_t1_10000_13+3)
   0423 DD 77 FF      [19]  775 	ld	-1 (ix), a
                            776 ;	genMove_o size 1 result type 6 source type 1 a_dead 1 hl_dead 1 de_dead 1 iy_dead 1 f_dead 1
   0426 DD 36 FB 00   [19]  777 	ld	-5 (ix), #0x00
   042A 06 05         [ 7]  778 	ld	b, #0x05
   042C                     779 00255$:
   042C DD CB FC 26   [23]  780 	sla	-4 (ix)
   0430 DD CB FD 16   [23]  781 	rl	-3 (ix)
   0434 DD CB FE 16   [23]  782 	rl	-2 (ix)
   0438 DD CB FF 16   [23]  783 	rl	-1 (ix)
                            784 ; common peephole 159 removed unused label 00256$.
   043C 10 EE         [13]  785 	djnz	00255$
   043E DD 7E FF      [19]  786 	ld	a, -1 (ix)
   0441 E6 01         [ 7]  787 	and	a, #0x01
   0443 DD 77 FF      [19]  788 	ld	-1 (ix), a
                            789 ;	genMove_o size 5 result type 6 source type 6 a_dead 1 hl_dead 1 de_dead 1 iy_dead 1 f_dead 1
                            790 ;	genOr
                            791 ;	genMove_o size 1 result type 6 source type 6 a_dead 1 hl_dead 1 de_dead 1 iy_dead 1 f_dead 1
   0446 DD 7E F5      [19]  792 	ld	a, -11 (ix)
   0449 DD 77 FB      [19]  793 	ld	-5 (ix), a
                            794 ;	genMove_o size 0 result type 6 source type 1 a_dead 1 hl_dead 1 de_dead 1 iy_dead 1 f_dead 1
   044C DD 7E FC      [19]  795 	ld	a, -4 (ix)
   044F DD B6 F6      [19]  796 	or	a, -10 (ix)
                            797 ;	genMove_o size 1 result type 6 source type 2 a_dead 1 hl_dead 1 de_dead 1 iy_dead 1 f_dead 1
   0452 DD 77 FC      [19]  798 	ld	-4 (ix), a
                            799 ;	genMove_o size 0 result type 6 source type 1 a_dead 1 hl_dead 1 de_dead 1 iy_dead 1 f_dead 1
   0455 DD 7E FD      [19]  800 	ld	a, -3 (ix)
   0458 DD B6 F7      [19]  801 	or	a, -9 (ix)
                            802 ;	genMove_o size 1 result type 6 source type 2 a_dead 1 hl_dead 1 de_dead 1 iy_dead 1 f_dead 1
   045B DD 77 FD      [19]  803 	ld	-3 (ix), a
                            804 ;	genMove_o size 0 result type 6 source type 1 a_dead 1 hl_dead 1 de_dead 1 iy_dead 1 f_dead 1
   045E DD 7E FE      [19]  805 	ld	a, -2 (ix)
   0461 DD B6 F8      [19]  806 	or	a, -8 (ix)
                            807 ;	genMove_o size 1 result type 6 source type 2 a_dead 1 hl_dead 1 de_dead 1 iy_dead 1 f_dead 1
   0464 DD 77 FE      [19]  808 	ld	-2 (ix), a
                            809 ;	genMove_o size 0 result type 6 source type 1 a_dead 1 hl_dead 1 de_dead 1 iy_dead 1 f_dead 1
                            810 ;	genMove_o size 1 result type 6 source type 6 a_dead 1 hl_dead 1 de_dead 1 iy_dead 1 f_dead 1
                            811 ;	genCmpEq
   0467 DD 7E FB      [19]  812 	ld	a, -5 (ix)
   046A B7            [ 4]  813 	or	a, a
                            814 ; common peephole 163 changed absolute to relative conditional jump.
   046B 20 14         [12]  815 	jr	nz, 00257$
                            816 ;	genMove_o size 1 result type 2 source type 6 a_dead 1 hl_dead 1 de_dead 0 iy_dead 0 f_dead 1
   046D DD 7E FC      [19]  817 	ld	a, -4 (ix)
                            818 ;	genMove_o size 0 result type 2 source type 1 a_dead 1 hl_dead 1 de_dead 0 iy_dead 0 f_dead 1
   0470 D6 A0         [ 7]  819 	sub	a, #0xa0
                            820 ; common peephole 163 changed absolute to relative conditional jump.
   0472 20 0D         [12]  821 	jr	nz, 00257$
                            822 ;	genMove_o size 1 result type 2 source type 6 a_dead 1 hl_dead 1 de_dead 0 iy_dead 0 f_dead 1
   0474 DD 7E FD      [19]  823 	ld	a, -3 (ix)
                            824 ;	genMove_o size 0 result type 2 source type 1 a_dead 1 hl_dead 1 de_dead 0 iy_dead 0 f_dead 1
   0477 D6 14         [ 7]  825 	sub	a, #0x14
   0479 DD B6 FE      [19]  826 	or	a, -2 (ix)
   047C DD B6 FF      [19]  827 	or	a, -1 (ix)
                            828 ; common peephole 163 changed absolute to relative conditional jump.
   047F 28 11         [12]  829 	jr	z, 00116$
                            830 ; common peephole 81 removed jp by using inverse jump logic
   0481                     831 00257$:
                            832 ;	skipping generated iCode
                            833 ;	skipping iCode since result will be rematerialized
                            834 ;	skipping iCode since result will be rematerialized
                            835 ;	skipping iCode since result will be rematerialized
                            836 ;	skipping iCode since result will be rematerialized
                            837 ;	skipping iCode since result will be rematerialized
                            838 ;	skipping iCode since result will be rematerialized
                            839 ;	genIpush
                            840 ;	genMove_o size 2 result type 2 source type 1 a_dead 1 hl_dead 1 de_dead 1 iy_dead 1 f_dead 1
   0481 21 2F 00      [10]  841 	ld	hl, #0x002f
   0484 E5            [11]  842 	push	hl
                            843 ;	genIpush
                            844 ;	genMove_o size 2 result type 2 source type 7 a_dead 1 hl_dead 1 de_dead 1 iy_dead 1 f_dead 1
   0485 21r47s08      [10]  845 	ld	hl, #___str_2
   0488 E5            [11]  846 	push	hl
                            847 ;	genSend
                            848 ;	genMove_o size 2 result type 2 source type 7 a_dead 1 hl_dead 1 de_dead 1 iy_dead 1 f_dead 1
   0489 11r13s09      [10]  849 	ld	de, #___str_8
                            850 ;	genSend
                            851 ;	genMove_o size 2 result type 2 source type 7 a_dead 1 hl_dead 1 de_dead 0 iy_dead 1 f_dead 1
   048C 21r1As08      [10]  852 	ld	hl, #___str_0
                            853 ;	genCall
   048F CDr00s00      [17]  854 	call	___fail
                            855 ;	genLabel
   0492                     856 00116$:
                            857 ;cases/bitintrot/bitintrot_width_33_dist_20_storage_static.c:48: ASSERT (NROL2 (t2) == NROL2 (TESTVECT2));
                            858 ;	genPlus
                            859 ;	genMove_o size 2 result type 2 source type 10 a_dead 1 hl_dead 1 de_dead 1 iy_dead 1 f_dead 1
   0492 2Ar00s00      [16]  860 	ld	hl, (___numTests)
   0495 23            [ 6]  861 	inc	hl
                            862 ;	genMove_o size 2 result type 10 source type 2 a_dead 1 hl_dead 1 de_dead 1 iy_dead 1 f_dead 1
   0496 22r00s00      [16]  863 	ld	(___numTests), hl
                            864 ;	genRightShift
                            865 ;	genMove_o size 4 result type 6 source type 10 a_dead 1 hl_dead 1 de_dead 1 iy_dead 1 f_dead 1
   0499 3Ar06s00      [13]  866 	ld	a, (_testRot_t2_10000_13+1)
   049C DD 77 F5      [19]  867 	ld	-11 (ix), a
   049F 3Ar07s00      [13]  868 	ld	a, (_testRot_t2_10000_13+2)
   04A2 DD 77 F6      [19]  869 	ld	-10 (ix), a
   04A5 3Ar08s00      [13]  870 	ld	a, (_testRot_t2_10000_13+3)
   04A8 DD 77 F7      [19]  871 	ld	-9 (ix), a
   04AB 3Ar09s00      [13]  872 	ld	a, (_testRot_t2_10000_13+4)
   04AE DD 77 F8      [19]  873 	ld	-8 (ix), a
                            874 ;	genMove_o size 1 result type 6 source type 1 a_dead 1 hl_dead 1 de_dead 0 iy_dead 1 f_dead 1
   04B1 DD 36 F9 00   [19]  875 	ld	-7 (ix), #0x00
                            876 ;	genMove_o size 5 result type 6 source type 6 a_dead 1 hl_dead 1 de_dead 1 iy_dead 1 f_dead 1
                            877 ;	genLeftShift
                            878 ;	genMove_o size 4 result type 6 source type 10 a_dead 1 hl_dead 1 de_dead 1 iy_dead 1 f_dead 1
   04B5 3Ar05s00      [13]  879 	ld	a, (_testRot_t2_10000_13+0)
   04B8 DD 77 FC      [19]  880 	ld	-4 (ix), a
   04BB 3Ar06s00      [13]  881 	ld	a, (_testRot_t2_10000_13+1)
   04BE DD 77 FD      [19]  882 	ld	-3 (ix), a
   04C1 3Ar07s00      [13]  883 	ld	a, (_testRot_t2_10000_13+2)
   04C4 DD 77 FE      [19]  884 	ld	-2 (ix), a
   04C7 3Ar08s00      [13]  885 	ld	a, (_testRot_t2_10000_13+3)
   04CA DD 77 FF      [19]  886 	ld	-1 (ix), a
                            887 ;	genMove_o size 1 result type 6 source type 1 a_dead 1 hl_dead 1 de_dead 1 iy_dead 1 f_dead 1
   04CD DD 36 FB 00   [19]  888 	ld	-5 (ix), #0x00
   04D1 06 05         [ 7]  889 	ld	b, #0x05
   04D3                     890 00260$:
   04D3 DD CB FC 26   [23]  891 	sla	-4 (ix)
   04D7 DD CB FD 16   [23]  892 	rl	-3 (ix)
   04DB DD CB FE 16   [23]  893 	rl	-2 (ix)
   04DF DD CB FF 16   [23]  894 	rl	-1 (ix)
                            895 ; common peephole 159 removed unused label 00261$.
   04E3 10 EE         [13]  896 	djnz	00260$
   04E5 DD 7E FF      [19]  897 	ld	a, -1 (ix)
   04E8 E6 01         [ 7]  898 	and	a, #0x01
   04EA DD 77 FF      [19]  899 	ld	-1 (ix), a
                            900 ;	genMove_o size 5 result type 6 source type 6 a_dead 1 hl_dead 1 de_dead 1 iy_dead 1 f_dead 1
                            901 ;	genOr
                            902 ;	genMove_o size 1 result type 6 source type 6 a_dead 1 hl_dead 1 de_dead 1 iy_dead 1 f_dead 1
   04ED DD 7E F5      [19]  903 	ld	a, -11 (ix)
   04F0 DD 77 FB      [19]  904 	ld	-5 (ix), a
                            905 ;	genMove_o size 0 result type 6 source type 1 a_dead 1 hl_dead 1 de_dead 1 iy_dead 1 f_dead 1
   04F3 DD 7E FC      [19]  906 	ld	a, -4 (ix)
   04F6 DD B6 F6      [19]  907 	or	a, -10 (ix)
                            908 ;	genMove_o size 1 result type 6 source type 2 a_dead 1 hl_dead 1 de_dead 1 iy_dead 1 f_dead 1
   04F9 DD 77 FC      [19]  909 	ld	-4 (ix), a
                            910 ;	genMove_o size 0 result type 6 source type 1 a_dead 1 hl_dead 1 de_dead 1 iy_dead 1 f_dead 1
   04FC DD 7E FD      [19]  911 	ld	a, -3 (ix)
   04FF DD B6 F7      [19]  912 	or	a, -9 (ix)
                            913 ;	genMove_o size 1 result type 6 source type 2 a_dead 1 hl_dead 1 de_dead 1 iy_dead 1 f_dead 1
   0502 DD 77 FD      [19]  914 	ld	-3 (ix), a
                            915 ;	genMove_o size 0 result type 6 source type 1 a_dead 1 hl_dead 1 de_dead 1 iy_dead 1 f_dead 1
   0505 DD 7E FE      [19]  916 	ld	a, -2 (ix)
   0508 DD B6 F8      [19]  917 	or	a, -8 (ix)
                            918 ;	genMove_o size 1 result type 6 source type 2 a_dead 1 hl_dead 1 de_dead 1 iy_dead 1 f_dead 1
   050B DD 77 FE      [19]  919 	ld	-2 (ix), a
                            920 ;	genMove_o size 0 result type 6 source type 1 a_dead 1 hl_dead 1 de_dead 1 iy_dead 1 f_dead 1
                            921 ;	genMove_o size 1 result type 6 source type 6 a_dead 1 hl_dead 1 de_dead 1 iy_dead 1 f_dead 1
                            922 ;	genCmpEq
                            923 ;	genMove_o size 1 result type 2 source type 6 a_dead 1 hl_dead 1 de_dead 0 iy_dead 0 f_dead 1
   050E DD 7E FB      [19]  924 	ld	a, -5 (ix)
                            925 ;	genMove_o size 0 result type 2 source type 1 a_dead 1 hl_dead 1 de_dead 0 iy_dead 0 f_dead 1
   0511 D6 AA         [ 7]  926 	sub	a, #0xaa
                            927 ; common peephole 163 changed absolute to relative conditional jump.
   0513 20 18         [12]  928 	jr	nz, 00262$
                            929 ;	genMove_o size 1 result type 2 source type 6 a_dead 1 hl_dead 1 de_dead 0 iy_dead 0 f_dead 1
   0515 DD 7E FC      [19]  930 	ld	a, -4 (ix)
                            931 ;	genMove_o size 0 result type 2 source type 1 a_dead 1 hl_dead 1 de_dead 0 iy_dead 0 f_dead 1
   0518 D6 A0         [ 7]  932 	sub	a, #0xa0
                            933 ; common peephole 163 changed absolute to relative conditional jump.
   051A 20 11         [12]  934 	jr	nz, 00262$
                            935 ;	genMove_o size 1 result type 2 source type 6 a_dead 1 hl_dead 1 de_dead 0 iy_dead 0 f_dead 1
   051C DD 7E FD      [19]  936 	ld	a, -3 (ix)
                            937 ;	genMove_o size 0 result type 2 source type 1 a_dead 1 hl_dead 1 de_dead 0 iy_dead 0 f_dead 1
   051F D6 4A         [ 7]  938 	sub	a, #0x4a
                            939 ; common peephole 163 changed absolute to relative conditional jump.
   0521 20 0A         [12]  940 	jr	nz, 00262$
                            941 ;	genMove_o size 1 result type 2 source type 6 a_dead 1 hl_dead 1 de_dead 0 iy_dead 0 f_dead 1
   0523 DD 7E FE      [19]  942 	ld	a, -2 (ix)
                            943 ;	genMove_o size 0 result type 2 source type 1 a_dead 1 hl_dead 1 de_dead 0 iy_dead 0 f_dead 1
   0526 D6 15         [ 7]  944 	sub	a, #0x15
   0528 DD B6 FF      [19]  945 	or	a, -1 (ix)
                            946 ; common peephole 163 changed absolute to relative conditional jump.
   052B 28 11         [12]  947 	jr	z, 00118$
                            948 ; common peephole 81 removed jp by using inverse jump logic
   052D                     949 00262$:
                            950 ;	skipping generated iCode
                            951 ;	skipping iCode since result will be rematerialized
                            952 ;	skipping iCode since result will be rematerialized
                            953 ;	skipping iCode since result will be rematerialized
                            954 ;	skipping iCode since result will be rematerialized
                            955 ;	skipping iCode since result will be rematerialized
                            956 ;	skipping iCode since result will be rematerialized
                            957 ;	genIpush
                            958 ;	genMove_o size 2 result type 2 source type 1 a_dead 1 hl_dead 1 de_dead 1 iy_dead 1 f_dead 1
   052D 21 30 00      [10]  959 	ld	hl, #0x0030
   0530 E5            [11]  960 	push	hl
                            961 ;	genIpush
                            962 ;	genMove_o size 2 result type 2 source type 7 a_dead 1 hl_dead 1 de_dead 1 iy_dead 1 f_dead 1
   0531 21r47s08      [10]  963 	ld	hl, #___str_2
   0534 E5            [11]  964 	push	hl
                            965 ;	genSend
                            966 ;	genMove_o size 2 result type 2 source type 7 a_dead 1 hl_dead 1 de_dead 1 iy_dead 1 f_dead 1
   0535 11r33s09      [10]  967 	ld	de, #___str_9
                            968 ;	genSend
                            969 ;	genMove_o size 2 result type 2 source type 7 a_dead 1 hl_dead 1 de_dead 0 iy_dead 1 f_dead 1
   0538 21r1As08      [10]  970 	ld	hl, #___str_0
                            971 ;	genCall
   053B CDr00s00      [17]  972 	call	___fail
                            973 ;	genLabel
   053E                     974 00118$:
                            975 ;cases/bitintrot/bitintrot_width_33_dist_20_storage_static.c:50: t1 = ROL(t1);
                            976 ;	genLeftShift
                            977 ;	genMove_o size 3 result type 6 source type 10 a_dead 1 hl_dead 1 de_dead 1 iy_dead 1 f_dead 1
   053E 3Ar00s00      [13]  978 	ld	a, (_testRot_t1_10000_13+0)
   0541 DD 77 F8      [19]  979 	ld	-8 (ix), a
   0544 3Ar01s00      [13]  980 	ld	a, (_testRot_t1_10000_13+1)
   0547 DD 77 F9      [19]  981 	ld	-7 (ix), a
   054A 3Ar02s00      [13]  982 	ld	a, (_testRot_t1_10000_13+2)
   054D DD 77 FA      [19]  983 	ld	-6 (ix), a
                            984 ;	genMove_o size 2 result type 6 source type 1 a_dead 1 hl_dead 1 de_dead 1 iy_dead 1 f_dead 1
   0550 AF            [ 4]  985 	xor	a, a
   0551 DD 77 F6      [19]  986 	ld	-10 (ix), a
   0554 DD 77 F7      [19]  987 	ld	-9 (ix), a
   0557 06 04         [ 7]  988 	ld	b, #0x04
   0559                     989 00263$:
   0559 DD CB F8 26   [23]  990 	sla	-8 (ix)
   055D DD CB F9 16   [23]  991 	rl	-7 (ix)
   0561 DD CB FA 16   [23]  992 	rl	-6 (ix)
                            993 ; common peephole 159 removed unused label 00264$.
   0565 10 F2         [13]  994 	djnz	00263$
   0567 DD 7E FA      [19]  995 	ld	a, -6 (ix)
   056A E6 01         [ 7]  996 	and	a, #0x01
   056C DD 77 FA      [19]  997 	ld	-6 (ix), a
                            998 ;	genMove_o size 5 result type 6 source type 6 a_dead 1 hl_dead 1 de_dead 1 iy_dead 1 f_dead 1
                            999 ;	genRightShift
                           1000 ;	genMove_o size 4 result type 6 source type 10 a_dead 1 hl_dead 1 de_dead 1 iy_dead 1 f_dead 1
   056F 3Ar01s00      [13] 1001 	ld	a, (_testRot_t1_10000_13+1)
   0572 DD 77 FB      [19] 1002 	ld	-5 (ix), a
   0575 3Ar02s00      [13] 1003 	ld	a, (_testRot_t1_10000_13+2)
   0578 DD 77 FC      [19] 1004 	ld	-4 (ix), a
   057B 3Ar03s00      [13] 1005 	ld	a, (_testRot_t1_10000_13+3)
   057E DD 77 FD      [19] 1006 	ld	-3 (ix), a
   0581 3Ar04s00      [13] 1007 	ld	a, (_testRot_t1_10000_13+4)
   0584 DD 77 FE      [19] 1008 	ld	-2 (ix), a
                           1009 ;	genMove_o size 1 result type 6 source type 1 a_dead 1 hl_dead 1 de_dead 0 iy_dead 1 f_dead 1
   0587 DD 36 FF 00   [19] 1010 	ld	-1 (ix), #0x00
   058B 06 05         [ 7] 1011 	ld	b, #0x05
   058D                    1012 00265$:
   058D DD CB FE 3E   [23] 1013 	srl	-2 (ix)
   0591 DD CB FD 1E   [23] 1014 	rr	-3 (ix)
   0595 DD CB FC 1E   [23] 1015 	rr	-4 (ix)
   0599 DD CB FB 1E   [23] 1016 	rr	-5 (ix)
                           1017 ; common peephole 159 removed unused label 00266$.
   059D 10 EE         [13] 1018 	djnz	00265$
                           1019 ;	genMove_o size 5 result type 6 source type 6 a_dead 1 hl_dead 1 de_dead 1 iy_dead 1 f_dead 1
                           1020 ;	genOr
                           1021 ;	genMove_o size 2 result type 10 source type 6 a_dead 1 hl_dead 1 de_dead 1 iy_dead 1 f_dead 1
   059F DD 7E FB      [19] 1022 	ld	a, -5 (ix)
   05A2 32r00s00      [13] 1023 	ld	(_testRot_t1_10000_13+0), a
   05A5 DD 7E FC      [19] 1024 	ld	a, -4 (ix)
   05A8 32r01s00      [13] 1025 	ld	(_testRot_t1_10000_13+1), a
   05AB DD 7E F8      [19] 1026 	ld	a, -8 (ix)
   05AE DD B6 FD      [19] 1027 	or	a, -3 (ix)
                           1028 ;	genMove_o size 1 result type 10 source type 2 a_dead 1 hl_dead 1 de_dead 1 iy_dead 1 f_dead 1
   05B1 32r02s00      [13] 1029 	ld	(_testRot_t1_10000_13+2), a
                           1030 ;	genMove_o size 2 result type 10 source type 6 a_dead 1 hl_dead 1 de_dead 1 iy_dead 1 f_dead 1
   05B4 DD 7E F9      [19] 1031 	ld	a, -7 (ix)
   05B7 32r03s00      [13] 1032 	ld	(_testRot_t1_10000_13+3), a
   05BA DD 7E FA      [19] 1033 	ld	a, -6 (ix)
   05BD 32r04s00      [13] 1034 	ld	(_testRot_t1_10000_13+4), a
                           1035 ;cases/bitintrot/bitintrot_width_33_dist_20_storage_static.c:51: t2 = ROL(t2);
                           1036 ;	genLeftShift
                           1037 ;	genMove_o size 3 result type 6 source type 10 a_dead 1 hl_dead 1 de_dead 1 iy_dead 1 f_dead 1
   05C0 3Ar05s00      [13] 1038 	ld	a, (_testRot_t2_10000_13+0)
   05C3 DD 77 F8      [19] 1039 	ld	-8 (ix), a
   05C6 3Ar06s00      [13] 1040 	ld	a, (_testRot_t2_10000_13+1)
   05C9 DD 77 F9      [19] 1041 	ld	-7 (ix), a
   05CC 3Ar07s00      [13] 1042 	ld	a, (_testRot_t2_10000_13+2)
   05CF DD 77 FA      [19] 1043 	ld	-6 (ix), a
                           1044 ;	genMove_o size 2 result type 6 source type 1 a_dead 1 hl_dead 1 de_dead 1 iy_dead 1 f_dead 1
   05D2 AF            [ 4] 1045 	xor	a, a
   05D3 DD 77 F6      [19] 1046 	ld	-10 (ix), a
   05D6 DD 77 F7      [19] 1047 	ld	-9 (ix), a
   05D9 06 04         [ 7] 1048 	ld	b, #0x04
   05DB                    1049 00267$:
   05DB DD CB F8 26   [23] 1050 	sla	-8 (ix)
   05DF DD CB F9 16   [23] 1051 	rl	-7 (ix)
   05E3 DD CB FA 16   [23] 1052 	rl	-6 (ix)
                           1053 ; common peephole 159 removed unused label 00268$.
   05E7 10 F2         [13] 1054 	djnz	00267$
   05E9 DD 7E FA      [19] 1055 	ld	a, -6 (ix)
   05EC E6 01         [ 7] 1056 	and	a, #0x01
   05EE DD 77 FA      [19] 1057 	ld	-6 (ix), a
                           1058 ;	genMove_o size 5 result type 6 source type 6 a_dead 1 hl_dead 1 de_dead 1 iy_dead 1 f_dead 1
                           1059 ;	genRightShift
                           1060 ;	genMove_o size 4 result type 6 source type 10 a_dead 1 hl_dead 1 de_dead 1 iy_dead 1 f_dead 1
   05F1 3Ar06s00      [13] 1061 	ld	a, (_testRot_t2_10000_13+1)
   05F4 DD 77 FB      [19] 1062 	ld	-5 (ix), a
   05F7 3Ar07s00      [13] 1063 	ld	a, (_testRot_t2_10000_13+2)
   05FA DD 77 FC      [19] 1064 	ld	-4 (ix), a
   05FD 3Ar08s00      [13] 1065 	ld	a, (_testRot_t2_10000_13+3)
   0600 DD 77 FD      [19] 1066 	ld	-3 (ix), a
   0603 3Ar09s00      [13] 1067 	ld	a, (_testRot_t2_10000_13+4)
   0606 DD 77 FE      [19] 1068 	ld	-2 (ix), a
                           1069 ;	genMove_o size 1 result type 6 source type 1 a_dead 1 hl_dead 1 de_dead 0 iy_dead 1 f_dead 1
   0609 DD 36 FF 00   [19] 1070 	ld	-1 (ix), #0x00
   060D 06 05         [ 7] 1071 	ld	b, #0x05
   060F                    1072 00269$:
   060F DD CB FE 3E   [23] 1073 	srl	-2 (ix)
   0613 DD CB FD 1E   [23] 1074 	rr	-3 (ix)
   0617 DD CB FC 1E   [23] 1075 	rr	-4 (ix)
   061B DD CB FB 1E   [23] 1076 	rr	-5 (ix)
                           1077 ; common peephole 159 removed unused label 00270$.
   061F 10 EE         [13] 1078 	djnz	00269$
                           1079 ;	genMove_o size 5 result type 6 source type 6 a_dead 1 hl_dead 1 de_dead 1 iy_dead 1 f_dead 1
                           1080 ;	genOr
                           1081 ;	genMove_o size 2 result type 10 source type 6 a_dead 1 hl_dead 1 de_dead 1 iy_dead 1 f_dead 1
   0621 DD 7E FB      [19] 1082 	ld	a, -5 (ix)
   0624 32r05s00      [13] 1083 	ld	(_testRot_t2_10000_13+0), a
   0627 DD 7E FC      [19] 1084 	ld	a, -4 (ix)
   062A 32r06s00      [13] 1085 	ld	(_testRot_t2_10000_13+1), a
   062D DD 7E F8      [19] 1086 	ld	a, -8 (ix)
   0630 DD B6 FD      [19] 1087 	or	a, -3 (ix)
                           1088 ;	genMove_o size 1 result type 10 source type 2 a_dead 1 hl_dead 1 de_dead 1 iy_dead 1 f_dead 1
   0633 32r07s00      [13] 1089 	ld	(_testRot_t2_10000_13+2), a
                           1090 ;	genMove_o size 2 result type 10 source type 6 a_dead 1 hl_dead 1 de_dead 1 iy_dead 1 f_dead 1
   0636 DD 7E F9      [19] 1091 	ld	a, -7 (ix)
   0639 32r08s00      [13] 1092 	ld	(_testRot_t2_10000_13+3), a
   063C DD 7E FA      [19] 1093 	ld	a, -6 (ix)
   063F 32r09s00      [13] 1094 	ld	(_testRot_t2_10000_13+4), a
                           1095 ;cases/bitintrot/bitintrot_width_33_dist_20_storage_static.c:52: ASSERT (t1 == ROL (TESTVECT1));
                           1096 ;	genPlus
                           1097 ;	genMove_o size 2 result type 2 source type 10 a_dead 1 hl_dead 1 de_dead 1 iy_dead 1 f_dead 1
   0642 2Ar00s00      [16] 1098 	ld	hl, (___numTests)
   0645 23            [ 6] 1099 	inc	hl
                           1100 ;	genMove_o size 2 result type 10 source type 2 a_dead 1 hl_dead 1 de_dead 1 iy_dead 1 f_dead 1
   0646 22r00s00      [16] 1101 	ld	(___numTests), hl
                           1102 ;	genCmpEq
   0649 3Ar00s00      [13] 1103 	ld	a, (_testRot_t1_10000_13+0)
   064C B7            [ 4] 1104 	or	a, a
   064D FD 21r00s00   [14] 1105 	ld	iy, #_testRot_t1_10000_13
   0651 FD B6 01      [19] 1106 	or	a, 1 (iy)
                           1107 ; common peephole 163 changed absolute to relative conditional jump.
   0654 20 11         [12] 1108 	jr	nz, 00271$
                           1109 ;	genMove_o size 1 result type 2 source type 10 a_dead 1 hl_dead 1 de_dead 0 iy_dead 0 f_dead 1
   0656 3Ar02s00      [13] 1110 	ld	a, (_testRot_t1_10000_13 + 2)
   0659 D6 50         [ 7] 1111 	sub	a, #0x50
                           1112 ; common peephole 163 changed absolute to relative conditional jump.
   065B 20 0A         [12] 1113 	jr	nz, 00271$
                           1114 ;	genMove_o size 1 result type 2 source type 10 a_dead 1 hl_dead 1 de_dead 0 iy_dead 0 f_dead 1
   065D 3Ar03s00      [13] 1115 	ld	a, (_testRot_t1_10000_13 + 3)
   0660 D6 0A         [ 7] 1116 	sub	a, #0x0a
   0662 FD B6 04      [19] 1117 	or	a, 4 (iy)
                           1118 ; common peephole 163 changed absolute to relative conditional jump.
   0665 28 11         [12] 1119 	jr	z, 00120$
                           1120 ; common peephole 81 removed jp by using inverse jump logic
   0667                    1121 00271$:
                           1122 ;	skipping generated iCode
                           1123 ;	skipping iCode since result will be rematerialized
                           1124 ;	skipping iCode since result will be rematerialized
                           1125 ;	skipping iCode since result will be rematerialized
                           1126 ;	skipping iCode since result will be rematerialized
                           1127 ;	skipping iCode since result will be rematerialized
                           1128 ;	skipping iCode since result will be rematerialized
                           1129 ;	genIpush
                           1130 ;	genMove_o size 2 result type 2 source type 1 a_dead 1 hl_dead 1 de_dead 1 iy_dead 1 f_dead 1
   0667 21 34 00      [10] 1131 	ld	hl, #0x0034
   066A E5            [11] 1132 	push	hl
                           1133 ;	genIpush
                           1134 ;	genMove_o size 2 result type 2 source type 7 a_dead 1 hl_dead 1 de_dead 1 iy_dead 1 f_dead 1
   066B 21r47s08      [10] 1135 	ld	hl, #___str_2
   066E E5            [11] 1136 	push	hl
                           1137 ;	genSend
                           1138 ;	genMove_o size 2 result type 2 source type 7 a_dead 1 hl_dead 1 de_dead 1 iy_dead 1 f_dead 1
   066F 11r53s09      [10] 1139 	ld	de, #___str_10
                           1140 ;	genSend
                           1141 ;	genMove_o size 2 result type 2 source type 7 a_dead 1 hl_dead 1 de_dead 0 iy_dead 1 f_dead 1
   0672 21r1As08      [10] 1142 	ld	hl, #___str_0
                           1143 ;	genCall
   0675 CDr00s00      [17] 1144 	call	___fail
                           1145 ;	genLabel
   0678                    1146 00120$:
                           1147 ;cases/bitintrot/bitintrot_width_33_dist_20_storage_static.c:53: ASSERT (t2 == ROL (TESTVECT2));
                           1148 ;	genPlus
                           1149 ;	genMove_o size 2 result type 2 source type 10 a_dead 1 hl_dead 1 de_dead 1 iy_dead 1 f_dead 1
   0678 2Ar00s00      [16] 1150 	ld	hl, (___numTests)
   067B 23            [ 6] 1151 	inc	hl
                           1152 ;	genMove_o size 2 result type 10 source type 2 a_dead 1 hl_dead 1 de_dead 1 iy_dead 1 f_dead 1
   067C 22r00s00      [16] 1153 	ld	(___numTests), hl
                           1154 ;	genCmpEq
                           1155 ;	genMove_o size 1 result type 2 source type 10 a_dead 1 hl_dead 1 de_dead 0 iy_dead 0 f_dead 1
   067F 3Ar05s00      [13] 1156 	ld	a, (_testRot_t2_10000_13)
   0682 D6 05         [ 7] 1157 	sub	a, #0x05
   0684 FD 21r05s00   [14] 1158 	ld	iy, #_testRot_t2_10000_13
   0688 FD B6 01      [19] 1159 	or	a, 1 (iy)
                           1160 ; common peephole 163 changed absolute to relative conditional jump.
   068B 20 11         [12] 1161 	jr	nz, 00272$
                           1162 ;	genMove_o size 1 result type 2 source type 10 a_dead 1 hl_dead 1 de_dead 0 iy_dead 0 f_dead 1
   068D 3Ar07s00      [13] 1163 	ld	a, (_testRot_t2_10000_13 + 2)
   0690 D6 50         [ 7] 1164 	sub	a, #0x50
                           1165 ; common peephole 163 changed absolute to relative conditional jump.
   0692 20 0A         [12] 1166 	jr	nz, 00272$
                           1167 ;	genMove_o size 1 result type 2 source type 10 a_dead 1 hl_dead 1 de_dead 0 iy_dead 0 f_dead 1
   0694 3Ar08s00      [13] 1168 	ld	a, (_testRot_t2_10000_13 + 3)
   0697 D6 A5         [ 7] 1169 	sub	a, #0xa5
   0699 FD B6 04      [19] 1170 	or	a, 4 (iy)
                           1171 ; common peephole 163 changed absolute to relative conditional jump.
   069C 28 11         [12] 1172 	jr	z, 00122$
                           1173 ; common peephole 81 removed jp by using inverse jump logic
   069E                    1174 00272$:
                           1175 ;	skipping generated iCode
                           1176 ;	skipping iCode since result will be rematerialized
                           1177 ;	skipping iCode since result will be rematerialized
                           1178 ;	skipping iCode since result will be rematerialized
                           1179 ;	skipping iCode since result will be rematerialized
                           1180 ;	skipping iCode since result will be rematerialized
                           1181 ;	skipping iCode since result will be rematerialized
                           1182 ;	genIpush
                           1183 ;	genMove_o size 2 result type 2 source type 1 a_dead 1 hl_dead 1 de_dead 1 iy_dead 1 f_dead 1
   069E 21 35 00      [10] 1184 	ld	hl, #0x0035
   06A1 E5            [11] 1185 	push	hl
                           1186 ;	genIpush
                           1187 ;	genMove_o size 2 result type 2 source type 7 a_dead 1 hl_dead 1 de_dead 1 iy_dead 1 f_dead 1
   06A2 21r47s08      [10] 1188 	ld	hl, #___str_2
   06A5 E5            [11] 1189 	push	hl
                           1190 ;	genSend
                           1191 ;	genMove_o size 2 result type 2 source type 7 a_dead 1 hl_dead 1 de_dead 1 iy_dead 1 f_dead 1
   06A6 11r69s09      [10] 1192 	ld	de, #___str_11
                           1193 ;	genSend
                           1194 ;	genMove_o size 2 result type 2 source type 7 a_dead 1 hl_dead 1 de_dead 0 iy_dead 1 f_dead 1
   06A9 21r1As08      [10] 1195 	ld	hl, #___str_0
                           1196 ;	genCall
   06AC CDr00s00      [17] 1197 	call	___fail
                           1198 ;	genLabel
   06AF                    1199 00122$:
                           1200 ;cases/bitintrot/bitintrot_width_33_dist_20_storage_static.c:55: t1 = ROR(t1);
                           1201 ;	genRightShift
                           1202 ;	genMove_o size 3 result type 6 source type 10 a_dead 1 hl_dead 1 de_dead 1 iy_dead 1 f_dead 1
   06AF 3Ar02s00      [13] 1203 	ld	a, (_testRot_t1_10000_13+2)
   06B2 DD 77 F6      [19] 1204 	ld	-10 (ix), a
   06B5 3Ar03s00      [13] 1205 	ld	a, (_testRot_t1_10000_13+3)
   06B8 DD 77 F7      [19] 1206 	ld	-9 (ix), a
   06BB 3Ar04s00      [13] 1207 	ld	a, (_testRot_t1_10000_13+4)
   06BE DD 77 F8      [19] 1208 	ld	-8 (ix), a
                           1209 ;	genMove_o size 2 result type 6 source type 1 a_dead 1 hl_dead 1 de_dead 0 iy_dead 1 f_dead 1
   06C1 AF            [ 4] 1210 	xor	a, a
   06C2 DD 77 F9      [19] 1211 	ld	-7 (ix), a
   06C5 DD 77 FA      [19] 1212 	ld	-6 (ix), a
   06C8 06 04         [ 7] 1213 	ld	b, #0x04
   06CA                    1214 00273$:
   06CA DD CB F8 3E   [23] 1215 	srl	-8 (ix)
   06CE DD CB F7 1E   [23] 1216 	rr	-9 (ix)
   06D2 DD CB F6 1E   [23] 1217 	rr	-10 (ix)
                           1218 ; common peephole 159 removed unused label 00274$.
   06D6 10 F2         [13] 1219 	djnz	00273$
                           1220 ;	genMove_o size 5 result type 6 source type 6 a_dead 1 hl_dead 1 de_dead 1 iy_dead 1 f_dead 1
                           1221 ;	genLeftShift
                           1222 ;	genMove_o size 4 result type 6 source type 10 a_dead 1 hl_dead 1 de_dead 1 iy_dead 1 f_dead 1
   06D8 3Ar00s00      [13] 1223 	ld	a, (_testRot_t1_10000_13+0)
   06DB DD 77 FC      [19] 1224 	ld	-4 (ix), a
   06DE 3Ar01s00      [13] 1225 	ld	a, (_testRot_t1_10000_13+1)
   06E1 DD 77 FD      [19] 1226 	ld	-3 (ix), a
   06E4 3Ar02s00      [13] 1227 	ld	a, (_testRot_t1_10000_13+2)
   06E7 DD 77 FE      [19] 1228 	ld	-2 (ix), a
   06EA 3Ar03s00      [13] 1229 	ld	a, (_testRot_t1_10000_13+3)
   06ED DD 77 FF      [19] 1230 	ld	-1 (ix), a
                           1231 ;	genMove_o size 1 result type 6 source type 1 a_dead 1 hl_dead 1 de_dead 1 iy_dead 1 f_dead 1
   06F0 DD 36 FB 00   [19] 1232 	ld	-5 (ix), #0x00
   06F4 06 05         [ 7] 1233 	ld	b, #0x05
   06F6                    1234 00275$:
   06F6 DD CB FC 26   [23] 1235 	sla	-4 (ix)
   06FA DD CB FD 16   [23] 1236 	rl	-3 (ix)
   06FE DD CB FE 16   [23] 1237 	rl	-2 (ix)
   0702 DD CB FF 16   [23] 1238 	rl	-1 (ix)
                           1239 ; common peephole 159 removed unused label 00276$.
   0706 10 EE         [13] 1240 	djnz	00275$
   0708 DD 7E FF      [19] 1241 	ld	a, -1 (ix)
   070B E6 01         [ 7] 1242 	and	a, #0x01
   070D DD 77 FF      [19] 1243 	ld	-1 (ix), a
                           1244 ;	genMove_o size 5 result type 6 source type 6 a_dead 1 hl_dead 1 de_dead 1 iy_dead 1 f_dead 1
                           1245 ;	genOr
                           1246 ;	genMove_o size 1 result type 10 source type 6 a_dead 1 hl_dead 1 de_dead 1 iy_dead 1 f_dead 1
   0710 DD 7E F6      [19] 1247 	ld	a, -10 (ix)
   0713 32r00s00      [13] 1248 	ld	(_testRot_t1_10000_13+0), a
   0716 DD 7E F7      [19] 1249 	ld	a, -9 (ix)
   0719 DD B6 FC      [19] 1250 	or	a, -4 (ix)
                           1251 ;	genMove_o size 1 result type 10 source type 2 a_dead 1 hl_dead 1 de_dead 1 iy_dead 1 f_dead 1
   071C 32r01s00      [13] 1252 	ld	(_testRot_t1_10000_13+1), a
                           1253 ;	genMove_o size 3 result type 10 source type 6 a_dead 1 hl_dead 1 de_dead 1 iy_dead 1 f_dead 1
   071F DD 7E FD      [19] 1254 	ld	a, -3 (ix)
   0722 32r02s00      [13] 1255 	ld	(_testRot_t1_10000_13+2), a
   0725 DD 7E FE      [19] 1256 	ld	a, -2 (ix)
   0728 32r03s00      [13] 1257 	ld	(_testRot_t1_10000_13+3), a
   072B DD 7E FF      [19] 1258 	ld	a, -1 (ix)
   072E 32r04s00      [13] 1259 	ld	(_testRot_t1_10000_13+4), a
                           1260 ;cases/bitintrot/bitintrot_width_33_dist_20_storage_static.c:56: t2 = ROR(t2);
                           1261 ;	genRightShift
                           1262 ;	genMove_o size 3 result type 6 source type 10 a_dead 1 hl_dead 1 de_dead 1 iy_dead 1 f_dead 1
   0731 3Ar07s00      [13] 1263 	ld	a, (_testRot_t2_10000_13+2)
   0734 DD 77 F6      [19] 1264 	ld	-10 (ix), a
   0737 3Ar08s00      [13] 1265 	ld	a, (_testRot_t2_10000_13+3)
   073A DD 77 F7      [19] 1266 	ld	-9 (ix), a
   073D 3Ar09s00      [13] 1267 	ld	a, (_testRot_t2_10000_13+4)
   0740 DD 77 F8      [19] 1268 	ld	-8 (ix), a
                           1269 ;	genMove_o size 2 result type 6 source type 1 a_dead 1 hl_dead 1 de_dead 0 iy_dead 1 f_dead 1
   0743 AF            [ 4] 1270 	xor	a, a
   0744 DD 77 F9      [19] 1271 	ld	-7 (ix), a
   0747 DD 77 FA      [19] 1272 	ld	-6 (ix), a
   074A 06 04         [ 7] 1273 	ld	b, #0x04
   074C                    1274 00277$:
   074C DD CB F8 3E   [23] 1275 	srl	-8 (ix)
   0750 DD CB F7 1E   [23] 1276 	rr	-9 (ix)
   0754 DD CB F6 1E   [23] 1277 	rr	-10 (ix)
                           1278 ; common peephole 159 removed unused label 00278$.
   0758 10 F2         [13] 1279 	djnz	00277$
                           1280 ;	genMove_o size 5 result type 6 source type 6 a_dead 1 hl_dead 1 de_dead 1 iy_dead 1 f_dead 1
                           1281 ;	genLeftShift
                           1282 ;	genMove_o size 4 result type 6 source type 10 a_dead 1 hl_dead 1 de_dead 1 iy_dead 1 f_dead 1
   075A 3Ar05s00      [13] 1283 	ld	a, (_testRot_t2_10000_13+0)
   075D DD 77 FC      [19] 1284 	ld	-4 (ix), a
   0760 3Ar06s00      [13] 1285 	ld	a, (_testRot_t2_10000_13+1)
   0763 DD 77 FD      [19] 1286 	ld	-3 (ix), a
   0766 3Ar07s00      [13] 1287 	ld	a, (_testRot_t2_10000_13+2)
   0769 DD 77 FE      [19] 1288 	ld	-2 (ix), a
   076C 3Ar08s00      [13] 1289 	ld	a, (_testRot_t2_10000_13+3)
   076F DD 77 FF      [19] 1290 	ld	-1 (ix), a
                           1291 ;	genMove_o size 1 result type 6 source type 1 a_dead 1 hl_dead 1 de_dead 1 iy_dead 1 f_dead 1
   0772 DD 36 FB 00   [19] 1292 	ld	-5 (ix), #0x00
   0776 06 05         [ 7] 1293 	ld	b, #0x05
   0778                    1294 00279$:
   0778 DD CB FC 26   [23] 1295 	sla	-4 (ix)
   077C DD CB FD 16   [23] 1296 	rl	-3 (ix)
   0780 DD CB FE 16   [23] 1297 	rl	-2 (ix)
   0784 DD CB FF 16   [23] 1298 	rl	-1 (ix)
                           1299 ; common peephole 159 removed unused label 00280$.
   0788 10 EE         [13] 1300 	djnz	00279$
   078A DD 7E FF      [19] 1301 	ld	a, -1 (ix)
   078D E6 01         [ 7] 1302 	and	a, #0x01
   078F DD 77 FF      [19] 1303 	ld	-1 (ix), a
                           1304 ;	genMove_o size 5 result type 6 source type 6 a_dead 1 hl_dead 1 de_dead 1 iy_dead 1 f_dead 1
                           1305 ;	genOr
                           1306 ;	genMove_o size 1 result type 10 source type 6 a_dead 1 hl_dead 1 de_dead 1 iy_dead 1 f_dead 1
   0792 DD 7E F6      [19] 1307 	ld	a, -10 (ix)
   0795 32r05s00      [13] 1308 	ld	(_testRot_t2_10000_13+0), a
   0798 DD 7E F7      [19] 1309 	ld	a, -9 (ix)
   079B DD B6 FC      [19] 1310 	or	a, -4 (ix)
                           1311 ;	genMove_o size 1 result type 10 source type 2 a_dead 1 hl_dead 1 de_dead 1 iy_dead 1 f_dead 1
   079E 32r06s00      [13] 1312 	ld	(_testRot_t2_10000_13+1), a
                           1313 ;	genMove_o size 3 result type 10 source type 6 a_dead 1 hl_dead 1 de_dead 1 iy_dead 1 f_dead 1
   07A1 DD 7E FD      [19] 1314 	ld	a, -3 (ix)
   07A4 32r07s00      [13] 1315 	ld	(_testRot_t2_10000_13+2), a
   07A7 DD 7E FE      [19] 1316 	ld	a, -2 (ix)
   07AA 32r08s00      [13] 1317 	ld	(_testRot_t2_10000_13+3), a
   07AD DD 7E FF      [19] 1318 	ld	a, -1 (ix)
   07B0 32r09s00      [13] 1319 	ld	(_testRot_t2_10000_13+4), a
                           1320 ;cases/bitintrot/bitintrot_width_33_dist_20_storage_static.c:57: ASSERT (t1 == TESTVECT1);
                           1321 ;	genPlus
                           1322 ;	genMove_o size 2 result type 2 source type 10 a_dead 1 hl_dead 1 de_dead 1 iy_dead 1 f_dead 1
   07B3 2Ar00s00      [16] 1323 	ld	hl, (___numTests)
   07B6 23            [ 6] 1324 	inc	hl
                           1325 ;	genMove_o size 2 result type 10 source type 2 a_dead 1 hl_dead 1 de_dead 1 iy_dead 1 f_dead 1
   07B7 22r00s00      [16] 1326 	ld	(___numTests), hl
                           1327 ;	genCmpEq
                           1328 ;	genMove_o size 1 result type 2 source type 10 a_dead 1 hl_dead 1 de_dead 0 iy_dead 0 f_dead 1
   07BA 3Ar00s00      [13] 1329 	ld	a, (_testRot_t1_10000_13)
   07BD D6 A5         [ 7] 1330 	sub	a, #0xa5
   07BF FD 21r00s00   [14] 1331 	ld	iy, #_testRot_t1_10000_13
   07C3 FD B6 01      [19] 1332 	or	a, 1 (iy)
   07C6 FD B6 02      [19] 1333 	or	a, 2 (iy)
   07C9 FD B6 03      [19] 1334 	or	a, 3 (iy)
   07CC FD B6 04      [19] 1335 	or	a, 4 (iy)
                           1336 ; common peephole 163 changed absolute to relative conditional jump.
   07CF 28 11         [12] 1337 	jr	z, 00124$
                           1338 ; common peephole 81 removed jp by using inverse jump logic
                           1339 ; common peephole 159 removed unused label 00281$.
                           1340 ;	skipping generated iCode
                           1341 ;	skipping iCode since result will be rematerialized
                           1342 ;	skipping iCode since result will be rematerialized
                           1343 ;	skipping iCode since result will be rematerialized
                           1344 ;	skipping iCode since result will be rematerialized
                           1345 ;	skipping iCode since result will be rematerialized
                           1346 ;	skipping iCode since result will be rematerialized
                           1347 ;	genIpush
                           1348 ;	genMove_o size 2 result type 2 source type 1 a_dead 1 hl_dead 1 de_dead 1 iy_dead 1 f_dead 1
   07D1 21 39 00      [10] 1349 	ld	hl, #0x0039
   07D4 E5            [11] 1350 	push	hl
                           1351 ;	genIpush
                           1352 ;	genMove_o size 2 result type 2 source type 7 a_dead 1 hl_dead 1 de_dead 1 iy_dead 1 f_dead 1
   07D5 21r47s08      [10] 1353 	ld	hl, #___str_2
   07D8 E5            [11] 1354 	push	hl
                           1355 ;	genSend
                           1356 ;	genMove_o size 2 result type 2 source type 7 a_dead 1 hl_dead 1 de_dead 1 iy_dead 1 f_dead 1
   07D9 11r7Fs09      [10] 1357 	ld	de, #___str_12
                           1358 ;	genSend
                           1359 ;	genMove_o size 2 result type 2 source type 7 a_dead 1 hl_dead 1 de_dead 0 iy_dead 1 f_dead 1
   07DC 21r1As08      [10] 1360 	ld	hl, #___str_0
                           1361 ;	genCall
   07DF CDr00s00      [17] 1362 	call	___fail
                           1363 ;	genLabel
   07E2                    1364 00124$:
                           1365 ;cases/bitintrot/bitintrot_width_33_dist_20_storage_static.c:58: ASSERT (t2 == TESTVECT2);
                           1366 ;	genPlus
                           1367 ;	genMove_o size 2 result type 2 source type 10 a_dead 1 hl_dead 1 de_dead 1 iy_dead 1 f_dead 1
   07E2 2Ar00s00      [16] 1368 	ld	hl, (___numTests)
   07E5 23            [ 6] 1369 	inc	hl
                           1370 ;	genMove_o size 2 result type 10 source type 2 a_dead 1 hl_dead 1 de_dead 1 iy_dead 1 f_dead 1
   07E6 22r00s00      [16] 1371 	ld	(___numTests), hl
                           1372 ;	genCmpEq
                           1373 ;	genMove_o size 1 result type 2 source type 10 a_dead 1 hl_dead 1 de_dead 0 iy_dead 0 f_dead 1
   07E9 3Ar05s00      [13] 1374 	ld	a, (_testRot_t2_10000_13)
   07EC D6 55         [ 7] 1375 	sub	a, #0x55
                           1376 ; common peephole 163 changed absolute to relative conditional jump.
   07EE 20 14         [12] 1377 	jr	nz, 00282$
                           1378 ;	genMove_o size 1 result type 2 source type 10 a_dead 1 hl_dead 1 de_dead 0 iy_dead 0 f_dead 1
   07F0 3Ar06s00      [13] 1379 	ld	a, (_testRot_t2_10000_13 + 1)
   07F3 D6 AA         [ 7] 1380 	sub	a, #0xaa
   07F5 FD 21r05s00   [14] 1381 	ld	iy, #_testRot_t2_10000_13
   07F9 FD B6 02      [19] 1382 	or	a, 2 (iy)
   07FC FD B6 03      [19] 1383 	or	a, 3 (iy)
   07FF FD B6 04      [19] 1384 	or	a, 4 (iy)
                           1385 ; common peephole 163 changed absolute to relative conditional jump.
   0802 28 11         [12] 1386 	jr	z, 00101$
                           1387 ; common peephole 81 removed jp by using inverse jump logic
   0804                    1388 00282$:
                           1389 ;	skipping generated iCode
                           1390 ;	skipping iCode since result will be rematerialized
                           1391 ;	skipping iCode since result will be rematerialized
                           1392 ;	skipping iCode since result will be rematerialized
                           1393 ;	skipping iCode since result will be rematerialized
                           1394 ;	skipping iCode since result will be rematerialized
                           1395 ;	skipping iCode since result will be rematerialized
                           1396 ;	genIpush
                           1397 ;	genMove_o size 2 result type 2 source type 1 a_dead 1 hl_dead 1 de_dead 1 iy_dead 1 f_dead 1
   0804 21 3A 00      [10] 1398 	ld	hl, #0x003a
   0807 E5            [11] 1399 	push	hl
                           1400 ;	genIpush
                           1401 ;	genMove_o size 2 result type 2 source type 7 a_dead 1 hl_dead 1 de_dead 1 iy_dead 1 f_dead 1
   0808 21r47s08      [10] 1402 	ld	hl, #___str_2
   080B E5            [11] 1403 	push	hl
                           1404 ;	genSend
                           1405 ;	genMove_o size 2 result type 2 source type 7 a_dead 1 hl_dead 1 de_dead 1 iy_dead 1 f_dead 1
   080C 11r8Fs09      [10] 1406 	ld	de, #___str_13
                           1407 ;	genSend
                           1408 ;	genMove_o size 2 result type 2 source type 7 a_dead 1 hl_dead 1 de_dead 0 iy_dead 1 f_dead 1
   080F 21r1As08      [10] 1409 	ld	hl, #___str_0
                           1410 ;	genCall
   0812 CDr00s00      [17] 1411 	call	___fail
                           1412 ;	genLabel
   0815                    1413 00101$:
                           1414 ;cases/bitintrot/bitintrot_width_33_dist_20_storage_static.c:60: }
                           1415 ;	genEndFunction
   0815 DD F9         [10] 1416 	ld	sp, ix
   0817 DD E1         [14] 1417 	pop	ix
   0819 C9            [10] 1418 	ret
                           1419 ;	Total testRot function size at codegen: 5 bytes.
   081A                    1420 ___str_0:
   081A 41 73 73 65 72 74  1421 	.ascii "Assertion failed"
        69 6F 6E 20 66 61
        69 6C 65 64
   082A 00                 1422 	.db 0x00
   082B                    1423 ___str_1:
   082B 52 4F 4C 20 28 74  1424 	.ascii "ROL (t1) == ROL (TESTVECT1)"
        31 29 20 3D 3D 20
        52 4F 4C 20 28 54
        45 53 54 56 45 43
        54 31 29
   0846 00                 1425 	.db 0x00
   0847                    1426 ___str_2:
   0847 63 61 73 65 73 2F  1427 	.ascii "cases/bitintrot/bitintrot_width_33_dist_20_storage_static.c"
        62 69 74 69 6E 74
        72 6F 74 2F 62 69
        74 69 6E 74 72 6F
        74 5F 77 69 64 74
        68 5F 33 33 5F 64
        69 73 74 5F 32 30
        5F 73 74 6F 72 61
        67 65 5F 73 74 61
        74 69 63 2E 63
   0882 00                 1428 	.db 0x00
   0883                    1429 ___str_3:
   0883 52 4F 4C 20 28 74  1430 	.ascii "ROL (t2) == ROL (TESTVECT2)"
        32 29 20 3D 3D 20
        52 4F 4C 20 28 54
        45 53 54 56 45 43
        54 32 29
   089E 00                 1431 	.db 0x00
   089F                    1432 ___str_4:
   089F 52 4F 52 20 28 74  1433 	.ascii "ROR (t1) == ROR (TESTVECT1)"
        31 29 20 3D 3D 20
        52 4F 52 20 28 54
        45 53 54 56 45 43
        54 31 29
   08BA 00                 1434 	.db 0x00
   08BB                    1435 ___str_5:
   08BB 52 4F 52 20 28 74  1436 	.ascii "ROR (t2) == ROR (TESTVECT2)"
        32 29 20 3D 3D 20
        52 4F 52 20 28 54
        45 53 54 56 45 43
        54 32 29
   08D6 00                 1437 	.db 0x00
   08D7                    1438 ___str_6:
   08D7 4E 52 4F 4C 20 28  1439 	.ascii "NROL (t1) == NROL (TESTVECT1)"
        74 31 29 20 3D 3D
        20 4E 52 4F 4C 20
        28 54 45 53 54 56
        45 43 54 31 29
   08F4 00                 1440 	.db 0x00
   08F5                    1441 ___str_7:
   08F5 4E 52 4F 4C 20 28  1442 	.ascii "NROL (t2) == NROL (TESTVECT2)"
        74 32 29 20 3D 3D
        20 4E 52 4F 4C 20
        28 54 45 53 54 56
        45 43 54 32 29
   0912 00                 1443 	.db 0x00
   0913                    1444 ___str_8:
   0913 4E 52 4F 4C 32 20  1445 	.ascii "NROL2 (t1) == NROL2 (TESTVECT1)"
        28 74 31 29 20 3D
        3D 20 4E 52 4F 4C
        32 20 28 54 45 53
        54 56 45 43 54 31
        29
   0932 00                 1446 	.db 0x00
   0933                    1447 ___str_9:
   0933 4E 52 4F 4C 32 20  1448 	.ascii "NROL2 (t2) == NROL2 (TESTVECT2)"
        28 74 32 29 20 3D
        3D 20 4E 52 4F 4C
        32 20 28 54 45 53
        54 56 45 43 54 32
        29
   0952 00                 1449 	.db 0x00
   0953                    1450 ___str_10:
   0953 74 31 20 3D 3D 20  1451 	.ascii "t1 == ROL (TESTVECT1)"
        52 4F 4C 20 28 54
        45 53 54 56 45 43
        54 31 29
   0968 00                 1452 	.db 0x00
   0969                    1453 ___str_11:
   0969 74 32 20 3D 3D 20  1454 	.ascii "t2 == ROL (TESTVECT2)"
        52 4F 4C 20 28 54
        45 53 54 56 45 43
        54 32 29
   097E 00                 1455 	.db 0x00
   097F                    1456 ___str_12:
   097F 74 31 20 3D 3D 20  1457 	.ascii "t1 == TESTVECT1"
        54 45 53 54 56 45
        43 54 31
   098E 00                 1458 	.db 0x00
   098F                    1459 ___str_13:
   098F 74 32 20 3D 3D 20  1460 	.ascii "t2 == TESTVECT2"
        54 45 53 54 56 45
        43 54 32
   099E 00                 1461 	.db 0x00
                           1462 ;cases/bitintrot/bitintrot_width_33_dist_20_storage_static.c:64: __runSuite(void)
                           1463 ;	genLabel
                           1464 ;	genFunction
                           1465 ;	---------------------------------
                           1466 ; Function __runSuite
                           1467 ; ---------------------------------
                           1468 ;	Register assignment is optimal.
                           1469 ; Stack space usage: 0 bytes.
   099F                    1470 ___runSuite::
                           1471 ;cases/bitintrot/bitintrot_width_33_dist_20_storage_static.c:66: __prints("Running testRot\n");
                           1472 ;	skipping iCode since result will be rematerialized
                           1473 ;	skipping iCode since result will be rematerialized
                           1474 ;	genSend
                           1475 ;	genMove_o size 2 result type 2 source type 7 a_dead 1 hl_dead 1 de_dead 1 iy_dead 1 f_dead 1
   099F 21rA8s09      [10] 1476 	ld	hl, #___str_14
                           1477 ;	genCall
   09A2 CDr00s00      [17] 1478 	call	___prints
                           1479 ;cases/bitintrot/bitintrot_width_33_dist_20_storage_static.c:67: testRot();
                           1480 ;	genCall
                           1481 ;	genLabel
                           1482 ; common peephole 159 removed unused label 00101$.
                           1483 ;cases/bitintrot/bitintrot_width_33_dist_20_storage_static.c:68: }
                           1484 ;	genEndFunction
   09A5 C3r00s00      [10] 1485 	jp	_testRot
                           1486 ; common peephole 152 removed unused ret.
                           1487 ;	Total __runSuite function size at codegen: 1 bytes.
   09A8                    1488 ___str_14:
   09A8 52 75 6E 6E 69 6E  1489 	.ascii "Running testRot"
        67 20 74 65 73 74
        52 6F 74
   09B7 0A                 1490 	.db 0x0a
   09B8 00                 1491 	.db 0x00
                           1492 ;cases/bitintrot/bitintrot_width_33_dist_20_storage_static.c:73: __getSuiteName(void)
                           1493 ;	genLabel
                           1494 ;	genFunction
                           1495 ;	---------------------------------
                           1496 ; Function __getSuiteName
                           1497 ; ---------------------------------
                           1498 ;	Register assignment is optimal.
                           1499 ; Stack space usage: 0 bytes.
   09B9                    1500 ___getSuiteName::
                           1501 ;cases/bitintrot/bitintrot_width_33_dist_20_storage_static.c:75: return "bitintrot_width_33_dist_20_storage_static";
                           1502 ;	skipping iCode since result will be rematerialized
                           1503 ;	skipping iCode since result will be rematerialized
                           1504 ;	genRet
                           1505 ;	genMove_o size 2 result type 2 source type 7 a_dead 1 hl_dead 1 de_dead 1 iy_dead 1 f_dead 1
   09B9 11rBFs09      [10] 1506 	ld	de, #___str_15
                           1507 ;	genLabel
                           1508 ; common peephole 159 removed unused label 00101$.
                           1509 ;cases/bitintrot/bitintrot_width_33_dist_20_storage_static.c:76: }
                           1510 ;	genEndFunction
   09BC C9            [10] 1511 	ret
                           1512 ;	Total __getSuiteName function size at codegen: 1 bytes.
   09BD                    1513 ___numCases:
   09BD 01 00              1514 	.dw #0x0001
   09BF                    1515 ___str_15:
   09BF 62 69 74 69 6E 74  1516 	.ascii "bitintrot_width_33_dist_20_storage_static"
        72 6F 74 5F 77 69
        64 74 68 5F 33 33
        5F 64 69 73 74 5F
        32 30 5F 73 74 6F
        72 61 67 65 5F 73
        74 61 74 69 63
   09E8 00                 1517 	.db 0x00
                           1518 	.area _CODE (BANK=_CSEG)
                           1519 	.area _INITIALIZER
                           1520 	.area _CABS (ABS)
