                              1 ;--------------------------------------------------------
                              2 ; File Created by SDCC : free open source ISO C Compiler
                              3 ; Version 4.6.2 #16710 (Linux)
                              4 ;--------------------------------------------------------
                              5 	.module bitfirstleading_type_unsigned_long
                              6 	
                              7 ;--------------------------------------------------------
                              8 ; Public variables in this module
                              9 ;--------------------------------------------------------
                             10 	.globl _testTrailing
                             11 	.globl ___stdc_first_leading_one
                             12 	.globl ___prints
                             13 	.globl ___fail
                             14 	.globl _i
                             15 	.globl ___numCases
                             16 	.globl ___runSuite
                             17 	.globl ___getSuiteName
                             18 ;--------------------------------------------------------
                             19 ; special function registers
                             20 ;--------------------------------------------------------
                             21 ;--------------------------------------------------------
                             22 ; ram data
                             23 ;--------------------------------------------------------
                             24 	.area _DATA (BANK=_DSEG)
   0000                      25 _i::
   0000                      26 	.ds 4
                             27 ;--------------------------------------------------------
                             28 ; ram data
                             29 ;--------------------------------------------------------
                             30 	.area _INITIALIZED
                             31 ;--------------------------------------------------------
                             32 ; absolute ram data
                             33 ;--------------------------------------------------------
                             34 	.area _DABS (ABS)
                             35 	.area _DABS (ABS)
                             36 ;--------------------------------------------------------
                             37 ; global & static initialisations
                             38 ;--------------------------------------------------------
                             39 	.area _HOME
                             40 	.area _GSINIT
                             41 	.area _GSFINAL
                             42 	.area _GSINIT
                             43 ;--------------------------------------------------------
                             44 ; Home
                             45 ;--------------------------------------------------------
                             46 	.area _HOME (BANK=_CSEG)
                             47 	.area _HOME (BANK=_CSEG)
                             48 ;--------------------------------------------------------
                             49 ; code
                             50 ;--------------------------------------------------------
                             51 	.area _CODE (BANK=_CSEG)
                             52 ;cases/bitfirstleading/bitfirstleading_type_unsigned_long.c:20: testTrailing(void)
                             53 ;	genLabel
                             54 ;	genFunction
                             55 ;	---------------------------------
                             56 ; Function testTrailing
                             57 ; ---------------------------------
                             58 ;	Register assignment might be sub-optimal.
                             59 ; Stack space usage: 8 bytes.
   0000                      60 _testTrailing::
   0000 DD E5         [15]   61 	push	ix
   0002 DD 21 00 00   [14]   62 	ld	ix,	#0
   0006 DD 39         [15]   63 	add	ix, sp
                             64 ;	adjustStack by -8
   0008 21 F8 FF      [10]   65 	ld	hl, #-8
   000B 39            [11]   66 	add	hl, sp
   000C F9            [ 6]   67 	ld	sp, hl
                             68 ;cases/bitfirstleading/bitfirstleading_type_unsigned_long.c:24: i = 0x0;
                             69 ;	genAssign
                             70 ;	genMove_o size 4 result type 10 source type 1 a_dead 1 hl_dead 1 de_dead 1 iy_dead 1 f_dead 1
   000D AF            [ 4]   71 	xor	a, a
   000E 32r00s00      [13]   72 	ld	(_i+0), a
   0011 32r01s00      [13]   73 	ld	(_i+1), a
   0014 32r02s00      [13]   74 	ld	(_i+2), a
   0017 32r03s00      [13]   75 	ld	(_i+3), a
                             76 ;cases/bitfirstleading/bitfirstleading_type_unsigned_long.c:25: ASSERT (stdc_first_leading_one(i) == 0);
                             77 ;	genPlus
                             78 ;	genMove_o size 2 result type 2 source type 10 a_dead 1 hl_dead 1 de_dead 1 iy_dead 1 f_dead 1
   001A 2Ar00s00      [16]   79 	ld	hl, (___numTests)
   001D 23            [ 6]   80 	inc	hl
                             81 ;	genMove_o size 2 result type 10 source type 2 a_dead 1 hl_dead 1 de_dead 1 iy_dead 1 f_dead 1
   001E 22r00s00      [16]   82 	ld	(___numTests), hl
                             83 ;	genCast
                             84 ;	genMove_o size 4 result type 6 source type 10 a_dead 1 hl_dead 1 de_dead 1 iy_dead 1 f_dead 1
   0021 3Ar00s00      [13]   85 	ld	a, (_i+0)
   0024 DD 77 F8      [19]   86 	ld	-8 (ix), a
   0027 3Ar01s00      [13]   87 	ld	a, (_i+1)
   002A DD 77 F9      [19]   88 	ld	-7 (ix), a
   002D 3Ar02s00      [13]   89 	ld	a, (_i+2)
   0030 DD 77 FA      [19]   90 	ld	-6 (ix), a
   0033 3Ar03s00      [13]   91 	ld	a, (_i+3)
   0036 DD 77 FB      [19]   92 	ld	-5 (ix), a
                             93 ;	genMove_o size 4 result type 6 source type 1 a_dead 1 hl_dead 1 de_dead 1 iy_dead 1 f_dead 1
   0039 AF            [ 4]   94 	xor	a, a
   003A DD 77 FC      [19]   95 	ld	-4 (ix), a
   003D DD 77 FD      [19]   96 	ld	-3 (ix), a
   0040 DD 77 FE      [19]   97 	ld	-2 (ix), a
   0043 DD 77 FF      [19]   98 	ld	-1 (ix), a
                             99 ;	genIpush
                            100 ;	genMove_o size 1 result type 2 source type 1 a_dead 1 hl_dead 1 de_dead 1 iy_dead 1 f_dead 1
   0046 3E 20         [ 7]  101 	ld	a, #0x20
   0048 F5            [11]  102 	push	af
   0049 33            [ 6]  103 	inc	sp
                            104 ;	genIpush
                            105 ;	genMove_o size 2 result type 2 source type 6 a_dead 1 hl_dead 1 de_dead 1 iy_dead 1 f_dead 1
                            106 ; common peephole 92a combined constant loads into register pair.
                            107 ;	genMove_o size 0 result type 2 source type 1 a_dead 1 hl_dead 1 de_dead 1 iy_dead 1 f_dead 1
                            108 ;	genMove_o size 2 result type 2 source type 6 a_dead 1 hl_dead 1 de_dead 1 iy_dead 1 f_dead 1
                            109 ; common peephole 92a combined constant loads into register pair.
   004A 21 00 00      [10]  110 	ld	hl, #0x0
   004D E5            [11]  111 	push	hl
                            112 ; common peephole 94d pushed register pair twice.
                            113 ;	genMove_o size 0 result type 2 source type 1 a_dead 1 hl_dead 1 de_dead 1 iy_dead 1 f_dead 1
   004E E5            [11]  114 	push	hl
                            115 ;	genMove_o size 2 result type 2 source type 6 a_dead 1 hl_dead 1 de_dead 1 iy_dead 1 f_dead 1
   004F DD 6E FA      [19]  116 	ld	l, -6 (ix)
   0052 DD 66 FB      [19]  117 	ld	h, -5 (ix)
                            118 ;	genMove_o size 0 result type 2 source type 1 a_dead 1 hl_dead 1 de_dead 1 iy_dead 1 f_dead 1
   0055 E5            [11]  119 	push	hl
                            120 ;	genMove_o size 2 result type 2 source type 6 a_dead 1 hl_dead 1 de_dead 1 iy_dead 1 f_dead 1
   0056 DD 6E F8      [19]  121 	ld	l, -8 (ix)
   0059 DD 66 F9      [19]  122 	ld	h, -7 (ix)
                            123 ;	genMove_o size 0 result type 2 source type 1 a_dead 1 hl_dead 1 de_dead 1 iy_dead 1 f_dead 1
   005C E5            [11]  124 	push	hl
                            125 ;	genCall
   005D CDr00s00      [17]  126 	call	___stdc_first_leading_one
                            127 ;	genMove_o size 1 result type 2 source type 2 a_dead 1 hl_dead 1 de_dead 1 iy_dead 1 f_dead 1
                            128 ;	genIfx
   0060 B7            [ 4]  129 	or	a, a
                            130 ; common peephole 163 changed absolute to relative conditional jump.
   0061 28 11         [12]  131 	jr	z, 00104$
                            132 ;	skipping iCode since result will be rematerialized
                            133 ;	skipping iCode since result will be rematerialized
                            134 ;	skipping iCode since result will be rematerialized
                            135 ;	skipping iCode since result will be rematerialized
                            136 ;	skipping iCode since result will be rematerialized
                            137 ;	skipping iCode since result will be rematerialized
                            138 ;	genIpush
                            139 ;	genMove_o size 2 result type 2 source type 1 a_dead 1 hl_dead 1 de_dead 1 iy_dead 1 f_dead 1
   0063 21 19 00      [10]  140 	ld	hl, #0x0019
   0066 E5            [11]  141 	push	hl
                            142 ;	genIpush
                            143 ;	genMove_o size 2 result type 2 source type 7 a_dead 1 hl_dead 1 de_dead 1 iy_dead 1 f_dead 1
   0067 21rB7s05      [10]  144 	ld	hl, #___str_2
   006A E5            [11]  145 	push	hl
                            146 ;	genSend
                            147 ;	genMove_o size 2 result type 2 source type 7 a_dead 1 hl_dead 1 de_dead 1 iy_dead 1 f_dead 1
   006B 11r98s05      [10]  148 	ld	de, #___str_1
                            149 ;	genSend
                            150 ;	genMove_o size 2 result type 2 source type 7 a_dead 1 hl_dead 1 de_dead 0 iy_dead 1 f_dead 1
   006E 21r87s05      [10]  151 	ld	hl, #___str_0
                            152 ;	genCall
   0071 CDr00s00      [17]  153 	call	___fail
                            154 ;	genLabel
   0074                     155 00104$:
                            156 ;cases/bitfirstleading/bitfirstleading_type_unsigned_long.c:26: ASSERT (stdc_first_leading_zero(i) == 1);
                            157 ;	genPlus
                            158 ;	genMove_o size 2 result type 2 source type 10 a_dead 1 hl_dead 1 de_dead 1 iy_dead 1 f_dead 1
   0074 2Ar00s00      [16]  159 	ld	hl, (___numTests)
   0077 23            [ 6]  160 	inc	hl
                            161 ;	genMove_o size 2 result type 10 source type 2 a_dead 1 hl_dead 1 de_dead 1 iy_dead 1 f_dead 1
   0078 22r00s00      [16]  162 	ld	(___numTests), hl
                            163 ;	genXor
   007B 3Ar00s00      [13]  164 	ld	a, (_i+0)
   007E 2F            [ 4]  165 	cpl
                            166 ;	genMove_o size 1 result type 2 source type 2 a_dead 1 hl_dead 1 de_dead 0 iy_dead 1 f_dead 1
   007F 4F            [ 4]  167 	ld	c, a
                            168 ;	genMove_o size 0 result type 2 source type 1 a_dead 0 hl_dead 1 de_dead 0 iy_dead 1 f_dead 1
   0080 3Ar01s00      [13]  169 	ld	a, (_i+1)
   0083 2F            [ 4]  170 	cpl
                            171 ;	genMove_o size 1 result type 2 source type 2 a_dead 1 hl_dead 1 de_dead 0 iy_dead 1 f_dead 1
   0084 47            [ 4]  172 	ld	b, a
                            173 ;	genMove_o size 0 result type 2 source type 1 a_dead 0 hl_dead 1 de_dead 0 iy_dead 1 f_dead 1
   0085 3Ar02s00      [13]  174 	ld	a, (_i+2)
   0088 2F            [ 4]  175 	cpl
                            176 ;	genMove_o size 1 result type 2 source type 2 a_dead 1 hl_dead 1 de_dead 0 iy_dead 1 f_dead 1
   0089 5F            [ 4]  177 	ld	e, a
                            178 ;	genMove_o size 0 result type 2 source type 1 a_dead 0 hl_dead 1 de_dead 0 iy_dead 1 f_dead 1
   008A 3Ar03s00      [13]  179 	ld	a, (_i+3)
   008D 2F            [ 4]  180 	cpl
                            181 ;	genMove_o size 1 result type 2 source type 2 a_dead 1 hl_dead 1 de_dead 0 iy_dead 1 f_dead 1
                            182 ;	genCast
                            183 ;	genMove_o size 4 result type 6 source type 2 a_dead 1 hl_dead 1 de_dead 1 iy_dead 1 f_dead 1
   008E E1            [10]  184 	pop	hl
   008F C5            [11]  185 	push	bc
   0090 DD 73 FA      [19]  186 	ld	-6 (ix), e
   0093 DD 77 FB      [19]  187 	ld	-5 (ix), a
                            188 ;	genMove_o size 0 result type 6 source type 1 a_dead 1 hl_dead 1 de_dead 1 iy_dead 1 f_dead 1
                            189 ;	genMove_o size 4 result type 6 source type 1 a_dead 1 hl_dead 1 de_dead 1 iy_dead 1 f_dead 1
   0096 AF            [ 4]  190 	xor	a, a
   0097 DD 77 FC      [19]  191 	ld	-4 (ix), a
   009A DD 77 FD      [19]  192 	ld	-3 (ix), a
   009D DD 77 FE      [19]  193 	ld	-2 (ix), a
   00A0 DD 77 FF      [19]  194 	ld	-1 (ix), a
                            195 ;	genIpush
                            196 ;	genMove_o size 1 result type 2 source type 1 a_dead 1 hl_dead 1 de_dead 1 iy_dead 1 f_dead 1
   00A3 3E 20         [ 7]  197 	ld	a, #0x20
   00A5 F5            [11]  198 	push	af
   00A6 33            [ 6]  199 	inc	sp
                            200 ;	genIpush
                            201 ;	genMove_o size 2 result type 2 source type 6 a_dead 1 hl_dead 1 de_dead 1 iy_dead 1 f_dead 1
                            202 ; common peephole 92a combined constant loads into register pair.
                            203 ;	genMove_o size 0 result type 2 source type 1 a_dead 1 hl_dead 1 de_dead 1 iy_dead 1 f_dead 1
                            204 ;	genMove_o size 2 result type 2 source type 6 a_dead 1 hl_dead 1 de_dead 1 iy_dead 1 f_dead 1
                            205 ; common peephole 92a combined constant loads into register pair.
   00A7 21 00 00      [10]  206 	ld	hl, #0x0
   00AA E5            [11]  207 	push	hl
                            208 ; common peephole 94d pushed register pair twice.
                            209 ;	genMove_o size 0 result type 2 source type 1 a_dead 1 hl_dead 1 de_dead 1 iy_dead 1 f_dead 1
   00AB E5            [11]  210 	push	hl
                            211 ;	genMove_o size 2 result type 2 source type 6 a_dead 1 hl_dead 1 de_dead 1 iy_dead 1 f_dead 1
   00AC DD 6E FA      [19]  212 	ld	l, -6 (ix)
   00AF DD 66 FB      [19]  213 	ld	h, -5 (ix)
                            214 ;	genMove_o size 0 result type 2 source type 1 a_dead 1 hl_dead 1 de_dead 1 iy_dead 1 f_dead 1
   00B2 E5            [11]  215 	push	hl
                            216 ;	genMove_o size 2 result type 2 source type 6 a_dead 1 hl_dead 1 de_dead 1 iy_dead 1 f_dead 1
   00B3 DD 6E F8      [19]  217 	ld	l, -8 (ix)
   00B6 DD 66 F9      [19]  218 	ld	h, -7 (ix)
                            219 ;	genMove_o size 0 result type 2 source type 1 a_dead 1 hl_dead 1 de_dead 1 iy_dead 1 f_dead 1
   00B9 E5            [11]  220 	push	hl
                            221 ;	genCall
   00BA CDr00s00      [17]  222 	call	___stdc_first_leading_one
                            223 ;	genMove_o size 1 result type 2 source type 2 a_dead 1 hl_dead 1 de_dead 1 iy_dead 1 f_dead 1
                            224 ;	genCmpEq
   00BD FE 01         [ 7]  225 	cp	a, #0x01
                            226 ; common peephole 163 changed absolute to relative conditional jump.
   00BF 28 11         [12]  227 	jr	z, 00106$
                            228 ; common peephole 81 removed jp by using inverse jump logic
                            229 ; common peephole 159 removed unused label 00243$.
                            230 ;	skipping generated iCode
                            231 ;	skipping iCode since result will be rematerialized
                            232 ;	skipping iCode since result will be rematerialized
                            233 ;	skipping iCode since result will be rematerialized
                            234 ;	skipping iCode since result will be rematerialized
                            235 ;	skipping iCode since result will be rematerialized
                            236 ;	skipping iCode since result will be rematerialized
                            237 ;	genIpush
                            238 ;	genMove_o size 2 result type 2 source type 1 a_dead 1 hl_dead 1 de_dead 1 iy_dead 1 f_dead 1
   00C1 21 1A 00      [10]  239 	ld	hl, #0x001a
   00C4 E5            [11]  240 	push	hl
                            241 ;	genIpush
                            242 ;	genMove_o size 2 result type 2 source type 7 a_dead 1 hl_dead 1 de_dead 1 iy_dead 1 f_dead 1
   00C5 21rB7s05      [10]  243 	ld	hl, #___str_2
   00C8 E5            [11]  244 	push	hl
                            245 ;	genSend
                            246 ;	genMove_o size 2 result type 2 source type 7 a_dead 1 hl_dead 1 de_dead 1 iy_dead 1 f_dead 1
   00C9 11rF2s05      [10]  247 	ld	de, #___str_3
                            248 ;	genSend
                            249 ;	genMove_o size 2 result type 2 source type 7 a_dead 1 hl_dead 1 de_dead 0 iy_dead 1 f_dead 1
   00CC 21r87s05      [10]  250 	ld	hl, #___str_0
                            251 ;	genCall
   00CF CDr00s00      [17]  252 	call	___fail
                            253 ;	genLabel
   00D2                     254 00106$:
                            255 ;cases/bitfirstleading/bitfirstleading_type_unsigned_long.c:28: i = 0x1;
                            256 ;	genAssign
                            257 ;	genMove_o size 4 result type 10 source type 1 a_dead 1 hl_dead 1 de_dead 1 iy_dead 1 f_dead 1
                            258 ; common peephole 56 used hl instead of iy.
                            259 ; common peephole 130a removed unnecessary +0 from constant
   00D2 21r00s00      [10]  260 	ld	hl, #_i
   00D5 36 01         [10]  261 	ld	(hl), #0x01
   00D7 AF            [ 4]  262 	xor	a, a
   00D8 32r01s00      [13]  263 	ld	(_i+1), a
   00DB 32r02s00      [13]  264 	ld	(_i+2), a
   00DE 32r03s00      [13]  265 	ld	(_i+3), a
                            266 ;cases/bitfirstleading/bitfirstleading_type_unsigned_long.c:29: ASSERT (stdc_first_leading_one(i) == OTHERBYTEBITS(i) + 8);
                            267 ;	genPlus
                            268 ;	genMove_o size 2 result type 2 source type 10 a_dead 1 hl_dead 1 de_dead 1 iy_dead 1 f_dead 1
   00E1 2Ar00s00      [16]  269 	ld	hl, (___numTests)
   00E4 23            [ 6]  270 	inc	hl
                            271 ;	genMove_o size 2 result type 10 source type 2 a_dead 1 hl_dead 1 de_dead 1 iy_dead 1 f_dead 1
   00E5 22r00s00      [16]  272 	ld	(___numTests), hl
                            273 ;	genCast
                            274 ;	genMove_o size 4 result type 6 source type 10 a_dead 1 hl_dead 1 de_dead 1 iy_dead 1 f_dead 1
   00E8 3Ar00s00      [13]  275 	ld	a, (_i+0)
   00EB DD 77 F8      [19]  276 	ld	-8 (ix), a
   00EE 3Ar01s00      [13]  277 	ld	a, (_i+1)
   00F1 DD 77 F9      [19]  278 	ld	-7 (ix), a
   00F4 3Ar02s00      [13]  279 	ld	a, (_i+2)
   00F7 DD 77 FA      [19]  280 	ld	-6 (ix), a
   00FA 3Ar03s00      [13]  281 	ld	a, (_i+3)
   00FD DD 77 FB      [19]  282 	ld	-5 (ix), a
                            283 ;	genMove_o size 4 result type 6 source type 1 a_dead 1 hl_dead 1 de_dead 1 iy_dead 1 f_dead 1
   0100 AF            [ 4]  284 	xor	a, a
   0101 DD 77 FC      [19]  285 	ld	-4 (ix), a
   0104 DD 77 FD      [19]  286 	ld	-3 (ix), a
   0107 DD 77 FE      [19]  287 	ld	-2 (ix), a
   010A DD 77 FF      [19]  288 	ld	-1 (ix), a
                            289 ;	genIpush
                            290 ;	genMove_o size 1 result type 2 source type 1 a_dead 1 hl_dead 1 de_dead 1 iy_dead 1 f_dead 1
   010D 3E 20         [ 7]  291 	ld	a, #0x20
   010F F5            [11]  292 	push	af
   0110 33            [ 6]  293 	inc	sp
                            294 ;	genIpush
                            295 ;	genMove_o size 2 result type 2 source type 6 a_dead 1 hl_dead 1 de_dead 1 iy_dead 1 f_dead 1
                            296 ; common peephole 92a combined constant loads into register pair.
                            297 ;	genMove_o size 0 result type 2 source type 1 a_dead 1 hl_dead 1 de_dead 1 iy_dead 1 f_dead 1
                            298 ;	genMove_o size 2 result type 2 source type 6 a_dead 1 hl_dead 1 de_dead 1 iy_dead 1 f_dead 1
                            299 ; common peephole 92a combined constant loads into register pair.
   0111 21 00 00      [10]  300 	ld	hl, #0x0
   0114 E5            [11]  301 	push	hl
                            302 ; common peephole 94d pushed register pair twice.
                            303 ;	genMove_o size 0 result type 2 source type 1 a_dead 1 hl_dead 1 de_dead 1 iy_dead 1 f_dead 1
   0115 E5            [11]  304 	push	hl
                            305 ;	genMove_o size 2 result type 2 source type 6 a_dead 1 hl_dead 1 de_dead 1 iy_dead 1 f_dead 1
   0116 DD 6E FA      [19]  306 	ld	l, -6 (ix)
   0119 DD 66 FB      [19]  307 	ld	h, -5 (ix)
                            308 ;	genMove_o size 0 result type 2 source type 1 a_dead 1 hl_dead 1 de_dead 1 iy_dead 1 f_dead 1
   011C E5            [11]  309 	push	hl
                            310 ;	genMove_o size 2 result type 2 source type 6 a_dead 1 hl_dead 1 de_dead 1 iy_dead 1 f_dead 1
   011D DD 6E F8      [19]  311 	ld	l, -8 (ix)
   0120 DD 66 F9      [19]  312 	ld	h, -7 (ix)
                            313 ;	genMove_o size 0 result type 2 source type 1 a_dead 1 hl_dead 1 de_dead 1 iy_dead 1 f_dead 1
   0123 E5            [11]  314 	push	hl
                            315 ;	genCall
   0124 CDr00s00      [17]  316 	call	___stdc_first_leading_one
                            317 ;	genMove_o size 1 result type 2 source type 2 a_dead 1 hl_dead 1 de_dead 1 iy_dead 1 f_dead 1
                            318 ;	genCast
                            319 ;	(locations are the same)
                            320 ;	genCmpEq
   0127 FE 20         [ 7]  321 	cp	a, #0x20
                            322 ; common peephole 163 changed absolute to relative conditional jump.
   0129 28 11         [12]  323 	jr	z, 00108$
                            324 ; common peephole 81 removed jp by using inverse jump logic
                            325 ; common peephole 159 removed unused label 00244$.
                            326 ;	skipping generated iCode
                            327 ;	skipping iCode since result will be rematerialized
                            328 ;	skipping iCode since result will be rematerialized
                            329 ;	skipping iCode since result will be rematerialized
                            330 ;	skipping iCode since result will be rematerialized
                            331 ;	skipping iCode since result will be rematerialized
                            332 ;	skipping iCode since result will be rematerialized
                            333 ;	genIpush
                            334 ;	genMove_o size 2 result type 2 source type 1 a_dead 1 hl_dead 1 de_dead 1 iy_dead 1 f_dead 1
   012B 21 1D 00      [10]  335 	ld	hl, #0x001d
   012E E5            [11]  336 	push	hl
                            337 ;	genIpush
                            338 ;	genMove_o size 2 result type 2 source type 7 a_dead 1 hl_dead 1 de_dead 1 iy_dead 1 f_dead 1
   012F 21rB7s05      [10]  339 	ld	hl, #___str_2
   0132 E5            [11]  340 	push	hl
                            341 ;	genSend
                            342 ;	genMove_o size 2 result type 2 source type 7 a_dead 1 hl_dead 1 de_dead 1 iy_dead 1 f_dead 1
   0133 11r12s06      [10]  343 	ld	de, #___str_4
                            344 ;	genSend
                            345 ;	genMove_o size 2 result type 2 source type 7 a_dead 1 hl_dead 1 de_dead 0 iy_dead 1 f_dead 1
   0136 21r87s05      [10]  346 	ld	hl, #___str_0
                            347 ;	genCall
   0139 CDr00s00      [17]  348 	call	___fail
                            349 ;	genLabel
   013C                     350 00108$:
                            351 ;cases/bitfirstleading/bitfirstleading_type_unsigned_long.c:30: ASSERT (stdc_first_leading_zero(i) == 1);
                            352 ;	genPlus
                            353 ;	genMove_o size 2 result type 2 source type 10 a_dead 1 hl_dead 1 de_dead 1 iy_dead 1 f_dead 1
   013C 2Ar00s00      [16]  354 	ld	hl, (___numTests)
   013F 23            [ 6]  355 	inc	hl
                            356 ;	genMove_o size 2 result type 10 source type 2 a_dead 1 hl_dead 1 de_dead 1 iy_dead 1 f_dead 1
   0140 22r00s00      [16]  357 	ld	(___numTests), hl
                            358 ;	genXor
   0143 3Ar00s00      [13]  359 	ld	a, (_i+0)
   0146 2F            [ 4]  360 	cpl
                            361 ;	genMove_o size 1 result type 2 source type 2 a_dead 1 hl_dead 1 de_dead 0 iy_dead 1 f_dead 1
   0147 4F            [ 4]  362 	ld	c, a
                            363 ;	genMove_o size 0 result type 2 source type 1 a_dead 0 hl_dead 1 de_dead 0 iy_dead 1 f_dead 1
   0148 3Ar01s00      [13]  364 	ld	a, (_i+1)
   014B 2F            [ 4]  365 	cpl
                            366 ;	genMove_o size 1 result type 2 source type 2 a_dead 1 hl_dead 1 de_dead 0 iy_dead 1 f_dead 1
   014C 47            [ 4]  367 	ld	b, a
                            368 ;	genMove_o size 0 result type 2 source type 1 a_dead 0 hl_dead 1 de_dead 0 iy_dead 1 f_dead 1
   014D 3Ar02s00      [13]  369 	ld	a, (_i+2)
   0150 2F            [ 4]  370 	cpl
                            371 ;	genMove_o size 1 result type 2 source type 2 a_dead 1 hl_dead 1 de_dead 0 iy_dead 1 f_dead 1
   0151 5F            [ 4]  372 	ld	e, a
                            373 ;	genMove_o size 0 result type 2 source type 1 a_dead 0 hl_dead 1 de_dead 0 iy_dead 1 f_dead 1
   0152 3Ar03s00      [13]  374 	ld	a, (_i+3)
   0155 2F            [ 4]  375 	cpl
                            376 ;	genMove_o size 1 result type 2 source type 2 a_dead 1 hl_dead 1 de_dead 0 iy_dead 1 f_dead 1
                            377 ;	genCast
                            378 ;	genMove_o size 4 result type 6 source type 2 a_dead 1 hl_dead 1 de_dead 1 iy_dead 1 f_dead 1
   0156 E1            [10]  379 	pop	hl
   0157 C5            [11]  380 	push	bc
   0158 DD 73 FA      [19]  381 	ld	-6 (ix), e
   015B DD 77 FB      [19]  382 	ld	-5 (ix), a
                            383 ;	genMove_o size 0 result type 6 source type 1 a_dead 1 hl_dead 1 de_dead 1 iy_dead 1 f_dead 1
                            384 ;	genMove_o size 4 result type 6 source type 1 a_dead 1 hl_dead 1 de_dead 1 iy_dead 1 f_dead 1
   015E AF            [ 4]  385 	xor	a, a
   015F DD 77 FC      [19]  386 	ld	-4 (ix), a
   0162 DD 77 FD      [19]  387 	ld	-3 (ix), a
   0165 DD 77 FE      [19]  388 	ld	-2 (ix), a
   0168 DD 77 FF      [19]  389 	ld	-1 (ix), a
                            390 ;	genIpush
                            391 ;	genMove_o size 1 result type 2 source type 1 a_dead 1 hl_dead 1 de_dead 1 iy_dead 1 f_dead 1
   016B 3E 20         [ 7]  392 	ld	a, #0x20
   016D F5            [11]  393 	push	af
   016E 33            [ 6]  394 	inc	sp
                            395 ;	genIpush
                            396 ;	genMove_o size 2 result type 2 source type 6 a_dead 1 hl_dead 1 de_dead 1 iy_dead 1 f_dead 1
                            397 ; common peephole 92a combined constant loads into register pair.
                            398 ;	genMove_o size 0 result type 2 source type 1 a_dead 1 hl_dead 1 de_dead 1 iy_dead 1 f_dead 1
                            399 ;	genMove_o size 2 result type 2 source type 6 a_dead 1 hl_dead 1 de_dead 1 iy_dead 1 f_dead 1
                            400 ; common peephole 92a combined constant loads into register pair.
   016F 21 00 00      [10]  401 	ld	hl, #0x0
   0172 E5            [11]  402 	push	hl
                            403 ; common peephole 94d pushed register pair twice.
                            404 ;	genMove_o size 0 result type 2 source type 1 a_dead 1 hl_dead 1 de_dead 1 iy_dead 1 f_dead 1
   0173 E5            [11]  405 	push	hl
                            406 ;	genMove_o size 2 result type 2 source type 6 a_dead 1 hl_dead 1 de_dead 1 iy_dead 1 f_dead 1
   0174 DD 6E FA      [19]  407 	ld	l, -6 (ix)
   0177 DD 66 FB      [19]  408 	ld	h, -5 (ix)
                            409 ;	genMove_o size 0 result type 2 source type 1 a_dead 1 hl_dead 1 de_dead 1 iy_dead 1 f_dead 1
   017A E5            [11]  410 	push	hl
                            411 ;	genMove_o size 2 result type 2 source type 6 a_dead 1 hl_dead 1 de_dead 1 iy_dead 1 f_dead 1
   017B DD 6E F8      [19]  412 	ld	l, -8 (ix)
   017E DD 66 F9      [19]  413 	ld	h, -7 (ix)
                            414 ;	genMove_o size 0 result type 2 source type 1 a_dead 1 hl_dead 1 de_dead 1 iy_dead 1 f_dead 1
   0181 E5            [11]  415 	push	hl
                            416 ;	genCall
   0182 CDr00s00      [17]  417 	call	___stdc_first_leading_one
                            418 ;	genMove_o size 1 result type 2 source type 2 a_dead 1 hl_dead 1 de_dead 1 iy_dead 1 f_dead 1
                            419 ;	genCmpEq
   0185 FE 01         [ 7]  420 	cp	a, #0x01
                            421 ; common peephole 163 changed absolute to relative conditional jump.
   0187 28 11         [12]  422 	jr	z, 00110$
                            423 ; common peephole 81 removed jp by using inverse jump logic
                            424 ; common peephole 159 removed unused label 00245$.
                            425 ;	skipping generated iCode
                            426 ;	skipping iCode since result will be rematerialized
                            427 ;	skipping iCode since result will be rematerialized
                            428 ;	skipping iCode since result will be rematerialized
                            429 ;	skipping iCode since result will be rematerialized
                            430 ;	skipping iCode since result will be rematerialized
                            431 ;	skipping iCode since result will be rematerialized
                            432 ;	genIpush
                            433 ;	genMove_o size 2 result type 2 source type 1 a_dead 1 hl_dead 1 de_dead 1 iy_dead 1 f_dead 1
   0189 21 1E 00      [10]  434 	ld	hl, #0x001e
   018C E5            [11]  435 	push	hl
                            436 ;	genIpush
                            437 ;	genMove_o size 2 result type 2 source type 7 a_dead 1 hl_dead 1 de_dead 1 iy_dead 1 f_dead 1
   018D 21rB7s05      [10]  438 	ld	hl, #___str_2
   0190 E5            [11]  439 	push	hl
                            440 ;	genSend
                            441 ;	genMove_o size 2 result type 2 source type 7 a_dead 1 hl_dead 1 de_dead 1 iy_dead 1 f_dead 1
   0191 11rF2s05      [10]  442 	ld	de, #___str_3
                            443 ;	genSend
                            444 ;	genMove_o size 2 result type 2 source type 7 a_dead 1 hl_dead 1 de_dead 0 iy_dead 1 f_dead 1
   0194 21r87s05      [10]  445 	ld	hl, #___str_0
                            446 ;	genCall
   0197 CDr00s00      [17]  447 	call	___fail
                            448 ;	genLabel
   019A                     449 00110$:
                            450 ;cases/bitfirstleading/bitfirstleading_type_unsigned_long.c:32: i = 0x2;
                            451 ;	genAssign
                            452 ;	genMove_o size 4 result type 10 source type 1 a_dead 1 hl_dead 1 de_dead 1 iy_dead 1 f_dead 1
                            453 ; common peephole 56 used hl instead of iy.
                            454 ; common peephole 130a removed unnecessary +0 from constant
   019A 21r00s00      [10]  455 	ld	hl, #_i
   019D 36 02         [10]  456 	ld	(hl), #0x02
   019F AF            [ 4]  457 	xor	a, a
   01A0 32r01s00      [13]  458 	ld	(_i+1), a
   01A3 32r02s00      [13]  459 	ld	(_i+2), a
   01A6 32r03s00      [13]  460 	ld	(_i+3), a
                            461 ;cases/bitfirstleading/bitfirstleading_type_unsigned_long.c:33: ASSERT (stdc_first_leading_one(i) == OTHERBYTEBITS(i) + 7);
                            462 ;	genPlus
                            463 ;	genMove_o size 2 result type 2 source type 10 a_dead 1 hl_dead 1 de_dead 1 iy_dead 1 f_dead 1
   01A9 2Ar00s00      [16]  464 	ld	hl, (___numTests)
   01AC 23            [ 6]  465 	inc	hl
                            466 ;	genMove_o size 2 result type 10 source type 2 a_dead 1 hl_dead 1 de_dead 1 iy_dead 1 f_dead 1
   01AD 22r00s00      [16]  467 	ld	(___numTests), hl
                            468 ;	genCast
                            469 ;	genMove_o size 4 result type 6 source type 10 a_dead 1 hl_dead 1 de_dead 1 iy_dead 1 f_dead 1
   01B0 3Ar00s00      [13]  470 	ld	a, (_i+0)
   01B3 DD 77 F8      [19]  471 	ld	-8 (ix), a
   01B6 3Ar01s00      [13]  472 	ld	a, (_i+1)
   01B9 DD 77 F9      [19]  473 	ld	-7 (ix), a
   01BC 3Ar02s00      [13]  474 	ld	a, (_i+2)
   01BF DD 77 FA      [19]  475 	ld	-6 (ix), a
   01C2 3Ar03s00      [13]  476 	ld	a, (_i+3)
   01C5 DD 77 FB      [19]  477 	ld	-5 (ix), a
                            478 ;	genMove_o size 4 result type 6 source type 1 a_dead 1 hl_dead 1 de_dead 1 iy_dead 1 f_dead 1
   01C8 AF            [ 4]  479 	xor	a, a
   01C9 DD 77 FC      [19]  480 	ld	-4 (ix), a
   01CC DD 77 FD      [19]  481 	ld	-3 (ix), a
   01CF DD 77 FE      [19]  482 	ld	-2 (ix), a
   01D2 DD 77 FF      [19]  483 	ld	-1 (ix), a
                            484 ;	genIpush
                            485 ;	genMove_o size 1 result type 2 source type 1 a_dead 1 hl_dead 1 de_dead 1 iy_dead 1 f_dead 1
   01D5 3E 20         [ 7]  486 	ld	a, #0x20
   01D7 F5            [11]  487 	push	af
   01D8 33            [ 6]  488 	inc	sp
                            489 ;	genIpush
                            490 ;	genMove_o size 2 result type 2 source type 6 a_dead 1 hl_dead 1 de_dead 1 iy_dead 1 f_dead 1
                            491 ; common peephole 92a combined constant loads into register pair.
                            492 ;	genMove_o size 0 result type 2 source type 1 a_dead 1 hl_dead 1 de_dead 1 iy_dead 1 f_dead 1
                            493 ;	genMove_o size 2 result type 2 source type 6 a_dead 1 hl_dead 1 de_dead 1 iy_dead 1 f_dead 1
                            494 ; common peephole 92a combined constant loads into register pair.
   01D9 21 00 00      [10]  495 	ld	hl, #0x0
   01DC E5            [11]  496 	push	hl
                            497 ; common peephole 94d pushed register pair twice.
                            498 ;	genMove_o size 0 result type 2 source type 1 a_dead 1 hl_dead 1 de_dead 1 iy_dead 1 f_dead 1
   01DD E5            [11]  499 	push	hl
                            500 ;	genMove_o size 2 result type 2 source type 6 a_dead 1 hl_dead 1 de_dead 1 iy_dead 1 f_dead 1
   01DE DD 6E FA      [19]  501 	ld	l, -6 (ix)
   01E1 DD 66 FB      [19]  502 	ld	h, -5 (ix)
                            503 ;	genMove_o size 0 result type 2 source type 1 a_dead 1 hl_dead 1 de_dead 1 iy_dead 1 f_dead 1
   01E4 E5            [11]  504 	push	hl
                            505 ;	genMove_o size 2 result type 2 source type 6 a_dead 1 hl_dead 1 de_dead 1 iy_dead 1 f_dead 1
   01E5 DD 6E F8      [19]  506 	ld	l, -8 (ix)
   01E8 DD 66 F9      [19]  507 	ld	h, -7 (ix)
                            508 ;	genMove_o size 0 result type 2 source type 1 a_dead 1 hl_dead 1 de_dead 1 iy_dead 1 f_dead 1
   01EB E5            [11]  509 	push	hl
                            510 ;	genCall
   01EC CDr00s00      [17]  511 	call	___stdc_first_leading_one
                            512 ;	genMove_o size 1 result type 2 source type 2 a_dead 1 hl_dead 1 de_dead 1 iy_dead 1 f_dead 1
                            513 ;	genCast
                            514 ;	(locations are the same)
                            515 ;	genCmpEq
   01EF FE 1F         [ 7]  516 	cp	a, #0x1f
                            517 ; common peephole 163 changed absolute to relative conditional jump.
   01F1 28 11         [12]  518 	jr	z, 00112$
                            519 ; common peephole 81 removed jp by using inverse jump logic
                            520 ; common peephole 159 removed unused label 00246$.
                            521 ;	skipping generated iCode
                            522 ;	skipping iCode since result will be rematerialized
                            523 ;	skipping iCode since result will be rematerialized
                            524 ;	skipping iCode since result will be rematerialized
                            525 ;	skipping iCode since result will be rematerialized
                            526 ;	skipping iCode since result will be rematerialized
                            527 ;	skipping iCode since result will be rematerialized
                            528 ;	genIpush
                            529 ;	genMove_o size 2 result type 2 source type 1 a_dead 1 hl_dead 1 de_dead 1 iy_dead 1 f_dead 1
   01F3 21 21 00      [10]  530 	ld	hl, #0x0021
   01F6 E5            [11]  531 	push	hl
                            532 ;	genIpush
                            533 ;	genMove_o size 2 result type 2 source type 7 a_dead 1 hl_dead 1 de_dead 1 iy_dead 1 f_dead 1
   01F7 21rB7s05      [10]  534 	ld	hl, #___str_2
   01FA E5            [11]  535 	push	hl
                            536 ;	genSend
                            537 ;	genMove_o size 2 result type 2 source type 7 a_dead 1 hl_dead 1 de_dead 1 iy_dead 1 f_dead 1
   01FB 11r44s06      [10]  538 	ld	de, #___str_5
                            539 ;	genSend
                            540 ;	genMove_o size 2 result type 2 source type 7 a_dead 1 hl_dead 1 de_dead 0 iy_dead 1 f_dead 1
   01FE 21r87s05      [10]  541 	ld	hl, #___str_0
                            542 ;	genCall
   0201 CDr00s00      [17]  543 	call	___fail
                            544 ;	genLabel
   0204                     545 00112$:
                            546 ;cases/bitfirstleading/bitfirstleading_type_unsigned_long.c:34: ASSERT (stdc_first_leading_zero(i) == 1);
                            547 ;	genPlus
                            548 ;	genMove_o size 2 result type 2 source type 10 a_dead 1 hl_dead 1 de_dead 1 iy_dead 1 f_dead 1
   0204 2Ar00s00      [16]  549 	ld	hl, (___numTests)
   0207 23            [ 6]  550 	inc	hl
                            551 ;	genMove_o size 2 result type 10 source type 2 a_dead 1 hl_dead 1 de_dead 1 iy_dead 1 f_dead 1
   0208 22r00s00      [16]  552 	ld	(___numTests), hl
                            553 ;	genXor
   020B 3Ar00s00      [13]  554 	ld	a, (_i+0)
   020E 2F            [ 4]  555 	cpl
                            556 ;	genMove_o size 1 result type 2 source type 2 a_dead 1 hl_dead 1 de_dead 0 iy_dead 1 f_dead 1
   020F 4F            [ 4]  557 	ld	c, a
                            558 ;	genMove_o size 0 result type 2 source type 1 a_dead 0 hl_dead 1 de_dead 0 iy_dead 1 f_dead 1
   0210 3Ar01s00      [13]  559 	ld	a, (_i+1)
   0213 2F            [ 4]  560 	cpl
                            561 ;	genMove_o size 1 result type 2 source type 2 a_dead 1 hl_dead 1 de_dead 0 iy_dead 1 f_dead 1
   0214 47            [ 4]  562 	ld	b, a
                            563 ;	genMove_o size 0 result type 2 source type 1 a_dead 0 hl_dead 1 de_dead 0 iy_dead 1 f_dead 1
   0215 3Ar02s00      [13]  564 	ld	a, (_i+2)
   0218 2F            [ 4]  565 	cpl
                            566 ;	genMove_o size 1 result type 2 source type 2 a_dead 1 hl_dead 1 de_dead 0 iy_dead 1 f_dead 1
   0219 5F            [ 4]  567 	ld	e, a
                            568 ;	genMove_o size 0 result type 2 source type 1 a_dead 0 hl_dead 1 de_dead 0 iy_dead 1 f_dead 1
   021A 3Ar03s00      [13]  569 	ld	a, (_i+3)
   021D 2F            [ 4]  570 	cpl
                            571 ;	genMove_o size 1 result type 2 source type 2 a_dead 1 hl_dead 1 de_dead 0 iy_dead 1 f_dead 1
                            572 ;	genCast
                            573 ;	genMove_o size 4 result type 6 source type 2 a_dead 1 hl_dead 1 de_dead 1 iy_dead 1 f_dead 1
   021E E1            [10]  574 	pop	hl
   021F C5            [11]  575 	push	bc
   0220 DD 73 FA      [19]  576 	ld	-6 (ix), e
   0223 DD 77 FB      [19]  577 	ld	-5 (ix), a
                            578 ;	genMove_o size 0 result type 6 source type 1 a_dead 1 hl_dead 1 de_dead 1 iy_dead 1 f_dead 1
                            579 ;	genMove_o size 4 result type 6 source type 1 a_dead 1 hl_dead 1 de_dead 1 iy_dead 1 f_dead 1
   0226 AF            [ 4]  580 	xor	a, a
   0227 DD 77 FC      [19]  581 	ld	-4 (ix), a
   022A DD 77 FD      [19]  582 	ld	-3 (ix), a
   022D DD 77 FE      [19]  583 	ld	-2 (ix), a
   0230 DD 77 FF      [19]  584 	ld	-1 (ix), a
                            585 ;	genIpush
                            586 ;	genMove_o size 1 result type 2 source type 1 a_dead 1 hl_dead 1 de_dead 1 iy_dead 1 f_dead 1
   0233 3E 20         [ 7]  587 	ld	a, #0x20
   0235 F5            [11]  588 	push	af
   0236 33            [ 6]  589 	inc	sp
                            590 ;	genIpush
                            591 ;	genMove_o size 2 result type 2 source type 6 a_dead 1 hl_dead 1 de_dead 1 iy_dead 1 f_dead 1
                            592 ; common peephole 92a combined constant loads into register pair.
                            593 ;	genMove_o size 0 result type 2 source type 1 a_dead 1 hl_dead 1 de_dead 1 iy_dead 1 f_dead 1
                            594 ;	genMove_o size 2 result type 2 source type 6 a_dead 1 hl_dead 1 de_dead 1 iy_dead 1 f_dead 1
                            595 ; common peephole 92a combined constant loads into register pair.
   0237 21 00 00      [10]  596 	ld	hl, #0x0
   023A E5            [11]  597 	push	hl
                            598 ; common peephole 94d pushed register pair twice.
                            599 ;	genMove_o size 0 result type 2 source type 1 a_dead 1 hl_dead 1 de_dead 1 iy_dead 1 f_dead 1
   023B E5            [11]  600 	push	hl
                            601 ;	genMove_o size 2 result type 2 source type 6 a_dead 1 hl_dead 1 de_dead 1 iy_dead 1 f_dead 1
   023C DD 6E FA      [19]  602 	ld	l, -6 (ix)
   023F DD 66 FB      [19]  603 	ld	h, -5 (ix)
                            604 ;	genMove_o size 0 result type 2 source type 1 a_dead 1 hl_dead 1 de_dead 1 iy_dead 1 f_dead 1
   0242 E5            [11]  605 	push	hl
                            606 ;	genMove_o size 2 result type 2 source type 6 a_dead 1 hl_dead 1 de_dead 1 iy_dead 1 f_dead 1
   0243 DD 6E F8      [19]  607 	ld	l, -8 (ix)
   0246 DD 66 F9      [19]  608 	ld	h, -7 (ix)
                            609 ;	genMove_o size 0 result type 2 source type 1 a_dead 1 hl_dead 1 de_dead 1 iy_dead 1 f_dead 1
   0249 E5            [11]  610 	push	hl
                            611 ;	genCall
   024A CDr00s00      [17]  612 	call	___stdc_first_leading_one
                            613 ;	genMove_o size 1 result type 2 source type 2 a_dead 1 hl_dead 1 de_dead 1 iy_dead 1 f_dead 1
                            614 ;	genCmpEq
   024D FE 01         [ 7]  615 	cp	a, #0x01
                            616 ; common peephole 163 changed absolute to relative conditional jump.
   024F 28 11         [12]  617 	jr	z, 00114$
                            618 ; common peephole 81 removed jp by using inverse jump logic
                            619 ; common peephole 159 removed unused label 00247$.
                            620 ;	skipping generated iCode
                            621 ;	skipping iCode since result will be rematerialized
                            622 ;	skipping iCode since result will be rematerialized
                            623 ;	skipping iCode since result will be rematerialized
                            624 ;	skipping iCode since result will be rematerialized
                            625 ;	skipping iCode since result will be rematerialized
                            626 ;	skipping iCode since result will be rematerialized
                            627 ;	genIpush
                            628 ;	genMove_o size 2 result type 2 source type 1 a_dead 1 hl_dead 1 de_dead 1 iy_dead 1 f_dead 1
   0251 21 22 00      [10]  629 	ld	hl, #0x0022
   0254 E5            [11]  630 	push	hl
                            631 ;	genIpush
                            632 ;	genMove_o size 2 result type 2 source type 7 a_dead 1 hl_dead 1 de_dead 1 iy_dead 1 f_dead 1
   0255 21rB7s05      [10]  633 	ld	hl, #___str_2
   0258 E5            [11]  634 	push	hl
                            635 ;	genSend
                            636 ;	genMove_o size 2 result type 2 source type 7 a_dead 1 hl_dead 1 de_dead 1 iy_dead 1 f_dead 1
   0259 11rF2s05      [10]  637 	ld	de, #___str_3
                            638 ;	genSend
                            639 ;	genMove_o size 2 result type 2 source type 7 a_dead 1 hl_dead 1 de_dead 0 iy_dead 1 f_dead 1
   025C 21r87s05      [10]  640 	ld	hl, #___str_0
                            641 ;	genCall
   025F CDr00s00      [17]  642 	call	___fail
                            643 ;	genLabel
   0262                     644 00114$:
                            645 ;cases/bitfirstleading/bitfirstleading_type_unsigned_long.c:36: i = 0x3;
                            646 ;	genAssign
                            647 ;	genMove_o size 4 result type 10 source type 1 a_dead 1 hl_dead 1 de_dead 1 iy_dead 1 f_dead 1
                            648 ; common peephole 56 used hl instead of iy.
                            649 ; common peephole 130a removed unnecessary +0 from constant
   0262 21r00s00      [10]  650 	ld	hl, #_i
   0265 36 03         [10]  651 	ld	(hl), #0x03
   0267 AF            [ 4]  652 	xor	a, a
   0268 32r01s00      [13]  653 	ld	(_i+1), a
   026B 32r02s00      [13]  654 	ld	(_i+2), a
   026E 32r03s00      [13]  655 	ld	(_i+3), a
                            656 ;cases/bitfirstleading/bitfirstleading_type_unsigned_long.c:37: ASSERT (stdc_first_leading_one(i) == OTHERBYTEBITS(i) + 7);
                            657 ;	genPlus
                            658 ;	genMove_o size 2 result type 2 source type 10 a_dead 1 hl_dead 1 de_dead 1 iy_dead 1 f_dead 1
   0271 2Ar00s00      [16]  659 	ld	hl, (___numTests)
   0274 23            [ 6]  660 	inc	hl
                            661 ;	genMove_o size 2 result type 10 source type 2 a_dead 1 hl_dead 1 de_dead 1 iy_dead 1 f_dead 1
   0275 22r00s00      [16]  662 	ld	(___numTests), hl
                            663 ;	genCast
                            664 ;	genMove_o size 4 result type 6 source type 10 a_dead 1 hl_dead 1 de_dead 1 iy_dead 1 f_dead 1
   0278 3Ar00s00      [13]  665 	ld	a, (_i+0)
   027B DD 77 F8      [19]  666 	ld	-8 (ix), a
   027E 3Ar01s00      [13]  667 	ld	a, (_i+1)
   0281 DD 77 F9      [19]  668 	ld	-7 (ix), a
   0284 3Ar02s00      [13]  669 	ld	a, (_i+2)
   0287 DD 77 FA      [19]  670 	ld	-6 (ix), a
   028A 3Ar03s00      [13]  671 	ld	a, (_i+3)
   028D DD 77 FB      [19]  672 	ld	-5 (ix), a
                            673 ;	genMove_o size 4 result type 6 source type 1 a_dead 1 hl_dead 1 de_dead 1 iy_dead 1 f_dead 1
   0290 AF            [ 4]  674 	xor	a, a
   0291 DD 77 FC      [19]  675 	ld	-4 (ix), a
   0294 DD 77 FD      [19]  676 	ld	-3 (ix), a
   0297 DD 77 FE      [19]  677 	ld	-2 (ix), a
   029A DD 77 FF      [19]  678 	ld	-1 (ix), a
                            679 ;	genIpush
                            680 ;	genMove_o size 1 result type 2 source type 1 a_dead 1 hl_dead 1 de_dead 1 iy_dead 1 f_dead 1
   029D 3E 20         [ 7]  681 	ld	a, #0x20
   029F F5            [11]  682 	push	af
   02A0 33            [ 6]  683 	inc	sp
                            684 ;	genIpush
                            685 ;	genMove_o size 2 result type 2 source type 6 a_dead 1 hl_dead 1 de_dead 1 iy_dead 1 f_dead 1
                            686 ; common peephole 92a combined constant loads into register pair.
                            687 ;	genMove_o size 0 result type 2 source type 1 a_dead 1 hl_dead 1 de_dead 1 iy_dead 1 f_dead 1
                            688 ;	genMove_o size 2 result type 2 source type 6 a_dead 1 hl_dead 1 de_dead 1 iy_dead 1 f_dead 1
                            689 ; common peephole 92a combined constant loads into register pair.
   02A1 21 00 00      [10]  690 	ld	hl, #0x0
   02A4 E5            [11]  691 	push	hl
                            692 ; common peephole 94d pushed register pair twice.
                            693 ;	genMove_o size 0 result type 2 source type 1 a_dead 1 hl_dead 1 de_dead 1 iy_dead 1 f_dead 1
   02A5 E5            [11]  694 	push	hl
                            695 ;	genMove_o size 2 result type 2 source type 6 a_dead 1 hl_dead 1 de_dead 1 iy_dead 1 f_dead 1
   02A6 DD 6E FA      [19]  696 	ld	l, -6 (ix)
   02A9 DD 66 FB      [19]  697 	ld	h, -5 (ix)
                            698 ;	genMove_o size 0 result type 2 source type 1 a_dead 1 hl_dead 1 de_dead 1 iy_dead 1 f_dead 1
   02AC E5            [11]  699 	push	hl
                            700 ;	genMove_o size 2 result type 2 source type 6 a_dead 1 hl_dead 1 de_dead 1 iy_dead 1 f_dead 1
   02AD DD 6E F8      [19]  701 	ld	l, -8 (ix)
   02B0 DD 66 F9      [19]  702 	ld	h, -7 (ix)
                            703 ;	genMove_o size 0 result type 2 source type 1 a_dead 1 hl_dead 1 de_dead 1 iy_dead 1 f_dead 1
   02B3 E5            [11]  704 	push	hl
                            705 ;	genCall
   02B4 CDr00s00      [17]  706 	call	___stdc_first_leading_one
                            707 ;	genMove_o size 1 result type 2 source type 2 a_dead 1 hl_dead 1 de_dead 1 iy_dead 1 f_dead 1
                            708 ;	genCast
                            709 ;	(locations are the same)
                            710 ;	genCmpEq
   02B7 FE 1F         [ 7]  711 	cp	a, #0x1f
                            712 ; common peephole 163 changed absolute to relative conditional jump.
   02B9 28 11         [12]  713 	jr	z, 00116$
                            714 ; common peephole 81 removed jp by using inverse jump logic
                            715 ; common peephole 159 removed unused label 00248$.
                            716 ;	skipping generated iCode
                            717 ;	skipping iCode since result will be rematerialized
                            718 ;	skipping iCode since result will be rematerialized
                            719 ;	skipping iCode since result will be rematerialized
                            720 ;	skipping iCode since result will be rematerialized
                            721 ;	skipping iCode since result will be rematerialized
                            722 ;	skipping iCode since result will be rematerialized
                            723 ;	genIpush
                            724 ;	genMove_o size 2 result type 2 source type 1 a_dead 1 hl_dead 1 de_dead 1 iy_dead 1 f_dead 1
   02BB 21 25 00      [10]  725 	ld	hl, #0x0025
   02BE E5            [11]  726 	push	hl
                            727 ;	genIpush
                            728 ;	genMove_o size 2 result type 2 source type 7 a_dead 1 hl_dead 1 de_dead 1 iy_dead 1 f_dead 1
   02BF 21rB7s05      [10]  729 	ld	hl, #___str_2
   02C2 E5            [11]  730 	push	hl
                            731 ;	genSend
                            732 ;	genMove_o size 2 result type 2 source type 7 a_dead 1 hl_dead 1 de_dead 1 iy_dead 1 f_dead 1
   02C3 11r44s06      [10]  733 	ld	de, #___str_5
                            734 ;	genSend
                            735 ;	genMove_o size 2 result type 2 source type 7 a_dead 1 hl_dead 1 de_dead 0 iy_dead 1 f_dead 1
   02C6 21r87s05      [10]  736 	ld	hl, #___str_0
                            737 ;	genCall
   02C9 CDr00s00      [17]  738 	call	___fail
                            739 ;	genLabel
   02CC                     740 00116$:
                            741 ;cases/bitfirstleading/bitfirstleading_type_unsigned_long.c:38: ASSERT (stdc_first_leading_zero(i) == 1);
                            742 ;	genPlus
                            743 ;	genMove_o size 2 result type 2 source type 10 a_dead 1 hl_dead 1 de_dead 1 iy_dead 1 f_dead 1
   02CC 2Ar00s00      [16]  744 	ld	hl, (___numTests)
   02CF 23            [ 6]  745 	inc	hl
                            746 ;	genMove_o size 2 result type 10 source type 2 a_dead 1 hl_dead 1 de_dead 1 iy_dead 1 f_dead 1
   02D0 22r00s00      [16]  747 	ld	(___numTests), hl
                            748 ;	genXor
   02D3 3Ar00s00      [13]  749 	ld	a, (_i+0)
   02D6 2F            [ 4]  750 	cpl
                            751 ;	genMove_o size 1 result type 2 source type 2 a_dead 1 hl_dead 1 de_dead 0 iy_dead 1 f_dead 1
   02D7 4F            [ 4]  752 	ld	c, a
                            753 ;	genMove_o size 0 result type 2 source type 1 a_dead 0 hl_dead 1 de_dead 0 iy_dead 1 f_dead 1
   02D8 3Ar01s00      [13]  754 	ld	a, (_i+1)
   02DB 2F            [ 4]  755 	cpl
                            756 ;	genMove_o size 1 result type 2 source type 2 a_dead 1 hl_dead 1 de_dead 0 iy_dead 1 f_dead 1
   02DC 47            [ 4]  757 	ld	b, a
                            758 ;	genMove_o size 0 result type 2 source type 1 a_dead 0 hl_dead 1 de_dead 0 iy_dead 1 f_dead 1
   02DD 3Ar02s00      [13]  759 	ld	a, (_i+2)
   02E0 2F            [ 4]  760 	cpl
                            761 ;	genMove_o size 1 result type 2 source type 2 a_dead 1 hl_dead 1 de_dead 0 iy_dead 1 f_dead 1
   02E1 5F            [ 4]  762 	ld	e, a
                            763 ;	genMove_o size 0 result type 2 source type 1 a_dead 0 hl_dead 1 de_dead 0 iy_dead 1 f_dead 1
   02E2 3Ar03s00      [13]  764 	ld	a, (_i+3)
   02E5 2F            [ 4]  765 	cpl
                            766 ;	genMove_o size 1 result type 2 source type 2 a_dead 1 hl_dead 1 de_dead 0 iy_dead 1 f_dead 1
                            767 ;	genCast
                            768 ;	genMove_o size 4 result type 6 source type 2 a_dead 1 hl_dead 1 de_dead 1 iy_dead 1 f_dead 1
   02E6 E1            [10]  769 	pop	hl
   02E7 C5            [11]  770 	push	bc
   02E8 DD 73 FA      [19]  771 	ld	-6 (ix), e
   02EB DD 77 FB      [19]  772 	ld	-5 (ix), a
                            773 ;	genMove_o size 0 result type 6 source type 1 a_dead 1 hl_dead 1 de_dead 1 iy_dead 1 f_dead 1
                            774 ;	genMove_o size 4 result type 6 source type 1 a_dead 1 hl_dead 1 de_dead 1 iy_dead 1 f_dead 1
   02EE AF            [ 4]  775 	xor	a, a
   02EF DD 77 FC      [19]  776 	ld	-4 (ix), a
   02F2 DD 77 FD      [19]  777 	ld	-3 (ix), a
   02F5 DD 77 FE      [19]  778 	ld	-2 (ix), a
   02F8 DD 77 FF      [19]  779 	ld	-1 (ix), a
                            780 ;	genIpush
                            781 ;	genMove_o size 1 result type 2 source type 1 a_dead 1 hl_dead 1 de_dead 1 iy_dead 1 f_dead 1
   02FB 3E 20         [ 7]  782 	ld	a, #0x20
   02FD F5            [11]  783 	push	af
   02FE 33            [ 6]  784 	inc	sp
                            785 ;	genIpush
                            786 ;	genMove_o size 2 result type 2 source type 6 a_dead 1 hl_dead 1 de_dead 1 iy_dead 1 f_dead 1
                            787 ; common peephole 92a combined constant loads into register pair.
                            788 ;	genMove_o size 0 result type 2 source type 1 a_dead 1 hl_dead 1 de_dead 1 iy_dead 1 f_dead 1
                            789 ;	genMove_o size 2 result type 2 source type 6 a_dead 1 hl_dead 1 de_dead 1 iy_dead 1 f_dead 1
                            790 ; common peephole 92a combined constant loads into register pair.
   02FF 21 00 00      [10]  791 	ld	hl, #0x0
   0302 E5            [11]  792 	push	hl
                            793 ; common peephole 94d pushed register pair twice.
                            794 ;	genMove_o size 0 result type 2 source type 1 a_dead 1 hl_dead 1 de_dead 1 iy_dead 1 f_dead 1
   0303 E5            [11]  795 	push	hl
                            796 ;	genMove_o size 2 result type 2 source type 6 a_dead 1 hl_dead 1 de_dead 1 iy_dead 1 f_dead 1
   0304 DD 6E FA      [19]  797 	ld	l, -6 (ix)
   0307 DD 66 FB      [19]  798 	ld	h, -5 (ix)
                            799 ;	genMove_o size 0 result type 2 source type 1 a_dead 1 hl_dead 1 de_dead 1 iy_dead 1 f_dead 1
   030A E5            [11]  800 	push	hl
                            801 ;	genMove_o size 2 result type 2 source type 6 a_dead 1 hl_dead 1 de_dead 1 iy_dead 1 f_dead 1
   030B DD 6E F8      [19]  802 	ld	l, -8 (ix)
   030E DD 66 F9      [19]  803 	ld	h, -7 (ix)
                            804 ;	genMove_o size 0 result type 2 source type 1 a_dead 1 hl_dead 1 de_dead 1 iy_dead 1 f_dead 1
   0311 E5            [11]  805 	push	hl
                            806 ;	genCall
   0312 CDr00s00      [17]  807 	call	___stdc_first_leading_one
                            808 ;	genMove_o size 1 result type 2 source type 2 a_dead 1 hl_dead 1 de_dead 1 iy_dead 1 f_dead 1
                            809 ;	genCmpEq
   0315 FE 01         [ 7]  810 	cp	a, #0x01
                            811 ; common peephole 163 changed absolute to relative conditional jump.
   0317 28 11         [12]  812 	jr	z, 00118$
                            813 ; common peephole 81 removed jp by using inverse jump logic
                            814 ; common peephole 159 removed unused label 00249$.
                            815 ;	skipping generated iCode
                            816 ;	skipping iCode since result will be rematerialized
                            817 ;	skipping iCode since result will be rematerialized
                            818 ;	skipping iCode since result will be rematerialized
                            819 ;	skipping iCode since result will be rematerialized
                            820 ;	skipping iCode since result will be rematerialized
                            821 ;	skipping iCode since result will be rematerialized
                            822 ;	genIpush
                            823 ;	genMove_o size 2 result type 2 source type 1 a_dead 1 hl_dead 1 de_dead 1 iy_dead 1 f_dead 1
   0319 21 26 00      [10]  824 	ld	hl, #0x0026
   031C E5            [11]  825 	push	hl
                            826 ;	genIpush
                            827 ;	genMove_o size 2 result type 2 source type 7 a_dead 1 hl_dead 1 de_dead 1 iy_dead 1 f_dead 1
   031D 21rB7s05      [10]  828 	ld	hl, #___str_2
   0320 E5            [11]  829 	push	hl
                            830 ;	genSend
                            831 ;	genMove_o size 2 result type 2 source type 7 a_dead 1 hl_dead 1 de_dead 1 iy_dead 1 f_dead 1
   0321 11rF2s05      [10]  832 	ld	de, #___str_3
                            833 ;	genSend
                            834 ;	genMove_o size 2 result type 2 source type 7 a_dead 1 hl_dead 1 de_dead 0 iy_dead 1 f_dead 1
   0324 21r87s05      [10]  835 	ld	hl, #___str_0
                            836 ;	genCall
   0327 CDr00s00      [17]  837 	call	___fail
                            838 ;	genLabel
   032A                     839 00118$:
                            840 ;cases/bitfirstleading/bitfirstleading_type_unsigned_long.c:40: i = 0x7;
                            841 ;	genAssign
                            842 ;	genMove_o size 4 result type 10 source type 1 a_dead 1 hl_dead 1 de_dead 1 iy_dead 1 f_dead 1
                            843 ; common peephole 56 used hl instead of iy.
                            844 ; common peephole 130a removed unnecessary +0 from constant
   032A 21r00s00      [10]  845 	ld	hl, #_i
   032D 36 07         [10]  846 	ld	(hl), #0x07
   032F AF            [ 4]  847 	xor	a, a
   0330 32r01s00      [13]  848 	ld	(_i+1), a
   0333 32r02s00      [13]  849 	ld	(_i+2), a
   0336 32r03s00      [13]  850 	ld	(_i+3), a
                            851 ;cases/bitfirstleading/bitfirstleading_type_unsigned_long.c:41: ASSERT (stdc_first_leading_one(i) == OTHERBYTEBITS(i) + 6);
                            852 ;	genPlus
                            853 ;	genMove_o size 2 result type 2 source type 10 a_dead 1 hl_dead 1 de_dead 1 iy_dead 1 f_dead 1
   0339 2Ar00s00      [16]  854 	ld	hl, (___numTests)
   033C 23            [ 6]  855 	inc	hl
                            856 ;	genMove_o size 2 result type 10 source type 2 a_dead 1 hl_dead 1 de_dead 1 iy_dead 1 f_dead 1
   033D 22r00s00      [16]  857 	ld	(___numTests), hl
                            858 ;	genCast
                            859 ;	genMove_o size 4 result type 6 source type 10 a_dead 1 hl_dead 1 de_dead 1 iy_dead 1 f_dead 1
   0340 3Ar00s00      [13]  860 	ld	a, (_i+0)
   0343 DD 77 F8      [19]  861 	ld	-8 (ix), a
   0346 3Ar01s00      [13]  862 	ld	a, (_i+1)
   0349 DD 77 F9      [19]  863 	ld	-7 (ix), a
   034C 3Ar02s00      [13]  864 	ld	a, (_i+2)
   034F DD 77 FA      [19]  865 	ld	-6 (ix), a
   0352 3Ar03s00      [13]  866 	ld	a, (_i+3)
   0355 DD 77 FB      [19]  867 	ld	-5 (ix), a
                            868 ;	genMove_o size 4 result type 6 source type 1 a_dead 1 hl_dead 1 de_dead 1 iy_dead 1 f_dead 1
   0358 AF            [ 4]  869 	xor	a, a
   0359 DD 77 FC      [19]  870 	ld	-4 (ix), a
   035C DD 77 FD      [19]  871 	ld	-3 (ix), a
   035F DD 77 FE      [19]  872 	ld	-2 (ix), a
   0362 DD 77 FF      [19]  873 	ld	-1 (ix), a
                            874 ;	genIpush
                            875 ;	genMove_o size 1 result type 2 source type 1 a_dead 1 hl_dead 1 de_dead 1 iy_dead 1 f_dead 1
   0365 3E 20         [ 7]  876 	ld	a, #0x20
   0367 F5            [11]  877 	push	af
   0368 33            [ 6]  878 	inc	sp
                            879 ;	genIpush
                            880 ;	genMove_o size 2 result type 2 source type 6 a_dead 1 hl_dead 1 de_dead 1 iy_dead 1 f_dead 1
                            881 ; common peephole 92a combined constant loads into register pair.
                            882 ;	genMove_o size 0 result type 2 source type 1 a_dead 1 hl_dead 1 de_dead 1 iy_dead 1 f_dead 1
                            883 ;	genMove_o size 2 result type 2 source type 6 a_dead 1 hl_dead 1 de_dead 1 iy_dead 1 f_dead 1
                            884 ; common peephole 92a combined constant loads into register pair.
   0369 21 00 00      [10]  885 	ld	hl, #0x0
   036C E5            [11]  886 	push	hl
                            887 ; common peephole 94d pushed register pair twice.
                            888 ;	genMove_o size 0 result type 2 source type 1 a_dead 1 hl_dead 1 de_dead 1 iy_dead 1 f_dead 1
   036D E5            [11]  889 	push	hl
                            890 ;	genMove_o size 2 result type 2 source type 6 a_dead 1 hl_dead 1 de_dead 1 iy_dead 1 f_dead 1
   036E DD 6E FA      [19]  891 	ld	l, -6 (ix)
   0371 DD 66 FB      [19]  892 	ld	h, -5 (ix)
                            893 ;	genMove_o size 0 result type 2 source type 1 a_dead 1 hl_dead 1 de_dead 1 iy_dead 1 f_dead 1
   0374 E5            [11]  894 	push	hl
                            895 ;	genMove_o size 2 result type 2 source type 6 a_dead 1 hl_dead 1 de_dead 1 iy_dead 1 f_dead 1
   0375 DD 6E F8      [19]  896 	ld	l, -8 (ix)
   0378 DD 66 F9      [19]  897 	ld	h, -7 (ix)
                            898 ;	genMove_o size 0 result type 2 source type 1 a_dead 1 hl_dead 1 de_dead 1 iy_dead 1 f_dead 1
   037B E5            [11]  899 	push	hl
                            900 ;	genCall
   037C CDr00s00      [17]  901 	call	___stdc_first_leading_one
                            902 ;	genMove_o size 1 result type 2 source type 2 a_dead 1 hl_dead 1 de_dead 1 iy_dead 1 f_dead 1
                            903 ;	genCast
                            904 ;	(locations are the same)
                            905 ;	genCmpEq
   037F FE 1E         [ 7]  906 	cp	a, #0x1e
                            907 ; common peephole 163 changed absolute to relative conditional jump.
   0381 28 11         [12]  908 	jr	z, 00120$
                            909 ; common peephole 81 removed jp by using inverse jump logic
                            910 ; common peephole 159 removed unused label 00250$.
                            911 ;	skipping generated iCode
                            912 ;	skipping iCode since result will be rematerialized
                            913 ;	skipping iCode since result will be rematerialized
                            914 ;	skipping iCode since result will be rematerialized
                            915 ;	skipping iCode since result will be rematerialized
                            916 ;	skipping iCode since result will be rematerialized
                            917 ;	skipping iCode since result will be rematerialized
                            918 ;	genIpush
                            919 ;	genMove_o size 2 result type 2 source type 1 a_dead 1 hl_dead 1 de_dead 1 iy_dead 1 f_dead 1
   0383 21 29 00      [10]  920 	ld	hl, #0x0029
   0386 E5            [11]  921 	push	hl
                            922 ;	genIpush
                            923 ;	genMove_o size 2 result type 2 source type 7 a_dead 1 hl_dead 1 de_dead 1 iy_dead 1 f_dead 1
   0387 21rB7s05      [10]  924 	ld	hl, #___str_2
   038A E5            [11]  925 	push	hl
                            926 ;	genSend
                            927 ;	genMove_o size 2 result type 2 source type 7 a_dead 1 hl_dead 1 de_dead 1 iy_dead 1 f_dead 1
   038B 11r76s06      [10]  928 	ld	de, #___str_6
                            929 ;	genSend
                            930 ;	genMove_o size 2 result type 2 source type 7 a_dead 1 hl_dead 1 de_dead 0 iy_dead 1 f_dead 1
   038E 21r87s05      [10]  931 	ld	hl, #___str_0
                            932 ;	genCall
   0391 CDr00s00      [17]  933 	call	___fail
                            934 ;	genLabel
   0394                     935 00120$:
                            936 ;cases/bitfirstleading/bitfirstleading_type_unsigned_long.c:42: ASSERT (stdc_first_leading_zero(i) == 1);
                            937 ;	genPlus
                            938 ;	genMove_o size 2 result type 2 source type 10 a_dead 1 hl_dead 1 de_dead 1 iy_dead 1 f_dead 1
   0394 2Ar00s00      [16]  939 	ld	hl, (___numTests)
   0397 23            [ 6]  940 	inc	hl
                            941 ;	genMove_o size 2 result type 10 source type 2 a_dead 1 hl_dead 1 de_dead 1 iy_dead 1 f_dead 1
   0398 22r00s00      [16]  942 	ld	(___numTests), hl
                            943 ;	genXor
   039B 3Ar00s00      [13]  944 	ld	a, (_i+0)
   039E 2F            [ 4]  945 	cpl
                            946 ;	genMove_o size 1 result type 2 source type 2 a_dead 1 hl_dead 1 de_dead 0 iy_dead 1 f_dead 1
   039F 4F            [ 4]  947 	ld	c, a
                            948 ;	genMove_o size 0 result type 2 source type 1 a_dead 0 hl_dead 1 de_dead 0 iy_dead 1 f_dead 1
   03A0 3Ar01s00      [13]  949 	ld	a, (_i+1)
   03A3 2F            [ 4]  950 	cpl
                            951 ;	genMove_o size 1 result type 2 source type 2 a_dead 1 hl_dead 1 de_dead 0 iy_dead 1 f_dead 1
   03A4 47            [ 4]  952 	ld	b, a
                            953 ;	genMove_o size 0 result type 2 source type 1 a_dead 0 hl_dead 1 de_dead 0 iy_dead 1 f_dead 1
   03A5 3Ar02s00      [13]  954 	ld	a, (_i+2)
   03A8 2F            [ 4]  955 	cpl
                            956 ;	genMove_o size 1 result type 2 source type 2 a_dead 1 hl_dead 1 de_dead 0 iy_dead 1 f_dead 1
   03A9 5F            [ 4]  957 	ld	e, a
                            958 ;	genMove_o size 0 result type 2 source type 1 a_dead 0 hl_dead 1 de_dead 0 iy_dead 1 f_dead 1
   03AA 3Ar03s00      [13]  959 	ld	a, (_i+3)
   03AD 2F            [ 4]  960 	cpl
                            961 ;	genMove_o size 1 result type 2 source type 2 a_dead 1 hl_dead 1 de_dead 0 iy_dead 1 f_dead 1
                            962 ;	genCast
                            963 ;	genMove_o size 4 result type 6 source type 2 a_dead 1 hl_dead 1 de_dead 1 iy_dead 1 f_dead 1
   03AE E1            [10]  964 	pop	hl
   03AF C5            [11]  965 	push	bc
   03B0 DD 73 FA      [19]  966 	ld	-6 (ix), e
   03B3 DD 77 FB      [19]  967 	ld	-5 (ix), a
                            968 ;	genMove_o size 0 result type 6 source type 1 a_dead 1 hl_dead 1 de_dead 1 iy_dead 1 f_dead 1
                            969 ;	genMove_o size 4 result type 6 source type 1 a_dead 1 hl_dead 1 de_dead 1 iy_dead 1 f_dead 1
   03B6 AF            [ 4]  970 	xor	a, a
   03B7 DD 77 FC      [19]  971 	ld	-4 (ix), a
   03BA DD 77 FD      [19]  972 	ld	-3 (ix), a
   03BD DD 77 FE      [19]  973 	ld	-2 (ix), a
   03C0 DD 77 FF      [19]  974 	ld	-1 (ix), a
                            975 ;	genIpush
                            976 ;	genMove_o size 1 result type 2 source type 1 a_dead 1 hl_dead 1 de_dead 1 iy_dead 1 f_dead 1
   03C3 3E 20         [ 7]  977 	ld	a, #0x20
   03C5 F5            [11]  978 	push	af
   03C6 33            [ 6]  979 	inc	sp
                            980 ;	genIpush
                            981 ;	genMove_o size 2 result type 2 source type 6 a_dead 1 hl_dead 1 de_dead 1 iy_dead 1 f_dead 1
                            982 ; common peephole 92a combined constant loads into register pair.
                            983 ;	genMove_o size 0 result type 2 source type 1 a_dead 1 hl_dead 1 de_dead 1 iy_dead 1 f_dead 1
                            984 ;	genMove_o size 2 result type 2 source type 6 a_dead 1 hl_dead 1 de_dead 1 iy_dead 1 f_dead 1
                            985 ; common peephole 92a combined constant loads into register pair.
   03C7 21 00 00      [10]  986 	ld	hl, #0x0
   03CA E5            [11]  987 	push	hl
                            988 ; common peephole 94d pushed register pair twice.
                            989 ;	genMove_o size 0 result type 2 source type 1 a_dead 1 hl_dead 1 de_dead 1 iy_dead 1 f_dead 1
   03CB E5            [11]  990 	push	hl
                            991 ;	genMove_o size 2 result type 2 source type 6 a_dead 1 hl_dead 1 de_dead 1 iy_dead 1 f_dead 1
   03CC DD 6E FA      [19]  992 	ld	l, -6 (ix)
   03CF DD 66 FB      [19]  993 	ld	h, -5 (ix)
                            994 ;	genMove_o size 0 result type 2 source type 1 a_dead 1 hl_dead 1 de_dead 1 iy_dead 1 f_dead 1
   03D2 E5            [11]  995 	push	hl
                            996 ;	genMove_o size 2 result type 2 source type 6 a_dead 1 hl_dead 1 de_dead 1 iy_dead 1 f_dead 1
   03D3 DD 6E F8      [19]  997 	ld	l, -8 (ix)
   03D6 DD 66 F9      [19]  998 	ld	h, -7 (ix)
                            999 ;	genMove_o size 0 result type 2 source type 1 a_dead 1 hl_dead 1 de_dead 1 iy_dead 1 f_dead 1
   03D9 E5            [11] 1000 	push	hl
                           1001 ;	genCall
   03DA CDr00s00      [17] 1002 	call	___stdc_first_leading_one
                           1003 ;	genMove_o size 1 result type 2 source type 2 a_dead 1 hl_dead 1 de_dead 1 iy_dead 1 f_dead 1
                           1004 ;	genCmpEq
   03DD FE 01         [ 7] 1005 	cp	a, #0x01
                           1006 ; common peephole 163 changed absolute to relative conditional jump.
   03DF 28 11         [12] 1007 	jr	z, 00122$
                           1008 ; common peephole 81 removed jp by using inverse jump logic
                           1009 ; common peephole 159 removed unused label 00251$.
                           1010 ;	skipping generated iCode
                           1011 ;	skipping iCode since result will be rematerialized
                           1012 ;	skipping iCode since result will be rematerialized
                           1013 ;	skipping iCode since result will be rematerialized
                           1014 ;	skipping iCode since result will be rematerialized
                           1015 ;	skipping iCode since result will be rematerialized
                           1016 ;	skipping iCode since result will be rematerialized
                           1017 ;	genIpush
                           1018 ;	genMove_o size 2 result type 2 source type 1 a_dead 1 hl_dead 1 de_dead 1 iy_dead 1 f_dead 1
   03E1 21 2A 00      [10] 1019 	ld	hl, #0x002a
   03E4 E5            [11] 1020 	push	hl
                           1021 ;	genIpush
                           1022 ;	genMove_o size 2 result type 2 source type 7 a_dead 1 hl_dead 1 de_dead 1 iy_dead 1 f_dead 1
   03E5 21rB7s05      [10] 1023 	ld	hl, #___str_2
   03E8 E5            [11] 1024 	push	hl
                           1025 ;	genSend
                           1026 ;	genMove_o size 2 result type 2 source type 7 a_dead 1 hl_dead 1 de_dead 1 iy_dead 1 f_dead 1
   03E9 11rF2s05      [10] 1027 	ld	de, #___str_3
                           1028 ;	genSend
                           1029 ;	genMove_o size 2 result type 2 source type 7 a_dead 1 hl_dead 1 de_dead 0 iy_dead 1 f_dead 1
   03EC 21r87s05      [10] 1030 	ld	hl, #___str_0
                           1031 ;	genCall
   03EF CDr00s00      [17] 1032 	call	___fail
                           1033 ;	genLabel
   03F2                    1034 00122$:
                           1035 ;cases/bitfirstleading/bitfirstleading_type_unsigned_long.c:44: i = 0x8;
                           1036 ;	genAssign
                           1037 ;	genMove_o size 4 result type 10 source type 1 a_dead 1 hl_dead 1 de_dead 1 iy_dead 1 f_dead 1
                           1038 ; common peephole 56 used hl instead of iy.
                           1039 ; common peephole 130a removed unnecessary +0 from constant
   03F2 21r00s00      [10] 1040 	ld	hl, #_i
   03F5 36 08         [10] 1041 	ld	(hl), #0x08
   03F7 AF            [ 4] 1042 	xor	a, a
   03F8 32r01s00      [13] 1043 	ld	(_i+1), a
   03FB 32r02s00      [13] 1044 	ld	(_i+2), a
   03FE 32r03s00      [13] 1045 	ld	(_i+3), a
                           1046 ;cases/bitfirstleading/bitfirstleading_type_unsigned_long.c:45: ASSERT (stdc_first_leading_one(i) == OTHERBYTEBITS(i) + 5);
                           1047 ;	genPlus
                           1048 ;	genMove_o size 2 result type 2 source type 10 a_dead 1 hl_dead 1 de_dead 1 iy_dead 1 f_dead 1
   0401 2Ar00s00      [16] 1049 	ld	hl, (___numTests)
   0404 23            [ 6] 1050 	inc	hl
                           1051 ;	genMove_o size 2 result type 10 source type 2 a_dead 1 hl_dead 1 de_dead 1 iy_dead 1 f_dead 1
   0405 22r00s00      [16] 1052 	ld	(___numTests), hl
                           1053 ;	genCast
                           1054 ;	genMove_o size 4 result type 6 source type 10 a_dead 1 hl_dead 1 de_dead 1 iy_dead 1 f_dead 1
   0408 3Ar00s00      [13] 1055 	ld	a, (_i+0)
   040B DD 77 F8      [19] 1056 	ld	-8 (ix), a
   040E 3Ar01s00      [13] 1057 	ld	a, (_i+1)
   0411 DD 77 F9      [19] 1058 	ld	-7 (ix), a
   0414 3Ar02s00      [13] 1059 	ld	a, (_i+2)
   0417 DD 77 FA      [19] 1060 	ld	-6 (ix), a
   041A 3Ar03s00      [13] 1061 	ld	a, (_i+3)
   041D DD 77 FB      [19] 1062 	ld	-5 (ix), a
                           1063 ;	genMove_o size 4 result type 6 source type 1 a_dead 1 hl_dead 1 de_dead 1 iy_dead 1 f_dead 1
   0420 AF            [ 4] 1064 	xor	a, a
   0421 DD 77 FC      [19] 1065 	ld	-4 (ix), a
   0424 DD 77 FD      [19] 1066 	ld	-3 (ix), a
   0427 DD 77 FE      [19] 1067 	ld	-2 (ix), a
   042A DD 77 FF      [19] 1068 	ld	-1 (ix), a
                           1069 ;	genIpush
                           1070 ;	genMove_o size 1 result type 2 source type 1 a_dead 1 hl_dead 1 de_dead 1 iy_dead 1 f_dead 1
   042D 3E 20         [ 7] 1071 	ld	a, #0x20
   042F F5            [11] 1072 	push	af
   0430 33            [ 6] 1073 	inc	sp
                           1074 ;	genIpush
                           1075 ;	genMove_o size 2 result type 2 source type 6 a_dead 1 hl_dead 1 de_dead 1 iy_dead 1 f_dead 1
                           1076 ; common peephole 92a combined constant loads into register pair.
                           1077 ;	genMove_o size 0 result type 2 source type 1 a_dead 1 hl_dead 1 de_dead 1 iy_dead 1 f_dead 1
                           1078 ;	genMove_o size 2 result type 2 source type 6 a_dead 1 hl_dead 1 de_dead 1 iy_dead 1 f_dead 1
                           1079 ; common peephole 92a combined constant loads into register pair.
   0431 21 00 00      [10] 1080 	ld	hl, #0x0
   0434 E5            [11] 1081 	push	hl
                           1082 ; common peephole 94d pushed register pair twice.
                           1083 ;	genMove_o size 0 result type 2 source type 1 a_dead 1 hl_dead 1 de_dead 1 iy_dead 1 f_dead 1
   0435 E5            [11] 1084 	push	hl
                           1085 ;	genMove_o size 2 result type 2 source type 6 a_dead 1 hl_dead 1 de_dead 1 iy_dead 1 f_dead 1
   0436 DD 6E FA      [19] 1086 	ld	l, -6 (ix)
   0439 DD 66 FB      [19] 1087 	ld	h, -5 (ix)
                           1088 ;	genMove_o size 0 result type 2 source type 1 a_dead 1 hl_dead 1 de_dead 1 iy_dead 1 f_dead 1
   043C E5            [11] 1089 	push	hl
                           1090 ;	genMove_o size 2 result type 2 source type 6 a_dead 1 hl_dead 1 de_dead 1 iy_dead 1 f_dead 1
   043D DD 6E F8      [19] 1091 	ld	l, -8 (ix)
   0440 DD 66 F9      [19] 1092 	ld	h, -7 (ix)
                           1093 ;	genMove_o size 0 result type 2 source type 1 a_dead 1 hl_dead 1 de_dead 1 iy_dead 1 f_dead 1
   0443 E5            [11] 1094 	push	hl
                           1095 ;	genCall
   0444 CDr00s00      [17] 1096 	call	___stdc_first_leading_one
                           1097 ;	genMove_o size 1 result type 2 source type 2 a_dead 1 hl_dead 1 de_dead 1 iy_dead 1 f_dead 1
                           1098 ;	genCast
                           1099 ;	(locations are the same)
                           1100 ;	genCmpEq
   0447 FE 1D         [ 7] 1101 	cp	a, #0x1d
                           1102 ; common peephole 163 changed absolute to relative conditional jump.
   0449 28 11         [12] 1103 	jr	z, 00124$
                           1104 ; common peephole 81 removed jp by using inverse jump logic
                           1105 ; common peephole 159 removed unused label 00252$.
                           1106 ;	skipping generated iCode
                           1107 ;	skipping iCode since result will be rematerialized
                           1108 ;	skipping iCode since result will be rematerialized
                           1109 ;	skipping iCode since result will be rematerialized
                           1110 ;	skipping iCode since result will be rematerialized
                           1111 ;	skipping iCode since result will be rematerialized
                           1112 ;	skipping iCode since result will be rematerialized
                           1113 ;	genIpush
                           1114 ;	genMove_o size 2 result type 2 source type 1 a_dead 1 hl_dead 1 de_dead 1 iy_dead 1 f_dead 1
   044B 21 2D 00      [10] 1115 	ld	hl, #0x002d
   044E E5            [11] 1116 	push	hl
                           1117 ;	genIpush
                           1118 ;	genMove_o size 2 result type 2 source type 7 a_dead 1 hl_dead 1 de_dead 1 iy_dead 1 f_dead 1
   044F 21rB7s05      [10] 1119 	ld	hl, #___str_2
   0452 E5            [11] 1120 	push	hl
                           1121 ;	genSend
                           1122 ;	genMove_o size 2 result type 2 source type 7 a_dead 1 hl_dead 1 de_dead 1 iy_dead 1 f_dead 1
   0453 11rA8s06      [10] 1123 	ld	de, #___str_7
                           1124 ;	genSend
                           1125 ;	genMove_o size 2 result type 2 source type 7 a_dead 1 hl_dead 1 de_dead 0 iy_dead 1 f_dead 1
   0456 21r87s05      [10] 1126 	ld	hl, #___str_0
                           1127 ;	genCall
   0459 CDr00s00      [17] 1128 	call	___fail
                           1129 ;	genLabel
   045C                    1130 00124$:
                           1131 ;cases/bitfirstleading/bitfirstleading_type_unsigned_long.c:46: ASSERT (stdc_first_leading_zero(i) == 1);
                           1132 ;	genPlus
                           1133 ;	genMove_o size 2 result type 2 source type 10 a_dead 1 hl_dead 1 de_dead 1 iy_dead 1 f_dead 1
   045C 2Ar00s00      [16] 1134 	ld	hl, (___numTests)
   045F 23            [ 6] 1135 	inc	hl
                           1136 ;	genMove_o size 2 result type 10 source type 2 a_dead 1 hl_dead 1 de_dead 1 iy_dead 1 f_dead 1
   0460 22r00s00      [16] 1137 	ld	(___numTests), hl
                           1138 ;	genXor
   0463 3Ar00s00      [13] 1139 	ld	a, (_i+0)
   0466 2F            [ 4] 1140 	cpl
                           1141 ;	genMove_o size 1 result type 2 source type 2 a_dead 1 hl_dead 1 de_dead 0 iy_dead 1 f_dead 1
   0467 4F            [ 4] 1142 	ld	c, a
                           1143 ;	genMove_o size 0 result type 2 source type 1 a_dead 0 hl_dead 1 de_dead 0 iy_dead 1 f_dead 1
   0468 3Ar01s00      [13] 1144 	ld	a, (_i+1)
   046B 2F            [ 4] 1145 	cpl
                           1146 ;	genMove_o size 1 result type 2 source type 2 a_dead 1 hl_dead 1 de_dead 0 iy_dead 1 f_dead 1
   046C 47            [ 4] 1147 	ld	b, a
                           1148 ;	genMove_o size 0 result type 2 source type 1 a_dead 0 hl_dead 1 de_dead 0 iy_dead 1 f_dead 1
   046D 3Ar02s00      [13] 1149 	ld	a, (_i+2)
   0470 2F            [ 4] 1150 	cpl
                           1151 ;	genMove_o size 1 result type 2 source type 2 a_dead 1 hl_dead 1 de_dead 0 iy_dead 1 f_dead 1
   0471 5F            [ 4] 1152 	ld	e, a
                           1153 ;	genMove_o size 0 result type 2 source type 1 a_dead 0 hl_dead 1 de_dead 0 iy_dead 1 f_dead 1
   0472 3Ar03s00      [13] 1154 	ld	a, (_i+3)
   0475 2F            [ 4] 1155 	cpl
                           1156 ;	genMove_o size 1 result type 2 source type 2 a_dead 1 hl_dead 1 de_dead 0 iy_dead 1 f_dead 1
                           1157 ;	genCast
                           1158 ;	genMove_o size 4 result type 6 source type 2 a_dead 1 hl_dead 1 de_dead 1 iy_dead 1 f_dead 1
   0476 E1            [10] 1159 	pop	hl
   0477 C5            [11] 1160 	push	bc
   0478 DD 73 FA      [19] 1161 	ld	-6 (ix), e
   047B DD 77 FB      [19] 1162 	ld	-5 (ix), a
                           1163 ;	genMove_o size 0 result type 6 source type 1 a_dead 1 hl_dead 1 de_dead 1 iy_dead 1 f_dead 1
                           1164 ;	genMove_o size 4 result type 6 source type 1 a_dead 1 hl_dead 1 de_dead 1 iy_dead 1 f_dead 1
   047E AF            [ 4] 1165 	xor	a, a
   047F DD 77 FC      [19] 1166 	ld	-4 (ix), a
   0482 DD 77 FD      [19] 1167 	ld	-3 (ix), a
   0485 DD 77 FE      [19] 1168 	ld	-2 (ix), a
   0488 DD 77 FF      [19] 1169 	ld	-1 (ix), a
                           1170 ;	genIpush
                           1171 ;	genMove_o size 1 result type 2 source type 1 a_dead 1 hl_dead 1 de_dead 1 iy_dead 1 f_dead 1
   048B 3E 20         [ 7] 1172 	ld	a, #0x20
   048D F5            [11] 1173 	push	af
   048E 33            [ 6] 1174 	inc	sp
                           1175 ;	genIpush
                           1176 ;	genMove_o size 2 result type 2 source type 6 a_dead 1 hl_dead 1 de_dead 1 iy_dead 1 f_dead 1
                           1177 ; common peephole 92a combined constant loads into register pair.
                           1178 ;	genMove_o size 0 result type 2 source type 1 a_dead 1 hl_dead 1 de_dead 1 iy_dead 1 f_dead 1
                           1179 ;	genMove_o size 2 result type 2 source type 6 a_dead 1 hl_dead 1 de_dead 1 iy_dead 1 f_dead 1
                           1180 ; common peephole 92a combined constant loads into register pair.
   048F 21 00 00      [10] 1181 	ld	hl, #0x0
   0492 E5            [11] 1182 	push	hl
                           1183 ; common peephole 94d pushed register pair twice.
                           1184 ;	genMove_o size 0 result type 2 source type 1 a_dead 1 hl_dead 1 de_dead 1 iy_dead 1 f_dead 1
   0493 E5            [11] 1185 	push	hl
                           1186 ;	genMove_o size 2 result type 2 source type 6 a_dead 1 hl_dead 1 de_dead 1 iy_dead 1 f_dead 1
   0494 DD 6E FA      [19] 1187 	ld	l, -6 (ix)
   0497 DD 66 FB      [19] 1188 	ld	h, -5 (ix)
                           1189 ;	genMove_o size 0 result type 2 source type 1 a_dead 1 hl_dead 1 de_dead 1 iy_dead 1 f_dead 1
   049A E5            [11] 1190 	push	hl
                           1191 ;	genMove_o size 2 result type 2 source type 6 a_dead 1 hl_dead 1 de_dead 1 iy_dead 1 f_dead 1
   049B DD 6E F8      [19] 1192 	ld	l, -8 (ix)
   049E DD 66 F9      [19] 1193 	ld	h, -7 (ix)
                           1194 ;	genMove_o size 0 result type 2 source type 1 a_dead 1 hl_dead 1 de_dead 1 iy_dead 1 f_dead 1
   04A1 E5            [11] 1195 	push	hl
                           1196 ;	genCall
   04A2 CDr00s00      [17] 1197 	call	___stdc_first_leading_one
                           1198 ;	genMove_o size 1 result type 2 source type 2 a_dead 1 hl_dead 1 de_dead 1 iy_dead 1 f_dead 1
                           1199 ;	genCmpEq
   04A5 FE 01         [ 7] 1200 	cp	a, #0x01
                           1201 ; common peephole 163 changed absolute to relative conditional jump.
   04A7 28 11         [12] 1202 	jr	z, 00126$
                           1203 ; common peephole 81 removed jp by using inverse jump logic
                           1204 ; common peephole 159 removed unused label 00253$.
                           1205 ;	skipping generated iCode
                           1206 ;	skipping iCode since result will be rematerialized
                           1207 ;	skipping iCode since result will be rematerialized
                           1208 ;	skipping iCode since result will be rematerialized
                           1209 ;	skipping iCode since result will be rematerialized
                           1210 ;	skipping iCode since result will be rematerialized
                           1211 ;	skipping iCode since result will be rematerialized
                           1212 ;	genIpush
                           1213 ;	genMove_o size 2 result type 2 source type 1 a_dead 1 hl_dead 1 de_dead 1 iy_dead 1 f_dead 1
   04A9 21 2E 00      [10] 1214 	ld	hl, #0x002e
   04AC E5            [11] 1215 	push	hl
                           1216 ;	genIpush
                           1217 ;	genMove_o size 2 result type 2 source type 7 a_dead 1 hl_dead 1 de_dead 1 iy_dead 1 f_dead 1
   04AD 21rB7s05      [10] 1218 	ld	hl, #___str_2
   04B0 E5            [11] 1219 	push	hl
                           1220 ;	genSend
                           1221 ;	genMove_o size 2 result type 2 source type 7 a_dead 1 hl_dead 1 de_dead 1 iy_dead 1 f_dead 1
   04B1 11rF2s05      [10] 1222 	ld	de, #___str_3
                           1223 ;	genSend
                           1224 ;	genMove_o size 2 result type 2 source type 7 a_dead 1 hl_dead 1 de_dead 0 iy_dead 1 f_dead 1
   04B4 21r87s05      [10] 1225 	ld	hl, #___str_0
                           1226 ;	genCall
   04B7 CDr00s00      [17] 1227 	call	___fail
                           1228 ;	genLabel
   04BA                    1229 00126$:
                           1230 ;cases/bitfirstleading/bitfirstleading_type_unsigned_long.c:48: i = 0x9;
                           1231 ;	genAssign
                           1232 ;	genMove_o size 4 result type 10 source type 1 a_dead 1 hl_dead 1 de_dead 1 iy_dead 1 f_dead 1
                           1233 ; common peephole 56 used hl instead of iy.
                           1234 ; common peephole 130a removed unnecessary +0 from constant
   04BA 21r00s00      [10] 1235 	ld	hl, #_i
   04BD 36 09         [10] 1236 	ld	(hl), #0x09
   04BF AF            [ 4] 1237 	xor	a, a
   04C0 32r01s00      [13] 1238 	ld	(_i+1), a
   04C3 32r02s00      [13] 1239 	ld	(_i+2), a
   04C6 32r03s00      [13] 1240 	ld	(_i+3), a
                           1241 ;cases/bitfirstleading/bitfirstleading_type_unsigned_long.c:49: ASSERT (stdc_first_leading_one(i) == OTHERBYTEBITS(i) + 5);
                           1242 ;	genPlus
                           1243 ;	genMove_o size 2 result type 2 source type 10 a_dead 1 hl_dead 1 de_dead 1 iy_dead 1 f_dead 1
   04C9 2Ar00s00      [16] 1244 	ld	hl, (___numTests)
   04CC 23            [ 6] 1245 	inc	hl
                           1246 ;	genMove_o size 2 result type 10 source type 2 a_dead 1 hl_dead 1 de_dead 1 iy_dead 1 f_dead 1
   04CD 22r00s00      [16] 1247 	ld	(___numTests), hl
                           1248 ;	genCast
                           1249 ;	genMove_o size 4 result type 6 source type 10 a_dead 1 hl_dead 1 de_dead 1 iy_dead 1 f_dead 1
   04D0 3Ar00s00      [13] 1250 	ld	a, (_i+0)
   04D3 DD 77 F8      [19] 1251 	ld	-8 (ix), a
   04D6 3Ar01s00      [13] 1252 	ld	a, (_i+1)
   04D9 DD 77 F9      [19] 1253 	ld	-7 (ix), a
   04DC 3Ar02s00      [13] 1254 	ld	a, (_i+2)
   04DF DD 77 FA      [19] 1255 	ld	-6 (ix), a
   04E2 3Ar03s00      [13] 1256 	ld	a, (_i+3)
   04E5 DD 77 FB      [19] 1257 	ld	-5 (ix), a
                           1258 ;	genMove_o size 4 result type 6 source type 1 a_dead 1 hl_dead 1 de_dead 1 iy_dead 1 f_dead 1
   04E8 AF            [ 4] 1259 	xor	a, a
   04E9 DD 77 FC      [19] 1260 	ld	-4 (ix), a
   04EC DD 77 FD      [19] 1261 	ld	-3 (ix), a
   04EF DD 77 FE      [19] 1262 	ld	-2 (ix), a
   04F2 DD 77 FF      [19] 1263 	ld	-1 (ix), a
                           1264 ;	genIpush
                           1265 ;	genMove_o size 1 result type 2 source type 1 a_dead 1 hl_dead 1 de_dead 1 iy_dead 1 f_dead 1
   04F5 3E 20         [ 7] 1266 	ld	a, #0x20
   04F7 F5            [11] 1267 	push	af
   04F8 33            [ 6] 1268 	inc	sp
                           1269 ;	genIpush
                           1270 ;	genMove_o size 2 result type 2 source type 6 a_dead 1 hl_dead 1 de_dead 1 iy_dead 1 f_dead 1
                           1271 ; common peephole 92a combined constant loads into register pair.
                           1272 ;	genMove_o size 0 result type 2 source type 1 a_dead 1 hl_dead 1 de_dead 1 iy_dead 1 f_dead 1
                           1273 ;	genMove_o size 2 result type 2 source type 6 a_dead 1 hl_dead 1 de_dead 1 iy_dead 1 f_dead 1
                           1274 ; common peephole 92a combined constant loads into register pair.
   04F9 21 00 00      [10] 1275 	ld	hl, #0x0
   04FC E5            [11] 1276 	push	hl
                           1277 ; common peephole 94d pushed register pair twice.
                           1278 ;	genMove_o size 0 result type 2 source type 1 a_dead 1 hl_dead 1 de_dead 1 iy_dead 1 f_dead 1
   04FD E5            [11] 1279 	push	hl
                           1280 ;	genMove_o size 2 result type 2 source type 6 a_dead 1 hl_dead 1 de_dead 1 iy_dead 1 f_dead 1
   04FE DD 6E FA      [19] 1281 	ld	l, -6 (ix)
   0501 DD 66 FB      [19] 1282 	ld	h, -5 (ix)
                           1283 ;	genMove_o size 0 result type 2 source type 1 a_dead 1 hl_dead 1 de_dead 1 iy_dead 1 f_dead 1
   0504 E5            [11] 1284 	push	hl
                           1285 ;	genMove_o size 2 result type 2 source type 6 a_dead 1 hl_dead 1 de_dead 1 iy_dead 1 f_dead 1
   0505 DD 6E F8      [19] 1286 	ld	l, -8 (ix)
   0508 DD 66 F9      [19] 1287 	ld	h, -7 (ix)
                           1288 ;	genMove_o size 0 result type 2 source type 1 a_dead 1 hl_dead 1 de_dead 1 iy_dead 1 f_dead 1
   050B E5            [11] 1289 	push	hl
                           1290 ;	genCall
   050C CDr00s00      [17] 1291 	call	___stdc_first_leading_one
                           1292 ;	genMove_o size 1 result type 2 source type 2 a_dead 1 hl_dead 1 de_dead 1 iy_dead 1 f_dead 1
                           1293 ;	genCast
                           1294 ;	(locations are the same)
                           1295 ;	genCmpEq
   050F FE 1D         [ 7] 1296 	cp	a, #0x1d
                           1297 ; common peephole 163 changed absolute to relative conditional jump.
   0511 28 11         [12] 1298 	jr	z, 00128$
                           1299 ; common peephole 81 removed jp by using inverse jump logic
                           1300 ; common peephole 159 removed unused label 00254$.
                           1301 ;	skipping generated iCode
                           1302 ;	skipping iCode since result will be rematerialized
                           1303 ;	skipping iCode since result will be rematerialized
                           1304 ;	skipping iCode since result will be rematerialized
                           1305 ;	skipping iCode since result will be rematerialized
                           1306 ;	skipping iCode since result will be rematerialized
                           1307 ;	skipping iCode since result will be rematerialized
                           1308 ;	genIpush
                           1309 ;	genMove_o size 2 result type 2 source type 1 a_dead 1 hl_dead 1 de_dead 1 iy_dead 1 f_dead 1
   0513 21 31 00      [10] 1310 	ld	hl, #0x0031
   0516 E5            [11] 1311 	push	hl
                           1312 ;	genIpush
                           1313 ;	genMove_o size 2 result type 2 source type 7 a_dead 1 hl_dead 1 de_dead 1 iy_dead 1 f_dead 1
   0517 21rB7s05      [10] 1314 	ld	hl, #___str_2
   051A E5            [11] 1315 	push	hl
                           1316 ;	genSend
                           1317 ;	genMove_o size 2 result type 2 source type 7 a_dead 1 hl_dead 1 de_dead 1 iy_dead 1 f_dead 1
   051B 11rA8s06      [10] 1318 	ld	de, #___str_7
                           1319 ;	genSend
                           1320 ;	genMove_o size 2 result type 2 source type 7 a_dead 1 hl_dead 1 de_dead 0 iy_dead 1 f_dead 1
   051E 21r87s05      [10] 1321 	ld	hl, #___str_0
                           1322 ;	genCall
   0521 CDr00s00      [17] 1323 	call	___fail
                           1324 ;	genLabel
   0524                    1325 00128$:
                           1326 ;cases/bitfirstleading/bitfirstleading_type_unsigned_long.c:50: ASSERT (stdc_first_leading_zero(i) == 1);
                           1327 ;	genPlus
                           1328 ;	genMove_o size 2 result type 2 source type 10 a_dead 1 hl_dead 1 de_dead 1 iy_dead 1 f_dead 1
   0524 2Ar00s00      [16] 1329 	ld	hl, (___numTests)
   0527 23            [ 6] 1330 	inc	hl
                           1331 ;	genMove_o size 2 result type 10 source type 2 a_dead 1 hl_dead 1 de_dead 1 iy_dead 1 f_dead 1
   0528 22r00s00      [16] 1332 	ld	(___numTests), hl
                           1333 ;	genXor
   052B 3Ar00s00      [13] 1334 	ld	a, (_i+0)
   052E 2F            [ 4] 1335 	cpl
                           1336 ;	genMove_o size 1 result type 2 source type 2 a_dead 1 hl_dead 1 de_dead 0 iy_dead 1 f_dead 1
   052F 4F            [ 4] 1337 	ld	c, a
                           1338 ;	genMove_o size 0 result type 2 source type 1 a_dead 0 hl_dead 1 de_dead 0 iy_dead 1 f_dead 1
   0530 3Ar01s00      [13] 1339 	ld	a, (_i+1)
   0533 2F            [ 4] 1340 	cpl
                           1341 ;	genMove_o size 1 result type 2 source type 2 a_dead 1 hl_dead 1 de_dead 0 iy_dead 1 f_dead 1
   0534 47            [ 4] 1342 	ld	b, a
                           1343 ;	genMove_o size 0 result type 2 source type 1 a_dead 0 hl_dead 1 de_dead 0 iy_dead 1 f_dead 1
   0535 3Ar02s00      [13] 1344 	ld	a, (_i+2)
   0538 2F            [ 4] 1345 	cpl
                           1346 ;	genMove_o size 1 result type 2 source type 2 a_dead 1 hl_dead 1 de_dead 0 iy_dead 1 f_dead 1
   0539 5F            [ 4] 1347 	ld	e, a
                           1348 ;	genMove_o size 0 result type 2 source type 1 a_dead 0 hl_dead 1 de_dead 0 iy_dead 1 f_dead 1
   053A 3Ar03s00      [13] 1349 	ld	a, (_i+3)
   053D 2F            [ 4] 1350 	cpl
                           1351 ;	genMove_o size 1 result type 2 source type 2 a_dead 1 hl_dead 1 de_dead 0 iy_dead 1 f_dead 1
                           1352 ;	genCast
                           1353 ;	genMove_o size 4 result type 6 source type 2 a_dead 1 hl_dead 1 de_dead 1 iy_dead 1 f_dead 1
   053E E1            [10] 1354 	pop	hl
   053F C5            [11] 1355 	push	bc
   0540 DD 73 FA      [19] 1356 	ld	-6 (ix), e
   0543 DD 77 FB      [19] 1357 	ld	-5 (ix), a
                           1358 ;	genMove_o size 0 result type 6 source type 1 a_dead 1 hl_dead 1 de_dead 1 iy_dead 1 f_dead 1
                           1359 ;	genMove_o size 4 result type 6 source type 1 a_dead 1 hl_dead 1 de_dead 1 iy_dead 1 f_dead 1
   0546 AF            [ 4] 1360 	xor	a, a
   0547 DD 77 FC      [19] 1361 	ld	-4 (ix), a
   054A DD 77 FD      [19] 1362 	ld	-3 (ix), a
   054D DD 77 FE      [19] 1363 	ld	-2 (ix), a
   0550 DD 77 FF      [19] 1364 	ld	-1 (ix), a
                           1365 ;	genIpush
                           1366 ;	genMove_o size 1 result type 2 source type 1 a_dead 1 hl_dead 1 de_dead 1 iy_dead 1 f_dead 1
   0553 3E 20         [ 7] 1367 	ld	a, #0x20
   0555 F5            [11] 1368 	push	af
   0556 33            [ 6] 1369 	inc	sp
                           1370 ;	genIpush
                           1371 ;	genMove_o size 2 result type 2 source type 6 a_dead 1 hl_dead 1 de_dead 1 iy_dead 1 f_dead 1
                           1372 ; common peephole 92a combined constant loads into register pair.
                           1373 ;	genMove_o size 0 result type 2 source type 1 a_dead 1 hl_dead 1 de_dead 1 iy_dead 1 f_dead 1
                           1374 ;	genMove_o size 2 result type 2 source type 6 a_dead 1 hl_dead 1 de_dead 1 iy_dead 1 f_dead 1
                           1375 ; common peephole 92a combined constant loads into register pair.
   0557 21 00 00      [10] 1376 	ld	hl, #0x0
   055A E5            [11] 1377 	push	hl
                           1378 ; common peephole 94d pushed register pair twice.
                           1379 ;	genMove_o size 0 result type 2 source type 1 a_dead 1 hl_dead 1 de_dead 1 iy_dead 1 f_dead 1
   055B E5            [11] 1380 	push	hl
                           1381 ;	genMove_o size 2 result type 2 source type 6 a_dead 1 hl_dead 1 de_dead 1 iy_dead 1 f_dead 1
   055C DD 6E FA      [19] 1382 	ld	l, -6 (ix)
   055F DD 66 FB      [19] 1383 	ld	h, -5 (ix)
                           1384 ;	genMove_o size 0 result type 2 source type 1 a_dead 1 hl_dead 1 de_dead 1 iy_dead 1 f_dead 1
   0562 E5            [11] 1385 	push	hl
                           1386 ;	genMove_o size 2 result type 2 source type 6 a_dead 1 hl_dead 1 de_dead 1 iy_dead 1 f_dead 1
   0563 DD 6E F8      [19] 1387 	ld	l, -8 (ix)
   0566 DD 66 F9      [19] 1388 	ld	h, -7 (ix)
                           1389 ;	genMove_o size 0 result type 2 source type 1 a_dead 1 hl_dead 1 de_dead 1 iy_dead 1 f_dead 1
   0569 E5            [11] 1390 	push	hl
                           1391 ;	genCall
   056A CDr00s00      [17] 1392 	call	___stdc_first_leading_one
                           1393 ;	genMove_o size 1 result type 2 source type 2 a_dead 1 hl_dead 1 de_dead 1 iy_dead 1 f_dead 1
                           1394 ;	genCmpEq
   056D FE 01         [ 7] 1395 	cp	a, #0x01
                           1396 ; common peephole 163 changed absolute to relative conditional jump.
   056F 28 11         [12] 1397 	jr	z, 00101$
                           1398 ; common peephole 81 removed jp by using inverse jump logic
                           1399 ; common peephole 159 removed unused label 00255$.
                           1400 ;	skipping generated iCode
                           1401 ;	skipping iCode since result will be rematerialized
                           1402 ;	skipping iCode since result will be rematerialized
                           1403 ;	skipping iCode since result will be rematerialized
                           1404 ;	skipping iCode since result will be rematerialized
                           1405 ;	skipping iCode since result will be rematerialized
                           1406 ;	skipping iCode since result will be rematerialized
                           1407 ;	genIpush
                           1408 ;	genMove_o size 2 result type 2 source type 1 a_dead 1 hl_dead 1 de_dead 1 iy_dead 1 f_dead 1
   0571 21 32 00      [10] 1409 	ld	hl, #0x0032
   0574 E5            [11] 1410 	push	hl
                           1411 ;	genIpush
                           1412 ;	genMove_o size 2 result type 2 source type 7 a_dead 1 hl_dead 1 de_dead 1 iy_dead 1 f_dead 1
   0575 21rB7s05      [10] 1413 	ld	hl, #___str_2
   0578 E5            [11] 1414 	push	hl
                           1415 ;	genSend
                           1416 ;	genMove_o size 2 result type 2 source type 7 a_dead 1 hl_dead 1 de_dead 1 iy_dead 1 f_dead 1
   0579 11rF2s05      [10] 1417 	ld	de, #___str_3
                           1418 ;	genSend
                           1419 ;	genMove_o size 2 result type 2 source type 7 a_dead 1 hl_dead 1 de_dead 0 iy_dead 1 f_dead 1
   057C 21r87s05      [10] 1420 	ld	hl, #___str_0
                           1421 ;	genCall
   057F CDr00s00      [17] 1422 	call	___fail
                           1423 ;	genLabel
   0582                    1424 00101$:
                           1425 ;cases/bitfirstleading/bitfirstleading_type_unsigned_long.c:53: }
                           1426 ;	genEndFunction
   0582 DD F9         [10] 1427 	ld	sp, ix
   0584 DD E1         [14] 1428 	pop	ix
   0586 C9            [10] 1429 	ret
                           1430 ;	Total testTrailing function size at codegen: 5 bytes.
   0587                    1431 ___str_0:
   0587 41 73 73 65 72 74  1432 	.ascii "Assertion failed"
        69 6F 6E 20 66 61
        69 6C 65 64
   0597 00                 1433 	.db 0x00
   0598                    1434 ___str_1:
   0598 73 74 64 63 5F 66  1435 	.ascii "stdc_first_leading_one(i) == 0"
        69 72 73 74 5F 6C
        65 61 64 69 6E 67
        5F 6F 6E 65 28 69
        29 20 3D 3D 20 30
   05B6 00                 1436 	.db 0x00
   05B7                    1437 ___str_2:
   05B7 63 61 73 65 73 2F  1438 	.ascii "cases/bitfirstleading/bitfirstleading_type_unsigned_long.c"
        62 69 74 66 69 72
        73 74 6C 65 61 64
        69 6E 67 2F 62 69
        74 66 69 72 73 74
        6C 65 61 64 69 6E
        67 5F 74 79 70 65
        5F 75 6E 73 69 67
        6E 65 64 5F 6C 6F
        6E 67 2E 63
   05F1 00                 1439 	.db 0x00
   05F2                    1440 ___str_3:
   05F2 73 74 64 63 5F 66  1441 	.ascii "stdc_first_leading_zero(i) == 1"
        69 72 73 74 5F 6C
        65 61 64 69 6E 67
        5F 7A 65 72 6F 28
        69 29 20 3D 3D 20
        31
   0611 00                 1442 	.db 0x00
   0612                    1443 ___str_4:
   0612 73 74 64 63 5F 66  1444 	.ascii "stdc_first_leading_one(i) == OTHERBYTEBITS(i) + 8"
        69 72 73 74 5F 6C
        65 61 64 69 6E 67
        5F 6F 6E 65 28 69
        29 20 3D 3D 20 4F
        54 48 45 52 42 59
        54 45 42 49 54 53
        28 69 29 20 2B 20
        38
   0643 00                 1445 	.db 0x00
   0644                    1446 ___str_5:
   0644 73 74 64 63 5F 66  1447 	.ascii "stdc_first_leading_one(i) == OTHERBYTEBITS(i) + 7"
        69 72 73 74 5F 6C
        65 61 64 69 6E 67
        5F 6F 6E 65 28 69
        29 20 3D 3D 20 4F
        54 48 45 52 42 59
        54 45 42 49 54 53
        28 69 29 20 2B 20
        37
   0675 00                 1448 	.db 0x00
   0676                    1449 ___str_6:
   0676 73 74 64 63 5F 66  1450 	.ascii "stdc_first_leading_one(i) == OTHERBYTEBITS(i) + 6"
        69 72 73 74 5F 6C
        65 61 64 69 6E 67
        5F 6F 6E 65 28 69
        29 20 3D 3D 20 4F
        54 48 45 52 42 59
        54 45 42 49 54 53
        28 69 29 20 2B 20
        36
   06A7 00                 1451 	.db 0x00
   06A8                    1452 ___str_7:
   06A8 73 74 64 63 5F 66  1453 	.ascii "stdc_first_leading_one(i) == OTHERBYTEBITS(i) + 5"
        69 72 73 74 5F 6C
        65 61 64 69 6E 67
        5F 6F 6E 65 28 69
        29 20 3D 3D 20 4F
        54 48 45 52 42 59
        54 45 42 49 54 53
        28 69 29 20 2B 20
        35
   06D9 00                 1454 	.db 0x00
                           1455 ;cases/bitfirstleading/bitfirstleading_type_unsigned_long.c:57: __runSuite(void)
                           1456 ;	genLabel
                           1457 ;	genFunction
                           1458 ;	---------------------------------
                           1459 ; Function __runSuite
                           1460 ; ---------------------------------
                           1461 ;	Register assignment is optimal.
                           1462 ; Stack space usage: 0 bytes.
   06DA                    1463 ___runSuite::
                           1464 ;cases/bitfirstleading/bitfirstleading_type_unsigned_long.c:59: __prints("Running testTrailing\n");
                           1465 ;	skipping iCode since result will be rematerialized
                           1466 ;	skipping iCode since result will be rematerialized
                           1467 ;	genSend
                           1468 ;	genMove_o size 2 result type 2 source type 7 a_dead 1 hl_dead 1 de_dead 1 iy_dead 1 f_dead 1
   06DA 21rE3s06      [10] 1469 	ld	hl, #___str_8
                           1470 ;	genCall
   06DD CDr00s00      [17] 1471 	call	___prints
                           1472 ;cases/bitfirstleading/bitfirstleading_type_unsigned_long.c:60: testTrailing();
                           1473 ;	genCall
                           1474 ;	genLabel
                           1475 ; common peephole 159 removed unused label 00101$.
                           1476 ;cases/bitfirstleading/bitfirstleading_type_unsigned_long.c:61: }
                           1477 ;	genEndFunction
   06E0 C3r00s00      [10] 1478 	jp	_testTrailing
                           1479 ; common peephole 152 removed unused ret.
                           1480 ;	Total __runSuite function size at codegen: 1 bytes.
   06E3                    1481 ___str_8:
   06E3 52 75 6E 6E 69 6E  1482 	.ascii "Running testTrailing"
        67 20 74 65 73 74
        54 72 61 69 6C 69
        6E 67
   06F7 0A                 1483 	.db 0x0a
   06F8 00                 1484 	.db 0x00
                           1485 ;cases/bitfirstleading/bitfirstleading_type_unsigned_long.c:66: __getSuiteName(void)
                           1486 ;	genLabel
                           1487 ;	genFunction
                           1488 ;	---------------------------------
                           1489 ; Function __getSuiteName
                           1490 ; ---------------------------------
                           1491 ;	Register assignment is optimal.
                           1492 ; Stack space usage: 0 bytes.
   06F9                    1493 ___getSuiteName::
                           1494 ;cases/bitfirstleading/bitfirstleading_type_unsigned_long.c:68: return "bitfirstleading_type_unsigned_long";
                           1495 ;	skipping iCode since result will be rematerialized
                           1496 ;	skipping iCode since result will be rematerialized
                           1497 ;	genRet
                           1498 ;	genMove_o size 2 result type 2 source type 7 a_dead 1 hl_dead 1 de_dead 1 iy_dead 1 f_dead 1
   06F9 11rFFs06      [10] 1499 	ld	de, #___str_9
                           1500 ;	genLabel
                           1501 ; common peephole 159 removed unused label 00101$.
                           1502 ;cases/bitfirstleading/bitfirstleading_type_unsigned_long.c:69: }
                           1503 ;	genEndFunction
   06FC C9            [10] 1504 	ret
                           1505 ;	Total __getSuiteName function size at codegen: 1 bytes.
   06FD                    1506 ___numCases:
   06FD 01 00              1507 	.dw #0x0001
   06FF                    1508 ___str_9:
   06FF 62 69 74 66 69 72  1509 	.ascii "bitfirstleading_type_unsigned_long"
        73 74 6C 65 61 64
        69 6E 67 5F 74 79
        70 65 5F 75 6E 73
        69 67 6E 65 64 5F
        6C 6F 6E 67
   0721 00                 1510 	.db 0x00
                           1511 	.area _CODE (BANK=_CSEG)
                           1512 	.area _INITIALIZER
                           1513 	.area _CABS (ABS)
