                              1 ;--------------------------------------------------------
                              2 ; File Created by SDCC : free open source ISO C Compiler
                              3 ; Version 4.6.2 #16710 (Linux)
                              4 ;--------------------------------------------------------
                              5 	.module bitfields_bits1_preBits_16_pattern_0_varType_4
                              6 	
                              7 ;--------------------------------------------------------
                              8 ; Public variables in this module
                              9 ;--------------------------------------------------------
                             10 	.globl _bit_test_7
                             11 	.globl _bit_test_6
                             12 	.globl _bit_test_5
                             13 	.globl _bit_test_4
                             14 	.globl _bit_test_3
                             15 	.globl _bit_test_2
                             16 	.globl _bit_test_1
                             17 	.globl _bit_test_0
                             18 	.globl _bits_set_value
                             19 	.globl _bits_check_value
                             20 	.globl _dummy_f
                             21 	.globl ___prints
                             22 	.globl ___fail
                             23 	.globl ___numCases
                             24 	.globl ___runSuite
                             25 	.globl ___getSuiteName
                             26 ;--------------------------------------------------------
                             27 ; special function registers
                             28 ;--------------------------------------------------------
                             29 ;--------------------------------------------------------
                             30 ; ram data
                             31 ;--------------------------------------------------------
                             32 	.area _DATA (BANK=_DSEG)
   0000                      33 _bit_test_0_volatileBits_10000_22:
   0000                      34 	.ds 4
   0004                      35 _bit_test_1_volatileBits_10000_24:
   0004                      36 	.ds 4
   0008                      37 _bit_test_2_volatileBits_10000_26:
   0008                      38 	.ds 4
   000C                      39 _bit_test_3_volatileBits_10000_28:
   000C                      40 	.ds 4
   0010                      41 _bit_test_4_volatileBits_10000_30:
   0010                      42 	.ds 4
   0014                      43 _bit_test_5_volatileBits_10000_32:
   0014                      44 	.ds 4
   0018                      45 _bit_test_6_volatileBits_10000_34:
   0018                      46 	.ds 4
   001C                      47 _bit_test_7_volatileBits_10000_36:
   001C                      48 	.ds 4
                             49 ;--------------------------------------------------------
                             50 ; ram data
                             51 ;--------------------------------------------------------
                             52 	.area _INITIALIZED
                             53 ;--------------------------------------------------------
                             54 ; absolute ram data
                             55 ;--------------------------------------------------------
                             56 	.area _DABS (ABS)
                             57 	.area _DABS (ABS)
                             58 ;--------------------------------------------------------
                             59 ; global & static initialisations
                             60 ;--------------------------------------------------------
                             61 	.area _HOME
                             62 	.area _GSINIT
                             63 	.area _GSFINAL
                             64 	.area _GSINIT
                             65 ;--------------------------------------------------------
                             66 ; Home
                             67 ;--------------------------------------------------------
                             68 	.area _HOME (BANK=_CSEG)
                             69 	.area _HOME (BANK=_CSEG)
                             70 ;--------------------------------------------------------
                             71 ; code
                             72 ;--------------------------------------------------------
                             73 	.area _CODE (BANK=_CSEG)
                             74 ;cases/bitfields-bits1/bitfields-bits1_preBits_16_pattern_0_varType_4.c:135: void dummy_f(void)
                             75 ;	genLabel
                             76 ;	genFunction
                             77 ;	---------------------------------
                             78 ; Function dummy_f
                             79 ; ---------------------------------
                             80 ;	Register assignment is optimal.
                             81 ; Stack space usage: 0 bytes.
   0000                      82 _dummy_f::
                             83 ;cases/bitfields-bits1/bitfields-bits1_preBits_16_pattern_0_varType_4.c:137: return;
                             84 ;	genRet
                             85 ;	genLabel
                             86 ; common peephole 159 removed unused label 00101$.
                             87 ;cases/bitfields-bits1/bitfields-bits1_preBits_16_pattern_0_varType_4.c:138: }
                             88 ;	genEndFunction
   0000 C9            [10]   89 	ret
                             90 ;	Total dummy_f function size at codegen: 1 bytes.
                             91 ;cases/bitfields-bits1/bitfields-bits1_preBits_16_pattern_0_varType_4.c:142: bits_check_value(const struct_8bits * const var, const uint8_t value)
                             92 ;	genLabel
                             93 ;	genFunction
                             94 ;	---------------------------------
                             95 ; Function bits_check_value
                             96 ; ---------------------------------
                             97 ;	Register assignment might be sub-optimal.
                             98 ; Stack space usage: 0 bytes.
   0001                      99 _bits_check_value::
   0001 DD E5         [15]  100 	push	ix
   0003 DD 21 00 00   [14]  101 	ld	ix,	#0
   0007 DD 39         [15]  102 	add	ix, sp
                            103 ;	genReceive
                            104 ;	genMove_o size 2 result type 2 source type 2 a_dead 1 hl_dead 1 de_dead 1 iy_dead 1 f_dead 1
                            105 ;	genMove_o size 0 result type 2 source type 1 a_dead 1 hl_dead 1 de_dead 1 iy_dead 1 f_dead 1
                            106 ;cases/bitfields-bits1/bitfields-bits1_preBits_16_pattern_0_varType_4.c:145: if(var->preBits != PRE_BIT_VALUE) return 0;
                            107 ;	genCast
                            108 ;	genMove_o size 2 result type 2 source type 2 a_dead 1 hl_dead 1 de_dead 1 iy_dead 1 f_dead 1
   0009 4D            [ 4]  109 	ld	c,l
   000A 44            [ 4]  110 	ld	b,h
                            111 ; common peephole 104 removed redundant load from bc into hl
                            112 ;	genMove_o size 0 result type 2 source type 1 a_dead 1 hl_dead 1 de_dead 1 iy_dead 1 f_dead 1
                            113 ;	genPointerGet
                            114 ;fetchPairLong
                            115 ;	genIfx
   000B 7E            [ 7]  116 	ld	a, (hl)
   000C 23            [ 6]  117 	inc	hl
                            118 ; common peephole 99a removed load by reordering or arguments.
   000D B6            [ 7]  119 	or	a, (hl)
                            120 ; common peephole 163 changed absolute to relative conditional jump.
   000E 28 05         [12]  121 	jr	z, 00102$
                            122 ;	genRet
                            123 ;	genMove_o size 2 result type 2 source type 1 a_dead 1 hl_dead 1 de_dead 1 iy_dead 1 f_dead 1
   0010 11 00 00      [10]  124 	ld	de, #0x0000
                            125 ; common peephole 162 changed absolute to relative unconditional jump.
   0013 18 20         [12]  126 	jr	00107$
                            127 ;	genLabel
   0015                     128 00102$:
                            129 ;cases/bitfields-bits1/bitfields-bits1_preBits_16_pattern_0_varType_4.c:147: if(var->postBits != POST_BIT_VALUE) return 0;
                            130 ;	genAssign
                            131 ;	genMove_o size 2 result type 2 source type 2 a_dead 1 hl_dead 1 de_dead 1 iy_dead 1 f_dead 1
   0015 69            [ 4]  132 	ld	l, c
   0016 60            [ 4]  133 	ld	h, b
                            134 ;	genMove_o size 0 result type 2 source type 1 a_dead 1 hl_dead 1 de_dead 1 iy_dead 1 f_dead 1
                            135 ;	genPointerGet
                            136 ;fetchPairLong
   0017 23            [ 6]  137 	inc	hl
   0018 23            [ 6]  138 	inc	hl
   0019 23            [ 6]  139 	inc	hl
   001A 7E            [ 7]  140 	ld	a, (hl)
                            141 ;	genIfx
   001B B7            [ 4]  142 	or	a, a
                            143 ; common peephole 163 changed absolute to relative conditional jump.
   001C 28 05         [12]  144 	jr	z, 00104$
                            145 ;	genRet
                            146 ;	genMove_o size 2 result type 2 source type 1 a_dead 1 hl_dead 1 de_dead 1 iy_dead 1 f_dead 1
   001E 11 00 00      [10]  147 	ld	de, #0x0000
                            148 ; common peephole 162 changed absolute to relative unconditional jump.
   0021 18 12         [12]  149 	jr	00107$
                            150 ;	genLabel
   0023                     151 00104$:
                            152 ;cases/bitfields-bits1/bitfields-bits1_preBits_16_pattern_0_varType_4.c:149: if(((struct_8bits_joined*)var)->bits != value) return 0;
                            153 ;	genAssign
                            154 ;	(locations are the same)
                            155 ;	genPointerGet
                            156 ;fetchPairLong
   0023 69            [ 4]  157 	ld	l, c
   0024 60            [ 4]  158 	ld	h, b
   0025 23            [ 6]  159 	inc	hl
   0026 23            [ 6]  160 	inc	hl
   0027 7E            [ 7]  161 	ld	a, (hl)
                            162 ;	genCmpEq
                            163 ;	genMove_o size 1 result type 2 source type 2 a_dead 1 hl_dead 1 de_dead 1 iy_dead 1 f_dead 1
   0028 DD 96 04      [19]  164 	sub	a, 4 (ix)
                            165 ; common peephole 163 changed absolute to relative conditional jump.
   002B 28 05         [12]  166 	jr	z, 00106$
                            167 ; common peephole 81 removed jp by using inverse jump logic
                            168 ; common peephole 159 removed unused label 00133$.
                            169 ;	skipping generated iCode
                            170 ;	genRet
                            171 ;	genMove_o size 2 result type 2 source type 1 a_dead 1 hl_dead 1 de_dead 1 iy_dead 1 f_dead 1
   002D 11 00 00      [10]  172 	ld	de, #0x0000
                            173 ; common peephole 162 changed absolute to relative unconditional jump.
   0030 18 03         [12]  174 	jr	00107$
                            175 ;	genLabel
   0032                     176 00106$:
                            177 ;cases/bitfields-bits1/bitfields-bits1_preBits_16_pattern_0_varType_4.c:151: return 1;
                            178 ;	genRet
                            179 ;	genMove_o size 2 result type 2 source type 1 a_dead 1 hl_dead 1 de_dead 1 iy_dead 1 f_dead 1
   0032 11 01 00      [10]  180 	ld	de, #0x0001
                            181 ;	genLabel
   0035                     182 00107$:
                            183 ;cases/bitfields-bits1/bitfields-bits1_preBits_16_pattern_0_varType_4.c:152: }
                            184 ;	genEndFunction
   0035 DD E1         [14]  185 	pop	ix
   0037 E1            [10]  186 	pop	hl
                            187 ;	adjustStack by 1
   0038 33            [ 6]  188 	inc	sp
   0039 E9            [ 4]  189 	jp	(hl)
                            190 ;	Total bits_check_value function size at codegen: 5 bytes.
                            191 ;cases/bitfields-bits1/bitfields-bits1_preBits_16_pattern_0_varType_4.c:154: bits_set_value(struct_8bits * const var, const uint8_t value)
                            192 ;	genLabel
                            193 ;	genFunction
                            194 ;	---------------------------------
                            195 ; Function bits_set_value
                            196 ; ---------------------------------
                            197 ;	Register assignment might be sub-optimal.
                            198 ; Stack space usage: 0 bytes.
   003A                     199 _bits_set_value::
                            200 ;	genReceive
                            201 ;	genMove_o size 2 result type 2 source type 2 a_dead 1 hl_dead 1 de_dead 1 iy_dead 1 f_dead 1
   003A EB            [ 4]  202 	ex	de, hl
                            203 ;	genMove_o size 0 result type 2 source type 1 a_dead 1 hl_dead 1 de_dead 1 iy_dead 1 f_dead 1
                            204 ;cases/bitfields-bits1/bitfields-bits1_preBits_16_pattern_0_varType_4.c:157: var->preBits = PRE_BIT_VALUE;
                            205 ;	genCast
                            206 ;	genMove_o size 2 result type 2 source type 2 a_dead 1 hl_dead 1 de_dead 0 iy_dead 1 f_dead 1
   003B 4B            [ 4]  207 	ld	c, e
   003C 42            [ 4]  208 	ld	b, d
                            209 ;	genMove_o size 0 result type 2 source type 1 a_dead 1 hl_dead 1 de_dead 0 iy_dead 1 f_dead 1
                            210 ;	genPointerSet
   003D AF            [ 4]  211 	xor	a, a
   003E 02            [ 7]  212 	ld	(bc), a
   003F 03            [ 6]  213 	inc	bc
   0040 02            [ 7]  214 	ld	(bc), a
                            215 ;cases/bitfields-bits1/bitfields-bits1_preBits_16_pattern_0_varType_4.c:159: var->postBits = POST_BIT_VALUE;
                            216 ;	genPlus
                            217 ;	genMove_o size 2 result type 2 source type 2 a_dead 1 hl_dead 1 de_dead 0 iy_dead 1 f_dead 1
   0041 6B            [ 4]  218 	ld	l, e
   0042 62            [ 4]  219 	ld	h, d
                            220 ;	genMove_o size 0 result type 2 source type 1 a_dead 1 hl_dead 1 de_dead 0 iy_dead 1 f_dead 1
   0043 23            [ 6]  221 	inc	hl
   0044 23            [ 6]  222 	inc	hl
   0045 23            [ 6]  223 	inc	hl
                            224 ;	genPointerSet
   0046 36 00         [10]  225 	ld	(hl), #0x00
                            226 ;cases/bitfields-bits1/bitfields-bits1_preBits_16_pattern_0_varType_4.c:161: ((struct_8bits_joined*)var)->bits = value;
                            227 ;	genPlus
   0048 13            [ 6]  228 	inc	de
   0049 13            [ 6]  229 	inc	de
                            230 ;	genPointerSet
                            231 ;	genMove_o size 1 result type 2 source type 12 a_dead 1 hl_dead 1 de_dead 0 iy_dead 1 f_dead 1
   004A FD 21 02 00   [14]  232 	ld	iy, #2
   004E FD 39         [15]  233 	add	iy, sp
   0050 FD 7E 00      [19]  234 	ld	a, 0 (iy)
                            235 ;	genMove_o size 0 result type 2 source type 1 a_dead 1 hl_dead 1 de_dead 0 iy_dead 1 f_dead 1
   0053 12            [ 7]  236 	ld	(de), a
                            237 ;	genLabel
                            238 ; common peephole 159 removed unused label 00101$.
                            239 ;cases/bitfields-bits1/bitfields-bits1_preBits_16_pattern_0_varType_4.c:162: }
                            240 ;	genEndFunction
   0054 E1            [10]  241 	pop	hl
                            242 ;	adjustStack by 1
   0055 33            [ 6]  243 	inc	sp
   0056 E9            [ 4]  244 	jp	(hl)
                            245 ;	Total bits_set_value function size at codegen: 3 bytes.
                            246 ;cases/bitfields-bits1/bitfields-bits1_preBits_16_pattern_0_varType_4.c:166: bit_test_0(void)
                            247 ;	genLabel
                            248 ;	genFunction
                            249 ;	---------------------------------
                            250 ; Function bit_test_0
                            251 ; ---------------------------------
                            252 ;	Register assignment might be sub-optimal.
                            253 ; Stack space usage: 0 bytes.
   0057                     254 _bit_test_0::
                            255 ;cases/bitfields-bits1/bitfields-bits1_preBits_16_pattern_0_varType_4.c:173: bits_set_value(&volatileBits, 0x00);
                            256 ;	skipping iCode since result will be rematerialized
                            257 ;	skipping iCode since result will be rematerialized
                            258 ;	genIpush
                            259 ;	genMove_o size 1 result type 2 source type 1 a_dead 1 hl_dead 1 de_dead 1 iy_dead 1 f_dead 1
   0057 AF            [ 4]  260 	xor	a, a
   0058 F5            [11]  261 	push	af
   0059 33            [ 6]  262 	inc	sp
                            263 ;	genSend
                            264 ;	genMove_o size 2 result type 2 source type 7 a_dead 1 hl_dead 1 de_dead 1 iy_dead 1 f_dead 1
   005A 21r00s00      [10]  265 	ld	hl, #_bit_test_0_volatileBits_10000_22
                            266 ;	genCall
   005D CDr3As00      [17]  267 	call	_bits_set_value
                            268 ;cases/bitfields-bits1/bitfields-bits1_preBits_16_pattern_0_varType_4.c:174: volatileBits.bitToTest = 1;
                            269 ;	skipping iCode since result will be rematerialized
                            270 ;	genPointerSet
                            271 ;	genMove_o size 2 result type 2 source type 7 a_dead 1 hl_dead 1 de_dead 1 iy_dead 1 f_dead 1
   0060 21r02s00      [10]  272 	ld	hl, #(_bit_test_0_volatileBits_10000_22 + 2)
   0063 CB C6         [15]  273 	set	0, (hl)
                            274 ;cases/bitfields-bits1/bitfields-bits1_preBits_16_pattern_0_varType_4.c:176: ASSERT(bits_check_value(&volatileBits,   1 << BIT_TO_TEST));
                            275 ;	genPlus
                            276 ;	genMove_o size 2 result type 2 source type 10 a_dead 1 hl_dead 1 de_dead 1 iy_dead 1 f_dead 1
   0065 2Ar00s00      [16]  277 	ld	hl, (___numTests)
   0068 23            [ 6]  278 	inc	hl
                            279 ;	genMove_o size 2 result type 10 source type 2 a_dead 1 hl_dead 1 de_dead 1 iy_dead 1 f_dead 1
   0069 22r00s00      [16]  280 	ld	(___numTests), hl
                            281 ;	skipping iCode since result will be rematerialized
                            282 ;	skipping iCode since result will be rematerialized
                            283 ;	genIpush
                            284 ;	genMove_o size 1 result type 2 source type 1 a_dead 1 hl_dead 1 de_dead 1 iy_dead 1 f_dead 1
   006C 3E 01         [ 7]  285 	ld	a, #0x01
   006E F5            [11]  286 	push	af
   006F 33            [ 6]  287 	inc	sp
                            288 ;	genSend
                            289 ;	genMove_o size 2 result type 2 source type 7 a_dead 1 hl_dead 1 de_dead 1 iy_dead 1 f_dead 1
   0070 21r00s00      [10]  290 	ld	hl, #_bit_test_0_volatileBits_10000_22
                            291 ;	genCall
   0073 CDr01s00      [17]  292 	call	_bits_check_value
                            293 ;	genMove_o size 2 result type 2 source type 2 a_dead 1 hl_dead 1 de_dead 1 iy_dead 1 f_dead 1
                            294 ;	genIfx
   0076 7A            [ 4]  295 	ld	a, d
   0077 B3            [ 4]  296 	or	a, e
                            297 ; common peephole 163 changed absolute to relative conditional jump.
   0078 20 11         [12]  298 	jr	nz, 00104$
                            299 ;	skipping iCode since result will be rematerialized
                            300 ;	skipping iCode since result will be rematerialized
                            301 ;	skipping iCode since result will be rematerialized
                            302 ;	skipping iCode since result will be rematerialized
                            303 ;	skipping iCode since result will be rematerialized
                            304 ;	skipping iCode since result will be rematerialized
                            305 ;	genIpush
                            306 ;	genMove_o size 2 result type 2 source type 1 a_dead 1 hl_dead 1 de_dead 1 iy_dead 1 f_dead 1
   007A 21 B0 00      [10]  307 	ld	hl, #0x00b0
   007D E5            [11]  308 	push	hl
                            309 ;	genIpush
                            310 ;	genMove_o size 2 result type 2 source type 7 a_dead 1 hl_dead 1 de_dead 1 iy_dead 1 f_dead 1
   007E 21r0Fs02      [10]  311 	ld	hl, #___str_2
   0081 E5            [11]  312 	push	hl
                            313 ;	genSend
                            314 ;	genMove_o size 2 result type 2 source type 7 a_dead 1 hl_dead 1 de_dead 1 iy_dead 1 f_dead 1
   0082 11rDDs01      [10]  315 	ld	de, #___str_1
                            316 ;	genSend
                            317 ;	genMove_o size 2 result type 2 source type 7 a_dead 1 hl_dead 1 de_dead 0 iy_dead 1 f_dead 1
   0085 21rCCs01      [10]  318 	ld	hl, #___str_0
                            319 ;	genCall
   0088 CDr00s00      [17]  320 	call	___fail
                            321 ;	genLabel
   008B                     322 00104$:
                            323 ;cases/bitfields-bits1/bitfields-bits1_preBits_16_pattern_0_varType_4.c:178: bits_set_value(&volatileBits, 0xFF);
                            324 ;	skipping iCode since result will be rematerialized
                            325 ;	skipping iCode since result will be rematerialized
                            326 ;	genIpush
                            327 ;	genMove_o size 1 result type 2 source type 1 a_dead 1 hl_dead 1 de_dead 1 iy_dead 1 f_dead 1
   008B 3E FF         [ 7]  328 	ld	a, #0xff
   008D F5            [11]  329 	push	af
   008E 33            [ 6]  330 	inc	sp
                            331 ;	genSend
                            332 ;	genMove_o size 2 result type 2 source type 7 a_dead 1 hl_dead 1 de_dead 1 iy_dead 1 f_dead 1
   008F 21r00s00      [10]  333 	ld	hl, #_bit_test_0_volatileBits_10000_22
                            334 ;	genCall
   0092 CDr3As00      [17]  335 	call	_bits_set_value
                            336 ;cases/bitfields-bits1/bitfields-bits1_preBits_16_pattern_0_varType_4.c:179: volatileBits.bitToTest = 0;
                            337 ;	skipping iCode since result will be rematerialized
                            338 ;	genPointerSet
                            339 ;	genMove_o size 2 result type 2 source type 7 a_dead 1 hl_dead 1 de_dead 1 iy_dead 1 f_dead 1
   0095 21r02s00      [10]  340 	ld	hl, #(_bit_test_0_volatileBits_10000_22 + 2)
   0098 CB 86         [15]  341 	res	0, (hl)
                            342 ;cases/bitfields-bits1/bitfields-bits1_preBits_16_pattern_0_varType_4.c:181: ASSERT(bits_check_value(&volatileBits, ~(1 << BIT_TO_TEST)));
                            343 ;	genPlus
                            344 ;	genMove_o size 2 result type 2 source type 10 a_dead 1 hl_dead 1 de_dead 1 iy_dead 1 f_dead 1
   009A 2Ar00s00      [16]  345 	ld	hl, (___numTests)
   009D 23            [ 6]  346 	inc	hl
                            347 ;	genMove_o size 2 result type 10 source type 2 a_dead 1 hl_dead 1 de_dead 1 iy_dead 1 f_dead 1
   009E 22r00s00      [16]  348 	ld	(___numTests), hl
                            349 ;	skipping iCode since result will be rematerialized
                            350 ;	skipping iCode since result will be rematerialized
                            351 ;	genIpush
                            352 ;	genMove_o size 1 result type 2 source type 1 a_dead 1 hl_dead 1 de_dead 1 iy_dead 1 f_dead 1
   00A1 3E FE         [ 7]  353 	ld	a, #0xfe
   00A3 F5            [11]  354 	push	af
   00A4 33            [ 6]  355 	inc	sp
                            356 ;	genSend
                            357 ;	genMove_o size 2 result type 2 source type 7 a_dead 1 hl_dead 1 de_dead 1 iy_dead 1 f_dead 1
   00A5 21r00s00      [10]  358 	ld	hl, #_bit_test_0_volatileBits_10000_22
                            359 ;	genCall
   00A8 CDr01s00      [17]  360 	call	_bits_check_value
                            361 ;	genMove_o size 2 result type 2 source type 2 a_dead 1 hl_dead 1 de_dead 1 iy_dead 1 f_dead 1
                            362 ;	genIfx
   00AB 7A            [ 4]  363 	ld	a, d
   00AC B3            [ 4]  364 	or	a, e
                            365 ; common peephole 163 changed absolute to relative conditional jump.
   00AD 20 11         [12]  366 	jr	nz, 00106$
                            367 ;	skipping iCode since result will be rematerialized
                            368 ;	skipping iCode since result will be rematerialized
                            369 ;	skipping iCode since result will be rematerialized
                            370 ;	skipping iCode since result will be rematerialized
                            371 ;	skipping iCode since result will be rematerialized
                            372 ;	skipping iCode since result will be rematerialized
                            373 ;	genIpush
                            374 ;	genMove_o size 2 result type 2 source type 1 a_dead 1 hl_dead 1 de_dead 1 iy_dead 1 f_dead 1
   00AF 21 B5 00      [10]  375 	ld	hl, #0x00b5
   00B2 E5            [11]  376 	push	hl
                            377 ;	genIpush
                            378 ;	genMove_o size 2 result type 2 source type 7 a_dead 1 hl_dead 1 de_dead 1 iy_dead 1 f_dead 1
   00B3 21r0Fs02      [10]  379 	ld	hl, #___str_2
   00B6 E5            [11]  380 	push	hl
                            381 ;	genSend
                            382 ;	genMove_o size 2 result type 2 source type 7 a_dead 1 hl_dead 1 de_dead 1 iy_dead 1 f_dead 1
   00B7 11r56s02      [10]  383 	ld	de, #___str_3
                            384 ;	genSend
                            385 ;	genMove_o size 2 result type 2 source type 7 a_dead 1 hl_dead 1 de_dead 0 iy_dead 1 f_dead 1
   00BA 21rCCs01      [10]  386 	ld	hl, #___str_0
                            387 ;	genCall
   00BD CDr00s00      [17]  388 	call	___fail
                            389 ;	genLabel
   00C0                     390 00106$:
                            391 ;cases/bitfields-bits1/bitfields-bits1_preBits_16_pattern_0_varType_4.c:183: bits_set_value(&volatileBits, 0x00);
                            392 ;	skipping iCode since result will be rematerialized
                            393 ;	skipping iCode since result will be rematerialized
                            394 ;	genIpush
                            395 ;	genMove_o size 1 result type 2 source type 1 a_dead 1 hl_dead 1 de_dead 1 iy_dead 1 f_dead 1
   00C0 AF            [ 4]  396 	xor	a, a
   00C1 F5            [11]  397 	push	af
   00C2 33            [ 6]  398 	inc	sp
                            399 ;	genSend
                            400 ;	genMove_o size 2 result type 2 source type 7 a_dead 1 hl_dead 1 de_dead 1 iy_dead 1 f_dead 1
   00C3 21r00s00      [10]  401 	ld	hl, #_bit_test_0_volatileBits_10000_22
                            402 ;	genCall
   00C6 CDr3As00      [17]  403 	call	_bits_set_value
                            404 ;cases/bitfields-bits1/bitfields-bits1_preBits_16_pattern_0_varType_4.c:184: volatileBits.bitToTest = ! volatileBits.bitToTest;
                            405 ;	genAddrOf
   00C9 01r02s00      [10]  406 	ld	bc, #_bit_test_0_volatileBits_10000_22+2
                            407 ;	skipping iCode since result will be rematerialized
                            408 ;	genPointerGet
   00CC 3Ar02s00      [13]  409 	ld	a, (#(_bit_test_0_volatileBits_10000_22 + 2) + 0)
   00CF E6 01         [ 7]  410 	and	a, #0x01
                            411 ;	genNot
   00D1 D6 01         [ 7]  412 	sub	a, #0x01
   00D3 3E 00         [ 7]  413 	ld	a, #0x00
   00D5 17            [ 4]  414 	rla
                            415 ;	genMove_o size 0 result type 2 source type 1 a_dead 1 hl_dead 0 de_dead 0 iy_dead 1 f_dead 1
                            416 ;	genCast
                            417 ;	(locations are the same)
                            418 ;	genPointerSet
   00D6 E6 01         [ 7]  419 	and	a, #0x01
   00D8 5F            [ 4]  420 	ld	e, a
   00D9 0A            [ 7]  421 	ld	a, (bc)
   00DA E6 FE         [ 7]  422 	and	a, #0xfe
   00DC B3            [ 4]  423 	or	a, e
   00DD 02            [ 7]  424 	ld	(bc), a
                            425 ;cases/bitfields-bits1/bitfields-bits1_preBits_16_pattern_0_varType_4.c:186: ASSERT(bits_check_value(&volatileBits,   1 << BIT_TO_TEST));
                            426 ;	genPlus
                            427 ;	genMove_o size 2 result type 2 source type 10 a_dead 1 hl_dead 1 de_dead 1 iy_dead 1 f_dead 1
   00DE 2Ar00s00      [16]  428 	ld	hl, (___numTests)
   00E1 23            [ 6]  429 	inc	hl
                            430 ;	genMove_o size 2 result type 10 source type 2 a_dead 1 hl_dead 1 de_dead 1 iy_dead 1 f_dead 1
   00E2 22r00s00      [16]  431 	ld	(___numTests), hl
                            432 ;	skipping iCode since result will be rematerialized
                            433 ;	skipping iCode since result will be rematerialized
                            434 ;	genIpush
                            435 ;	genMove_o size 1 result type 2 source type 1 a_dead 1 hl_dead 1 de_dead 1 iy_dead 1 f_dead 1
   00E5 3E 01         [ 7]  436 	ld	a, #0x01
   00E7 F5            [11]  437 	push	af
   00E8 33            [ 6]  438 	inc	sp
                            439 ;	genSend
                            440 ;	genMove_o size 2 result type 2 source type 7 a_dead 1 hl_dead 1 de_dead 1 iy_dead 1 f_dead 1
   00E9 21r00s00      [10]  441 	ld	hl, #_bit_test_0_volatileBits_10000_22
                            442 ;	genCall
   00EC CDr01s00      [17]  443 	call	_bits_check_value
                            444 ;	genMove_o size 2 result type 2 source type 2 a_dead 1 hl_dead 1 de_dead 1 iy_dead 1 f_dead 1
                            445 ;	genIfx
   00EF 7A            [ 4]  446 	ld	a, d
   00F0 B3            [ 4]  447 	or	a, e
                            448 ; common peephole 163 changed absolute to relative conditional jump.
   00F1 20 11         [12]  449 	jr	nz, 00108$
                            450 ;	skipping iCode since result will be rematerialized
                            451 ;	skipping iCode since result will be rematerialized
                            452 ;	skipping iCode since result will be rematerialized
                            453 ;	skipping iCode since result will be rematerialized
                            454 ;	skipping iCode since result will be rematerialized
                            455 ;	skipping iCode since result will be rematerialized
                            456 ;	genIpush
                            457 ;	genMove_o size 2 result type 2 source type 1 a_dead 1 hl_dead 1 de_dead 1 iy_dead 1 f_dead 1
   00F3 21 BA 00      [10]  458 	ld	hl, #0x00ba
   00F6 E5            [11]  459 	push	hl
                            460 ;	genIpush
                            461 ;	genMove_o size 2 result type 2 source type 7 a_dead 1 hl_dead 1 de_dead 1 iy_dead 1 f_dead 1
   00F7 21r0Fs02      [10]  462 	ld	hl, #___str_2
   00FA E5            [11]  463 	push	hl
                            464 ;	genSend
                            465 ;	genMove_o size 2 result type 2 source type 7 a_dead 1 hl_dead 1 de_dead 1 iy_dead 1 f_dead 1
   00FB 11rDDs01      [10]  466 	ld	de, #___str_1
                            467 ;	genSend
                            468 ;	genMove_o size 2 result type 2 source type 7 a_dead 1 hl_dead 1 de_dead 0 iy_dead 1 f_dead 1
   00FE 21rCCs01      [10]  469 	ld	hl, #___str_0
                            470 ;	genCall
   0101 CDr00s00      [17]  471 	call	___fail
                            472 ;	genLabel
   0104                     473 00108$:
                            474 ;cases/bitfields-bits1/bitfields-bits1_preBits_16_pattern_0_varType_4.c:188: bits_set_value(&volatileBits, 0xFF);
                            475 ;	skipping iCode since result will be rematerialized
                            476 ;	skipping iCode since result will be rematerialized
                            477 ;	genIpush
                            478 ;	genMove_o size 1 result type 2 source type 1 a_dead 1 hl_dead 1 de_dead 1 iy_dead 1 f_dead 1
   0104 3E FF         [ 7]  479 	ld	a, #0xff
   0106 F5            [11]  480 	push	af
   0107 33            [ 6]  481 	inc	sp
                            482 ;	genSend
                            483 ;	genMove_o size 2 result type 2 source type 7 a_dead 1 hl_dead 1 de_dead 1 iy_dead 1 f_dead 1
   0108 21r00s00      [10]  484 	ld	hl, #_bit_test_0_volatileBits_10000_22
                            485 ;	genCall
   010B CDr3As00      [17]  486 	call	_bits_set_value
                            487 ;cases/bitfields-bits1/bitfields-bits1_preBits_16_pattern_0_varType_4.c:189: volatileBits.bitToTest = ! volatileBits.bitToTest;
                            488 ;	genAddrOf
   010E 01r02s00      [10]  489 	ld	bc, #_bit_test_0_volatileBits_10000_22+2
                            490 ;	skipping iCode since result will be rematerialized
                            491 ;	genPointerGet
   0111 3Ar02s00      [13]  492 	ld	a, (#(_bit_test_0_volatileBits_10000_22 + 2) + 0)
   0114 E6 01         [ 7]  493 	and	a, #0x01
                            494 ;	genNot
   0116 D6 01         [ 7]  495 	sub	a, #0x01
   0118 3E 00         [ 7]  496 	ld	a, #0x00
   011A 17            [ 4]  497 	rla
                            498 ;	genMove_o size 0 result type 2 source type 1 a_dead 1 hl_dead 0 de_dead 0 iy_dead 1 f_dead 1
                            499 ;	genCast
                            500 ;	(locations are the same)
                            501 ;	genPointerSet
   011B E6 01         [ 7]  502 	and	a, #0x01
   011D 5F            [ 4]  503 	ld	e, a
   011E 0A            [ 7]  504 	ld	a, (bc)
   011F E6 FE         [ 7]  505 	and	a, #0xfe
   0121 B3            [ 4]  506 	or	a, e
   0122 02            [ 7]  507 	ld	(bc), a
                            508 ;cases/bitfields-bits1/bitfields-bits1_preBits_16_pattern_0_varType_4.c:191: ASSERT(bits_check_value(&volatileBits, ~(1 << BIT_TO_TEST)));
                            509 ;	genPlus
                            510 ;	genMove_o size 2 result type 2 source type 10 a_dead 1 hl_dead 1 de_dead 1 iy_dead 1 f_dead 1
   0123 2Ar00s00      [16]  511 	ld	hl, (___numTests)
   0126 23            [ 6]  512 	inc	hl
                            513 ;	genMove_o size 2 result type 10 source type 2 a_dead 1 hl_dead 1 de_dead 1 iy_dead 1 f_dead 1
   0127 22r00s00      [16]  514 	ld	(___numTests), hl
                            515 ;	skipping iCode since result will be rematerialized
                            516 ;	skipping iCode since result will be rematerialized
                            517 ;	genIpush
                            518 ;	genMove_o size 1 result type 2 source type 1 a_dead 1 hl_dead 1 de_dead 1 iy_dead 1 f_dead 1
   012A 3E FE         [ 7]  519 	ld	a, #0xfe
   012C F5            [11]  520 	push	af
   012D 33            [ 6]  521 	inc	sp
                            522 ;	genSend
                            523 ;	genMove_o size 2 result type 2 source type 7 a_dead 1 hl_dead 1 de_dead 1 iy_dead 1 f_dead 1
   012E 21r00s00      [10]  524 	ld	hl, #_bit_test_0_volatileBits_10000_22
                            525 ;	genCall
   0131 CDr01s00      [17]  526 	call	_bits_check_value
                            527 ;	genMove_o size 2 result type 2 source type 2 a_dead 1 hl_dead 1 de_dead 1 iy_dead 1 f_dead 1
                            528 ;	genIfx
   0134 7A            [ 4]  529 	ld	a, d
   0135 B3            [ 4]  530 	or	a, e
                            531 ; common peephole 163 changed absolute to relative conditional jump.
   0136 20 11         [12]  532 	jr	nz, 00110$
                            533 ;	skipping iCode since result will be rematerialized
                            534 ;	skipping iCode since result will be rematerialized
                            535 ;	skipping iCode since result will be rematerialized
                            536 ;	skipping iCode since result will be rematerialized
                            537 ;	skipping iCode since result will be rematerialized
                            538 ;	skipping iCode since result will be rematerialized
                            539 ;	genIpush
                            540 ;	genMove_o size 2 result type 2 source type 1 a_dead 1 hl_dead 1 de_dead 1 iy_dead 1 f_dead 1
   0138 21 BF 00      [10]  541 	ld	hl, #0x00bf
   013B E5            [11]  542 	push	hl
                            543 ;	genIpush
                            544 ;	genMove_o size 2 result type 2 source type 7 a_dead 1 hl_dead 1 de_dead 1 iy_dead 1 f_dead 1
   013C 21r0Fs02      [10]  545 	ld	hl, #___str_2
   013F E5            [11]  546 	push	hl
                            547 ;	genSend
                            548 ;	genMove_o size 2 result type 2 source type 7 a_dead 1 hl_dead 1 de_dead 1 iy_dead 1 f_dead 1
   0140 11r56s02      [10]  549 	ld	de, #___str_3
                            550 ;	genSend
                            551 ;	genMove_o size 2 result type 2 source type 7 a_dead 1 hl_dead 1 de_dead 0 iy_dead 1 f_dead 1
   0143 21rCCs01      [10]  552 	ld	hl, #___str_0
                            553 ;	genCall
   0146 CDr00s00      [17]  554 	call	___fail
                            555 ;	genLabel
   0149                     556 00110$:
                            557 ;cases/bitfields-bits1/bitfields-bits1_preBits_16_pattern_0_varType_4.c:193: bits_set_value(&volatileBits, 0x00);
                            558 ;	skipping iCode since result will be rematerialized
                            559 ;	skipping iCode since result will be rematerialized
                            560 ;	genIpush
                            561 ;	genMove_o size 1 result type 2 source type 1 a_dead 1 hl_dead 1 de_dead 1 iy_dead 1 f_dead 1
   0149 AF            [ 4]  562 	xor	a, a
   014A F5            [11]  563 	push	af
   014B 33            [ 6]  564 	inc	sp
                            565 ;	genSend
                            566 ;	genMove_o size 2 result type 2 source type 7 a_dead 1 hl_dead 1 de_dead 1 iy_dead 1 f_dead 1
   014C 21r00s00      [10]  567 	ld	hl, #_bit_test_0_volatileBits_10000_22
                            568 ;	genCall
   014F CDr3As00      [17]  569 	call	_bits_set_value
                            570 ;cases/bitfields-bits1/bitfields-bits1_preBits_16_pattern_0_varType_4.c:194: volatileBits.bitToTest ^= 1;
                            571 ;	genAddrOf
   0152 01r02s00      [10]  572 	ld	bc, #_bit_test_0_volatileBits_10000_22+2
                            573 ;	skipping iCode since result will be rematerialized
                            574 ;	genPointerGet
   0155 3Ar02s00      [13]  575 	ld	a, (#(_bit_test_0_volatileBits_10000_22 + 2) + 0)
   0158 E6 01         [ 7]  576 	and	a, #0x01
                            577 ;	genXor
   015A EE 01         [ 7]  578 	xor	a, #0x01
                            579 ;	genMove_o size 1 result type 2 source type 2 a_dead 1 hl_dead 1 de_dead 1 iy_dead 1 f_dead 1
                            580 ;	genPointerSet
   015C E6 01         [ 7]  581 	and	a, #0x01
   015E 5F            [ 4]  582 	ld	e, a
   015F 0A            [ 7]  583 	ld	a, (bc)
   0160 E6 FE         [ 7]  584 	and	a, #0xfe
   0162 B3            [ 4]  585 	or	a, e
   0163 02            [ 7]  586 	ld	(bc), a
                            587 ;cases/bitfields-bits1/bitfields-bits1_preBits_16_pattern_0_varType_4.c:196: ASSERT(bits_check_value(&volatileBits,   1 << BIT_TO_TEST));
                            588 ;	genPlus
                            589 ;	genMove_o size 2 result type 2 source type 10 a_dead 1 hl_dead 1 de_dead 1 iy_dead 1 f_dead 1
   0164 2Ar00s00      [16]  590 	ld	hl, (___numTests)
   0167 23            [ 6]  591 	inc	hl
                            592 ;	genMove_o size 2 result type 10 source type 2 a_dead 1 hl_dead 1 de_dead 1 iy_dead 1 f_dead 1
   0168 22r00s00      [16]  593 	ld	(___numTests), hl
                            594 ;	skipping iCode since result will be rematerialized
                            595 ;	skipping iCode since result will be rematerialized
                            596 ;	genIpush
                            597 ;	genMove_o size 1 result type 2 source type 1 a_dead 1 hl_dead 1 de_dead 1 iy_dead 1 f_dead 1
   016B 3E 01         [ 7]  598 	ld	a, #0x01
   016D F5            [11]  599 	push	af
   016E 33            [ 6]  600 	inc	sp
                            601 ;	genSend
                            602 ;	genMove_o size 2 result type 2 source type 7 a_dead 1 hl_dead 1 de_dead 1 iy_dead 1 f_dead 1
   016F 21r00s00      [10]  603 	ld	hl, #_bit_test_0_volatileBits_10000_22
                            604 ;	genCall
   0172 CDr01s00      [17]  605 	call	_bits_check_value
                            606 ;	genMove_o size 2 result type 2 source type 2 a_dead 1 hl_dead 1 de_dead 1 iy_dead 1 f_dead 1
                            607 ;	genIfx
   0175 7A            [ 4]  608 	ld	a, d
   0176 B3            [ 4]  609 	or	a, e
                            610 ; common peephole 163 changed absolute to relative conditional jump.
   0177 20 11         [12]  611 	jr	nz, 00112$
                            612 ;	skipping iCode since result will be rematerialized
                            613 ;	skipping iCode since result will be rematerialized
                            614 ;	skipping iCode since result will be rematerialized
                            615 ;	skipping iCode since result will be rematerialized
                            616 ;	skipping iCode since result will be rematerialized
                            617 ;	skipping iCode since result will be rematerialized
                            618 ;	genIpush
                            619 ;	genMove_o size 2 result type 2 source type 1 a_dead 1 hl_dead 1 de_dead 1 iy_dead 1 f_dead 1
   0179 21 C4 00      [10]  620 	ld	hl, #0x00c4
   017C E5            [11]  621 	push	hl
                            622 ;	genIpush
                            623 ;	genMove_o size 2 result type 2 source type 7 a_dead 1 hl_dead 1 de_dead 1 iy_dead 1 f_dead 1
   017D 21r0Fs02      [10]  624 	ld	hl, #___str_2
   0180 E5            [11]  625 	push	hl
                            626 ;	genSend
                            627 ;	genMove_o size 2 result type 2 source type 7 a_dead 1 hl_dead 1 de_dead 1 iy_dead 1 f_dead 1
   0181 11rDDs01      [10]  628 	ld	de, #___str_1
                            629 ;	genSend
                            630 ;	genMove_o size 2 result type 2 source type 7 a_dead 1 hl_dead 1 de_dead 0 iy_dead 1 f_dead 1
   0184 21rCCs01      [10]  631 	ld	hl, #___str_0
                            632 ;	genCall
   0187 CDr00s00      [17]  633 	call	___fail
                            634 ;	genLabel
   018A                     635 00112$:
                            636 ;cases/bitfields-bits1/bitfields-bits1_preBits_16_pattern_0_varType_4.c:198: bits_set_value(&volatileBits, 0xFF);
                            637 ;	skipping iCode since result will be rematerialized
                            638 ;	skipping iCode since result will be rematerialized
                            639 ;	genIpush
                            640 ;	genMove_o size 1 result type 2 source type 1 a_dead 1 hl_dead 1 de_dead 1 iy_dead 1 f_dead 1
   018A 3E FF         [ 7]  641 	ld	a, #0xff
   018C F5            [11]  642 	push	af
   018D 33            [ 6]  643 	inc	sp
                            644 ;	genSend
                            645 ;	genMove_o size 2 result type 2 source type 7 a_dead 1 hl_dead 1 de_dead 1 iy_dead 1 f_dead 1
   018E 21r00s00      [10]  646 	ld	hl, #_bit_test_0_volatileBits_10000_22
                            647 ;	genCall
   0191 CDr3As00      [17]  648 	call	_bits_set_value
                            649 ;cases/bitfields-bits1/bitfields-bits1_preBits_16_pattern_0_varType_4.c:199: volatileBits.bitToTest ^= 1;
                            650 ;	genAddrOf
   0194 01r02s00      [10]  651 	ld	bc, #_bit_test_0_volatileBits_10000_22+2
                            652 ;	skipping iCode since result will be rematerialized
                            653 ;	genPointerGet
   0197 3Ar02s00      [13]  654 	ld	a, (#(_bit_test_0_volatileBits_10000_22 + 2) + 0)
   019A E6 01         [ 7]  655 	and	a, #0x01
                            656 ;	genXor
   019C EE 01         [ 7]  657 	xor	a, #0x01
                            658 ;	genMove_o size 1 result type 2 source type 2 a_dead 1 hl_dead 1 de_dead 1 iy_dead 1 f_dead 1
                            659 ;	genPointerSet
   019E E6 01         [ 7]  660 	and	a, #0x01
   01A0 5F            [ 4]  661 	ld	e, a
   01A1 0A            [ 7]  662 	ld	a, (bc)
   01A2 E6 FE         [ 7]  663 	and	a, #0xfe
   01A4 B3            [ 4]  664 	or	a, e
   01A5 02            [ 7]  665 	ld	(bc), a
                            666 ;cases/bitfields-bits1/bitfields-bits1_preBits_16_pattern_0_varType_4.c:201: ASSERT(bits_check_value(&volatileBits, ~(1 << BIT_TO_TEST)));
                            667 ;	genPlus
                            668 ;	genMove_o size 2 result type 2 source type 10 a_dead 1 hl_dead 1 de_dead 1 iy_dead 1 f_dead 1
   01A6 2Ar00s00      [16]  669 	ld	hl, (___numTests)
   01A9 23            [ 6]  670 	inc	hl
                            671 ;	genMove_o size 2 result type 10 source type 2 a_dead 1 hl_dead 1 de_dead 1 iy_dead 1 f_dead 1
   01AA 22r00s00      [16]  672 	ld	(___numTests), hl
                            673 ;	skipping iCode since result will be rematerialized
                            674 ;	skipping iCode since result will be rematerialized
                            675 ;	genIpush
                            676 ;	genMove_o size 1 result type 2 source type 1 a_dead 1 hl_dead 1 de_dead 1 iy_dead 1 f_dead 1
   01AD 3E FE         [ 7]  677 	ld	a, #0xfe
   01AF F5            [11]  678 	push	af
   01B0 33            [ 6]  679 	inc	sp
                            680 ;	genSend
                            681 ;	genMove_o size 2 result type 2 source type 7 a_dead 1 hl_dead 1 de_dead 1 iy_dead 1 f_dead 1
   01B1 21r00s00      [10]  682 	ld	hl, #_bit_test_0_volatileBits_10000_22
                            683 ;	genCall
   01B4 CDr01s00      [17]  684 	call	_bits_check_value
                            685 ;	genMove_o size 2 result type 2 source type 2 a_dead 1 hl_dead 1 de_dead 1 iy_dead 1 f_dead 1
                            686 ;	genIfx
   01B7 7A            [ 4]  687 	ld	a, d
   01B8 B3            [ 4]  688 	or	a, e
   01B9 C0            [11]  689 	ret	nz
                            690 ; common peephole 161 replaced jump by return.
                            691 ;	skipping iCode since result will be rematerialized
                            692 ;	skipping iCode since result will be rematerialized
                            693 ;	skipping iCode since result will be rematerialized
                            694 ;	skipping iCode since result will be rematerialized
                            695 ;	skipping iCode since result will be rematerialized
                            696 ;	skipping iCode since result will be rematerialized
                            697 ;	genIpush
                            698 ;	genMove_o size 2 result type 2 source type 1 a_dead 1 hl_dead 1 de_dead 1 iy_dead 1 f_dead 1
   01BA 21 C9 00      [10]  699 	ld	hl, #0x00c9
   01BD E5            [11]  700 	push	hl
                            701 ;	genIpush
                            702 ;	genMove_o size 2 result type 2 source type 7 a_dead 1 hl_dead 1 de_dead 1 iy_dead 1 f_dead 1
   01BE 21r0Fs02      [10]  703 	ld	hl, #___str_2
   01C1 E5            [11]  704 	push	hl
                            705 ;	genSend
                            706 ;	genMove_o size 2 result type 2 source type 7 a_dead 1 hl_dead 1 de_dead 1 iy_dead 1 f_dead 1
   01C2 11r56s02      [10]  707 	ld	de, #___str_3
                            708 ;	genSend
                            709 ;	genMove_o size 2 result type 2 source type 7 a_dead 1 hl_dead 1 de_dead 0 iy_dead 1 f_dead 1
   01C5 21rCCs01      [10]  710 	ld	hl, #___str_0
                            711 ;	genCall
   01C8 CDr00s00      [17]  712 	call	___fail
                            713 ;	genLabel
                            714 ; common peephole 159 removed unused label 00101$.
                            715 ;cases/bitfields-bits1/bitfields-bits1_preBits_16_pattern_0_varType_4.c:202: }
                            716 ;	genEndFunction
   01CB C9            [10]  717 	ret
                            718 ;	Total bit_test_0 function size at codegen: 13 bytes.
   01CC                     719 ___str_0:
   01CC 41 73 73 65 72 74   720 	.ascii "Assertion failed"
        69 6F 6E 20 66 61
        69 6C 65 64
   01DC 00                  721 	.db 0x00
   01DD                     722 ___str_1:
   01DD 62 69 74 73 5F 63   723 	.ascii "bits_check_value(&volatileBits, 1 << BIT_TO_TEST)"
        68 65 63 6B 5F 76
        61 6C 75 65 28 26
        76 6F 6C 61 74 69
        6C 65 42 69 74 73
        2C 20 31 20 3C 3C
        20 42 49 54 5F 54
        4F 5F 54 45 53 54
        29
   020E 00                  724 	.db 0x00
   020F                     725 ___str_2:
   020F 63 61 73 65 73 2F   726 	.ascii "cases/bitfields-bits1/bitfields-bits1_preBits_16_pattern_0_v"
        62 69 74 66 69 65
        6C 64 73 2D 62 69
        74 73 31 2F 62 69
        74 66 69 65 6C 64
        73 2D 62 69 74 73
        31 5F 70 72 65 42
        69 74 73 5F 31 36
        5F 70 61 74 74 65
        72 6E 5F 30 5F 76
   024B 61 72 54 79 70 65   727 	.ascii "arType_4.c"
        5F 34 2E 63
   0255 00                  728 	.db 0x00
   0256                     729 ___str_3:
   0256 62 69 74 73 5F 63   730 	.ascii "bits_check_value(&volatileBits, ~(1 << BIT_TO_TEST))"
        68 65 63 6B 5F 76
        61 6C 75 65 28 26
        76 6F 6C 61 74 69
        6C 65 42 69 74 73
        2C 20 7E 28 31 20
        3C 3C 20 42 49 54
        5F 54 4F 5F 54 45
        53 54 29 29
   028A 00                  731 	.db 0x00
                            732 ;cases/bitfields-bits1/bitfields-bits1_preBits_16_pattern_0_varType_4.c:205: bit_test_1(void)
                            733 ;	genLabel
                            734 ;	genFunction
                            735 ;	---------------------------------
                            736 ; Function bit_test_1
                            737 ; ---------------------------------
                            738 ;	Register assignment might be sub-optimal.
                            739 ; Stack space usage: 0 bytes.
   028B                     740 _bit_test_1::
                            741 ;cases/bitfields-bits1/bitfields-bits1_preBits_16_pattern_0_varType_4.c:212: bits_set_value(&volatileBits, 0x00);
                            742 ;	skipping iCode since result will be rematerialized
                            743 ;	skipping iCode since result will be rematerialized
                            744 ;	genIpush
                            745 ;	genMove_o size 1 result type 2 source type 1 a_dead 1 hl_dead 1 de_dead 1 iy_dead 1 f_dead 1
   028B AF            [ 4]  746 	xor	a, a
   028C F5            [11]  747 	push	af
   028D 33            [ 6]  748 	inc	sp
                            749 ;	genSend
                            750 ;	genMove_o size 2 result type 2 source type 7 a_dead 1 hl_dead 1 de_dead 1 iy_dead 1 f_dead 1
   028E 21r04s00      [10]  751 	ld	hl, #_bit_test_1_volatileBits_10000_24
                            752 ;	genCall
   0291 CDr3As00      [17]  753 	call	_bits_set_value
                            754 ;cases/bitfields-bits1/bitfields-bits1_preBits_16_pattern_0_varType_4.c:213: volatileBits.bitToTest = 1;
                            755 ;	skipping iCode since result will be rematerialized
                            756 ;	genPointerSet
                            757 ;	genMove_o size 2 result type 2 source type 7 a_dead 1 hl_dead 1 de_dead 1 iy_dead 1 f_dead 1
   0294 21r06s00      [10]  758 	ld	hl, #(_bit_test_1_volatileBits_10000_24 + 2)
   0297 CB CE         [15]  759 	set	1, (hl)
                            760 ;cases/bitfields-bits1/bitfields-bits1_preBits_16_pattern_0_varType_4.c:215: ASSERT(bits_check_value(&volatileBits,   1 << BIT_TO_TEST));
                            761 ;	genPlus
                            762 ;	genMove_o size 2 result type 2 source type 10 a_dead 1 hl_dead 1 de_dead 1 iy_dead 1 f_dead 1
   0299 2Ar00s00      [16]  763 	ld	hl, (___numTests)
   029C 23            [ 6]  764 	inc	hl
                            765 ;	genMove_o size 2 result type 10 source type 2 a_dead 1 hl_dead 1 de_dead 1 iy_dead 1 f_dead 1
   029D 22r00s00      [16]  766 	ld	(___numTests), hl
                            767 ;	skipping iCode since result will be rematerialized
                            768 ;	skipping iCode since result will be rematerialized
                            769 ;	genIpush
                            770 ;	genMove_o size 1 result type 2 source type 1 a_dead 1 hl_dead 1 de_dead 1 iy_dead 1 f_dead 1
   02A0 3E 02         [ 7]  771 	ld	a, #0x02
   02A2 F5            [11]  772 	push	af
   02A3 33            [ 6]  773 	inc	sp
                            774 ;	genSend
                            775 ;	genMove_o size 2 result type 2 source type 7 a_dead 1 hl_dead 1 de_dead 1 iy_dead 1 f_dead 1
   02A4 21r04s00      [10]  776 	ld	hl, #_bit_test_1_volatileBits_10000_24
                            777 ;	genCall
   02A7 CDr01s00      [17]  778 	call	_bits_check_value
                            779 ;	genMove_o size 2 result type 2 source type 2 a_dead 1 hl_dead 1 de_dead 1 iy_dead 1 f_dead 1
                            780 ;	genIfx
   02AA 7A            [ 4]  781 	ld	a, d
   02AB B3            [ 4]  782 	or	a, e
                            783 ; common peephole 163 changed absolute to relative conditional jump.
   02AC 20 11         [12]  784 	jr	nz, 00104$
                            785 ;	skipping iCode since result will be rematerialized
                            786 ;	skipping iCode since result will be rematerialized
                            787 ;	skipping iCode since result will be rematerialized
                            788 ;	skipping iCode since result will be rematerialized
                            789 ;	skipping iCode since result will be rematerialized
                            790 ;	skipping iCode since result will be rematerialized
                            791 ;	genIpush
                            792 ;	genMove_o size 2 result type 2 source type 1 a_dead 1 hl_dead 1 de_dead 1 iy_dead 1 f_dead 1
   02AE 21 D7 00      [10]  793 	ld	hl, #0x00d7
   02B1 E5            [11]  794 	push	hl
                            795 ;	genIpush
                            796 ;	genMove_o size 2 result type 2 source type 7 a_dead 1 hl_dead 1 de_dead 1 iy_dead 1 f_dead 1
   02B2 21r4Bs04      [10]  797 	ld	hl, #___str_6
   02B5 E5            [11]  798 	push	hl
                            799 ;	genSend
                            800 ;	genMove_o size 2 result type 2 source type 7 a_dead 1 hl_dead 1 de_dead 1 iy_dead 1 f_dead 1
   02B6 11r19s04      [10]  801 	ld	de, #___str_5
                            802 ;	genSend
                            803 ;	genMove_o size 2 result type 2 source type 7 a_dead 1 hl_dead 1 de_dead 0 iy_dead 1 f_dead 1
   02B9 21r08s04      [10]  804 	ld	hl, #___str_4
                            805 ;	genCall
   02BC CDr00s00      [17]  806 	call	___fail
                            807 ;	genLabel
   02BF                     808 00104$:
                            809 ;cases/bitfields-bits1/bitfields-bits1_preBits_16_pattern_0_varType_4.c:217: bits_set_value(&volatileBits, 0xFF);
                            810 ;	skipping iCode since result will be rematerialized
                            811 ;	skipping iCode since result will be rematerialized
                            812 ;	genIpush
                            813 ;	genMove_o size 1 result type 2 source type 1 a_dead 1 hl_dead 1 de_dead 1 iy_dead 1 f_dead 1
   02BF 3E FF         [ 7]  814 	ld	a, #0xff
   02C1 F5            [11]  815 	push	af
   02C2 33            [ 6]  816 	inc	sp
                            817 ;	genSend
                            818 ;	genMove_o size 2 result type 2 source type 7 a_dead 1 hl_dead 1 de_dead 1 iy_dead 1 f_dead 1
   02C3 21r04s00      [10]  819 	ld	hl, #_bit_test_1_volatileBits_10000_24
                            820 ;	genCall
   02C6 CDr3As00      [17]  821 	call	_bits_set_value
                            822 ;cases/bitfields-bits1/bitfields-bits1_preBits_16_pattern_0_varType_4.c:218: volatileBits.bitToTest = 0;
                            823 ;	skipping iCode since result will be rematerialized
                            824 ;	genPointerSet
                            825 ;	genMove_o size 2 result type 2 source type 7 a_dead 1 hl_dead 1 de_dead 1 iy_dead 1 f_dead 1
   02C9 21r06s00      [10]  826 	ld	hl, #(_bit_test_1_volatileBits_10000_24 + 2)
   02CC CB 8E         [15]  827 	res	1, (hl)
                            828 ;cases/bitfields-bits1/bitfields-bits1_preBits_16_pattern_0_varType_4.c:220: ASSERT(bits_check_value(&volatileBits, ~(1 << BIT_TO_TEST)));
                            829 ;	genPlus
                            830 ;	genMove_o size 2 result type 2 source type 10 a_dead 1 hl_dead 1 de_dead 1 iy_dead 1 f_dead 1
   02CE 2Ar00s00      [16]  831 	ld	hl, (___numTests)
   02D1 23            [ 6]  832 	inc	hl
                            833 ;	genMove_o size 2 result type 10 source type 2 a_dead 1 hl_dead 1 de_dead 1 iy_dead 1 f_dead 1
   02D2 22r00s00      [16]  834 	ld	(___numTests), hl
                            835 ;	skipping iCode since result will be rematerialized
                            836 ;	skipping iCode since result will be rematerialized
                            837 ;	genIpush
                            838 ;	genMove_o size 1 result type 2 source type 1 a_dead 1 hl_dead 1 de_dead 1 iy_dead 1 f_dead 1
   02D5 3E FD         [ 7]  839 	ld	a, #0xfd
   02D7 F5            [11]  840 	push	af
   02D8 33            [ 6]  841 	inc	sp
                            842 ;	genSend
                            843 ;	genMove_o size 2 result type 2 source type 7 a_dead 1 hl_dead 1 de_dead 1 iy_dead 1 f_dead 1
   02D9 21r04s00      [10]  844 	ld	hl, #_bit_test_1_volatileBits_10000_24
                            845 ;	genCall
   02DC CDr01s00      [17]  846 	call	_bits_check_value
                            847 ;	genMove_o size 2 result type 2 source type 2 a_dead 1 hl_dead 1 de_dead 1 iy_dead 1 f_dead 1
                            848 ;	genIfx
   02DF 7A            [ 4]  849 	ld	a, d
   02E0 B3            [ 4]  850 	or	a, e
                            851 ; common peephole 163 changed absolute to relative conditional jump.
   02E1 20 11         [12]  852 	jr	nz, 00106$
                            853 ;	skipping iCode since result will be rematerialized
                            854 ;	skipping iCode since result will be rematerialized
                            855 ;	skipping iCode since result will be rematerialized
                            856 ;	skipping iCode since result will be rematerialized
                            857 ;	skipping iCode since result will be rematerialized
                            858 ;	skipping iCode since result will be rematerialized
                            859 ;	genIpush
                            860 ;	genMove_o size 2 result type 2 source type 1 a_dead 1 hl_dead 1 de_dead 1 iy_dead 1 f_dead 1
   02E3 21 DC 00      [10]  861 	ld	hl, #0x00dc
   02E6 E5            [11]  862 	push	hl
                            863 ;	genIpush
                            864 ;	genMove_o size 2 result type 2 source type 7 a_dead 1 hl_dead 1 de_dead 1 iy_dead 1 f_dead 1
   02E7 21r4Bs04      [10]  865 	ld	hl, #___str_6
   02EA E5            [11]  866 	push	hl
                            867 ;	genSend
                            868 ;	genMove_o size 2 result type 2 source type 7 a_dead 1 hl_dead 1 de_dead 1 iy_dead 1 f_dead 1
   02EB 11r92s04      [10]  869 	ld	de, #___str_7
                            870 ;	genSend
                            871 ;	genMove_o size 2 result type 2 source type 7 a_dead 1 hl_dead 1 de_dead 0 iy_dead 1 f_dead 1
   02EE 21r08s04      [10]  872 	ld	hl, #___str_4
                            873 ;	genCall
   02F1 CDr00s00      [17]  874 	call	___fail
                            875 ;	genLabel
   02F4                     876 00106$:
                            877 ;cases/bitfields-bits1/bitfields-bits1_preBits_16_pattern_0_varType_4.c:222: bits_set_value(&volatileBits, 0x00);
                            878 ;	skipping iCode since result will be rematerialized
                            879 ;	skipping iCode since result will be rematerialized
                            880 ;	genIpush
                            881 ;	genMove_o size 1 result type 2 source type 1 a_dead 1 hl_dead 1 de_dead 1 iy_dead 1 f_dead 1
   02F4 AF            [ 4]  882 	xor	a, a
   02F5 F5            [11]  883 	push	af
   02F6 33            [ 6]  884 	inc	sp
                            885 ;	genSend
                            886 ;	genMove_o size 2 result type 2 source type 7 a_dead 1 hl_dead 1 de_dead 1 iy_dead 1 f_dead 1
   02F7 21r04s00      [10]  887 	ld	hl, #_bit_test_1_volatileBits_10000_24
                            888 ;	genCall
   02FA CDr3As00      [17]  889 	call	_bits_set_value
                            890 ;cases/bitfields-bits1/bitfields-bits1_preBits_16_pattern_0_varType_4.c:223: volatileBits.bitToTest = ! volatileBits.bitToTest;
                            891 ;	genAddrOf
   02FD 01r06s00      [10]  892 	ld	bc, #_bit_test_1_volatileBits_10000_24+2
                            893 ;	skipping iCode since result will be rematerialized
                            894 ;	genPointerGet
   0300 3Ar06s00      [13]  895 	ld	a, (#(_bit_test_1_volatileBits_10000_24 + 2) + 0)
   0303 0F            [ 4]  896 	rrca
   0304 E6 01         [ 7]  897 	and	a, #0x01
                            898 ;	genNot
   0306 D6 01         [ 7]  899 	sub	a, #0x01
   0308 3E 00         [ 7]  900 	ld	a, #0x00
   030A 17            [ 4]  901 	rla
                            902 ;	genMove_o size 0 result type 2 source type 1 a_dead 1 hl_dead 0 de_dead 0 iy_dead 1 f_dead 1
                            903 ;	genCast
                            904 ;	(locations are the same)
                            905 ;	genPointerSet
   030B 07            [ 4]  906 	rlca
   030C E6 02         [ 7]  907 	and	a, #0x02
   030E 5F            [ 4]  908 	ld	e, a
   030F 0A            [ 7]  909 	ld	a, (bc)
   0310 E6 FD         [ 7]  910 	and	a, #0xfd
   0312 B3            [ 4]  911 	or	a, e
   0313 02            [ 7]  912 	ld	(bc), a
                            913 ;cases/bitfields-bits1/bitfields-bits1_preBits_16_pattern_0_varType_4.c:225: ASSERT(bits_check_value(&volatileBits,   1 << BIT_TO_TEST));
                            914 ;	genPlus
                            915 ;	genMove_o size 2 result type 2 source type 10 a_dead 1 hl_dead 1 de_dead 1 iy_dead 1 f_dead 1
   0314 2Ar00s00      [16]  916 	ld	hl, (___numTests)
   0317 23            [ 6]  917 	inc	hl
                            918 ;	genMove_o size 2 result type 10 source type 2 a_dead 1 hl_dead 1 de_dead 1 iy_dead 1 f_dead 1
   0318 22r00s00      [16]  919 	ld	(___numTests), hl
                            920 ;	skipping iCode since result will be rematerialized
                            921 ;	skipping iCode since result will be rematerialized
                            922 ;	genIpush
                            923 ;	genMove_o size 1 result type 2 source type 1 a_dead 1 hl_dead 1 de_dead 1 iy_dead 1 f_dead 1
   031B 3E 02         [ 7]  924 	ld	a, #0x02
   031D F5            [11]  925 	push	af
   031E 33            [ 6]  926 	inc	sp
                            927 ;	genSend
                            928 ;	genMove_o size 2 result type 2 source type 7 a_dead 1 hl_dead 1 de_dead 1 iy_dead 1 f_dead 1
   031F 21r04s00      [10]  929 	ld	hl, #_bit_test_1_volatileBits_10000_24
                            930 ;	genCall
   0322 CDr01s00      [17]  931 	call	_bits_check_value
                            932 ;	genMove_o size 2 result type 2 source type 2 a_dead 1 hl_dead 1 de_dead 1 iy_dead 1 f_dead 1
                            933 ;	genIfx
   0325 7A            [ 4]  934 	ld	a, d
   0326 B3            [ 4]  935 	or	a, e
                            936 ; common peephole 163 changed absolute to relative conditional jump.
   0327 20 11         [12]  937 	jr	nz, 00108$
                            938 ;	skipping iCode since result will be rematerialized
                            939 ;	skipping iCode since result will be rematerialized
                            940 ;	skipping iCode since result will be rematerialized
                            941 ;	skipping iCode since result will be rematerialized
                            942 ;	skipping iCode since result will be rematerialized
                            943 ;	skipping iCode since result will be rematerialized
                            944 ;	genIpush
                            945 ;	genMove_o size 2 result type 2 source type 1 a_dead 1 hl_dead 1 de_dead 1 iy_dead 1 f_dead 1
   0329 21 E1 00      [10]  946 	ld	hl, #0x00e1
   032C E5            [11]  947 	push	hl
                            948 ;	genIpush
                            949 ;	genMove_o size 2 result type 2 source type 7 a_dead 1 hl_dead 1 de_dead 1 iy_dead 1 f_dead 1
   032D 21r4Bs04      [10]  950 	ld	hl, #___str_6
   0330 E5            [11]  951 	push	hl
                            952 ;	genSend
                            953 ;	genMove_o size 2 result type 2 source type 7 a_dead 1 hl_dead 1 de_dead 1 iy_dead 1 f_dead 1
   0331 11r19s04      [10]  954 	ld	de, #___str_5
                            955 ;	genSend
                            956 ;	genMove_o size 2 result type 2 source type 7 a_dead 1 hl_dead 1 de_dead 0 iy_dead 1 f_dead 1
   0334 21r08s04      [10]  957 	ld	hl, #___str_4
                            958 ;	genCall
   0337 CDr00s00      [17]  959 	call	___fail
                            960 ;	genLabel
   033A                     961 00108$:
                            962 ;cases/bitfields-bits1/bitfields-bits1_preBits_16_pattern_0_varType_4.c:227: bits_set_value(&volatileBits, 0xFF);
                            963 ;	skipping iCode since result will be rematerialized
                            964 ;	skipping iCode since result will be rematerialized
                            965 ;	genIpush
                            966 ;	genMove_o size 1 result type 2 source type 1 a_dead 1 hl_dead 1 de_dead 1 iy_dead 1 f_dead 1
   033A 3E FF         [ 7]  967 	ld	a, #0xff
   033C F5            [11]  968 	push	af
   033D 33            [ 6]  969 	inc	sp
                            970 ;	genSend
                            971 ;	genMove_o size 2 result type 2 source type 7 a_dead 1 hl_dead 1 de_dead 1 iy_dead 1 f_dead 1
   033E 21r04s00      [10]  972 	ld	hl, #_bit_test_1_volatileBits_10000_24
                            973 ;	genCall
   0341 CDr3As00      [17]  974 	call	_bits_set_value
                            975 ;cases/bitfields-bits1/bitfields-bits1_preBits_16_pattern_0_varType_4.c:228: volatileBits.bitToTest = ! volatileBits.bitToTest;
                            976 ;	genAddrOf
   0344 01r06s00      [10]  977 	ld	bc, #_bit_test_1_volatileBits_10000_24+2
                            978 ;	skipping iCode since result will be rematerialized
                            979 ;	genPointerGet
   0347 3Ar06s00      [13]  980 	ld	a, (#(_bit_test_1_volatileBits_10000_24 + 2) + 0)
   034A 0F            [ 4]  981 	rrca
   034B E6 01         [ 7]  982 	and	a, #0x01
                            983 ;	genNot
   034D D6 01         [ 7]  984 	sub	a, #0x01
   034F 3E 00         [ 7]  985 	ld	a, #0x00
   0351 17            [ 4]  986 	rla
                            987 ;	genMove_o size 0 result type 2 source type 1 a_dead 1 hl_dead 0 de_dead 0 iy_dead 1 f_dead 1
                            988 ;	genCast
                            989 ;	(locations are the same)
                            990 ;	genPointerSet
   0352 07            [ 4]  991 	rlca
   0353 E6 02         [ 7]  992 	and	a, #0x02
   0355 5F            [ 4]  993 	ld	e, a
   0356 0A            [ 7]  994 	ld	a, (bc)
   0357 E6 FD         [ 7]  995 	and	a, #0xfd
   0359 B3            [ 4]  996 	or	a, e
   035A 02            [ 7]  997 	ld	(bc), a
                            998 ;cases/bitfields-bits1/bitfields-bits1_preBits_16_pattern_0_varType_4.c:230: ASSERT(bits_check_value(&volatileBits, ~(1 << BIT_TO_TEST)));
                            999 ;	genPlus
                           1000 ;	genMove_o size 2 result type 2 source type 10 a_dead 1 hl_dead 1 de_dead 1 iy_dead 1 f_dead 1
   035B 2Ar00s00      [16] 1001 	ld	hl, (___numTests)
   035E 23            [ 6] 1002 	inc	hl
                           1003 ;	genMove_o size 2 result type 10 source type 2 a_dead 1 hl_dead 1 de_dead 1 iy_dead 1 f_dead 1
   035F 22r00s00      [16] 1004 	ld	(___numTests), hl
                           1005 ;	skipping iCode since result will be rematerialized
                           1006 ;	skipping iCode since result will be rematerialized
                           1007 ;	genIpush
                           1008 ;	genMove_o size 1 result type 2 source type 1 a_dead 1 hl_dead 1 de_dead 1 iy_dead 1 f_dead 1
   0362 3E FD         [ 7] 1009 	ld	a, #0xfd
   0364 F5            [11] 1010 	push	af
   0365 33            [ 6] 1011 	inc	sp
                           1012 ;	genSend
                           1013 ;	genMove_o size 2 result type 2 source type 7 a_dead 1 hl_dead 1 de_dead 1 iy_dead 1 f_dead 1
   0366 21r04s00      [10] 1014 	ld	hl, #_bit_test_1_volatileBits_10000_24
                           1015 ;	genCall
   0369 CDr01s00      [17] 1016 	call	_bits_check_value
                           1017 ;	genMove_o size 2 result type 2 source type 2 a_dead 1 hl_dead 1 de_dead 1 iy_dead 1 f_dead 1
                           1018 ;	genIfx
   036C 7A            [ 4] 1019 	ld	a, d
   036D B3            [ 4] 1020 	or	a, e
                           1021 ; common peephole 163 changed absolute to relative conditional jump.
   036E 20 11         [12] 1022 	jr	nz, 00110$
                           1023 ;	skipping iCode since result will be rematerialized
                           1024 ;	skipping iCode since result will be rematerialized
                           1025 ;	skipping iCode since result will be rematerialized
                           1026 ;	skipping iCode since result will be rematerialized
                           1027 ;	skipping iCode since result will be rematerialized
                           1028 ;	skipping iCode since result will be rematerialized
                           1029 ;	genIpush
                           1030 ;	genMove_o size 2 result type 2 source type 1 a_dead 1 hl_dead 1 de_dead 1 iy_dead 1 f_dead 1
   0370 21 E6 00      [10] 1031 	ld	hl, #0x00e6
   0373 E5            [11] 1032 	push	hl
                           1033 ;	genIpush
                           1034 ;	genMove_o size 2 result type 2 source type 7 a_dead 1 hl_dead 1 de_dead 1 iy_dead 1 f_dead 1
   0374 21r4Bs04      [10] 1035 	ld	hl, #___str_6
   0377 E5            [11] 1036 	push	hl
                           1037 ;	genSend
                           1038 ;	genMove_o size 2 result type 2 source type 7 a_dead 1 hl_dead 1 de_dead 1 iy_dead 1 f_dead 1
   0378 11r92s04      [10] 1039 	ld	de, #___str_7
                           1040 ;	genSend
                           1041 ;	genMove_o size 2 result type 2 source type 7 a_dead 1 hl_dead 1 de_dead 0 iy_dead 1 f_dead 1
   037B 21r08s04      [10] 1042 	ld	hl, #___str_4
                           1043 ;	genCall
   037E CDr00s00      [17] 1044 	call	___fail
                           1045 ;	genLabel
   0381                    1046 00110$:
                           1047 ;cases/bitfields-bits1/bitfields-bits1_preBits_16_pattern_0_varType_4.c:232: bits_set_value(&volatileBits, 0x00);
                           1048 ;	skipping iCode since result will be rematerialized
                           1049 ;	skipping iCode since result will be rematerialized
                           1050 ;	genIpush
                           1051 ;	genMove_o size 1 result type 2 source type 1 a_dead 1 hl_dead 1 de_dead 1 iy_dead 1 f_dead 1
   0381 AF            [ 4] 1052 	xor	a, a
   0382 F5            [11] 1053 	push	af
   0383 33            [ 6] 1054 	inc	sp
                           1055 ;	genSend
                           1056 ;	genMove_o size 2 result type 2 source type 7 a_dead 1 hl_dead 1 de_dead 1 iy_dead 1 f_dead 1
   0384 21r04s00      [10] 1057 	ld	hl, #_bit_test_1_volatileBits_10000_24
                           1058 ;	genCall
   0387 CDr3As00      [17] 1059 	call	_bits_set_value
                           1060 ;cases/bitfields-bits1/bitfields-bits1_preBits_16_pattern_0_varType_4.c:233: volatileBits.bitToTest ^= 1;
                           1061 ;	genAddrOf
   038A 01r06s00      [10] 1062 	ld	bc, #_bit_test_1_volatileBits_10000_24+2
                           1063 ;	skipping iCode since result will be rematerialized
                           1064 ;	genPointerGet
   038D 3Ar06s00      [13] 1065 	ld	a, (#(_bit_test_1_volatileBits_10000_24 + 2) + 0)
   0390 0F            [ 4] 1066 	rrca
   0391 E6 01         [ 7] 1067 	and	a, #0x01
                           1068 ;	genXor
   0393 EE 01         [ 7] 1069 	xor	a, #0x01
                           1070 ;	genMove_o size 1 result type 2 source type 2 a_dead 1 hl_dead 1 de_dead 1 iy_dead 1 f_dead 1
                           1071 ;	genPointerSet
   0395 07            [ 4] 1072 	rlca
   0396 E6 02         [ 7] 1073 	and	a, #0x02
   0398 5F            [ 4] 1074 	ld	e, a
   0399 0A            [ 7] 1075 	ld	a, (bc)
   039A E6 FD         [ 7] 1076 	and	a, #0xfd
   039C B3            [ 4] 1077 	or	a, e
   039D 02            [ 7] 1078 	ld	(bc), a
                           1079 ;cases/bitfields-bits1/bitfields-bits1_preBits_16_pattern_0_varType_4.c:235: ASSERT(bits_check_value(&volatileBits,   1 << BIT_TO_TEST));
                           1080 ;	genPlus
                           1081 ;	genMove_o size 2 result type 2 source type 10 a_dead 1 hl_dead 1 de_dead 1 iy_dead 1 f_dead 1
   039E 2Ar00s00      [16] 1082 	ld	hl, (___numTests)
   03A1 23            [ 6] 1083 	inc	hl
                           1084 ;	genMove_o size 2 result type 10 source type 2 a_dead 1 hl_dead 1 de_dead 1 iy_dead 1 f_dead 1
   03A2 22r00s00      [16] 1085 	ld	(___numTests), hl
                           1086 ;	skipping iCode since result will be rematerialized
                           1087 ;	skipping iCode since result will be rematerialized
                           1088 ;	genIpush
                           1089 ;	genMove_o size 1 result type 2 source type 1 a_dead 1 hl_dead 1 de_dead 1 iy_dead 1 f_dead 1
   03A5 3E 02         [ 7] 1090 	ld	a, #0x02
   03A7 F5            [11] 1091 	push	af
   03A8 33            [ 6] 1092 	inc	sp
                           1093 ;	genSend
                           1094 ;	genMove_o size 2 result type 2 source type 7 a_dead 1 hl_dead 1 de_dead 1 iy_dead 1 f_dead 1
   03A9 21r04s00      [10] 1095 	ld	hl, #_bit_test_1_volatileBits_10000_24
                           1096 ;	genCall
   03AC CDr01s00      [17] 1097 	call	_bits_check_value
                           1098 ;	genMove_o size 2 result type 2 source type 2 a_dead 1 hl_dead 1 de_dead 1 iy_dead 1 f_dead 1
                           1099 ;	genIfx
   03AF 7A            [ 4] 1100 	ld	a, d
   03B0 B3            [ 4] 1101 	or	a, e
                           1102 ; common peephole 163 changed absolute to relative conditional jump.
   03B1 20 11         [12] 1103 	jr	nz, 00112$
                           1104 ;	skipping iCode since result will be rematerialized
                           1105 ;	skipping iCode since result will be rematerialized
                           1106 ;	skipping iCode since result will be rematerialized
                           1107 ;	skipping iCode since result will be rematerialized
                           1108 ;	skipping iCode since result will be rematerialized
                           1109 ;	skipping iCode since result will be rematerialized
                           1110 ;	genIpush
                           1111 ;	genMove_o size 2 result type 2 source type 1 a_dead 1 hl_dead 1 de_dead 1 iy_dead 1 f_dead 1
   03B3 21 EB 00      [10] 1112 	ld	hl, #0x00eb
   03B6 E5            [11] 1113 	push	hl
                           1114 ;	genIpush
                           1115 ;	genMove_o size 2 result type 2 source type 7 a_dead 1 hl_dead 1 de_dead 1 iy_dead 1 f_dead 1
   03B7 21r4Bs04      [10] 1116 	ld	hl, #___str_6
   03BA E5            [11] 1117 	push	hl
                           1118 ;	genSend
                           1119 ;	genMove_o size 2 result type 2 source type 7 a_dead 1 hl_dead 1 de_dead 1 iy_dead 1 f_dead 1
   03BB 11r19s04      [10] 1120 	ld	de, #___str_5
                           1121 ;	genSend
                           1122 ;	genMove_o size 2 result type 2 source type 7 a_dead 1 hl_dead 1 de_dead 0 iy_dead 1 f_dead 1
   03BE 21r08s04      [10] 1123 	ld	hl, #___str_4
                           1124 ;	genCall
   03C1 CDr00s00      [17] 1125 	call	___fail
                           1126 ;	genLabel
   03C4                    1127 00112$:
                           1128 ;cases/bitfields-bits1/bitfields-bits1_preBits_16_pattern_0_varType_4.c:237: bits_set_value(&volatileBits, 0xFF);
                           1129 ;	skipping iCode since result will be rematerialized
                           1130 ;	skipping iCode since result will be rematerialized
                           1131 ;	genIpush
                           1132 ;	genMove_o size 1 result type 2 source type 1 a_dead 1 hl_dead 1 de_dead 1 iy_dead 1 f_dead 1
   03C4 3E FF         [ 7] 1133 	ld	a, #0xff
   03C6 F5            [11] 1134 	push	af
   03C7 33            [ 6] 1135 	inc	sp
                           1136 ;	genSend
                           1137 ;	genMove_o size 2 result type 2 source type 7 a_dead 1 hl_dead 1 de_dead 1 iy_dead 1 f_dead 1
   03C8 21r04s00      [10] 1138 	ld	hl, #_bit_test_1_volatileBits_10000_24
                           1139 ;	genCall
   03CB CDr3As00      [17] 1140 	call	_bits_set_value
                           1141 ;cases/bitfields-bits1/bitfields-bits1_preBits_16_pattern_0_varType_4.c:238: volatileBits.bitToTest ^= 1;
                           1142 ;	genAddrOf
   03CE 01r06s00      [10] 1143 	ld	bc, #_bit_test_1_volatileBits_10000_24+2
                           1144 ;	skipping iCode since result will be rematerialized
                           1145 ;	genPointerGet
   03D1 3Ar06s00      [13] 1146 	ld	a, (#(_bit_test_1_volatileBits_10000_24 + 2) + 0)
   03D4 0F            [ 4] 1147 	rrca
   03D5 E6 01         [ 7] 1148 	and	a, #0x01
                           1149 ;	genXor
   03D7 EE 01         [ 7] 1150 	xor	a, #0x01
                           1151 ;	genMove_o size 1 result type 2 source type 2 a_dead 1 hl_dead 1 de_dead 1 iy_dead 1 f_dead 1
                           1152 ;	genPointerSet
   03D9 07            [ 4] 1153 	rlca
   03DA E6 02         [ 7] 1154 	and	a, #0x02
   03DC 5F            [ 4] 1155 	ld	e, a
   03DD 0A            [ 7] 1156 	ld	a, (bc)
   03DE E6 FD         [ 7] 1157 	and	a, #0xfd
   03E0 B3            [ 4] 1158 	or	a, e
   03E1 02            [ 7] 1159 	ld	(bc), a
                           1160 ;cases/bitfields-bits1/bitfields-bits1_preBits_16_pattern_0_varType_4.c:240: ASSERT(bits_check_value(&volatileBits, ~(1 << BIT_TO_TEST)));
                           1161 ;	genPlus
                           1162 ;	genMove_o size 2 result type 2 source type 10 a_dead 1 hl_dead 1 de_dead 1 iy_dead 1 f_dead 1
   03E2 2Ar00s00      [16] 1163 	ld	hl, (___numTests)
   03E5 23            [ 6] 1164 	inc	hl
                           1165 ;	genMove_o size 2 result type 10 source type 2 a_dead 1 hl_dead 1 de_dead 1 iy_dead 1 f_dead 1
   03E6 22r00s00      [16] 1166 	ld	(___numTests), hl
                           1167 ;	skipping iCode since result will be rematerialized
                           1168 ;	skipping iCode since result will be rematerialized
                           1169 ;	genIpush
                           1170 ;	genMove_o size 1 result type 2 source type 1 a_dead 1 hl_dead 1 de_dead 1 iy_dead 1 f_dead 1
   03E9 3E FD         [ 7] 1171 	ld	a, #0xfd
   03EB F5            [11] 1172 	push	af
   03EC 33            [ 6] 1173 	inc	sp
                           1174 ;	genSend
                           1175 ;	genMove_o size 2 result type 2 source type 7 a_dead 1 hl_dead 1 de_dead 1 iy_dead 1 f_dead 1
   03ED 21r04s00      [10] 1176 	ld	hl, #_bit_test_1_volatileBits_10000_24
                           1177 ;	genCall
   03F0 CDr01s00      [17] 1178 	call	_bits_check_value
                           1179 ;	genMove_o size 2 result type 2 source type 2 a_dead 1 hl_dead 1 de_dead 1 iy_dead 1 f_dead 1
                           1180 ;	genIfx
   03F3 7A            [ 4] 1181 	ld	a, d
   03F4 B3            [ 4] 1182 	or	a, e
   03F5 C0            [11] 1183 	ret	nz
                           1184 ; common peephole 161 replaced jump by return.
                           1185 ;	skipping iCode since result will be rematerialized
                           1186 ;	skipping iCode since result will be rematerialized
                           1187 ;	skipping iCode since result will be rematerialized
                           1188 ;	skipping iCode since result will be rematerialized
                           1189 ;	skipping iCode since result will be rematerialized
                           1190 ;	skipping iCode since result will be rematerialized
                           1191 ;	genIpush
                           1192 ;	genMove_o size 2 result type 2 source type 1 a_dead 1 hl_dead 1 de_dead 1 iy_dead 1 f_dead 1
   03F6 21 F0 00      [10] 1193 	ld	hl, #0x00f0
   03F9 E5            [11] 1194 	push	hl
                           1195 ;	genIpush
                           1196 ;	genMove_o size 2 result type 2 source type 7 a_dead 1 hl_dead 1 de_dead 1 iy_dead 1 f_dead 1
   03FA 21r4Bs04      [10] 1197 	ld	hl, #___str_6
   03FD E5            [11] 1198 	push	hl
                           1199 ;	genSend
                           1200 ;	genMove_o size 2 result type 2 source type 7 a_dead 1 hl_dead 1 de_dead 1 iy_dead 1 f_dead 1
   03FE 11r92s04      [10] 1201 	ld	de, #___str_7
                           1202 ;	genSend
                           1203 ;	genMove_o size 2 result type 2 source type 7 a_dead 1 hl_dead 1 de_dead 0 iy_dead 1 f_dead 1
   0401 21r08s04      [10] 1204 	ld	hl, #___str_4
                           1205 ;	genCall
   0404 CDr00s00      [17] 1206 	call	___fail
                           1207 ;	genLabel
                           1208 ; common peephole 159 removed unused label 00101$.
                           1209 ;cases/bitfields-bits1/bitfields-bits1_preBits_16_pattern_0_varType_4.c:241: }
                           1210 ;	genEndFunction
   0407 C9            [10] 1211 	ret
                           1212 ;	Total bit_test_1 function size at codegen: 13 bytes.
   0408                    1213 ___str_4:
   0408 41 73 73 65 72 74  1214 	.ascii "Assertion failed"
        69 6F 6E 20 66 61
        69 6C 65 64
   0418 00                 1215 	.db 0x00
   0419                    1216 ___str_5:
   0419 62 69 74 73 5F 63  1217 	.ascii "bits_check_value(&volatileBits, 1 << BIT_TO_TEST)"
        68 65 63 6B 5F 76
        61 6C 75 65 28 26
        76 6F 6C 61 74 69
        6C 65 42 69 74 73
        2C 20 31 20 3C 3C
        20 42 49 54 5F 54
        4F 5F 54 45 53 54
        29
   044A 00                 1218 	.db 0x00
   044B                    1219 ___str_6:
   044B 63 61 73 65 73 2F  1220 	.ascii "cases/bitfields-bits1/bitfields-bits1_preBits_16_pattern_0_v"
        62 69 74 66 69 65
        6C 64 73 2D 62 69
        74 73 31 2F 62 69
        74 66 69 65 6C 64
        73 2D 62 69 74 73
        31 5F 70 72 65 42
        69 74 73 5F 31 36
        5F 70 61 74 74 65
        72 6E 5F 30 5F 76
   0487 61 72 54 79 70 65  1221 	.ascii "arType_4.c"
        5F 34 2E 63
   0491 00                 1222 	.db 0x00
   0492                    1223 ___str_7:
   0492 62 69 74 73 5F 63  1224 	.ascii "bits_check_value(&volatileBits, ~(1 << BIT_TO_TEST))"
        68 65 63 6B 5F 76
        61 6C 75 65 28 26
        76 6F 6C 61 74 69
        6C 65 42 69 74 73
        2C 20 7E 28 31 20
        3C 3C 20 42 49 54
        5F 54 4F 5F 54 45
        53 54 29 29
   04C6 00                 1225 	.db 0x00
                           1226 ;cases/bitfields-bits1/bitfields-bits1_preBits_16_pattern_0_varType_4.c:244: bit_test_2(void)
                           1227 ;	genLabel
                           1228 ;	genFunction
                           1229 ;	---------------------------------
                           1230 ; Function bit_test_2
                           1231 ; ---------------------------------
                           1232 ;	Register assignment might be sub-optimal.
                           1233 ; Stack space usage: 0 bytes.
   04C7                    1234 _bit_test_2::
                           1235 ;cases/bitfields-bits1/bitfields-bits1_preBits_16_pattern_0_varType_4.c:251: bits_set_value(&volatileBits, 0x00);
                           1236 ;	skipping iCode since result will be rematerialized
                           1237 ;	skipping iCode since result will be rematerialized
                           1238 ;	genIpush
                           1239 ;	genMove_o size 1 result type 2 source type 1 a_dead 1 hl_dead 1 de_dead 1 iy_dead 1 f_dead 1
   04C7 AF            [ 4] 1240 	xor	a, a
   04C8 F5            [11] 1241 	push	af
   04C9 33            [ 6] 1242 	inc	sp
                           1243 ;	genSend
                           1244 ;	genMove_o size 2 result type 2 source type 7 a_dead 1 hl_dead 1 de_dead 1 iy_dead 1 f_dead 1
   04CA 21r08s00      [10] 1245 	ld	hl, #_bit_test_2_volatileBits_10000_26
                           1246 ;	genCall
   04CD CDr3As00      [17] 1247 	call	_bits_set_value
                           1248 ;cases/bitfields-bits1/bitfields-bits1_preBits_16_pattern_0_varType_4.c:252: volatileBits.bitToTest = 1;
                           1249 ;	skipping iCode since result will be rematerialized
                           1250 ;	genPointerSet
                           1251 ;	genMove_o size 2 result type 2 source type 7 a_dead 1 hl_dead 1 de_dead 1 iy_dead 1 f_dead 1
   04D0 21r0As00      [10] 1252 	ld	hl, #(_bit_test_2_volatileBits_10000_26 + 2)
   04D3 CB D6         [15] 1253 	set	2, (hl)
                           1254 ;cases/bitfields-bits1/bitfields-bits1_preBits_16_pattern_0_varType_4.c:254: ASSERT(bits_check_value(&volatileBits,   1 << BIT_TO_TEST));
                           1255 ;	genPlus
                           1256 ;	genMove_o size 2 result type 2 source type 10 a_dead 1 hl_dead 1 de_dead 1 iy_dead 1 f_dead 1
   04D5 2Ar00s00      [16] 1257 	ld	hl, (___numTests)
   04D8 23            [ 6] 1258 	inc	hl
                           1259 ;	genMove_o size 2 result type 10 source type 2 a_dead 1 hl_dead 1 de_dead 1 iy_dead 1 f_dead 1
   04D9 22r00s00      [16] 1260 	ld	(___numTests), hl
                           1261 ;	skipping iCode since result will be rematerialized
                           1262 ;	skipping iCode since result will be rematerialized
                           1263 ;	genIpush
                           1264 ;	genMove_o size 1 result type 2 source type 1 a_dead 1 hl_dead 1 de_dead 1 iy_dead 1 f_dead 1
   04DC 3E 04         [ 7] 1265 	ld	a, #0x04
   04DE F5            [11] 1266 	push	af
   04DF 33            [ 6] 1267 	inc	sp
                           1268 ;	genSend
                           1269 ;	genMove_o size 2 result type 2 source type 7 a_dead 1 hl_dead 1 de_dead 1 iy_dead 1 f_dead 1
   04E0 21r08s00      [10] 1270 	ld	hl, #_bit_test_2_volatileBits_10000_26
                           1271 ;	genCall
   04E3 CDr01s00      [17] 1272 	call	_bits_check_value
                           1273 ;	genMove_o size 2 result type 2 source type 2 a_dead 1 hl_dead 1 de_dead 1 iy_dead 1 f_dead 1
                           1274 ;	genIfx
   04E6 7A            [ 4] 1275 	ld	a, d
   04E7 B3            [ 4] 1276 	or	a, e
                           1277 ; common peephole 163 changed absolute to relative conditional jump.
   04E8 20 11         [12] 1278 	jr	nz, 00104$
                           1279 ;	skipping iCode since result will be rematerialized
                           1280 ;	skipping iCode since result will be rematerialized
                           1281 ;	skipping iCode since result will be rematerialized
                           1282 ;	skipping iCode since result will be rematerialized
                           1283 ;	skipping iCode since result will be rematerialized
                           1284 ;	skipping iCode since result will be rematerialized
                           1285 ;	genIpush
                           1286 ;	genMove_o size 2 result type 2 source type 1 a_dead 1 hl_dead 1 de_dead 1 iy_dead 1 f_dead 1
   04EA 21 FE 00      [10] 1287 	ld	hl, #0x00fe
   04ED E5            [11] 1288 	push	hl
                           1289 ;	genIpush
                           1290 ;	genMove_o size 2 result type 2 source type 7 a_dead 1 hl_dead 1 de_dead 1 iy_dead 1 f_dead 1
   04EE 21r8Fs06      [10] 1291 	ld	hl, #___str_10
   04F1 E5            [11] 1292 	push	hl
                           1293 ;	genSend
                           1294 ;	genMove_o size 2 result type 2 source type 7 a_dead 1 hl_dead 1 de_dead 1 iy_dead 1 f_dead 1
   04F2 11r5Ds06      [10] 1295 	ld	de, #___str_9
                           1296 ;	genSend
                           1297 ;	genMove_o size 2 result type 2 source type 7 a_dead 1 hl_dead 1 de_dead 0 iy_dead 1 f_dead 1
   04F5 21r4Cs06      [10] 1298 	ld	hl, #___str_8
                           1299 ;	genCall
   04F8 CDr00s00      [17] 1300 	call	___fail
                           1301 ;	genLabel
   04FB                    1302 00104$:
                           1303 ;cases/bitfields-bits1/bitfields-bits1_preBits_16_pattern_0_varType_4.c:256: bits_set_value(&volatileBits, 0xFF);
                           1304 ;	skipping iCode since result will be rematerialized
                           1305 ;	skipping iCode since result will be rematerialized
                           1306 ;	genIpush
                           1307 ;	genMove_o size 1 result type 2 source type 1 a_dead 1 hl_dead 1 de_dead 1 iy_dead 1 f_dead 1
   04FB 3E FF         [ 7] 1308 	ld	a, #0xff
   04FD F5            [11] 1309 	push	af
   04FE 33            [ 6] 1310 	inc	sp
                           1311 ;	genSend
                           1312 ;	genMove_o size 2 result type 2 source type 7 a_dead 1 hl_dead 1 de_dead 1 iy_dead 1 f_dead 1
   04FF 21r08s00      [10] 1313 	ld	hl, #_bit_test_2_volatileBits_10000_26
                           1314 ;	genCall
   0502 CDr3As00      [17] 1315 	call	_bits_set_value
                           1316 ;cases/bitfields-bits1/bitfields-bits1_preBits_16_pattern_0_varType_4.c:257: volatileBits.bitToTest = 0;
                           1317 ;	skipping iCode since result will be rematerialized
                           1318 ;	genPointerSet
                           1319 ;	genMove_o size 2 result type 2 source type 7 a_dead 1 hl_dead 1 de_dead 1 iy_dead 1 f_dead 1
   0505 21r0As00      [10] 1320 	ld	hl, #(_bit_test_2_volatileBits_10000_26 + 2)
   0508 CB 96         [15] 1321 	res	2, (hl)
                           1322 ;cases/bitfields-bits1/bitfields-bits1_preBits_16_pattern_0_varType_4.c:259: ASSERT(bits_check_value(&volatileBits, ~(1 << BIT_TO_TEST)));
                           1323 ;	genPlus
                           1324 ;	genMove_o size 2 result type 2 source type 10 a_dead 1 hl_dead 1 de_dead 1 iy_dead 1 f_dead 1
   050A 2Ar00s00      [16] 1325 	ld	hl, (___numTests)
   050D 23            [ 6] 1326 	inc	hl
                           1327 ;	genMove_o size 2 result type 10 source type 2 a_dead 1 hl_dead 1 de_dead 1 iy_dead 1 f_dead 1
   050E 22r00s00      [16] 1328 	ld	(___numTests), hl
                           1329 ;	skipping iCode since result will be rematerialized
                           1330 ;	skipping iCode since result will be rematerialized
                           1331 ;	genIpush
                           1332 ;	genMove_o size 1 result type 2 source type 1 a_dead 1 hl_dead 1 de_dead 1 iy_dead 1 f_dead 1
   0511 3E FB         [ 7] 1333 	ld	a, #0xfb
   0513 F5            [11] 1334 	push	af
   0514 33            [ 6] 1335 	inc	sp
                           1336 ;	genSend
                           1337 ;	genMove_o size 2 result type 2 source type 7 a_dead 1 hl_dead 1 de_dead 1 iy_dead 1 f_dead 1
   0515 21r08s00      [10] 1338 	ld	hl, #_bit_test_2_volatileBits_10000_26
                           1339 ;	genCall
   0518 CDr01s00      [17] 1340 	call	_bits_check_value
                           1341 ;	genMove_o size 2 result type 2 source type 2 a_dead 1 hl_dead 1 de_dead 1 iy_dead 1 f_dead 1
                           1342 ;	genIfx
   051B 7A            [ 4] 1343 	ld	a, d
   051C B3            [ 4] 1344 	or	a, e
                           1345 ; common peephole 163 changed absolute to relative conditional jump.
   051D 20 11         [12] 1346 	jr	nz, 00106$
                           1347 ;	skipping iCode since result will be rematerialized
                           1348 ;	skipping iCode since result will be rematerialized
                           1349 ;	skipping iCode since result will be rematerialized
                           1350 ;	skipping iCode since result will be rematerialized
                           1351 ;	skipping iCode since result will be rematerialized
                           1352 ;	skipping iCode since result will be rematerialized
                           1353 ;	genIpush
                           1354 ;	genMove_o size 2 result type 2 source type 1 a_dead 1 hl_dead 1 de_dead 1 iy_dead 1 f_dead 1
   051F 21 03 01      [10] 1355 	ld	hl, #0x0103
   0522 E5            [11] 1356 	push	hl
                           1357 ;	genIpush
                           1358 ;	genMove_o size 2 result type 2 source type 7 a_dead 1 hl_dead 1 de_dead 1 iy_dead 1 f_dead 1
   0523 21r8Fs06      [10] 1359 	ld	hl, #___str_10
   0526 E5            [11] 1360 	push	hl
                           1361 ;	genSend
                           1362 ;	genMove_o size 2 result type 2 source type 7 a_dead 1 hl_dead 1 de_dead 1 iy_dead 1 f_dead 1
   0527 11rD6s06      [10] 1363 	ld	de, #___str_11
                           1364 ;	genSend
                           1365 ;	genMove_o size 2 result type 2 source type 7 a_dead 1 hl_dead 1 de_dead 0 iy_dead 1 f_dead 1
   052A 21r4Cs06      [10] 1366 	ld	hl, #___str_8
                           1367 ;	genCall
   052D CDr00s00      [17] 1368 	call	___fail
                           1369 ;	genLabel
   0530                    1370 00106$:
                           1371 ;cases/bitfields-bits1/bitfields-bits1_preBits_16_pattern_0_varType_4.c:261: bits_set_value(&volatileBits, 0x00);
                           1372 ;	skipping iCode since result will be rematerialized
                           1373 ;	skipping iCode since result will be rematerialized
                           1374 ;	genIpush
                           1375 ;	genMove_o size 1 result type 2 source type 1 a_dead 1 hl_dead 1 de_dead 1 iy_dead 1 f_dead 1
   0530 AF            [ 4] 1376 	xor	a, a
   0531 F5            [11] 1377 	push	af
   0532 33            [ 6] 1378 	inc	sp
                           1379 ;	genSend
                           1380 ;	genMove_o size 2 result type 2 source type 7 a_dead 1 hl_dead 1 de_dead 1 iy_dead 1 f_dead 1
   0533 21r08s00      [10] 1381 	ld	hl, #_bit_test_2_volatileBits_10000_26
                           1382 ;	genCall
   0536 CDr3As00      [17] 1383 	call	_bits_set_value
                           1384 ;cases/bitfields-bits1/bitfields-bits1_preBits_16_pattern_0_varType_4.c:262: volatileBits.bitToTest = ! volatileBits.bitToTest;
                           1385 ;	genAddrOf
   0539 01r0As00      [10] 1386 	ld	bc, #_bit_test_2_volatileBits_10000_26+2
                           1387 ;	skipping iCode since result will be rematerialized
                           1388 ;	genPointerGet
   053C 3Ar0As00      [13] 1389 	ld	a, (#(_bit_test_2_volatileBits_10000_26 + 2) + 0)
   053F 0F            [ 4] 1390 	rrca
   0540 0F            [ 4] 1391 	rrca
   0541 E6 01         [ 7] 1392 	and	a, #0x01
                           1393 ;	genNot
   0543 D6 01         [ 7] 1394 	sub	a, #0x01
   0545 3E 00         [ 7] 1395 	ld	a, #0x00
   0547 17            [ 4] 1396 	rla
                           1397 ;	genMove_o size 0 result type 2 source type 1 a_dead 1 hl_dead 0 de_dead 0 iy_dead 1 f_dead 1
                           1398 ;	genCast
                           1399 ;	(locations are the same)
                           1400 ;	genPointerSet
   0548 07            [ 4] 1401 	rlca
   0549 07            [ 4] 1402 	rlca
   054A E6 04         [ 7] 1403 	and	a, #0x04
   054C 5F            [ 4] 1404 	ld	e, a
   054D 0A            [ 7] 1405 	ld	a, (bc)
   054E E6 FB         [ 7] 1406 	and	a, #0xfb
   0550 B3            [ 4] 1407 	or	a, e
   0551 02            [ 7] 1408 	ld	(bc), a
                           1409 ;cases/bitfields-bits1/bitfields-bits1_preBits_16_pattern_0_varType_4.c:264: ASSERT(bits_check_value(&volatileBits,   1 << BIT_TO_TEST));
                           1410 ;	genPlus
                           1411 ;	genMove_o size 2 result type 2 source type 10 a_dead 1 hl_dead 1 de_dead 1 iy_dead 1 f_dead 1
   0552 2Ar00s00      [16] 1412 	ld	hl, (___numTests)
   0555 23            [ 6] 1413 	inc	hl
                           1414 ;	genMove_o size 2 result type 10 source type 2 a_dead 1 hl_dead 1 de_dead 1 iy_dead 1 f_dead 1
   0556 22r00s00      [16] 1415 	ld	(___numTests), hl
                           1416 ;	skipping iCode since result will be rematerialized
                           1417 ;	skipping iCode since result will be rematerialized
                           1418 ;	genIpush
                           1419 ;	genMove_o size 1 result type 2 source type 1 a_dead 1 hl_dead 1 de_dead 1 iy_dead 1 f_dead 1
   0559 3E 04         [ 7] 1420 	ld	a, #0x04
   055B F5            [11] 1421 	push	af
   055C 33            [ 6] 1422 	inc	sp
                           1423 ;	genSend
                           1424 ;	genMove_o size 2 result type 2 source type 7 a_dead 1 hl_dead 1 de_dead 1 iy_dead 1 f_dead 1
   055D 21r08s00      [10] 1425 	ld	hl, #_bit_test_2_volatileBits_10000_26
                           1426 ;	genCall
   0560 CDr01s00      [17] 1427 	call	_bits_check_value
                           1428 ;	genMove_o size 2 result type 2 source type 2 a_dead 1 hl_dead 1 de_dead 1 iy_dead 1 f_dead 1
                           1429 ;	genIfx
   0563 7A            [ 4] 1430 	ld	a, d
   0564 B3            [ 4] 1431 	or	a, e
                           1432 ; common peephole 163 changed absolute to relative conditional jump.
   0565 20 11         [12] 1433 	jr	nz, 00108$
                           1434 ;	skipping iCode since result will be rematerialized
                           1435 ;	skipping iCode since result will be rematerialized
                           1436 ;	skipping iCode since result will be rematerialized
                           1437 ;	skipping iCode since result will be rematerialized
                           1438 ;	skipping iCode since result will be rematerialized
                           1439 ;	skipping iCode since result will be rematerialized
                           1440 ;	genIpush
                           1441 ;	genMove_o size 2 result type 2 source type 1 a_dead 1 hl_dead 1 de_dead 1 iy_dead 1 f_dead 1
   0567 21 08 01      [10] 1442 	ld	hl, #0x0108
   056A E5            [11] 1443 	push	hl
                           1444 ;	genIpush
                           1445 ;	genMove_o size 2 result type 2 source type 7 a_dead 1 hl_dead 1 de_dead 1 iy_dead 1 f_dead 1
   056B 21r8Fs06      [10] 1446 	ld	hl, #___str_10
   056E E5            [11] 1447 	push	hl
                           1448 ;	genSend
                           1449 ;	genMove_o size 2 result type 2 source type 7 a_dead 1 hl_dead 1 de_dead 1 iy_dead 1 f_dead 1
   056F 11r5Ds06      [10] 1450 	ld	de, #___str_9
                           1451 ;	genSend
                           1452 ;	genMove_o size 2 result type 2 source type 7 a_dead 1 hl_dead 1 de_dead 0 iy_dead 1 f_dead 1
   0572 21r4Cs06      [10] 1453 	ld	hl, #___str_8
                           1454 ;	genCall
   0575 CDr00s00      [17] 1455 	call	___fail
                           1456 ;	genLabel
   0578                    1457 00108$:
                           1458 ;cases/bitfields-bits1/bitfields-bits1_preBits_16_pattern_0_varType_4.c:266: bits_set_value(&volatileBits, 0xFF);
                           1459 ;	skipping iCode since result will be rematerialized
                           1460 ;	skipping iCode since result will be rematerialized
                           1461 ;	genIpush
                           1462 ;	genMove_o size 1 result type 2 source type 1 a_dead 1 hl_dead 1 de_dead 1 iy_dead 1 f_dead 1
   0578 3E FF         [ 7] 1463 	ld	a, #0xff
   057A F5            [11] 1464 	push	af
   057B 33            [ 6] 1465 	inc	sp
                           1466 ;	genSend
                           1467 ;	genMove_o size 2 result type 2 source type 7 a_dead 1 hl_dead 1 de_dead 1 iy_dead 1 f_dead 1
   057C 21r08s00      [10] 1468 	ld	hl, #_bit_test_2_volatileBits_10000_26
                           1469 ;	genCall
   057F CDr3As00      [17] 1470 	call	_bits_set_value
                           1471 ;cases/bitfields-bits1/bitfields-bits1_preBits_16_pattern_0_varType_4.c:267: volatileBits.bitToTest = ! volatileBits.bitToTest;
                           1472 ;	genAddrOf
   0582 01r0As00      [10] 1473 	ld	bc, #_bit_test_2_volatileBits_10000_26+2
                           1474 ;	skipping iCode since result will be rematerialized
                           1475 ;	genPointerGet
   0585 3Ar0As00      [13] 1476 	ld	a, (#(_bit_test_2_volatileBits_10000_26 + 2) + 0)
   0588 0F            [ 4] 1477 	rrca
   0589 0F            [ 4] 1478 	rrca
   058A E6 01         [ 7] 1479 	and	a, #0x01
                           1480 ;	genNot
   058C D6 01         [ 7] 1481 	sub	a, #0x01
   058E 3E 00         [ 7] 1482 	ld	a, #0x00
   0590 17            [ 4] 1483 	rla
                           1484 ;	genMove_o size 0 result type 2 source type 1 a_dead 1 hl_dead 0 de_dead 0 iy_dead 1 f_dead 1
                           1485 ;	genCast
                           1486 ;	(locations are the same)
                           1487 ;	genPointerSet
   0591 07            [ 4] 1488 	rlca
   0592 07            [ 4] 1489 	rlca
   0593 E6 04         [ 7] 1490 	and	a, #0x04
   0595 5F            [ 4] 1491 	ld	e, a
   0596 0A            [ 7] 1492 	ld	a, (bc)
   0597 E6 FB         [ 7] 1493 	and	a, #0xfb
   0599 B3            [ 4] 1494 	or	a, e
   059A 02            [ 7] 1495 	ld	(bc), a
                           1496 ;cases/bitfields-bits1/bitfields-bits1_preBits_16_pattern_0_varType_4.c:269: ASSERT(bits_check_value(&volatileBits, ~(1 << BIT_TO_TEST)));
                           1497 ;	genPlus
                           1498 ;	genMove_o size 2 result type 2 source type 10 a_dead 1 hl_dead 1 de_dead 1 iy_dead 1 f_dead 1
   059B 2Ar00s00      [16] 1499 	ld	hl, (___numTests)
   059E 23            [ 6] 1500 	inc	hl
                           1501 ;	genMove_o size 2 result type 10 source type 2 a_dead 1 hl_dead 1 de_dead 1 iy_dead 1 f_dead 1
   059F 22r00s00      [16] 1502 	ld	(___numTests), hl
                           1503 ;	skipping iCode since result will be rematerialized
                           1504 ;	skipping iCode since result will be rematerialized
                           1505 ;	genIpush
                           1506 ;	genMove_o size 1 result type 2 source type 1 a_dead 1 hl_dead 1 de_dead 1 iy_dead 1 f_dead 1
   05A2 3E FB         [ 7] 1507 	ld	a, #0xfb
   05A4 F5            [11] 1508 	push	af
   05A5 33            [ 6] 1509 	inc	sp
                           1510 ;	genSend
                           1511 ;	genMove_o size 2 result type 2 source type 7 a_dead 1 hl_dead 1 de_dead 1 iy_dead 1 f_dead 1
   05A6 21r08s00      [10] 1512 	ld	hl, #_bit_test_2_volatileBits_10000_26
                           1513 ;	genCall
   05A9 CDr01s00      [17] 1514 	call	_bits_check_value
                           1515 ;	genMove_o size 2 result type 2 source type 2 a_dead 1 hl_dead 1 de_dead 1 iy_dead 1 f_dead 1
                           1516 ;	genIfx
   05AC 7A            [ 4] 1517 	ld	a, d
   05AD B3            [ 4] 1518 	or	a, e
                           1519 ; common peephole 163 changed absolute to relative conditional jump.
   05AE 20 11         [12] 1520 	jr	nz, 00110$
                           1521 ;	skipping iCode since result will be rematerialized
                           1522 ;	skipping iCode since result will be rematerialized
                           1523 ;	skipping iCode since result will be rematerialized
                           1524 ;	skipping iCode since result will be rematerialized
                           1525 ;	skipping iCode since result will be rematerialized
                           1526 ;	skipping iCode since result will be rematerialized
                           1527 ;	genIpush
                           1528 ;	genMove_o size 2 result type 2 source type 1 a_dead 1 hl_dead 1 de_dead 1 iy_dead 1 f_dead 1
   05B0 21 0D 01      [10] 1529 	ld	hl, #0x010d
   05B3 E5            [11] 1530 	push	hl
                           1531 ;	genIpush
                           1532 ;	genMove_o size 2 result type 2 source type 7 a_dead 1 hl_dead 1 de_dead 1 iy_dead 1 f_dead 1
   05B4 21r8Fs06      [10] 1533 	ld	hl, #___str_10
   05B7 E5            [11] 1534 	push	hl
                           1535 ;	genSend
                           1536 ;	genMove_o size 2 result type 2 source type 7 a_dead 1 hl_dead 1 de_dead 1 iy_dead 1 f_dead 1
   05B8 11rD6s06      [10] 1537 	ld	de, #___str_11
                           1538 ;	genSend
                           1539 ;	genMove_o size 2 result type 2 source type 7 a_dead 1 hl_dead 1 de_dead 0 iy_dead 1 f_dead 1
   05BB 21r4Cs06      [10] 1540 	ld	hl, #___str_8
                           1541 ;	genCall
   05BE CDr00s00      [17] 1542 	call	___fail
                           1543 ;	genLabel
   05C1                    1544 00110$:
                           1545 ;cases/bitfields-bits1/bitfields-bits1_preBits_16_pattern_0_varType_4.c:271: bits_set_value(&volatileBits, 0x00);
                           1546 ;	skipping iCode since result will be rematerialized
                           1547 ;	skipping iCode since result will be rematerialized
                           1548 ;	genIpush
                           1549 ;	genMove_o size 1 result type 2 source type 1 a_dead 1 hl_dead 1 de_dead 1 iy_dead 1 f_dead 1
   05C1 AF            [ 4] 1550 	xor	a, a
   05C2 F5            [11] 1551 	push	af
   05C3 33            [ 6] 1552 	inc	sp
                           1553 ;	genSend
                           1554 ;	genMove_o size 2 result type 2 source type 7 a_dead 1 hl_dead 1 de_dead 1 iy_dead 1 f_dead 1
   05C4 21r08s00      [10] 1555 	ld	hl, #_bit_test_2_volatileBits_10000_26
                           1556 ;	genCall
   05C7 CDr3As00      [17] 1557 	call	_bits_set_value
                           1558 ;cases/bitfields-bits1/bitfields-bits1_preBits_16_pattern_0_varType_4.c:272: volatileBits.bitToTest ^= 1;
                           1559 ;	genAddrOf
   05CA 01r0As00      [10] 1560 	ld	bc, #_bit_test_2_volatileBits_10000_26+2
                           1561 ;	skipping iCode since result will be rematerialized
                           1562 ;	genPointerGet
   05CD 3Ar0As00      [13] 1563 	ld	a, (#(_bit_test_2_volatileBits_10000_26 + 2) + 0)
   05D0 0F            [ 4] 1564 	rrca
   05D1 0F            [ 4] 1565 	rrca
   05D2 E6 01         [ 7] 1566 	and	a, #0x01
                           1567 ;	genXor
   05D4 EE 01         [ 7] 1568 	xor	a, #0x01
                           1569 ;	genMove_o size 1 result type 2 source type 2 a_dead 1 hl_dead 1 de_dead 1 iy_dead 1 f_dead 1
                           1570 ;	genPointerSet
   05D6 07            [ 4] 1571 	rlca
   05D7 07            [ 4] 1572 	rlca
   05D8 E6 04         [ 7] 1573 	and	a, #0x04
   05DA 5F            [ 4] 1574 	ld	e, a
   05DB 0A            [ 7] 1575 	ld	a, (bc)
   05DC E6 FB         [ 7] 1576 	and	a, #0xfb
   05DE B3            [ 4] 1577 	or	a, e
   05DF 02            [ 7] 1578 	ld	(bc), a
                           1579 ;cases/bitfields-bits1/bitfields-bits1_preBits_16_pattern_0_varType_4.c:274: ASSERT(bits_check_value(&volatileBits,   1 << BIT_TO_TEST));
                           1580 ;	genPlus
                           1581 ;	genMove_o size 2 result type 2 source type 10 a_dead 1 hl_dead 1 de_dead 1 iy_dead 1 f_dead 1
   05E0 2Ar00s00      [16] 1582 	ld	hl, (___numTests)
   05E3 23            [ 6] 1583 	inc	hl
                           1584 ;	genMove_o size 2 result type 10 source type 2 a_dead 1 hl_dead 1 de_dead 1 iy_dead 1 f_dead 1
   05E4 22r00s00      [16] 1585 	ld	(___numTests), hl
                           1586 ;	skipping iCode since result will be rematerialized
                           1587 ;	skipping iCode since result will be rematerialized
                           1588 ;	genIpush
                           1589 ;	genMove_o size 1 result type 2 source type 1 a_dead 1 hl_dead 1 de_dead 1 iy_dead 1 f_dead 1
   05E7 3E 04         [ 7] 1590 	ld	a, #0x04
   05E9 F5            [11] 1591 	push	af
   05EA 33            [ 6] 1592 	inc	sp
                           1593 ;	genSend
                           1594 ;	genMove_o size 2 result type 2 source type 7 a_dead 1 hl_dead 1 de_dead 1 iy_dead 1 f_dead 1
   05EB 21r08s00      [10] 1595 	ld	hl, #_bit_test_2_volatileBits_10000_26
                           1596 ;	genCall
   05EE CDr01s00      [17] 1597 	call	_bits_check_value
                           1598 ;	genMove_o size 2 result type 2 source type 2 a_dead 1 hl_dead 1 de_dead 1 iy_dead 1 f_dead 1
                           1599 ;	genIfx
   05F1 7A            [ 4] 1600 	ld	a, d
   05F2 B3            [ 4] 1601 	or	a, e
                           1602 ; common peephole 163 changed absolute to relative conditional jump.
   05F3 20 11         [12] 1603 	jr	nz, 00112$
                           1604 ;	skipping iCode since result will be rematerialized
                           1605 ;	skipping iCode since result will be rematerialized
                           1606 ;	skipping iCode since result will be rematerialized
                           1607 ;	skipping iCode since result will be rematerialized
                           1608 ;	skipping iCode since result will be rematerialized
                           1609 ;	skipping iCode since result will be rematerialized
                           1610 ;	genIpush
                           1611 ;	genMove_o size 2 result type 2 source type 1 a_dead 1 hl_dead 1 de_dead 1 iy_dead 1 f_dead 1
   05F5 21 12 01      [10] 1612 	ld	hl, #0x0112
   05F8 E5            [11] 1613 	push	hl
                           1614 ;	genIpush
                           1615 ;	genMove_o size 2 result type 2 source type 7 a_dead 1 hl_dead 1 de_dead 1 iy_dead 1 f_dead 1
   05F9 21r8Fs06      [10] 1616 	ld	hl, #___str_10
   05FC E5            [11] 1617 	push	hl
                           1618 ;	genSend
                           1619 ;	genMove_o size 2 result type 2 source type 7 a_dead 1 hl_dead 1 de_dead 1 iy_dead 1 f_dead 1
   05FD 11r5Ds06      [10] 1620 	ld	de, #___str_9
                           1621 ;	genSend
                           1622 ;	genMove_o size 2 result type 2 source type 7 a_dead 1 hl_dead 1 de_dead 0 iy_dead 1 f_dead 1
   0600 21r4Cs06      [10] 1623 	ld	hl, #___str_8
                           1624 ;	genCall
   0603 CDr00s00      [17] 1625 	call	___fail
                           1626 ;	genLabel
   0606                    1627 00112$:
                           1628 ;cases/bitfields-bits1/bitfields-bits1_preBits_16_pattern_0_varType_4.c:276: bits_set_value(&volatileBits, 0xFF);
                           1629 ;	skipping iCode since result will be rematerialized
                           1630 ;	skipping iCode since result will be rematerialized
                           1631 ;	genIpush
                           1632 ;	genMove_o size 1 result type 2 source type 1 a_dead 1 hl_dead 1 de_dead 1 iy_dead 1 f_dead 1
   0606 3E FF         [ 7] 1633 	ld	a, #0xff
   0608 F5            [11] 1634 	push	af
   0609 33            [ 6] 1635 	inc	sp
                           1636 ;	genSend
                           1637 ;	genMove_o size 2 result type 2 source type 7 a_dead 1 hl_dead 1 de_dead 1 iy_dead 1 f_dead 1
   060A 21r08s00      [10] 1638 	ld	hl, #_bit_test_2_volatileBits_10000_26
                           1639 ;	genCall
   060D CDr3As00      [17] 1640 	call	_bits_set_value
                           1641 ;cases/bitfields-bits1/bitfields-bits1_preBits_16_pattern_0_varType_4.c:277: volatileBits.bitToTest ^= 1;
                           1642 ;	genAddrOf
   0610 01r0As00      [10] 1643 	ld	bc, #_bit_test_2_volatileBits_10000_26+2
                           1644 ;	skipping iCode since result will be rematerialized
                           1645 ;	genPointerGet
   0613 3Ar0As00      [13] 1646 	ld	a, (#(_bit_test_2_volatileBits_10000_26 + 2) + 0)
   0616 0F            [ 4] 1647 	rrca
   0617 0F            [ 4] 1648 	rrca
   0618 E6 01         [ 7] 1649 	and	a, #0x01
                           1650 ;	genXor
   061A EE 01         [ 7] 1651 	xor	a, #0x01
                           1652 ;	genMove_o size 1 result type 2 source type 2 a_dead 1 hl_dead 1 de_dead 1 iy_dead 1 f_dead 1
                           1653 ;	genPointerSet
   061C 07            [ 4] 1654 	rlca
   061D 07            [ 4] 1655 	rlca
   061E E6 04         [ 7] 1656 	and	a, #0x04
   0620 5F            [ 4] 1657 	ld	e, a
   0621 0A            [ 7] 1658 	ld	a, (bc)
   0622 E6 FB         [ 7] 1659 	and	a, #0xfb
   0624 B3            [ 4] 1660 	or	a, e
   0625 02            [ 7] 1661 	ld	(bc), a
                           1662 ;cases/bitfields-bits1/bitfields-bits1_preBits_16_pattern_0_varType_4.c:279: ASSERT(bits_check_value(&volatileBits, ~(1 << BIT_TO_TEST)));
                           1663 ;	genPlus
                           1664 ;	genMove_o size 2 result type 2 source type 10 a_dead 1 hl_dead 1 de_dead 1 iy_dead 1 f_dead 1
   0626 2Ar00s00      [16] 1665 	ld	hl, (___numTests)
   0629 23            [ 6] 1666 	inc	hl
                           1667 ;	genMove_o size 2 result type 10 source type 2 a_dead 1 hl_dead 1 de_dead 1 iy_dead 1 f_dead 1
   062A 22r00s00      [16] 1668 	ld	(___numTests), hl
                           1669 ;	skipping iCode since result will be rematerialized
                           1670 ;	skipping iCode since result will be rematerialized
                           1671 ;	genIpush
                           1672 ;	genMove_o size 1 result type 2 source type 1 a_dead 1 hl_dead 1 de_dead 1 iy_dead 1 f_dead 1
   062D 3E FB         [ 7] 1673 	ld	a, #0xfb
   062F F5            [11] 1674 	push	af
   0630 33            [ 6] 1675 	inc	sp
                           1676 ;	genSend
                           1677 ;	genMove_o size 2 result type 2 source type 7 a_dead 1 hl_dead 1 de_dead 1 iy_dead 1 f_dead 1
   0631 21r08s00      [10] 1678 	ld	hl, #_bit_test_2_volatileBits_10000_26
                           1679 ;	genCall
   0634 CDr01s00      [17] 1680 	call	_bits_check_value
                           1681 ;	genMove_o size 2 result type 2 source type 2 a_dead 1 hl_dead 1 de_dead 1 iy_dead 1 f_dead 1
                           1682 ;	genIfx
   0637 7A            [ 4] 1683 	ld	a, d
   0638 B3            [ 4] 1684 	or	a, e
   0639 C0            [11] 1685 	ret	nz
                           1686 ; common peephole 161 replaced jump by return.
                           1687 ;	skipping iCode since result will be rematerialized
                           1688 ;	skipping iCode since result will be rematerialized
                           1689 ;	skipping iCode since result will be rematerialized
                           1690 ;	skipping iCode since result will be rematerialized
                           1691 ;	skipping iCode since result will be rematerialized
                           1692 ;	skipping iCode since result will be rematerialized
                           1693 ;	genIpush
                           1694 ;	genMove_o size 2 result type 2 source type 1 a_dead 1 hl_dead 1 de_dead 1 iy_dead 1 f_dead 1
   063A 21 17 01      [10] 1695 	ld	hl, #0x0117
   063D E5            [11] 1696 	push	hl
                           1697 ;	genIpush
                           1698 ;	genMove_o size 2 result type 2 source type 7 a_dead 1 hl_dead 1 de_dead 1 iy_dead 1 f_dead 1
   063E 21r8Fs06      [10] 1699 	ld	hl, #___str_10
   0641 E5            [11] 1700 	push	hl
                           1701 ;	genSend
                           1702 ;	genMove_o size 2 result type 2 source type 7 a_dead 1 hl_dead 1 de_dead 1 iy_dead 1 f_dead 1
   0642 11rD6s06      [10] 1703 	ld	de, #___str_11
                           1704 ;	genSend
                           1705 ;	genMove_o size 2 result type 2 source type 7 a_dead 1 hl_dead 1 de_dead 0 iy_dead 1 f_dead 1
   0645 21r4Cs06      [10] 1706 	ld	hl, #___str_8
                           1707 ;	genCall
   0648 CDr00s00      [17] 1708 	call	___fail
                           1709 ;	genLabel
                           1710 ; common peephole 159 removed unused label 00101$.
                           1711 ;cases/bitfields-bits1/bitfields-bits1_preBits_16_pattern_0_varType_4.c:280: }
                           1712 ;	genEndFunction
   064B C9            [10] 1713 	ret
                           1714 ;	Total bit_test_2 function size at codegen: 13 bytes.
   064C                    1715 ___str_8:
   064C 41 73 73 65 72 74  1716 	.ascii "Assertion failed"
        69 6F 6E 20 66 61
        69 6C 65 64
   065C 00                 1717 	.db 0x00
   065D                    1718 ___str_9:
   065D 62 69 74 73 5F 63  1719 	.ascii "bits_check_value(&volatileBits, 1 << BIT_TO_TEST)"
        68 65 63 6B 5F 76
        61 6C 75 65 28 26
        76 6F 6C 61 74 69
        6C 65 42 69 74 73
        2C 20 31 20 3C 3C
        20 42 49 54 5F 54
        4F 5F 54 45 53 54
        29
   068E 00                 1720 	.db 0x00
   068F                    1721 ___str_10:
   068F 63 61 73 65 73 2F  1722 	.ascii "cases/bitfields-bits1/bitfields-bits1_preBits_16_pattern_0_v"
        62 69 74 66 69 65
        6C 64 73 2D 62 69
        74 73 31 2F 62 69
        74 66 69 65 6C 64
        73 2D 62 69 74 73
        31 5F 70 72 65 42
        69 74 73 5F 31 36
        5F 70 61 74 74 65
        72 6E 5F 30 5F 76
   06CB 61 72 54 79 70 65  1723 	.ascii "arType_4.c"
        5F 34 2E 63
   06D5 00                 1724 	.db 0x00
   06D6                    1725 ___str_11:
   06D6 62 69 74 73 5F 63  1726 	.ascii "bits_check_value(&volatileBits, ~(1 << BIT_TO_TEST))"
        68 65 63 6B 5F 76
        61 6C 75 65 28 26
        76 6F 6C 61 74 69
        6C 65 42 69 74 73
        2C 20 7E 28 31 20
        3C 3C 20 42 49 54
        5F 54 4F 5F 54 45
        53 54 29 29
   070A 00                 1727 	.db 0x00
                           1728 ;cases/bitfields-bits1/bitfields-bits1_preBits_16_pattern_0_varType_4.c:283: bit_test_3(void)
                           1729 ;	genLabel
                           1730 ;	genFunction
                           1731 ;	---------------------------------
                           1732 ; Function bit_test_3
                           1733 ; ---------------------------------
                           1734 ;	Register assignment might be sub-optimal.
                           1735 ; Stack space usage: 0 bytes.
   070B                    1736 _bit_test_3::
                           1737 ;cases/bitfields-bits1/bitfields-bits1_preBits_16_pattern_0_varType_4.c:290: bits_set_value(&volatileBits, 0x00);
                           1738 ;	skipping iCode since result will be rematerialized
                           1739 ;	skipping iCode since result will be rematerialized
                           1740 ;	genIpush
                           1741 ;	genMove_o size 1 result type 2 source type 1 a_dead 1 hl_dead 1 de_dead 1 iy_dead 1 f_dead 1
   070B AF            [ 4] 1742 	xor	a, a
   070C F5            [11] 1743 	push	af
   070D 33            [ 6] 1744 	inc	sp
                           1745 ;	genSend
                           1746 ;	genMove_o size 2 result type 2 source type 7 a_dead 1 hl_dead 1 de_dead 1 iy_dead 1 f_dead 1
   070E 21r0Cs00      [10] 1747 	ld	hl, #_bit_test_3_volatileBits_10000_28
                           1748 ;	genCall
   0711 CDr3As00      [17] 1749 	call	_bits_set_value
                           1750 ;cases/bitfields-bits1/bitfields-bits1_preBits_16_pattern_0_varType_4.c:291: volatileBits.bitToTest = 1;
                           1751 ;	skipping iCode since result will be rematerialized
                           1752 ;	genPointerSet
                           1753 ;	genMove_o size 2 result type 2 source type 7 a_dead 1 hl_dead 1 de_dead 1 iy_dead 1 f_dead 1
   0714 21r0Es00      [10] 1754 	ld	hl, #(_bit_test_3_volatileBits_10000_28 + 2)
   0717 CB DE         [15] 1755 	set	3, (hl)
                           1756 ;cases/bitfields-bits1/bitfields-bits1_preBits_16_pattern_0_varType_4.c:293: ASSERT(bits_check_value(&volatileBits,   1 << BIT_TO_TEST));
                           1757 ;	genPlus
                           1758 ;	genMove_o size 2 result type 2 source type 10 a_dead 1 hl_dead 1 de_dead 1 iy_dead 1 f_dead 1
   0719 2Ar00s00      [16] 1759 	ld	hl, (___numTests)
   071C 23            [ 6] 1760 	inc	hl
                           1761 ;	genMove_o size 2 result type 10 source type 2 a_dead 1 hl_dead 1 de_dead 1 iy_dead 1 f_dead 1
   071D 22r00s00      [16] 1762 	ld	(___numTests), hl
                           1763 ;	skipping iCode since result will be rematerialized
                           1764 ;	skipping iCode since result will be rematerialized
                           1765 ;	genIpush
                           1766 ;	genMove_o size 1 result type 2 source type 1 a_dead 1 hl_dead 1 de_dead 1 iy_dead 1 f_dead 1
   0720 3E 08         [ 7] 1767 	ld	a, #0x08
   0722 F5            [11] 1768 	push	af
   0723 33            [ 6] 1769 	inc	sp
                           1770 ;	genSend
                           1771 ;	genMove_o size 2 result type 2 source type 7 a_dead 1 hl_dead 1 de_dead 1 iy_dead 1 f_dead 1
   0724 21r0Cs00      [10] 1772 	ld	hl, #_bit_test_3_volatileBits_10000_28
                           1773 ;	genCall
   0727 CDr01s00      [17] 1774 	call	_bits_check_value
                           1775 ;	genMove_o size 2 result type 2 source type 2 a_dead 1 hl_dead 1 de_dead 1 iy_dead 1 f_dead 1
                           1776 ;	genIfx
   072A 7A            [ 4] 1777 	ld	a, d
   072B B3            [ 4] 1778 	or	a, e
                           1779 ; common peephole 163 changed absolute to relative conditional jump.
   072C 20 11         [12] 1780 	jr	nz, 00104$
                           1781 ;	skipping iCode since result will be rematerialized
                           1782 ;	skipping iCode since result will be rematerialized
                           1783 ;	skipping iCode since result will be rematerialized
                           1784 ;	skipping iCode since result will be rematerialized
                           1785 ;	skipping iCode since result will be rematerialized
                           1786 ;	skipping iCode since result will be rematerialized
                           1787 ;	genIpush
                           1788 ;	genMove_o size 2 result type 2 source type 1 a_dead 1 hl_dead 1 de_dead 1 iy_dead 1 f_dead 1
   072E 21 25 01      [10] 1789 	ld	hl, #0x0125
   0731 E5            [11] 1790 	push	hl
                           1791 ;	genIpush
                           1792 ;	genMove_o size 2 result type 2 source type 7 a_dead 1 hl_dead 1 de_dead 1 iy_dead 1 f_dead 1
   0732 21rDBs08      [10] 1793 	ld	hl, #___str_14
   0735 E5            [11] 1794 	push	hl
                           1795 ;	genSend
                           1796 ;	genMove_o size 2 result type 2 source type 7 a_dead 1 hl_dead 1 de_dead 1 iy_dead 1 f_dead 1
   0736 11rA9s08      [10] 1797 	ld	de, #___str_13
                           1798 ;	genSend
                           1799 ;	genMove_o size 2 result type 2 source type 7 a_dead 1 hl_dead 1 de_dead 0 iy_dead 1 f_dead 1
   0739 21r98s08      [10] 1800 	ld	hl, #___str_12
                           1801 ;	genCall
   073C CDr00s00      [17] 1802 	call	___fail
                           1803 ;	genLabel
   073F                    1804 00104$:
                           1805 ;cases/bitfields-bits1/bitfields-bits1_preBits_16_pattern_0_varType_4.c:295: bits_set_value(&volatileBits, 0xFF);
                           1806 ;	skipping iCode since result will be rematerialized
                           1807 ;	skipping iCode since result will be rematerialized
                           1808 ;	genIpush
                           1809 ;	genMove_o size 1 result type 2 source type 1 a_dead 1 hl_dead 1 de_dead 1 iy_dead 1 f_dead 1
   073F 3E FF         [ 7] 1810 	ld	a, #0xff
   0741 F5            [11] 1811 	push	af
   0742 33            [ 6] 1812 	inc	sp
                           1813 ;	genSend
                           1814 ;	genMove_o size 2 result type 2 source type 7 a_dead 1 hl_dead 1 de_dead 1 iy_dead 1 f_dead 1
   0743 21r0Cs00      [10] 1815 	ld	hl, #_bit_test_3_volatileBits_10000_28
                           1816 ;	genCall
   0746 CDr3As00      [17] 1817 	call	_bits_set_value
                           1818 ;cases/bitfields-bits1/bitfields-bits1_preBits_16_pattern_0_varType_4.c:296: volatileBits.bitToTest = 0;
                           1819 ;	skipping iCode since result will be rematerialized
                           1820 ;	genPointerSet
                           1821 ;	genMove_o size 2 result type 2 source type 7 a_dead 1 hl_dead 1 de_dead 1 iy_dead 1 f_dead 1
   0749 21r0Es00      [10] 1822 	ld	hl, #(_bit_test_3_volatileBits_10000_28 + 2)
   074C CB 9E         [15] 1823 	res	3, (hl)
                           1824 ;cases/bitfields-bits1/bitfields-bits1_preBits_16_pattern_0_varType_4.c:298: ASSERT(bits_check_value(&volatileBits, ~(1 << BIT_TO_TEST)));
                           1825 ;	genPlus
                           1826 ;	genMove_o size 2 result type 2 source type 10 a_dead 1 hl_dead 1 de_dead 1 iy_dead 1 f_dead 1
   074E 2Ar00s00      [16] 1827 	ld	hl, (___numTests)
   0751 23            [ 6] 1828 	inc	hl
                           1829 ;	genMove_o size 2 result type 10 source type 2 a_dead 1 hl_dead 1 de_dead 1 iy_dead 1 f_dead 1
   0752 22r00s00      [16] 1830 	ld	(___numTests), hl
                           1831 ;	skipping iCode since result will be rematerialized
                           1832 ;	skipping iCode since result will be rematerialized
                           1833 ;	genIpush
                           1834 ;	genMove_o size 1 result type 2 source type 1 a_dead 1 hl_dead 1 de_dead 1 iy_dead 1 f_dead 1
   0755 3E F7         [ 7] 1835 	ld	a, #0xf7
   0757 F5            [11] 1836 	push	af
   0758 33            [ 6] 1837 	inc	sp
                           1838 ;	genSend
                           1839 ;	genMove_o size 2 result type 2 source type 7 a_dead 1 hl_dead 1 de_dead 1 iy_dead 1 f_dead 1
   0759 21r0Cs00      [10] 1840 	ld	hl, #_bit_test_3_volatileBits_10000_28
                           1841 ;	genCall
   075C CDr01s00      [17] 1842 	call	_bits_check_value
                           1843 ;	genMove_o size 2 result type 2 source type 2 a_dead 1 hl_dead 1 de_dead 1 iy_dead 1 f_dead 1
                           1844 ;	genIfx
   075F 7A            [ 4] 1845 	ld	a, d
   0760 B3            [ 4] 1846 	or	a, e
                           1847 ; common peephole 163 changed absolute to relative conditional jump.
   0761 20 11         [12] 1848 	jr	nz, 00106$
                           1849 ;	skipping iCode since result will be rematerialized
                           1850 ;	skipping iCode since result will be rematerialized
                           1851 ;	skipping iCode since result will be rematerialized
                           1852 ;	skipping iCode since result will be rematerialized
                           1853 ;	skipping iCode since result will be rematerialized
                           1854 ;	skipping iCode since result will be rematerialized
                           1855 ;	genIpush
                           1856 ;	genMove_o size 2 result type 2 source type 1 a_dead 1 hl_dead 1 de_dead 1 iy_dead 1 f_dead 1
   0763 21 2A 01      [10] 1857 	ld	hl, #0x012a
   0766 E5            [11] 1858 	push	hl
                           1859 ;	genIpush
                           1860 ;	genMove_o size 2 result type 2 source type 7 a_dead 1 hl_dead 1 de_dead 1 iy_dead 1 f_dead 1
   0767 21rDBs08      [10] 1861 	ld	hl, #___str_14
   076A E5            [11] 1862 	push	hl
                           1863 ;	genSend
                           1864 ;	genMove_o size 2 result type 2 source type 7 a_dead 1 hl_dead 1 de_dead 1 iy_dead 1 f_dead 1
   076B 11r22s09      [10] 1865 	ld	de, #___str_15
                           1866 ;	genSend
                           1867 ;	genMove_o size 2 result type 2 source type 7 a_dead 1 hl_dead 1 de_dead 0 iy_dead 1 f_dead 1
   076E 21r98s08      [10] 1868 	ld	hl, #___str_12
                           1869 ;	genCall
   0771 CDr00s00      [17] 1870 	call	___fail
                           1871 ;	genLabel
   0774                    1872 00106$:
                           1873 ;cases/bitfields-bits1/bitfields-bits1_preBits_16_pattern_0_varType_4.c:300: bits_set_value(&volatileBits, 0x00);
                           1874 ;	skipping iCode since result will be rematerialized
                           1875 ;	skipping iCode since result will be rematerialized
                           1876 ;	genIpush
                           1877 ;	genMove_o size 1 result type 2 source type 1 a_dead 1 hl_dead 1 de_dead 1 iy_dead 1 f_dead 1
   0774 AF            [ 4] 1878 	xor	a, a
   0775 F5            [11] 1879 	push	af
   0776 33            [ 6] 1880 	inc	sp
                           1881 ;	genSend
                           1882 ;	genMove_o size 2 result type 2 source type 7 a_dead 1 hl_dead 1 de_dead 1 iy_dead 1 f_dead 1
   0777 21r0Cs00      [10] 1883 	ld	hl, #_bit_test_3_volatileBits_10000_28
                           1884 ;	genCall
   077A CDr3As00      [17] 1885 	call	_bits_set_value
                           1886 ;cases/bitfields-bits1/bitfields-bits1_preBits_16_pattern_0_varType_4.c:301: volatileBits.bitToTest = ! volatileBits.bitToTest;
                           1887 ;	genAddrOf
   077D 01r0Es00      [10] 1888 	ld	bc, #_bit_test_3_volatileBits_10000_28+2
                           1889 ;	skipping iCode since result will be rematerialized
                           1890 ;	genPointerGet
   0780 3Ar0Es00      [13] 1891 	ld	a, (#(_bit_test_3_volatileBits_10000_28 + 2) + 0)
   0783 0F            [ 4] 1892 	rrca
   0784 0F            [ 4] 1893 	rrca
   0785 0F            [ 4] 1894 	rrca
   0786 E6 01         [ 7] 1895 	and	a, #0x01
                           1896 ;	genNot
   0788 D6 01         [ 7] 1897 	sub	a, #0x01
   078A 3E 00         [ 7] 1898 	ld	a, #0x00
   078C 17            [ 4] 1899 	rla
                           1900 ;	genMove_o size 0 result type 2 source type 1 a_dead 1 hl_dead 0 de_dead 0 iy_dead 1 f_dead 1
                           1901 ;	genCast
                           1902 ;	(locations are the same)
                           1903 ;	genPointerSet
   078D 07            [ 4] 1904 	rlca
   078E 07            [ 4] 1905 	rlca
   078F 07            [ 4] 1906 	rlca
   0790 E6 08         [ 7] 1907 	and	a, #0x08
   0792 5F            [ 4] 1908 	ld	e, a
   0793 0A            [ 7] 1909 	ld	a, (bc)
   0794 E6 F7         [ 7] 1910 	and	a, #0xf7
   0796 B3            [ 4] 1911 	or	a, e
   0797 02            [ 7] 1912 	ld	(bc), a
                           1913 ;cases/bitfields-bits1/bitfields-bits1_preBits_16_pattern_0_varType_4.c:303: ASSERT(bits_check_value(&volatileBits,   1 << BIT_TO_TEST));
                           1914 ;	genPlus
                           1915 ;	genMove_o size 2 result type 2 source type 10 a_dead 1 hl_dead 1 de_dead 1 iy_dead 1 f_dead 1
   0798 2Ar00s00      [16] 1916 	ld	hl, (___numTests)
   079B 23            [ 6] 1917 	inc	hl
                           1918 ;	genMove_o size 2 result type 10 source type 2 a_dead 1 hl_dead 1 de_dead 1 iy_dead 1 f_dead 1
   079C 22r00s00      [16] 1919 	ld	(___numTests), hl
                           1920 ;	skipping iCode since result will be rematerialized
                           1921 ;	skipping iCode since result will be rematerialized
                           1922 ;	genIpush
                           1923 ;	genMove_o size 1 result type 2 source type 1 a_dead 1 hl_dead 1 de_dead 1 iy_dead 1 f_dead 1
   079F 3E 08         [ 7] 1924 	ld	a, #0x08
   07A1 F5            [11] 1925 	push	af
   07A2 33            [ 6] 1926 	inc	sp
                           1927 ;	genSend
                           1928 ;	genMove_o size 2 result type 2 source type 7 a_dead 1 hl_dead 1 de_dead 1 iy_dead 1 f_dead 1
   07A3 21r0Cs00      [10] 1929 	ld	hl, #_bit_test_3_volatileBits_10000_28
                           1930 ;	genCall
   07A6 CDr01s00      [17] 1931 	call	_bits_check_value
                           1932 ;	genMove_o size 2 result type 2 source type 2 a_dead 1 hl_dead 1 de_dead 1 iy_dead 1 f_dead 1
                           1933 ;	genIfx
   07A9 7A            [ 4] 1934 	ld	a, d
   07AA B3            [ 4] 1935 	or	a, e
                           1936 ; common peephole 163 changed absolute to relative conditional jump.
   07AB 20 11         [12] 1937 	jr	nz, 00108$
                           1938 ;	skipping iCode since result will be rematerialized
                           1939 ;	skipping iCode since result will be rematerialized
                           1940 ;	skipping iCode since result will be rematerialized
                           1941 ;	skipping iCode since result will be rematerialized
                           1942 ;	skipping iCode since result will be rematerialized
                           1943 ;	skipping iCode since result will be rematerialized
                           1944 ;	genIpush
                           1945 ;	genMove_o size 2 result type 2 source type 1 a_dead 1 hl_dead 1 de_dead 1 iy_dead 1 f_dead 1
   07AD 21 2F 01      [10] 1946 	ld	hl, #0x012f
   07B0 E5            [11] 1947 	push	hl
                           1948 ;	genIpush
                           1949 ;	genMove_o size 2 result type 2 source type 7 a_dead 1 hl_dead 1 de_dead 1 iy_dead 1 f_dead 1
   07B1 21rDBs08      [10] 1950 	ld	hl, #___str_14
   07B4 E5            [11] 1951 	push	hl
                           1952 ;	genSend
                           1953 ;	genMove_o size 2 result type 2 source type 7 a_dead 1 hl_dead 1 de_dead 1 iy_dead 1 f_dead 1
   07B5 11rA9s08      [10] 1954 	ld	de, #___str_13
                           1955 ;	genSend
                           1956 ;	genMove_o size 2 result type 2 source type 7 a_dead 1 hl_dead 1 de_dead 0 iy_dead 1 f_dead 1
   07B8 21r98s08      [10] 1957 	ld	hl, #___str_12
                           1958 ;	genCall
   07BB CDr00s00      [17] 1959 	call	___fail
                           1960 ;	genLabel
   07BE                    1961 00108$:
                           1962 ;cases/bitfields-bits1/bitfields-bits1_preBits_16_pattern_0_varType_4.c:305: bits_set_value(&volatileBits, 0xFF);
                           1963 ;	skipping iCode since result will be rematerialized
                           1964 ;	skipping iCode since result will be rematerialized
                           1965 ;	genIpush
                           1966 ;	genMove_o size 1 result type 2 source type 1 a_dead 1 hl_dead 1 de_dead 1 iy_dead 1 f_dead 1
   07BE 3E FF         [ 7] 1967 	ld	a, #0xff
   07C0 F5            [11] 1968 	push	af
   07C1 33            [ 6] 1969 	inc	sp
                           1970 ;	genSend
                           1971 ;	genMove_o size 2 result type 2 source type 7 a_dead 1 hl_dead 1 de_dead 1 iy_dead 1 f_dead 1
   07C2 21r0Cs00      [10] 1972 	ld	hl, #_bit_test_3_volatileBits_10000_28
                           1973 ;	genCall
   07C5 CDr3As00      [17] 1974 	call	_bits_set_value
                           1975 ;cases/bitfields-bits1/bitfields-bits1_preBits_16_pattern_0_varType_4.c:306: volatileBits.bitToTest = ! volatileBits.bitToTest;
                           1976 ;	genAddrOf
   07C8 01r0Es00      [10] 1977 	ld	bc, #_bit_test_3_volatileBits_10000_28+2
                           1978 ;	skipping iCode since result will be rematerialized
                           1979 ;	genPointerGet
   07CB 3Ar0Es00      [13] 1980 	ld	a, (#(_bit_test_3_volatileBits_10000_28 + 2) + 0)
   07CE 0F            [ 4] 1981 	rrca
   07CF 0F            [ 4] 1982 	rrca
   07D0 0F            [ 4] 1983 	rrca
   07D1 E6 01         [ 7] 1984 	and	a, #0x01
                           1985 ;	genNot
   07D3 D6 01         [ 7] 1986 	sub	a, #0x01
   07D5 3E 00         [ 7] 1987 	ld	a, #0x00
   07D7 17            [ 4] 1988 	rla
                           1989 ;	genMove_o size 0 result type 2 source type 1 a_dead 1 hl_dead 0 de_dead 0 iy_dead 1 f_dead 1
                           1990 ;	genCast
                           1991 ;	(locations are the same)
                           1992 ;	genPointerSet
   07D8 07            [ 4] 1993 	rlca
   07D9 07            [ 4] 1994 	rlca
   07DA 07            [ 4] 1995 	rlca
   07DB E6 08         [ 7] 1996 	and	a, #0x08
   07DD 5F            [ 4] 1997 	ld	e, a
   07DE 0A            [ 7] 1998 	ld	a, (bc)
   07DF E6 F7         [ 7] 1999 	and	a, #0xf7
   07E1 B3            [ 4] 2000 	or	a, e
   07E2 02            [ 7] 2001 	ld	(bc), a
                           2002 ;cases/bitfields-bits1/bitfields-bits1_preBits_16_pattern_0_varType_4.c:308: ASSERT(bits_check_value(&volatileBits, ~(1 << BIT_TO_TEST)));
                           2003 ;	genPlus
                           2004 ;	genMove_o size 2 result type 2 source type 10 a_dead 1 hl_dead 1 de_dead 1 iy_dead 1 f_dead 1
   07E3 2Ar00s00      [16] 2005 	ld	hl, (___numTests)
   07E6 23            [ 6] 2006 	inc	hl
                           2007 ;	genMove_o size 2 result type 10 source type 2 a_dead 1 hl_dead 1 de_dead 1 iy_dead 1 f_dead 1
   07E7 22r00s00      [16] 2008 	ld	(___numTests), hl
                           2009 ;	skipping iCode since result will be rematerialized
                           2010 ;	skipping iCode since result will be rematerialized
                           2011 ;	genIpush
                           2012 ;	genMove_o size 1 result type 2 source type 1 a_dead 1 hl_dead 1 de_dead 1 iy_dead 1 f_dead 1
   07EA 3E F7         [ 7] 2013 	ld	a, #0xf7
   07EC F5            [11] 2014 	push	af
   07ED 33            [ 6] 2015 	inc	sp
                           2016 ;	genSend
                           2017 ;	genMove_o size 2 result type 2 source type 7 a_dead 1 hl_dead 1 de_dead 1 iy_dead 1 f_dead 1
   07EE 21r0Cs00      [10] 2018 	ld	hl, #_bit_test_3_volatileBits_10000_28
                           2019 ;	genCall
   07F1 CDr01s00      [17] 2020 	call	_bits_check_value
                           2021 ;	genMove_o size 2 result type 2 source type 2 a_dead 1 hl_dead 1 de_dead 1 iy_dead 1 f_dead 1
                           2022 ;	genIfx
   07F4 7A            [ 4] 2023 	ld	a, d
   07F5 B3            [ 4] 2024 	or	a, e
                           2025 ; common peephole 163 changed absolute to relative conditional jump.
   07F6 20 11         [12] 2026 	jr	nz, 00110$
                           2027 ;	skipping iCode since result will be rematerialized
                           2028 ;	skipping iCode since result will be rematerialized
                           2029 ;	skipping iCode since result will be rematerialized
                           2030 ;	skipping iCode since result will be rematerialized
                           2031 ;	skipping iCode since result will be rematerialized
                           2032 ;	skipping iCode since result will be rematerialized
                           2033 ;	genIpush
                           2034 ;	genMove_o size 2 result type 2 source type 1 a_dead 1 hl_dead 1 de_dead 1 iy_dead 1 f_dead 1
   07F8 21 34 01      [10] 2035 	ld	hl, #0x0134
   07FB E5            [11] 2036 	push	hl
                           2037 ;	genIpush
                           2038 ;	genMove_o size 2 result type 2 source type 7 a_dead 1 hl_dead 1 de_dead 1 iy_dead 1 f_dead 1
   07FC 21rDBs08      [10] 2039 	ld	hl, #___str_14
   07FF E5            [11] 2040 	push	hl
                           2041 ;	genSend
                           2042 ;	genMove_o size 2 result type 2 source type 7 a_dead 1 hl_dead 1 de_dead 1 iy_dead 1 f_dead 1
   0800 11r22s09      [10] 2043 	ld	de, #___str_15
                           2044 ;	genSend
                           2045 ;	genMove_o size 2 result type 2 source type 7 a_dead 1 hl_dead 1 de_dead 0 iy_dead 1 f_dead 1
   0803 21r98s08      [10] 2046 	ld	hl, #___str_12
                           2047 ;	genCall
   0806 CDr00s00      [17] 2048 	call	___fail
                           2049 ;	genLabel
   0809                    2050 00110$:
                           2051 ;cases/bitfields-bits1/bitfields-bits1_preBits_16_pattern_0_varType_4.c:310: bits_set_value(&volatileBits, 0x00);
                           2052 ;	skipping iCode since result will be rematerialized
                           2053 ;	skipping iCode since result will be rematerialized
                           2054 ;	genIpush
                           2055 ;	genMove_o size 1 result type 2 source type 1 a_dead 1 hl_dead 1 de_dead 1 iy_dead 1 f_dead 1
   0809 AF            [ 4] 2056 	xor	a, a
   080A F5            [11] 2057 	push	af
   080B 33            [ 6] 2058 	inc	sp
                           2059 ;	genSend
                           2060 ;	genMove_o size 2 result type 2 source type 7 a_dead 1 hl_dead 1 de_dead 1 iy_dead 1 f_dead 1
   080C 21r0Cs00      [10] 2061 	ld	hl, #_bit_test_3_volatileBits_10000_28
                           2062 ;	genCall
   080F CDr3As00      [17] 2063 	call	_bits_set_value
                           2064 ;cases/bitfields-bits1/bitfields-bits1_preBits_16_pattern_0_varType_4.c:311: volatileBits.bitToTest ^= 1;
                           2065 ;	genAddrOf
   0812 01r0Es00      [10] 2066 	ld	bc, #_bit_test_3_volatileBits_10000_28+2
                           2067 ;	skipping iCode since result will be rematerialized
                           2068 ;	genPointerGet
   0815 3Ar0Es00      [13] 2069 	ld	a, (#(_bit_test_3_volatileBits_10000_28 + 2) + 0)
   0818 0F            [ 4] 2070 	rrca
   0819 0F            [ 4] 2071 	rrca
   081A 0F            [ 4] 2072 	rrca
   081B E6 01         [ 7] 2073 	and	a, #0x01
                           2074 ;	genXor
   081D EE 01         [ 7] 2075 	xor	a, #0x01
                           2076 ;	genMove_o size 1 result type 2 source type 2 a_dead 1 hl_dead 1 de_dead 1 iy_dead 1 f_dead 1
                           2077 ;	genPointerSet
   081F 07            [ 4] 2078 	rlca
   0820 07            [ 4] 2079 	rlca
   0821 07            [ 4] 2080 	rlca
   0822 E6 08         [ 7] 2081 	and	a, #0x08
   0824 5F            [ 4] 2082 	ld	e, a
   0825 0A            [ 7] 2083 	ld	a, (bc)
   0826 E6 F7         [ 7] 2084 	and	a, #0xf7
   0828 B3            [ 4] 2085 	or	a, e
   0829 02            [ 7] 2086 	ld	(bc), a
                           2087 ;cases/bitfields-bits1/bitfields-bits1_preBits_16_pattern_0_varType_4.c:313: ASSERT(bits_check_value(&volatileBits,   1 << BIT_TO_TEST));
                           2088 ;	genPlus
                           2089 ;	genMove_o size 2 result type 2 source type 10 a_dead 1 hl_dead 1 de_dead 1 iy_dead 1 f_dead 1
   082A 2Ar00s00      [16] 2090 	ld	hl, (___numTests)
   082D 23            [ 6] 2091 	inc	hl
                           2092 ;	genMove_o size 2 result type 10 source type 2 a_dead 1 hl_dead 1 de_dead 1 iy_dead 1 f_dead 1
   082E 22r00s00      [16] 2093 	ld	(___numTests), hl
                           2094 ;	skipping iCode since result will be rematerialized
                           2095 ;	skipping iCode since result will be rematerialized
                           2096 ;	genIpush
                           2097 ;	genMove_o size 1 result type 2 source type 1 a_dead 1 hl_dead 1 de_dead 1 iy_dead 1 f_dead 1
   0831 3E 08         [ 7] 2098 	ld	a, #0x08
   0833 F5            [11] 2099 	push	af
   0834 33            [ 6] 2100 	inc	sp
                           2101 ;	genSend
                           2102 ;	genMove_o size 2 result type 2 source type 7 a_dead 1 hl_dead 1 de_dead 1 iy_dead 1 f_dead 1
   0835 21r0Cs00      [10] 2103 	ld	hl, #_bit_test_3_volatileBits_10000_28
                           2104 ;	genCall
   0838 CDr01s00      [17] 2105 	call	_bits_check_value
                           2106 ;	genMove_o size 2 result type 2 source type 2 a_dead 1 hl_dead 1 de_dead 1 iy_dead 1 f_dead 1
                           2107 ;	genIfx
   083B 7A            [ 4] 2108 	ld	a, d
   083C B3            [ 4] 2109 	or	a, e
                           2110 ; common peephole 163 changed absolute to relative conditional jump.
   083D 20 11         [12] 2111 	jr	nz, 00112$
                           2112 ;	skipping iCode since result will be rematerialized
                           2113 ;	skipping iCode since result will be rematerialized
                           2114 ;	skipping iCode since result will be rematerialized
                           2115 ;	skipping iCode since result will be rematerialized
                           2116 ;	skipping iCode since result will be rematerialized
                           2117 ;	skipping iCode since result will be rematerialized
                           2118 ;	genIpush
                           2119 ;	genMove_o size 2 result type 2 source type 1 a_dead 1 hl_dead 1 de_dead 1 iy_dead 1 f_dead 1
   083F 21 39 01      [10] 2120 	ld	hl, #0x0139
   0842 E5            [11] 2121 	push	hl
                           2122 ;	genIpush
                           2123 ;	genMove_o size 2 result type 2 source type 7 a_dead 1 hl_dead 1 de_dead 1 iy_dead 1 f_dead 1
   0843 21rDBs08      [10] 2124 	ld	hl, #___str_14
   0846 E5            [11] 2125 	push	hl
                           2126 ;	genSend
                           2127 ;	genMove_o size 2 result type 2 source type 7 a_dead 1 hl_dead 1 de_dead 1 iy_dead 1 f_dead 1
   0847 11rA9s08      [10] 2128 	ld	de, #___str_13
                           2129 ;	genSend
                           2130 ;	genMove_o size 2 result type 2 source type 7 a_dead 1 hl_dead 1 de_dead 0 iy_dead 1 f_dead 1
   084A 21r98s08      [10] 2131 	ld	hl, #___str_12
                           2132 ;	genCall
   084D CDr00s00      [17] 2133 	call	___fail
                           2134 ;	genLabel
   0850                    2135 00112$:
                           2136 ;cases/bitfields-bits1/bitfields-bits1_preBits_16_pattern_0_varType_4.c:315: bits_set_value(&volatileBits, 0xFF);
                           2137 ;	skipping iCode since result will be rematerialized
                           2138 ;	skipping iCode since result will be rematerialized
                           2139 ;	genIpush
                           2140 ;	genMove_o size 1 result type 2 source type 1 a_dead 1 hl_dead 1 de_dead 1 iy_dead 1 f_dead 1
   0850 3E FF         [ 7] 2141 	ld	a, #0xff
   0852 F5            [11] 2142 	push	af
   0853 33            [ 6] 2143 	inc	sp
                           2144 ;	genSend
                           2145 ;	genMove_o size 2 result type 2 source type 7 a_dead 1 hl_dead 1 de_dead 1 iy_dead 1 f_dead 1
   0854 21r0Cs00      [10] 2146 	ld	hl, #_bit_test_3_volatileBits_10000_28
                           2147 ;	genCall
   0857 CDr3As00      [17] 2148 	call	_bits_set_value
                           2149 ;cases/bitfields-bits1/bitfields-bits1_preBits_16_pattern_0_varType_4.c:316: volatileBits.bitToTest ^= 1;
                           2150 ;	genAddrOf
   085A 01r0Es00      [10] 2151 	ld	bc, #_bit_test_3_volatileBits_10000_28+2
                           2152 ;	skipping iCode since result will be rematerialized
                           2153 ;	genPointerGet
   085D 3Ar0Es00      [13] 2154 	ld	a, (#(_bit_test_3_volatileBits_10000_28 + 2) + 0)
   0860 0F            [ 4] 2155 	rrca
   0861 0F            [ 4] 2156 	rrca
   0862 0F            [ 4] 2157 	rrca
   0863 E6 01         [ 7] 2158 	and	a, #0x01
                           2159 ;	genXor
   0865 EE 01         [ 7] 2160 	xor	a, #0x01
                           2161 ;	genMove_o size 1 result type 2 source type 2 a_dead 1 hl_dead 1 de_dead 1 iy_dead 1 f_dead 1
                           2162 ;	genPointerSet
   0867 07            [ 4] 2163 	rlca
   0868 07            [ 4] 2164 	rlca
   0869 07            [ 4] 2165 	rlca
   086A E6 08         [ 7] 2166 	and	a, #0x08
   086C 5F            [ 4] 2167 	ld	e, a
   086D 0A            [ 7] 2168 	ld	a, (bc)
   086E E6 F7         [ 7] 2169 	and	a, #0xf7
   0870 B3            [ 4] 2170 	or	a, e
   0871 02            [ 7] 2171 	ld	(bc), a
                           2172 ;cases/bitfields-bits1/bitfields-bits1_preBits_16_pattern_0_varType_4.c:318: ASSERT(bits_check_value(&volatileBits, ~(1 << BIT_TO_TEST)));
                           2173 ;	genPlus
                           2174 ;	genMove_o size 2 result type 2 source type 10 a_dead 1 hl_dead 1 de_dead 1 iy_dead 1 f_dead 1
   0872 2Ar00s00      [16] 2175 	ld	hl, (___numTests)
   0875 23            [ 6] 2176 	inc	hl
                           2177 ;	genMove_o size 2 result type 10 source type 2 a_dead 1 hl_dead 1 de_dead 1 iy_dead 1 f_dead 1
   0876 22r00s00      [16] 2178 	ld	(___numTests), hl
                           2179 ;	skipping iCode since result will be rematerialized
                           2180 ;	skipping iCode since result will be rematerialized
                           2181 ;	genIpush
                           2182 ;	genMove_o size 1 result type 2 source type 1 a_dead 1 hl_dead 1 de_dead 1 iy_dead 1 f_dead 1
   0879 3E F7         [ 7] 2183 	ld	a, #0xf7
   087B F5            [11] 2184 	push	af
   087C 33            [ 6] 2185 	inc	sp
                           2186 ;	genSend
                           2187 ;	genMove_o size 2 result type 2 source type 7 a_dead 1 hl_dead 1 de_dead 1 iy_dead 1 f_dead 1
   087D 21r0Cs00      [10] 2188 	ld	hl, #_bit_test_3_volatileBits_10000_28
                           2189 ;	genCall
   0880 CDr01s00      [17] 2190 	call	_bits_check_value
                           2191 ;	genMove_o size 2 result type 2 source type 2 a_dead 1 hl_dead 1 de_dead 1 iy_dead 1 f_dead 1
                           2192 ;	genIfx
   0883 7A            [ 4] 2193 	ld	a, d
   0884 B3            [ 4] 2194 	or	a, e
   0885 C0            [11] 2195 	ret	nz
                           2196 ; common peephole 161 replaced jump by return.
                           2197 ;	skipping iCode since result will be rematerialized
                           2198 ;	skipping iCode since result will be rematerialized
                           2199 ;	skipping iCode since result will be rematerialized
                           2200 ;	skipping iCode since result will be rematerialized
                           2201 ;	skipping iCode since result will be rematerialized
                           2202 ;	skipping iCode since result will be rematerialized
                           2203 ;	genIpush
                           2204 ;	genMove_o size 2 result type 2 source type 1 a_dead 1 hl_dead 1 de_dead 1 iy_dead 1 f_dead 1
   0886 21 3E 01      [10] 2205 	ld	hl, #0x013e
   0889 E5            [11] 2206 	push	hl
                           2207 ;	genIpush
                           2208 ;	genMove_o size 2 result type 2 source type 7 a_dead 1 hl_dead 1 de_dead 1 iy_dead 1 f_dead 1
   088A 21rDBs08      [10] 2209 	ld	hl, #___str_14
   088D E5            [11] 2210 	push	hl
                           2211 ;	genSend
                           2212 ;	genMove_o size 2 result type 2 source type 7 a_dead 1 hl_dead 1 de_dead 1 iy_dead 1 f_dead 1
   088E 11r22s09      [10] 2213 	ld	de, #___str_15
                           2214 ;	genSend
                           2215 ;	genMove_o size 2 result type 2 source type 7 a_dead 1 hl_dead 1 de_dead 0 iy_dead 1 f_dead 1
   0891 21r98s08      [10] 2216 	ld	hl, #___str_12
                           2217 ;	genCall
   0894 CDr00s00      [17] 2218 	call	___fail
                           2219 ;	genLabel
                           2220 ; common peephole 159 removed unused label 00101$.
                           2221 ;cases/bitfields-bits1/bitfields-bits1_preBits_16_pattern_0_varType_4.c:319: }
                           2222 ;	genEndFunction
   0897 C9            [10] 2223 	ret
                           2224 ;	Total bit_test_3 function size at codegen: 13 bytes.
   0898                    2225 ___str_12:
   0898 41 73 73 65 72 74  2226 	.ascii "Assertion failed"
        69 6F 6E 20 66 61
        69 6C 65 64
   08A8 00                 2227 	.db 0x00
   08A9                    2228 ___str_13:
   08A9 62 69 74 73 5F 63  2229 	.ascii "bits_check_value(&volatileBits, 1 << BIT_TO_TEST)"
        68 65 63 6B 5F 76
        61 6C 75 65 28 26
        76 6F 6C 61 74 69
        6C 65 42 69 74 73
        2C 20 31 20 3C 3C
        20 42 49 54 5F 54
        4F 5F 54 45 53 54
        29
   08DA 00                 2230 	.db 0x00
   08DB                    2231 ___str_14:
   08DB 63 61 73 65 73 2F  2232 	.ascii "cases/bitfields-bits1/bitfields-bits1_preBits_16_pattern_0_v"
        62 69 74 66 69 65
        6C 64 73 2D 62 69
        74 73 31 2F 62 69
        74 66 69 65 6C 64
        73 2D 62 69 74 73
        31 5F 70 72 65 42
        69 74 73 5F 31 36
        5F 70 61 74 74 65
        72 6E 5F 30 5F 76
   0917 61 72 54 79 70 65  2233 	.ascii "arType_4.c"
        5F 34 2E 63
   0921 00                 2234 	.db 0x00
   0922                    2235 ___str_15:
   0922 62 69 74 73 5F 63  2236 	.ascii "bits_check_value(&volatileBits, ~(1 << BIT_TO_TEST))"
        68 65 63 6B 5F 76
        61 6C 75 65 28 26
        76 6F 6C 61 74 69
        6C 65 42 69 74 73
        2C 20 7E 28 31 20
        3C 3C 20 42 49 54
        5F 54 4F 5F 54 45
        53 54 29 29
   0956 00                 2237 	.db 0x00
                           2238 ;cases/bitfields-bits1/bitfields-bits1_preBits_16_pattern_0_varType_4.c:322: bit_test_4(void)
                           2239 ;	genLabel
                           2240 ;	genFunction
                           2241 ;	---------------------------------
                           2242 ; Function bit_test_4
                           2243 ; ---------------------------------
                           2244 ;	Register assignment might be sub-optimal.
                           2245 ; Stack space usage: 0 bytes.
   0957                    2246 _bit_test_4::
                           2247 ;cases/bitfields-bits1/bitfields-bits1_preBits_16_pattern_0_varType_4.c:329: bits_set_value(&volatileBits, 0x00);
                           2248 ;	skipping iCode since result will be rematerialized
                           2249 ;	skipping iCode since result will be rematerialized
                           2250 ;	genIpush
                           2251 ;	genMove_o size 1 result type 2 source type 1 a_dead 1 hl_dead 1 de_dead 1 iy_dead 1 f_dead 1
   0957 AF            [ 4] 2252 	xor	a, a
   0958 F5            [11] 2253 	push	af
   0959 33            [ 6] 2254 	inc	sp
                           2255 ;	genSend
                           2256 ;	genMove_o size 2 result type 2 source type 7 a_dead 1 hl_dead 1 de_dead 1 iy_dead 1 f_dead 1
   095A 21r10s00      [10] 2257 	ld	hl, #_bit_test_4_volatileBits_10000_30
                           2258 ;	genCall
   095D CDr3As00      [17] 2259 	call	_bits_set_value
                           2260 ;cases/bitfields-bits1/bitfields-bits1_preBits_16_pattern_0_varType_4.c:330: volatileBits.bitToTest = 1;
                           2261 ;	skipping iCode since result will be rematerialized
                           2262 ;	genPointerSet
                           2263 ;	genMove_o size 2 result type 2 source type 7 a_dead 1 hl_dead 1 de_dead 1 iy_dead 1 f_dead 1
   0960 21r12s00      [10] 2264 	ld	hl, #(_bit_test_4_volatileBits_10000_30 + 2)
   0963 CB E6         [15] 2265 	set	4, (hl)
                           2266 ;cases/bitfields-bits1/bitfields-bits1_preBits_16_pattern_0_varType_4.c:332: ASSERT(bits_check_value(&volatileBits,   1 << BIT_TO_TEST));
                           2267 ;	genPlus
                           2268 ;	genMove_o size 2 result type 2 source type 10 a_dead 1 hl_dead 1 de_dead 1 iy_dead 1 f_dead 1
   0965 2Ar00s00      [16] 2269 	ld	hl, (___numTests)
   0968 23            [ 6] 2270 	inc	hl
                           2271 ;	genMove_o size 2 result type 10 source type 2 a_dead 1 hl_dead 1 de_dead 1 iy_dead 1 f_dead 1
   0969 22r00s00      [16] 2272 	ld	(___numTests), hl
                           2273 ;	skipping iCode since result will be rematerialized
                           2274 ;	skipping iCode since result will be rematerialized
                           2275 ;	genIpush
                           2276 ;	genMove_o size 1 result type 2 source type 1 a_dead 1 hl_dead 1 de_dead 1 iy_dead 1 f_dead 1
   096C 3E 10         [ 7] 2277 	ld	a, #0x10
   096E F5            [11] 2278 	push	af
   096F 33            [ 6] 2279 	inc	sp
                           2280 ;	genSend
                           2281 ;	genMove_o size 2 result type 2 source type 7 a_dead 1 hl_dead 1 de_dead 1 iy_dead 1 f_dead 1
   0970 21r10s00      [10] 2282 	ld	hl, #_bit_test_4_volatileBits_10000_30
                           2283 ;	genCall
   0973 CDr01s00      [17] 2284 	call	_bits_check_value
                           2285 ;	genMove_o size 2 result type 2 source type 2 a_dead 1 hl_dead 1 de_dead 1 iy_dead 1 f_dead 1
                           2286 ;	genIfx
   0976 7A            [ 4] 2287 	ld	a, d
   0977 B3            [ 4] 2288 	or	a, e
                           2289 ; common peephole 163 changed absolute to relative conditional jump.
   0978 20 11         [12] 2290 	jr	nz, 00104$
                           2291 ;	skipping iCode since result will be rematerialized
                           2292 ;	skipping iCode since result will be rematerialized
                           2293 ;	skipping iCode since result will be rematerialized
                           2294 ;	skipping iCode since result will be rematerialized
                           2295 ;	skipping iCode since result will be rematerialized
                           2296 ;	skipping iCode since result will be rematerialized
                           2297 ;	genIpush
                           2298 ;	genMove_o size 2 result type 2 source type 1 a_dead 1 hl_dead 1 de_dead 1 iy_dead 1 f_dead 1
   097A 21 4C 01      [10] 2299 	ld	hl, #0x014c
   097D E5            [11] 2300 	push	hl
                           2301 ;	genIpush
                           2302 ;	genMove_o size 2 result type 2 source type 7 a_dead 1 hl_dead 1 de_dead 1 iy_dead 1 f_dead 1
   097E 21r2Fs0B      [10] 2303 	ld	hl, #___str_18
   0981 E5            [11] 2304 	push	hl
                           2305 ;	genSend
                           2306 ;	genMove_o size 2 result type 2 source type 7 a_dead 1 hl_dead 1 de_dead 1 iy_dead 1 f_dead 1
   0982 11rFDs0A      [10] 2307 	ld	de, #___str_17
                           2308 ;	genSend
                           2309 ;	genMove_o size 2 result type 2 source type 7 a_dead 1 hl_dead 1 de_dead 0 iy_dead 1 f_dead 1
   0985 21rECs0A      [10] 2310 	ld	hl, #___str_16
                           2311 ;	genCall
   0988 CDr00s00      [17] 2312 	call	___fail
                           2313 ;	genLabel
   098B                    2314 00104$:
                           2315 ;cases/bitfields-bits1/bitfields-bits1_preBits_16_pattern_0_varType_4.c:334: bits_set_value(&volatileBits, 0xFF);
                           2316 ;	skipping iCode since result will be rematerialized
                           2317 ;	skipping iCode since result will be rematerialized
                           2318 ;	genIpush
                           2319 ;	genMove_o size 1 result type 2 source type 1 a_dead 1 hl_dead 1 de_dead 1 iy_dead 1 f_dead 1
   098B 3E FF         [ 7] 2320 	ld	a, #0xff
   098D F5            [11] 2321 	push	af
   098E 33            [ 6] 2322 	inc	sp
                           2323 ;	genSend
                           2324 ;	genMove_o size 2 result type 2 source type 7 a_dead 1 hl_dead 1 de_dead 1 iy_dead 1 f_dead 1
   098F 21r10s00      [10] 2325 	ld	hl, #_bit_test_4_volatileBits_10000_30
                           2326 ;	genCall
   0992 CDr3As00      [17] 2327 	call	_bits_set_value
                           2328 ;cases/bitfields-bits1/bitfields-bits1_preBits_16_pattern_0_varType_4.c:335: volatileBits.bitToTest = 0;
                           2329 ;	skipping iCode since result will be rematerialized
                           2330 ;	genPointerSet
                           2331 ;	genMove_o size 2 result type 2 source type 7 a_dead 1 hl_dead 1 de_dead 1 iy_dead 1 f_dead 1
   0995 21r12s00      [10] 2332 	ld	hl, #(_bit_test_4_volatileBits_10000_30 + 2)
   0998 CB A6         [15] 2333 	res	4, (hl)
                           2334 ;cases/bitfields-bits1/bitfields-bits1_preBits_16_pattern_0_varType_4.c:337: ASSERT(bits_check_value(&volatileBits, ~(1 << BIT_TO_TEST)));
                           2335 ;	genPlus
                           2336 ;	genMove_o size 2 result type 2 source type 10 a_dead 1 hl_dead 1 de_dead 1 iy_dead 1 f_dead 1
   099A 2Ar00s00      [16] 2337 	ld	hl, (___numTests)
   099D 23            [ 6] 2338 	inc	hl
                           2339 ;	genMove_o size 2 result type 10 source type 2 a_dead 1 hl_dead 1 de_dead 1 iy_dead 1 f_dead 1
   099E 22r00s00      [16] 2340 	ld	(___numTests), hl
                           2341 ;	skipping iCode since result will be rematerialized
                           2342 ;	skipping iCode since result will be rematerialized
                           2343 ;	genIpush
                           2344 ;	genMove_o size 1 result type 2 source type 1 a_dead 1 hl_dead 1 de_dead 1 iy_dead 1 f_dead 1
   09A1 3E EF         [ 7] 2345 	ld	a, #0xef
   09A3 F5            [11] 2346 	push	af
   09A4 33            [ 6] 2347 	inc	sp
                           2348 ;	genSend
                           2349 ;	genMove_o size 2 result type 2 source type 7 a_dead 1 hl_dead 1 de_dead 1 iy_dead 1 f_dead 1
   09A5 21r10s00      [10] 2350 	ld	hl, #_bit_test_4_volatileBits_10000_30
                           2351 ;	genCall
   09A8 CDr01s00      [17] 2352 	call	_bits_check_value
                           2353 ;	genMove_o size 2 result type 2 source type 2 a_dead 1 hl_dead 1 de_dead 1 iy_dead 1 f_dead 1
                           2354 ;	genIfx
   09AB 7A            [ 4] 2355 	ld	a, d
   09AC B3            [ 4] 2356 	or	a, e
                           2357 ; common peephole 163 changed absolute to relative conditional jump.
   09AD 20 11         [12] 2358 	jr	nz, 00106$
                           2359 ;	skipping iCode since result will be rematerialized
                           2360 ;	skipping iCode since result will be rematerialized
                           2361 ;	skipping iCode since result will be rematerialized
                           2362 ;	skipping iCode since result will be rematerialized
                           2363 ;	skipping iCode since result will be rematerialized
                           2364 ;	skipping iCode since result will be rematerialized
                           2365 ;	genIpush
                           2366 ;	genMove_o size 2 result type 2 source type 1 a_dead 1 hl_dead 1 de_dead 1 iy_dead 1 f_dead 1
   09AF 21 51 01      [10] 2367 	ld	hl, #0x0151
   09B2 E5            [11] 2368 	push	hl
                           2369 ;	genIpush
                           2370 ;	genMove_o size 2 result type 2 source type 7 a_dead 1 hl_dead 1 de_dead 1 iy_dead 1 f_dead 1
   09B3 21r2Fs0B      [10] 2371 	ld	hl, #___str_18
   09B6 E5            [11] 2372 	push	hl
                           2373 ;	genSend
                           2374 ;	genMove_o size 2 result type 2 source type 7 a_dead 1 hl_dead 1 de_dead 1 iy_dead 1 f_dead 1
   09B7 11r76s0B      [10] 2375 	ld	de, #___str_19
                           2376 ;	genSend
                           2377 ;	genMove_o size 2 result type 2 source type 7 a_dead 1 hl_dead 1 de_dead 0 iy_dead 1 f_dead 1
   09BA 21rECs0A      [10] 2378 	ld	hl, #___str_16
                           2379 ;	genCall
   09BD CDr00s00      [17] 2380 	call	___fail
                           2381 ;	genLabel
   09C0                    2382 00106$:
                           2383 ;cases/bitfields-bits1/bitfields-bits1_preBits_16_pattern_0_varType_4.c:339: bits_set_value(&volatileBits, 0x00);
                           2384 ;	skipping iCode since result will be rematerialized
                           2385 ;	skipping iCode since result will be rematerialized
                           2386 ;	genIpush
                           2387 ;	genMove_o size 1 result type 2 source type 1 a_dead 1 hl_dead 1 de_dead 1 iy_dead 1 f_dead 1
   09C0 AF            [ 4] 2388 	xor	a, a
   09C1 F5            [11] 2389 	push	af
   09C2 33            [ 6] 2390 	inc	sp
                           2391 ;	genSend
                           2392 ;	genMove_o size 2 result type 2 source type 7 a_dead 1 hl_dead 1 de_dead 1 iy_dead 1 f_dead 1
   09C3 21r10s00      [10] 2393 	ld	hl, #_bit_test_4_volatileBits_10000_30
                           2394 ;	genCall
   09C6 CDr3As00      [17] 2395 	call	_bits_set_value
                           2396 ;cases/bitfields-bits1/bitfields-bits1_preBits_16_pattern_0_varType_4.c:340: volatileBits.bitToTest = ! volatileBits.bitToTest;
                           2397 ;	genAddrOf
   09C9 01r12s00      [10] 2398 	ld	bc, #_bit_test_4_volatileBits_10000_30+2
                           2399 ;	skipping iCode since result will be rematerialized
                           2400 ;	genPointerGet
   09CC 3Ar12s00      [13] 2401 	ld	a, (#(_bit_test_4_volatileBits_10000_30 + 2) + 0)
   09CF 07            [ 4] 2402 	rlca
   09D0 07            [ 4] 2403 	rlca
   09D1 07            [ 4] 2404 	rlca
   09D2 07            [ 4] 2405 	rlca
   09D3 E6 01         [ 7] 2406 	and	a, #0x01
                           2407 ;	genNot
   09D5 D6 01         [ 7] 2408 	sub	a, #0x01
   09D7 3E 00         [ 7] 2409 	ld	a, #0x00
   09D9 17            [ 4] 2410 	rla
                           2411 ;	genMove_o size 0 result type 2 source type 1 a_dead 1 hl_dead 0 de_dead 0 iy_dead 1 f_dead 1
                           2412 ;	genCast
                           2413 ;	(locations are the same)
                           2414 ;	genPointerSet
   09DA 07            [ 4] 2415 	rlca
   09DB 07            [ 4] 2416 	rlca
   09DC 07            [ 4] 2417 	rlca
   09DD 07            [ 4] 2418 	rlca
   09DE E6 10         [ 7] 2419 	and	a, #0x10
   09E0 5F            [ 4] 2420 	ld	e, a
   09E1 0A            [ 7] 2421 	ld	a, (bc)
   09E2 E6 EF         [ 7] 2422 	and	a, #0xef
   09E4 B3            [ 4] 2423 	or	a, e
   09E5 02            [ 7] 2424 	ld	(bc), a
                           2425 ;cases/bitfields-bits1/bitfields-bits1_preBits_16_pattern_0_varType_4.c:342: ASSERT(bits_check_value(&volatileBits,   1 << BIT_TO_TEST));
                           2426 ;	genPlus
                           2427 ;	genMove_o size 2 result type 2 source type 10 a_dead 1 hl_dead 1 de_dead 1 iy_dead 1 f_dead 1
   09E6 2Ar00s00      [16] 2428 	ld	hl, (___numTests)
   09E9 23            [ 6] 2429 	inc	hl
                           2430 ;	genMove_o size 2 result type 10 source type 2 a_dead 1 hl_dead 1 de_dead 1 iy_dead 1 f_dead 1
   09EA 22r00s00      [16] 2431 	ld	(___numTests), hl
                           2432 ;	skipping iCode since result will be rematerialized
                           2433 ;	skipping iCode since result will be rematerialized
                           2434 ;	genIpush
                           2435 ;	genMove_o size 1 result type 2 source type 1 a_dead 1 hl_dead 1 de_dead 1 iy_dead 1 f_dead 1
   09ED 3E 10         [ 7] 2436 	ld	a, #0x10
   09EF F5            [11] 2437 	push	af
   09F0 33            [ 6] 2438 	inc	sp
                           2439 ;	genSend
                           2440 ;	genMove_o size 2 result type 2 source type 7 a_dead 1 hl_dead 1 de_dead 1 iy_dead 1 f_dead 1
   09F1 21r10s00      [10] 2441 	ld	hl, #_bit_test_4_volatileBits_10000_30
                           2442 ;	genCall
   09F4 CDr01s00      [17] 2443 	call	_bits_check_value
                           2444 ;	genMove_o size 2 result type 2 source type 2 a_dead 1 hl_dead 1 de_dead 1 iy_dead 1 f_dead 1
                           2445 ;	genIfx
   09F7 7A            [ 4] 2446 	ld	a, d
   09F8 B3            [ 4] 2447 	or	a, e
                           2448 ; common peephole 163 changed absolute to relative conditional jump.
   09F9 20 11         [12] 2449 	jr	nz, 00108$
                           2450 ;	skipping iCode since result will be rematerialized
                           2451 ;	skipping iCode since result will be rematerialized
                           2452 ;	skipping iCode since result will be rematerialized
                           2453 ;	skipping iCode since result will be rematerialized
                           2454 ;	skipping iCode since result will be rematerialized
                           2455 ;	skipping iCode since result will be rematerialized
                           2456 ;	genIpush
                           2457 ;	genMove_o size 2 result type 2 source type 1 a_dead 1 hl_dead 1 de_dead 1 iy_dead 1 f_dead 1
   09FB 21 56 01      [10] 2458 	ld	hl, #0x0156
   09FE E5            [11] 2459 	push	hl
                           2460 ;	genIpush
                           2461 ;	genMove_o size 2 result type 2 source type 7 a_dead 1 hl_dead 1 de_dead 1 iy_dead 1 f_dead 1
   09FF 21r2Fs0B      [10] 2462 	ld	hl, #___str_18
   0A02 E5            [11] 2463 	push	hl
                           2464 ;	genSend
                           2465 ;	genMove_o size 2 result type 2 source type 7 a_dead 1 hl_dead 1 de_dead 1 iy_dead 1 f_dead 1
   0A03 11rFDs0A      [10] 2466 	ld	de, #___str_17
                           2467 ;	genSend
                           2468 ;	genMove_o size 2 result type 2 source type 7 a_dead 1 hl_dead 1 de_dead 0 iy_dead 1 f_dead 1
   0A06 21rECs0A      [10] 2469 	ld	hl, #___str_16
                           2470 ;	genCall
   0A09 CDr00s00      [17] 2471 	call	___fail
                           2472 ;	genLabel
   0A0C                    2473 00108$:
                           2474 ;cases/bitfields-bits1/bitfields-bits1_preBits_16_pattern_0_varType_4.c:344: bits_set_value(&volatileBits, 0xFF);
                           2475 ;	skipping iCode since result will be rematerialized
                           2476 ;	skipping iCode since result will be rematerialized
                           2477 ;	genIpush
                           2478 ;	genMove_o size 1 result type 2 source type 1 a_dead 1 hl_dead 1 de_dead 1 iy_dead 1 f_dead 1
   0A0C 3E FF         [ 7] 2479 	ld	a, #0xff
   0A0E F5            [11] 2480 	push	af
   0A0F 33            [ 6] 2481 	inc	sp
                           2482 ;	genSend
                           2483 ;	genMove_o size 2 result type 2 source type 7 a_dead 1 hl_dead 1 de_dead 1 iy_dead 1 f_dead 1
   0A10 21r10s00      [10] 2484 	ld	hl, #_bit_test_4_volatileBits_10000_30
                           2485 ;	genCall
   0A13 CDr3As00      [17] 2486 	call	_bits_set_value
                           2487 ;cases/bitfields-bits1/bitfields-bits1_preBits_16_pattern_0_varType_4.c:345: volatileBits.bitToTest = ! volatileBits.bitToTest;
                           2488 ;	genAddrOf
   0A16 01r12s00      [10] 2489 	ld	bc, #_bit_test_4_volatileBits_10000_30+2
                           2490 ;	skipping iCode since result will be rematerialized
                           2491 ;	genPointerGet
   0A19 3Ar12s00      [13] 2492 	ld	a, (#(_bit_test_4_volatileBits_10000_30 + 2) + 0)
   0A1C 07            [ 4] 2493 	rlca
   0A1D 07            [ 4] 2494 	rlca
   0A1E 07            [ 4] 2495 	rlca
   0A1F 07            [ 4] 2496 	rlca
   0A20 E6 01         [ 7] 2497 	and	a, #0x01
                           2498 ;	genNot
   0A22 D6 01         [ 7] 2499 	sub	a, #0x01
   0A24 3E 00         [ 7] 2500 	ld	a, #0x00
   0A26 17            [ 4] 2501 	rla
                           2502 ;	genMove_o size 0 result type 2 source type 1 a_dead 1 hl_dead 0 de_dead 0 iy_dead 1 f_dead 1
                           2503 ;	genCast
                           2504 ;	(locations are the same)
                           2505 ;	genPointerSet
   0A27 07            [ 4] 2506 	rlca
   0A28 07            [ 4] 2507 	rlca
   0A29 07            [ 4] 2508 	rlca
   0A2A 07            [ 4] 2509 	rlca
   0A2B E6 10         [ 7] 2510 	and	a, #0x10
   0A2D 5F            [ 4] 2511 	ld	e, a
   0A2E 0A            [ 7] 2512 	ld	a, (bc)
   0A2F E6 EF         [ 7] 2513 	and	a, #0xef
   0A31 B3            [ 4] 2514 	or	a, e
   0A32 02            [ 7] 2515 	ld	(bc), a
                           2516 ;cases/bitfields-bits1/bitfields-bits1_preBits_16_pattern_0_varType_4.c:347: ASSERT(bits_check_value(&volatileBits, ~(1 << BIT_TO_TEST)));
                           2517 ;	genPlus
                           2518 ;	genMove_o size 2 result type 2 source type 10 a_dead 1 hl_dead 1 de_dead 1 iy_dead 1 f_dead 1
   0A33 2Ar00s00      [16] 2519 	ld	hl, (___numTests)
   0A36 23            [ 6] 2520 	inc	hl
                           2521 ;	genMove_o size 2 result type 10 source type 2 a_dead 1 hl_dead 1 de_dead 1 iy_dead 1 f_dead 1
   0A37 22r00s00      [16] 2522 	ld	(___numTests), hl
                           2523 ;	skipping iCode since result will be rematerialized
                           2524 ;	skipping iCode since result will be rematerialized
                           2525 ;	genIpush
                           2526 ;	genMove_o size 1 result type 2 source type 1 a_dead 1 hl_dead 1 de_dead 1 iy_dead 1 f_dead 1
   0A3A 3E EF         [ 7] 2527 	ld	a, #0xef
   0A3C F5            [11] 2528 	push	af
   0A3D 33            [ 6] 2529 	inc	sp
                           2530 ;	genSend
                           2531 ;	genMove_o size 2 result type 2 source type 7 a_dead 1 hl_dead 1 de_dead 1 iy_dead 1 f_dead 1
   0A3E 21r10s00      [10] 2532 	ld	hl, #_bit_test_4_volatileBits_10000_30
                           2533 ;	genCall
   0A41 CDr01s00      [17] 2534 	call	_bits_check_value
                           2535 ;	genMove_o size 2 result type 2 source type 2 a_dead 1 hl_dead 1 de_dead 1 iy_dead 1 f_dead 1
                           2536 ;	genIfx
   0A44 7A            [ 4] 2537 	ld	a, d
   0A45 B3            [ 4] 2538 	or	a, e
                           2539 ; common peephole 163 changed absolute to relative conditional jump.
   0A46 20 11         [12] 2540 	jr	nz, 00110$
                           2541 ;	skipping iCode since result will be rematerialized
                           2542 ;	skipping iCode since result will be rematerialized
                           2543 ;	skipping iCode since result will be rematerialized
                           2544 ;	skipping iCode since result will be rematerialized
                           2545 ;	skipping iCode since result will be rematerialized
                           2546 ;	skipping iCode since result will be rematerialized
                           2547 ;	genIpush
                           2548 ;	genMove_o size 2 result type 2 source type 1 a_dead 1 hl_dead 1 de_dead 1 iy_dead 1 f_dead 1
   0A48 21 5B 01      [10] 2549 	ld	hl, #0x015b
   0A4B E5            [11] 2550 	push	hl
                           2551 ;	genIpush
                           2552 ;	genMove_o size 2 result type 2 source type 7 a_dead 1 hl_dead 1 de_dead 1 iy_dead 1 f_dead 1
   0A4C 21r2Fs0B      [10] 2553 	ld	hl, #___str_18
   0A4F E5            [11] 2554 	push	hl
                           2555 ;	genSend
                           2556 ;	genMove_o size 2 result type 2 source type 7 a_dead 1 hl_dead 1 de_dead 1 iy_dead 1 f_dead 1
   0A50 11r76s0B      [10] 2557 	ld	de, #___str_19
                           2558 ;	genSend
                           2559 ;	genMove_o size 2 result type 2 source type 7 a_dead 1 hl_dead 1 de_dead 0 iy_dead 1 f_dead 1
   0A53 21rECs0A      [10] 2560 	ld	hl, #___str_16
                           2561 ;	genCall
   0A56 CDr00s00      [17] 2562 	call	___fail
                           2563 ;	genLabel
   0A59                    2564 00110$:
                           2565 ;cases/bitfields-bits1/bitfields-bits1_preBits_16_pattern_0_varType_4.c:349: bits_set_value(&volatileBits, 0x00);
                           2566 ;	skipping iCode since result will be rematerialized
                           2567 ;	skipping iCode since result will be rematerialized
                           2568 ;	genIpush
                           2569 ;	genMove_o size 1 result type 2 source type 1 a_dead 1 hl_dead 1 de_dead 1 iy_dead 1 f_dead 1
   0A59 AF            [ 4] 2570 	xor	a, a
   0A5A F5            [11] 2571 	push	af
   0A5B 33            [ 6] 2572 	inc	sp
                           2573 ;	genSend
                           2574 ;	genMove_o size 2 result type 2 source type 7 a_dead 1 hl_dead 1 de_dead 1 iy_dead 1 f_dead 1
   0A5C 21r10s00      [10] 2575 	ld	hl, #_bit_test_4_volatileBits_10000_30
                           2576 ;	genCall
   0A5F CDr3As00      [17] 2577 	call	_bits_set_value
                           2578 ;cases/bitfields-bits1/bitfields-bits1_preBits_16_pattern_0_varType_4.c:350: volatileBits.bitToTest ^= 1;
                           2579 ;	genAddrOf
   0A62 01r12s00      [10] 2580 	ld	bc, #_bit_test_4_volatileBits_10000_30+2
                           2581 ;	skipping iCode since result will be rematerialized
                           2582 ;	genPointerGet
   0A65 3Ar12s00      [13] 2583 	ld	a, (#(_bit_test_4_volatileBits_10000_30 + 2) + 0)
   0A68 07            [ 4] 2584 	rlca
   0A69 07            [ 4] 2585 	rlca
   0A6A 07            [ 4] 2586 	rlca
   0A6B 07            [ 4] 2587 	rlca
   0A6C E6 01         [ 7] 2588 	and	a, #0x01
                           2589 ;	genXor
   0A6E EE 01         [ 7] 2590 	xor	a, #0x01
                           2591 ;	genMove_o size 1 result type 2 source type 2 a_dead 1 hl_dead 1 de_dead 1 iy_dead 1 f_dead 1
                           2592 ;	genPointerSet
   0A70 07            [ 4] 2593 	rlca
   0A71 07            [ 4] 2594 	rlca
   0A72 07            [ 4] 2595 	rlca
   0A73 07            [ 4] 2596 	rlca
   0A74 E6 10         [ 7] 2597 	and	a, #0x10
   0A76 5F            [ 4] 2598 	ld	e, a
   0A77 0A            [ 7] 2599 	ld	a, (bc)
   0A78 E6 EF         [ 7] 2600 	and	a, #0xef
   0A7A B3            [ 4] 2601 	or	a, e
   0A7B 02            [ 7] 2602 	ld	(bc), a
                           2603 ;cases/bitfields-bits1/bitfields-bits1_preBits_16_pattern_0_varType_4.c:352: ASSERT(bits_check_value(&volatileBits,   1 << BIT_TO_TEST));
                           2604 ;	genPlus
                           2605 ;	genMove_o size 2 result type 2 source type 10 a_dead 1 hl_dead 1 de_dead 1 iy_dead 1 f_dead 1
   0A7C 2Ar00s00      [16] 2606 	ld	hl, (___numTests)
   0A7F 23            [ 6] 2607 	inc	hl
                           2608 ;	genMove_o size 2 result type 10 source type 2 a_dead 1 hl_dead 1 de_dead 1 iy_dead 1 f_dead 1
   0A80 22r00s00      [16] 2609 	ld	(___numTests), hl
                           2610 ;	skipping iCode since result will be rematerialized
                           2611 ;	skipping iCode since result will be rematerialized
                           2612 ;	genIpush
                           2613 ;	genMove_o size 1 result type 2 source type 1 a_dead 1 hl_dead 1 de_dead 1 iy_dead 1 f_dead 1
   0A83 3E 10         [ 7] 2614 	ld	a, #0x10
   0A85 F5            [11] 2615 	push	af
   0A86 33            [ 6] 2616 	inc	sp
                           2617 ;	genSend
                           2618 ;	genMove_o size 2 result type 2 source type 7 a_dead 1 hl_dead 1 de_dead 1 iy_dead 1 f_dead 1
   0A87 21r10s00      [10] 2619 	ld	hl, #_bit_test_4_volatileBits_10000_30
                           2620 ;	genCall
   0A8A CDr01s00      [17] 2621 	call	_bits_check_value
                           2622 ;	genMove_o size 2 result type 2 source type 2 a_dead 1 hl_dead 1 de_dead 1 iy_dead 1 f_dead 1
                           2623 ;	genIfx
   0A8D 7A            [ 4] 2624 	ld	a, d
   0A8E B3            [ 4] 2625 	or	a, e
                           2626 ; common peephole 163 changed absolute to relative conditional jump.
   0A8F 20 11         [12] 2627 	jr	nz, 00112$
                           2628 ;	skipping iCode since result will be rematerialized
                           2629 ;	skipping iCode since result will be rematerialized
                           2630 ;	skipping iCode since result will be rematerialized
                           2631 ;	skipping iCode since result will be rematerialized
                           2632 ;	skipping iCode since result will be rematerialized
                           2633 ;	skipping iCode since result will be rematerialized
                           2634 ;	genIpush
                           2635 ;	genMove_o size 2 result type 2 source type 1 a_dead 1 hl_dead 1 de_dead 1 iy_dead 1 f_dead 1
   0A91 21 60 01      [10] 2636 	ld	hl, #0x0160
   0A94 E5            [11] 2637 	push	hl
                           2638 ;	genIpush
                           2639 ;	genMove_o size 2 result type 2 source type 7 a_dead 1 hl_dead 1 de_dead 1 iy_dead 1 f_dead 1
   0A95 21r2Fs0B      [10] 2640 	ld	hl, #___str_18
   0A98 E5            [11] 2641 	push	hl
                           2642 ;	genSend
                           2643 ;	genMove_o size 2 result type 2 source type 7 a_dead 1 hl_dead 1 de_dead 1 iy_dead 1 f_dead 1
   0A99 11rFDs0A      [10] 2644 	ld	de, #___str_17
                           2645 ;	genSend
                           2646 ;	genMove_o size 2 result type 2 source type 7 a_dead 1 hl_dead 1 de_dead 0 iy_dead 1 f_dead 1
   0A9C 21rECs0A      [10] 2647 	ld	hl, #___str_16
                           2648 ;	genCall
   0A9F CDr00s00      [17] 2649 	call	___fail
                           2650 ;	genLabel
   0AA2                    2651 00112$:
                           2652 ;cases/bitfields-bits1/bitfields-bits1_preBits_16_pattern_0_varType_4.c:354: bits_set_value(&volatileBits, 0xFF);
                           2653 ;	skipping iCode since result will be rematerialized
                           2654 ;	skipping iCode since result will be rematerialized
                           2655 ;	genIpush
                           2656 ;	genMove_o size 1 result type 2 source type 1 a_dead 1 hl_dead 1 de_dead 1 iy_dead 1 f_dead 1
   0AA2 3E FF         [ 7] 2657 	ld	a, #0xff
   0AA4 F5            [11] 2658 	push	af
   0AA5 33            [ 6] 2659 	inc	sp
                           2660 ;	genSend
                           2661 ;	genMove_o size 2 result type 2 source type 7 a_dead 1 hl_dead 1 de_dead 1 iy_dead 1 f_dead 1
   0AA6 21r10s00      [10] 2662 	ld	hl, #_bit_test_4_volatileBits_10000_30
                           2663 ;	genCall
   0AA9 CDr3As00      [17] 2664 	call	_bits_set_value
                           2665 ;cases/bitfields-bits1/bitfields-bits1_preBits_16_pattern_0_varType_4.c:355: volatileBits.bitToTest ^= 1;
                           2666 ;	genAddrOf
   0AAC 01r12s00      [10] 2667 	ld	bc, #_bit_test_4_volatileBits_10000_30+2
                           2668 ;	skipping iCode since result will be rematerialized
                           2669 ;	genPointerGet
   0AAF 3Ar12s00      [13] 2670 	ld	a, (#(_bit_test_4_volatileBits_10000_30 + 2) + 0)
   0AB2 07            [ 4] 2671 	rlca
   0AB3 07            [ 4] 2672 	rlca
   0AB4 07            [ 4] 2673 	rlca
   0AB5 07            [ 4] 2674 	rlca
   0AB6 E6 01         [ 7] 2675 	and	a, #0x01
                           2676 ;	genXor
   0AB8 EE 01         [ 7] 2677 	xor	a, #0x01
                           2678 ;	genMove_o size 1 result type 2 source type 2 a_dead 1 hl_dead 1 de_dead 1 iy_dead 1 f_dead 1
                           2679 ;	genPointerSet
   0ABA 07            [ 4] 2680 	rlca
   0ABB 07            [ 4] 2681 	rlca
   0ABC 07            [ 4] 2682 	rlca
   0ABD 07            [ 4] 2683 	rlca
   0ABE E6 10         [ 7] 2684 	and	a, #0x10
   0AC0 5F            [ 4] 2685 	ld	e, a
   0AC1 0A            [ 7] 2686 	ld	a, (bc)
   0AC2 E6 EF         [ 7] 2687 	and	a, #0xef
   0AC4 B3            [ 4] 2688 	or	a, e
   0AC5 02            [ 7] 2689 	ld	(bc), a
                           2690 ;cases/bitfields-bits1/bitfields-bits1_preBits_16_pattern_0_varType_4.c:357: ASSERT(bits_check_value(&volatileBits, ~(1 << BIT_TO_TEST)));
                           2691 ;	genPlus
                           2692 ;	genMove_o size 2 result type 2 source type 10 a_dead 1 hl_dead 1 de_dead 1 iy_dead 1 f_dead 1
   0AC6 2Ar00s00      [16] 2693 	ld	hl, (___numTests)
   0AC9 23            [ 6] 2694 	inc	hl
                           2695 ;	genMove_o size 2 result type 10 source type 2 a_dead 1 hl_dead 1 de_dead 1 iy_dead 1 f_dead 1
   0ACA 22r00s00      [16] 2696 	ld	(___numTests), hl
                           2697 ;	skipping iCode since result will be rematerialized
                           2698 ;	skipping iCode since result will be rematerialized
                           2699 ;	genIpush
                           2700 ;	genMove_o size 1 result type 2 source type 1 a_dead 1 hl_dead 1 de_dead 1 iy_dead 1 f_dead 1
   0ACD 3E EF         [ 7] 2701 	ld	a, #0xef
   0ACF F5            [11] 2702 	push	af
   0AD0 33            [ 6] 2703 	inc	sp
                           2704 ;	genSend
                           2705 ;	genMove_o size 2 result type 2 source type 7 a_dead 1 hl_dead 1 de_dead 1 iy_dead 1 f_dead 1
   0AD1 21r10s00      [10] 2706 	ld	hl, #_bit_test_4_volatileBits_10000_30
                           2707 ;	genCall
   0AD4 CDr01s00      [17] 2708 	call	_bits_check_value
                           2709 ;	genMove_o size 2 result type 2 source type 2 a_dead 1 hl_dead 1 de_dead 1 iy_dead 1 f_dead 1
                           2710 ;	genIfx
   0AD7 7A            [ 4] 2711 	ld	a, d
   0AD8 B3            [ 4] 2712 	or	a, e
   0AD9 C0            [11] 2713 	ret	nz
                           2714 ; common peephole 161 replaced jump by return.
                           2715 ;	skipping iCode since result will be rematerialized
                           2716 ;	skipping iCode since result will be rematerialized
                           2717 ;	skipping iCode since result will be rematerialized
                           2718 ;	skipping iCode since result will be rematerialized
                           2719 ;	skipping iCode since result will be rematerialized
                           2720 ;	skipping iCode since result will be rematerialized
                           2721 ;	genIpush
                           2722 ;	genMove_o size 2 result type 2 source type 1 a_dead 1 hl_dead 1 de_dead 1 iy_dead 1 f_dead 1
   0ADA 21 65 01      [10] 2723 	ld	hl, #0x0165
   0ADD E5            [11] 2724 	push	hl
                           2725 ;	genIpush
                           2726 ;	genMove_o size 2 result type 2 source type 7 a_dead 1 hl_dead 1 de_dead 1 iy_dead 1 f_dead 1
   0ADE 21r2Fs0B      [10] 2727 	ld	hl, #___str_18
   0AE1 E5            [11] 2728 	push	hl
                           2729 ;	genSend
                           2730 ;	genMove_o size 2 result type 2 source type 7 a_dead 1 hl_dead 1 de_dead 1 iy_dead 1 f_dead 1
   0AE2 11r76s0B      [10] 2731 	ld	de, #___str_19
                           2732 ;	genSend
                           2733 ;	genMove_o size 2 result type 2 source type 7 a_dead 1 hl_dead 1 de_dead 0 iy_dead 1 f_dead 1
   0AE5 21rECs0A      [10] 2734 	ld	hl, #___str_16
                           2735 ;	genCall
   0AE8 CDr00s00      [17] 2736 	call	___fail
                           2737 ;	genLabel
                           2738 ; common peephole 159 removed unused label 00101$.
                           2739 ;cases/bitfields-bits1/bitfields-bits1_preBits_16_pattern_0_varType_4.c:358: }
                           2740 ;	genEndFunction
   0AEB C9            [10] 2741 	ret
                           2742 ;	Total bit_test_4 function size at codegen: 13 bytes.
   0AEC                    2743 ___str_16:
   0AEC 41 73 73 65 72 74  2744 	.ascii "Assertion failed"
        69 6F 6E 20 66 61
        69 6C 65 64
   0AFC 00                 2745 	.db 0x00
   0AFD                    2746 ___str_17:
   0AFD 62 69 74 73 5F 63  2747 	.ascii "bits_check_value(&volatileBits, 1 << BIT_TO_TEST)"
        68 65 63 6B 5F 76
        61 6C 75 65 28 26
        76 6F 6C 61 74 69
        6C 65 42 69 74 73
        2C 20 31 20 3C 3C
        20 42 49 54 5F 54
        4F 5F 54 45 53 54
        29
   0B2E 00                 2748 	.db 0x00
   0B2F                    2749 ___str_18:
   0B2F 63 61 73 65 73 2F  2750 	.ascii "cases/bitfields-bits1/bitfields-bits1_preBits_16_pattern_0_v"
        62 69 74 66 69 65
        6C 64 73 2D 62 69
        74 73 31 2F 62 69
        74 66 69 65 6C 64
        73 2D 62 69 74 73
        31 5F 70 72 65 42
        69 74 73 5F 31 36
        5F 70 61 74 74 65
        72 6E 5F 30 5F 76
   0B6B 61 72 54 79 70 65  2751 	.ascii "arType_4.c"
        5F 34 2E 63
   0B75 00                 2752 	.db 0x00
   0B76                    2753 ___str_19:
   0B76 62 69 74 73 5F 63  2754 	.ascii "bits_check_value(&volatileBits, ~(1 << BIT_TO_TEST))"
        68 65 63 6B 5F 76
        61 6C 75 65 28 26
        76 6F 6C 61 74 69
        6C 65 42 69 74 73
        2C 20 7E 28 31 20
        3C 3C 20 42 49 54
        5F 54 4F 5F 54 45
        53 54 29 29
   0BAA 00                 2755 	.db 0x00
                           2756 ;cases/bitfields-bits1/bitfields-bits1_preBits_16_pattern_0_varType_4.c:361: bit_test_5(void)
                           2757 ;	genLabel
                           2758 ;	genFunction
                           2759 ;	---------------------------------
                           2760 ; Function bit_test_5
                           2761 ; ---------------------------------
                           2762 ;	Register assignment might be sub-optimal.
                           2763 ; Stack space usage: 0 bytes.
   0BAB                    2764 _bit_test_5::
                           2765 ;cases/bitfields-bits1/bitfields-bits1_preBits_16_pattern_0_varType_4.c:368: bits_set_value(&volatileBits, 0x00);
                           2766 ;	skipping iCode since result will be rematerialized
                           2767 ;	skipping iCode since result will be rematerialized
                           2768 ;	genIpush
                           2769 ;	genMove_o size 1 result type 2 source type 1 a_dead 1 hl_dead 1 de_dead 1 iy_dead 1 f_dead 1
   0BAB AF            [ 4] 2770 	xor	a, a
   0BAC F5            [11] 2771 	push	af
   0BAD 33            [ 6] 2772 	inc	sp
                           2773 ;	genSend
                           2774 ;	genMove_o size 2 result type 2 source type 7 a_dead 1 hl_dead 1 de_dead 1 iy_dead 1 f_dead 1
   0BAE 21r14s00      [10] 2775 	ld	hl, #_bit_test_5_volatileBits_10000_32
                           2776 ;	genCall
   0BB1 CDr3As00      [17] 2777 	call	_bits_set_value
                           2778 ;cases/bitfields-bits1/bitfields-bits1_preBits_16_pattern_0_varType_4.c:369: volatileBits.bitToTest = 1;
                           2779 ;	skipping iCode since result will be rematerialized
                           2780 ;	genPointerSet
                           2781 ;	genMove_o size 2 result type 2 source type 7 a_dead 1 hl_dead 1 de_dead 1 iy_dead 1 f_dead 1
   0BB4 21r16s00      [10] 2782 	ld	hl, #(_bit_test_5_volatileBits_10000_32 + 2)
   0BB7 CB EE         [15] 2783 	set	5, (hl)
                           2784 ;cases/bitfields-bits1/bitfields-bits1_preBits_16_pattern_0_varType_4.c:371: ASSERT(bits_check_value(&volatileBits,   1 << BIT_TO_TEST));
                           2785 ;	genPlus
                           2786 ;	genMove_o size 2 result type 2 source type 10 a_dead 1 hl_dead 1 de_dead 1 iy_dead 1 f_dead 1
   0BB9 2Ar00s00      [16] 2787 	ld	hl, (___numTests)
   0BBC 23            [ 6] 2788 	inc	hl
                           2789 ;	genMove_o size 2 result type 10 source type 2 a_dead 1 hl_dead 1 de_dead 1 iy_dead 1 f_dead 1
   0BBD 22r00s00      [16] 2790 	ld	(___numTests), hl
                           2791 ;	skipping iCode since result will be rematerialized
                           2792 ;	skipping iCode since result will be rematerialized
                           2793 ;	genIpush
                           2794 ;	genMove_o size 1 result type 2 source type 1 a_dead 1 hl_dead 1 de_dead 1 iy_dead 1 f_dead 1
   0BC0 3E 20         [ 7] 2795 	ld	a, #0x20
   0BC2 F5            [11] 2796 	push	af
   0BC3 33            [ 6] 2797 	inc	sp
                           2798 ;	genSend
                           2799 ;	genMove_o size 2 result type 2 source type 7 a_dead 1 hl_dead 1 de_dead 1 iy_dead 1 f_dead 1
   0BC4 21r14s00      [10] 2800 	ld	hl, #_bit_test_5_volatileBits_10000_32
                           2801 ;	genCall
   0BC7 CDr01s00      [17] 2802 	call	_bits_check_value
                           2803 ;	genMove_o size 2 result type 2 source type 2 a_dead 1 hl_dead 1 de_dead 1 iy_dead 1 f_dead 1
                           2804 ;	genIfx
   0BCA 7A            [ 4] 2805 	ld	a, d
   0BCB B3            [ 4] 2806 	or	a, e
                           2807 ; common peephole 163 changed absolute to relative conditional jump.
   0BCC 20 11         [12] 2808 	jr	nz, 00104$
                           2809 ;	skipping iCode since result will be rematerialized
                           2810 ;	skipping iCode since result will be rematerialized
                           2811 ;	skipping iCode since result will be rematerialized
                           2812 ;	skipping iCode since result will be rematerialized
                           2813 ;	skipping iCode since result will be rematerialized
                           2814 ;	skipping iCode since result will be rematerialized
                           2815 ;	genIpush
                           2816 ;	genMove_o size 2 result type 2 source type 1 a_dead 1 hl_dead 1 de_dead 1 iy_dead 1 f_dead 1
   0BCE 21 73 01      [10] 2817 	ld	hl, #0x0173
   0BD1 E5            [11] 2818 	push	hl
                           2819 ;	genIpush
                           2820 ;	genMove_o size 2 result type 2 source type 7 a_dead 1 hl_dead 1 de_dead 1 iy_dead 1 f_dead 1
   0BD2 21r7Bs0D      [10] 2821 	ld	hl, #___str_22
   0BD5 E5            [11] 2822 	push	hl
                           2823 ;	genSend
                           2824 ;	genMove_o size 2 result type 2 source type 7 a_dead 1 hl_dead 1 de_dead 1 iy_dead 1 f_dead 1
   0BD6 11r49s0D      [10] 2825 	ld	de, #___str_21
                           2826 ;	genSend
                           2827 ;	genMove_o size 2 result type 2 source type 7 a_dead 1 hl_dead 1 de_dead 0 iy_dead 1 f_dead 1
   0BD9 21r38s0D      [10] 2828 	ld	hl, #___str_20
                           2829 ;	genCall
   0BDC CDr00s00      [17] 2830 	call	___fail
                           2831 ;	genLabel
   0BDF                    2832 00104$:
                           2833 ;cases/bitfields-bits1/bitfields-bits1_preBits_16_pattern_0_varType_4.c:373: bits_set_value(&volatileBits, 0xFF);
                           2834 ;	skipping iCode since result will be rematerialized
                           2835 ;	skipping iCode since result will be rematerialized
                           2836 ;	genIpush
                           2837 ;	genMove_o size 1 result type 2 source type 1 a_dead 1 hl_dead 1 de_dead 1 iy_dead 1 f_dead 1
   0BDF 3E FF         [ 7] 2838 	ld	a, #0xff
   0BE1 F5            [11] 2839 	push	af
   0BE2 33            [ 6] 2840 	inc	sp
                           2841 ;	genSend
                           2842 ;	genMove_o size 2 result type 2 source type 7 a_dead 1 hl_dead 1 de_dead 1 iy_dead 1 f_dead 1
   0BE3 21r14s00      [10] 2843 	ld	hl, #_bit_test_5_volatileBits_10000_32
                           2844 ;	genCall
   0BE6 CDr3As00      [17] 2845 	call	_bits_set_value
                           2846 ;cases/bitfields-bits1/bitfields-bits1_preBits_16_pattern_0_varType_4.c:374: volatileBits.bitToTest = 0;
                           2847 ;	skipping iCode since result will be rematerialized
                           2848 ;	genPointerSet
                           2849 ;	genMove_o size 2 result type 2 source type 7 a_dead 1 hl_dead 1 de_dead 1 iy_dead 1 f_dead 1
   0BE9 21r16s00      [10] 2850 	ld	hl, #(_bit_test_5_volatileBits_10000_32 + 2)
   0BEC CB AE         [15] 2851 	res	5, (hl)
                           2852 ;cases/bitfields-bits1/bitfields-bits1_preBits_16_pattern_0_varType_4.c:376: ASSERT(bits_check_value(&volatileBits, ~(1 << BIT_TO_TEST)));
                           2853 ;	genPlus
                           2854 ;	genMove_o size 2 result type 2 source type 10 a_dead 1 hl_dead 1 de_dead 1 iy_dead 1 f_dead 1
   0BEE 2Ar00s00      [16] 2855 	ld	hl, (___numTests)
   0BF1 23            [ 6] 2856 	inc	hl
                           2857 ;	genMove_o size 2 result type 10 source type 2 a_dead 1 hl_dead 1 de_dead 1 iy_dead 1 f_dead 1
   0BF2 22r00s00      [16] 2858 	ld	(___numTests), hl
                           2859 ;	skipping iCode since result will be rematerialized
                           2860 ;	skipping iCode since result will be rematerialized
                           2861 ;	genIpush
                           2862 ;	genMove_o size 1 result type 2 source type 1 a_dead 1 hl_dead 1 de_dead 1 iy_dead 1 f_dead 1
   0BF5 3E DF         [ 7] 2863 	ld	a, #0xdf
   0BF7 F5            [11] 2864 	push	af
   0BF8 33            [ 6] 2865 	inc	sp
                           2866 ;	genSend
                           2867 ;	genMove_o size 2 result type 2 source type 7 a_dead 1 hl_dead 1 de_dead 1 iy_dead 1 f_dead 1
   0BF9 21r14s00      [10] 2868 	ld	hl, #_bit_test_5_volatileBits_10000_32
                           2869 ;	genCall
   0BFC CDr01s00      [17] 2870 	call	_bits_check_value
                           2871 ;	genMove_o size 2 result type 2 source type 2 a_dead 1 hl_dead 1 de_dead 1 iy_dead 1 f_dead 1
                           2872 ;	genIfx
   0BFF 7A            [ 4] 2873 	ld	a, d
   0C00 B3            [ 4] 2874 	or	a, e
                           2875 ; common peephole 163 changed absolute to relative conditional jump.
   0C01 20 11         [12] 2876 	jr	nz, 00106$
                           2877 ;	skipping iCode since result will be rematerialized
                           2878 ;	skipping iCode since result will be rematerialized
                           2879 ;	skipping iCode since result will be rematerialized
                           2880 ;	skipping iCode since result will be rematerialized
                           2881 ;	skipping iCode since result will be rematerialized
                           2882 ;	skipping iCode since result will be rematerialized
                           2883 ;	genIpush
                           2884 ;	genMove_o size 2 result type 2 source type 1 a_dead 1 hl_dead 1 de_dead 1 iy_dead 1 f_dead 1
   0C03 21 78 01      [10] 2885 	ld	hl, #0x0178
   0C06 E5            [11] 2886 	push	hl
                           2887 ;	genIpush
                           2888 ;	genMove_o size 2 result type 2 source type 7 a_dead 1 hl_dead 1 de_dead 1 iy_dead 1 f_dead 1
   0C07 21r7Bs0D      [10] 2889 	ld	hl, #___str_22
   0C0A E5            [11] 2890 	push	hl
                           2891 ;	genSend
                           2892 ;	genMove_o size 2 result type 2 source type 7 a_dead 1 hl_dead 1 de_dead 1 iy_dead 1 f_dead 1
   0C0B 11rC2s0D      [10] 2893 	ld	de, #___str_23
                           2894 ;	genSend
                           2895 ;	genMove_o size 2 result type 2 source type 7 a_dead 1 hl_dead 1 de_dead 0 iy_dead 1 f_dead 1
   0C0E 21r38s0D      [10] 2896 	ld	hl, #___str_20
                           2897 ;	genCall
   0C11 CDr00s00      [17] 2898 	call	___fail
                           2899 ;	genLabel
   0C14                    2900 00106$:
                           2901 ;cases/bitfields-bits1/bitfields-bits1_preBits_16_pattern_0_varType_4.c:378: bits_set_value(&volatileBits, 0x00);
                           2902 ;	skipping iCode since result will be rematerialized
                           2903 ;	skipping iCode since result will be rematerialized
                           2904 ;	genIpush
                           2905 ;	genMove_o size 1 result type 2 source type 1 a_dead 1 hl_dead 1 de_dead 1 iy_dead 1 f_dead 1
   0C14 AF            [ 4] 2906 	xor	a, a
   0C15 F5            [11] 2907 	push	af
   0C16 33            [ 6] 2908 	inc	sp
                           2909 ;	genSend
                           2910 ;	genMove_o size 2 result type 2 source type 7 a_dead 1 hl_dead 1 de_dead 1 iy_dead 1 f_dead 1
   0C17 21r14s00      [10] 2911 	ld	hl, #_bit_test_5_volatileBits_10000_32
                           2912 ;	genCall
   0C1A CDr3As00      [17] 2913 	call	_bits_set_value
                           2914 ;cases/bitfields-bits1/bitfields-bits1_preBits_16_pattern_0_varType_4.c:379: volatileBits.bitToTest = ! volatileBits.bitToTest;
                           2915 ;	genAddrOf
   0C1D 01r16s00      [10] 2916 	ld	bc, #_bit_test_5_volatileBits_10000_32+2
                           2917 ;	skipping iCode since result will be rematerialized
                           2918 ;	genPointerGet
   0C20 3Ar16s00      [13] 2919 	ld	a, (#(_bit_test_5_volatileBits_10000_32 + 2) + 0)
   0C23 07            [ 4] 2920 	rlca
   0C24 07            [ 4] 2921 	rlca
   0C25 07            [ 4] 2922 	rlca
   0C26 E6 01         [ 7] 2923 	and	a, #0x01
                           2924 ;	genNot
   0C28 D6 01         [ 7] 2925 	sub	a, #0x01
   0C2A 3E 00         [ 7] 2926 	ld	a, #0x00
   0C2C 17            [ 4] 2927 	rla
                           2928 ;	genMove_o size 0 result type 2 source type 1 a_dead 1 hl_dead 0 de_dead 0 iy_dead 1 f_dead 1
                           2929 ;	genCast
                           2930 ;	(locations are the same)
                           2931 ;	genPointerSet
   0C2D 0F            [ 4] 2932 	rrca
   0C2E 0F            [ 4] 2933 	rrca
   0C2F 0F            [ 4] 2934 	rrca
   0C30 E6 20         [ 7] 2935 	and	a, #0x20
   0C32 5F            [ 4] 2936 	ld	e, a
   0C33 0A            [ 7] 2937 	ld	a, (bc)
   0C34 E6 DF         [ 7] 2938 	and	a, #0xdf
   0C36 B3            [ 4] 2939 	or	a, e
   0C37 02            [ 7] 2940 	ld	(bc), a
                           2941 ;cases/bitfields-bits1/bitfields-bits1_preBits_16_pattern_0_varType_4.c:381: ASSERT(bits_check_value(&volatileBits,   1 << BIT_TO_TEST));
                           2942 ;	genPlus
                           2943 ;	genMove_o size 2 result type 2 source type 10 a_dead 1 hl_dead 1 de_dead 1 iy_dead 1 f_dead 1
   0C38 2Ar00s00      [16] 2944 	ld	hl, (___numTests)
   0C3B 23            [ 6] 2945 	inc	hl
                           2946 ;	genMove_o size 2 result type 10 source type 2 a_dead 1 hl_dead 1 de_dead 1 iy_dead 1 f_dead 1
   0C3C 22r00s00      [16] 2947 	ld	(___numTests), hl
                           2948 ;	skipping iCode since result will be rematerialized
                           2949 ;	skipping iCode since result will be rematerialized
                           2950 ;	genIpush
                           2951 ;	genMove_o size 1 result type 2 source type 1 a_dead 1 hl_dead 1 de_dead 1 iy_dead 1 f_dead 1
   0C3F 3E 20         [ 7] 2952 	ld	a, #0x20
   0C41 F5            [11] 2953 	push	af
   0C42 33            [ 6] 2954 	inc	sp
                           2955 ;	genSend
                           2956 ;	genMove_o size 2 result type 2 source type 7 a_dead 1 hl_dead 1 de_dead 1 iy_dead 1 f_dead 1
   0C43 21r14s00      [10] 2957 	ld	hl, #_bit_test_5_volatileBits_10000_32
                           2958 ;	genCall
   0C46 CDr01s00      [17] 2959 	call	_bits_check_value
                           2960 ;	genMove_o size 2 result type 2 source type 2 a_dead 1 hl_dead 1 de_dead 1 iy_dead 1 f_dead 1
                           2961 ;	genIfx
   0C49 7A            [ 4] 2962 	ld	a, d
   0C4A B3            [ 4] 2963 	or	a, e
                           2964 ; common peephole 163 changed absolute to relative conditional jump.
   0C4B 20 11         [12] 2965 	jr	nz, 00108$
                           2966 ;	skipping iCode since result will be rematerialized
                           2967 ;	skipping iCode since result will be rematerialized
                           2968 ;	skipping iCode since result will be rematerialized
                           2969 ;	skipping iCode since result will be rematerialized
                           2970 ;	skipping iCode since result will be rematerialized
                           2971 ;	skipping iCode since result will be rematerialized
                           2972 ;	genIpush
                           2973 ;	genMove_o size 2 result type 2 source type 1 a_dead 1 hl_dead 1 de_dead 1 iy_dead 1 f_dead 1
   0C4D 21 7D 01      [10] 2974 	ld	hl, #0x017d
   0C50 E5            [11] 2975 	push	hl
                           2976 ;	genIpush
                           2977 ;	genMove_o size 2 result type 2 source type 7 a_dead 1 hl_dead 1 de_dead 1 iy_dead 1 f_dead 1
   0C51 21r7Bs0D      [10] 2978 	ld	hl, #___str_22
   0C54 E5            [11] 2979 	push	hl
                           2980 ;	genSend
                           2981 ;	genMove_o size 2 result type 2 source type 7 a_dead 1 hl_dead 1 de_dead 1 iy_dead 1 f_dead 1
   0C55 11r49s0D      [10] 2982 	ld	de, #___str_21
                           2983 ;	genSend
                           2984 ;	genMove_o size 2 result type 2 source type 7 a_dead 1 hl_dead 1 de_dead 0 iy_dead 1 f_dead 1
   0C58 21r38s0D      [10] 2985 	ld	hl, #___str_20
                           2986 ;	genCall
   0C5B CDr00s00      [17] 2987 	call	___fail
                           2988 ;	genLabel
   0C5E                    2989 00108$:
                           2990 ;cases/bitfields-bits1/bitfields-bits1_preBits_16_pattern_0_varType_4.c:383: bits_set_value(&volatileBits, 0xFF);
                           2991 ;	skipping iCode since result will be rematerialized
                           2992 ;	skipping iCode since result will be rematerialized
                           2993 ;	genIpush
                           2994 ;	genMove_o size 1 result type 2 source type 1 a_dead 1 hl_dead 1 de_dead 1 iy_dead 1 f_dead 1
   0C5E 3E FF         [ 7] 2995 	ld	a, #0xff
   0C60 F5            [11] 2996 	push	af
   0C61 33            [ 6] 2997 	inc	sp
                           2998 ;	genSend
                           2999 ;	genMove_o size 2 result type 2 source type 7 a_dead 1 hl_dead 1 de_dead 1 iy_dead 1 f_dead 1
   0C62 21r14s00      [10] 3000 	ld	hl, #_bit_test_5_volatileBits_10000_32
                           3001 ;	genCall
   0C65 CDr3As00      [17] 3002 	call	_bits_set_value
                           3003 ;cases/bitfields-bits1/bitfields-bits1_preBits_16_pattern_0_varType_4.c:384: volatileBits.bitToTest = ! volatileBits.bitToTest;
                           3004 ;	genAddrOf
   0C68 01r16s00      [10] 3005 	ld	bc, #_bit_test_5_volatileBits_10000_32+2
                           3006 ;	skipping iCode since result will be rematerialized
                           3007 ;	genPointerGet
   0C6B 3Ar16s00      [13] 3008 	ld	a, (#(_bit_test_5_volatileBits_10000_32 + 2) + 0)
   0C6E 07            [ 4] 3009 	rlca
   0C6F 07            [ 4] 3010 	rlca
   0C70 07            [ 4] 3011 	rlca
   0C71 E6 01         [ 7] 3012 	and	a, #0x01
                           3013 ;	genNot
   0C73 D6 01         [ 7] 3014 	sub	a, #0x01
   0C75 3E 00         [ 7] 3015 	ld	a, #0x00
   0C77 17            [ 4] 3016 	rla
                           3017 ;	genMove_o size 0 result type 2 source type 1 a_dead 1 hl_dead 0 de_dead 0 iy_dead 1 f_dead 1
                           3018 ;	genCast
                           3019 ;	(locations are the same)
                           3020 ;	genPointerSet
   0C78 0F            [ 4] 3021 	rrca
   0C79 0F            [ 4] 3022 	rrca
   0C7A 0F            [ 4] 3023 	rrca
   0C7B E6 20         [ 7] 3024 	and	a, #0x20
   0C7D 5F            [ 4] 3025 	ld	e, a
   0C7E 0A            [ 7] 3026 	ld	a, (bc)
   0C7F E6 DF         [ 7] 3027 	and	a, #0xdf
   0C81 B3            [ 4] 3028 	or	a, e
   0C82 02            [ 7] 3029 	ld	(bc), a
                           3030 ;cases/bitfields-bits1/bitfields-bits1_preBits_16_pattern_0_varType_4.c:386: ASSERT(bits_check_value(&volatileBits, ~(1 << BIT_TO_TEST)));
                           3031 ;	genPlus
                           3032 ;	genMove_o size 2 result type 2 source type 10 a_dead 1 hl_dead 1 de_dead 1 iy_dead 1 f_dead 1
   0C83 2Ar00s00      [16] 3033 	ld	hl, (___numTests)
   0C86 23            [ 6] 3034 	inc	hl
                           3035 ;	genMove_o size 2 result type 10 source type 2 a_dead 1 hl_dead 1 de_dead 1 iy_dead 1 f_dead 1
   0C87 22r00s00      [16] 3036 	ld	(___numTests), hl
                           3037 ;	skipping iCode since result will be rematerialized
                           3038 ;	skipping iCode since result will be rematerialized
                           3039 ;	genIpush
                           3040 ;	genMove_o size 1 result type 2 source type 1 a_dead 1 hl_dead 1 de_dead 1 iy_dead 1 f_dead 1
   0C8A 3E DF         [ 7] 3041 	ld	a, #0xdf
   0C8C F5            [11] 3042 	push	af
   0C8D 33            [ 6] 3043 	inc	sp
                           3044 ;	genSend
                           3045 ;	genMove_o size 2 result type 2 source type 7 a_dead 1 hl_dead 1 de_dead 1 iy_dead 1 f_dead 1
   0C8E 21r14s00      [10] 3046 	ld	hl, #_bit_test_5_volatileBits_10000_32
                           3047 ;	genCall
   0C91 CDr01s00      [17] 3048 	call	_bits_check_value
                           3049 ;	genMove_o size 2 result type 2 source type 2 a_dead 1 hl_dead 1 de_dead 1 iy_dead 1 f_dead 1
                           3050 ;	genIfx
   0C94 7A            [ 4] 3051 	ld	a, d
   0C95 B3            [ 4] 3052 	or	a, e
                           3053 ; common peephole 163 changed absolute to relative conditional jump.
   0C96 20 11         [12] 3054 	jr	nz, 00110$
                           3055 ;	skipping iCode since result will be rematerialized
                           3056 ;	skipping iCode since result will be rematerialized
                           3057 ;	skipping iCode since result will be rematerialized
                           3058 ;	skipping iCode since result will be rematerialized
                           3059 ;	skipping iCode since result will be rematerialized
                           3060 ;	skipping iCode since result will be rematerialized
                           3061 ;	genIpush
                           3062 ;	genMove_o size 2 result type 2 source type 1 a_dead 1 hl_dead 1 de_dead 1 iy_dead 1 f_dead 1
   0C98 21 82 01      [10] 3063 	ld	hl, #0x0182
   0C9B E5            [11] 3064 	push	hl
                           3065 ;	genIpush
                           3066 ;	genMove_o size 2 result type 2 source type 7 a_dead 1 hl_dead 1 de_dead 1 iy_dead 1 f_dead 1
   0C9C 21r7Bs0D      [10] 3067 	ld	hl, #___str_22
   0C9F E5            [11] 3068 	push	hl
                           3069 ;	genSend
                           3070 ;	genMove_o size 2 result type 2 source type 7 a_dead 1 hl_dead 1 de_dead 1 iy_dead 1 f_dead 1
   0CA0 11rC2s0D      [10] 3071 	ld	de, #___str_23
                           3072 ;	genSend
                           3073 ;	genMove_o size 2 result type 2 source type 7 a_dead 1 hl_dead 1 de_dead 0 iy_dead 1 f_dead 1
   0CA3 21r38s0D      [10] 3074 	ld	hl, #___str_20
                           3075 ;	genCall
   0CA6 CDr00s00      [17] 3076 	call	___fail
                           3077 ;	genLabel
   0CA9                    3078 00110$:
                           3079 ;cases/bitfields-bits1/bitfields-bits1_preBits_16_pattern_0_varType_4.c:388: bits_set_value(&volatileBits, 0x00);
                           3080 ;	skipping iCode since result will be rematerialized
                           3081 ;	skipping iCode since result will be rematerialized
                           3082 ;	genIpush
                           3083 ;	genMove_o size 1 result type 2 source type 1 a_dead 1 hl_dead 1 de_dead 1 iy_dead 1 f_dead 1
   0CA9 AF            [ 4] 3084 	xor	a, a
   0CAA F5            [11] 3085 	push	af
   0CAB 33            [ 6] 3086 	inc	sp
                           3087 ;	genSend
                           3088 ;	genMove_o size 2 result type 2 source type 7 a_dead 1 hl_dead 1 de_dead 1 iy_dead 1 f_dead 1
   0CAC 21r14s00      [10] 3089 	ld	hl, #_bit_test_5_volatileBits_10000_32
                           3090 ;	genCall
   0CAF CDr3As00      [17] 3091 	call	_bits_set_value
                           3092 ;cases/bitfields-bits1/bitfields-bits1_preBits_16_pattern_0_varType_4.c:389: volatileBits.bitToTest ^= 1;
                           3093 ;	genAddrOf
   0CB2 01r16s00      [10] 3094 	ld	bc, #_bit_test_5_volatileBits_10000_32+2
                           3095 ;	skipping iCode since result will be rematerialized
                           3096 ;	genPointerGet
   0CB5 3Ar16s00      [13] 3097 	ld	a, (#(_bit_test_5_volatileBits_10000_32 + 2) + 0)
   0CB8 07            [ 4] 3098 	rlca
   0CB9 07            [ 4] 3099 	rlca
   0CBA 07            [ 4] 3100 	rlca
   0CBB E6 01         [ 7] 3101 	and	a, #0x01
                           3102 ;	genXor
   0CBD EE 01         [ 7] 3103 	xor	a, #0x01
                           3104 ;	genMove_o size 1 result type 2 source type 2 a_dead 1 hl_dead 1 de_dead 1 iy_dead 1 f_dead 1
                           3105 ;	genPointerSet
   0CBF 0F            [ 4] 3106 	rrca
   0CC0 0F            [ 4] 3107 	rrca
   0CC1 0F            [ 4] 3108 	rrca
   0CC2 E6 20         [ 7] 3109 	and	a, #0x20
   0CC4 5F            [ 4] 3110 	ld	e, a
   0CC5 0A            [ 7] 3111 	ld	a, (bc)
   0CC6 E6 DF         [ 7] 3112 	and	a, #0xdf
   0CC8 B3            [ 4] 3113 	or	a, e
   0CC9 02            [ 7] 3114 	ld	(bc), a
                           3115 ;cases/bitfields-bits1/bitfields-bits1_preBits_16_pattern_0_varType_4.c:391: ASSERT(bits_check_value(&volatileBits,   1 << BIT_TO_TEST));
                           3116 ;	genPlus
                           3117 ;	genMove_o size 2 result type 2 source type 10 a_dead 1 hl_dead 1 de_dead 1 iy_dead 1 f_dead 1
   0CCA 2Ar00s00      [16] 3118 	ld	hl, (___numTests)
   0CCD 23            [ 6] 3119 	inc	hl
                           3120 ;	genMove_o size 2 result type 10 source type 2 a_dead 1 hl_dead 1 de_dead 1 iy_dead 1 f_dead 1
   0CCE 22r00s00      [16] 3121 	ld	(___numTests), hl
                           3122 ;	skipping iCode since result will be rematerialized
                           3123 ;	skipping iCode since result will be rematerialized
                           3124 ;	genIpush
                           3125 ;	genMove_o size 1 result type 2 source type 1 a_dead 1 hl_dead 1 de_dead 1 iy_dead 1 f_dead 1
   0CD1 3E 20         [ 7] 3126 	ld	a, #0x20
   0CD3 F5            [11] 3127 	push	af
   0CD4 33            [ 6] 3128 	inc	sp
                           3129 ;	genSend
                           3130 ;	genMove_o size 2 result type 2 source type 7 a_dead 1 hl_dead 1 de_dead 1 iy_dead 1 f_dead 1
   0CD5 21r14s00      [10] 3131 	ld	hl, #_bit_test_5_volatileBits_10000_32
                           3132 ;	genCall
   0CD8 CDr01s00      [17] 3133 	call	_bits_check_value
                           3134 ;	genMove_o size 2 result type 2 source type 2 a_dead 1 hl_dead 1 de_dead 1 iy_dead 1 f_dead 1
                           3135 ;	genIfx
   0CDB 7A            [ 4] 3136 	ld	a, d
   0CDC B3            [ 4] 3137 	or	a, e
                           3138 ; common peephole 163 changed absolute to relative conditional jump.
   0CDD 20 11         [12] 3139 	jr	nz, 00112$
                           3140 ;	skipping iCode since result will be rematerialized
                           3141 ;	skipping iCode since result will be rematerialized
                           3142 ;	skipping iCode since result will be rematerialized
                           3143 ;	skipping iCode since result will be rematerialized
                           3144 ;	skipping iCode since result will be rematerialized
                           3145 ;	skipping iCode since result will be rematerialized
                           3146 ;	genIpush
                           3147 ;	genMove_o size 2 result type 2 source type 1 a_dead 1 hl_dead 1 de_dead 1 iy_dead 1 f_dead 1
   0CDF 21 87 01      [10] 3148 	ld	hl, #0x0187
   0CE2 E5            [11] 3149 	push	hl
                           3150 ;	genIpush
                           3151 ;	genMove_o size 2 result type 2 source type 7 a_dead 1 hl_dead 1 de_dead 1 iy_dead 1 f_dead 1
   0CE3 21r7Bs0D      [10] 3152 	ld	hl, #___str_22
   0CE6 E5            [11] 3153 	push	hl
                           3154 ;	genSend
                           3155 ;	genMove_o size 2 result type 2 source type 7 a_dead 1 hl_dead 1 de_dead 1 iy_dead 1 f_dead 1
   0CE7 11r49s0D      [10] 3156 	ld	de, #___str_21
                           3157 ;	genSend
                           3158 ;	genMove_o size 2 result type 2 source type 7 a_dead 1 hl_dead 1 de_dead 0 iy_dead 1 f_dead 1
   0CEA 21r38s0D      [10] 3159 	ld	hl, #___str_20
                           3160 ;	genCall
   0CED CDr00s00      [17] 3161 	call	___fail
                           3162 ;	genLabel
   0CF0                    3163 00112$:
                           3164 ;cases/bitfields-bits1/bitfields-bits1_preBits_16_pattern_0_varType_4.c:393: bits_set_value(&volatileBits, 0xFF);
                           3165 ;	skipping iCode since result will be rematerialized
                           3166 ;	skipping iCode since result will be rematerialized
                           3167 ;	genIpush
                           3168 ;	genMove_o size 1 result type 2 source type 1 a_dead 1 hl_dead 1 de_dead 1 iy_dead 1 f_dead 1
   0CF0 3E FF         [ 7] 3169 	ld	a, #0xff
   0CF2 F5            [11] 3170 	push	af
   0CF3 33            [ 6] 3171 	inc	sp
                           3172 ;	genSend
                           3173 ;	genMove_o size 2 result type 2 source type 7 a_dead 1 hl_dead 1 de_dead 1 iy_dead 1 f_dead 1
   0CF4 21r14s00      [10] 3174 	ld	hl, #_bit_test_5_volatileBits_10000_32
                           3175 ;	genCall
   0CF7 CDr3As00      [17] 3176 	call	_bits_set_value
                           3177 ;cases/bitfields-bits1/bitfields-bits1_preBits_16_pattern_0_varType_4.c:394: volatileBits.bitToTest ^= 1;
                           3178 ;	genAddrOf
   0CFA 01r16s00      [10] 3179 	ld	bc, #_bit_test_5_volatileBits_10000_32+2
                           3180 ;	skipping iCode since result will be rematerialized
                           3181 ;	genPointerGet
   0CFD 3Ar16s00      [13] 3182 	ld	a, (#(_bit_test_5_volatileBits_10000_32 + 2) + 0)
   0D00 07            [ 4] 3183 	rlca
   0D01 07            [ 4] 3184 	rlca
   0D02 07            [ 4] 3185 	rlca
   0D03 E6 01         [ 7] 3186 	and	a, #0x01
                           3187 ;	genXor
   0D05 EE 01         [ 7] 3188 	xor	a, #0x01
                           3189 ;	genMove_o size 1 result type 2 source type 2 a_dead 1 hl_dead 1 de_dead 1 iy_dead 1 f_dead 1
                           3190 ;	genPointerSet
   0D07 0F            [ 4] 3191 	rrca
   0D08 0F            [ 4] 3192 	rrca
   0D09 0F            [ 4] 3193 	rrca
   0D0A E6 20         [ 7] 3194 	and	a, #0x20
   0D0C 5F            [ 4] 3195 	ld	e, a
   0D0D 0A            [ 7] 3196 	ld	a, (bc)
   0D0E E6 DF         [ 7] 3197 	and	a, #0xdf
   0D10 B3            [ 4] 3198 	or	a, e
   0D11 02            [ 7] 3199 	ld	(bc), a
                           3200 ;cases/bitfields-bits1/bitfields-bits1_preBits_16_pattern_0_varType_4.c:396: ASSERT(bits_check_value(&volatileBits, ~(1 << BIT_TO_TEST)));
                           3201 ;	genPlus
                           3202 ;	genMove_o size 2 result type 2 source type 10 a_dead 1 hl_dead 1 de_dead 1 iy_dead 1 f_dead 1
   0D12 2Ar00s00      [16] 3203 	ld	hl, (___numTests)
   0D15 23            [ 6] 3204 	inc	hl
                           3205 ;	genMove_o size 2 result type 10 source type 2 a_dead 1 hl_dead 1 de_dead 1 iy_dead 1 f_dead 1
   0D16 22r00s00      [16] 3206 	ld	(___numTests), hl
                           3207 ;	skipping iCode since result will be rematerialized
                           3208 ;	skipping iCode since result will be rematerialized
                           3209 ;	genIpush
                           3210 ;	genMove_o size 1 result type 2 source type 1 a_dead 1 hl_dead 1 de_dead 1 iy_dead 1 f_dead 1
   0D19 3E DF         [ 7] 3211 	ld	a, #0xdf
   0D1B F5            [11] 3212 	push	af
   0D1C 33            [ 6] 3213 	inc	sp
                           3214 ;	genSend
                           3215 ;	genMove_o size 2 result type 2 source type 7 a_dead 1 hl_dead 1 de_dead 1 iy_dead 1 f_dead 1
   0D1D 21r14s00      [10] 3216 	ld	hl, #_bit_test_5_volatileBits_10000_32
                           3217 ;	genCall
   0D20 CDr01s00      [17] 3218 	call	_bits_check_value
                           3219 ;	genMove_o size 2 result type 2 source type 2 a_dead 1 hl_dead 1 de_dead 1 iy_dead 1 f_dead 1
                           3220 ;	genIfx
   0D23 7A            [ 4] 3221 	ld	a, d
   0D24 B3            [ 4] 3222 	or	a, e
   0D25 C0            [11] 3223 	ret	nz
                           3224 ; common peephole 161 replaced jump by return.
                           3225 ;	skipping iCode since result will be rematerialized
                           3226 ;	skipping iCode since result will be rematerialized
                           3227 ;	skipping iCode since result will be rematerialized
                           3228 ;	skipping iCode since result will be rematerialized
                           3229 ;	skipping iCode since result will be rematerialized
                           3230 ;	skipping iCode since result will be rematerialized
                           3231 ;	genIpush
                           3232 ;	genMove_o size 2 result type 2 source type 1 a_dead 1 hl_dead 1 de_dead 1 iy_dead 1 f_dead 1
   0D26 21 8C 01      [10] 3233 	ld	hl, #0x018c
   0D29 E5            [11] 3234 	push	hl
                           3235 ;	genIpush
                           3236 ;	genMove_o size 2 result type 2 source type 7 a_dead 1 hl_dead 1 de_dead 1 iy_dead 1 f_dead 1
   0D2A 21r7Bs0D      [10] 3237 	ld	hl, #___str_22
   0D2D E5            [11] 3238 	push	hl
                           3239 ;	genSend
                           3240 ;	genMove_o size 2 result type 2 source type 7 a_dead 1 hl_dead 1 de_dead 1 iy_dead 1 f_dead 1
   0D2E 11rC2s0D      [10] 3241 	ld	de, #___str_23
                           3242 ;	genSend
                           3243 ;	genMove_o size 2 result type 2 source type 7 a_dead 1 hl_dead 1 de_dead 0 iy_dead 1 f_dead 1
   0D31 21r38s0D      [10] 3244 	ld	hl, #___str_20
                           3245 ;	genCall
   0D34 CDr00s00      [17] 3246 	call	___fail
                           3247 ;	genLabel
                           3248 ; common peephole 159 removed unused label 00101$.
                           3249 ;cases/bitfields-bits1/bitfields-bits1_preBits_16_pattern_0_varType_4.c:397: }
                           3250 ;	genEndFunction
   0D37 C9            [10] 3251 	ret
                           3252 ;	Total bit_test_5 function size at codegen: 13 bytes.
   0D38                    3253 ___str_20:
   0D38 41 73 73 65 72 74  3254 	.ascii "Assertion failed"
        69 6F 6E 20 66 61
        69 6C 65 64
   0D48 00                 3255 	.db 0x00
   0D49                    3256 ___str_21:
   0D49 62 69 74 73 5F 63  3257 	.ascii "bits_check_value(&volatileBits, 1 << BIT_TO_TEST)"
        68 65 63 6B 5F 76
        61 6C 75 65 28 26
        76 6F 6C 61 74 69
        6C 65 42 69 74 73
        2C 20 31 20 3C 3C
        20 42 49 54 5F 54
        4F 5F 54 45 53 54
        29
   0D7A 00                 3258 	.db 0x00
   0D7B                    3259 ___str_22:
   0D7B 63 61 73 65 73 2F  3260 	.ascii "cases/bitfields-bits1/bitfields-bits1_preBits_16_pattern_0_v"
        62 69 74 66 69 65
        6C 64 73 2D 62 69
        74 73 31 2F 62 69
        74 66 69 65 6C 64
        73 2D 62 69 74 73
        31 5F 70 72 65 42
        69 74 73 5F 31 36
        5F 70 61 74 74 65
        72 6E 5F 30 5F 76
   0DB7 61 72 54 79 70 65  3261 	.ascii "arType_4.c"
        5F 34 2E 63
   0DC1 00                 3262 	.db 0x00
   0DC2                    3263 ___str_23:
   0DC2 62 69 74 73 5F 63  3264 	.ascii "bits_check_value(&volatileBits, ~(1 << BIT_TO_TEST))"
        68 65 63 6B 5F 76
        61 6C 75 65 28 26
        76 6F 6C 61 74 69
        6C 65 42 69 74 73
        2C 20 7E 28 31 20
        3C 3C 20 42 49 54
        5F 54 4F 5F 54 45
        53 54 29 29
   0DF6 00                 3265 	.db 0x00
                           3266 ;cases/bitfields-bits1/bitfields-bits1_preBits_16_pattern_0_varType_4.c:400: bit_test_6(void)
                           3267 ;	genLabel
                           3268 ;	genFunction
                           3269 ;	---------------------------------
                           3270 ; Function bit_test_6
                           3271 ; ---------------------------------
                           3272 ;	Register assignment might be sub-optimal.
                           3273 ; Stack space usage: 0 bytes.
   0DF7                    3274 _bit_test_6::
                           3275 ;cases/bitfields-bits1/bitfields-bits1_preBits_16_pattern_0_varType_4.c:407: bits_set_value(&volatileBits, 0x00);
                           3276 ;	skipping iCode since result will be rematerialized
                           3277 ;	skipping iCode since result will be rematerialized
                           3278 ;	genIpush
                           3279 ;	genMove_o size 1 result type 2 source type 1 a_dead 1 hl_dead 1 de_dead 1 iy_dead 1 f_dead 1
   0DF7 AF            [ 4] 3280 	xor	a, a
   0DF8 F5            [11] 3281 	push	af
   0DF9 33            [ 6] 3282 	inc	sp
                           3283 ;	genSend
                           3284 ;	genMove_o size 2 result type 2 source type 7 a_dead 1 hl_dead 1 de_dead 1 iy_dead 1 f_dead 1
   0DFA 21r18s00      [10] 3285 	ld	hl, #_bit_test_6_volatileBits_10000_34
                           3286 ;	genCall
   0DFD CDr3As00      [17] 3287 	call	_bits_set_value
                           3288 ;cases/bitfields-bits1/bitfields-bits1_preBits_16_pattern_0_varType_4.c:408: volatileBits.bitToTest = 1;
                           3289 ;	skipping iCode since result will be rematerialized
                           3290 ;	genPointerSet
                           3291 ;	genMove_o size 2 result type 2 source type 7 a_dead 1 hl_dead 1 de_dead 1 iy_dead 1 f_dead 1
   0E00 21r1As00      [10] 3292 	ld	hl, #(_bit_test_6_volatileBits_10000_34 + 2)
   0E03 CB F6         [15] 3293 	set	6, (hl)
                           3294 ;cases/bitfields-bits1/bitfields-bits1_preBits_16_pattern_0_varType_4.c:410: ASSERT(bits_check_value(&volatileBits,   1 << BIT_TO_TEST));
                           3295 ;	genPlus
                           3296 ;	genMove_o size 2 result type 2 source type 10 a_dead 1 hl_dead 1 de_dead 1 iy_dead 1 f_dead 1
   0E05 2Ar00s00      [16] 3297 	ld	hl, (___numTests)
   0E08 23            [ 6] 3298 	inc	hl
                           3299 ;	genMove_o size 2 result type 10 source type 2 a_dead 1 hl_dead 1 de_dead 1 iy_dead 1 f_dead 1
   0E09 22r00s00      [16] 3300 	ld	(___numTests), hl
                           3301 ;	skipping iCode since result will be rematerialized
                           3302 ;	skipping iCode since result will be rematerialized
                           3303 ;	genIpush
                           3304 ;	genMove_o size 1 result type 2 source type 1 a_dead 1 hl_dead 1 de_dead 1 iy_dead 1 f_dead 1
   0E0C 3E 40         [ 7] 3305 	ld	a, #0x40
   0E0E F5            [11] 3306 	push	af
   0E0F 33            [ 6] 3307 	inc	sp
                           3308 ;	genSend
                           3309 ;	genMove_o size 2 result type 2 source type 7 a_dead 1 hl_dead 1 de_dead 1 iy_dead 1 f_dead 1
   0E10 21r18s00      [10] 3310 	ld	hl, #_bit_test_6_volatileBits_10000_34
                           3311 ;	genCall
   0E13 CDr01s00      [17] 3312 	call	_bits_check_value
                           3313 ;	genMove_o size 2 result type 2 source type 2 a_dead 1 hl_dead 1 de_dead 1 iy_dead 1 f_dead 1
                           3314 ;	genIfx
   0E16 7A            [ 4] 3315 	ld	a, d
   0E17 B3            [ 4] 3316 	or	a, e
                           3317 ; common peephole 163 changed absolute to relative conditional jump.
   0E18 20 11         [12] 3318 	jr	nz, 00104$
                           3319 ;	skipping iCode since result will be rematerialized
                           3320 ;	skipping iCode since result will be rematerialized
                           3321 ;	skipping iCode since result will be rematerialized
                           3322 ;	skipping iCode since result will be rematerialized
                           3323 ;	skipping iCode since result will be rematerialized
                           3324 ;	skipping iCode since result will be rematerialized
                           3325 ;	genIpush
                           3326 ;	genMove_o size 2 result type 2 source type 1 a_dead 1 hl_dead 1 de_dead 1 iy_dead 1 f_dead 1
   0E1A 21 9A 01      [10] 3327 	ld	hl, #0x019a
   0E1D E5            [11] 3328 	push	hl
                           3329 ;	genIpush
                           3330 ;	genMove_o size 2 result type 2 source type 7 a_dead 1 hl_dead 1 de_dead 1 iy_dead 1 f_dead 1
   0E1E 21rBFs0F      [10] 3331 	ld	hl, #___str_26
   0E21 E5            [11] 3332 	push	hl
                           3333 ;	genSend
                           3334 ;	genMove_o size 2 result type 2 source type 7 a_dead 1 hl_dead 1 de_dead 1 iy_dead 1 f_dead 1
   0E22 11r8Ds0F      [10] 3335 	ld	de, #___str_25
                           3336 ;	genSend
                           3337 ;	genMove_o size 2 result type 2 source type 7 a_dead 1 hl_dead 1 de_dead 0 iy_dead 1 f_dead 1
   0E25 21r7Cs0F      [10] 3338 	ld	hl, #___str_24
                           3339 ;	genCall
   0E28 CDr00s00      [17] 3340 	call	___fail
                           3341 ;	genLabel
   0E2B                    3342 00104$:
                           3343 ;cases/bitfields-bits1/bitfields-bits1_preBits_16_pattern_0_varType_4.c:412: bits_set_value(&volatileBits, 0xFF);
                           3344 ;	skipping iCode since result will be rematerialized
                           3345 ;	skipping iCode since result will be rematerialized
                           3346 ;	genIpush
                           3347 ;	genMove_o size 1 result type 2 source type 1 a_dead 1 hl_dead 1 de_dead 1 iy_dead 1 f_dead 1
   0E2B 3E FF         [ 7] 3348 	ld	a, #0xff
   0E2D F5            [11] 3349 	push	af
   0E2E 33            [ 6] 3350 	inc	sp
                           3351 ;	genSend
                           3352 ;	genMove_o size 2 result type 2 source type 7 a_dead 1 hl_dead 1 de_dead 1 iy_dead 1 f_dead 1
   0E2F 21r18s00      [10] 3353 	ld	hl, #_bit_test_6_volatileBits_10000_34
                           3354 ;	genCall
   0E32 CDr3As00      [17] 3355 	call	_bits_set_value
                           3356 ;cases/bitfields-bits1/bitfields-bits1_preBits_16_pattern_0_varType_4.c:413: volatileBits.bitToTest = 0;
                           3357 ;	skipping iCode since result will be rematerialized
                           3358 ;	genPointerSet
                           3359 ;	genMove_o size 2 result type 2 source type 7 a_dead 1 hl_dead 1 de_dead 1 iy_dead 1 f_dead 1
   0E35 21r1As00      [10] 3360 	ld	hl, #(_bit_test_6_volatileBits_10000_34 + 2)
   0E38 CB B6         [15] 3361 	res	6, (hl)
                           3362 ;cases/bitfields-bits1/bitfields-bits1_preBits_16_pattern_0_varType_4.c:415: ASSERT(bits_check_value(&volatileBits, ~(1 << BIT_TO_TEST)));
                           3363 ;	genPlus
                           3364 ;	genMove_o size 2 result type 2 source type 10 a_dead 1 hl_dead 1 de_dead 1 iy_dead 1 f_dead 1
   0E3A 2Ar00s00      [16] 3365 	ld	hl, (___numTests)
   0E3D 23            [ 6] 3366 	inc	hl
                           3367 ;	genMove_o size 2 result type 10 source type 2 a_dead 1 hl_dead 1 de_dead 1 iy_dead 1 f_dead 1
   0E3E 22r00s00      [16] 3368 	ld	(___numTests), hl
                           3369 ;	skipping iCode since result will be rematerialized
                           3370 ;	skipping iCode since result will be rematerialized
                           3371 ;	genIpush
                           3372 ;	genMove_o size 1 result type 2 source type 1 a_dead 1 hl_dead 1 de_dead 1 iy_dead 1 f_dead 1
   0E41 3E BF         [ 7] 3373 	ld	a, #0xbf
   0E43 F5            [11] 3374 	push	af
   0E44 33            [ 6] 3375 	inc	sp
                           3376 ;	genSend
                           3377 ;	genMove_o size 2 result type 2 source type 7 a_dead 1 hl_dead 1 de_dead 1 iy_dead 1 f_dead 1
   0E45 21r18s00      [10] 3378 	ld	hl, #_bit_test_6_volatileBits_10000_34
                           3379 ;	genCall
   0E48 CDr01s00      [17] 3380 	call	_bits_check_value
                           3381 ;	genMove_o size 2 result type 2 source type 2 a_dead 1 hl_dead 1 de_dead 1 iy_dead 1 f_dead 1
                           3382 ;	genIfx
   0E4B 7A            [ 4] 3383 	ld	a, d
   0E4C B3            [ 4] 3384 	or	a, e
                           3385 ; common peephole 163 changed absolute to relative conditional jump.
   0E4D 20 11         [12] 3386 	jr	nz, 00106$
                           3387 ;	skipping iCode since result will be rematerialized
                           3388 ;	skipping iCode since result will be rematerialized
                           3389 ;	skipping iCode since result will be rematerialized
                           3390 ;	skipping iCode since result will be rematerialized
                           3391 ;	skipping iCode since result will be rematerialized
                           3392 ;	skipping iCode since result will be rematerialized
                           3393 ;	genIpush
                           3394 ;	genMove_o size 2 result type 2 source type 1 a_dead 1 hl_dead 1 de_dead 1 iy_dead 1 f_dead 1
   0E4F 21 9F 01      [10] 3395 	ld	hl, #0x019f
   0E52 E5            [11] 3396 	push	hl
                           3397 ;	genIpush
                           3398 ;	genMove_o size 2 result type 2 source type 7 a_dead 1 hl_dead 1 de_dead 1 iy_dead 1 f_dead 1
   0E53 21rBFs0F      [10] 3399 	ld	hl, #___str_26
   0E56 E5            [11] 3400 	push	hl
                           3401 ;	genSend
                           3402 ;	genMove_o size 2 result type 2 source type 7 a_dead 1 hl_dead 1 de_dead 1 iy_dead 1 f_dead 1
   0E57 11r06s10      [10] 3403 	ld	de, #___str_27
                           3404 ;	genSend
                           3405 ;	genMove_o size 2 result type 2 source type 7 a_dead 1 hl_dead 1 de_dead 0 iy_dead 1 f_dead 1
   0E5A 21r7Cs0F      [10] 3406 	ld	hl, #___str_24
                           3407 ;	genCall
   0E5D CDr00s00      [17] 3408 	call	___fail
                           3409 ;	genLabel
   0E60                    3410 00106$:
                           3411 ;cases/bitfields-bits1/bitfields-bits1_preBits_16_pattern_0_varType_4.c:417: bits_set_value(&volatileBits, 0x00);
                           3412 ;	skipping iCode since result will be rematerialized
                           3413 ;	skipping iCode since result will be rematerialized
                           3414 ;	genIpush
                           3415 ;	genMove_o size 1 result type 2 source type 1 a_dead 1 hl_dead 1 de_dead 1 iy_dead 1 f_dead 1
   0E60 AF            [ 4] 3416 	xor	a, a
   0E61 F5            [11] 3417 	push	af
   0E62 33            [ 6] 3418 	inc	sp
                           3419 ;	genSend
                           3420 ;	genMove_o size 2 result type 2 source type 7 a_dead 1 hl_dead 1 de_dead 1 iy_dead 1 f_dead 1
   0E63 21r18s00      [10] 3421 	ld	hl, #_bit_test_6_volatileBits_10000_34
                           3422 ;	genCall
   0E66 CDr3As00      [17] 3423 	call	_bits_set_value
                           3424 ;cases/bitfields-bits1/bitfields-bits1_preBits_16_pattern_0_varType_4.c:418: volatileBits.bitToTest = ! volatileBits.bitToTest;
                           3425 ;	genAddrOf
   0E69 01r1As00      [10] 3426 	ld	bc, #_bit_test_6_volatileBits_10000_34+2
                           3427 ;	skipping iCode since result will be rematerialized
                           3428 ;	genPointerGet
   0E6C 3Ar1As00      [13] 3429 	ld	a, (#(_bit_test_6_volatileBits_10000_34 + 2) + 0)
   0E6F 07            [ 4] 3430 	rlca
   0E70 07            [ 4] 3431 	rlca
   0E71 E6 01         [ 7] 3432 	and	a, #0x01
                           3433 ;	genNot
   0E73 D6 01         [ 7] 3434 	sub	a, #0x01
   0E75 3E 00         [ 7] 3435 	ld	a, #0x00
   0E77 17            [ 4] 3436 	rla
                           3437 ;	genMove_o size 0 result type 2 source type 1 a_dead 1 hl_dead 0 de_dead 0 iy_dead 1 f_dead 1
                           3438 ;	genCast
                           3439 ;	(locations are the same)
                           3440 ;	genPointerSet
   0E78 0F            [ 4] 3441 	rrca
   0E79 0F            [ 4] 3442 	rrca
   0E7A E6 40         [ 7] 3443 	and	a, #0x40
   0E7C 5F            [ 4] 3444 	ld	e, a
   0E7D 0A            [ 7] 3445 	ld	a, (bc)
   0E7E E6 BF         [ 7] 3446 	and	a, #0xbf
   0E80 B3            [ 4] 3447 	or	a, e
   0E81 02            [ 7] 3448 	ld	(bc), a
                           3449 ;cases/bitfields-bits1/bitfields-bits1_preBits_16_pattern_0_varType_4.c:420: ASSERT(bits_check_value(&volatileBits,   1 << BIT_TO_TEST));
                           3450 ;	genPlus
                           3451 ;	genMove_o size 2 result type 2 source type 10 a_dead 1 hl_dead 1 de_dead 1 iy_dead 1 f_dead 1
   0E82 2Ar00s00      [16] 3452 	ld	hl, (___numTests)
   0E85 23            [ 6] 3453 	inc	hl
                           3454 ;	genMove_o size 2 result type 10 source type 2 a_dead 1 hl_dead 1 de_dead 1 iy_dead 1 f_dead 1
   0E86 22r00s00      [16] 3455 	ld	(___numTests), hl
                           3456 ;	skipping iCode since result will be rematerialized
                           3457 ;	skipping iCode since result will be rematerialized
                           3458 ;	genIpush
                           3459 ;	genMove_o size 1 result type 2 source type 1 a_dead 1 hl_dead 1 de_dead 1 iy_dead 1 f_dead 1
   0E89 3E 40         [ 7] 3460 	ld	a, #0x40
   0E8B F5            [11] 3461 	push	af
   0E8C 33            [ 6] 3462 	inc	sp
                           3463 ;	genSend
                           3464 ;	genMove_o size 2 result type 2 source type 7 a_dead 1 hl_dead 1 de_dead 1 iy_dead 1 f_dead 1
   0E8D 21r18s00      [10] 3465 	ld	hl, #_bit_test_6_volatileBits_10000_34
                           3466 ;	genCall
   0E90 CDr01s00      [17] 3467 	call	_bits_check_value
                           3468 ;	genMove_o size 2 result type 2 source type 2 a_dead 1 hl_dead 1 de_dead 1 iy_dead 1 f_dead 1
                           3469 ;	genIfx
   0E93 7A            [ 4] 3470 	ld	a, d
   0E94 B3            [ 4] 3471 	or	a, e
                           3472 ; common peephole 163 changed absolute to relative conditional jump.
   0E95 20 11         [12] 3473 	jr	nz, 00108$
                           3474 ;	skipping iCode since result will be rematerialized
                           3475 ;	skipping iCode since result will be rematerialized
                           3476 ;	skipping iCode since result will be rematerialized
                           3477 ;	skipping iCode since result will be rematerialized
                           3478 ;	skipping iCode since result will be rematerialized
                           3479 ;	skipping iCode since result will be rematerialized
                           3480 ;	genIpush
                           3481 ;	genMove_o size 2 result type 2 source type 1 a_dead 1 hl_dead 1 de_dead 1 iy_dead 1 f_dead 1
   0E97 21 A4 01      [10] 3482 	ld	hl, #0x01a4
   0E9A E5            [11] 3483 	push	hl
                           3484 ;	genIpush
                           3485 ;	genMove_o size 2 result type 2 source type 7 a_dead 1 hl_dead 1 de_dead 1 iy_dead 1 f_dead 1
   0E9B 21rBFs0F      [10] 3486 	ld	hl, #___str_26
   0E9E E5            [11] 3487 	push	hl
                           3488 ;	genSend
                           3489 ;	genMove_o size 2 result type 2 source type 7 a_dead 1 hl_dead 1 de_dead 1 iy_dead 1 f_dead 1
   0E9F 11r8Ds0F      [10] 3490 	ld	de, #___str_25
                           3491 ;	genSend
                           3492 ;	genMove_o size 2 result type 2 source type 7 a_dead 1 hl_dead 1 de_dead 0 iy_dead 1 f_dead 1
   0EA2 21r7Cs0F      [10] 3493 	ld	hl, #___str_24
                           3494 ;	genCall
   0EA5 CDr00s00      [17] 3495 	call	___fail
                           3496 ;	genLabel
   0EA8                    3497 00108$:
                           3498 ;cases/bitfields-bits1/bitfields-bits1_preBits_16_pattern_0_varType_4.c:422: bits_set_value(&volatileBits, 0xFF);
                           3499 ;	skipping iCode since result will be rematerialized
                           3500 ;	skipping iCode since result will be rematerialized
                           3501 ;	genIpush
                           3502 ;	genMove_o size 1 result type 2 source type 1 a_dead 1 hl_dead 1 de_dead 1 iy_dead 1 f_dead 1
   0EA8 3E FF         [ 7] 3503 	ld	a, #0xff
   0EAA F5            [11] 3504 	push	af
   0EAB 33            [ 6] 3505 	inc	sp
                           3506 ;	genSend
                           3507 ;	genMove_o size 2 result type 2 source type 7 a_dead 1 hl_dead 1 de_dead 1 iy_dead 1 f_dead 1
   0EAC 21r18s00      [10] 3508 	ld	hl, #_bit_test_6_volatileBits_10000_34
                           3509 ;	genCall
   0EAF CDr3As00      [17] 3510 	call	_bits_set_value
                           3511 ;cases/bitfields-bits1/bitfields-bits1_preBits_16_pattern_0_varType_4.c:423: volatileBits.bitToTest = ! volatileBits.bitToTest;
                           3512 ;	genAddrOf
   0EB2 01r1As00      [10] 3513 	ld	bc, #_bit_test_6_volatileBits_10000_34+2
                           3514 ;	skipping iCode since result will be rematerialized
                           3515 ;	genPointerGet
   0EB5 3Ar1As00      [13] 3516 	ld	a, (#(_bit_test_6_volatileBits_10000_34 + 2) + 0)
   0EB8 07            [ 4] 3517 	rlca
   0EB9 07            [ 4] 3518 	rlca
   0EBA E6 01         [ 7] 3519 	and	a, #0x01
                           3520 ;	genNot
   0EBC D6 01         [ 7] 3521 	sub	a, #0x01
   0EBE 3E 00         [ 7] 3522 	ld	a, #0x00
   0EC0 17            [ 4] 3523 	rla
                           3524 ;	genMove_o size 0 result type 2 source type 1 a_dead 1 hl_dead 0 de_dead 0 iy_dead 1 f_dead 1
                           3525 ;	genCast
                           3526 ;	(locations are the same)
                           3527 ;	genPointerSet
   0EC1 0F            [ 4] 3528 	rrca
   0EC2 0F            [ 4] 3529 	rrca
   0EC3 E6 40         [ 7] 3530 	and	a, #0x40
   0EC5 5F            [ 4] 3531 	ld	e, a
   0EC6 0A            [ 7] 3532 	ld	a, (bc)
   0EC7 E6 BF         [ 7] 3533 	and	a, #0xbf
   0EC9 B3            [ 4] 3534 	or	a, e
   0ECA 02            [ 7] 3535 	ld	(bc), a
                           3536 ;cases/bitfields-bits1/bitfields-bits1_preBits_16_pattern_0_varType_4.c:425: ASSERT(bits_check_value(&volatileBits, ~(1 << BIT_TO_TEST)));
                           3537 ;	genPlus
                           3538 ;	genMove_o size 2 result type 2 source type 10 a_dead 1 hl_dead 1 de_dead 1 iy_dead 1 f_dead 1
   0ECB 2Ar00s00      [16] 3539 	ld	hl, (___numTests)
   0ECE 23            [ 6] 3540 	inc	hl
                           3541 ;	genMove_o size 2 result type 10 source type 2 a_dead 1 hl_dead 1 de_dead 1 iy_dead 1 f_dead 1
   0ECF 22r00s00      [16] 3542 	ld	(___numTests), hl
                           3543 ;	skipping iCode since result will be rematerialized
                           3544 ;	skipping iCode since result will be rematerialized
                           3545 ;	genIpush
                           3546 ;	genMove_o size 1 result type 2 source type 1 a_dead 1 hl_dead 1 de_dead 1 iy_dead 1 f_dead 1
   0ED2 3E BF         [ 7] 3547 	ld	a, #0xbf
   0ED4 F5            [11] 3548 	push	af
   0ED5 33            [ 6] 3549 	inc	sp
                           3550 ;	genSend
                           3551 ;	genMove_o size 2 result type 2 source type 7 a_dead 1 hl_dead 1 de_dead 1 iy_dead 1 f_dead 1
   0ED6 21r18s00      [10] 3552 	ld	hl, #_bit_test_6_volatileBits_10000_34
                           3553 ;	genCall
   0ED9 CDr01s00      [17] 3554 	call	_bits_check_value
                           3555 ;	genMove_o size 2 result type 2 source type 2 a_dead 1 hl_dead 1 de_dead 1 iy_dead 1 f_dead 1
                           3556 ;	genIfx
   0EDC 7A            [ 4] 3557 	ld	a, d
   0EDD B3            [ 4] 3558 	or	a, e
                           3559 ; common peephole 163 changed absolute to relative conditional jump.
   0EDE 20 11         [12] 3560 	jr	nz, 00110$
                           3561 ;	skipping iCode since result will be rematerialized
                           3562 ;	skipping iCode since result will be rematerialized
                           3563 ;	skipping iCode since result will be rematerialized
                           3564 ;	skipping iCode since result will be rematerialized
                           3565 ;	skipping iCode since result will be rematerialized
                           3566 ;	skipping iCode since result will be rematerialized
                           3567 ;	genIpush
                           3568 ;	genMove_o size 2 result type 2 source type 1 a_dead 1 hl_dead 1 de_dead 1 iy_dead 1 f_dead 1
   0EE0 21 A9 01      [10] 3569 	ld	hl, #0x01a9
   0EE3 E5            [11] 3570 	push	hl
                           3571 ;	genIpush
                           3572 ;	genMove_o size 2 result type 2 source type 7 a_dead 1 hl_dead 1 de_dead 1 iy_dead 1 f_dead 1
   0EE4 21rBFs0F      [10] 3573 	ld	hl, #___str_26
   0EE7 E5            [11] 3574 	push	hl
                           3575 ;	genSend
                           3576 ;	genMove_o size 2 result type 2 source type 7 a_dead 1 hl_dead 1 de_dead 1 iy_dead 1 f_dead 1
   0EE8 11r06s10      [10] 3577 	ld	de, #___str_27
                           3578 ;	genSend
                           3579 ;	genMove_o size 2 result type 2 source type 7 a_dead 1 hl_dead 1 de_dead 0 iy_dead 1 f_dead 1
   0EEB 21r7Cs0F      [10] 3580 	ld	hl, #___str_24
                           3581 ;	genCall
   0EEE CDr00s00      [17] 3582 	call	___fail
                           3583 ;	genLabel
   0EF1                    3584 00110$:
                           3585 ;cases/bitfields-bits1/bitfields-bits1_preBits_16_pattern_0_varType_4.c:427: bits_set_value(&volatileBits, 0x00);
                           3586 ;	skipping iCode since result will be rematerialized
                           3587 ;	skipping iCode since result will be rematerialized
                           3588 ;	genIpush
                           3589 ;	genMove_o size 1 result type 2 source type 1 a_dead 1 hl_dead 1 de_dead 1 iy_dead 1 f_dead 1
   0EF1 AF            [ 4] 3590 	xor	a, a
   0EF2 F5            [11] 3591 	push	af
   0EF3 33            [ 6] 3592 	inc	sp
                           3593 ;	genSend
                           3594 ;	genMove_o size 2 result type 2 source type 7 a_dead 1 hl_dead 1 de_dead 1 iy_dead 1 f_dead 1
   0EF4 21r18s00      [10] 3595 	ld	hl, #_bit_test_6_volatileBits_10000_34
                           3596 ;	genCall
   0EF7 CDr3As00      [17] 3597 	call	_bits_set_value
                           3598 ;cases/bitfields-bits1/bitfields-bits1_preBits_16_pattern_0_varType_4.c:428: volatileBits.bitToTest ^= 1;
                           3599 ;	genAddrOf
   0EFA 01r1As00      [10] 3600 	ld	bc, #_bit_test_6_volatileBits_10000_34+2
                           3601 ;	skipping iCode since result will be rematerialized
                           3602 ;	genPointerGet
   0EFD 3Ar1As00      [13] 3603 	ld	a, (#(_bit_test_6_volatileBits_10000_34 + 2) + 0)
   0F00 07            [ 4] 3604 	rlca
   0F01 07            [ 4] 3605 	rlca
   0F02 E6 01         [ 7] 3606 	and	a, #0x01
                           3607 ;	genXor
   0F04 EE 01         [ 7] 3608 	xor	a, #0x01
                           3609 ;	genMove_o size 1 result type 2 source type 2 a_dead 1 hl_dead 1 de_dead 1 iy_dead 1 f_dead 1
                           3610 ;	genPointerSet
   0F06 0F            [ 4] 3611 	rrca
   0F07 0F            [ 4] 3612 	rrca
   0F08 E6 40         [ 7] 3613 	and	a, #0x40
   0F0A 5F            [ 4] 3614 	ld	e, a
   0F0B 0A            [ 7] 3615 	ld	a, (bc)
   0F0C E6 BF         [ 7] 3616 	and	a, #0xbf
   0F0E B3            [ 4] 3617 	or	a, e
   0F0F 02            [ 7] 3618 	ld	(bc), a
                           3619 ;cases/bitfields-bits1/bitfields-bits1_preBits_16_pattern_0_varType_4.c:430: ASSERT(bits_check_value(&volatileBits,   1 << BIT_TO_TEST));
                           3620 ;	genPlus
                           3621 ;	genMove_o size 2 result type 2 source type 10 a_dead 1 hl_dead 1 de_dead 1 iy_dead 1 f_dead 1
   0F10 2Ar00s00      [16] 3622 	ld	hl, (___numTests)
   0F13 23            [ 6] 3623 	inc	hl
                           3624 ;	genMove_o size 2 result type 10 source type 2 a_dead 1 hl_dead 1 de_dead 1 iy_dead 1 f_dead 1
   0F14 22r00s00      [16] 3625 	ld	(___numTests), hl
                           3626 ;	skipping iCode since result will be rematerialized
                           3627 ;	skipping iCode since result will be rematerialized
                           3628 ;	genIpush
                           3629 ;	genMove_o size 1 result type 2 source type 1 a_dead 1 hl_dead 1 de_dead 1 iy_dead 1 f_dead 1
   0F17 3E 40         [ 7] 3630 	ld	a, #0x40
   0F19 F5            [11] 3631 	push	af
   0F1A 33            [ 6] 3632 	inc	sp
                           3633 ;	genSend
                           3634 ;	genMove_o size 2 result type 2 source type 7 a_dead 1 hl_dead 1 de_dead 1 iy_dead 1 f_dead 1
   0F1B 21r18s00      [10] 3635 	ld	hl, #_bit_test_6_volatileBits_10000_34
                           3636 ;	genCall
   0F1E CDr01s00      [17] 3637 	call	_bits_check_value
                           3638 ;	genMove_o size 2 result type 2 source type 2 a_dead 1 hl_dead 1 de_dead 1 iy_dead 1 f_dead 1
                           3639 ;	genIfx
   0F21 7A            [ 4] 3640 	ld	a, d
   0F22 B3            [ 4] 3641 	or	a, e
                           3642 ; common peephole 163 changed absolute to relative conditional jump.
   0F23 20 11         [12] 3643 	jr	nz, 00112$
                           3644 ;	skipping iCode since result will be rematerialized
                           3645 ;	skipping iCode since result will be rematerialized
                           3646 ;	skipping iCode since result will be rematerialized
                           3647 ;	skipping iCode since result will be rematerialized
                           3648 ;	skipping iCode since result will be rematerialized
                           3649 ;	skipping iCode since result will be rematerialized
                           3650 ;	genIpush
                           3651 ;	genMove_o size 2 result type 2 source type 1 a_dead 1 hl_dead 1 de_dead 1 iy_dead 1 f_dead 1
   0F25 21 AE 01      [10] 3652 	ld	hl, #0x01ae
   0F28 E5            [11] 3653 	push	hl
                           3654 ;	genIpush
                           3655 ;	genMove_o size 2 result type 2 source type 7 a_dead 1 hl_dead 1 de_dead 1 iy_dead 1 f_dead 1
   0F29 21rBFs0F      [10] 3656 	ld	hl, #___str_26
   0F2C E5            [11] 3657 	push	hl
                           3658 ;	genSend
                           3659 ;	genMove_o size 2 result type 2 source type 7 a_dead 1 hl_dead 1 de_dead 1 iy_dead 1 f_dead 1
   0F2D 11r8Ds0F      [10] 3660 	ld	de, #___str_25
                           3661 ;	genSend
                           3662 ;	genMove_o size 2 result type 2 source type 7 a_dead 1 hl_dead 1 de_dead 0 iy_dead 1 f_dead 1
   0F30 21r7Cs0F      [10] 3663 	ld	hl, #___str_24
                           3664 ;	genCall
   0F33 CDr00s00      [17] 3665 	call	___fail
                           3666 ;	genLabel
   0F36                    3667 00112$:
                           3668 ;cases/bitfields-bits1/bitfields-bits1_preBits_16_pattern_0_varType_4.c:432: bits_set_value(&volatileBits, 0xFF);
                           3669 ;	skipping iCode since result will be rematerialized
                           3670 ;	skipping iCode since result will be rematerialized
                           3671 ;	genIpush
                           3672 ;	genMove_o size 1 result type 2 source type 1 a_dead 1 hl_dead 1 de_dead 1 iy_dead 1 f_dead 1
   0F36 3E FF         [ 7] 3673 	ld	a, #0xff
   0F38 F5            [11] 3674 	push	af
   0F39 33            [ 6] 3675 	inc	sp
                           3676 ;	genSend
                           3677 ;	genMove_o size 2 result type 2 source type 7 a_dead 1 hl_dead 1 de_dead 1 iy_dead 1 f_dead 1
   0F3A 21r18s00      [10] 3678 	ld	hl, #_bit_test_6_volatileBits_10000_34
                           3679 ;	genCall
   0F3D CDr3As00      [17] 3680 	call	_bits_set_value
                           3681 ;cases/bitfields-bits1/bitfields-bits1_preBits_16_pattern_0_varType_4.c:433: volatileBits.bitToTest ^= 1;
                           3682 ;	genAddrOf
   0F40 01r1As00      [10] 3683 	ld	bc, #_bit_test_6_volatileBits_10000_34+2
                           3684 ;	skipping iCode since result will be rematerialized
                           3685 ;	genPointerGet
   0F43 3Ar1As00      [13] 3686 	ld	a, (#(_bit_test_6_volatileBits_10000_34 + 2) + 0)
   0F46 07            [ 4] 3687 	rlca
   0F47 07            [ 4] 3688 	rlca
   0F48 E6 01         [ 7] 3689 	and	a, #0x01
                           3690 ;	genXor
   0F4A EE 01         [ 7] 3691 	xor	a, #0x01
                           3692 ;	genMove_o size 1 result type 2 source type 2 a_dead 1 hl_dead 1 de_dead 1 iy_dead 1 f_dead 1
                           3693 ;	genPointerSet
   0F4C 0F            [ 4] 3694 	rrca
   0F4D 0F            [ 4] 3695 	rrca
   0F4E E6 40         [ 7] 3696 	and	a, #0x40
   0F50 5F            [ 4] 3697 	ld	e, a
   0F51 0A            [ 7] 3698 	ld	a, (bc)
   0F52 E6 BF         [ 7] 3699 	and	a, #0xbf
   0F54 B3            [ 4] 3700 	or	a, e
   0F55 02            [ 7] 3701 	ld	(bc), a
                           3702 ;cases/bitfields-bits1/bitfields-bits1_preBits_16_pattern_0_varType_4.c:435: ASSERT(bits_check_value(&volatileBits, ~(1 << BIT_TO_TEST)));
                           3703 ;	genPlus
                           3704 ;	genMove_o size 2 result type 2 source type 10 a_dead 1 hl_dead 1 de_dead 1 iy_dead 1 f_dead 1
   0F56 2Ar00s00      [16] 3705 	ld	hl, (___numTests)
   0F59 23            [ 6] 3706 	inc	hl
                           3707 ;	genMove_o size 2 result type 10 source type 2 a_dead 1 hl_dead 1 de_dead 1 iy_dead 1 f_dead 1
   0F5A 22r00s00      [16] 3708 	ld	(___numTests), hl
                           3709 ;	skipping iCode since result will be rematerialized
                           3710 ;	skipping iCode since result will be rematerialized
                           3711 ;	genIpush
                           3712 ;	genMove_o size 1 result type 2 source type 1 a_dead 1 hl_dead 1 de_dead 1 iy_dead 1 f_dead 1
   0F5D 3E BF         [ 7] 3713 	ld	a, #0xbf
   0F5F F5            [11] 3714 	push	af
   0F60 33            [ 6] 3715 	inc	sp
                           3716 ;	genSend
                           3717 ;	genMove_o size 2 result type 2 source type 7 a_dead 1 hl_dead 1 de_dead 1 iy_dead 1 f_dead 1
   0F61 21r18s00      [10] 3718 	ld	hl, #_bit_test_6_volatileBits_10000_34
                           3719 ;	genCall
   0F64 CDr01s00      [17] 3720 	call	_bits_check_value
                           3721 ;	genMove_o size 2 result type 2 source type 2 a_dead 1 hl_dead 1 de_dead 1 iy_dead 1 f_dead 1
                           3722 ;	genIfx
   0F67 7A            [ 4] 3723 	ld	a, d
   0F68 B3            [ 4] 3724 	or	a, e
   0F69 C0            [11] 3725 	ret	nz
                           3726 ; common peephole 161 replaced jump by return.
                           3727 ;	skipping iCode since result will be rematerialized
                           3728 ;	skipping iCode since result will be rematerialized
                           3729 ;	skipping iCode since result will be rematerialized
                           3730 ;	skipping iCode since result will be rematerialized
                           3731 ;	skipping iCode since result will be rematerialized
                           3732 ;	skipping iCode since result will be rematerialized
                           3733 ;	genIpush
                           3734 ;	genMove_o size 2 result type 2 source type 1 a_dead 1 hl_dead 1 de_dead 1 iy_dead 1 f_dead 1
   0F6A 21 B3 01      [10] 3735 	ld	hl, #0x01b3
   0F6D E5            [11] 3736 	push	hl
                           3737 ;	genIpush
                           3738 ;	genMove_o size 2 result type 2 source type 7 a_dead 1 hl_dead 1 de_dead 1 iy_dead 1 f_dead 1
   0F6E 21rBFs0F      [10] 3739 	ld	hl, #___str_26
   0F71 E5            [11] 3740 	push	hl
                           3741 ;	genSend
                           3742 ;	genMove_o size 2 result type 2 source type 7 a_dead 1 hl_dead 1 de_dead 1 iy_dead 1 f_dead 1
   0F72 11r06s10      [10] 3743 	ld	de, #___str_27
                           3744 ;	genSend
                           3745 ;	genMove_o size 2 result type 2 source type 7 a_dead 1 hl_dead 1 de_dead 0 iy_dead 1 f_dead 1
   0F75 21r7Cs0F      [10] 3746 	ld	hl, #___str_24
                           3747 ;	genCall
   0F78 CDr00s00      [17] 3748 	call	___fail
                           3749 ;	genLabel
                           3750 ; common peephole 159 removed unused label 00101$.
                           3751 ;cases/bitfields-bits1/bitfields-bits1_preBits_16_pattern_0_varType_4.c:436: }
                           3752 ;	genEndFunction
   0F7B C9            [10] 3753 	ret
                           3754 ;	Total bit_test_6 function size at codegen: 13 bytes.
   0F7C                    3755 ___str_24:
   0F7C 41 73 73 65 72 74  3756 	.ascii "Assertion failed"
        69 6F 6E 20 66 61
        69 6C 65 64
   0F8C 00                 3757 	.db 0x00
   0F8D                    3758 ___str_25:
   0F8D 62 69 74 73 5F 63  3759 	.ascii "bits_check_value(&volatileBits, 1 << BIT_TO_TEST)"
        68 65 63 6B 5F 76
        61 6C 75 65 28 26
        76 6F 6C 61 74 69
        6C 65 42 69 74 73
        2C 20 31 20 3C 3C
        20 42 49 54 5F 54
        4F 5F 54 45 53 54
        29
   0FBE 00                 3760 	.db 0x00
   0FBF                    3761 ___str_26:
   0FBF 63 61 73 65 73 2F  3762 	.ascii "cases/bitfields-bits1/bitfields-bits1_preBits_16_pattern_0_v"
        62 69 74 66 69 65
        6C 64 73 2D 62 69
        74 73 31 2F 62 69
        74 66 69 65 6C 64
        73 2D 62 69 74 73
        31 5F 70 72 65 42
        69 74 73 5F 31 36
        5F 70 61 74 74 65
        72 6E 5F 30 5F 76
   0FFB 61 72 54 79 70 65  3763 	.ascii "arType_4.c"
        5F 34 2E 63
   1005 00                 3764 	.db 0x00
   1006                    3765 ___str_27:
   1006 62 69 74 73 5F 63  3766 	.ascii "bits_check_value(&volatileBits, ~(1 << BIT_TO_TEST))"
        68 65 63 6B 5F 76
        61 6C 75 65 28 26
        76 6F 6C 61 74 69
        6C 65 42 69 74 73
        2C 20 7E 28 31 20
        3C 3C 20 42 49 54
        5F 54 4F 5F 54 45
        53 54 29 29
   103A 00                 3767 	.db 0x00
                           3768 ;cases/bitfields-bits1/bitfields-bits1_preBits_16_pattern_0_varType_4.c:439: bit_test_7(void)
                           3769 ;	genLabel
                           3770 ;	genFunction
                           3771 ;	---------------------------------
                           3772 ; Function bit_test_7
                           3773 ; ---------------------------------
                           3774 ;	Register assignment might be sub-optimal.
                           3775 ; Stack space usage: 0 bytes.
   103B                    3776 _bit_test_7::
                           3777 ;cases/bitfields-bits1/bitfields-bits1_preBits_16_pattern_0_varType_4.c:446: bits_set_value(&volatileBits, 0x00);
                           3778 ;	skipping iCode since result will be rematerialized
                           3779 ;	skipping iCode since result will be rematerialized
                           3780 ;	genIpush
                           3781 ;	genMove_o size 1 result type 2 source type 1 a_dead 1 hl_dead 1 de_dead 1 iy_dead 1 f_dead 1
   103B AF            [ 4] 3782 	xor	a, a
   103C F5            [11] 3783 	push	af
   103D 33            [ 6] 3784 	inc	sp
                           3785 ;	genSend
                           3786 ;	genMove_o size 2 result type 2 source type 7 a_dead 1 hl_dead 1 de_dead 1 iy_dead 1 f_dead 1
   103E 21r1Cs00      [10] 3787 	ld	hl, #_bit_test_7_volatileBits_10000_36
                           3788 ;	genCall
   1041 CDr3As00      [17] 3789 	call	_bits_set_value
                           3790 ;cases/bitfields-bits1/bitfields-bits1_preBits_16_pattern_0_varType_4.c:447: volatileBits.bitToTest = 1;
                           3791 ;	skipping iCode since result will be rematerialized
                           3792 ;	genPointerSet
                           3793 ;	genMove_o size 2 result type 2 source type 7 a_dead 1 hl_dead 1 de_dead 1 iy_dead 1 f_dead 1
   1044 21r1Es00      [10] 3794 	ld	hl, #(_bit_test_7_volatileBits_10000_36 + 2)
   1047 CB FE         [15] 3795 	set	7, (hl)
                           3796 ;cases/bitfields-bits1/bitfields-bits1_preBits_16_pattern_0_varType_4.c:449: ASSERT(bits_check_value(&volatileBits,   1 << BIT_TO_TEST));
                           3797 ;	genPlus
                           3798 ;	genMove_o size 2 result type 2 source type 10 a_dead 1 hl_dead 1 de_dead 1 iy_dead 1 f_dead 1
   1049 2Ar00s00      [16] 3799 	ld	hl, (___numTests)
   104C 23            [ 6] 3800 	inc	hl
                           3801 ;	genMove_o size 2 result type 10 source type 2 a_dead 1 hl_dead 1 de_dead 1 iy_dead 1 f_dead 1
   104D 22r00s00      [16] 3802 	ld	(___numTests), hl
                           3803 ;	skipping iCode since result will be rematerialized
                           3804 ;	skipping iCode since result will be rematerialized
                           3805 ;	genIpush
                           3806 ;	genMove_o size 1 result type 2 source type 1 a_dead 1 hl_dead 1 de_dead 1 iy_dead 1 f_dead 1
   1050 3E 80         [ 7] 3807 	ld	a, #0x80
   1052 F5            [11] 3808 	push	af
   1053 33            [ 6] 3809 	inc	sp
                           3810 ;	genSend
                           3811 ;	genMove_o size 2 result type 2 source type 7 a_dead 1 hl_dead 1 de_dead 1 iy_dead 1 f_dead 1
   1054 21r1Cs00      [10] 3812 	ld	hl, #_bit_test_7_volatileBits_10000_36
                           3813 ;	genCall
   1057 CDr01s00      [17] 3814 	call	_bits_check_value
                           3815 ;	genMove_o size 2 result type 2 source type 2 a_dead 1 hl_dead 1 de_dead 1 iy_dead 1 f_dead 1
                           3816 ;	genIfx
   105A 7A            [ 4] 3817 	ld	a, d
   105B B3            [ 4] 3818 	or	a, e
                           3819 ; common peephole 163 changed absolute to relative conditional jump.
   105C 20 11         [12] 3820 	jr	nz, 00104$
                           3821 ;	skipping iCode since result will be rematerialized
                           3822 ;	skipping iCode since result will be rematerialized
                           3823 ;	skipping iCode since result will be rematerialized
                           3824 ;	skipping iCode since result will be rematerialized
                           3825 ;	skipping iCode since result will be rematerialized
                           3826 ;	skipping iCode since result will be rematerialized
                           3827 ;	genIpush
                           3828 ;	genMove_o size 2 result type 2 source type 1 a_dead 1 hl_dead 1 de_dead 1 iy_dead 1 f_dead 1
   105E 21 C1 01      [10] 3829 	ld	hl, #0x01c1
   1061 E5            [11] 3830 	push	hl
                           3831 ;	genIpush
                           3832 ;	genMove_o size 2 result type 2 source type 7 a_dead 1 hl_dead 1 de_dead 1 iy_dead 1 f_dead 1
   1062 21rFBs11      [10] 3833 	ld	hl, #___str_30
   1065 E5            [11] 3834 	push	hl
                           3835 ;	genSend
                           3836 ;	genMove_o size 2 result type 2 source type 7 a_dead 1 hl_dead 1 de_dead 1 iy_dead 1 f_dead 1
   1066 11rC9s11      [10] 3837 	ld	de, #___str_29
                           3838 ;	genSend
                           3839 ;	genMove_o size 2 result type 2 source type 7 a_dead 1 hl_dead 1 de_dead 0 iy_dead 1 f_dead 1
   1069 21rB8s11      [10] 3840 	ld	hl, #___str_28
                           3841 ;	genCall
   106C CDr00s00      [17] 3842 	call	___fail
                           3843 ;	genLabel
   106F                    3844 00104$:
                           3845 ;cases/bitfields-bits1/bitfields-bits1_preBits_16_pattern_0_varType_4.c:451: bits_set_value(&volatileBits, 0xFF);
                           3846 ;	skipping iCode since result will be rematerialized
                           3847 ;	skipping iCode since result will be rematerialized
                           3848 ;	genIpush
                           3849 ;	genMove_o size 1 result type 2 source type 1 a_dead 1 hl_dead 1 de_dead 1 iy_dead 1 f_dead 1
   106F 3E FF         [ 7] 3850 	ld	a, #0xff
   1071 F5            [11] 3851 	push	af
   1072 33            [ 6] 3852 	inc	sp
                           3853 ;	genSend
                           3854 ;	genMove_o size 2 result type 2 source type 7 a_dead 1 hl_dead 1 de_dead 1 iy_dead 1 f_dead 1
   1073 21r1Cs00      [10] 3855 	ld	hl, #_bit_test_7_volatileBits_10000_36
                           3856 ;	genCall
   1076 CDr3As00      [17] 3857 	call	_bits_set_value
                           3858 ;cases/bitfields-bits1/bitfields-bits1_preBits_16_pattern_0_varType_4.c:452: volatileBits.bitToTest = 0;
                           3859 ;	skipping iCode since result will be rematerialized
                           3860 ;	genPointerSet
                           3861 ;	genMove_o size 2 result type 2 source type 7 a_dead 1 hl_dead 1 de_dead 1 iy_dead 1 f_dead 1
   1079 21r1Es00      [10] 3862 	ld	hl, #(_bit_test_7_volatileBits_10000_36 + 2)
   107C CB BE         [15] 3863 	res	7, (hl)
                           3864 ;cases/bitfields-bits1/bitfields-bits1_preBits_16_pattern_0_varType_4.c:454: ASSERT(bits_check_value(&volatileBits, ~(1 << BIT_TO_TEST)));
                           3865 ;	genPlus
                           3866 ;	genMove_o size 2 result type 2 source type 10 a_dead 1 hl_dead 1 de_dead 1 iy_dead 1 f_dead 1
   107E 2Ar00s00      [16] 3867 	ld	hl, (___numTests)
   1081 23            [ 6] 3868 	inc	hl
                           3869 ;	genMove_o size 2 result type 10 source type 2 a_dead 1 hl_dead 1 de_dead 1 iy_dead 1 f_dead 1
   1082 22r00s00      [16] 3870 	ld	(___numTests), hl
                           3871 ;	skipping iCode since result will be rematerialized
                           3872 ;	skipping iCode since result will be rematerialized
                           3873 ;	genIpush
                           3874 ;	genMove_o size 1 result type 2 source type 1 a_dead 1 hl_dead 1 de_dead 1 iy_dead 1 f_dead 1
   1085 3E 7F         [ 7] 3875 	ld	a, #0x7f
   1087 F5            [11] 3876 	push	af
   1088 33            [ 6] 3877 	inc	sp
                           3878 ;	genSend
                           3879 ;	genMove_o size 2 result type 2 source type 7 a_dead 1 hl_dead 1 de_dead 1 iy_dead 1 f_dead 1
   1089 21r1Cs00      [10] 3880 	ld	hl, #_bit_test_7_volatileBits_10000_36
                           3881 ;	genCall
   108C CDr01s00      [17] 3882 	call	_bits_check_value
                           3883 ;	genMove_o size 2 result type 2 source type 2 a_dead 1 hl_dead 1 de_dead 1 iy_dead 1 f_dead 1
                           3884 ;	genIfx
   108F 7A            [ 4] 3885 	ld	a, d
   1090 B3            [ 4] 3886 	or	a, e
                           3887 ; common peephole 163 changed absolute to relative conditional jump.
   1091 20 11         [12] 3888 	jr	nz, 00106$
                           3889 ;	skipping iCode since result will be rematerialized
                           3890 ;	skipping iCode since result will be rematerialized
                           3891 ;	skipping iCode since result will be rematerialized
                           3892 ;	skipping iCode since result will be rematerialized
                           3893 ;	skipping iCode since result will be rematerialized
                           3894 ;	skipping iCode since result will be rematerialized
                           3895 ;	genIpush
                           3896 ;	genMove_o size 2 result type 2 source type 1 a_dead 1 hl_dead 1 de_dead 1 iy_dead 1 f_dead 1
   1093 21 C6 01      [10] 3897 	ld	hl, #0x01c6
   1096 E5            [11] 3898 	push	hl
                           3899 ;	genIpush
                           3900 ;	genMove_o size 2 result type 2 source type 7 a_dead 1 hl_dead 1 de_dead 1 iy_dead 1 f_dead 1
   1097 21rFBs11      [10] 3901 	ld	hl, #___str_30
   109A E5            [11] 3902 	push	hl
                           3903 ;	genSend
                           3904 ;	genMove_o size 2 result type 2 source type 7 a_dead 1 hl_dead 1 de_dead 1 iy_dead 1 f_dead 1
   109B 11r42s12      [10] 3905 	ld	de, #___str_31
                           3906 ;	genSend
                           3907 ;	genMove_o size 2 result type 2 source type 7 a_dead 1 hl_dead 1 de_dead 0 iy_dead 1 f_dead 1
   109E 21rB8s11      [10] 3908 	ld	hl, #___str_28
                           3909 ;	genCall
   10A1 CDr00s00      [17] 3910 	call	___fail
                           3911 ;	genLabel
   10A4                    3912 00106$:
                           3913 ;cases/bitfields-bits1/bitfields-bits1_preBits_16_pattern_0_varType_4.c:456: bits_set_value(&volatileBits, 0x00);
                           3914 ;	skipping iCode since result will be rematerialized
                           3915 ;	skipping iCode since result will be rematerialized
                           3916 ;	genIpush
                           3917 ;	genMove_o size 1 result type 2 source type 1 a_dead 1 hl_dead 1 de_dead 1 iy_dead 1 f_dead 1
   10A4 AF            [ 4] 3918 	xor	a, a
   10A5 F5            [11] 3919 	push	af
   10A6 33            [ 6] 3920 	inc	sp
                           3921 ;	genSend
                           3922 ;	genMove_o size 2 result type 2 source type 7 a_dead 1 hl_dead 1 de_dead 1 iy_dead 1 f_dead 1
   10A7 21r1Cs00      [10] 3923 	ld	hl, #_bit_test_7_volatileBits_10000_36
                           3924 ;	genCall
   10AA CDr3As00      [17] 3925 	call	_bits_set_value
                           3926 ;cases/bitfields-bits1/bitfields-bits1_preBits_16_pattern_0_varType_4.c:457: volatileBits.bitToTest = ! volatileBits.bitToTest;
                           3927 ;	genAddrOf
   10AD 01r1Es00      [10] 3928 	ld	bc, #_bit_test_7_volatileBits_10000_36+2
                           3929 ;	skipping iCode since result will be rematerialized
                           3930 ;	genPointerGet
   10B0 3Ar1Es00      [13] 3931 	ld	a, (#(_bit_test_7_volatileBits_10000_36 + 2) + 0)
   10B3 07            [ 4] 3932 	rlca
   10B4 E6 01         [ 7] 3933 	and	a, #0x01
                           3934 ;	genNot
   10B6 D6 01         [ 7] 3935 	sub	a, #0x01
   10B8 3E 00         [ 7] 3936 	ld	a, #0x00
   10BA 17            [ 4] 3937 	rla
                           3938 ;	genMove_o size 0 result type 2 source type 1 a_dead 1 hl_dead 0 de_dead 0 iy_dead 1 f_dead 1
                           3939 ;	genCast
                           3940 ;	(locations are the same)
                           3941 ;	genPointerSet
   10BB 0F            [ 4] 3942 	rrca
   10BC E6 80         [ 7] 3943 	and	a, #0x80
   10BE 5F            [ 4] 3944 	ld	e, a
   10BF 0A            [ 7] 3945 	ld	a, (bc)
   10C0 E6 7F         [ 7] 3946 	and	a, #0x7f
   10C2 B3            [ 4] 3947 	or	a, e
   10C3 02            [ 7] 3948 	ld	(bc), a
                           3949 ;cases/bitfields-bits1/bitfields-bits1_preBits_16_pattern_0_varType_4.c:459: ASSERT(bits_check_value(&volatileBits,   1 << BIT_TO_TEST));
                           3950 ;	genPlus
                           3951 ;	genMove_o size 2 result type 2 source type 10 a_dead 1 hl_dead 1 de_dead 1 iy_dead 1 f_dead 1
   10C4 2Ar00s00      [16] 3952 	ld	hl, (___numTests)
   10C7 23            [ 6] 3953 	inc	hl
                           3954 ;	genMove_o size 2 result type 10 source type 2 a_dead 1 hl_dead 1 de_dead 1 iy_dead 1 f_dead 1
   10C8 22r00s00      [16] 3955 	ld	(___numTests), hl
                           3956 ;	skipping iCode since result will be rematerialized
                           3957 ;	skipping iCode since result will be rematerialized
                           3958 ;	genIpush
                           3959 ;	genMove_o size 1 result type 2 source type 1 a_dead 1 hl_dead 1 de_dead 1 iy_dead 1 f_dead 1
   10CB 3E 80         [ 7] 3960 	ld	a, #0x80
   10CD F5            [11] 3961 	push	af
   10CE 33            [ 6] 3962 	inc	sp
                           3963 ;	genSend
                           3964 ;	genMove_o size 2 result type 2 source type 7 a_dead 1 hl_dead 1 de_dead 1 iy_dead 1 f_dead 1
   10CF 21r1Cs00      [10] 3965 	ld	hl, #_bit_test_7_volatileBits_10000_36
                           3966 ;	genCall
   10D2 CDr01s00      [17] 3967 	call	_bits_check_value
                           3968 ;	genMove_o size 2 result type 2 source type 2 a_dead 1 hl_dead 1 de_dead 1 iy_dead 1 f_dead 1
                           3969 ;	genIfx
   10D5 7A            [ 4] 3970 	ld	a, d
   10D6 B3            [ 4] 3971 	or	a, e
                           3972 ; common peephole 163 changed absolute to relative conditional jump.
   10D7 20 11         [12] 3973 	jr	nz, 00108$
                           3974 ;	skipping iCode since result will be rematerialized
                           3975 ;	skipping iCode since result will be rematerialized
                           3976 ;	skipping iCode since result will be rematerialized
                           3977 ;	skipping iCode since result will be rematerialized
                           3978 ;	skipping iCode since result will be rematerialized
                           3979 ;	skipping iCode since result will be rematerialized
                           3980 ;	genIpush
                           3981 ;	genMove_o size 2 result type 2 source type 1 a_dead 1 hl_dead 1 de_dead 1 iy_dead 1 f_dead 1
   10D9 21 CB 01      [10] 3982 	ld	hl, #0x01cb
   10DC E5            [11] 3983 	push	hl
                           3984 ;	genIpush
                           3985 ;	genMove_o size 2 result type 2 source type 7 a_dead 1 hl_dead 1 de_dead 1 iy_dead 1 f_dead 1
   10DD 21rFBs11      [10] 3986 	ld	hl, #___str_30
   10E0 E5            [11] 3987 	push	hl
                           3988 ;	genSend
                           3989 ;	genMove_o size 2 result type 2 source type 7 a_dead 1 hl_dead 1 de_dead 1 iy_dead 1 f_dead 1
   10E1 11rC9s11      [10] 3990 	ld	de, #___str_29
                           3991 ;	genSend
                           3992 ;	genMove_o size 2 result type 2 source type 7 a_dead 1 hl_dead 1 de_dead 0 iy_dead 1 f_dead 1
   10E4 21rB8s11      [10] 3993 	ld	hl, #___str_28
                           3994 ;	genCall
   10E7 CDr00s00      [17] 3995 	call	___fail
                           3996 ;	genLabel
   10EA                    3997 00108$:
                           3998 ;cases/bitfields-bits1/bitfields-bits1_preBits_16_pattern_0_varType_4.c:461: bits_set_value(&volatileBits, 0xFF);
                           3999 ;	skipping iCode since result will be rematerialized
                           4000 ;	skipping iCode since result will be rematerialized
                           4001 ;	genIpush
                           4002 ;	genMove_o size 1 result type 2 source type 1 a_dead 1 hl_dead 1 de_dead 1 iy_dead 1 f_dead 1
   10EA 3E FF         [ 7] 4003 	ld	a, #0xff
   10EC F5            [11] 4004 	push	af
   10ED 33            [ 6] 4005 	inc	sp
                           4006 ;	genSend
                           4007 ;	genMove_o size 2 result type 2 source type 7 a_dead 1 hl_dead 1 de_dead 1 iy_dead 1 f_dead 1
   10EE 21r1Cs00      [10] 4008 	ld	hl, #_bit_test_7_volatileBits_10000_36
                           4009 ;	genCall
   10F1 CDr3As00      [17] 4010 	call	_bits_set_value
                           4011 ;cases/bitfields-bits1/bitfields-bits1_preBits_16_pattern_0_varType_4.c:462: volatileBits.bitToTest = ! volatileBits.bitToTest;
                           4012 ;	genAddrOf
   10F4 01r1Es00      [10] 4013 	ld	bc, #_bit_test_7_volatileBits_10000_36+2
                           4014 ;	skipping iCode since result will be rematerialized
                           4015 ;	genPointerGet
   10F7 3Ar1Es00      [13] 4016 	ld	a, (#(_bit_test_7_volatileBits_10000_36 + 2) + 0)
   10FA 07            [ 4] 4017 	rlca
   10FB E6 01         [ 7] 4018 	and	a, #0x01
                           4019 ;	genNot
   10FD D6 01         [ 7] 4020 	sub	a, #0x01
   10FF 3E 00         [ 7] 4021 	ld	a, #0x00
   1101 17            [ 4] 4022 	rla
                           4023 ;	genMove_o size 0 result type 2 source type 1 a_dead 1 hl_dead 0 de_dead 0 iy_dead 1 f_dead 1
                           4024 ;	genCast
                           4025 ;	(locations are the same)
                           4026 ;	genPointerSet
   1102 0F            [ 4] 4027 	rrca
   1103 E6 80         [ 7] 4028 	and	a, #0x80
   1105 5F            [ 4] 4029 	ld	e, a
   1106 0A            [ 7] 4030 	ld	a, (bc)
   1107 E6 7F         [ 7] 4031 	and	a, #0x7f
   1109 B3            [ 4] 4032 	or	a, e
   110A 02            [ 7] 4033 	ld	(bc), a
                           4034 ;cases/bitfields-bits1/bitfields-bits1_preBits_16_pattern_0_varType_4.c:464: ASSERT(bits_check_value(&volatileBits, ~(1 << BIT_TO_TEST)));
                           4035 ;	genPlus
                           4036 ;	genMove_o size 2 result type 2 source type 10 a_dead 1 hl_dead 1 de_dead 1 iy_dead 1 f_dead 1
   110B 2Ar00s00      [16] 4037 	ld	hl, (___numTests)
   110E 23            [ 6] 4038 	inc	hl
                           4039 ;	genMove_o size 2 result type 10 source type 2 a_dead 1 hl_dead 1 de_dead 1 iy_dead 1 f_dead 1
   110F 22r00s00      [16] 4040 	ld	(___numTests), hl
                           4041 ;	skipping iCode since result will be rematerialized
                           4042 ;	skipping iCode since result will be rematerialized
                           4043 ;	genIpush
                           4044 ;	genMove_o size 1 result type 2 source type 1 a_dead 1 hl_dead 1 de_dead 1 iy_dead 1 f_dead 1
   1112 3E 7F         [ 7] 4045 	ld	a, #0x7f
   1114 F5            [11] 4046 	push	af
   1115 33            [ 6] 4047 	inc	sp
                           4048 ;	genSend
                           4049 ;	genMove_o size 2 result type 2 source type 7 a_dead 1 hl_dead 1 de_dead 1 iy_dead 1 f_dead 1
   1116 21r1Cs00      [10] 4050 	ld	hl, #_bit_test_7_volatileBits_10000_36
                           4051 ;	genCall
   1119 CDr01s00      [17] 4052 	call	_bits_check_value
                           4053 ;	genMove_o size 2 result type 2 source type 2 a_dead 1 hl_dead 1 de_dead 1 iy_dead 1 f_dead 1
                           4054 ;	genIfx
   111C 7A            [ 4] 4055 	ld	a, d
   111D B3            [ 4] 4056 	or	a, e
                           4057 ; common peephole 163 changed absolute to relative conditional jump.
   111E 20 11         [12] 4058 	jr	nz, 00110$
                           4059 ;	skipping iCode since result will be rematerialized
                           4060 ;	skipping iCode since result will be rematerialized
                           4061 ;	skipping iCode since result will be rematerialized
                           4062 ;	skipping iCode since result will be rematerialized
                           4063 ;	skipping iCode since result will be rematerialized
                           4064 ;	skipping iCode since result will be rematerialized
                           4065 ;	genIpush
                           4066 ;	genMove_o size 2 result type 2 source type 1 a_dead 1 hl_dead 1 de_dead 1 iy_dead 1 f_dead 1
   1120 21 D0 01      [10] 4067 	ld	hl, #0x01d0
   1123 E5            [11] 4068 	push	hl
                           4069 ;	genIpush
                           4070 ;	genMove_o size 2 result type 2 source type 7 a_dead 1 hl_dead 1 de_dead 1 iy_dead 1 f_dead 1
   1124 21rFBs11      [10] 4071 	ld	hl, #___str_30
   1127 E5            [11] 4072 	push	hl
                           4073 ;	genSend
                           4074 ;	genMove_o size 2 result type 2 source type 7 a_dead 1 hl_dead 1 de_dead 1 iy_dead 1 f_dead 1
   1128 11r42s12      [10] 4075 	ld	de, #___str_31
                           4076 ;	genSend
                           4077 ;	genMove_o size 2 result type 2 source type 7 a_dead 1 hl_dead 1 de_dead 0 iy_dead 1 f_dead 1
   112B 21rB8s11      [10] 4078 	ld	hl, #___str_28
                           4079 ;	genCall
   112E CDr00s00      [17] 4080 	call	___fail
                           4081 ;	genLabel
   1131                    4082 00110$:
                           4083 ;cases/bitfields-bits1/bitfields-bits1_preBits_16_pattern_0_varType_4.c:466: bits_set_value(&volatileBits, 0x00);
                           4084 ;	skipping iCode since result will be rematerialized
                           4085 ;	skipping iCode since result will be rematerialized
                           4086 ;	genIpush
                           4087 ;	genMove_o size 1 result type 2 source type 1 a_dead 1 hl_dead 1 de_dead 1 iy_dead 1 f_dead 1
   1131 AF            [ 4] 4088 	xor	a, a
   1132 F5            [11] 4089 	push	af
   1133 33            [ 6] 4090 	inc	sp
                           4091 ;	genSend
                           4092 ;	genMove_o size 2 result type 2 source type 7 a_dead 1 hl_dead 1 de_dead 1 iy_dead 1 f_dead 1
   1134 21r1Cs00      [10] 4093 	ld	hl, #_bit_test_7_volatileBits_10000_36
                           4094 ;	genCall
   1137 CDr3As00      [17] 4095 	call	_bits_set_value
                           4096 ;cases/bitfields-bits1/bitfields-bits1_preBits_16_pattern_0_varType_4.c:467: volatileBits.bitToTest ^= 1;
                           4097 ;	genAddrOf
   113A 01r1Es00      [10] 4098 	ld	bc, #_bit_test_7_volatileBits_10000_36+2
                           4099 ;	skipping iCode since result will be rematerialized
                           4100 ;	genPointerGet
   113D 3Ar1Es00      [13] 4101 	ld	a, (#(_bit_test_7_volatileBits_10000_36 + 2) + 0)
   1140 07            [ 4] 4102 	rlca
   1141 E6 01         [ 7] 4103 	and	a, #0x01
                           4104 ;	genXor
   1143 EE 01         [ 7] 4105 	xor	a, #0x01
                           4106 ;	genMove_o size 1 result type 2 source type 2 a_dead 1 hl_dead 1 de_dead 1 iy_dead 1 f_dead 1
                           4107 ;	genPointerSet
   1145 0F            [ 4] 4108 	rrca
   1146 E6 80         [ 7] 4109 	and	a, #0x80
   1148 5F            [ 4] 4110 	ld	e, a
   1149 0A            [ 7] 4111 	ld	a, (bc)
   114A E6 7F         [ 7] 4112 	and	a, #0x7f
   114C B3            [ 4] 4113 	or	a, e
   114D 02            [ 7] 4114 	ld	(bc), a
                           4115 ;cases/bitfields-bits1/bitfields-bits1_preBits_16_pattern_0_varType_4.c:469: ASSERT(bits_check_value(&volatileBits,   1 << BIT_TO_TEST));
                           4116 ;	genPlus
                           4117 ;	genMove_o size 2 result type 2 source type 10 a_dead 1 hl_dead 1 de_dead 1 iy_dead 1 f_dead 1
   114E 2Ar00s00      [16] 4118 	ld	hl, (___numTests)
   1151 23            [ 6] 4119 	inc	hl
                           4120 ;	genMove_o size 2 result type 10 source type 2 a_dead 1 hl_dead 1 de_dead 1 iy_dead 1 f_dead 1
   1152 22r00s00      [16] 4121 	ld	(___numTests), hl
                           4122 ;	skipping iCode since result will be rematerialized
                           4123 ;	skipping iCode since result will be rematerialized
                           4124 ;	genIpush
                           4125 ;	genMove_o size 1 result type 2 source type 1 a_dead 1 hl_dead 1 de_dead 1 iy_dead 1 f_dead 1
   1155 3E 80         [ 7] 4126 	ld	a, #0x80
   1157 F5            [11] 4127 	push	af
   1158 33            [ 6] 4128 	inc	sp
                           4129 ;	genSend
                           4130 ;	genMove_o size 2 result type 2 source type 7 a_dead 1 hl_dead 1 de_dead 1 iy_dead 1 f_dead 1
   1159 21r1Cs00      [10] 4131 	ld	hl, #_bit_test_7_volatileBits_10000_36
                           4132 ;	genCall
   115C CDr01s00      [17] 4133 	call	_bits_check_value
                           4134 ;	genMove_o size 2 result type 2 source type 2 a_dead 1 hl_dead 1 de_dead 1 iy_dead 1 f_dead 1
                           4135 ;	genIfx
   115F 7A            [ 4] 4136 	ld	a, d
   1160 B3            [ 4] 4137 	or	a, e
                           4138 ; common peephole 163 changed absolute to relative conditional jump.
   1161 20 11         [12] 4139 	jr	nz, 00112$
                           4140 ;	skipping iCode since result will be rematerialized
                           4141 ;	skipping iCode since result will be rematerialized
                           4142 ;	skipping iCode since result will be rematerialized
                           4143 ;	skipping iCode since result will be rematerialized
                           4144 ;	skipping iCode since result will be rematerialized
                           4145 ;	skipping iCode since result will be rematerialized
                           4146 ;	genIpush
                           4147 ;	genMove_o size 2 result type 2 source type 1 a_dead 1 hl_dead 1 de_dead 1 iy_dead 1 f_dead 1
   1163 21 D5 01      [10] 4148 	ld	hl, #0x01d5
   1166 E5            [11] 4149 	push	hl
                           4150 ;	genIpush
                           4151 ;	genMove_o size 2 result type 2 source type 7 a_dead 1 hl_dead 1 de_dead 1 iy_dead 1 f_dead 1
   1167 21rFBs11      [10] 4152 	ld	hl, #___str_30
   116A E5            [11] 4153 	push	hl
                           4154 ;	genSend
                           4155 ;	genMove_o size 2 result type 2 source type 7 a_dead 1 hl_dead 1 de_dead 1 iy_dead 1 f_dead 1
   116B 11rC9s11      [10] 4156 	ld	de, #___str_29
                           4157 ;	genSend
                           4158 ;	genMove_o size 2 result type 2 source type 7 a_dead 1 hl_dead 1 de_dead 0 iy_dead 1 f_dead 1
   116E 21rB8s11      [10] 4159 	ld	hl, #___str_28
                           4160 ;	genCall
   1171 CDr00s00      [17] 4161 	call	___fail
                           4162 ;	genLabel
   1174                    4163 00112$:
                           4164 ;cases/bitfields-bits1/bitfields-bits1_preBits_16_pattern_0_varType_4.c:471: bits_set_value(&volatileBits, 0xFF);
                           4165 ;	skipping iCode since result will be rematerialized
                           4166 ;	skipping iCode since result will be rematerialized
                           4167 ;	genIpush
                           4168 ;	genMove_o size 1 result type 2 source type 1 a_dead 1 hl_dead 1 de_dead 1 iy_dead 1 f_dead 1
   1174 3E FF         [ 7] 4169 	ld	a, #0xff
   1176 F5            [11] 4170 	push	af
   1177 33            [ 6] 4171 	inc	sp
                           4172 ;	genSend
                           4173 ;	genMove_o size 2 result type 2 source type 7 a_dead 1 hl_dead 1 de_dead 1 iy_dead 1 f_dead 1
   1178 21r1Cs00      [10] 4174 	ld	hl, #_bit_test_7_volatileBits_10000_36
                           4175 ;	genCall
   117B CDr3As00      [17] 4176 	call	_bits_set_value
                           4177 ;cases/bitfields-bits1/bitfields-bits1_preBits_16_pattern_0_varType_4.c:472: volatileBits.bitToTest ^= 1;
                           4178 ;	genAddrOf
   117E 01r1Es00      [10] 4179 	ld	bc, #_bit_test_7_volatileBits_10000_36+2
                           4180 ;	skipping iCode since result will be rematerialized
                           4181 ;	genPointerGet
   1181 3Ar1Es00      [13] 4182 	ld	a, (#(_bit_test_7_volatileBits_10000_36 + 2) + 0)
   1184 07            [ 4] 4183 	rlca
   1185 E6 01         [ 7] 4184 	and	a, #0x01
                           4185 ;	genXor
   1187 EE 01         [ 7] 4186 	xor	a, #0x01
                           4187 ;	genMove_o size 1 result type 2 source type 2 a_dead 1 hl_dead 1 de_dead 1 iy_dead 1 f_dead 1
                           4188 ;	genPointerSet
   1189 0F            [ 4] 4189 	rrca
   118A E6 80         [ 7] 4190 	and	a, #0x80
   118C 5F            [ 4] 4191 	ld	e, a
   118D 0A            [ 7] 4192 	ld	a, (bc)
   118E E6 7F         [ 7] 4193 	and	a, #0x7f
   1190 B3            [ 4] 4194 	or	a, e
   1191 02            [ 7] 4195 	ld	(bc), a
                           4196 ;cases/bitfields-bits1/bitfields-bits1_preBits_16_pattern_0_varType_4.c:474: ASSERT(bits_check_value(&volatileBits, ~(1 << BIT_TO_TEST)));
                           4197 ;	genPlus
                           4198 ;	genMove_o size 2 result type 2 source type 10 a_dead 1 hl_dead 1 de_dead 1 iy_dead 1 f_dead 1
   1192 2Ar00s00      [16] 4199 	ld	hl, (___numTests)
   1195 23            [ 6] 4200 	inc	hl
                           4201 ;	genMove_o size 2 result type 10 source type 2 a_dead 1 hl_dead 1 de_dead 1 iy_dead 1 f_dead 1
   1196 22r00s00      [16] 4202 	ld	(___numTests), hl
                           4203 ;	skipping iCode since result will be rematerialized
                           4204 ;	skipping iCode since result will be rematerialized
                           4205 ;	genIpush
                           4206 ;	genMove_o size 1 result type 2 source type 1 a_dead 1 hl_dead 1 de_dead 1 iy_dead 1 f_dead 1
   1199 3E 7F         [ 7] 4207 	ld	a, #0x7f
   119B F5            [11] 4208 	push	af
   119C 33            [ 6] 4209 	inc	sp
                           4210 ;	genSend
                           4211 ;	genMove_o size 2 result type 2 source type 7 a_dead 1 hl_dead 1 de_dead 1 iy_dead 1 f_dead 1
   119D 21r1Cs00      [10] 4212 	ld	hl, #_bit_test_7_volatileBits_10000_36
                           4213 ;	genCall
   11A0 CDr01s00      [17] 4214 	call	_bits_check_value
                           4215 ;	genMove_o size 2 result type 2 source type 2 a_dead 1 hl_dead 1 de_dead 1 iy_dead 1 f_dead 1
                           4216 ;	genIfx
   11A3 7A            [ 4] 4217 	ld	a, d
   11A4 B3            [ 4] 4218 	or	a, e
   11A5 C0            [11] 4219 	ret	nz
                           4220 ; common peephole 161 replaced jump by return.
                           4221 ;	skipping iCode since result will be rematerialized
                           4222 ;	skipping iCode since result will be rematerialized
                           4223 ;	skipping iCode since result will be rematerialized
                           4224 ;	skipping iCode since result will be rematerialized
                           4225 ;	skipping iCode since result will be rematerialized
                           4226 ;	skipping iCode since result will be rematerialized
                           4227 ;	genIpush
                           4228 ;	genMove_o size 2 result type 2 source type 1 a_dead 1 hl_dead 1 de_dead 1 iy_dead 1 f_dead 1
   11A6 21 DA 01      [10] 4229 	ld	hl, #0x01da
   11A9 E5            [11] 4230 	push	hl
                           4231 ;	genIpush
                           4232 ;	genMove_o size 2 result type 2 source type 7 a_dead 1 hl_dead 1 de_dead 1 iy_dead 1 f_dead 1
   11AA 21rFBs11      [10] 4233 	ld	hl, #___str_30
   11AD E5            [11] 4234 	push	hl
                           4235 ;	genSend
                           4236 ;	genMove_o size 2 result type 2 source type 7 a_dead 1 hl_dead 1 de_dead 1 iy_dead 1 f_dead 1
   11AE 11r42s12      [10] 4237 	ld	de, #___str_31
                           4238 ;	genSend
                           4239 ;	genMove_o size 2 result type 2 source type 7 a_dead 1 hl_dead 1 de_dead 0 iy_dead 1 f_dead 1
   11B1 21rB8s11      [10] 4240 	ld	hl, #___str_28
                           4241 ;	genCall
   11B4 CDr00s00      [17] 4242 	call	___fail
                           4243 ;	genLabel
                           4244 ; common peephole 159 removed unused label 00101$.
                           4245 ;cases/bitfields-bits1/bitfields-bits1_preBits_16_pattern_0_varType_4.c:475: }
                           4246 ;	genEndFunction
   11B7 C9            [10] 4247 	ret
                           4248 ;	Total bit_test_7 function size at codegen: 13 bytes.
   11B8                    4249 ___str_28:
   11B8 41 73 73 65 72 74  4250 	.ascii "Assertion failed"
        69 6F 6E 20 66 61
        69 6C 65 64
   11C8 00                 4251 	.db 0x00
   11C9                    4252 ___str_29:
   11C9 62 69 74 73 5F 63  4253 	.ascii "bits_check_value(&volatileBits, 1 << BIT_TO_TEST)"
        68 65 63 6B 5F 76
        61 6C 75 65 28 26
        76 6F 6C 61 74 69
        6C 65 42 69 74 73
        2C 20 31 20 3C 3C
        20 42 49 54 5F 54
        4F 5F 54 45 53 54
        29
   11FA 00                 4254 	.db 0x00
   11FB                    4255 ___str_30:
   11FB 63 61 73 65 73 2F  4256 	.ascii "cases/bitfields-bits1/bitfields-bits1_preBits_16_pattern_0_v"
        62 69 74 66 69 65
        6C 64 73 2D 62 69
        74 73 31 2F 62 69
        74 66 69 65 6C 64
        73 2D 62 69 74 73
        31 5F 70 72 65 42
        69 74 73 5F 31 36
        5F 70 61 74 74 65
        72 6E 5F 30 5F 76
   1237 61 72 54 79 70 65  4257 	.ascii "arType_4.c"
        5F 34 2E 63
   1241 00                 4258 	.db 0x00
   1242                    4259 ___str_31:
   1242 62 69 74 73 5F 63  4260 	.ascii "bits_check_value(&volatileBits, ~(1 << BIT_TO_TEST))"
        68 65 63 6B 5F 76
        61 6C 75 65 28 26
        76 6F 6C 61 74 69
        6C 65 42 69 74 73
        2C 20 7E 28 31 20
        3C 3C 20 42 49 54
        5F 54 4F 5F 54 45
        53 54 29 29
   1276 00                 4261 	.db 0x00
                           4262 ;cases/bitfields-bits1/bitfields-bits1_preBits_16_pattern_0_varType_4.c:479: testBitfields(void)
                           4263 ;	genLabel
                           4264 ;	genFunction
                           4265 ;	---------------------------------
                           4266 ; Function testBitfields
                           4267 ; ---------------------------------
                           4268 ;	Register assignment is optimal.
                           4269 ; Stack space usage: 0 bytes.
   1277                    4270 _testBitfields:
                           4271 ;cases/bitfields-bits1/bitfields-bits1_preBits_16_pattern_0_varType_4.c:482: bit_test_0();
                           4272 ;	genCall
   1277 CDr57s00      [17] 4273 	call	_bit_test_0
                           4274 ;cases/bitfields-bits1/bitfields-bits1_preBits_16_pattern_0_varType_4.c:483: bit_test_1();
                           4275 ;	genCall
   127A CDr8Bs02      [17] 4276 	call	_bit_test_1
                           4277 ;cases/bitfields-bits1/bitfields-bits1_preBits_16_pattern_0_varType_4.c:484: bit_test_2();
                           4278 ;	genCall
   127D CDrC7s04      [17] 4279 	call	_bit_test_2
                           4280 ;cases/bitfields-bits1/bitfields-bits1_preBits_16_pattern_0_varType_4.c:485: bit_test_3();
                           4281 ;	genCall
   1280 CDr0Bs07      [17] 4282 	call	_bit_test_3
                           4283 ;cases/bitfields-bits1/bitfields-bits1_preBits_16_pattern_0_varType_4.c:487: bit_test_4();
                           4284 ;	genCall
   1283 CDr57s09      [17] 4285 	call	_bit_test_4
                           4286 ;cases/bitfields-bits1/bitfields-bits1_preBits_16_pattern_0_varType_4.c:488: bit_test_5();
                           4287 ;	genCall
   1286 CDrABs0B      [17] 4288 	call	_bit_test_5
                           4289 ;cases/bitfields-bits1/bitfields-bits1_preBits_16_pattern_0_varType_4.c:489: bit_test_6();
                           4290 ;	genCall
   1289 CDrF7s0D      [17] 4291 	call	_bit_test_6
                           4292 ;cases/bitfields-bits1/bitfields-bits1_preBits_16_pattern_0_varType_4.c:490: bit_test_7();
                           4293 ;	genCall
                           4294 ;	genLabel
                           4295 ; common peephole 159 removed unused label 00101$.
                           4296 ;cases/bitfields-bits1/bitfields-bits1_preBits_16_pattern_0_varType_4.c:492: }
                           4297 ;	genEndFunction
   128C C3r3Bs10      [10] 4298 	jp	_bit_test_7
                           4299 ; common peephole 152 removed unused ret.
                           4300 ;	Total testBitfields function size at codegen: 1 bytes.
                           4301 ;cases/bitfields-bits1/bitfields-bits1_preBits_16_pattern_0_varType_4.c:496: __runSuite(void)
                           4302 ;	genLabel
                           4303 ;	genFunction
                           4304 ;	---------------------------------
                           4305 ; Function __runSuite
                           4306 ; ---------------------------------
                           4307 ;	Register assignment is optimal.
                           4308 ; Stack space usage: 0 bytes.
   128F                    4309 ___runSuite::
                           4310 ;cases/bitfields-bits1/bitfields-bits1_preBits_16_pattern_0_varType_4.c:498: __prints("Running testBitfields\n");
                           4311 ;	skipping iCode since result will be rematerialized
                           4312 ;	skipping iCode since result will be rematerialized
                           4313 ;	genSend
                           4314 ;	genMove_o size 2 result type 2 source type 7 a_dead 1 hl_dead 1 de_dead 1 iy_dead 1 f_dead 1
   128F 21r98s12      [10] 4315 	ld	hl, #___str_32
                           4316 ;	genCall
   1292 CDr00s00      [17] 4317 	call	___prints
                           4318 ;cases/bitfields-bits1/bitfields-bits1_preBits_16_pattern_0_varType_4.c:499: testBitfields();
                           4319 ;	genCall
                           4320 ;	genLabel
                           4321 ; common peephole 159 removed unused label 00101$.
                           4322 ;cases/bitfields-bits1/bitfields-bits1_preBits_16_pattern_0_varType_4.c:500: }
                           4323 ;	genEndFunction
   1295 C3r77s12      [10] 4324 	jp	_testBitfields
                           4325 ; common peephole 152 removed unused ret.
                           4326 ;	Total __runSuite function size at codegen: 1 bytes.
   1298                    4327 ___str_32:
   1298 52 75 6E 6E 69 6E  4328 	.ascii "Running testBitfields"
        67 20 74 65 73 74
        42 69 74 66 69 65
        6C 64 73
   12AD 0A                 4329 	.db 0x0a
   12AE 00                 4330 	.db 0x00
                           4331 ;cases/bitfields-bits1/bitfields-bits1_preBits_16_pattern_0_varType_4.c:505: __getSuiteName(void)
                           4332 ;	genLabel
                           4333 ;	genFunction
                           4334 ;	---------------------------------
                           4335 ; Function __getSuiteName
                           4336 ; ---------------------------------
                           4337 ;	Register assignment is optimal.
                           4338 ; Stack space usage: 0 bytes.
   12AF                    4339 ___getSuiteName::
                           4340 ;cases/bitfields-bits1/bitfields-bits1_preBits_16_pattern_0_varType_4.c:507: return "bitfields-bits1_preBits_16_pattern_0_varType_4";
                           4341 ;	skipping iCode since result will be rematerialized
                           4342 ;	skipping iCode since result will be rematerialized
                           4343 ;	genRet
                           4344 ;	genMove_o size 2 result type 2 source type 7 a_dead 1 hl_dead 1 de_dead 1 iy_dead 1 f_dead 1
   12AF 11rB5s12      [10] 4345 	ld	de, #___str_33
                           4346 ;	genLabel
                           4347 ; common peephole 159 removed unused label 00101$.
                           4348 ;cases/bitfields-bits1/bitfields-bits1_preBits_16_pattern_0_varType_4.c:508: }
                           4349 ;	genEndFunction
   12B2 C9            [10] 4350 	ret
                           4351 ;	Total __getSuiteName function size at codegen: 1 bytes.
   12B3                    4352 ___numCases:
   12B3 01 00              4353 	.dw #0x0001
   12B5                    4354 ___str_33:
   12B5 62 69 74 66 69 65  4355 	.ascii "bitfields-bits1_preBits_16_pattern_0_varType_4"
        6C 64 73 2D 62 69
        74 73 31 5F 70 72
        65 42 69 74 73 5F
        31 36 5F 70 61 74
        74 65 72 6E 5F 30
        5F 76 61 72 54 79
        70 65 5F 34
   12E3 00                 4356 	.db 0x00
                           4357 	.area _CODE (BANK=_CSEG)
                           4358 	.area _INITIALIZER
                           4359 	.area _CABS (ABS)
