                              1 ;--------------------------------------------------------
                              2 ; File Created by SDCC : free open source ISO C Compiler
                              3 ; Version 4.6.2 #16710 (Linux)
                              4 ;--------------------------------------------------------
                              5 	.module bitintarith_width_8
                              6 	
                              7 ;--------------------------------------------------------
                              8 ; Public variables in this module
                              9 ;--------------------------------------------------------
                             10 	.globl _testBitIntArith
                             11 	.globl ___prints
                             12 	.globl ___fail
                             13 	.globl _c
                             14 	.globl _ub
                             15 	.globl _ua
                             16 	.globl _b
                             17 	.globl _a
                             18 	.globl ___numCases
                             19 	.globl ___runSuite
                             20 	.globl ___getSuiteName
                             21 ;--------------------------------------------------------
                             22 ; special function registers
                             23 ;--------------------------------------------------------
                             24 ;--------------------------------------------------------
                             25 ; ram data
                             26 ;--------------------------------------------------------
                             27 	.area _DATA (BANK=_DSEG)
   0000                      28 _a::
   0000                      29 	.ds 1
   0001                      30 _b::
   0001                      31 	.ds 1
   0002                      32 _ua::
   0002                      33 	.ds 1
   0003                      34 _ub::
   0003                      35 	.ds 1
                             36 ;--------------------------------------------------------
                             37 ; ram data
                             38 ;--------------------------------------------------------
                             39 	.area _INITIALIZED
   0000                      40 _c::
   0000                      41 	.ds 1
                             42 ;--------------------------------------------------------
                             43 ; absolute ram data
                             44 ;--------------------------------------------------------
                             45 	.area _DABS (ABS)
                             46 	.area _DABS (ABS)
                             47 ;--------------------------------------------------------
                             48 ; global & static initialisations
                             49 ;--------------------------------------------------------
                             50 	.area _HOME
                             51 	.area _GSINIT
                             52 	.area _GSFINAL
                             53 	.area _GSINIT
                             54 ;--------------------------------------------------------
                             55 ; Home
                             56 ;--------------------------------------------------------
                             57 	.area _HOME (BANK=_CSEG)
                             58 	.area _HOME (BANK=_CSEG)
                             59 ;--------------------------------------------------------
                             60 ; code
                             61 ;--------------------------------------------------------
                             62 	.area _CODE (BANK=_CSEG)
                             63 ;cases/bitintarith/bitintarith_width_8.c:28: void testBitIntArith(void)
                             64 ;	genLabel
                             65 ;	genFunction
                             66 ;	---------------------------------
                             67 ; Function testBitIntArith
                             68 ; ---------------------------------
                             69 ;	Register assignment might be sub-optimal.
                             70 ; Stack space usage: 0 bytes.
   0000                      71 _testBitIntArith::
                             72 ;cases/bitintarith/bitintarith_width_8.c:35: a = -1, b = 1;
                             73 ;	genAssign
                             74 ;	genMove_o size 1 result type 11 source type 1 a_dead 1 hl_dead 1 de_dead 1 iy_dead 1 f_dead 1
   0000 21r00s00      [10]   75 	ld	hl, #_a
   0003 36 FF         [10]   76 	ld	(hl), #0xff
                             77 ;	genAssign
                             78 ;	genMove_o size 1 result type 11 source type 1 a_dead 1 hl_dead 1 de_dead 1 iy_dead 1 f_dead 1
   0005 21r01s00      [10]   79 	ld	hl, #_b
   0008 36 01         [10]   80 	ld	(hl), #0x01
                             81 ;cases/bitintarith/bitintarith_width_8.c:36: ASSERT(a + b == 0);
                             82 ;	genPlus
                             83 ;	genMove_o size 2 result type 2 source type 10 a_dead 1 hl_dead 1 de_dead 1 iy_dead 1 f_dead 1
   000A 2Ar00s00      [16]   84 	ld	hl, (___numTests)
   000D 23            [ 6]   85 	inc	hl
                             86 ;	genMove_o size 2 result type 10 source type 2 a_dead 1 hl_dead 1 de_dead 1 iy_dead 1 f_dead 1
   000E 22r00s00      [16]   87 	ld	(___numTests), hl
                             88 ;	genPlus
                             89 ;	Shift into pair
   0011 21r01s00      [10]   90 	ld	hl, #_b
   0014 3Ar00s00      [13]   91 	ld	a, (_a+0)
   0017 86            [ 7]   92 	add	a, (hl)
                             93 ;	genIfx
   0018 B7            [ 4]   94 	or	a, a
                             95 ; common peephole 163 changed absolute to relative conditional jump.
   0019 28 11         [12]   96 	jr	z, 00104$
                             97 ;	skipping iCode since result will be rematerialized
                             98 ;	skipping iCode since result will be rematerialized
                             99 ;	skipping iCode since result will be rematerialized
                            100 ;	skipping iCode since result will be rematerialized
                            101 ;	skipping iCode since result will be rematerialized
                            102 ;	skipping iCode since result will be rematerialized
                            103 ;	genIpush
                            104 ;	genMove_o size 2 result type 2 source type 1 a_dead 1 hl_dead 1 de_dead 1 iy_dead 1 f_dead 1
   001B 21 24 00      [10]  105 	ld	hl, #0x0024
   001E E5            [11]  106 	push	hl
                            107 ;	genIpush
                            108 ;	genMove_o size 2 result type 2 source type 7 a_dead 1 hl_dead 1 de_dead 1 iy_dead 1 f_dead 1
   001F 21rD9s04      [10]  109 	ld	hl, #___str_2
   0022 E5            [11]  110 	push	hl
                            111 ;	genSend
                            112 ;	genMove_o size 2 result type 2 source type 7 a_dead 1 hl_dead 1 de_dead 1 iy_dead 1 f_dead 1
   0023 11rCEs04      [10]  113 	ld	de, #___str_1
                            114 ;	genSend
                            115 ;	genMove_o size 2 result type 2 source type 7 a_dead 1 hl_dead 1 de_dead 0 iy_dead 1 f_dead 1
   0026 21rBDs04      [10]  116 	ld	hl, #___str_0
                            117 ;	genCall
   0029 CDr00s00      [17]  118 	call	___fail
                            119 ;	genLabel
   002C                     120 00104$:
                            121 ;cases/bitintarith/bitintarith_width_8.c:37: ua = 1, ub = 1;
                            122 ;	genAssign
                            123 ;	genMove_o size 1 result type 11 source type 1 a_dead 1 hl_dead 1 de_dead 1 iy_dead 1 f_dead 1
   002C 21r02s00      [10]  124 	ld	hl, #_ua
   002F 36 01         [10]  125 	ld	(hl), #0x01
                            126 ;	genAssign
                            127 ;	genMove_o size 1 result type 11 source type 1 a_dead 1 hl_dead 1 de_dead 1 iy_dead 1 f_dead 1
   0031 21r03s00      [10]  128 	ld	hl, #_ub
   0034 36 01         [10]  129 	ld	(hl), #0x01
                            130 ;cases/bitintarith/bitintarith_width_8.c:38: ASSERT(ua + ub == 2);
                            131 ;	genPlus
                            132 ;	genMove_o size 2 result type 2 source type 10 a_dead 1 hl_dead 1 de_dead 1 iy_dead 1 f_dead 1
   0036 2Ar00s00      [16]  133 	ld	hl, (___numTests)
   0039 23            [ 6]  134 	inc	hl
                            135 ;	genMove_o size 2 result type 10 source type 2 a_dead 1 hl_dead 1 de_dead 1 iy_dead 1 f_dead 1
   003A 22r00s00      [16]  136 	ld	(___numTests), hl
                            137 ;	genPlus
                            138 ;	Shift into pair
   003D 21r03s00      [10]  139 	ld	hl, #_ub
   0040 3Ar02s00      [13]  140 	ld	a, (_ua+0)
   0043 86            [ 7]  141 	add	a, (hl)
                            142 ;	genCmpEq
   0044 FE 02         [ 7]  143 	cp	a, #0x02
                            144 ; common peephole 163 changed absolute to relative conditional jump.
   0046 28 11         [12]  145 	jr	z, 00106$
                            146 ; common peephole 81 removed jp by using inverse jump logic
                            147 ; common peephole 159 removed unused label 00417$.
                            148 ;	skipping generated iCode
                            149 ;	skipping iCode since result will be rematerialized
                            150 ;	skipping iCode since result will be rematerialized
                            151 ;	skipping iCode since result will be rematerialized
                            152 ;	skipping iCode since result will be rematerialized
                            153 ;	skipping iCode since result will be rematerialized
                            154 ;	skipping iCode since result will be rematerialized
                            155 ;	genIpush
                            156 ;	genMove_o size 2 result type 2 source type 1 a_dead 1 hl_dead 1 de_dead 1 iy_dead 1 f_dead 1
   0048 21 26 00      [10]  157 	ld	hl, #0x0026
   004B E5            [11]  158 	push	hl
                            159 ;	genIpush
                            160 ;	genMove_o size 2 result type 2 source type 7 a_dead 1 hl_dead 1 de_dead 1 iy_dead 1 f_dead 1
   004C 21rD9s04      [10]  161 	ld	hl, #___str_2
   004F E5            [11]  162 	push	hl
                            163 ;	genSend
                            164 ;	genMove_o size 2 result type 2 source type 7 a_dead 1 hl_dead 1 de_dead 1 iy_dead 1 f_dead 1
   0050 11r01s05      [10]  165 	ld	de, #___str_3
                            166 ;	genSend
                            167 ;	genMove_o size 2 result type 2 source type 7 a_dead 1 hl_dead 1 de_dead 0 iy_dead 1 f_dead 1
   0053 21rBDs04      [10]  168 	ld	hl, #___str_0
                            169 ;	genCall
   0056 CDr00s00      [17]  170 	call	___fail
                            171 ;	genLabel
   0059                     172 00106$:
                            173 ;cases/bitintarith/bitintarith_width_8.c:41: a = 3, ua = 3;
                            174 ;	genAssign
                            175 ;	genMove_o size 1 result type 11 source type 1 a_dead 1 hl_dead 1 de_dead 1 iy_dead 1 f_dead 1
   0059 21r00s00      [10]  176 	ld	hl, #_a
   005C 36 03         [10]  177 	ld	(hl), #0x03
                            178 ;	genAssign
                            179 ;	genMove_o size 1 result type 11 source type 1 a_dead 1 hl_dead 1 de_dead 1 iy_dead 1 f_dead 1
   005E 21r02s00      [10]  180 	ld	hl, #_ua
   0061 36 03         [10]  181 	ld	(hl), #0x03
                            182 ;cases/bitintarith/bitintarith_width_8.c:43: ASSERT(a << 1 == (bitinttype)(3) << 1);
                            183 ;	genPlus
                            184 ;	genMove_o size 2 result type 2 source type 10 a_dead 1 hl_dead 1 de_dead 1 iy_dead 1 f_dead 1
   0063 2Ar00s00      [16]  185 	ld	hl, (___numTests)
   0066 23            [ 6]  186 	inc	hl
                            187 ;	genMove_o size 2 result type 10 source type 2 a_dead 1 hl_dead 1 de_dead 1 iy_dead 1 f_dead 1
   0067 22r00s00      [16]  188 	ld	(___numTests), hl
                            189 ;	genLeftShift
   006A 3Ar00s00      [13]  190 	ld	a, (_a+0)
   006D 87            [ 4]  191 	add	a, a
                            192 ;	genCmpEq
   006E FE 06         [ 7]  193 	cp	a, #0x06
                            194 ; common peephole 163 changed absolute to relative conditional jump.
   0070 28 11         [12]  195 	jr	z, 00108$
                            196 ; common peephole 81 removed jp by using inverse jump logic
                            197 ; common peephole 159 removed unused label 00418$.
                            198 ;	skipping generated iCode
                            199 ;	skipping iCode since result will be rematerialized
                            200 ;	skipping iCode since result will be rematerialized
                            201 ;	skipping iCode since result will be rematerialized
                            202 ;	skipping iCode since result will be rematerialized
                            203 ;	skipping iCode since result will be rematerialized
                            204 ;	skipping iCode since result will be rematerialized
                            205 ;	genIpush
                            206 ;	genMove_o size 2 result type 2 source type 1 a_dead 1 hl_dead 1 de_dead 1 iy_dead 1 f_dead 1
   0072 21 2B 00      [10]  207 	ld	hl, #0x002b
   0075 E5            [11]  208 	push	hl
                            209 ;	genIpush
                            210 ;	genMove_o size 2 result type 2 source type 7 a_dead 1 hl_dead 1 de_dead 1 iy_dead 1 f_dead 1
   0076 21rD9s04      [10]  211 	ld	hl, #___str_2
   0079 E5            [11]  212 	push	hl
                            213 ;	genSend
                            214 ;	genMove_o size 2 result type 2 source type 7 a_dead 1 hl_dead 1 de_dead 1 iy_dead 1 f_dead 1
   007A 11r0Es05      [10]  215 	ld	de, #___str_4
                            216 ;	genSend
                            217 ;	genMove_o size 2 result type 2 source type 7 a_dead 1 hl_dead 1 de_dead 0 iy_dead 1 f_dead 1
   007D 21rBDs04      [10]  218 	ld	hl, #___str_0
                            219 ;	genCall
   0080 CDr00s00      [17]  220 	call	___fail
                            221 ;	genLabel
   0083                     222 00108$:
                            223 ;cases/bitintarith/bitintarith_width_8.c:44: ASSERT(ua << 1 == (ubitinttype)(3) << 1);
                            224 ;	genPlus
                            225 ;	genMove_o size 2 result type 2 source type 10 a_dead 1 hl_dead 1 de_dead 1 iy_dead 1 f_dead 1
   0083 2Ar00s00      [16]  226 	ld	hl, (___numTests)
   0086 23            [ 6]  227 	inc	hl
                            228 ;	genMove_o size 2 result type 10 source type 2 a_dead 1 hl_dead 1 de_dead 1 iy_dead 1 f_dead 1
   0087 22r00s00      [16]  229 	ld	(___numTests), hl
                            230 ;	genLeftShift
   008A 3Ar02s00      [13]  231 	ld	a, (_ua+0)
   008D 87            [ 4]  232 	add	a, a
                            233 ;	genCmpEq
   008E FE 06         [ 7]  234 	cp	a, #0x06
                            235 ; common peephole 163 changed absolute to relative conditional jump.
   0090 28 11         [12]  236 	jr	z, 00110$
                            237 ; common peephole 81 removed jp by using inverse jump logic
                            238 ; common peephole 159 removed unused label 00419$.
                            239 ;	skipping generated iCode
                            240 ;	skipping iCode since result will be rematerialized
                            241 ;	skipping iCode since result will be rematerialized
                            242 ;	skipping iCode since result will be rematerialized
                            243 ;	skipping iCode since result will be rematerialized
                            244 ;	skipping iCode since result will be rematerialized
                            245 ;	skipping iCode since result will be rematerialized
                            246 ;	genIpush
                            247 ;	genMove_o size 2 result type 2 source type 1 a_dead 1 hl_dead 1 de_dead 1 iy_dead 1 f_dead 1
   0092 21 2C 00      [10]  248 	ld	hl, #0x002c
   0095 E5            [11]  249 	push	hl
                            250 ;	genIpush
                            251 ;	genMove_o size 2 result type 2 source type 7 a_dead 1 hl_dead 1 de_dead 1 iy_dead 1 f_dead 1
   0096 21rD9s04      [10]  252 	ld	hl, #___str_2
   0099 E5            [11]  253 	push	hl
                            254 ;	genSend
                            255 ;	genMove_o size 2 result type 2 source type 7 a_dead 1 hl_dead 1 de_dead 1 iy_dead 1 f_dead 1
   009A 11r2Ds05      [10]  256 	ld	de, #___str_5
                            257 ;	genSend
                            258 ;	genMove_o size 2 result type 2 source type 7 a_dead 1 hl_dead 1 de_dead 0 iy_dead 1 f_dead 1
   009D 21rBDs04      [10]  259 	ld	hl, #___str_0
                            260 ;	genCall
   00A0 CDr00s00      [17]  261 	call	___fail
                            262 ;	genLabel
   00A3                     263 00110$:
                            264 ;cases/bitintarith/bitintarith_width_8.c:45: ASSERT(ua << 3 == (ubitinttype)(3) << 3);
                            265 ;	genPlus
                            266 ;	genMove_o size 2 result type 2 source type 10 a_dead 1 hl_dead 1 de_dead 1 iy_dead 1 f_dead 1
   00A3 2Ar00s00      [16]  267 	ld	hl, (___numTests)
   00A6 23            [ 6]  268 	inc	hl
                            269 ;	genMove_o size 2 result type 10 source type 2 a_dead 1 hl_dead 1 de_dead 1 iy_dead 1 f_dead 1
   00A7 22r00s00      [16]  270 	ld	(___numTests), hl
                            271 ;	genLeftShift
   00AA 3Ar02s00      [13]  272 	ld	a, (_ua+0)
   00AD 87            [ 4]  273 	add	a, a
   00AE 87            [ 4]  274 	add	a, a
   00AF 87            [ 4]  275 	add	a, a
                            276 ;	genCmpEq
   00B0 FE 18         [ 7]  277 	cp	a, #0x18
                            278 ; common peephole 163 changed absolute to relative conditional jump.
   00B2 28 11         [12]  279 	jr	z, 00112$
                            280 ; common peephole 81 removed jp by using inverse jump logic
                            281 ; common peephole 159 removed unused label 00420$.
                            282 ;	skipping generated iCode
                            283 ;	skipping iCode since result will be rematerialized
                            284 ;	skipping iCode since result will be rematerialized
                            285 ;	skipping iCode since result will be rematerialized
                            286 ;	skipping iCode since result will be rematerialized
                            287 ;	skipping iCode since result will be rematerialized
                            288 ;	skipping iCode since result will be rematerialized
                            289 ;	genIpush
                            290 ;	genMove_o size 2 result type 2 source type 1 a_dead 1 hl_dead 1 de_dead 1 iy_dead 1 f_dead 1
   00B4 21 2D 00      [10]  291 	ld	hl, #0x002d
   00B7 E5            [11]  292 	push	hl
                            293 ;	genIpush
                            294 ;	genMove_o size 2 result type 2 source type 7 a_dead 1 hl_dead 1 de_dead 1 iy_dead 1 f_dead 1
   00B8 21rD9s04      [10]  295 	ld	hl, #___str_2
   00BB E5            [11]  296 	push	hl
                            297 ;	genSend
                            298 ;	genMove_o size 2 result type 2 source type 7 a_dead 1 hl_dead 1 de_dead 1 iy_dead 1 f_dead 1
   00BC 11r4Es05      [10]  299 	ld	de, #___str_6
                            300 ;	genSend
                            301 ;	genMove_o size 2 result type 2 source type 7 a_dead 1 hl_dead 1 de_dead 0 iy_dead 1 f_dead 1
   00BF 21rBDs04      [10]  302 	ld	hl, #___str_0
                            303 ;	genCall
   00C2 CDr00s00      [17]  304 	call	___fail
                            305 ;	genLabel
   00C5                     306 00112$:
                            307 ;cases/bitintarith/bitintarith_width_8.c:47: ASSERT(a >> 1 == (bitinttype)(3) >> 1);
                            308 ;	genPlus
                            309 ;	genMove_o size 2 result type 2 source type 10 a_dead 1 hl_dead 1 de_dead 1 iy_dead 1 f_dead 1
   00C5 2Ar00s00      [16]  310 	ld	hl, (___numTests)
   00C8 23            [ 6]  311 	inc	hl
                            312 ;	genMove_o size 2 result type 10 source type 2 a_dead 1 hl_dead 1 de_dead 1 iy_dead 1 f_dead 1
   00C9 22r00s00      [16]  313 	ld	(___numTests), hl
                            314 ;	genRightShift
   00CC 3Ar00s00      [13]  315 	ld	a, (_a+0)
   00CF CB 2F         [ 8]  316 	sra	a
                            317 ;	genCmpEq
   00D1 FE 01         [ 7]  318 	cp	a, #0x01
                            319 ; common peephole 163 changed absolute to relative conditional jump.
   00D3 28 11         [12]  320 	jr	z, 00114$
                            321 ; common peephole 81 removed jp by using inverse jump logic
                            322 ; common peephole 159 removed unused label 00421$.
                            323 ;	skipping generated iCode
                            324 ;	skipping iCode since result will be rematerialized
                            325 ;	skipping iCode since result will be rematerialized
                            326 ;	skipping iCode since result will be rematerialized
                            327 ;	skipping iCode since result will be rematerialized
                            328 ;	skipping iCode since result will be rematerialized
                            329 ;	skipping iCode since result will be rematerialized
                            330 ;	genIpush
                            331 ;	genMove_o size 2 result type 2 source type 1 a_dead 1 hl_dead 1 de_dead 1 iy_dead 1 f_dead 1
   00D5 21 2F 00      [10]  332 	ld	hl, #0x002f
   00D8 E5            [11]  333 	push	hl
                            334 ;	genIpush
                            335 ;	genMove_o size 2 result type 2 source type 7 a_dead 1 hl_dead 1 de_dead 1 iy_dead 1 f_dead 1
   00D9 21rD9s04      [10]  336 	ld	hl, #___str_2
   00DC E5            [11]  337 	push	hl
                            338 ;	genSend
                            339 ;	genMove_o size 2 result type 2 source type 7 a_dead 1 hl_dead 1 de_dead 1 iy_dead 1 f_dead 1
   00DD 11r6Fs05      [10]  340 	ld	de, #___str_7
                            341 ;	genSend
                            342 ;	genMove_o size 2 result type 2 source type 7 a_dead 1 hl_dead 1 de_dead 0 iy_dead 1 f_dead 1
   00E0 21rBDs04      [10]  343 	ld	hl, #___str_0
                            344 ;	genCall
   00E3 CDr00s00      [17]  345 	call	___fail
                            346 ;	genLabel
   00E6                     347 00114$:
                            348 ;cases/bitintarith/bitintarith_width_8.c:48: ASSERT(ua >> 1 == (ubitinttype)(3) >> 1);
                            349 ;	genPlus
                            350 ;	genMove_o size 2 result type 2 source type 10 a_dead 1 hl_dead 1 de_dead 1 iy_dead 1 f_dead 1
   00E6 2Ar00s00      [16]  351 	ld	hl, (___numTests)
   00E9 23            [ 6]  352 	inc	hl
                            353 ;	genMove_o size 2 result type 10 source type 2 a_dead 1 hl_dead 1 de_dead 1 iy_dead 1 f_dead 1
   00EA 22r00s00      [16]  354 	ld	(___numTests), hl
                            355 ;	genRightShift
   00ED 3Ar02s00      [13]  356 	ld	a, (_ua+0)
   00F0 CB 3F         [ 8]  357 	srl	a
                            358 ;	genCmpEq
   00F2 FE 01         [ 7]  359 	cp	a, #0x01
                            360 ; common peephole 163 changed absolute to relative conditional jump.
   00F4 28 11         [12]  361 	jr	z, 00116$
                            362 ; common peephole 81 removed jp by using inverse jump logic
                            363 ; common peephole 159 removed unused label 00422$.
                            364 ;	skipping generated iCode
                            365 ;	skipping iCode since result will be rematerialized
                            366 ;	skipping iCode since result will be rematerialized
                            367 ;	skipping iCode since result will be rematerialized
                            368 ;	skipping iCode since result will be rematerialized
                            369 ;	skipping iCode since result will be rematerialized
                            370 ;	skipping iCode since result will be rematerialized
                            371 ;	genIpush
                            372 ;	genMove_o size 2 result type 2 source type 1 a_dead 1 hl_dead 1 de_dead 1 iy_dead 1 f_dead 1
   00F6 21 30 00      [10]  373 	ld	hl, #0x0030
   00F9 E5            [11]  374 	push	hl
                            375 ;	genIpush
                            376 ;	genMove_o size 2 result type 2 source type 7 a_dead 1 hl_dead 1 de_dead 1 iy_dead 1 f_dead 1
   00FA 21rD9s04      [10]  377 	ld	hl, #___str_2
   00FD E5            [11]  378 	push	hl
                            379 ;	genSend
                            380 ;	genMove_o size 2 result type 2 source type 7 a_dead 1 hl_dead 1 de_dead 1 iy_dead 1 f_dead 1
   00FE 11r8Es05      [10]  381 	ld	de, #___str_8
                            382 ;	genSend
                            383 ;	genMove_o size 2 result type 2 source type 7 a_dead 1 hl_dead 1 de_dead 0 iy_dead 1 f_dead 1
   0101 21rBDs04      [10]  384 	ld	hl, #___str_0
                            385 ;	genCall
   0104 CDr00s00      [17]  386 	call	___fail
                            387 ;	genLabel
   0107                     388 00116$:
                            389 ;cases/bitintarith/bitintarith_width_8.c:49: ua = 0xffffffff;
                            390 ;	genAssign
                            391 ;	genMove_o size 1 result type 11 source type 1 a_dead 1 hl_dead 1 de_dead 1 iy_dead 1 f_dead 1
   0107 21r02s00      [10]  392 	ld	hl, #_ua
   010A 36 FF         [10]  393 	ld	(hl), #0xff
                            394 ;cases/bitintarith/bitintarith_width_8.c:50: ASSERT(ua << 1 == (ubitinttype)(0xffffffff) << 1);
                            395 ;	genPlus
                            396 ;	genMove_o size 2 result type 2 source type 10 a_dead 1 hl_dead 1 de_dead 1 iy_dead 1 f_dead 1
   010C 2Ar00s00      [16]  397 	ld	hl, (___numTests)
   010F 23            [ 6]  398 	inc	hl
                            399 ;	genMove_o size 2 result type 10 source type 2 a_dead 1 hl_dead 1 de_dead 1 iy_dead 1 f_dead 1
   0110 22r00s00      [16]  400 	ld	(___numTests), hl
                            401 ;	genLeftShift
   0113 3Ar02s00      [13]  402 	ld	a, (_ua+0)
   0116 87            [ 4]  403 	add	a, a
                            404 ;	genCmpEq
   0117 FE FE         [ 7]  405 	cp	a, #0xfe
                            406 ; common peephole 163 changed absolute to relative conditional jump.
   0119 28 11         [12]  407 	jr	z, 00118$
                            408 ; common peephole 81 removed jp by using inverse jump logic
                            409 ; common peephole 159 removed unused label 00423$.
                            410 ;	skipping generated iCode
                            411 ;	skipping iCode since result will be rematerialized
                            412 ;	skipping iCode since result will be rematerialized
                            413 ;	skipping iCode since result will be rematerialized
                            414 ;	skipping iCode since result will be rematerialized
                            415 ;	skipping iCode since result will be rematerialized
                            416 ;	skipping iCode since result will be rematerialized
                            417 ;	genIpush
                            418 ;	genMove_o size 2 result type 2 source type 1 a_dead 1 hl_dead 1 de_dead 1 iy_dead 1 f_dead 1
   011B 21 32 00      [10]  419 	ld	hl, #0x0032
   011E E5            [11]  420 	push	hl
                            421 ;	genIpush
                            422 ;	genMove_o size 2 result type 2 source type 7 a_dead 1 hl_dead 1 de_dead 1 iy_dead 1 f_dead 1
   011F 21rD9s04      [10]  423 	ld	hl, #___str_2
   0122 E5            [11]  424 	push	hl
                            425 ;	genSend
                            426 ;	genMove_o size 2 result type 2 source type 7 a_dead 1 hl_dead 1 de_dead 1 iy_dead 1 f_dead 1
   0123 11rAFs05      [10]  427 	ld	de, #___str_9
                            428 ;	genSend
                            429 ;	genMove_o size 2 result type 2 source type 7 a_dead 1 hl_dead 1 de_dead 0 iy_dead 1 f_dead 1
   0126 21rBDs04      [10]  430 	ld	hl, #___str_0
                            431 ;	genCall
   0129 CDr00s00      [17]  432 	call	___fail
                            433 ;	genLabel
   012C                     434 00118$:
                            435 ;cases/bitintarith/bitintarith_width_8.c:51: ASSERT(ua >> 1 == (ubitinttype)(0xffffffff) >> 1);
                            436 ;	genPlus
                            437 ;	genMove_o size 2 result type 2 source type 10 a_dead 1 hl_dead 1 de_dead 1 iy_dead 1 f_dead 1
   012C 2Ar00s00      [16]  438 	ld	hl, (___numTests)
   012F 23            [ 6]  439 	inc	hl
                            440 ;	genMove_o size 2 result type 10 source type 2 a_dead 1 hl_dead 1 de_dead 1 iy_dead 1 f_dead 1
   0130 22r00s00      [16]  441 	ld	(___numTests), hl
                            442 ;	genRightShift
   0133 3Ar02s00      [13]  443 	ld	a, (_ua+0)
   0136 CB 3F         [ 8]  444 	srl	a
                            445 ;	genCmpEq
   0138 FE 7F         [ 7]  446 	cp	a, #0x7f
                            447 ; common peephole 163 changed absolute to relative conditional jump.
   013A 28 11         [12]  448 	jr	z, 00120$
                            449 ; common peephole 81 removed jp by using inverse jump logic
                            450 ; common peephole 159 removed unused label 00424$.
                            451 ;	skipping generated iCode
                            452 ;	skipping iCode since result will be rematerialized
                            453 ;	skipping iCode since result will be rematerialized
                            454 ;	skipping iCode since result will be rematerialized
                            455 ;	skipping iCode since result will be rematerialized
                            456 ;	skipping iCode since result will be rematerialized
                            457 ;	skipping iCode since result will be rematerialized
                            458 ;	genIpush
                            459 ;	genMove_o size 2 result type 2 source type 1 a_dead 1 hl_dead 1 de_dead 1 iy_dead 1 f_dead 1
   013C 21 33 00      [10]  460 	ld	hl, #0x0033
   013F E5            [11]  461 	push	hl
                            462 ;	genIpush
                            463 ;	genMove_o size 2 result type 2 source type 7 a_dead 1 hl_dead 1 de_dead 1 iy_dead 1 f_dead 1
   0140 21rD9s04      [10]  464 	ld	hl, #___str_2
   0143 E5            [11]  465 	push	hl
                            466 ;	genSend
                            467 ;	genMove_o size 2 result type 2 source type 7 a_dead 1 hl_dead 1 de_dead 1 iy_dead 1 f_dead 1
   0144 11rD9s05      [10]  468 	ld	de, #___str_10
                            469 ;	genSend
                            470 ;	genMove_o size 2 result type 2 source type 7 a_dead 1 hl_dead 1 de_dead 0 iy_dead 1 f_dead 1
   0147 21rBDs04      [10]  471 	ld	hl, #___str_0
                            472 ;	genCall
   014A CDr00s00      [17]  473 	call	___fail
                            474 ;	genLabel
   014D                     475 00120$:
                            476 ;cases/bitintarith/bitintarith_width_8.c:52: ASSERT(ua << c == (ubitinttype)(0xffffffff) << 1);
                            477 ;	genPlus
                            478 ;	genMove_o size 2 result type 2 source type 10 a_dead 1 hl_dead 1 de_dead 1 iy_dead 1 f_dead 1
   014D 2Ar00s00      [16]  479 	ld	hl, (___numTests)
   0150 23            [ 6]  480 	inc	hl
                            481 ;	genMove_o size 2 result type 10 source type 2 a_dead 1 hl_dead 1 de_dead 1 iy_dead 1 f_dead 1
   0151 22r00s00      [16]  482 	ld	(___numTests), hl
                            483 ;	genLeftShift
                            484 ; common peephole 53 used direct memory load instead of indirect.
   0154 3Ar00s00      [13]  485 	ld	a, (#_c + 0)
   0157 47            [ 4]  486 	ld	b, a
                            487 ;	genMove_o size 1 result type 2 source type 10 a_dead 1 hl_dead 1 de_dead 1 iy_dead 1 f_dead 1
   0158 3Ar02s00      [13]  488 	ld	a, (_ua)
                            489 ;	genMove_o size 0 result type 2 source type 1 a_dead 1 hl_dead 1 de_dead 1 iy_dead 1 f_dead 1
   015B 04            [ 4]  490 	inc	b
                            491 ; common peephole 162 changed absolute to relative unconditional jump.
   015C 18 01         [12]  492 	jr	00426$
   015E                     493 00425$:
   015E 87            [ 4]  494 	add	a, a
   015F                     495 00426$:
   015F 10 FD         [13]  496 	djnz	00425$
                            497 ;	genMove_o size 1 result type 2 source type 2 a_dead 1 hl_dead 1 de_dead 1 iy_dead 1 f_dead 1
                            498 ;	genCmpEq
   0161 FE FE         [ 7]  499 	cp	a, #0xfe
                            500 ; common peephole 163 changed absolute to relative conditional jump.
   0163 28 11         [12]  501 	jr	z, 00122$
                            502 ; common peephole 81 removed jp by using inverse jump logic
                            503 ; common peephole 159 removed unused label 00427$.
                            504 ;	skipping generated iCode
                            505 ;	skipping iCode since result will be rematerialized
                            506 ;	skipping iCode since result will be rematerialized
                            507 ;	skipping iCode since result will be rematerialized
                            508 ;	skipping iCode since result will be rematerialized
                            509 ;	skipping iCode since result will be rematerialized
                            510 ;	skipping iCode since result will be rematerialized
                            511 ;	genIpush
                            512 ;	genMove_o size 2 result type 2 source type 1 a_dead 1 hl_dead 1 de_dead 1 iy_dead 1 f_dead 1
   0165 21 34 00      [10]  513 	ld	hl, #0x0034
   0168 E5            [11]  514 	push	hl
                            515 ;	genIpush
                            516 ;	genMove_o size 2 result type 2 source type 7 a_dead 1 hl_dead 1 de_dead 1 iy_dead 1 f_dead 1
   0169 21rD9s04      [10]  517 	ld	hl, #___str_2
   016C E5            [11]  518 	push	hl
                            519 ;	genSend
                            520 ;	genMove_o size 2 result type 2 source type 7 a_dead 1 hl_dead 1 de_dead 1 iy_dead 1 f_dead 1
   016D 11r03s06      [10]  521 	ld	de, #___str_11
                            522 ;	genSend
                            523 ;	genMove_o size 2 result type 2 source type 7 a_dead 1 hl_dead 1 de_dead 0 iy_dead 1 f_dead 1
   0170 21rBDs04      [10]  524 	ld	hl, #___str_0
                            525 ;	genCall
   0173 CDr00s00      [17]  526 	call	___fail
                            527 ;	genLabel
   0176                     528 00122$:
                            529 ;cases/bitintarith/bitintarith_width_8.c:53: ASSERT(ua >> c == (ubitinttype)(0xffffffff) >> 1);
                            530 ;	genPlus
                            531 ;	genMove_o size 2 result type 2 source type 10 a_dead 1 hl_dead 1 de_dead 1 iy_dead 1 f_dead 1
   0176 2Ar00s00      [16]  532 	ld	hl, (___numTests)
   0179 23            [ 6]  533 	inc	hl
                            534 ;	genMove_o size 2 result type 10 source type 2 a_dead 1 hl_dead 1 de_dead 1 iy_dead 1 f_dead 1
   017A 22r00s00      [16]  535 	ld	(___numTests), hl
                            536 ;	genRightShift
                            537 ; common peephole 53 used direct memory load instead of indirect.
   017D 3Ar00s00      [13]  538 	ld	a, (#_c + 0)
   0180 47            [ 4]  539 	ld	b, a
                            540 ;	genMove_o size 1 result type 2 source type 10 a_dead 1 hl_dead 1 de_dead 1 iy_dead 1 f_dead 1
   0181 3Ar02s00      [13]  541 	ld	a, (_ua)
   0184 04            [ 4]  542 	inc	b
                            543 ; common peephole 162 changed absolute to relative unconditional jump.
   0185 18 02         [12]  544 	jr	00429$
   0187                     545 00428$:
   0187 CB 3F         [ 8]  546 	srl	a
   0189                     547 00429$:
   0189 10 FC         [13]  548 	djnz	00428$
                            549 ;	genMove_o size 1 result type 2 source type 2 a_dead 1 hl_dead 1 de_dead 1 iy_dead 1 f_dead 1
                            550 ;	genCmpEq
   018B FE 7F         [ 7]  551 	cp	a, #0x7f
                            552 ; common peephole 163 changed absolute to relative conditional jump.
   018D 28 11         [12]  553 	jr	z, 00124$
                            554 ; common peephole 81 removed jp by using inverse jump logic
                            555 ; common peephole 159 removed unused label 00430$.
                            556 ;	skipping generated iCode
                            557 ;	skipping iCode since result will be rematerialized
                            558 ;	skipping iCode since result will be rematerialized
                            559 ;	skipping iCode since result will be rematerialized
                            560 ;	skipping iCode since result will be rematerialized
                            561 ;	skipping iCode since result will be rematerialized
                            562 ;	skipping iCode since result will be rematerialized
                            563 ;	genIpush
                            564 ;	genMove_o size 2 result type 2 source type 1 a_dead 1 hl_dead 1 de_dead 1 iy_dead 1 f_dead 1
   018F 21 35 00      [10]  565 	ld	hl, #0x0035
   0192 E5            [11]  566 	push	hl
                            567 ;	genIpush
                            568 ;	genMove_o size 2 result type 2 source type 7 a_dead 1 hl_dead 1 de_dead 1 iy_dead 1 f_dead 1
   0193 21rD9s04      [10]  569 	ld	hl, #___str_2
   0196 E5            [11]  570 	push	hl
                            571 ;	genSend
                            572 ;	genMove_o size 2 result type 2 source type 7 a_dead 1 hl_dead 1 de_dead 1 iy_dead 1 f_dead 1
   0197 11r2Ds06      [10]  573 	ld	de, #___str_12
                            574 ;	genSend
                            575 ;	genMove_o size 2 result type 2 source type 7 a_dead 1 hl_dead 1 de_dead 0 iy_dead 1 f_dead 1
   019A 21rBDs04      [10]  576 	ld	hl, #___str_0
                            577 ;	genCall
   019D CDr00s00      [17]  578 	call	___fail
                            579 ;	genLabel
   01A0                     580 00124$:
                            581 ;cases/bitintarith/bitintarith_width_8.c:55: a = 23, b = -42;
                            582 ;	genAssign
                            583 ;	genMove_o size 1 result type 11 source type 1 a_dead 1 hl_dead 1 de_dead 1 iy_dead 1 f_dead 1
   01A0 21r00s00      [10]  584 	ld	hl, #_a
   01A3 36 17         [10]  585 	ld	(hl), #0x17
                            586 ;	genAssign
                            587 ;	genMove_o size 1 result type 11 source type 1 a_dead 1 hl_dead 1 de_dead 1 iy_dead 1 f_dead 1
   01A5 21r01s00      [10]  588 	ld	hl, #_b
   01A8 36 D6         [10]  589 	ld	(hl), #0xd6
                            590 ;cases/bitintarith/bitintarith_width_8.c:56: ua = 23, ub = -42;
                            591 ;	genAssign
                            592 ;	genMove_o size 1 result type 11 source type 1 a_dead 1 hl_dead 1 de_dead 1 iy_dead 1 f_dead 1
   01AA 21r02s00      [10]  593 	ld	hl, #_ua
   01AD 36 17         [10]  594 	ld	(hl), #0x17
                            595 ;	genAssign
                            596 ;	genMove_o size 1 result type 11 source type 1 a_dead 1 hl_dead 1 de_dead 1 iy_dead 1 f_dead 1
   01AF 21r03s00      [10]  597 	ld	hl, #_ub
   01B2 36 D6         [10]  598 	ld	(hl), #0xd6
                            599 ;cases/bitintarith/bitintarith_width_8.c:59: ASSERT(a + b == (bitinttype)(23) + (bitinttype)(-42));
                            600 ;	genPlus
                            601 ;	genMove_o size 2 result type 2 source type 10 a_dead 1 hl_dead 1 de_dead 1 iy_dead 1 f_dead 1
   01B4 2Ar00s00      [16]  602 	ld	hl, (___numTests)
   01B7 23            [ 6]  603 	inc	hl
                            604 ;	genMove_o size 2 result type 10 source type 2 a_dead 1 hl_dead 1 de_dead 1 iy_dead 1 f_dead 1
   01B8 22r00s00      [16]  605 	ld	(___numTests), hl
                            606 ;	genPlus
                            607 ;	Shift into pair
   01BB 21r01s00      [10]  608 	ld	hl, #_b
   01BE 3Ar00s00      [13]  609 	ld	a, (_a+0)
   01C1 86            [ 7]  610 	add	a, (hl)
                            611 ;	genCmpEq
   01C2 FE ED         [ 7]  612 	cp	a, #0xed
                            613 ; common peephole 163 changed absolute to relative conditional jump.
   01C4 28 11         [12]  614 	jr	z, 00126$
                            615 ; common peephole 81 removed jp by using inverse jump logic
                            616 ; common peephole 159 removed unused label 00431$.
                            617 ;	skipping generated iCode
                            618 ;	skipping iCode since result will be rematerialized
                            619 ;	skipping iCode since result will be rematerialized
                            620 ;	skipping iCode since result will be rematerialized
                            621 ;	skipping iCode since result will be rematerialized
                            622 ;	skipping iCode since result will be rematerialized
                            623 ;	skipping iCode since result will be rematerialized
                            624 ;	genIpush
                            625 ;	genMove_o size 2 result type 2 source type 1 a_dead 1 hl_dead 1 de_dead 1 iy_dead 1 f_dead 1
   01C6 21 3B 00      [10]  626 	ld	hl, #0x003b
   01C9 E5            [11]  627 	push	hl
                            628 ;	genIpush
                            629 ;	genMove_o size 2 result type 2 source type 7 a_dead 1 hl_dead 1 de_dead 1 iy_dead 1 f_dead 1
   01CA 21rD9s04      [10]  630 	ld	hl, #___str_2
   01CD E5            [11]  631 	push	hl
                            632 ;	genSend
                            633 ;	genMove_o size 2 result type 2 source type 7 a_dead 1 hl_dead 1 de_dead 1 iy_dead 1 f_dead 1
   01CE 11r57s06      [10]  634 	ld	de, #___str_13
                            635 ;	genSend
                            636 ;	genMove_o size 2 result type 2 source type 7 a_dead 1 hl_dead 1 de_dead 0 iy_dead 1 f_dead 1
   01D1 21rBDs04      [10]  637 	ld	hl, #___str_0
                            638 ;	genCall
   01D4 CDr00s00      [17]  639 	call	___fail
                            640 ;	genLabel
   01D7                     641 00126$:
                            642 ;cases/bitintarith/bitintarith_width_8.c:60: ASSERT(a - b == (bitinttype)(23) - (bitinttype)(-42));
                            643 ;	genPlus
                            644 ;	genMove_o size 2 result type 2 source type 10 a_dead 1 hl_dead 1 de_dead 1 iy_dead 1 f_dead 1
   01D7 2Ar00s00      [16]  645 	ld	hl, (___numTests)
   01DA 23            [ 6]  646 	inc	hl
                            647 ;	genMove_o size 2 result type 10 source type 2 a_dead 1 hl_dead 1 de_dead 1 iy_dead 1 f_dead 1
   01DB 22r00s00      [16]  648 	ld	(___numTests), hl
                            649 ;	genMinus
                            650 ;	Shift into pair
   01DE 21r01s00      [10]  651 	ld	hl, #_b
   01E1 3Ar00s00      [13]  652 	ld	a, (_a+0)
   01E4 96            [ 7]  653 	sub	a, (hl)
                            654 ;	genCmpEq
   01E5 FE 41         [ 7]  655 	cp	a, #0x41
                            656 ; common peephole 163 changed absolute to relative conditional jump.
   01E7 28 11         [12]  657 	jr	z, 00128$
                            658 ; common peephole 81 removed jp by using inverse jump logic
                            659 ; common peephole 159 removed unused label 00432$.
                            660 ;	skipping generated iCode
                            661 ;	skipping iCode since result will be rematerialized
                            662 ;	skipping iCode since result will be rematerialized
                            663 ;	skipping iCode since result will be rematerialized
                            664 ;	skipping iCode since result will be rematerialized
                            665 ;	skipping iCode since result will be rematerialized
                            666 ;	skipping iCode since result will be rematerialized
                            667 ;	genIpush
                            668 ;	genMove_o size 2 result type 2 source type 1 a_dead 1 hl_dead 1 de_dead 1 iy_dead 1 f_dead 1
   01E9 21 3C 00      [10]  669 	ld	hl, #0x003c
   01EC E5            [11]  670 	push	hl
                            671 ;	genIpush
                            672 ;	genMove_o size 2 result type 2 source type 7 a_dead 1 hl_dead 1 de_dead 1 iy_dead 1 f_dead 1
   01ED 21rD9s04      [10]  673 	ld	hl, #___str_2
   01F0 E5            [11]  674 	push	hl
                            675 ;	genSend
                            676 ;	genMove_o size 2 result type 2 source type 7 a_dead 1 hl_dead 1 de_dead 1 iy_dead 1 f_dead 1
   01F1 11r85s06      [10]  677 	ld	de, #___str_14
                            678 ;	genSend
                            679 ;	genMove_o size 2 result type 2 source type 7 a_dead 1 hl_dead 1 de_dead 0 iy_dead 1 f_dead 1
   01F4 21rBDs04      [10]  680 	ld	hl, #___str_0
                            681 ;	genCall
   01F7 CDr00s00      [17]  682 	call	___fail
                            683 ;	genLabel
   01FA                     684 00128$:
                            685 ;cases/bitintarith/bitintarith_width_8.c:64: ASSERT(ua + ub == (ubitinttype)(23) + (ubitinttype)(-42));
                            686 ;	genPlus
                            687 ;	genMove_o size 2 result type 2 source type 10 a_dead 1 hl_dead 1 de_dead 1 iy_dead 1 f_dead 1
   01FA 2Ar00s00      [16]  688 	ld	hl, (___numTests)
   01FD 23            [ 6]  689 	inc	hl
                            690 ;	genMove_o size 2 result type 10 source type 2 a_dead 1 hl_dead 1 de_dead 1 iy_dead 1 f_dead 1
   01FE 22r00s00      [16]  691 	ld	(___numTests), hl
                            692 ;	genPlus
                            693 ;	Shift into pair
   0201 21r03s00      [10]  694 	ld	hl, #_ub
   0204 3Ar02s00      [13]  695 	ld	a, (_ua+0)
   0207 86            [ 7]  696 	add	a, (hl)
                            697 ;	genCmpEq
   0208 FE ED         [ 7]  698 	cp	a, #0xed
                            699 ; common peephole 163 changed absolute to relative conditional jump.
   020A 28 11         [12]  700 	jr	z, 00130$
                            701 ; common peephole 81 removed jp by using inverse jump logic
                            702 ; common peephole 159 removed unused label 00433$.
                            703 ;	skipping generated iCode
                            704 ;	skipping iCode since result will be rematerialized
                            705 ;	skipping iCode since result will be rematerialized
                            706 ;	skipping iCode since result will be rematerialized
                            707 ;	skipping iCode since result will be rematerialized
                            708 ;	skipping iCode since result will be rematerialized
                            709 ;	skipping iCode since result will be rematerialized
                            710 ;	genIpush
                            711 ;	genMove_o size 2 result type 2 source type 1 a_dead 1 hl_dead 1 de_dead 1 iy_dead 1 f_dead 1
   020C 21 40 00      [10]  712 	ld	hl, #0x0040
   020F E5            [11]  713 	push	hl
                            714 ;	genIpush
                            715 ;	genMove_o size 2 result type 2 source type 7 a_dead 1 hl_dead 1 de_dead 1 iy_dead 1 f_dead 1
   0210 21rD9s04      [10]  716 	ld	hl, #___str_2
   0213 E5            [11]  717 	push	hl
                            718 ;	genSend
                            719 ;	genMove_o size 2 result type 2 source type 7 a_dead 1 hl_dead 1 de_dead 1 iy_dead 1 f_dead 1
   0214 11rB3s06      [10]  720 	ld	de, #___str_15
                            721 ;	genSend
                            722 ;	genMove_o size 2 result type 2 source type 7 a_dead 1 hl_dead 1 de_dead 0 iy_dead 1 f_dead 1
   0217 21rBDs04      [10]  723 	ld	hl, #___str_0
                            724 ;	genCall
   021A CDr00s00      [17]  725 	call	___fail
                            726 ;	genLabel
   021D                     727 00130$:
                            728 ;cases/bitintarith/bitintarith_width_8.c:65: ASSERT(ua - ub == (ubitinttype)(23) - (ubitinttype)(-42));
                            729 ;	genPlus
                            730 ;	genMove_o size 2 result type 2 source type 10 a_dead 1 hl_dead 1 de_dead 1 iy_dead 1 f_dead 1
   021D 2Ar00s00      [16]  731 	ld	hl, (___numTests)
   0220 23            [ 6]  732 	inc	hl
                            733 ;	genMove_o size 2 result type 10 source type 2 a_dead 1 hl_dead 1 de_dead 1 iy_dead 1 f_dead 1
   0221 22r00s00      [16]  734 	ld	(___numTests), hl
                            735 ;	genMinus
                            736 ;	Shift into pair
   0224 21r03s00      [10]  737 	ld	hl, #_ub
   0227 3Ar02s00      [13]  738 	ld	a, (_ua+0)
   022A 96            [ 7]  739 	sub	a, (hl)
                            740 ;	genCmpEq
   022B FE 41         [ 7]  741 	cp	a, #0x41
                            742 ; common peephole 163 changed absolute to relative conditional jump.
   022D 28 11         [12]  743 	jr	z, 00132$
                            744 ; common peephole 81 removed jp by using inverse jump logic
                            745 ; common peephole 159 removed unused label 00434$.
                            746 ;	skipping generated iCode
                            747 ;	skipping iCode since result will be rematerialized
                            748 ;	skipping iCode since result will be rematerialized
                            749 ;	skipping iCode since result will be rematerialized
                            750 ;	skipping iCode since result will be rematerialized
                            751 ;	skipping iCode since result will be rematerialized
                            752 ;	skipping iCode since result will be rematerialized
                            753 ;	genIpush
                            754 ;	genMove_o size 2 result type 2 source type 1 a_dead 1 hl_dead 1 de_dead 1 iy_dead 1 f_dead 1
   022F 21 41 00      [10]  755 	ld	hl, #0x0041
   0232 E5            [11]  756 	push	hl
                            757 ;	genIpush
                            758 ;	genMove_o size 2 result type 2 source type 7 a_dead 1 hl_dead 1 de_dead 1 iy_dead 1 f_dead 1
   0233 21rD9s04      [10]  759 	ld	hl, #___str_2
   0236 E5            [11]  760 	push	hl
                            761 ;	genSend
                            762 ;	genMove_o size 2 result type 2 source type 7 a_dead 1 hl_dead 1 de_dead 1 iy_dead 1 f_dead 1
   0237 11rE5s06      [10]  763 	ld	de, #___str_16
                            764 ;	genSend
                            765 ;	genMove_o size 2 result type 2 source type 7 a_dead 1 hl_dead 1 de_dead 0 iy_dead 1 f_dead 1
   023A 21rBDs04      [10]  766 	ld	hl, #___str_0
                            767 ;	genCall
   023D CDr00s00      [17]  768 	call	___fail
                            769 ;	genLabel
   0240                     770 00132$:
                            771 ;cases/bitintarith/bitintarith_width_8.c:74: ASSERT(a % b == (bitinttype)(23) % (bitinttype)(-42));
                            772 ;	genPlus
                            773 ;	genMove_o size 2 result type 2 source type 10 a_dead 1 hl_dead 1 de_dead 1 iy_dead 1 f_dead 1
   0240 2Ar00s00      [16]  774 	ld	hl, (___numTests)
   0243 23            [ 6]  775 	inc	hl
                            776 ;	genMove_o size 2 result type 10 source type 2 a_dead 1 hl_dead 1 de_dead 1 iy_dead 1 f_dead 1
   0244 22r00s00      [16]  777 	ld	(___numTests), hl
                            778 ;	genCast
                            779 ;	genMove_o size 0 result type 2 source type 10 a_dead 1 hl_dead 1 de_dead 1 iy_dead 1 f_dead 1
                            780 ;	genMove_o size 1 result type 2 source type 10 a_dead 1 hl_dead 0 de_dead 1 iy_dead 1 f_dead 1
   0247 3Ar00s00      [13]  781 	ld	a, (_a)
   024A 6F            [ 4]  782 	ld	l, a
   024B 07            [ 4]  783 	rlca
   024C 9F            [ 4]  784 	sbc	a, a
   024D 67            [ 4]  785 	ld	h, a
                            786 ;	genCast
                            787 ;	genMove_o size 0 result type 2 source type 3 a_dead 1 hl_dead 0 de_dead 1 iy_dead 1 f_dead 1
                            788 ;	genMove_o size 1 result type 2 source type 3 a_dead 1 hl_dead 0 de_dead 0 iy_dead 1 f_dead 1
   024E 3Ar01s00      [13]  789 	ld	a, (_b+0)
   0251 5F            [ 4]  790 	ld	e, a
   0252 07            [ 4]  791 	rlca
   0253 9F            [ 4]  792 	sbc	a, a
                            793 ;	genSend
                            794 ;	genMove_o size 2 result type 2 source type 2 a_dead 1 hl_dead 0 de_dead 1 iy_dead 1 f_dead 1
   0254 57            [ 4]  795 	ld	d, a
                            796 ;	genMove_o size 0 result type 2 source type 1 a_dead 1 hl_dead 0 de_dead 1 iy_dead 1 f_dead 1
                            797 ;	genSend
                            798 ;	genMove_o size 2 result type 2 source type 2 a_dead 1 hl_dead 1 de_dead 0 iy_dead 1 f_dead 1
                            799 ;	genCall
   0255 CDr00s00      [17]  800 	call	__modsint
                            801 ;	genMove_o size 2 result type 2 source type 2 a_dead 1 hl_dead 1 de_dead 1 iy_dead 1 f_dead 1
                            802 ;	genCast
                            803 ;	genMove_o size 1 result type 2 source type 2 a_dead 1 hl_dead 1 de_dead 1 iy_dead 1 f_dead 1
   0258 7B            [ 4]  804 	ld	a, e
                            805 ;	genMove_o size 0 result type 2 source type 1 a_dead 1 hl_dead 1 de_dead 1 iy_dead 1 f_dead 1
                            806 ;	genCmpEq
   0259 FE 17         [ 7]  807 	cp	a, #0x17
                            808 ; common peephole 163 changed absolute to relative conditional jump.
   025B 28 11         [12]  809 	jr	z, 00134$
                            810 ; common peephole 81 removed jp by using inverse jump logic
                            811 ; common peephole 159 removed unused label 00435$.
                            812 ;	skipping generated iCode
                            813 ;	skipping iCode since result will be rematerialized
                            814 ;	skipping iCode since result will be rematerialized
                            815 ;	skipping iCode since result will be rematerialized
                            816 ;	skipping iCode since result will be rematerialized
                            817 ;	skipping iCode since result will be rematerialized
                            818 ;	skipping iCode since result will be rematerialized
                            819 ;	genIpush
                            820 ;	genMove_o size 2 result type 2 source type 1 a_dead 1 hl_dead 1 de_dead 1 iy_dead 1 f_dead 1
   025D 21 4A 00      [10]  821 	ld	hl, #0x004a
   0260 E5            [11]  822 	push	hl
                            823 ;	genIpush
                            824 ;	genMove_o size 2 result type 2 source type 7 a_dead 1 hl_dead 1 de_dead 1 iy_dead 1 f_dead 1
   0261 21rD9s04      [10]  825 	ld	hl, #___str_2
   0264 E5            [11]  826 	push	hl
                            827 ;	genSend
                            828 ;	genMove_o size 2 result type 2 source type 7 a_dead 1 hl_dead 1 de_dead 1 iy_dead 1 f_dead 1
   0265 11r17s07      [10]  829 	ld	de, #___str_17
                            830 ;	genSend
                            831 ;	genMove_o size 2 result type 2 source type 7 a_dead 1 hl_dead 1 de_dead 0 iy_dead 1 f_dead 1
   0268 21rBDs04      [10]  832 	ld	hl, #___str_0
                            833 ;	genCall
   026B CDr00s00      [17]  834 	call	___fail
                            835 ;	genLabel
   026E                     836 00134$:
                            837 ;cases/bitintarith/bitintarith_width_8.c:75: ASSERT(a / b == (bitinttype)(23) / (bitinttype)(-42));
                            838 ;	genPlus
                            839 ;	genMove_o size 2 result type 2 source type 10 a_dead 1 hl_dead 1 de_dead 1 iy_dead 1 f_dead 1
   026E 2Ar00s00      [16]  840 	ld	hl, (___numTests)
   0271 23            [ 6]  841 	inc	hl
                            842 ;	genMove_o size 2 result type 10 source type 2 a_dead 1 hl_dead 1 de_dead 1 iy_dead 1 f_dead 1
   0272 22r00s00      [16]  843 	ld	(___numTests), hl
                            844 ;	genCast
                            845 ;	genMove_o size 0 result type 2 source type 10 a_dead 1 hl_dead 1 de_dead 1 iy_dead 1 f_dead 1
                            846 ;	genMove_o size 1 result type 2 source type 10 a_dead 1 hl_dead 0 de_dead 1 iy_dead 1 f_dead 1
   0275 3Ar00s00      [13]  847 	ld	a, (_a)
   0278 6F            [ 4]  848 	ld	l, a
   0279 07            [ 4]  849 	rlca
   027A 9F            [ 4]  850 	sbc	a, a
   027B 67            [ 4]  851 	ld	h, a
                            852 ;	genCast
                            853 ;	genMove_o size 0 result type 2 source type 3 a_dead 1 hl_dead 0 de_dead 1 iy_dead 1 f_dead 1
                            854 ;	genMove_o size 1 result type 2 source type 3 a_dead 1 hl_dead 0 de_dead 0 iy_dead 1 f_dead 1
   027C 3Ar01s00      [13]  855 	ld	a, (_b+0)
   027F 5F            [ 4]  856 	ld	e, a
   0280 07            [ 4]  857 	rlca
   0281 9F            [ 4]  858 	sbc	a, a
                            859 ;	genSend
                            860 ;	genMove_o size 2 result type 2 source type 2 a_dead 1 hl_dead 0 de_dead 1 iy_dead 1 f_dead 1
   0282 57            [ 4]  861 	ld	d, a
                            862 ;	genMove_o size 0 result type 2 source type 1 a_dead 1 hl_dead 0 de_dead 1 iy_dead 1 f_dead 1
                            863 ;	genSend
                            864 ;	genMove_o size 2 result type 2 source type 2 a_dead 1 hl_dead 1 de_dead 0 iy_dead 1 f_dead 1
                            865 ;	genCall
   0283 CDr00s00      [17]  866 	call	__divsint
                            867 ;	genMove_o size 2 result type 2 source type 2 a_dead 1 hl_dead 1 de_dead 1 iy_dead 1 f_dead 1
                            868 ;	genCast
                            869 ;	genMove_o size 1 result type 2 source type 2 a_dead 1 hl_dead 1 de_dead 1 iy_dead 1 f_dead 1
   0286 7B            [ 4]  870 	ld	a, e
                            871 ;	genMove_o size 0 result type 2 source type 1 a_dead 1 hl_dead 1 de_dead 1 iy_dead 1 f_dead 1
                            872 ;	genIfx
   0287 B7            [ 4]  873 	or	a, a
                            874 ; common peephole 163 changed absolute to relative conditional jump.
   0288 28 11         [12]  875 	jr	z, 00136$
                            876 ;	skipping iCode since result will be rematerialized
                            877 ;	skipping iCode since result will be rematerialized
                            878 ;	skipping iCode since result will be rematerialized
                            879 ;	skipping iCode since result will be rematerialized
                            880 ;	skipping iCode since result will be rematerialized
                            881 ;	skipping iCode since result will be rematerialized
                            882 ;	genIpush
                            883 ;	genMove_o size 2 result type 2 source type 1 a_dead 1 hl_dead 1 de_dead 1 iy_dead 1 f_dead 1
   028A 21 4B 00      [10]  884 	ld	hl, #0x004b
   028D E5            [11]  885 	push	hl
                            886 ;	genIpush
                            887 ;	genMove_o size 2 result type 2 source type 7 a_dead 1 hl_dead 1 de_dead 1 iy_dead 1 f_dead 1
   028E 21rD9s04      [10]  888 	ld	hl, #___str_2
   0291 E5            [11]  889 	push	hl
                            890 ;	genSend
                            891 ;	genMove_o size 2 result type 2 source type 7 a_dead 1 hl_dead 1 de_dead 1 iy_dead 1 f_dead 1
   0292 11r45s07      [10]  892 	ld	de, #___str_18
                            893 ;	genSend
                            894 ;	genMove_o size 2 result type 2 source type 7 a_dead 1 hl_dead 1 de_dead 0 iy_dead 1 f_dead 1
   0295 21rBDs04      [10]  895 	ld	hl, #___str_0
                            896 ;	genCall
   0298 CDr00s00      [17]  897 	call	___fail
                            898 ;	genLabel
   029B                     899 00136$:
                            900 ;cases/bitintarith/bitintarith_width_8.c:78: ASSERT(ua * ub == (ubitinttype)(23) * (ubitinttype)(-42));
                            901 ;	genPlus
                            902 ;	genMove_o size 2 result type 2 source type 10 a_dead 1 hl_dead 1 de_dead 1 iy_dead 1 f_dead 1
   029B 2Ar00s00      [16]  903 	ld	hl, (___numTests)
   029E 23            [ 6]  904 	inc	hl
                            905 ;	genMove_o size 2 result type 10 source type 2 a_dead 1 hl_dead 1 de_dead 1 iy_dead 1 f_dead 1
   029F 22r00s00      [16]  906 	ld	(___numTests), hl
                            907 ;	genMult
                            908 ; common peephole 53 used direct memory load instead of indirect.
   02A2 3Ar03s00      [13]  909 	ld	a, (#_ub + 0)
   02A5 5F            [ 4]  910 	ld	e, a
                            911 ; common peephole 53 used direct memory load instead of indirect.
   02A6 3Ar02s00      [13]  912 	ld	a, (#_ua + 0)
   02A9 67            [ 4]  913 	ld	h, a
   02AA 2E 00         [ 7]  914 	ld	l, #0x00
   02AC 55            [ 4]  915 	ld	d, l
   02AD 06 08         [ 7]  916 	ld	b, #0x08
   02AF                     917 00436$:
   02AF 29            [11]  918 	add	hl, hl
                            919 ; common peephole 163 changed absolute to relative conditional jump.
   02B0 30 01         [12]  920 	jr	nc, 00437$
   02B2 19            [11]  921 	add	hl, de
   02B3                     922 00437$:
   02B3 10 FA         [13]  923 	djnz	00436$
                            924 ;	genMove_o size 1 result type 2 source type 2 a_dead 1 hl_dead 1 de_dead 1 iy_dead 1 f_dead 1
                            925 ;	genCmpEq
                            926 ;	genMove_o size 1 result type 2 source type 2 a_dead 1 hl_dead 0 de_dead 0 iy_dead 0 f_dead 1
   02B5 7D            [ 4]  927 	ld	a, l
                            928 ;	genMove_o size 0 result type 2 source type 1 a_dead 1 hl_dead 0 de_dead 0 iy_dead 0 f_dead 1
   02B6 D6 3A         [ 7]  929 	sub	a, #0x3a
                            930 ; common peephole 163 changed absolute to relative conditional jump.
   02B8 28 11         [12]  931 	jr	z, 00138$
                            932 ; common peephole 81 removed jp by using inverse jump logic
                            933 ; common peephole 159 removed unused label 00438$.
                            934 ;	skipping generated iCode
                            935 ;	skipping iCode since result will be rematerialized
                            936 ;	skipping iCode since result will be rematerialized
                            937 ;	skipping iCode since result will be rematerialized
                            938 ;	skipping iCode since result will be rematerialized
                            939 ;	skipping iCode since result will be rematerialized
                            940 ;	skipping iCode since result will be rematerialized
                            941 ;	genIpush
                            942 ;	genMove_o size 2 result type 2 source type 1 a_dead 1 hl_dead 1 de_dead 1 iy_dead 1 f_dead 1
   02BA 21 4E 00      [10]  943 	ld	hl, #0x004e
   02BD E5            [11]  944 	push	hl
                            945 ;	genIpush
                            946 ;	genMove_o size 2 result type 2 source type 7 a_dead 1 hl_dead 1 de_dead 1 iy_dead 1 f_dead 1
   02BE 21rD9s04      [10]  947 	ld	hl, #___str_2
   02C1 E5            [11]  948 	push	hl
                            949 ;	genSend
                            950 ;	genMove_o size 2 result type 2 source type 7 a_dead 1 hl_dead 1 de_dead 1 iy_dead 1 f_dead 1
   02C2 11r73s07      [10]  951 	ld	de, #___str_19
                            952 ;	genSend
                            953 ;	genMove_o size 2 result type 2 source type 7 a_dead 1 hl_dead 1 de_dead 0 iy_dead 1 f_dead 1
   02C5 21rBDs04      [10]  954 	ld	hl, #___str_0
                            955 ;	genCall
   02C8 CDr00s00      [17]  956 	call	___fail
                            957 ;	genLabel
   02CB                     958 00138$:
                            959 ;cases/bitintarith/bitintarith_width_8.c:79: ASSERT(ua % ub == (ubitinttype)(23) % (ubitinttype)(-42));
                            960 ;	genPlus
                            961 ;	genMove_o size 2 result type 2 source type 10 a_dead 1 hl_dead 1 de_dead 1 iy_dead 1 f_dead 1
   02CB 2Ar00s00      [16]  962 	ld	hl, (___numTests)
   02CE 23            [ 6]  963 	inc	hl
                            964 ;	genMove_o size 2 result type 10 source type 2 a_dead 1 hl_dead 1 de_dead 1 iy_dead 1 f_dead 1
   02CF 22r00s00      [16]  965 	ld	(___numTests), hl
                            966 ;	genCast
                            967 ;	genMove_o size 1 result type 2 source type 10 a_dead 1 hl_dead 1 de_dead 1 iy_dead 1 f_dead 1
   02D2 3Ar02s00      [13]  968 	ld	a, (_ua)
   02D5 6F            [ 4]  969 	ld	l, a
                            970 ;	genMove_o size 1 result type 2 source type 1 a_dead 1 hl_dead 0 de_dead 1 iy_dead 1 f_dead 1
   02D6 26 00         [ 7]  971 	ld	h, #0x00
                            972 ;	genCast
                            973 ;	genMove_o size 1 result type 2 source type 3 a_dead 1 hl_dead 0 de_dead 1 iy_dead 1 f_dead 1
   02D8 3Ar03s00      [13]  974 	ld	a, (_ub+0)
                            975 ;	genMove_o size 1 result type 2 source type 1 a_dead 0 hl_dead 0 de_dead 1 iy_dead 1 f_dead 1
   02DB 16 00         [ 7]  976 	ld	d, #0x00
                            977 ;	genSend
                            978 ;	genMove_o size 2 result type 2 source type 2 a_dead 1 hl_dead 0 de_dead 1 iy_dead 1 f_dead 1
   02DD 5F            [ 4]  979 	ld	e, a
                            980 ;	genMove_o size 0 result type 2 source type 1 a_dead 1 hl_dead 0 de_dead 1 iy_dead 1 f_dead 1
                            981 ;	genSend
                            982 ;	genMove_o size 2 result type 2 source type 2 a_dead 1 hl_dead 1 de_dead 0 iy_dead 1 f_dead 1
                            983 ;	genCall
   02DE CDr00s00      [17]  984 	call	__moduint
                            985 ;	genMove_o size 2 result type 2 source type 2 a_dead 1 hl_dead 1 de_dead 1 iy_dead 1 f_dead 1
                            986 ;	genCast
                            987 ;	genMove_o size 1 result type 2 source type 2 a_dead 1 hl_dead 1 de_dead 1 iy_dead 1 f_dead 1
   02E1 7B            [ 4]  988 	ld	a, e
                            989 ;	genMove_o size 0 result type 2 source type 1 a_dead 1 hl_dead 1 de_dead 1 iy_dead 1 f_dead 1
                            990 ;	genCmpEq
   02E2 FE 17         [ 7]  991 	cp	a, #0x17
                            992 ; common peephole 163 changed absolute to relative conditional jump.
   02E4 28 11         [12]  993 	jr	z, 00140$
                            994 ; common peephole 81 removed jp by using inverse jump logic
                            995 ; common peephole 159 removed unused label 00439$.
                            996 ;	skipping generated iCode
                            997 ;	skipping iCode since result will be rematerialized
                            998 ;	skipping iCode since result will be rematerialized
                            999 ;	skipping iCode since result will be rematerialized
                           1000 ;	skipping iCode since result will be rematerialized
                           1001 ;	skipping iCode since result will be rematerialized
                           1002 ;	skipping iCode since result will be rematerialized
                           1003 ;	genIpush
                           1004 ;	genMove_o size 2 result type 2 source type 1 a_dead 1 hl_dead 1 de_dead 1 iy_dead 1 f_dead 1
   02E6 21 4F 00      [10] 1005 	ld	hl, #0x004f
   02E9 E5            [11] 1006 	push	hl
                           1007 ;	genIpush
                           1008 ;	genMove_o size 2 result type 2 source type 7 a_dead 1 hl_dead 1 de_dead 1 iy_dead 1 f_dead 1
   02EA 21rD9s04      [10] 1009 	ld	hl, #___str_2
   02ED E5            [11] 1010 	push	hl
                           1011 ;	genSend
                           1012 ;	genMove_o size 2 result type 2 source type 7 a_dead 1 hl_dead 1 de_dead 1 iy_dead 1 f_dead 1
   02EE 11rA5s07      [10] 1013 	ld	de, #___str_20
                           1014 ;	genSend
                           1015 ;	genMove_o size 2 result type 2 source type 7 a_dead 1 hl_dead 1 de_dead 0 iy_dead 1 f_dead 1
   02F1 21rBDs04      [10] 1016 	ld	hl, #___str_0
                           1017 ;	genCall
   02F4 CDr00s00      [17] 1018 	call	___fail
                           1019 ;	genLabel
   02F7                    1020 00140$:
                           1021 ;cases/bitintarith/bitintarith_width_8.c:80: ASSERT(ua / ub == (ubitinttype)(23) / (ubitinttype)(-42));
                           1022 ;	genPlus
                           1023 ;	genMove_o size 2 result type 2 source type 10 a_dead 1 hl_dead 1 de_dead 1 iy_dead 1 f_dead 1
   02F7 2Ar00s00      [16] 1024 	ld	hl, (___numTests)
   02FA 23            [ 6] 1025 	inc	hl
                           1026 ;	genMove_o size 2 result type 10 source type 2 a_dead 1 hl_dead 1 de_dead 1 iy_dead 1 f_dead 1
   02FB 22r00s00      [16] 1027 	ld	(___numTests), hl
                           1028 ;	genCast
                           1029 ;	genMove_o size 1 result type 2 source type 10 a_dead 1 hl_dead 1 de_dead 1 iy_dead 1 f_dead 1
   02FE 3Ar02s00      [13] 1030 	ld	a, (_ua)
   0301 6F            [ 4] 1031 	ld	l, a
                           1032 ;	genMove_o size 1 result type 2 source type 1 a_dead 1 hl_dead 0 de_dead 1 iy_dead 1 f_dead 1
   0302 26 00         [ 7] 1033 	ld	h, #0x00
                           1034 ;	genCast
                           1035 ;	genMove_o size 1 result type 2 source type 3 a_dead 1 hl_dead 0 de_dead 1 iy_dead 1 f_dead 1
   0304 3Ar03s00      [13] 1036 	ld	a, (_ub+0)
                           1037 ;	genMove_o size 1 result type 2 source type 1 a_dead 0 hl_dead 0 de_dead 1 iy_dead 1 f_dead 1
   0307 16 00         [ 7] 1038 	ld	d, #0x00
                           1039 ;	genSend
                           1040 ;	genMove_o size 2 result type 2 source type 2 a_dead 1 hl_dead 0 de_dead 1 iy_dead 1 f_dead 1
   0309 5F            [ 4] 1041 	ld	e, a
                           1042 ;	genMove_o size 0 result type 2 source type 1 a_dead 1 hl_dead 0 de_dead 1 iy_dead 1 f_dead 1
                           1043 ;	genSend
                           1044 ;	genMove_o size 2 result type 2 source type 2 a_dead 1 hl_dead 1 de_dead 0 iy_dead 1 f_dead 1
                           1045 ;	genCall
   030A CDr00s00      [17] 1046 	call	__divuint
                           1047 ;	genMove_o size 2 result type 2 source type 2 a_dead 1 hl_dead 1 de_dead 1 iy_dead 1 f_dead 1
                           1048 ;	genCast
                           1049 ;	genMove_o size 1 result type 2 source type 2 a_dead 1 hl_dead 1 de_dead 1 iy_dead 1 f_dead 1
   030D 7B            [ 4] 1050 	ld	a, e
                           1051 ;	genMove_o size 0 result type 2 source type 1 a_dead 1 hl_dead 1 de_dead 1 iy_dead 1 f_dead 1
                           1052 ;	genIfx
   030E B7            [ 4] 1053 	or	a, a
                           1054 ; common peephole 163 changed absolute to relative conditional jump.
   030F 28 11         [12] 1055 	jr	z, 00142$
                           1056 ;	skipping iCode since result will be rematerialized
                           1057 ;	skipping iCode since result will be rematerialized
                           1058 ;	skipping iCode since result will be rematerialized
                           1059 ;	skipping iCode since result will be rematerialized
                           1060 ;	skipping iCode since result will be rematerialized
                           1061 ;	skipping iCode since result will be rematerialized
                           1062 ;	genIpush
                           1063 ;	genMove_o size 2 result type 2 source type 1 a_dead 1 hl_dead 1 de_dead 1 iy_dead 1 f_dead 1
   0311 21 50 00      [10] 1064 	ld	hl, #0x0050
   0314 E5            [11] 1065 	push	hl
                           1066 ;	genIpush
                           1067 ;	genMove_o size 2 result type 2 source type 7 a_dead 1 hl_dead 1 de_dead 1 iy_dead 1 f_dead 1
   0315 21rD9s04      [10] 1068 	ld	hl, #___str_2
   0318 E5            [11] 1069 	push	hl
                           1070 ;	genSend
                           1071 ;	genMove_o size 2 result type 2 source type 7 a_dead 1 hl_dead 1 de_dead 1 iy_dead 1 f_dead 1
   0319 11rD7s07      [10] 1072 	ld	de, #___str_21
                           1073 ;	genSend
                           1074 ;	genMove_o size 2 result type 2 source type 7 a_dead 1 hl_dead 1 de_dead 0 iy_dead 1 f_dead 1
   031C 21rBDs04      [10] 1075 	ld	hl, #___str_0
                           1076 ;	genCall
   031F CDr00s00      [17] 1077 	call	___fail
                           1078 ;	genLabel
   0322                    1079 00142$:
                           1080 ;cases/bitintarith/bitintarith_width_8.c:83: ASSERT((a < b) == ((bitinttype)(23) < (bitinttype)(-42)));
                           1081 ;	genPlus
                           1082 ;	genMove_o size 2 result type 2 source type 10 a_dead 1 hl_dead 1 de_dead 1 iy_dead 1 f_dead 1
   0322 2Ar00s00      [16] 1083 	ld	hl, (___numTests)
   0325 23            [ 6] 1084 	inc	hl
                           1085 ;	genMove_o size 2 result type 10 source type 2 a_dead 1 hl_dead 1 de_dead 1 iy_dead 1 f_dead 1
   0326 22r00s00      [16] 1086 	ld	(___numTests), hl
                           1087 ;	genCmpLt
   0329 3Ar00s00      [13] 1088 	ld	a, (_a+0)
                           1089 ; common peephole 54 used hl instead of iy.
                           1090 ; common peephole 130a removed unnecessary +0 from constant
   032C 21r01s00      [10] 1091 	ld	hl, #_b
   032F 96            [ 7] 1092 	sub	a, (hl)
   0330 E2r35s03      [10] 1093 	jp	po, 00440$
   0333 EE 80         [ 7] 1094 	xor	a, #0x80
   0335                    1095 00440$:
   0335 F2r49s03      [10] 1096 	jp	p, 00144$
                           1097 ;	skipping generated iCode
                           1098 ;	skipping iCode since result will be rematerialized
                           1099 ;	skipping iCode since result will be rematerialized
                           1100 ;	skipping iCode since result will be rematerialized
                           1101 ;	skipping iCode since result will be rematerialized
                           1102 ;	skipping iCode since result will be rematerialized
                           1103 ;	skipping iCode since result will be rematerialized
                           1104 ;	genIpush
                           1105 ;	genMove_o size 2 result type 2 source type 1 a_dead 1 hl_dead 1 de_dead 1 iy_dead 1 f_dead 1
   0338 21 53 00      [10] 1106 	ld	hl, #0x0053
   033B E5            [11] 1107 	push	hl
                           1108 ;	genIpush
                           1109 ;	genMove_o size 2 result type 2 source type 7 a_dead 1 hl_dead 1 de_dead 1 iy_dead 1 f_dead 1
   033C 21rD9s04      [10] 1110 	ld	hl, #___str_2
   033F E5            [11] 1111 	push	hl
                           1112 ;	genSend
                           1113 ;	genMove_o size 2 result type 2 source type 7 a_dead 1 hl_dead 1 de_dead 1 iy_dead 1 f_dead 1
   0340 11r09s08      [10] 1114 	ld	de, #___str_22
                           1115 ;	genSend
                           1116 ;	genMove_o size 2 result type 2 source type 7 a_dead 1 hl_dead 1 de_dead 0 iy_dead 1 f_dead 1
   0343 21rBDs04      [10] 1117 	ld	hl, #___str_0
                           1118 ;	genCall
   0346 CDr00s00      [17] 1119 	call	___fail
                           1120 ;	genLabel
   0349                    1121 00144$:
                           1122 ;cases/bitintarith/bitintarith_width_8.c:84: ASSERT((a <= b) == ((bitinttype)(23) <= (bitinttype)(-42)));
                           1123 ;	genPlus
                           1124 ;	genMove_o size 2 result type 2 source type 10 a_dead 1 hl_dead 1 de_dead 1 iy_dead 1 f_dead 1
   0349 2Ar00s00      [16] 1125 	ld	hl, (___numTests)
   034C 23            [ 6] 1126 	inc	hl
                           1127 ;	genMove_o size 2 result type 10 source type 2 a_dead 1 hl_dead 1 de_dead 1 iy_dead 1 f_dead 1
   034D 22r00s00      [16] 1128 	ld	(___numTests), hl
                           1129 ;	genCmpGt
   0350 3Ar01s00      [13] 1130 	ld	a, (_b+0)
                           1131 ; common peephole 54 used hl instead of iy.
                           1132 ; common peephole 130a removed unnecessary +0 from constant
   0353 21r00s00      [10] 1133 	ld	hl, #_a
   0356 96            [ 7] 1134 	sub	a, (hl)
   0357 E2r5Cs03      [10] 1135 	jp	po, 00441$
   035A EE 80         [ 7] 1136 	xor	a, #0x80
   035C                    1137 00441$:
   035C FAr70s03      [10] 1138 	jp	m, 00146$
                           1139 ;	skipping generated iCode
                           1140 ;	skipping iCode since result will be rematerialized
                           1141 ;	skipping iCode since result will be rematerialized
                           1142 ;	skipping iCode since result will be rematerialized
                           1143 ;	skipping iCode since result will be rematerialized
                           1144 ;	skipping iCode since result will be rematerialized
                           1145 ;	skipping iCode since result will be rematerialized
                           1146 ;	genIpush
                           1147 ;	genMove_o size 2 result type 2 source type 1 a_dead 1 hl_dead 1 de_dead 1 iy_dead 1 f_dead 1
   035F 21 54 00      [10] 1148 	ld	hl, #0x0054
   0362 E5            [11] 1149 	push	hl
                           1150 ;	genIpush
                           1151 ;	genMove_o size 2 result type 2 source type 7 a_dead 1 hl_dead 1 de_dead 1 iy_dead 1 f_dead 1
   0363 21rD9s04      [10] 1152 	ld	hl, #___str_2
   0366 E5            [11] 1153 	push	hl
                           1154 ;	genSend
                           1155 ;	genMove_o size 2 result type 2 source type 7 a_dead 1 hl_dead 1 de_dead 1 iy_dead 1 f_dead 1
   0367 11r3Bs08      [10] 1156 	ld	de, #___str_23
                           1157 ;	genSend
                           1158 ;	genMove_o size 2 result type 2 source type 7 a_dead 1 hl_dead 1 de_dead 0 iy_dead 1 f_dead 1
   036A 21rBDs04      [10] 1159 	ld	hl, #___str_0
                           1160 ;	genCall
   036D CDr00s00      [17] 1161 	call	___fail
                           1162 ;	genLabel
   0370                    1163 00146$:
                           1164 ;cases/bitintarith/bitintarith_width_8.c:85: ASSERT((ua < ub) == ((ubitinttype)(23) < (ubitinttype)(-42)));
                           1165 ;	genPlus
                           1166 ;	genMove_o size 2 result type 2 source type 10 a_dead 1 hl_dead 1 de_dead 1 iy_dead 1 f_dead 1
   0370 2Ar00s00      [16] 1167 	ld	hl, (___numTests)
   0373 23            [ 6] 1168 	inc	hl
                           1169 ;	genMove_o size 2 result type 10 source type 2 a_dead 1 hl_dead 1 de_dead 1 iy_dead 1 f_dead 1
   0374 22r00s00      [16] 1170 	ld	(___numTests), hl
                           1171 ;	genCmpLt
   0377 3Ar02s00      [13] 1172 	ld	a, (_ua+0)
                           1173 ; common peephole 54 used hl instead of iy.
                           1174 ; common peephole 130a removed unnecessary +0 from constant
   037A 21r03s00      [10] 1175 	ld	hl, #_ub
   037D 96            [ 7] 1176 	sub	a, (hl)
   037E 3E 00         [ 7] 1177 	ld	a, #0x00
   0380 17            [ 4] 1178 	rla
                           1179 ;	genMove_o size 0 result type 2 source type 1 a_dead 1 hl_dead 0 de_dead 0 iy_dead 1 f_dead 1
                           1180 ;	genCmpEq
   0381 FE 01         [ 7] 1181 	cp	a, #0x01
                           1182 ; common peephole 163 changed absolute to relative conditional jump.
   0383 28 11         [12] 1183 	jr	z, 00148$
                           1184 ; common peephole 81 removed jp by using inverse jump logic
                           1185 ; common peephole 159 removed unused label 00442$.
                           1186 ;	skipping generated iCode
                           1187 ;	skipping iCode since result will be rematerialized
                           1188 ;	skipping iCode since result will be rematerialized
                           1189 ;	skipping iCode since result will be rematerialized
                           1190 ;	skipping iCode since result will be rematerialized
                           1191 ;	skipping iCode since result will be rematerialized
                           1192 ;	skipping iCode since result will be rematerialized
                           1193 ;	genIpush
                           1194 ;	genMove_o size 2 result type 2 source type 1 a_dead 1 hl_dead 1 de_dead 1 iy_dead 1 f_dead 1
   0385 21 55 00      [10] 1195 	ld	hl, #0x0055
   0388 E5            [11] 1196 	push	hl
                           1197 ;	genIpush
                           1198 ;	genMove_o size 2 result type 2 source type 7 a_dead 1 hl_dead 1 de_dead 1 iy_dead 1 f_dead 1
   0389 21rD9s04      [10] 1199 	ld	hl, #___str_2
   038C E5            [11] 1200 	push	hl
                           1201 ;	genSend
                           1202 ;	genMove_o size 2 result type 2 source type 7 a_dead 1 hl_dead 1 de_dead 1 iy_dead 1 f_dead 1
   038D 11r6Fs08      [10] 1203 	ld	de, #___str_24
                           1204 ;	genSend
                           1205 ;	genMove_o size 2 result type 2 source type 7 a_dead 1 hl_dead 1 de_dead 0 iy_dead 1 f_dead 1
   0390 21rBDs04      [10] 1206 	ld	hl, #___str_0
                           1207 ;	genCall
   0393 CDr00s00      [17] 1208 	call	___fail
                           1209 ;	genLabel
   0396                    1210 00148$:
                           1211 ;cases/bitintarith/bitintarith_width_8.c:86: ASSERT((ua <= ub) == ((ubitinttype)(23) <= (ubitinttype)(-42)));
                           1212 ;	genPlus
                           1213 ;	genMove_o size 2 result type 2 source type 10 a_dead 1 hl_dead 1 de_dead 1 iy_dead 1 f_dead 1
   0396 2Ar00s00      [16] 1214 	ld	hl, (___numTests)
   0399 23            [ 6] 1215 	inc	hl
                           1216 ;	genMove_o size 2 result type 10 source type 2 a_dead 1 hl_dead 1 de_dead 1 iy_dead 1 f_dead 1
   039A 22r00s00      [16] 1217 	ld	(___numTests), hl
                           1218 ;	genCmpGt
   039D 3Ar03s00      [13] 1219 	ld	a, (_ub+0)
                           1220 ; common peephole 54 used hl instead of iy.
                           1221 ; common peephole 130a removed unnecessary +0 from constant
   03A0 21r02s00      [10] 1222 	ld	hl, #_ua
   03A3 96            [ 7] 1223 	sub	a, (hl)
                           1224 ; common peephole 163 changed absolute to relative conditional jump.
   03A4 30 11         [12] 1225 	jr	nc, 00150$
                           1226 ;	skipping generated iCode
                           1227 ;	skipping iCode since result will be rematerialized
                           1228 ;	skipping iCode since result will be rematerialized
                           1229 ;	skipping iCode since result will be rematerialized
                           1230 ;	skipping iCode since result will be rematerialized
                           1231 ;	skipping iCode since result will be rematerialized
                           1232 ;	skipping iCode since result will be rematerialized
                           1233 ;	genIpush
                           1234 ;	genMove_o size 2 result type 2 source type 1 a_dead 1 hl_dead 1 de_dead 1 iy_dead 1 f_dead 1
   03A6 21 56 00      [10] 1235 	ld	hl, #0x0056
   03A9 E5            [11] 1236 	push	hl
                           1237 ;	genIpush
                           1238 ;	genMove_o size 2 result type 2 source type 7 a_dead 1 hl_dead 1 de_dead 1 iy_dead 1 f_dead 1
   03AA 21rD9s04      [10] 1239 	ld	hl, #___str_2
   03AD E5            [11] 1240 	push	hl
                           1241 ;	genSend
                           1242 ;	genMove_o size 2 result type 2 source type 7 a_dead 1 hl_dead 1 de_dead 1 iy_dead 1 f_dead 1
   03AE 11rA5s08      [10] 1243 	ld	de, #___str_25
                           1244 ;	genSend
                           1245 ;	genMove_o size 2 result type 2 source type 7 a_dead 1 hl_dead 1 de_dead 0 iy_dead 1 f_dead 1
   03B1 21rBDs04      [10] 1246 	ld	hl, #___str_0
                           1247 ;	genCall
   03B4 CDr00s00      [17] 1248 	call	___fail
                           1249 ;	genLabel
   03B7                    1250 00150$:
                           1251 ;cases/bitintarith/bitintarith_width_8.c:89: ASSERT((ua & ub) == ((ubitinttype)(23) & (ubitinttype)(-42)));
                           1252 ;	genPlus
                           1253 ;	genMove_o size 2 result type 2 source type 10 a_dead 1 hl_dead 1 de_dead 1 iy_dead 1 f_dead 1
   03B7 2Ar00s00      [16] 1254 	ld	hl, (___numTests)
   03BA 23            [ 6] 1255 	inc	hl
                           1256 ;	genMove_o size 2 result type 10 source type 2 a_dead 1 hl_dead 1 de_dead 1 iy_dead 1 f_dead 1
   03BB 22r00s00      [16] 1257 	ld	(___numTests), hl
                           1258 ;	genAnd
   03BE 3Ar02s00      [13] 1259 	ld	a, (_ua+0)
                           1260 ; common peephole 54 used hl instead of iy.
                           1261 ; common peephole 130a removed unnecessary +0 from constant
   03C1 21r03s00      [10] 1262 	ld	hl, #_ub
   03C4 A6            [ 7] 1263 	and	a, (hl)
                           1264 ;	genMove_o size 1 result type 2 source type 2 a_dead 1 hl_dead 1 de_dead 1 iy_dead 1 f_dead 1
                           1265 ;	genCmpEq
   03C5 FE 16         [ 7] 1266 	cp	a, #0x16
                           1267 ; common peephole 163 changed absolute to relative conditional jump.
   03C7 28 11         [12] 1268 	jr	z, 00152$
                           1269 ; common peephole 81 removed jp by using inverse jump logic
                           1270 ; common peephole 159 removed unused label 00443$.
                           1271 ;	skipping generated iCode
                           1272 ;	skipping iCode since result will be rematerialized
                           1273 ;	skipping iCode since result will be rematerialized
                           1274 ;	skipping iCode since result will be rematerialized
                           1275 ;	skipping iCode since result will be rematerialized
                           1276 ;	skipping iCode since result will be rematerialized
                           1277 ;	skipping iCode since result will be rematerialized
                           1278 ;	genIpush
                           1279 ;	genMove_o size 2 result type 2 source type 1 a_dead 1 hl_dead 1 de_dead 1 iy_dead 1 f_dead 1
   03C9 21 59 00      [10] 1280 	ld	hl, #0x0059
   03CC E5            [11] 1281 	push	hl
                           1282 ;	genIpush
                           1283 ;	genMove_o size 2 result type 2 source type 7 a_dead 1 hl_dead 1 de_dead 1 iy_dead 1 f_dead 1
   03CD 21rD9s04      [10] 1284 	ld	hl, #___str_2
   03D0 E5            [11] 1285 	push	hl
                           1286 ;	genSend
                           1287 ;	genMove_o size 2 result type 2 source type 7 a_dead 1 hl_dead 1 de_dead 1 iy_dead 1 f_dead 1
   03D1 11rDDs08      [10] 1288 	ld	de, #___str_26
                           1289 ;	genSend
                           1290 ;	genMove_o size 2 result type 2 source type 7 a_dead 1 hl_dead 1 de_dead 0 iy_dead 1 f_dead 1
   03D4 21rBDs04      [10] 1291 	ld	hl, #___str_0
                           1292 ;	genCall
   03D7 CDr00s00      [17] 1293 	call	___fail
                           1294 ;	genLabel
   03DA                    1295 00152$:
                           1296 ;cases/bitintarith/bitintarith_width_8.c:90: ASSERT((ua | ub) == ((ubitinttype)(23) | (ubitinttype)(-42)));
                           1297 ;	genPlus
                           1298 ;	genMove_o size 2 result type 2 source type 10 a_dead 1 hl_dead 1 de_dead 1 iy_dead 1 f_dead 1
   03DA 2Ar00s00      [16] 1299 	ld	hl, (___numTests)
   03DD 23            [ 6] 1300 	inc	hl
                           1301 ;	genMove_o size 2 result type 10 source type 2 a_dead 1 hl_dead 1 de_dead 1 iy_dead 1 f_dead 1
   03DE 22r00s00      [16] 1302 	ld	(___numTests), hl
                           1303 ;	genOr
                           1304 ;	genMove_o size 1 result type 2 source type 10 a_dead 1 hl_dead 1 de_dead 1 iy_dead 1 f_dead 1
   03E1 3Ar02s00      [13] 1305 	ld	a, (_ua)
                           1306 ; common peephole 54 used hl instead of iy.
                           1307 ; common peephole 130a removed unnecessary +0 from constant
   03E4 21r03s00      [10] 1308 	ld	hl, #_ub
   03E7 B6            [ 7] 1309 	or	a, (hl)
                           1310 ;	genMove_o size 1 result type 2 source type 2 a_dead 1 hl_dead 1 de_dead 1 iy_dead 1 f_dead 1
                           1311 ;	genCmpEq
   03E8 FE D7         [ 7] 1312 	cp	a, #0xd7
                           1313 ; common peephole 163 changed absolute to relative conditional jump.
   03EA 28 11         [12] 1314 	jr	z, 00154$
                           1315 ; common peephole 81 removed jp by using inverse jump logic
                           1316 ; common peephole 159 removed unused label 00444$.
                           1317 ;	skipping generated iCode
                           1318 ;	skipping iCode since result will be rematerialized
                           1319 ;	skipping iCode since result will be rematerialized
                           1320 ;	skipping iCode since result will be rematerialized
                           1321 ;	skipping iCode since result will be rematerialized
                           1322 ;	skipping iCode since result will be rematerialized
                           1323 ;	skipping iCode since result will be rematerialized
                           1324 ;	genIpush
                           1325 ;	genMove_o size 2 result type 2 source type 1 a_dead 1 hl_dead 1 de_dead 1 iy_dead 1 f_dead 1
   03EC 21 5A 00      [10] 1326 	ld	hl, #0x005a
   03EF E5            [11] 1327 	push	hl
                           1328 ;	genIpush
                           1329 ;	genMove_o size 2 result type 2 source type 7 a_dead 1 hl_dead 1 de_dead 1 iy_dead 1 f_dead 1
   03F0 21rD9s04      [10] 1330 	ld	hl, #___str_2
   03F3 E5            [11] 1331 	push	hl
                           1332 ;	genSend
                           1333 ;	genMove_o size 2 result type 2 source type 7 a_dead 1 hl_dead 1 de_dead 1 iy_dead 1 f_dead 1
   03F4 11r13s09      [10] 1334 	ld	de, #___str_27
                           1335 ;	genSend
                           1336 ;	genMove_o size 2 result type 2 source type 7 a_dead 1 hl_dead 1 de_dead 0 iy_dead 1 f_dead 1
   03F7 21rBDs04      [10] 1337 	ld	hl, #___str_0
                           1338 ;	genCall
   03FA CDr00s00      [17] 1339 	call	___fail
                           1340 ;	genLabel
   03FD                    1341 00154$:
                           1342 ;cases/bitintarith/bitintarith_width_8.c:91: ASSERT((ua ^ ub) == ((ubitinttype)(23) ^ (ubitinttype)(-42)));
                           1343 ;	genPlus
                           1344 ;	genMove_o size 2 result type 2 source type 10 a_dead 1 hl_dead 1 de_dead 1 iy_dead 1 f_dead 1
   03FD 2Ar00s00      [16] 1345 	ld	hl, (___numTests)
   0400 23            [ 6] 1346 	inc	hl
                           1347 ;	genMove_o size 2 result type 10 source type 2 a_dead 1 hl_dead 1 de_dead 1 iy_dead 1 f_dead 1
   0401 22r00s00      [16] 1348 	ld	(___numTests), hl
                           1349 ;	genXor
   0404 3Ar02s00      [13] 1350 	ld	a, (_ua+0)
                           1351 ; common peephole 54 used hl instead of iy.
                           1352 ; common peephole 130a removed unnecessary +0 from constant
   0407 21r03s00      [10] 1353 	ld	hl, #_ub
   040A AE            [ 7] 1354 	xor	a, (hl)
                           1355 ;	genMove_o size 1 result type 2 source type 2 a_dead 1 hl_dead 1 de_dead 1 iy_dead 1 f_dead 1
                           1356 ;	genCmpEq
   040B FE C1         [ 7] 1357 	cp	a, #0xc1
                           1358 ; common peephole 163 changed absolute to relative conditional jump.
   040D 28 11         [12] 1359 	jr	z, 00156$
                           1360 ; common peephole 81 removed jp by using inverse jump logic
                           1361 ; common peephole 159 removed unused label 00445$.
                           1362 ;	skipping generated iCode
                           1363 ;	skipping iCode since result will be rematerialized
                           1364 ;	skipping iCode since result will be rematerialized
                           1365 ;	skipping iCode since result will be rematerialized
                           1366 ;	skipping iCode since result will be rematerialized
                           1367 ;	skipping iCode since result will be rematerialized
                           1368 ;	skipping iCode since result will be rematerialized
                           1369 ;	genIpush
                           1370 ;	genMove_o size 2 result type 2 source type 1 a_dead 1 hl_dead 1 de_dead 1 iy_dead 1 f_dead 1
   040F 21 5B 00      [10] 1371 	ld	hl, #0x005b
   0412 E5            [11] 1372 	push	hl
                           1373 ;	genIpush
                           1374 ;	genMove_o size 2 result type 2 source type 7 a_dead 1 hl_dead 1 de_dead 1 iy_dead 1 f_dead 1
   0413 21rD9s04      [10] 1375 	ld	hl, #___str_2
   0416 E5            [11] 1376 	push	hl
                           1377 ;	genSend
                           1378 ;	genMove_o size 2 result type 2 source type 7 a_dead 1 hl_dead 1 de_dead 1 iy_dead 1 f_dead 1
   0417 11r49s09      [10] 1379 	ld	de, #___str_28
                           1380 ;	genSend
                           1381 ;	genMove_o size 2 result type 2 source type 7 a_dead 1 hl_dead 1 de_dead 0 iy_dead 1 f_dead 1
   041A 21rBDs04      [10] 1382 	ld	hl, #___str_0
                           1383 ;	genCall
   041D CDr00s00      [17] 1384 	call	___fail
                           1385 ;	genLabel
   0420                    1386 00156$:
                           1387 ;cases/bitintarith/bitintarith_width_8.c:94: ua = 1;
                           1388 ;	genAssign
                           1389 ;	genMove_o size 1 result type 11 source type 1 a_dead 1 hl_dead 1 de_dead 1 iy_dead 1 f_dead 1
   0420 21r02s00      [10] 1390 	ld	hl, #_ua
   0423 36 01         [10] 1391 	ld	(hl), #0x01
                           1392 ;cases/bitintarith/bitintarith_width_8.c:95: ASSERT(--ua == 0);
                           1393 ;	genPlus
                           1394 ;	genMove_o size 2 result type 2 source type 10 a_dead 1 hl_dead 1 de_dead 1 iy_dead 1 f_dead 1
   0425 2Ar00s00      [16] 1395 	ld	hl, (___numTests)
   0428 23            [ 6] 1396 	inc	hl
                           1397 ;	genMove_o size 2 result type 10 source type 2 a_dead 1 hl_dead 1 de_dead 1 iy_dead 1 f_dead 1
   0429 22r00s00      [16] 1398 	ld	(___numTests), hl
                           1399 ;	genMinus
   042C 3Ar02s00      [13] 1400 	ld	a, (_ua+0)
   042F 3D            [ 4] 1401 	dec	a
                           1402 ;	genAssign
                           1403 ;	genMove_o size 1 result type 11 source type 2 a_dead 0 hl_dead 1 de_dead 1 iy_dead 1 f_dead 1
   0430 32r02s00      [13] 1404 	ld	(#_ua), a
                           1405 ; common peephole 19 loaded (#_ua) from a directly instead of using hl.
                           1406 ;	genIfx
   0433 B7            [ 4] 1407 	or	a, a
                           1408 ; common peephole 163 changed absolute to relative conditional jump.
   0434 28 11         [12] 1409 	jr	z, 00158$
                           1410 ;	skipping iCode since result will be rematerialized
                           1411 ;	skipping iCode since result will be rematerialized
                           1412 ;	skipping iCode since result will be rematerialized
                           1413 ;	skipping iCode since result will be rematerialized
                           1414 ;	skipping iCode since result will be rematerialized
                           1415 ;	skipping iCode since result will be rematerialized
                           1416 ;	genIpush
                           1417 ;	genMove_o size 2 result type 2 source type 1 a_dead 1 hl_dead 1 de_dead 1 iy_dead 1 f_dead 1
   0436 21 5F 00      [10] 1418 	ld	hl, #0x005f
   0439 E5            [11] 1419 	push	hl
                           1420 ;	genIpush
                           1421 ;	genMove_o size 2 result type 2 source type 7 a_dead 1 hl_dead 1 de_dead 1 iy_dead 1 f_dead 1
   043A 21rD9s04      [10] 1422 	ld	hl, #___str_2
   043D E5            [11] 1423 	push	hl
                           1424 ;	genSend
                           1425 ;	genMove_o size 2 result type 2 source type 7 a_dead 1 hl_dead 1 de_dead 1 iy_dead 1 f_dead 1
   043E 11r7Fs09      [10] 1426 	ld	de, #___str_29
                           1427 ;	genSend
                           1428 ;	genMove_o size 2 result type 2 source type 7 a_dead 1 hl_dead 1 de_dead 0 iy_dead 1 f_dead 1
   0441 21rBDs04      [10] 1429 	ld	hl, #___str_0
                           1430 ;	genCall
   0444 CDr00s00      [17] 1431 	call	___fail
                           1432 ;	genLabel
   0447                    1433 00158$:
                           1434 ;cases/bitintarith/bitintarith_width_8.c:96: ASSERT(--ua == (ubitinttype)0xffffffffffffffffull);
                           1435 ;	genPlus
                           1436 ;	genMove_o size 2 result type 2 source type 10 a_dead 1 hl_dead 1 de_dead 1 iy_dead 1 f_dead 1
   0447 2Ar00s00      [16] 1437 	ld	hl, (___numTests)
   044A 23            [ 6] 1438 	inc	hl
                           1439 ;	genMove_o size 2 result type 10 source type 2 a_dead 1 hl_dead 1 de_dead 1 iy_dead 1 f_dead 1
   044B 22r00s00      [16] 1440 	ld	(___numTests), hl
                           1441 ;	genMinus
   044E 3Ar02s00      [13] 1442 	ld	a, (_ua+0)
   0451 3D            [ 4] 1443 	dec	a
                           1444 ;	genAssign
                           1445 ;	genMove_o size 1 result type 11 source type 2 a_dead 0 hl_dead 1 de_dead 1 iy_dead 1 f_dead 1
   0452 32r02s00      [13] 1446 	ld	(#_ua), a
                           1447 ; common peephole 19 loaded (#_ua) from a directly instead of using hl.
                           1448 ;	genCmpEq
   0455 FE FF         [ 7] 1449 	cp	a, #0xff
                           1450 ; common peephole 163 changed absolute to relative conditional jump.
   0457 28 11         [12] 1451 	jr	z, 00160$
                           1452 ; common peephole 81 removed jp by using inverse jump logic
                           1453 ; common peephole 159 removed unused label 00446$.
                           1454 ;	skipping generated iCode
                           1455 ;	skipping iCode since result will be rematerialized
                           1456 ;	skipping iCode since result will be rematerialized
                           1457 ;	skipping iCode since result will be rematerialized
                           1458 ;	skipping iCode since result will be rematerialized
                           1459 ;	skipping iCode since result will be rematerialized
                           1460 ;	skipping iCode since result will be rematerialized
                           1461 ;	genIpush
                           1462 ;	genMove_o size 2 result type 2 source type 1 a_dead 1 hl_dead 1 de_dead 1 iy_dead 1 f_dead 1
   0459 21 60 00      [10] 1463 	ld	hl, #0x0060
   045C E5            [11] 1464 	push	hl
                           1465 ;	genIpush
                           1466 ;	genMove_o size 2 result type 2 source type 7 a_dead 1 hl_dead 1 de_dead 1 iy_dead 1 f_dead 1
   045D 21rD9s04      [10] 1467 	ld	hl, #___str_2
   0460 E5            [11] 1468 	push	hl
                           1469 ;	genSend
                           1470 ;	genMove_o size 2 result type 2 source type 7 a_dead 1 hl_dead 1 de_dead 1 iy_dead 1 f_dead 1
   0461 11r89s09      [10] 1471 	ld	de, #___str_30
                           1472 ;	genSend
                           1473 ;	genMove_o size 2 result type 2 source type 7 a_dead 1 hl_dead 1 de_dead 0 iy_dead 1 f_dead 1
   0464 21rBDs04      [10] 1474 	ld	hl, #___str_0
                           1475 ;	genCall
   0467 CDr00s00      [17] 1476 	call	___fail
                           1477 ;	genLabel
   046A                    1478 00160$:
                           1479 ;cases/bitintarith/bitintarith_width_8.c:97: ASSERT(++ua == 0);
                           1480 ;	genPlus
                           1481 ;	genMove_o size 2 result type 2 source type 10 a_dead 1 hl_dead 1 de_dead 1 iy_dead 1 f_dead 1
   046A 2Ar00s00      [16] 1482 	ld	hl, (___numTests)
   046D 23            [ 6] 1483 	inc	hl
                           1484 ;	genMove_o size 2 result type 10 source type 2 a_dead 1 hl_dead 1 de_dead 1 iy_dead 1 f_dead 1
   046E 22r00s00      [16] 1485 	ld	(___numTests), hl
                           1486 ;	genPlus
   0471 3Ar02s00      [13] 1487 	ld	a, (_ua+0)
   0474 3C            [ 4] 1488 	inc	a
                           1489 ;	genAssign
                           1490 ;	genMove_o size 1 result type 11 source type 2 a_dead 0 hl_dead 1 de_dead 1 iy_dead 1 f_dead 1
   0475 32r02s00      [13] 1491 	ld	(#_ua), a
                           1492 ; common peephole 19 loaded (#_ua) from a directly instead of using hl.
                           1493 ;	genIfx
   0478 B7            [ 4] 1494 	or	a, a
                           1495 ; common peephole 163 changed absolute to relative conditional jump.
   0479 28 11         [12] 1496 	jr	z, 00162$
                           1497 ;	skipping iCode since result will be rematerialized
                           1498 ;	skipping iCode since result will be rematerialized
                           1499 ;	skipping iCode since result will be rematerialized
                           1500 ;	skipping iCode since result will be rematerialized
                           1501 ;	skipping iCode since result will be rematerialized
                           1502 ;	skipping iCode since result will be rematerialized
                           1503 ;	genIpush
                           1504 ;	genMove_o size 2 result type 2 source type 1 a_dead 1 hl_dead 1 de_dead 1 iy_dead 1 f_dead 1
   047B 21 61 00      [10] 1505 	ld	hl, #0x0061
   047E E5            [11] 1506 	push	hl
                           1507 ;	genIpush
                           1508 ;	genMove_o size 2 result type 2 source type 7 a_dead 1 hl_dead 1 de_dead 1 iy_dead 1 f_dead 1
   047F 21rD9s04      [10] 1509 	ld	hl, #___str_2
   0482 E5            [11] 1510 	push	hl
                           1511 ;	genSend
                           1512 ;	genMove_o size 2 result type 2 source type 7 a_dead 1 hl_dead 1 de_dead 1 iy_dead 1 f_dead 1
   0483 11rB4s09      [10] 1513 	ld	de, #___str_31
                           1514 ;	genSend
                           1515 ;	genMove_o size 2 result type 2 source type 7 a_dead 1 hl_dead 1 de_dead 0 iy_dead 1 f_dead 1
   0486 21rBDs04      [10] 1516 	ld	hl, #___str_0
                           1517 ;	genCall
   0489 CDr00s00      [17] 1518 	call	___fail
                           1519 ;	genLabel
   048C                    1520 00162$:
                           1521 ;cases/bitintarith/bitintarith_width_8.c:99: ua = 1ull << (8 - 1);
                           1522 ;	genAssign
                           1523 ;	genMove_o size 1 result type 11 source type 1 a_dead 1 hl_dead 1 de_dead 1 iy_dead 1 f_dead 1
   048C 21r02s00      [10] 1524 	ld	hl, #_ua
   048F 36 80         [10] 1525 	ld	(hl), #0x80
                           1526 ;cases/bitintarith/bitintarith_width_8.c:100: ASSERT(ua / 4 == (1ull << (8 - 1)) / 4ull); // Underlying issue of bug #3855: a signed division was used for some unsigned _BitInt divisions.
                           1527 ;	genPlus
                           1528 ;	genMove_o size 2 result type 2 source type 10 a_dead 1 hl_dead 1 de_dead 1 iy_dead 1 f_dead 1
   0491 2Ar00s00      [16] 1529 	ld	hl, (___numTests)
   0494 23            [ 6] 1530 	inc	hl
                           1531 ;	genMove_o size 2 result type 10 source type 2 a_dead 1 hl_dead 1 de_dead 1 iy_dead 1 f_dead 1
   0495 22r00s00      [16] 1532 	ld	(___numTests), hl
                           1533 ;	genCast
                           1534 ;	genMove_o size 1 result type 2 source type 10 a_dead 1 hl_dead 1 de_dead 1 iy_dead 1 f_dead 1
   0498 3Ar02s00      [13] 1535 	ld	a, (_ua)
                           1536 ;	genMove_o size 1 result type 2 source type 1 a_dead 0 hl_dead 1 de_dead 1 iy_dead 1 f_dead 1
   049B 06 00         [ 7] 1537 	ld	b, #0x00
                           1538 ;	genRightShift
                           1539 ;fetchPairLong
   049D 4F            [ 4] 1540 	ld	c, a
   049E CB 28         [ 8] 1541 	sra	b
   04A0 CB 19         [ 8] 1542 	rr	c
   04A2 CB 28         [ 8] 1543 	sra	b
   04A4 CB 19         [ 8] 1544 	rr	c
                           1545 ;	genCmpEq
                           1546 ;	genMove_o size 1 result type 2 source type 2 a_dead 1 hl_dead 1 de_dead 0 iy_dead 0 f_dead 1
   04A6 79            [ 4] 1547 	ld	a, c
                           1548 ;	genMove_o size 0 result type 2 source type 1 a_dead 1 hl_dead 1 de_dead 0 iy_dead 0 f_dead 1
   04A7 D6 20         [ 7] 1549 	sub	a, #0x20
   04A9 B0            [ 4] 1550 	or	a, b
   04AA C8            [11] 1551 	ret	z
                           1552 ; common peephole 161 replaced jump by return.
                           1553 ; common peephole 81 removed jp by using inverse jump logic
                           1554 ; common peephole 159 removed unused label 00447$.
                           1555 ;	skipping generated iCode
                           1556 ;	skipping iCode since result will be rematerialized
                           1557 ;	skipping iCode since result will be rematerialized
                           1558 ;	skipping iCode since result will be rematerialized
                           1559 ;	skipping iCode since result will be rematerialized
                           1560 ;	skipping iCode since result will be rematerialized
                           1561 ;	skipping iCode since result will be rematerialized
                           1562 ;	genIpush
                           1563 ;	genMove_o size 2 result type 2 source type 1 a_dead 1 hl_dead 1 de_dead 1 iy_dead 1 f_dead 1
   04AB 21 64 00      [10] 1564 	ld	hl, #0x0064
   04AE E5            [11] 1565 	push	hl
                           1566 ;	genIpush
                           1567 ;	genMove_o size 2 result type 2 source type 7 a_dead 1 hl_dead 1 de_dead 1 iy_dead 1 f_dead 1
   04AF 21rD9s04      [10] 1568 	ld	hl, #___str_2
   04B2 E5            [11] 1569 	push	hl
                           1570 ;	genSend
                           1571 ;	genMove_o size 2 result type 2 source type 7 a_dead 1 hl_dead 1 de_dead 1 iy_dead 1 f_dead 1
   04B3 11rBEs09      [10] 1572 	ld	de, #___str_32
                           1573 ;	genSend
                           1574 ;	genMove_o size 2 result type 2 source type 7 a_dead 1 hl_dead 1 de_dead 0 iy_dead 1 f_dead 1
   04B6 21rBDs04      [10] 1575 	ld	hl, #___str_0
                           1576 ;	genCall
   04B9 CDr00s00      [17] 1577 	call	___fail
                           1578 ;	genLabel
                           1579 ; common peephole 159 removed unused label 00101$.
                           1580 ;cases/bitintarith/bitintarith_width_8.c:106: }
                           1581 ;	genEndFunction
   04BC C9            [10] 1582 	ret
                           1583 ;	Total testBitIntArith function size at codegen: 1 bytes.
   04BD                    1584 ___str_0:
   04BD 41 73 73 65 72 74  1585 	.ascii "Assertion failed"
        69 6F 6E 20 66 61
        69 6C 65 64
   04CD 00                 1586 	.db 0x00
   04CE                    1587 ___str_1:
   04CE 61 20 2B 20 62 20  1588 	.ascii "a + b == 0"
        3D 3D 20 30
   04D8 00                 1589 	.db 0x00
   04D9                    1590 ___str_2:
   04D9 63 61 73 65 73 2F  1591 	.ascii "cases/bitintarith/bitintarith_width_8.c"
        62 69 74 69 6E 74
        61 72 69 74 68 2F
        62 69 74 69 6E 74
        61 72 69 74 68 5F
        77 69 64 74 68 5F
        38 2E 63
   0500 00                 1592 	.db 0x00
   0501                    1593 ___str_3:
   0501 75 61 20 2B 20 75  1594 	.ascii "ua + ub == 2"
        62 20 3D 3D 20 32
   050D 00                 1595 	.db 0x00
   050E                    1596 ___str_4:
   050E 61 20 3C 3C 20 31  1597 	.ascii "a << 1 == (bitinttype)(3) << 1"
        20 3D 3D 20 28 62
        69 74 69 6E 74 74
        79 70 65 29 28 33
        29 20 3C 3C 20 31
   052C 00                 1598 	.db 0x00
   052D                    1599 ___str_5:
   052D 75 61 20 3C 3C 20  1600 	.ascii "ua << 1 == (ubitinttype)(3) << 1"
        31 20 3D 3D 20 28
        75 62 69 74 69 6E
        74 74 79 70 65 29
        28 33 29 20 3C 3C
        20 31
   054D 00                 1601 	.db 0x00
   054E                    1602 ___str_6:
   054E 75 61 20 3C 3C 20  1603 	.ascii "ua << 3 == (ubitinttype)(3) << 3"
        33 20 3D 3D 20 28
        75 62 69 74 69 6E
        74 74 79 70 65 29
        28 33 29 20 3C 3C
        20 33
   056E 00                 1604 	.db 0x00
   056F                    1605 ___str_7:
   056F 61 20 3E 3E 20 31  1606 	.ascii "a >> 1 == (bitinttype)(3) >> 1"
        20 3D 3D 20 28 62
        69 74 69 6E 74 74
        79 70 65 29 28 33
        29 20 3E 3E 20 31
   058D 00                 1607 	.db 0x00
   058E                    1608 ___str_8:
   058E 75 61 20 3E 3E 20  1609 	.ascii "ua >> 1 == (ubitinttype)(3) >> 1"
        31 20 3D 3D 20 28
        75 62 69 74 69 6E
        74 74 79 70 65 29
        28 33 29 20 3E 3E
        20 31
   05AE 00                 1610 	.db 0x00
   05AF                    1611 ___str_9:
   05AF 75 61 20 3C 3C 20  1612 	.ascii "ua << 1 == (ubitinttype)(0xffffffff) << 1"
        31 20 3D 3D 20 28
        75 62 69 74 69 6E
        74 74 79 70 65 29
        28 30 78 66 66 66
        66 66 66 66 66 29
        20 3C 3C 20 31
   05D8 00                 1613 	.db 0x00
   05D9                    1614 ___str_10:
   05D9 75 61 20 3E 3E 20  1615 	.ascii "ua >> 1 == (ubitinttype)(0xffffffff) >> 1"
        31 20 3D 3D 20 28
        75 62 69 74 69 6E
        74 74 79 70 65 29
        28 30 78 66 66 66
        66 66 66 66 66 29
        20 3E 3E 20 31
   0602 00                 1616 	.db 0x00
   0603                    1617 ___str_11:
   0603 75 61 20 3C 3C 20  1618 	.ascii "ua << c == (ubitinttype)(0xffffffff) << 1"
        63 20 3D 3D 20 28
        75 62 69 74 69 6E
        74 74 79 70 65 29
        28 30 78 66 66 66
        66 66 66 66 66 29
        20 3C 3C 20 31
   062C 00                 1619 	.db 0x00
   062D                    1620 ___str_12:
   062D 75 61 20 3E 3E 20  1621 	.ascii "ua >> c == (ubitinttype)(0xffffffff) >> 1"
        63 20 3D 3D 20 28
        75 62 69 74 69 6E
        74 74 79 70 65 29
        28 30 78 66 66 66
        66 66 66 66 66 29
        20 3E 3E 20 31
   0656 00                 1622 	.db 0x00
   0657                    1623 ___str_13:
   0657 61 20 2B 20 62 20  1624 	.ascii "a + b == (bitinttype)(23) + (bitinttype)(-42)"
        3D 3D 20 28 62 69
        74 69 6E 74 74 79
        70 65 29 28 32 33
        29 20 2B 20 28 62
        69 74 69 6E 74 74
        79 70 65 29 28 2D
        34 32 29
   0684 00                 1625 	.db 0x00
   0685                    1626 ___str_14:
   0685 61 20 2D 20 62 20  1627 	.ascii "a - b == (bitinttype)(23) - (bitinttype)(-42)"
        3D 3D 20 28 62 69
        74 69 6E 74 74 79
        70 65 29 28 32 33
        29 20 2D 20 28 62
        69 74 69 6E 74 74
        79 70 65 29 28 2D
        34 32 29
   06B2 00                 1628 	.db 0x00
   06B3                    1629 ___str_15:
   06B3 75 61 20 2B 20 75  1630 	.ascii "ua + ub == (ubitinttype)(23) + (ubitinttype)(-42)"
        62 20 3D 3D 20 28
        75 62 69 74 69 6E
        74 74 79 70 65 29
        28 32 33 29 20 2B
        20 28 75 62 69 74
        69 6E 74 74 79 70
        65 29 28 2D 34 32
        29
   06E4 00                 1631 	.db 0x00
   06E5                    1632 ___str_16:
   06E5 75 61 20 2D 20 75  1633 	.ascii "ua - ub == (ubitinttype)(23) - (ubitinttype)(-42)"
        62 20 3D 3D 20 28
        75 62 69 74 69 6E
        74 74 79 70 65 29
        28 32 33 29 20 2D
        20 28 75 62 69 74
        69 6E 74 74 79 70
        65 29 28 2D 34 32
        29
   0716 00                 1634 	.db 0x00
   0717                    1635 ___str_17:
   0717 61 20 25 20 62 20  1636 	.ascii "a % b == (bitinttype)(23) % (bitinttype)(-42)"
        3D 3D 20 28 62 69
        74 69 6E 74 74 79
        70 65 29 28 32 33
        29 20 25 20 28 62
        69 74 69 6E 74 74
        79 70 65 29 28 2D
        34 32 29
   0744 00                 1637 	.db 0x00
   0745                    1638 ___str_18:
   0745 61 20 2F 20 62 20  1639 	.ascii "a / b == (bitinttype)(23) / (bitinttype)(-42)"
        3D 3D 20 28 62 69
        74 69 6E 74 74 79
        70 65 29 28 32 33
        29 20 2F 20 28 62
        69 74 69 6E 74 74
        79 70 65 29 28 2D
        34 32 29
   0772 00                 1640 	.db 0x00
   0773                    1641 ___str_19:
   0773 75 61 20 2A 20 75  1642 	.ascii "ua * ub == (ubitinttype)(23) * (ubitinttype)(-42)"
        62 20 3D 3D 20 28
        75 62 69 74 69 6E
        74 74 79 70 65 29
        28 32 33 29 20 2A
        20 28 75 62 69 74
        69 6E 74 74 79 70
        65 29 28 2D 34 32
        29
   07A4 00                 1643 	.db 0x00
   07A5                    1644 ___str_20:
   07A5 75 61 20 25 20 75  1645 	.ascii "ua % ub == (ubitinttype)(23) % (ubitinttype)(-42)"
        62 20 3D 3D 20 28
        75 62 69 74 69 6E
        74 74 79 70 65 29
        28 32 33 29 20 25
        20 28 75 62 69 74
        69 6E 74 74 79 70
        65 29 28 2D 34 32
        29
   07D6 00                 1646 	.db 0x00
   07D7                    1647 ___str_21:
   07D7 75 61 20 2F 20 75  1648 	.ascii "ua / ub == (ubitinttype)(23) / (ubitinttype)(-42)"
        62 20 3D 3D 20 28
        75 62 69 74 69 6E
        74 74 79 70 65 29
        28 32 33 29 20 2F
        20 28 75 62 69 74
        69 6E 74 74 79 70
        65 29 28 2D 34 32
        29
   0808 00                 1649 	.db 0x00
   0809                    1650 ___str_22:
   0809 28 61 20 3C 20 62  1651 	.ascii "(a < b) == ((bitinttype)(23) < (bitinttype)(-42))"
        29 20 3D 3D 20 28
        28 62 69 74 69 6E
        74 74 79 70 65 29
        28 32 33 29 20 3C
        20 28 62 69 74 69
        6E 74 74 79 70 65
        29 28 2D 34 32 29
        29
   083A 00                 1652 	.db 0x00
   083B                    1653 ___str_23:
   083B 28 61 20 3C 3D 20  1654 	.ascii "(a <= b) == ((bitinttype)(23) <= (bitinttype)(-42))"
        62 29 20 3D 3D 20
        28 28 62 69 74 69
        6E 74 74 79 70 65
        29 28 32 33 29 20
        3C 3D 20 28 62 69
        74 69 6E 74 74 79
        70 65 29 28 2D 34
        32 29 29
   086E 00                 1655 	.db 0x00
   086F                    1656 ___str_24:
   086F 28 75 61 20 3C 20  1657 	.ascii "(ua < ub) == ((ubitinttype)(23) < (ubitinttype)(-42))"
        75 62 29 20 3D 3D
        20 28 28 75 62 69
        74 69 6E 74 74 79
        70 65 29 28 32 33
        29 20 3C 20 28 75
        62 69 74 69 6E 74
        74 79 70 65 29 28
        2D 34 32 29 29
   08A4 00                 1658 	.db 0x00
   08A5                    1659 ___str_25:
   08A5 28 75 61 20 3C 3D  1660 	.ascii "(ua <= ub) == ((ubitinttype)(23) <= (ubitinttype)(-42))"
        20 75 62 29 20 3D
        3D 20 28 28 75 62
        69 74 69 6E 74 74
        79 70 65 29 28 32
        33 29 20 3C 3D 20
        28 75 62 69 74 69
        6E 74 74 79 70 65
        29 28 2D 34 32 29
        29
   08DC 00                 1661 	.db 0x00
   08DD                    1662 ___str_26:
   08DD 28 75 61 20 26 20  1663 	.ascii "(ua & ub) == ((ubitinttype)(23) & (ubitinttype)(-42))"
        75 62 29 20 3D 3D
        20 28 28 75 62 69
        74 69 6E 74 74 79
        70 65 29 28 32 33
        29 20 26 20 28 75
        62 69 74 69 6E 74
        74 79 70 65 29 28
        2D 34 32 29 29
   0912 00                 1664 	.db 0x00
   0913                    1665 ___str_27:
   0913 28 75 61 20 7C 20  1666 	.ascii "(ua | ub) == ((ubitinttype)(23) | (ubitinttype)(-42))"
        75 62 29 20 3D 3D
        20 28 28 75 62 69
        74 69 6E 74 74 79
        70 65 29 28 32 33
        29 20 7C 20 28 75
        62 69 74 69 6E 74
        74 79 70 65 29 28
        2D 34 32 29 29
   0948 00                 1667 	.db 0x00
   0949                    1668 ___str_28:
   0949 28 75 61 20 5E 20  1669 	.ascii "(ua ^ ub) == ((ubitinttype)(23) ^ (ubitinttype)(-42))"
        75 62 29 20 3D 3D
        20 28 28 75 62 69
        74 69 6E 74 74 79
        70 65 29 28 32 33
        29 20 5E 20 28 75
        62 69 74 69 6E 74
        74 79 70 65 29 28
        2D 34 32 29 29
   097E 00                 1670 	.db 0x00
   097F                    1671 ___str_29:
   097F 2D 2D 75 61 20 3D  1672 	.ascii "--ua == 0"
        3D 20 30
   0988 00                 1673 	.db 0x00
   0989                    1674 ___str_30:
   0989 2D 2D 75 61 20 3D  1675 	.ascii "--ua == (ubitinttype)0xffffffffffffffffull"
        3D 20 28 75 62 69
        74 69 6E 74 74 79
        70 65 29 30 78 66
        66 66 66 66 66 66
        66 66 66 66 66 66
        66 66 66 75 6C 6C
   09B3 00                 1676 	.db 0x00
   09B4                    1677 ___str_31:
   09B4 2B 2B 75 61 20 3D  1678 	.ascii "++ua == 0"
        3D 20 30
   09BD 00                 1679 	.db 0x00
   09BE                    1680 ___str_32:
   09BE 75 61 20 2F 20 34  1681 	.ascii "ua / 4 == (1ull << (8 - 1)) / 4ull"
        20 3D 3D 20 28 31
        75 6C 6C 20 3C 3C
        20 28 38 20 2D 20
        31 29 29 20 2F 20
        34 75 6C 6C
   09E0 00                 1682 	.db 0x00
                           1683 ;cases/bitintarith/bitintarith_width_8.c:110: __runSuite(void)
                           1684 ;	genLabel
                           1685 ;	genFunction
                           1686 ;	---------------------------------
                           1687 ; Function __runSuite
                           1688 ; ---------------------------------
                           1689 ;	Register assignment is optimal.
                           1690 ; Stack space usage: 0 bytes.
   09E1                    1691 ___runSuite::
                           1692 ;cases/bitintarith/bitintarith_width_8.c:112: __prints("Running testBitIntArith\n");
                           1693 ;	skipping iCode since result will be rematerialized
                           1694 ;	skipping iCode since result will be rematerialized
                           1695 ;	genSend
                           1696 ;	genMove_o size 2 result type 2 source type 7 a_dead 1 hl_dead 1 de_dead 1 iy_dead 1 f_dead 1
   09E1 21rEAs09      [10] 1697 	ld	hl, #___str_33
                           1698 ;	genCall
   09E4 CDr00s00      [17] 1699 	call	___prints
                           1700 ;cases/bitintarith/bitintarith_width_8.c:113: testBitIntArith();
                           1701 ;	genCall
                           1702 ;	genLabel
                           1703 ; common peephole 159 removed unused label 00101$.
                           1704 ;cases/bitintarith/bitintarith_width_8.c:114: }
                           1705 ;	genEndFunction
   09E7 C3r00s00      [10] 1706 	jp	_testBitIntArith
                           1707 ; common peephole 152 removed unused ret.
                           1708 ;	Total __runSuite function size at codegen: 1 bytes.
   09EA                    1709 ___str_33:
   09EA 52 75 6E 6E 69 6E  1710 	.ascii "Running testBitIntArith"
        67 20 74 65 73 74
        42 69 74 49 6E 74
        41 72 69 74 68
   0A01 0A                 1711 	.db 0x0a
   0A02 00                 1712 	.db 0x00
                           1713 ;cases/bitintarith/bitintarith_width_8.c:119: __getSuiteName(void)
                           1714 ;	genLabel
                           1715 ;	genFunction
                           1716 ;	---------------------------------
                           1717 ; Function __getSuiteName
                           1718 ; ---------------------------------
                           1719 ;	Register assignment is optimal.
                           1720 ; Stack space usage: 0 bytes.
   0A03                    1721 ___getSuiteName::
                           1722 ;cases/bitintarith/bitintarith_width_8.c:121: return "bitintarith_width_8";
                           1723 ;	skipping iCode since result will be rematerialized
                           1724 ;	skipping iCode since result will be rematerialized
                           1725 ;	genRet
                           1726 ;	genMove_o size 2 result type 2 source type 7 a_dead 1 hl_dead 1 de_dead 1 iy_dead 1 f_dead 1
   0A03 11r09s0A      [10] 1727 	ld	de, #___str_34
                           1728 ;	genLabel
                           1729 ; common peephole 159 removed unused label 00101$.
                           1730 ;cases/bitintarith/bitintarith_width_8.c:122: }
                           1731 ;	genEndFunction
   0A06 C9            [10] 1732 	ret
                           1733 ;	Total __getSuiteName function size at codegen: 1 bytes.
   0A07                    1734 ___numCases:
   0A07 01 00              1735 	.dw #0x0001
   0A09                    1736 ___str_34:
   0A09 62 69 74 69 6E 74  1737 	.ascii "bitintarith_width_8"
        61 72 69 74 68 5F
        77 69 64 74 68 5F
        38
   0A1C 00                 1738 	.db 0x00
                           1739 	.area _CODE (BANK=_CSEG)
                           1740 	.area _INITIALIZER
   0000                    1741 __xinit__c:
   0000 01                 1742 	.db #0x01	; 1
                           1743 	.area _CABS (ABS)
