                              1 ;--------------------------------------------------------
                              2 ; File Created by SDCC : free open source ISO C Compiler
                              3 ; Version 4.6.2 #16710 (Linux)
                              4 ;--------------------------------------------------------
                              5 	.module far_arithmetic_type_unsigned_int
                              6 	
                              7 ;--------------------------------------------------------
                              8 ; Public variables in this module
                              9 ;--------------------------------------------------------
                             10 	.globl _testMul
                             11 	.globl _testShift
                             12 	.globl _testSub
                             13 	.globl _testAdd
                             14 	.globl _testXor
                             15 	.globl _testOr
                             16 	.globl _testAnd
                             17 	.globl ___prints
                             18 	.globl ___fail
                             19 	.globl _ii
                             20 	.globl _j
                             21 	.globl _i
                             22 	.globl _farmemblock
                             23 	.globl ___numCases
                             24 	.globl _ci
                             25 	.globl _dummy
                             26 	.globl ___runSuite
                             27 	.globl ___getSuiteName
                             28 ;--------------------------------------------------------
                             29 ; special function registers
                             30 ;--------------------------------------------------------
                             31 ;--------------------------------------------------------
                             32 ; ram data
                             33 ;--------------------------------------------------------
                             34 	.area _DATA (BANK=_DSEG)
   0000                      35 _farmemblock::
   0000                      36 	.ds 2
   0002                      37 _i::
   0002                      38 	.ds 2
   0004                      39 _j::
   0004                      40 	.ds 2
                             41 ;--------------------------------------------------------
                             42 ; ram data
                             43 ;--------------------------------------------------------
                             44 	.area _INITIALIZED
   0000                      45 _ii::
   0000                      46 	.ds 2
                             47 ;--------------------------------------------------------
                             48 ; absolute ram data
                             49 ;--------------------------------------------------------
                             50 	.area _DABS (ABS)
                             51 	.area _DABS (ABS)
                             52 ;--------------------------------------------------------
                             53 ; global & static initialisations
                             54 ;--------------------------------------------------------
                             55 	.area _HOME
                             56 	.area _GSINIT
                             57 	.area _GSFINAL
                             58 	.area _GSINIT
                             59 ;--------------------------------------------------------
                             60 ; Home
                             61 ;--------------------------------------------------------
                             62 	.area _HOME (BANK=_CSEG)
                             63 	.area _HOME (BANK=_CSEG)
                             64 ;--------------------------------------------------------
                             65 ; code
                             66 ;--------------------------------------------------------
                             67 	.area _CODE (BANK=_CSEG)
                             68 ;cases/far_arithmetic/far_arithmetic_type_unsigned_int.c:28: void testAnd (void)
                             69 ;	genLabel
                             70 ;	genFunction
                             71 ;	---------------------------------
                             72 ; Function testAnd
                             73 ; ---------------------------------
                             74 ;	Register assignment might be sub-optimal.
                             75 ; Stack space usage: 0 bytes.
   0000                      76 _testAnd::
                             77 ;cases/far_arithmetic/far_arithmetic_type_unsigned_int.c:30: i = ii & RIGHT;
                             78 ;	genAnd
   0000 3Ar00s00      [13]   79 	ld	a, (_ii+0)
   0003 E6 03         [ 7]   80 	and	a, #0x03
                             81 ;	genMove_o size 1 result type 10 source type 2 a_dead 1 hl_dead 1 de_dead 1 iy_dead 1 f_dead 1
   0005 32r02s00      [13]   82 	ld	(_i+0), a
                             83 ;	genMove_o size 1 result type 10 source type 1 a_dead 1 hl_dead 1 de_dead 1 iy_dead 1 f_dead 1
   0008 AF            [ 4]   84 	xor	a, a
   0009 32r03s00      [13]   85 	ld	(_i+1), a
                             86 ;cases/far_arithmetic/far_arithmetic_type_unsigned_int.c:31: j = ci & RIGHT;
                             87 ;	genAssign
                             88 ;fetchPairLong
   000C 21 02 00      [10]   89 	ld	hl, #0x0002
                             90 ;	genMove_o size 2 result type 10 source type 2 a_dead 1 hl_dead 1 de_dead 1 iy_dead 1 f_dead 1
   000F 22r04s00      [16]   91 	ld	(_j), hl
                             92 ;cases/far_arithmetic/far_arithmetic_type_unsigned_int.c:32: dummy ();
                             93 ;	genCall
   0012 CDrB2s07      [17]   94 	call	_dummy
                             95 ;cases/far_arithmetic/far_arithmetic_type_unsigned_int.c:33: ASSERT (i == (ii & RIGHT));
                             96 ;	genPlus
                             97 ;	genMove_o size 2 result type 2 source type 10 a_dead 1 hl_dead 1 de_dead 1 iy_dead 1 f_dead 1
   0015 2Ar00s00      [16]   98 	ld	hl, (___numTests)
   0018 23            [ 6]   99 	inc	hl
                            100 ;	genMove_o size 2 result type 10 source type 2 a_dead 1 hl_dead 1 de_dead 1 iy_dead 1 f_dead 1
   0019 22r00s00      [16]  101 	ld	(___numTests), hl
                            102 ;	genAnd
   001C 3Ar00s00      [13]  103 	ld	a, (_ii+0)
   001F E6 03         [ 7]  104 	and	a, #0x03
                            105 ;	genMove_o size 1 result type 2 source type 2 a_dead 1 hl_dead 1 de_dead 1 iy_dead 1 f_dead 1
   0021 4F            [ 4]  106 	ld	c, a
                            107 ;	genMove_o size 0 result type 2 source type 1 a_dead 1 hl_dead 1 de_dead 1 iy_dead 1 f_dead 1
                            108 ;	genMove_o size 1 result type 2 source type 1 a_dead 1 hl_dead 1 de_dead 1 iy_dead 1 f_dead 1
   0022 06 00         [ 7]  109 	ld	b, #0x00
                            110 ;	genCmpEq
                            111 ;	genMove_o size 2 result type 2 source type 10 a_dead 1 hl_dead 1 de_dead 1 iy_dead 1 f_dead 1
   0024 2Ar02s00      [16]  112 	ld	hl, (_i)
   0027 AF            [ 4]  113 	xor	a, a
   0028 ED 42         [15]  114 	sbc	hl, bc
                            115 ; common peephole 163 changed absolute to relative conditional jump.
   002A 28 11         [12]  116 	jr	z, 00104$
                            117 ; common peephole 81 removed jp by using inverse jump logic
                            118 ; common peephole 159 removed unused label 00133$.
                            119 ;	skipping generated iCode
                            120 ;	skipping iCode since result will be rematerialized
                            121 ;	skipping iCode since result will be rematerialized
                            122 ;	skipping iCode since result will be rematerialized
                            123 ;	skipping iCode since result will be rematerialized
                            124 ;	skipping iCode since result will be rematerialized
                            125 ;	skipping iCode since result will be rematerialized
                            126 ;	genIpush
                            127 ;	genMove_o size 2 result type 2 source type 1 a_dead 1 hl_dead 1 de_dead 1 iy_dead 1 f_dead 1
   002C 21 21 00      [10]  128 	ld	hl, #0x0021
   002F E5            [11]  129 	push	hl
                            130 ;	genIpush
                            131 ;	genMove_o size 2 result type 2 source type 7 a_dead 1 hl_dead 1 de_dead 1 iy_dead 1 f_dead 1
   0030 21rCFs00      [10]  132 	ld	hl, #___str_2
   0033 E5            [11]  133 	push	hl
                            134 ;	genSend
                            135 ;	genMove_o size 2 result type 2 source type 7 a_dead 1 hl_dead 1 de_dead 1 iy_dead 1 f_dead 1
   0034 11rBDs00      [10]  136 	ld	de, #___str_1
                            137 ;	genSend
                            138 ;	genMove_o size 2 result type 2 source type 7 a_dead 1 hl_dead 1 de_dead 0 iy_dead 1 f_dead 1
   0037 21rACs00      [10]  139 	ld	hl, #___str_0
                            140 ;	genCall
   003A CDr00s00      [17]  141 	call	___fail
                            142 ;	genLabel
   003D                     143 00104$:
                            144 ;cases/far_arithmetic/far_arithmetic_type_unsigned_int.c:34: ASSERT (j == (ci & RIGHT));
                            145 ;	genPlus
                            146 ;	genMove_o size 2 result type 2 source type 10 a_dead 1 hl_dead 1 de_dead 1 iy_dead 1 f_dead 1
   003D 2Ar00s00      [16]  147 	ld	hl, (___numTests)
   0040 23            [ 6]  148 	inc	hl
                            149 ;	genMove_o size 2 result type 10 source type 2 a_dead 1 hl_dead 1 de_dead 1 iy_dead 1 f_dead 1
   0041 22r00s00      [16]  150 	ld	(___numTests), hl
                            151 ;	genCmpEq
                            152 ;	genMove_o size 1 result type 2 source type 10 a_dead 1 hl_dead 1 de_dead 0 iy_dead 0 f_dead 1
   0044 3Ar04s00      [13]  153 	ld	a, (_j)
   0047 D6 02         [ 7]  154 	sub	a, #0x02
                            155 ; common peephole 54 used hl instead of iy.
   0049 21r05s00      [10]  156 	ld	hl, #_j + 1
   004C B6            [ 7]  157 	or	a, (hl)
                            158 ; common peephole 163 changed absolute to relative conditional jump.
   004D 28 11         [12]  159 	jr	z, 00106$
                            160 ; common peephole 81 removed jp by using inverse jump logic
                            161 ; common peephole 159 removed unused label 00134$.
                            162 ;	skipping generated iCode
                            163 ;	skipping iCode since result will be rematerialized
                            164 ;	skipping iCode since result will be rematerialized
                            165 ;	skipping iCode since result will be rematerialized
                            166 ;	skipping iCode since result will be rematerialized
                            167 ;	skipping iCode since result will be rematerialized
                            168 ;	skipping iCode since result will be rematerialized
                            169 ;	genIpush
                            170 ;	genMove_o size 2 result type 2 source type 1 a_dead 1 hl_dead 1 de_dead 1 iy_dead 1 f_dead 1
   004F 21 22 00      [10]  171 	ld	hl, #0x0022
   0052 E5            [11]  172 	push	hl
                            173 ;	genIpush
                            174 ;	genMove_o size 2 result type 2 source type 7 a_dead 1 hl_dead 1 de_dead 1 iy_dead 1 f_dead 1
   0053 21rCFs00      [10]  175 	ld	hl, #___str_2
   0056 E5            [11]  176 	push	hl
                            177 ;	genSend
                            178 ;	genMove_o size 2 result type 2 source type 7 a_dead 1 hl_dead 1 de_dead 1 iy_dead 1 f_dead 1
   0057 11r07s01      [10]  179 	ld	de, #___str_3
                            180 ;	genSend
                            181 ;	genMove_o size 2 result type 2 source type 7 a_dead 1 hl_dead 1 de_dead 0 iy_dead 1 f_dead 1
   005A 21rACs00      [10]  182 	ld	hl, #___str_0
                            183 ;	genCall
   005D CDr00s00      [17]  184 	call	___fail
                            185 ;	genLabel
   0060                     186 00106$:
                            187 ;cases/far_arithmetic/far_arithmetic_type_unsigned_int.c:35: j = RIGHT;
                            188 ;	genAssign
                            189 ;fetchPairLong
   0060 21 03 00      [10]  190 	ld	hl, #0x0003
                            191 ;	genMove_o size 2 result type 10 source type 2 a_dead 1 hl_dead 1 de_dead 1 iy_dead 1 f_dead 1
   0063 22r04s00      [16]  192 	ld	(_j), hl
                            193 ;cases/far_arithmetic/far_arithmetic_type_unsigned_int.c:36: dummy ();
                            194 ;	genCall
   0066 CDrB2s07      [17]  195 	call	_dummy
                            196 ;cases/far_arithmetic/far_arithmetic_type_unsigned_int.c:37: i = ii & j;
                            197 ;	genAnd
   0069 3Ar00s00      [13]  198 	ld	a, (_ii+0)
   006C FD 21r04s00   [14]  199 	ld	iy, #_j
   0070 FD A6 00      [19]  200 	and	a, 0 (iy)
                            201 ;	genMove_o size 1 result type 10 source type 2 a_dead 1 hl_dead 1 de_dead 1 iy_dead 1 f_dead 1
   0073 32r02s00      [13]  202 	ld	(_i+0), a
   0076 3Ar01s00      [13]  203 	ld	a, (_ii+1)
   0079 FD A6 01      [19]  204 	and	a, 1 (iy)
                            205 ;	genMove_o size 1 result type 10 source type 2 a_dead 1 hl_dead 1 de_dead 1 iy_dead 1 f_dead 1
   007C 32r03s00      [13]  206 	ld	(_i+1), a
                            207 ;cases/far_arithmetic/far_arithmetic_type_unsigned_int.c:38: dummy ();
                            208 ;	genCall
   007F CDrB2s07      [17]  209 	call	_dummy
                            210 ;cases/far_arithmetic/far_arithmetic_type_unsigned_int.c:39: ASSERT (i == (ii & RIGHT));
                            211 ;	genPlus
                            212 ;	genMove_o size 2 result type 2 source type 10 a_dead 1 hl_dead 1 de_dead 1 iy_dead 1 f_dead 1
   0082 2Ar00s00      [16]  213 	ld	hl, (___numTests)
   0085 23            [ 6]  214 	inc	hl
                            215 ;	genMove_o size 2 result type 10 source type 2 a_dead 1 hl_dead 1 de_dead 1 iy_dead 1 f_dead 1
   0086 22r00s00      [16]  216 	ld	(___numTests), hl
                            217 ;	genAnd
   0089 3Ar00s00      [13]  218 	ld	a, (_ii+0)
   008C E6 03         [ 7]  219 	and	a, #0x03
                            220 ;	genMove_o size 1 result type 2 source type 2 a_dead 1 hl_dead 1 de_dead 1 iy_dead 1 f_dead 1
   008E 4F            [ 4]  221 	ld	c, a
                            222 ;	genMove_o size 0 result type 2 source type 1 a_dead 1 hl_dead 1 de_dead 1 iy_dead 1 f_dead 1
                            223 ;	genMove_o size 1 result type 2 source type 1 a_dead 1 hl_dead 1 de_dead 1 iy_dead 1 f_dead 1
   008F 06 00         [ 7]  224 	ld	b, #0x00
                            225 ;	genCmpEq
                            226 ;	genMove_o size 2 result type 2 source type 10 a_dead 1 hl_dead 1 de_dead 1 iy_dead 1 f_dead 1
   0091 2Ar02s00      [16]  227 	ld	hl, (_i)
   0094 AF            [ 4]  228 	xor	a, a
   0095 ED 42         [15]  229 	sbc	hl, bc
   0097 C8            [11]  230 	ret	z
                            231 ; common peephole 161 replaced jump by return.
                            232 ; common peephole 81 removed jp by using inverse jump logic
                            233 ; common peephole 159 removed unused label 00135$.
                            234 ;	skipping generated iCode
                            235 ;	skipping iCode since result will be rematerialized
                            236 ;	skipping iCode since result will be rematerialized
                            237 ;	skipping iCode since result will be rematerialized
                            238 ;	skipping iCode since result will be rematerialized
                            239 ;	skipping iCode since result will be rematerialized
                            240 ;	skipping iCode since result will be rematerialized
                            241 ;	genIpush
                            242 ;	genMove_o size 2 result type 2 source type 1 a_dead 1 hl_dead 1 de_dead 1 iy_dead 1 f_dead 1
   0098 21 27 00      [10]  243 	ld	hl, #0x0027
   009B E5            [11]  244 	push	hl
                            245 ;	genIpush
                            246 ;	genMove_o size 2 result type 2 source type 7 a_dead 1 hl_dead 1 de_dead 1 iy_dead 1 f_dead 1
   009C 21rCFs00      [10]  247 	ld	hl, #___str_2
   009F E5            [11]  248 	push	hl
                            249 ;	genSend
                            250 ;	genMove_o size 2 result type 2 source type 7 a_dead 1 hl_dead 1 de_dead 1 iy_dead 1 f_dead 1
   00A0 11rBDs00      [10]  251 	ld	de, #___str_1
                            252 ;	genSend
                            253 ;	genMove_o size 2 result type 2 source type 7 a_dead 1 hl_dead 1 de_dead 0 iy_dead 1 f_dead 1
   00A3 21rACs00      [10]  254 	ld	hl, #___str_0
                            255 ;	genCall
   00A6 CDr00s00      [17]  256 	call	___fail
                            257 ;	genLabel
                            258 ; common peephole 159 removed unused label 00101$.
                            259 ;cases/far_arithmetic/far_arithmetic_type_unsigned_int.c:40: }
                            260 ;	genEndFunction
   00A9 C9            [10]  261 	ret
                            262 ;	Total testAnd function size at codegen: 1 bytes.
   00AA                     263 _ci:
   00AA 5A 00               264 	.dw #0x005a
   00AC                     265 ___str_0:
   00AC 41 73 73 65 72 74   266 	.ascii "Assertion failed"
        69 6F 6E 20 66 61
        69 6C 65 64
   00BC 00                  267 	.db 0x00
   00BD                     268 ___str_1:
   00BD 69 20 3D 3D 20 28   269 	.ascii "i == (ii & RIGHT)"
        69 69 20 26 20 52
        49 47 48 54 29
   00CE 00                  270 	.db 0x00
   00CF                     271 ___str_2:
   00CF 63 61 73 65 73 2F   272 	.ascii "cases/far_arithmetic/far_arithmetic_type_unsigned_int.c"
        66 61 72 5F 61 72
        69 74 68 6D 65 74
        69 63 2F 66 61 72
        5F 61 72 69 74 68
        6D 65 74 69 63 5F
        74 79 70 65 5F 75
        6E 73 69 67 6E 65
        64 5F 69 6E 74 2E
        63
   0106 00                  273 	.db 0x00
   0107                     274 ___str_3:
   0107 6A 20 3D 3D 20 28   275 	.ascii "j == (ci & RIGHT)"
        63 69 20 26 20 52
        49 47 48 54 29
   0118 00                  276 	.db 0x00
                            277 ;cases/far_arithmetic/far_arithmetic_type_unsigned_int.c:42: void testOr (void)
                            278 ;	genLabel
                            279 ;	genFunction
                            280 ;	---------------------------------
                            281 ; Function testOr
                            282 ; ---------------------------------
                            283 ;	Register assignment might be sub-optimal.
                            284 ; Stack space usage: 0 bytes.
   0119                     285 _testOr::
                            286 ;cases/far_arithmetic/far_arithmetic_type_unsigned_int.c:44: i = ii | RIGHT;
                            287 ;	genOr
   0119 3Ar00s00      [13]  288 	ld	a, (_ii+0)
   011C F6 03         [ 7]  289 	or	a, #0x03
                            290 ;	genMove_o size 1 result type 10 source type 2 a_dead 1 hl_dead 1 de_dead 1 iy_dead 1 f_dead 1
   011E 32r02s00      [13]  291 	ld	(_i+0), a
                            292 ;	genMove_o size 1 result type 10 source type 10 a_dead 1 hl_dead 1 de_dead 1 iy_dead 1 f_dead 1
   0121 3Ar01s00      [13]  293 	ld	a, (_ii+1)
   0124 32r03s00      [13]  294 	ld	(_i+1), a
                            295 ;cases/far_arithmetic/far_arithmetic_type_unsigned_int.c:45: j = ci | RIGHT;
                            296 ;	genAssign
                            297 ;fetchPairLong
   0127 21 5B 00      [10]  298 	ld	hl, #0x005b
                            299 ;	genMove_o size 2 result type 10 source type 2 a_dead 1 hl_dead 1 de_dead 1 iy_dead 1 f_dead 1
   012A 22r04s00      [16]  300 	ld	(_j), hl
                            301 ;cases/far_arithmetic/far_arithmetic_type_unsigned_int.c:46: dummy ();
                            302 ;	genCall
   012D CDrB2s07      [17]  303 	call	_dummy
                            304 ;cases/far_arithmetic/far_arithmetic_type_unsigned_int.c:47: ASSERT (i == (ii | RIGHT));
                            305 ;	genPlus
                            306 ;	genMove_o size 2 result type 2 source type 10 a_dead 1 hl_dead 1 de_dead 1 iy_dead 1 f_dead 1
   0130 2Ar00s00      [16]  307 	ld	hl, (___numTests)
   0133 23            [ 6]  308 	inc	hl
                            309 ;	genMove_o size 2 result type 10 source type 2 a_dead 1 hl_dead 1 de_dead 1 iy_dead 1 f_dead 1
   0134 22r00s00      [16]  310 	ld	(___numTests), hl
                            311 ;	genOr
                            312 ;	genMove_o size 2 result type 2 source type 10 a_dead 1 hl_dead 1 de_dead 1 iy_dead 1 f_dead 1
   0137 ED 4Br00s00   [20]  313 	ld	bc, (_ii)
   013B 79            [ 4]  314 	ld	a, c
   013C F6 03         [ 7]  315 	or	a, #0x03
                            316 ;	genMove_o size 1 result type 2 source type 2 a_dead 1 hl_dead 1 de_dead 1 iy_dead 1 f_dead 1
   013E 4F            [ 4]  317 	ld	c, a
                            318 ;	genMove_o size 0 result type 2 source type 1 a_dead 1 hl_dead 1 de_dead 1 iy_dead 1 f_dead 1
                            319 ;	genMove_o size 1 result type 2 source type 2 a_dead 1 hl_dead 1 de_dead 1 iy_dead 1 f_dead 1
                            320 ;	genCmpEq
                            321 ;	genMove_o size 2 result type 2 source type 10 a_dead 1 hl_dead 1 de_dead 1 iy_dead 1 f_dead 1
   013F 2Ar02s00      [16]  322 	ld	hl, (_i)
   0142 AF            [ 4]  323 	xor	a, a
   0143 ED 42         [15]  324 	sbc	hl, bc
                            325 ; common peephole 163 changed absolute to relative conditional jump.
   0145 28 11         [12]  326 	jr	z, 00104$
                            327 ; common peephole 81 removed jp by using inverse jump logic
                            328 ; common peephole 159 removed unused label 00133$.
                            329 ;	skipping generated iCode
                            330 ;	skipping iCode since result will be rematerialized
                            331 ;	skipping iCode since result will be rematerialized
                            332 ;	skipping iCode since result will be rematerialized
                            333 ;	skipping iCode since result will be rematerialized
                            334 ;	skipping iCode since result will be rematerialized
                            335 ;	skipping iCode since result will be rematerialized
                            336 ;	genIpush
                            337 ;	genMove_o size 2 result type 2 source type 1 a_dead 1 hl_dead 1 de_dead 1 iy_dead 1 f_dead 1
   0147 21 2F 00      [10]  338 	ld	hl, #0x002f
   014A E5            [11]  339 	push	hl
                            340 ;	genIpush
                            341 ;	genMove_o size 2 result type 2 source type 7 a_dead 1 hl_dead 1 de_dead 1 iy_dead 1 f_dead 1
   014B 21rE8s01      [10]  342 	ld	hl, #___str_6
   014E E5            [11]  343 	push	hl
                            344 ;	genSend
                            345 ;	genMove_o size 2 result type 2 source type 7 a_dead 1 hl_dead 1 de_dead 1 iy_dead 1 f_dead 1
   014F 11rD6s01      [10]  346 	ld	de, #___str_5
                            347 ;	genSend
                            348 ;	genMove_o size 2 result type 2 source type 7 a_dead 1 hl_dead 1 de_dead 0 iy_dead 1 f_dead 1
   0152 21rC5s01      [10]  349 	ld	hl, #___str_4
                            350 ;	genCall
   0155 CDr00s00      [17]  351 	call	___fail
                            352 ;	genLabel
   0158                     353 00104$:
                            354 ;cases/far_arithmetic/far_arithmetic_type_unsigned_int.c:48: ASSERT (j == (ci | RIGHT));
                            355 ;	genPlus
                            356 ;	genMove_o size 2 result type 2 source type 10 a_dead 1 hl_dead 1 de_dead 1 iy_dead 1 f_dead 1
   0158 2Ar00s00      [16]  357 	ld	hl, (___numTests)
   015B 23            [ 6]  358 	inc	hl
                            359 ;	genMove_o size 2 result type 10 source type 2 a_dead 1 hl_dead 1 de_dead 1 iy_dead 1 f_dead 1
   015C 22r00s00      [16]  360 	ld	(___numTests), hl
                            361 ;	genCmpEq
                            362 ;	genMove_o size 1 result type 2 source type 10 a_dead 1 hl_dead 1 de_dead 0 iy_dead 0 f_dead 1
   015F 3Ar04s00      [13]  363 	ld	a, (_j)
   0162 D6 5B         [ 7]  364 	sub	a, #0x5b
                            365 ; common peephole 54 used hl instead of iy.
   0164 21r05s00      [10]  366 	ld	hl, #_j + 1
   0167 B6            [ 7]  367 	or	a, (hl)
                            368 ; common peephole 163 changed absolute to relative conditional jump.
   0168 28 11         [12]  369 	jr	z, 00106$
                            370 ; common peephole 81 removed jp by using inverse jump logic
                            371 ; common peephole 159 removed unused label 00134$.
                            372 ;	skipping generated iCode
                            373 ;	skipping iCode since result will be rematerialized
                            374 ;	skipping iCode since result will be rematerialized
                            375 ;	skipping iCode since result will be rematerialized
                            376 ;	skipping iCode since result will be rematerialized
                            377 ;	skipping iCode since result will be rematerialized
                            378 ;	skipping iCode since result will be rematerialized
                            379 ;	genIpush
                            380 ;	genMove_o size 2 result type 2 source type 1 a_dead 1 hl_dead 1 de_dead 1 iy_dead 1 f_dead 1
   016A 21 30 00      [10]  381 	ld	hl, #0x0030
   016D E5            [11]  382 	push	hl
                            383 ;	genIpush
                            384 ;	genMove_o size 2 result type 2 source type 7 a_dead 1 hl_dead 1 de_dead 1 iy_dead 1 f_dead 1
   016E 21rE8s01      [10]  385 	ld	hl, #___str_6
   0171 E5            [11]  386 	push	hl
                            387 ;	genSend
                            388 ;	genMove_o size 2 result type 2 source type 7 a_dead 1 hl_dead 1 de_dead 1 iy_dead 1 f_dead 1
   0172 11r20s02      [10]  389 	ld	de, #___str_7
                            390 ;	genSend
                            391 ;	genMove_o size 2 result type 2 source type 7 a_dead 1 hl_dead 1 de_dead 0 iy_dead 1 f_dead 1
   0175 21rC5s01      [10]  392 	ld	hl, #___str_4
                            393 ;	genCall
   0178 CDr00s00      [17]  394 	call	___fail
                            395 ;	genLabel
   017B                     396 00106$:
                            397 ;cases/far_arithmetic/far_arithmetic_type_unsigned_int.c:49: j = RIGHT;
                            398 ;	genAssign
                            399 ;fetchPairLong
   017B 21 03 00      [10]  400 	ld	hl, #0x0003
                            401 ;	genMove_o size 2 result type 10 source type 2 a_dead 1 hl_dead 1 de_dead 1 iy_dead 1 f_dead 1
   017E 22r04s00      [16]  402 	ld	(_j), hl
                            403 ;cases/far_arithmetic/far_arithmetic_type_unsigned_int.c:50: dummy ();
                            404 ;	genCall
   0181 CDrB2s07      [17]  405 	call	_dummy
                            406 ;cases/far_arithmetic/far_arithmetic_type_unsigned_int.c:51: i = ii | j;
                            407 ;	genOr
   0184 3Ar00s00      [13]  408 	ld	a, (_ii+0)
   0187 FD 21r04s00   [14]  409 	ld	iy, #_j
   018B FD B6 00      [19]  410 	or	a, 0 (iy)
                            411 ;	genMove_o size 1 result type 10 source type 2 a_dead 1 hl_dead 1 de_dead 1 iy_dead 1 f_dead 1
   018E 32r02s00      [13]  412 	ld	(_i+0), a
   0191 3Ar01s00      [13]  413 	ld	a, (_ii+1)
   0194 FD B6 01      [19]  414 	or	a, 1 (iy)
                            415 ;	genMove_o size 1 result type 10 source type 2 a_dead 1 hl_dead 1 de_dead 1 iy_dead 1 f_dead 1
   0197 32r03s00      [13]  416 	ld	(_i+1), a
                            417 ;cases/far_arithmetic/far_arithmetic_type_unsigned_int.c:52: dummy ();
                            418 ;	genCall
   019A CDrB2s07      [17]  419 	call	_dummy
                            420 ;cases/far_arithmetic/far_arithmetic_type_unsigned_int.c:53: ASSERT (i == (ii | RIGHT));
                            421 ;	genPlus
                            422 ;	genMove_o size 2 result type 2 source type 10 a_dead 1 hl_dead 1 de_dead 1 iy_dead 1 f_dead 1
   019D 2Ar00s00      [16]  423 	ld	hl, (___numTests)
   01A0 23            [ 6]  424 	inc	hl
                            425 ;	genMove_o size 2 result type 10 source type 2 a_dead 1 hl_dead 1 de_dead 1 iy_dead 1 f_dead 1
   01A1 22r00s00      [16]  426 	ld	(___numTests), hl
                            427 ;	genOr
                            428 ;	genMove_o size 2 result type 2 source type 10 a_dead 1 hl_dead 1 de_dead 1 iy_dead 1 f_dead 1
   01A4 ED 4Br00s00   [20]  429 	ld	bc, (_ii)
   01A8 79            [ 4]  430 	ld	a, c
   01A9 F6 03         [ 7]  431 	or	a, #0x03
                            432 ;	genMove_o size 1 result type 2 source type 2 a_dead 1 hl_dead 1 de_dead 1 iy_dead 1 f_dead 1
   01AB 4F            [ 4]  433 	ld	c, a
                            434 ;	genMove_o size 0 result type 2 source type 1 a_dead 1 hl_dead 1 de_dead 1 iy_dead 1 f_dead 1
                            435 ;	genMove_o size 1 result type 2 source type 2 a_dead 1 hl_dead 1 de_dead 1 iy_dead 1 f_dead 1
                            436 ;	genCmpEq
                            437 ;	genMove_o size 2 result type 2 source type 10 a_dead 1 hl_dead 1 de_dead 1 iy_dead 1 f_dead 1
   01AC 2Ar02s00      [16]  438 	ld	hl, (_i)
   01AF AF            [ 4]  439 	xor	a, a
   01B0 ED 42         [15]  440 	sbc	hl, bc
   01B2 C8            [11]  441 	ret	z
                            442 ; common peephole 161 replaced jump by return.
                            443 ; common peephole 81 removed jp by using inverse jump logic
                            444 ; common peephole 159 removed unused label 00135$.
                            445 ;	skipping generated iCode
                            446 ;	skipping iCode since result will be rematerialized
                            447 ;	skipping iCode since result will be rematerialized
                            448 ;	skipping iCode since result will be rematerialized
                            449 ;	skipping iCode since result will be rematerialized
                            450 ;	skipping iCode since result will be rematerialized
                            451 ;	skipping iCode since result will be rematerialized
                            452 ;	genIpush
                            453 ;	genMove_o size 2 result type 2 source type 1 a_dead 1 hl_dead 1 de_dead 1 iy_dead 1 f_dead 1
   01B3 21 35 00      [10]  454 	ld	hl, #0x0035
   01B6 E5            [11]  455 	push	hl
                            456 ;	genIpush
                            457 ;	genMove_o size 2 result type 2 source type 7 a_dead 1 hl_dead 1 de_dead 1 iy_dead 1 f_dead 1
   01B7 21rE8s01      [10]  458 	ld	hl, #___str_6
   01BA E5            [11]  459 	push	hl
                            460 ;	genSend
                            461 ;	genMove_o size 2 result type 2 source type 7 a_dead 1 hl_dead 1 de_dead 1 iy_dead 1 f_dead 1
   01BB 11rD6s01      [10]  462 	ld	de, #___str_5
                            463 ;	genSend
                            464 ;	genMove_o size 2 result type 2 source type 7 a_dead 1 hl_dead 1 de_dead 0 iy_dead 1 f_dead 1
   01BE 21rC5s01      [10]  465 	ld	hl, #___str_4
                            466 ;	genCall
   01C1 CDr00s00      [17]  467 	call	___fail
                            468 ;	genLabel
                            469 ; common peephole 159 removed unused label 00101$.
                            470 ;cases/far_arithmetic/far_arithmetic_type_unsigned_int.c:54: }
                            471 ;	genEndFunction
   01C4 C9            [10]  472 	ret
                            473 ;	Total testOr function size at codegen: 1 bytes.
   01C5                     474 ___str_4:
   01C5 41 73 73 65 72 74   475 	.ascii "Assertion failed"
        69 6F 6E 20 66 61
        69 6C 65 64
   01D5 00                  476 	.db 0x00
   01D6                     477 ___str_5:
   01D6 69 20 3D 3D 20 28   478 	.ascii "i == (ii | RIGHT)"
        69 69 20 7C 20 52
        49 47 48 54 29
   01E7 00                  479 	.db 0x00
   01E8                     480 ___str_6:
   01E8 63 61 73 65 73 2F   481 	.ascii "cases/far_arithmetic/far_arithmetic_type_unsigned_int.c"
        66 61 72 5F 61 72
        69 74 68 6D 65 74
        69 63 2F 66 61 72
        5F 61 72 69 74 68
        6D 65 74 69 63 5F
        74 79 70 65 5F 75
        6E 73 69 67 6E 65
        64 5F 69 6E 74 2E
        63
   021F 00                  482 	.db 0x00
   0220                     483 ___str_7:
   0220 6A 20 3D 3D 20 28   484 	.ascii "j == (ci | RIGHT)"
        63 69 20 7C 20 52
        49 47 48 54 29
   0231 00                  485 	.db 0x00
                            486 ;cases/far_arithmetic/far_arithmetic_type_unsigned_int.c:56: void testXor (void)
                            487 ;	genLabel
                            488 ;	genFunction
                            489 ;	---------------------------------
                            490 ; Function testXor
                            491 ; ---------------------------------
                            492 ;	Register assignment might be sub-optimal.
                            493 ; Stack space usage: 0 bytes.
   0232                     494 _testXor::
                            495 ;cases/far_arithmetic/far_arithmetic_type_unsigned_int.c:58: i = ii ^ RIGHT;
                            496 ;	genXor
   0232 3Ar00s00      [13]  497 	ld	a, (_ii+0)
   0235 EE 03         [ 7]  498 	xor	a, #0x03
                            499 ;	genMove_o size 1 result type 10 source type 2 a_dead 1 hl_dead 1 de_dead 1 iy_dead 1 f_dead 1
   0237 32r02s00      [13]  500 	ld	(_i+0), a
                            501 ;	genMove_o size 1 result type 10 source type 10 a_dead 1 hl_dead 1 de_dead 1 iy_dead 1 f_dead 1
   023A 3Ar01s00      [13]  502 	ld	a, (_ii+1)
   023D 32r03s00      [13]  503 	ld	(_i+1), a
                            504 ;cases/far_arithmetic/far_arithmetic_type_unsigned_int.c:59: j = ci ^ RIGHT;
                            505 ;	genAssign
                            506 ;fetchPairLong
   0240 21 59 00      [10]  507 	ld	hl, #0x0059
                            508 ;	genMove_o size 2 result type 10 source type 2 a_dead 1 hl_dead 1 de_dead 1 iy_dead 1 f_dead 1
   0243 22r04s00      [16]  509 	ld	(_j), hl
                            510 ;cases/far_arithmetic/far_arithmetic_type_unsigned_int.c:60: dummy ();
                            511 ;	genCall
   0246 CDrB2s07      [17]  512 	call	_dummy
                            513 ;cases/far_arithmetic/far_arithmetic_type_unsigned_int.c:61: ASSERT (i == ii ^ RIGHT);
                            514 ;	genPlus
                            515 ;	genMove_o size 2 result type 2 source type 10 a_dead 1 hl_dead 1 de_dead 1 iy_dead 1 f_dead 1
   0249 2Ar00s00      [16]  516 	ld	hl, (___numTests)
   024C 23            [ 6]  517 	inc	hl
                            518 ;	genMove_o size 2 result type 10 source type 2 a_dead 1 hl_dead 1 de_dead 1 iy_dead 1 f_dead 1
   024D 22r00s00      [16]  519 	ld	(___numTests), hl
                            520 ;	genCmpEq
                            521 ;	genMove_o size 1 result type 2 source type 10 a_dead 1 hl_dead 1 de_dead 1 iy_dead 1 f_dead 1
   0250 3Ar02s00      [13]  522 	ld	a, (_i)
   0253 FD 21r00s00   [14]  523 	ld	iy, #_ii
   0257 FD 96 00      [19]  524 	sub	a, 0 (iy)
                            525 ; common peephole 163 changed absolute to relative conditional jump.
   025A 20 0A         [12]  526 	jr	nz, 00133$
                            527 ;	genMove_o size 1 result type 2 source type 10 a_dead 1 hl_dead 1 de_dead 1 iy_dead 1 f_dead 1
   025C 3Ar03s00      [13]  528 	ld	a, (_i + 1)
   025F FD 96 01      [19]  529 	sub	a, 1 (iy)
   0262 3E 01         [ 7]  530 	ld	a, #0x01
                            531 ; common peephole 163 changed absolute to relative conditional jump.
   0264 28 01         [12]  532 	jr	z, 00134$
                            533 ; common peephole 169xnz used double assignment in case of nz condition.
   0266                     534 00133$:
   0266 AF            [ 4]  535 	xor	a, a
   0267                     536 00134$:
                            537 ;	genMove_o size 1 result type 2 source type 2 a_dead 1 hl_dead 1 de_dead 1 iy_dead 1 f_dead 1
                            538 ;	genXor
   0267 EE 03         [ 7]  539 	xor	a, #0x03
                            540 ; common peephole 81 removed jp by using inverse jump logic
                            541 ; common peephole 159 removed unused label 00135$.
                            542 ; common peephole 163 changed absolute to relative conditional jump.
   0269 20 11         [12]  543 	jr	nz, 00104$
                            544 ; common peephole 82 removed jp by using inverse jump logic
                            545 ; common peephole 159 removed unused label 00136$.
                            546 ;	skipping generated iCode
                            547 ;	skipping iCode since result will be rematerialized
                            548 ;	skipping iCode since result will be rematerialized
                            549 ;	skipping iCode since result will be rematerialized
                            550 ;	skipping iCode since result will be rematerialized
                            551 ;	skipping iCode since result will be rematerialized
                            552 ;	skipping iCode since result will be rematerialized
                            553 ;	genIpush
                            554 ;	genMove_o size 2 result type 2 source type 1 a_dead 1 hl_dead 1 de_dead 1 iy_dead 1 f_dead 1
   026B 21 3D 00      [10]  555 	ld	hl, #0x003d
   026E E5            [11]  556 	push	hl
                            557 ;	genIpush
                            558 ;	genMove_o size 2 result type 2 source type 7 a_dead 1 hl_dead 1 de_dead 1 iy_dead 1 f_dead 1
   026F 21r13s03      [10]  559 	ld	hl, #___str_10
   0272 E5            [11]  560 	push	hl
                            561 ;	genSend
                            562 ;	genMove_o size 2 result type 2 source type 7 a_dead 1 hl_dead 1 de_dead 1 iy_dead 1 f_dead 1
   0273 11r03s03      [10]  563 	ld	de, #___str_9
                            564 ;	genSend
                            565 ;	genMove_o size 2 result type 2 source type 7 a_dead 1 hl_dead 1 de_dead 0 iy_dead 1 f_dead 1
   0276 21rF2s02      [10]  566 	ld	hl, #___str_8
                            567 ;	genCall
   0279 CDr00s00      [17]  568 	call	___fail
                            569 ;	genLabel
   027C                     570 00104$:
                            571 ;cases/far_arithmetic/far_arithmetic_type_unsigned_int.c:62: ASSERT (j == ci ^ RIGHT);
                            572 ;	genPlus
                            573 ;	genMove_o size 2 result type 2 source type 10 a_dead 1 hl_dead 1 de_dead 1 iy_dead 1 f_dead 1
   027C 2Ar00s00      [16]  574 	ld	hl, (___numTests)
   027F 23            [ 6]  575 	inc	hl
                            576 ;	genMove_o size 2 result type 10 source type 2 a_dead 1 hl_dead 1 de_dead 1 iy_dead 1 f_dead 1
   0280 22r00s00      [16]  577 	ld	(___numTests), hl
                            578 ;	genCmpEq
                            579 ;	genMove_o size 1 result type 2 source type 10 a_dead 1 hl_dead 1 de_dead 0 iy_dead 0 f_dead 1
   0283 3Ar04s00      [13]  580 	ld	a, (_j)
   0286 D6 5A         [ 7]  581 	sub	a, #0x5a
                            582 ; common peephole 54 used hl instead of iy.
   0288 21r05s00      [10]  583 	ld	hl, #_j + 1
   028B B6            [ 7]  584 	or	a, (hl)
   028C 3E 01         [ 7]  585 	ld	a, #0x01
                            586 ; common peephole 163 changed absolute to relative conditional jump.
   028E 28 01         [12]  587 	jr	z, 00138$
                            588 ; common peephole 169xnz used double assignment in case of nz condition.
                            589 ; common peephole 159 removed unused label 00137$.
   0290 AF            [ 4]  590 	xor	a, a
   0291                     591 00138$:
                            592 ;	genMove_o size 1 result type 2 source type 2 a_dead 1 hl_dead 1 de_dead 1 iy_dead 1 f_dead 1
                            593 ;	genXor
   0291 EE 03         [ 7]  594 	xor	a, #0x03
                            595 ; common peephole 81 removed jp by using inverse jump logic
                            596 ; common peephole 159 removed unused label 00139$.
                            597 ; common peephole 163 changed absolute to relative conditional jump.
   0293 20 11         [12]  598 	jr	nz, 00106$
                            599 ; common peephole 82 removed jp by using inverse jump logic
                            600 ; common peephole 159 removed unused label 00140$.
                            601 ;	skipping generated iCode
                            602 ;	skipping iCode since result will be rematerialized
                            603 ;	skipping iCode since result will be rematerialized
                            604 ;	skipping iCode since result will be rematerialized
                            605 ;	skipping iCode since result will be rematerialized
                            606 ;	skipping iCode since result will be rematerialized
                            607 ;	skipping iCode since result will be rematerialized
                            608 ;	genIpush
                            609 ;	genMove_o size 2 result type 2 source type 1 a_dead 1 hl_dead 1 de_dead 1 iy_dead 1 f_dead 1
   0295 21 3E 00      [10]  610 	ld	hl, #0x003e
   0298 E5            [11]  611 	push	hl
                            612 ;	genIpush
                            613 ;	genMove_o size 2 result type 2 source type 7 a_dead 1 hl_dead 1 de_dead 1 iy_dead 1 f_dead 1
   0299 21r13s03      [10]  614 	ld	hl, #___str_10
   029C E5            [11]  615 	push	hl
                            616 ;	genSend
                            617 ;	genMove_o size 2 result type 2 source type 7 a_dead 1 hl_dead 1 de_dead 1 iy_dead 1 f_dead 1
   029D 11r4Bs03      [10]  618 	ld	de, #___str_11
                            619 ;	genSend
                            620 ;	genMove_o size 2 result type 2 source type 7 a_dead 1 hl_dead 1 de_dead 0 iy_dead 1 f_dead 1
   02A0 21rF2s02      [10]  621 	ld	hl, #___str_8
                            622 ;	genCall
   02A3 CDr00s00      [17]  623 	call	___fail
                            624 ;	genLabel
   02A6                     625 00106$:
                            626 ;cases/far_arithmetic/far_arithmetic_type_unsigned_int.c:63: j = RIGHT;
                            627 ;	genAssign
                            628 ;fetchPairLong
   02A6 21 03 00      [10]  629 	ld	hl, #0x0003
                            630 ;	genMove_o size 2 result type 10 source type 2 a_dead 1 hl_dead 1 de_dead 1 iy_dead 1 f_dead 1
   02A9 22r04s00      [16]  631 	ld	(_j), hl
                            632 ;cases/far_arithmetic/far_arithmetic_type_unsigned_int.c:64: dummy ();
                            633 ;	genCall
   02AC CDrB2s07      [17]  634 	call	_dummy
                            635 ;cases/far_arithmetic/far_arithmetic_type_unsigned_int.c:65: i = ii ^ j;
                            636 ;	genXor
   02AF 3Ar00s00      [13]  637 	ld	a, (_ii+0)
   02B2 FD 21r04s00   [14]  638 	ld	iy, #_j
   02B6 FD AE 00      [19]  639 	xor	a, 0 (iy)
                            640 ;	genMove_o size 1 result type 10 source type 2 a_dead 1 hl_dead 1 de_dead 1 iy_dead 1 f_dead 1
   02B9 32r02s00      [13]  641 	ld	(_i+0), a
   02BC 3Ar01s00      [13]  642 	ld	a, (_ii+1)
   02BF FD AE 01      [19]  643 	xor	a, 1 (iy)
                            644 ;	genMove_o size 1 result type 10 source type 2 a_dead 1 hl_dead 1 de_dead 1 iy_dead 1 f_dead 1
   02C2 32r03s00      [13]  645 	ld	(_i+1), a
                            646 ;cases/far_arithmetic/far_arithmetic_type_unsigned_int.c:66: dummy ();
                            647 ;	genCall
   02C5 CDrB2s07      [17]  648 	call	_dummy
                            649 ;cases/far_arithmetic/far_arithmetic_type_unsigned_int.c:67: ASSERT (i == (ii ^ RIGHT));
                            650 ;	genPlus
                            651 ;	genMove_o size 2 result type 2 source type 10 a_dead 1 hl_dead 1 de_dead 1 iy_dead 1 f_dead 1
   02C8 2Ar00s00      [16]  652 	ld	hl, (___numTests)
   02CB 23            [ 6]  653 	inc	hl
                            654 ;	genMove_o size 2 result type 10 source type 2 a_dead 1 hl_dead 1 de_dead 1 iy_dead 1 f_dead 1
   02CC 22r00s00      [16]  655 	ld	(___numTests), hl
                            656 ;	genXor
   02CF 3Ar00s00      [13]  657 	ld	a, (_ii+0)
   02D2 EE 03         [ 7]  658 	xor	a, #0x03
                            659 ;	genMove_o size 1 result type 2 source type 2 a_dead 1 hl_dead 1 de_dead 1 iy_dead 1 f_dead 1
   02D4 4F            [ 4]  660 	ld	c, a
                            661 ;	genMove_o size 0 result type 2 source type 1 a_dead 1 hl_dead 1 de_dead 1 iy_dead 1 f_dead 1
                            662 ;	genMove_o size 1 result type 2 source type 10 a_dead 1 hl_dead 1 de_dead 1 iy_dead 1 f_dead 1
   02D5 3Ar01s00      [13]  663 	ld	a, (_ii + 1)
   02D8 47            [ 4]  664 	ld	b, a
                            665 ;	genCmpEq
                            666 ;	genMove_o size 2 result type 2 source type 10 a_dead 1 hl_dead 1 de_dead 1 iy_dead 1 f_dead 1
   02D9 2Ar02s00      [16]  667 	ld	hl, (_i)
   02DC AF            [ 4]  668 	xor	a, a
   02DD ED 42         [15]  669 	sbc	hl, bc
   02DF C8            [11]  670 	ret	z
                            671 ; common peephole 161 replaced jump by return.
                            672 ; common peephole 81 removed jp by using inverse jump logic
                            673 ; common peephole 159 removed unused label 00141$.
                            674 ;	skipping generated iCode
                            675 ;	skipping iCode since result will be rematerialized
                            676 ;	skipping iCode since result will be rematerialized
                            677 ;	skipping iCode since result will be rematerialized
                            678 ;	skipping iCode since result will be rematerialized
                            679 ;	skipping iCode since result will be rematerialized
                            680 ;	skipping iCode since result will be rematerialized
                            681 ;	genIpush
                            682 ;	genMove_o size 2 result type 2 source type 1 a_dead 1 hl_dead 1 de_dead 1 iy_dead 1 f_dead 1
   02E0 21 43 00      [10]  683 	ld	hl, #0x0043
   02E3 E5            [11]  684 	push	hl
                            685 ;	genIpush
                            686 ;	genMove_o size 2 result type 2 source type 7 a_dead 1 hl_dead 1 de_dead 1 iy_dead 1 f_dead 1
   02E4 21r13s03      [10]  687 	ld	hl, #___str_10
   02E7 E5            [11]  688 	push	hl
                            689 ;	genSend
                            690 ;	genMove_o size 2 result type 2 source type 7 a_dead 1 hl_dead 1 de_dead 1 iy_dead 1 f_dead 1
   02E8 11r5Bs03      [10]  691 	ld	de, #___str_12
                            692 ;	genSend
                            693 ;	genMove_o size 2 result type 2 source type 7 a_dead 1 hl_dead 1 de_dead 0 iy_dead 1 f_dead 1
   02EB 21rF2s02      [10]  694 	ld	hl, #___str_8
                            695 ;	genCall
   02EE CDr00s00      [17]  696 	call	___fail
                            697 ;	genLabel
                            698 ; common peephole 159 removed unused label 00101$.
                            699 ;cases/far_arithmetic/far_arithmetic_type_unsigned_int.c:68: }
                            700 ;	genEndFunction
   02F1 C9            [10]  701 	ret
                            702 ;	Total testXor function size at codegen: 7 bytes.
   02F2                     703 ___str_8:
   02F2 41 73 73 65 72 74   704 	.ascii "Assertion failed"
        69 6F 6E 20 66 61
        69 6C 65 64
   0302 00                  705 	.db 0x00
   0303                     706 ___str_9:
   0303 69 20 3D 3D 20 69   707 	.ascii "i == ii ^ RIGHT"
        69 20 5E 20 52 49
        47 48 54
   0312 00                  708 	.db 0x00
   0313                     709 ___str_10:
   0313 63 61 73 65 73 2F   710 	.ascii "cases/far_arithmetic/far_arithmetic_type_unsigned_int.c"
        66 61 72 5F 61 72
        69 74 68 6D 65 74
        69 63 2F 66 61 72
        5F 61 72 69 74 68
        6D 65 74 69 63 5F
        74 79 70 65 5F 75
        6E 73 69 67 6E 65
        64 5F 69 6E 74 2E
        63
   034A 00                  711 	.db 0x00
   034B                     712 ___str_11:
   034B 6A 20 3D 3D 20 63   713 	.ascii "j == ci ^ RIGHT"
        69 20 5E 20 52 49
        47 48 54
   035A 00                  714 	.db 0x00
   035B                     715 ___str_12:
   035B 69 20 3D 3D 20 28   716 	.ascii "i == (ii ^ RIGHT)"
        69 69 20 5E 20 52
        49 47 48 54 29
   036C 00                  717 	.db 0x00
                            718 ;cases/far_arithmetic/far_arithmetic_type_unsigned_int.c:70: void testAdd (void)
                            719 ;	genLabel
                            720 ;	genFunction
                            721 ;	---------------------------------
                            722 ; Function testAdd
                            723 ; ---------------------------------
                            724 ;	Register assignment might be sub-optimal.
                            725 ; Stack space usage: 0 bytes.
   036D                     726 _testAdd::
                            727 ;cases/far_arithmetic/far_arithmetic_type_unsigned_int.c:72: i = ii + RIGHT;
                            728 ;	genPlus
                            729 ;	Shift into pair
   036D 21r02s00      [10]  730 	ld	hl, #_i
   0370 3Ar00s00      [13]  731 	ld	a, (_ii+0)
   0373 C6 03         [ 7]  732 	add	a, #0x03
   0375 77            [ 7]  733 	ld	(hl), a
                            734 ; common peephole 96b move inc hl before adc a, #0x00
                            735 ; common peephole 96b move inc hl before ld a, (_ii+1)
   0376 23            [ 6]  736 	inc	hl
   0377 3Ar01s00      [13]  737 	ld	a, (_ii+1)
   037A CE 00         [ 7]  738 	adc	a, #0x00
   037C 77            [ 7]  739 	ld	(hl), a
                            740 ;cases/far_arithmetic/far_arithmetic_type_unsigned_int.c:73: j = ci + RIGHT;
                            741 ;	genAssign
                            742 ;fetchPairLong
   037D 21 5D 00      [10]  743 	ld	hl, #0x005d
                            744 ;	genMove_o size 2 result type 10 source type 2 a_dead 1 hl_dead 1 de_dead 1 iy_dead 1 f_dead 1
   0380 22r04s00      [16]  745 	ld	(_j), hl
                            746 ;cases/far_arithmetic/far_arithmetic_type_unsigned_int.c:74: dummy ();
                            747 ;	genCall
   0383 CDrB2s07      [17]  748 	call	_dummy
                            749 ;cases/far_arithmetic/far_arithmetic_type_unsigned_int.c:75: ASSERT (i == ii + RIGHT);
                            750 ;	genPlus
                            751 ;	genMove_o size 2 result type 2 source type 10 a_dead 1 hl_dead 1 de_dead 1 iy_dead 1 f_dead 1
   0386 2Ar00s00      [16]  752 	ld	hl, (___numTests)
   0389 23            [ 6]  753 	inc	hl
                            754 ;	genMove_o size 2 result type 10 source type 2 a_dead 1 hl_dead 1 de_dead 1 iy_dead 1 f_dead 1
   038A 22r00s00      [16]  755 	ld	(___numTests), hl
                            756 ;	genPlus
                            757 ;	genMove_o size 2 result type 2 source type 10 a_dead 1 hl_dead 1 de_dead 1 iy_dead 1 f_dead 1
   038D ED 4Br00s00   [20]  758 	ld	bc, (_ii)
   0391 03            [ 6]  759 	inc	bc
   0392 03            [ 6]  760 	inc	bc
   0393 03            [ 6]  761 	inc	bc
                            762 ;	genCmpEq
                            763 ;	genMove_o size 2 result type 2 source type 10 a_dead 1 hl_dead 1 de_dead 1 iy_dead 1 f_dead 1
   0394 2Ar02s00      [16]  764 	ld	hl, (_i)
   0397 AF            [ 4]  765 	xor	a, a
   0398 ED 42         [15]  766 	sbc	hl, bc
                            767 ; common peephole 163 changed absolute to relative conditional jump.
   039A 28 11         [12]  768 	jr	z, 00104$
                            769 ; common peephole 81 removed jp by using inverse jump logic
                            770 ; common peephole 159 removed unused label 00133$.
                            771 ;	skipping generated iCode
                            772 ;	skipping iCode since result will be rematerialized
                            773 ;	skipping iCode since result will be rematerialized
                            774 ;	skipping iCode since result will be rematerialized
                            775 ;	skipping iCode since result will be rematerialized
                            776 ;	skipping iCode since result will be rematerialized
                            777 ;	skipping iCode since result will be rematerialized
                            778 ;	genIpush
                            779 ;	genMove_o size 2 result type 2 source type 1 a_dead 1 hl_dead 1 de_dead 1 iy_dead 1 f_dead 1
   039C 21 4B 00      [10]  780 	ld	hl, #0x004b
   039F E5            [11]  781 	push	hl
                            782 ;	genIpush
                            783 ;	genMove_o size 2 result type 2 source type 7 a_dead 1 hl_dead 1 de_dead 1 iy_dead 1 f_dead 1
   03A0 21r38s04      [10]  784 	ld	hl, #___str_15
   03A3 E5            [11]  785 	push	hl
                            786 ;	genSend
                            787 ;	genMove_o size 2 result type 2 source type 7 a_dead 1 hl_dead 1 de_dead 1 iy_dead 1 f_dead 1
   03A4 11r28s04      [10]  788 	ld	de, #___str_14
                            789 ;	genSend
                            790 ;	genMove_o size 2 result type 2 source type 7 a_dead 1 hl_dead 1 de_dead 0 iy_dead 1 f_dead 1
   03A7 21r17s04      [10]  791 	ld	hl, #___str_13
                            792 ;	genCall
   03AA CDr00s00      [17]  793 	call	___fail
                            794 ;	genLabel
   03AD                     795 00104$:
                            796 ;cases/far_arithmetic/far_arithmetic_type_unsigned_int.c:76: ASSERT (j == ci + RIGHT);
                            797 ;	genPlus
                            798 ;	genMove_o size 2 result type 2 source type 10 a_dead 1 hl_dead 1 de_dead 1 iy_dead 1 f_dead 1
   03AD 2Ar00s00      [16]  799 	ld	hl, (___numTests)
   03B0 23            [ 6]  800 	inc	hl
                            801 ;	genMove_o size 2 result type 10 source type 2 a_dead 1 hl_dead 1 de_dead 1 iy_dead 1 f_dead 1
   03B1 22r00s00      [16]  802 	ld	(___numTests), hl
                            803 ;	genCmpEq
                            804 ;	genMove_o size 1 result type 2 source type 10 a_dead 1 hl_dead 1 de_dead 0 iy_dead 0 f_dead 1
   03B4 3Ar04s00      [13]  805 	ld	a, (_j)
   03B7 D6 5D         [ 7]  806 	sub	a, #0x5d
                            807 ; common peephole 54 used hl instead of iy.
   03B9 21r05s00      [10]  808 	ld	hl, #_j + 1
   03BC B6            [ 7]  809 	or	a, (hl)
                            810 ; common peephole 163 changed absolute to relative conditional jump.
   03BD 28 11         [12]  811 	jr	z, 00106$
                            812 ; common peephole 81 removed jp by using inverse jump logic
                            813 ; common peephole 159 removed unused label 00134$.
                            814 ;	skipping generated iCode
                            815 ;	skipping iCode since result will be rematerialized
                            816 ;	skipping iCode since result will be rematerialized
                            817 ;	skipping iCode since result will be rematerialized
                            818 ;	skipping iCode since result will be rematerialized
                            819 ;	skipping iCode since result will be rematerialized
                            820 ;	skipping iCode since result will be rematerialized
                            821 ;	genIpush
                            822 ;	genMove_o size 2 result type 2 source type 1 a_dead 1 hl_dead 1 de_dead 1 iy_dead 1 f_dead 1
   03BF 21 4C 00      [10]  823 	ld	hl, #0x004c
   03C2 E5            [11]  824 	push	hl
                            825 ;	genIpush
                            826 ;	genMove_o size 2 result type 2 source type 7 a_dead 1 hl_dead 1 de_dead 1 iy_dead 1 f_dead 1
   03C3 21r38s04      [10]  827 	ld	hl, #___str_15
   03C6 E5            [11]  828 	push	hl
                            829 ;	genSend
                            830 ;	genMove_o size 2 result type 2 source type 7 a_dead 1 hl_dead 1 de_dead 1 iy_dead 1 f_dead 1
   03C7 11r70s04      [10]  831 	ld	de, #___str_16
                            832 ;	genSend
                            833 ;	genMove_o size 2 result type 2 source type 7 a_dead 1 hl_dead 1 de_dead 0 iy_dead 1 f_dead 1
   03CA 21r17s04      [10]  834 	ld	hl, #___str_13
                            835 ;	genCall
   03CD CDr00s00      [17]  836 	call	___fail
                            837 ;	genLabel
   03D0                     838 00106$:
                            839 ;cases/far_arithmetic/far_arithmetic_type_unsigned_int.c:77: j = RIGHT;
                            840 ;	genAssign
                            841 ;fetchPairLong
   03D0 21 03 00      [10]  842 	ld	hl, #0x0003
                            843 ;	genMove_o size 2 result type 10 source type 2 a_dead 1 hl_dead 1 de_dead 1 iy_dead 1 f_dead 1
   03D3 22r04s00      [16]  844 	ld	(_j), hl
                            845 ;cases/far_arithmetic/far_arithmetic_type_unsigned_int.c:78: dummy ();
                            846 ;	genCall
   03D6 CDrB2s07      [17]  847 	call	_dummy
                            848 ;cases/far_arithmetic/far_arithmetic_type_unsigned_int.c:79: i = ii + j;
                            849 ;	genPlus
                            850 ;	Shift into pair
   03D9 21r04s00      [10]  851 	ld	hl, #_j
                            852 ;	Shift into pair
   03DC D5            [11]  853 	push	de
                            854 ; common peephole 49a pushed de instead of iy.
   03DD 11r02s00      [10]  855 	ld	de, #_i
                            856 ; common peephole 50b eliminated dead push/pop pair.
   03E0 3Ar00s00      [13]  857 	ld	a, (_ii+0)
   03E3 86            [ 7]  858 	add	a, (hl)
                            859 ; common peephole 96b move inc hl before ld a, (_ii+1)
                            860 ; common peephole 96b move inc hl before ld (de), a
   03E4 23            [ 6]  861 	inc	hl
   03E5 12            [ 7]  862 	ld	(de), a
   03E6 3Ar01s00      [13]  863 	ld	a, (_ii+1)
   03E9 8E            [ 7]  864 	adc	a, (hl)
   03EA 13            [ 6]  865 	inc	de
   03EB 12            [ 7]  866 	ld	(de), a
   03EC D1            [10]  867 	pop	de
                            868 ;cases/far_arithmetic/far_arithmetic_type_unsigned_int.c:80: dummy ();
                            869 ;	genCall
   03ED CDrB2s07      [17]  870 	call	_dummy
                            871 ;cases/far_arithmetic/far_arithmetic_type_unsigned_int.c:81: ASSERT (i == (ii + RIGHT));
                            872 ;	genPlus
                            873 ;	genMove_o size 2 result type 2 source type 10 a_dead 1 hl_dead 1 de_dead 1 iy_dead 1 f_dead 1
   03F0 2Ar00s00      [16]  874 	ld	hl, (___numTests)
   03F3 23            [ 6]  875 	inc	hl
                            876 ;	genMove_o size 2 result type 10 source type 2 a_dead 1 hl_dead 1 de_dead 1 iy_dead 1 f_dead 1
   03F4 22r00s00      [16]  877 	ld	(___numTests), hl
                            878 ;	genPlus
                            879 ;	genMove_o size 2 result type 2 source type 10 a_dead 1 hl_dead 1 de_dead 1 iy_dead 1 f_dead 1
   03F7 ED 4Br00s00   [20]  880 	ld	bc, (_ii)
   03FB 03            [ 6]  881 	inc	bc
   03FC 03            [ 6]  882 	inc	bc
   03FD 03            [ 6]  883 	inc	bc
                            884 ;	genCmpEq
                            885 ;	genMove_o size 2 result type 2 source type 10 a_dead 1 hl_dead 1 de_dead 1 iy_dead 1 f_dead 1
   03FE 2Ar02s00      [16]  886 	ld	hl, (_i)
   0401 AF            [ 4]  887 	xor	a, a
   0402 ED 42         [15]  888 	sbc	hl, bc
   0404 C8            [11]  889 	ret	z
                            890 ; common peephole 161 replaced jump by return.
                            891 ; common peephole 81 removed jp by using inverse jump logic
                            892 ; common peephole 159 removed unused label 00135$.
                            893 ;	skipping generated iCode
                            894 ;	skipping iCode since result will be rematerialized
                            895 ;	skipping iCode since result will be rematerialized
                            896 ;	skipping iCode since result will be rematerialized
                            897 ;	skipping iCode since result will be rematerialized
                            898 ;	skipping iCode since result will be rematerialized
                            899 ;	skipping iCode since result will be rematerialized
                            900 ;	genIpush
                            901 ;	genMove_o size 2 result type 2 source type 1 a_dead 1 hl_dead 1 de_dead 1 iy_dead 1 f_dead 1
   0405 21 51 00      [10]  902 	ld	hl, #0x0051
   0408 E5            [11]  903 	push	hl
                            904 ;	genIpush
                            905 ;	genMove_o size 2 result type 2 source type 7 a_dead 1 hl_dead 1 de_dead 1 iy_dead 1 f_dead 1
   0409 21r38s04      [10]  906 	ld	hl, #___str_15
   040C E5            [11]  907 	push	hl
                            908 ;	genSend
                            909 ;	genMove_o size 2 result type 2 source type 7 a_dead 1 hl_dead 1 de_dead 1 iy_dead 1 f_dead 1
   040D 11r80s04      [10]  910 	ld	de, #___str_17
                            911 ;	genSend
                            912 ;	genMove_o size 2 result type 2 source type 7 a_dead 1 hl_dead 1 de_dead 0 iy_dead 1 f_dead 1
   0410 21r17s04      [10]  913 	ld	hl, #___str_13
                            914 ;	genCall
   0413 CDr00s00      [17]  915 	call	___fail
                            916 ;	genLabel
                            917 ; common peephole 159 removed unused label 00101$.
                            918 ;cases/far_arithmetic/far_arithmetic_type_unsigned_int.c:82: }
                            919 ;	genEndFunction
   0416 C9            [10]  920 	ret
                            921 ;	Total testAdd function size at codegen: 1 bytes.
   0417                     922 ___str_13:
   0417 41 73 73 65 72 74   923 	.ascii "Assertion failed"
        69 6F 6E 20 66 61
        69 6C 65 64
   0427 00                  924 	.db 0x00
   0428                     925 ___str_14:
   0428 69 20 3D 3D 20 69   926 	.ascii "i == ii + RIGHT"
        69 20 2B 20 52 49
        47 48 54
   0437 00                  927 	.db 0x00
   0438                     928 ___str_15:
   0438 63 61 73 65 73 2F   929 	.ascii "cases/far_arithmetic/far_arithmetic_type_unsigned_int.c"
        66 61 72 5F 61 72
        69 74 68 6D 65 74
        69 63 2F 66 61 72
        5F 61 72 69 74 68
        6D 65 74 69 63 5F
        74 79 70 65 5F 75
        6E 73 69 67 6E 65
        64 5F 69 6E 74 2E
        63
   046F 00                  930 	.db 0x00
   0470                     931 ___str_16:
   0470 6A 20 3D 3D 20 63   932 	.ascii "j == ci + RIGHT"
        69 20 2B 20 52 49
        47 48 54
   047F 00                  933 	.db 0x00
   0480                     934 ___str_17:
   0480 69 20 3D 3D 20 28   935 	.ascii "i == (ii + RIGHT)"
        69 69 20 2B 20 52
        49 47 48 54 29
   0491 00                  936 	.db 0x00
                            937 ;cases/far_arithmetic/far_arithmetic_type_unsigned_int.c:84: void testSub (void)
                            938 ;	genLabel
                            939 ;	genFunction
                            940 ;	---------------------------------
                            941 ; Function testSub
                            942 ; ---------------------------------
                            943 ;	Register assignment might be sub-optimal.
                            944 ; Stack space usage: 0 bytes.
   0492                     945 _testSub::
                            946 ;cases/far_arithmetic/far_arithmetic_type_unsigned_int.c:87: i = ii - RIGHT;
                            947 ;	genMinus
                            948 ;	Shift into pair
   0492 21r02s00      [10]  949 	ld	hl, #_i
   0495 3Ar00s00      [13]  950 	ld	a, (_ii+0)
   0498 C6 FD         [ 7]  951 	add	a, #0xfd
   049A 77            [ 7]  952 	ld	(hl), a
                            953 ; common peephole 96b move inc hl before adc a, #0xff
                            954 ; common peephole 96b move inc hl before ld a, (_ii+1)
   049B 23            [ 6]  955 	inc	hl
   049C 3Ar01s00      [13]  956 	ld	a, (_ii+1)
   049F CE FF         [ 7]  957 	adc	a, #0xff
   04A1 77            [ 7]  958 	ld	(hl), a
                            959 ;cases/far_arithmetic/far_arithmetic_type_unsigned_int.c:88: j = ci - RIGHT;
                            960 ;	genAssign
                            961 ;fetchPairLong
   04A2 21 57 00      [10]  962 	ld	hl, #0x0057
                            963 ;	genMove_o size 2 result type 10 source type 2 a_dead 1 hl_dead 1 de_dead 1 iy_dead 1 f_dead 1
   04A5 22r04s00      [16]  964 	ld	(_j), hl
                            965 ;cases/far_arithmetic/far_arithmetic_type_unsigned_int.c:89: dummy ();
                            966 ;	genCall
   04A8 CDrB2s07      [17]  967 	call	_dummy
                            968 ;cases/far_arithmetic/far_arithmetic_type_unsigned_int.c:90: ASSERT (i == ii - RIGHT);
                            969 ;	genPlus
                            970 ;	genMove_o size 2 result type 2 source type 10 a_dead 1 hl_dead 1 de_dead 1 iy_dead 1 f_dead 1
   04AB 2Ar00s00      [16]  971 	ld	hl, (___numTests)
   04AE 23            [ 6]  972 	inc	hl
                            973 ;	genMove_o size 2 result type 10 source type 2 a_dead 1 hl_dead 1 de_dead 1 iy_dead 1 f_dead 1
   04AF 22r00s00      [16]  974 	ld	(___numTests), hl
                            975 ;	genMinus
   04B2 3Ar00s00      [13]  976 	ld	a, (_ii+0)
   04B5 C6 FD         [ 7]  977 	add	a, #0xfd
   04B7 4F            [ 4]  978 	ld	c, a
   04B8 3Ar01s00      [13]  979 	ld	a, (_ii+1)
   04BB CE FF         [ 7]  980 	adc	a, #0xff
   04BD 47            [ 4]  981 	ld	b, a
                            982 ;	genCmpEq
                            983 ;	genMove_o size 2 result type 2 source type 10 a_dead 1 hl_dead 1 de_dead 1 iy_dead 1 f_dead 1
   04BE 2Ar02s00      [16]  984 	ld	hl, (_i)
   04C1 AF            [ 4]  985 	xor	a, a
   04C2 ED 42         [15]  986 	sbc	hl, bc
                            987 ; common peephole 163 changed absolute to relative conditional jump.
   04C4 28 11         [12]  988 	jr	z, 00104$
                            989 ; common peephole 81 removed jp by using inverse jump logic
                            990 ; common peephole 159 removed unused label 00133$.
                            991 ;	skipping generated iCode
                            992 ;	skipping iCode since result will be rematerialized
                            993 ;	skipping iCode since result will be rematerialized
                            994 ;	skipping iCode since result will be rematerialized
                            995 ;	skipping iCode since result will be rematerialized
                            996 ;	skipping iCode since result will be rematerialized
                            997 ;	skipping iCode since result will be rematerialized
                            998 ;	genIpush
                            999 ;	genMove_o size 2 result type 2 source type 1 a_dead 1 hl_dead 1 de_dead 1 iy_dead 1 f_dead 1
   04C6 21 5A 00      [10] 1000 	ld	hl, #0x005a
   04C9 E5            [11] 1001 	push	hl
                           1002 ;	genIpush
                           1003 ;	genMove_o size 2 result type 2 source type 7 a_dead 1 hl_dead 1 de_dead 1 iy_dead 1 f_dead 1
   04CA 21r67s05      [10] 1004 	ld	hl, #___str_20
   04CD E5            [11] 1005 	push	hl
                           1006 ;	genSend
                           1007 ;	genMove_o size 2 result type 2 source type 7 a_dead 1 hl_dead 1 de_dead 1 iy_dead 1 f_dead 1
   04CE 11r57s05      [10] 1008 	ld	de, #___str_19
                           1009 ;	genSend
                           1010 ;	genMove_o size 2 result type 2 source type 7 a_dead 1 hl_dead 1 de_dead 0 iy_dead 1 f_dead 1
   04D1 21r46s05      [10] 1011 	ld	hl, #___str_18
                           1012 ;	genCall
   04D4 CDr00s00      [17] 1013 	call	___fail
                           1014 ;	genLabel
   04D7                    1015 00104$:
                           1016 ;cases/far_arithmetic/far_arithmetic_type_unsigned_int.c:91: ASSERT (j == ci - RIGHT);
                           1017 ;	genPlus
                           1018 ;	genMove_o size 2 result type 2 source type 10 a_dead 1 hl_dead 1 de_dead 1 iy_dead 1 f_dead 1
   04D7 2Ar00s00      [16] 1019 	ld	hl, (___numTests)
   04DA 23            [ 6] 1020 	inc	hl
                           1021 ;	genMove_o size 2 result type 10 source type 2 a_dead 1 hl_dead 1 de_dead 1 iy_dead 1 f_dead 1
   04DB 22r00s00      [16] 1022 	ld	(___numTests), hl
                           1023 ;	genCmpEq
                           1024 ;	genMove_o size 1 result type 2 source type 10 a_dead 1 hl_dead 1 de_dead 0 iy_dead 0 f_dead 1
   04DE 3Ar04s00      [13] 1025 	ld	a, (_j)
   04E1 D6 57         [ 7] 1026 	sub	a, #0x57
                           1027 ; common peephole 54 used hl instead of iy.
   04E3 21r05s00      [10] 1028 	ld	hl, #_j + 1
   04E6 B6            [ 7] 1029 	or	a, (hl)
                           1030 ; common peephole 163 changed absolute to relative conditional jump.
   04E7 28 11         [12] 1031 	jr	z, 00106$
                           1032 ; common peephole 81 removed jp by using inverse jump logic
                           1033 ; common peephole 159 removed unused label 00134$.
                           1034 ;	skipping generated iCode
                           1035 ;	skipping iCode since result will be rematerialized
                           1036 ;	skipping iCode since result will be rematerialized
                           1037 ;	skipping iCode since result will be rematerialized
                           1038 ;	skipping iCode since result will be rematerialized
                           1039 ;	skipping iCode since result will be rematerialized
                           1040 ;	skipping iCode since result will be rematerialized
                           1041 ;	genIpush
                           1042 ;	genMove_o size 2 result type 2 source type 1 a_dead 1 hl_dead 1 de_dead 1 iy_dead 1 f_dead 1
   04E9 21 5B 00      [10] 1043 	ld	hl, #0x005b
   04EC E5            [11] 1044 	push	hl
                           1045 ;	genIpush
                           1046 ;	genMove_o size 2 result type 2 source type 7 a_dead 1 hl_dead 1 de_dead 1 iy_dead 1 f_dead 1
   04ED 21r67s05      [10] 1047 	ld	hl, #___str_20
   04F0 E5            [11] 1048 	push	hl
                           1049 ;	genSend
                           1050 ;	genMove_o size 2 result type 2 source type 7 a_dead 1 hl_dead 1 de_dead 1 iy_dead 1 f_dead 1
   04F1 11r9Fs05      [10] 1051 	ld	de, #___str_21
                           1052 ;	genSend
                           1053 ;	genMove_o size 2 result type 2 source type 7 a_dead 1 hl_dead 1 de_dead 0 iy_dead 1 f_dead 1
   04F4 21r46s05      [10] 1054 	ld	hl, #___str_18
                           1055 ;	genCall
   04F7 CDr00s00      [17] 1056 	call	___fail
                           1057 ;	genLabel
   04FA                    1058 00106$:
                           1059 ;cases/far_arithmetic/far_arithmetic_type_unsigned_int.c:92: j = RIGHT;
                           1060 ;	genAssign
                           1061 ;fetchPairLong
   04FA 21 03 00      [10] 1062 	ld	hl, #0x0003
                           1063 ;	genMove_o size 2 result type 10 source type 2 a_dead 1 hl_dead 1 de_dead 1 iy_dead 1 f_dead 1
   04FD 22r04s00      [16] 1064 	ld	(_j), hl
                           1065 ;cases/far_arithmetic/far_arithmetic_type_unsigned_int.c:93: dummy ();
                           1066 ;	genCall
   0500 CDrB2s07      [17] 1067 	call	_dummy
                           1068 ;cases/far_arithmetic/far_arithmetic_type_unsigned_int.c:94: i = ii - j;
                           1069 ;	genMinus
                           1070 ;	Shift into pair
   0503 21r04s00      [10] 1071 	ld	hl, #_j
                           1072 ;	Shift into pair
   0506 D5            [11] 1073 	push	de
                           1074 ; common peephole 49a pushed de instead of iy.
   0507 11r02s00      [10] 1075 	ld	de, #_i
                           1076 ; common peephole 50b eliminated dead push/pop pair.
   050A 3Ar00s00      [13] 1077 	ld	a, (_ii+0)
   050D 96            [ 7] 1078 	sub	a, (hl)
                           1079 ; common peephole 96b move inc hl before ld a, (_ii+1)
                           1080 ; common peephole 96b move inc hl before ld (de), a
   050E 23            [ 6] 1081 	inc	hl
   050F 12            [ 7] 1082 	ld	(de), a
   0510 3Ar01s00      [13] 1083 	ld	a, (_ii+1)
   0513 9E            [ 7] 1084 	sbc	a, (hl)
   0514 13            [ 6] 1085 	inc	de
   0515 12            [ 7] 1086 	ld	(de), a
   0516 D1            [10] 1087 	pop	de
                           1088 ;cases/far_arithmetic/far_arithmetic_type_unsigned_int.c:95: dummy ();
                           1089 ;	genCall
   0517 CDrB2s07      [17] 1090 	call	_dummy
                           1091 ;cases/far_arithmetic/far_arithmetic_type_unsigned_int.c:96: ASSERT (i == (ii - RIGHT));
                           1092 ;	genPlus
                           1093 ;	genMove_o size 2 result type 2 source type 10 a_dead 1 hl_dead 1 de_dead 1 iy_dead 1 f_dead 1
   051A 2Ar00s00      [16] 1094 	ld	hl, (___numTests)
   051D 23            [ 6] 1095 	inc	hl
                           1096 ;	genMove_o size 2 result type 10 source type 2 a_dead 1 hl_dead 1 de_dead 1 iy_dead 1 f_dead 1
   051E 22r00s00      [16] 1097 	ld	(___numTests), hl
                           1098 ;	genMinus
   0521 3Ar00s00      [13] 1099 	ld	a, (_ii+0)
   0524 C6 FD         [ 7] 1100 	add	a, #0xfd
   0526 4F            [ 4] 1101 	ld	c, a
   0527 3Ar01s00      [13] 1102 	ld	a, (_ii+1)
   052A CE FF         [ 7] 1103 	adc	a, #0xff
   052C 47            [ 4] 1104 	ld	b, a
                           1105 ;	genCmpEq
                           1106 ;	genMove_o size 2 result type 2 source type 10 a_dead 1 hl_dead 1 de_dead 1 iy_dead 1 f_dead 1
   052D 2Ar02s00      [16] 1107 	ld	hl, (_i)
   0530 AF            [ 4] 1108 	xor	a, a
   0531 ED 42         [15] 1109 	sbc	hl, bc
   0533 C8            [11] 1110 	ret	z
                           1111 ; common peephole 161 replaced jump by return.
                           1112 ; common peephole 81 removed jp by using inverse jump logic
                           1113 ; common peephole 159 removed unused label 00135$.
                           1114 ;	skipping generated iCode
                           1115 ;	skipping iCode since result will be rematerialized
                           1116 ;	skipping iCode since result will be rematerialized
                           1117 ;	skipping iCode since result will be rematerialized
                           1118 ;	skipping iCode since result will be rematerialized
                           1119 ;	skipping iCode since result will be rematerialized
                           1120 ;	skipping iCode since result will be rematerialized
                           1121 ;	genIpush
                           1122 ;	genMove_o size 2 result type 2 source type 1 a_dead 1 hl_dead 1 de_dead 1 iy_dead 1 f_dead 1
   0534 21 60 00      [10] 1123 	ld	hl, #0x0060
   0537 E5            [11] 1124 	push	hl
                           1125 ;	genIpush
                           1126 ;	genMove_o size 2 result type 2 source type 7 a_dead 1 hl_dead 1 de_dead 1 iy_dead 1 f_dead 1
   0538 21r67s05      [10] 1127 	ld	hl, #___str_20
   053B E5            [11] 1128 	push	hl
                           1129 ;	genSend
                           1130 ;	genMove_o size 2 result type 2 source type 7 a_dead 1 hl_dead 1 de_dead 1 iy_dead 1 f_dead 1
   053C 11rAFs05      [10] 1131 	ld	de, #___str_22
                           1132 ;	genSend
                           1133 ;	genMove_o size 2 result type 2 source type 7 a_dead 1 hl_dead 1 de_dead 0 iy_dead 1 f_dead 1
   053F 21r46s05      [10] 1134 	ld	hl, #___str_18
                           1135 ;	genCall
   0542 CDr00s00      [17] 1136 	call	___fail
                           1137 ;	genLabel
                           1138 ; common peephole 159 removed unused label 00101$.
                           1139 ;cases/far_arithmetic/far_arithmetic_type_unsigned_int.c:98: }
                           1140 ;	genEndFunction
   0545 C9            [10] 1141 	ret
                           1142 ;	Total testSub function size at codegen: 1 bytes.
   0546                    1143 ___str_18:
   0546 41 73 73 65 72 74  1144 	.ascii "Assertion failed"
        69 6F 6E 20 66 61
        69 6C 65 64
   0556 00                 1145 	.db 0x00
   0557                    1146 ___str_19:
   0557 69 20 3D 3D 20 69  1147 	.ascii "i == ii - RIGHT"
        69 20 2D 20 52 49
        47 48 54
   0566 00                 1148 	.db 0x00
   0567                    1149 ___str_20:
   0567 63 61 73 65 73 2F  1150 	.ascii "cases/far_arithmetic/far_arithmetic_type_unsigned_int.c"
        66 61 72 5F 61 72
        69 74 68 6D 65 74
        69 63 2F 66 61 72
        5F 61 72 69 74 68
        6D 65 74 69 63 5F
        74 79 70 65 5F 75
        6E 73 69 67 6E 65
        64 5F 69 6E 74 2E
        63
   059E 00                 1151 	.db 0x00
   059F                    1152 ___str_21:
   059F 6A 20 3D 3D 20 63  1153 	.ascii "j == ci - RIGHT"
        69 20 2D 20 52 49
        47 48 54
   05AE 00                 1154 	.db 0x00
   05AF                    1155 ___str_22:
   05AF 69 20 3D 3D 20 28  1156 	.ascii "i == (ii - RIGHT)"
        69 69 20 2D 20 52
        49 47 48 54 29
   05C0 00                 1157 	.db 0x00
                           1158 ;cases/far_arithmetic/far_arithmetic_type_unsigned_int.c:100: void testShift (void)
                           1159 ;	genLabel
                           1160 ;	genFunction
                           1161 ;	---------------------------------
                           1162 ; Function testShift
                           1163 ; ---------------------------------
                           1164 ;	Register assignment might be sub-optimal.
                           1165 ; Stack space usage: 0 bytes.
   05C1                    1166 _testShift::
                           1167 ;cases/far_arithmetic/far_arithmetic_type_unsigned_int.c:103: i = ii >> RIGHT;
                           1168 ;	genRightShift
                           1169 ;	genMove_o size 2 result type 10 source type 10 a_dead 1 hl_dead 1 de_dead 1 iy_dead 1 f_dead 1
   05C1 3Ar00s00      [13] 1170 	ld	a, (_ii+0)
   05C4 32r02s00      [13] 1171 	ld	(_i+0), a
   05C7 3Ar01s00      [13] 1172 	ld	a, (_ii+1)
   05CA 32r03s00      [13] 1173 	ld	(_i+1), a
   05CD FD 21r02s00   [14] 1174 	ld	iy, #_i
   05D1 FD CB 01 3E   [23] 1175 	srl	1 (iy)
   05D5 FD CB 00 1E   [23] 1176 	rr	0 (iy)
   05D9 FD CB 01 3E   [23] 1177 	srl	1 (iy)
   05DD FD CB 00 1E   [23] 1178 	rr	0 (iy)
   05E1 FD CB 01 3E   [23] 1179 	srl	1 (iy)
   05E5 FD CB 00 1E   [23] 1180 	rr	0 (iy)
                           1181 ;cases/far_arithmetic/far_arithmetic_type_unsigned_int.c:104: j = ci >> RIGHT;
                           1182 ;	genAssign
                           1183 ;fetchPairLong
   05E9 21 0B 00      [10] 1184 	ld	hl, #0x000b
                           1185 ;	genMove_o size 2 result type 10 source type 2 a_dead 1 hl_dead 1 de_dead 1 iy_dead 1 f_dead 1
   05EC 22r04s00      [16] 1186 	ld	(_j), hl
                           1187 ;cases/far_arithmetic/far_arithmetic_type_unsigned_int.c:105: dummy ();
                           1188 ;	genCall
   05EF CDrB2s07      [17] 1189 	call	_dummy
                           1190 ;cases/far_arithmetic/far_arithmetic_type_unsigned_int.c:106: ASSERT (i == ii >> RIGHT);
                           1191 ;	genPlus
                           1192 ;	genMove_o size 2 result type 2 source type 10 a_dead 1 hl_dead 1 de_dead 1 iy_dead 1 f_dead 1
   05F2 2Ar00s00      [16] 1193 	ld	hl, (___numTests)
   05F5 23            [ 6] 1194 	inc	hl
                           1195 ;	genMove_o size 2 result type 10 source type 2 a_dead 1 hl_dead 1 de_dead 1 iy_dead 1 f_dead 1
   05F6 22r00s00      [16] 1196 	ld	(___numTests), hl
                           1197 ;	genRightShift
                           1198 ;fetchPairLong
   05F9 ED 4Br00s00   [20] 1199 	ld	bc, (_ii)
   05FD CB 38         [ 8] 1200 	srl	b
   05FF CB 19         [ 8] 1201 	rr	c
   0601 CB 38         [ 8] 1202 	srl	b
   0603 CB 19         [ 8] 1203 	rr	c
   0605 CB 38         [ 8] 1204 	srl	b
   0607 CB 19         [ 8] 1205 	rr	c
                           1206 ;	genCmpEq
                           1207 ;	genMove_o size 2 result type 2 source type 10 a_dead 1 hl_dead 1 de_dead 1 iy_dead 1 f_dead 1
   0609 2Ar02s00      [16] 1208 	ld	hl, (_i)
   060C AF            [ 4] 1209 	xor	a, a
   060D ED 42         [15] 1210 	sbc	hl, bc
                           1211 ; common peephole 163 changed absolute to relative conditional jump.
   060F 28 11         [12] 1212 	jr	z, 00104$
                           1213 ; common peephole 81 removed jp by using inverse jump logic
                           1214 ; common peephole 159 removed unused label 00133$.
                           1215 ;	skipping generated iCode
                           1216 ;	skipping iCode since result will be rematerialized
                           1217 ;	skipping iCode since result will be rematerialized
                           1218 ;	skipping iCode since result will be rematerialized
                           1219 ;	skipping iCode since result will be rematerialized
                           1220 ;	skipping iCode since result will be rematerialized
                           1221 ;	skipping iCode since result will be rematerialized
                           1222 ;	genIpush
                           1223 ;	genMove_o size 2 result type 2 source type 1 a_dead 1 hl_dead 1 de_dead 1 iy_dead 1 f_dead 1
   0611 21 6A 00      [10] 1224 	ld	hl, #0x006a
   0614 E5            [11] 1225 	push	hl
                           1226 ;	genIpush
                           1227 ;	genMove_o size 2 result type 2 source type 7 a_dead 1 hl_dead 1 de_dead 1 iy_dead 1 f_dead 1
   0615 21rC4s06      [10] 1228 	ld	hl, #___str_25
   0618 E5            [11] 1229 	push	hl
                           1230 ;	genSend
                           1231 ;	genMove_o size 2 result type 2 source type 7 a_dead 1 hl_dead 1 de_dead 1 iy_dead 1 f_dead 1
   0619 11rB3s06      [10] 1232 	ld	de, #___str_24
                           1233 ;	genSend
                           1234 ;	genMove_o size 2 result type 2 source type 7 a_dead 1 hl_dead 1 de_dead 0 iy_dead 1 f_dead 1
   061C 21rA2s06      [10] 1235 	ld	hl, #___str_23
                           1236 ;	genCall
   061F CDr00s00      [17] 1237 	call	___fail
                           1238 ;	genLabel
   0622                    1239 00104$:
                           1240 ;cases/far_arithmetic/far_arithmetic_type_unsigned_int.c:107: ASSERT (j == ci >> RIGHT);
                           1241 ;	genPlus
                           1242 ;	genMove_o size 2 result type 2 source type 10 a_dead 1 hl_dead 1 de_dead 1 iy_dead 1 f_dead 1
   0622 2Ar00s00      [16] 1243 	ld	hl, (___numTests)
   0625 23            [ 6] 1244 	inc	hl
                           1245 ;	genMove_o size 2 result type 10 source type 2 a_dead 1 hl_dead 1 de_dead 1 iy_dead 1 f_dead 1
   0626 22r00s00      [16] 1246 	ld	(___numTests), hl
                           1247 ;	genCmpEq
                           1248 ;	genMove_o size 1 result type 2 source type 10 a_dead 1 hl_dead 1 de_dead 0 iy_dead 0 f_dead 1
   0629 3Ar04s00      [13] 1249 	ld	a, (_j)
   062C D6 0B         [ 7] 1250 	sub	a, #0x0b
                           1251 ; common peephole 54 used hl instead of iy.
   062E 21r05s00      [10] 1252 	ld	hl, #_j + 1
   0631 B6            [ 7] 1253 	or	a, (hl)
                           1254 ; common peephole 163 changed absolute to relative conditional jump.
   0632 28 11         [12] 1255 	jr	z, 00106$
                           1256 ; common peephole 81 removed jp by using inverse jump logic
                           1257 ; common peephole 159 removed unused label 00134$.
                           1258 ;	skipping generated iCode
                           1259 ;	skipping iCode since result will be rematerialized
                           1260 ;	skipping iCode since result will be rematerialized
                           1261 ;	skipping iCode since result will be rematerialized
                           1262 ;	skipping iCode since result will be rematerialized
                           1263 ;	skipping iCode since result will be rematerialized
                           1264 ;	skipping iCode since result will be rematerialized
                           1265 ;	genIpush
                           1266 ;	genMove_o size 2 result type 2 source type 1 a_dead 1 hl_dead 1 de_dead 1 iy_dead 1 f_dead 1
   0634 21 6B 00      [10] 1267 	ld	hl, #0x006b
   0637 E5            [11] 1268 	push	hl
                           1269 ;	genIpush
                           1270 ;	genMove_o size 2 result type 2 source type 7 a_dead 1 hl_dead 1 de_dead 1 iy_dead 1 f_dead 1
   0638 21rC4s06      [10] 1271 	ld	hl, #___str_25
   063B E5            [11] 1272 	push	hl
                           1273 ;	genSend
                           1274 ;	genMove_o size 2 result type 2 source type 7 a_dead 1 hl_dead 1 de_dead 1 iy_dead 1 f_dead 1
   063C 11rFCs06      [10] 1275 	ld	de, #___str_26
                           1276 ;	genSend
                           1277 ;	genMove_o size 2 result type 2 source type 7 a_dead 1 hl_dead 1 de_dead 0 iy_dead 1 f_dead 1
   063F 21rA2s06      [10] 1278 	ld	hl, #___str_23
                           1279 ;	genCall
   0642 CDr00s00      [17] 1280 	call	___fail
                           1281 ;	genLabel
   0645                    1282 00106$:
                           1283 ;cases/far_arithmetic/far_arithmetic_type_unsigned_int.c:108: j = RIGHT;
                           1284 ;	genAssign
                           1285 ;fetchPairLong
   0645 21 03 00      [10] 1286 	ld	hl, #0x0003
                           1287 ;	genMove_o size 2 result type 10 source type 2 a_dead 1 hl_dead 1 de_dead 1 iy_dead 1 f_dead 1
   0648 22r04s00      [16] 1288 	ld	(_j), hl
                           1289 ;cases/far_arithmetic/far_arithmetic_type_unsigned_int.c:109: dummy ();
                           1290 ;	genCall
   064B CDrB2s07      [17] 1291 	call	_dummy
                           1292 ;cases/far_arithmetic/far_arithmetic_type_unsigned_int.c:110: i = ii >> j;
                           1293 ;	genRightShift
                           1294 ; common peephole 53 used direct memory load instead of indirect.
   064E 3Ar04s00      [13] 1295 	ld	a, (#_j + 0)
   0651 47            [ 4] 1296 	ld	b, a
                           1297 ;	genMove_o size 2 result type 10 source type 10 a_dead 1 hl_dead 1 de_dead 1 iy_dead 1 f_dead 1
   0652 3Ar00s00      [13] 1298 	ld	a, (_ii+0)
   0655 32r02s00      [13] 1299 	ld	(_i+0), a
   0658 3Ar01s00      [13] 1300 	ld	a, (_ii+1)
   065B 32r03s00      [13] 1301 	ld	(_i+1), a
   065E 04            [ 4] 1302 	inc	b
                           1303 ; common peephole 162 changed absolute to relative unconditional jump.
   065F 18 0C         [12] 1304 	jr	00136$
   0661                    1305 00135$:
   0661 FD 21r02s00   [14] 1306 	ld	iy, #_i
   0665 FD CB 01 3E   [23] 1307 	srl	1 (iy)
   0669 FD CB 00 1E   [23] 1308 	rr	0 (iy)
   066D                    1309 00136$:
   066D 10 F2         [13] 1310 	djnz	00135$
                           1311 ;	genMove_o size 2 result type 10 source type 10 a_dead 1 hl_dead 1 de_dead 1 iy_dead 1 f_dead 1
                           1312 ;cases/far_arithmetic/far_arithmetic_type_unsigned_int.c:111: dummy ();
                           1313 ;	genCall
   066F CDrB2s07      [17] 1314 	call	_dummy
                           1315 ;cases/far_arithmetic/far_arithmetic_type_unsigned_int.c:112: ASSERT (i == (ii >> RIGHT));
                           1316 ;	genPlus
                           1317 ;	genMove_o size 2 result type 2 source type 10 a_dead 1 hl_dead 1 de_dead 1 iy_dead 1 f_dead 1
   0672 2Ar00s00      [16] 1318 	ld	hl, (___numTests)
   0675 23            [ 6] 1319 	inc	hl
                           1320 ;	genMove_o size 2 result type 10 source type 2 a_dead 1 hl_dead 1 de_dead 1 iy_dead 1 f_dead 1
   0676 22r00s00      [16] 1321 	ld	(___numTests), hl
                           1322 ;	genRightShift
                           1323 ;fetchPairLong
   0679 ED 4Br00s00   [20] 1324 	ld	bc, (_ii)
   067D CB 38         [ 8] 1325 	srl	b
   067F CB 19         [ 8] 1326 	rr	c
   0681 CB 38         [ 8] 1327 	srl	b
   0683 CB 19         [ 8] 1328 	rr	c
   0685 CB 38         [ 8] 1329 	srl	b
   0687 CB 19         [ 8] 1330 	rr	c
                           1331 ;	genCmpEq
                           1332 ;	genMove_o size 2 result type 2 source type 10 a_dead 1 hl_dead 1 de_dead 1 iy_dead 1 f_dead 1
   0689 2Ar02s00      [16] 1333 	ld	hl, (_i)
   068C AF            [ 4] 1334 	xor	a, a
   068D ED 42         [15] 1335 	sbc	hl, bc
   068F C8            [11] 1336 	ret	z
                           1337 ; common peephole 161 replaced jump by return.
                           1338 ; common peephole 81 removed jp by using inverse jump logic
                           1339 ; common peephole 159 removed unused label 00137$.
                           1340 ;	skipping generated iCode
                           1341 ;	skipping iCode since result will be rematerialized
                           1342 ;	skipping iCode since result will be rematerialized
                           1343 ;	skipping iCode since result will be rematerialized
                           1344 ;	skipping iCode since result will be rematerialized
                           1345 ;	skipping iCode since result will be rematerialized
                           1346 ;	skipping iCode since result will be rematerialized
                           1347 ;	genIpush
                           1348 ;	genMove_o size 2 result type 2 source type 1 a_dead 1 hl_dead 1 de_dead 1 iy_dead 1 f_dead 1
   0690 21 70 00      [10] 1349 	ld	hl, #0x0070
   0693 E5            [11] 1350 	push	hl
                           1351 ;	genIpush
                           1352 ;	genMove_o size 2 result type 2 source type 7 a_dead 1 hl_dead 1 de_dead 1 iy_dead 1 f_dead 1
   0694 21rC4s06      [10] 1353 	ld	hl, #___str_25
   0697 E5            [11] 1354 	push	hl
                           1355 ;	genSend
                           1356 ;	genMove_o size 2 result type 2 source type 7 a_dead 1 hl_dead 1 de_dead 1 iy_dead 1 f_dead 1
   0698 11r0Ds07      [10] 1357 	ld	de, #___str_27
                           1358 ;	genSend
                           1359 ;	genMove_o size 2 result type 2 source type 7 a_dead 1 hl_dead 1 de_dead 0 iy_dead 1 f_dead 1
   069B 21rA2s06      [10] 1360 	ld	hl, #___str_23
                           1361 ;	genCall
   069E CDr00s00      [17] 1362 	call	___fail
                           1363 ;	genLabel
                           1364 ; common peephole 159 removed unused label 00101$.
                           1365 ;cases/far_arithmetic/far_arithmetic_type_unsigned_int.c:114: }
                           1366 ;	genEndFunction
   06A1 C9            [10] 1367 	ret
                           1368 ;	Total testShift function size at codegen: 1 bytes.
   06A2                    1369 ___str_23:
   06A2 41 73 73 65 72 74  1370 	.ascii "Assertion failed"
        69 6F 6E 20 66 61
        69 6C 65 64
   06B2 00                 1371 	.db 0x00
   06B3                    1372 ___str_24:
   06B3 69 20 3D 3D 20 69  1373 	.ascii "i == ii >> RIGHT"
        69 20 3E 3E 20 52
        49 47 48 54
   06C3 00                 1374 	.db 0x00
   06C4                    1375 ___str_25:
   06C4 63 61 73 65 73 2F  1376 	.ascii "cases/far_arithmetic/far_arithmetic_type_unsigned_int.c"
        66 61 72 5F 61 72
        69 74 68 6D 65 74
        69 63 2F 66 61 72
        5F 61 72 69 74 68
        6D 65 74 69 63 5F
        74 79 70 65 5F 75
        6E 73 69 67 6E 65
        64 5F 69 6E 74 2E
        63
   06FB 00                 1377 	.db 0x00
   06FC                    1378 ___str_26:
   06FC 6A 20 3D 3D 20 63  1379 	.ascii "j == ci >> RIGHT"
        69 20 3E 3E 20 52
        49 47 48 54
   070C 00                 1380 	.db 0x00
   070D                    1381 ___str_27:
   070D 69 20 3D 3D 20 28  1382 	.ascii "i == (ii >> RIGHT)"
        69 69 20 3E 3E 20
        52 49 47 48 54 29
   071F 00                 1383 	.db 0x00
                           1384 ;cases/far_arithmetic/far_arithmetic_type_unsigned_int.c:116: void testMul (void)
                           1385 ;	genLabel
                           1386 ;	genFunction
                           1387 ;	---------------------------------
                           1388 ; Function testMul
                           1389 ; ---------------------------------
                           1390 ;	Register assignment might be sub-optimal.
                           1391 ; Stack space usage: 0 bytes.
   0720                    1392 _testMul::
                           1393 ;cases/far_arithmetic/far_arithmetic_type_unsigned_int.c:119: ASSERT (ii * RIGHT == LEFT1 * RIGHT);
                           1394 ;	genPlus
                           1395 ;	genMove_o size 2 result type 2 source type 10 a_dead 1 hl_dead 1 de_dead 1 iy_dead 1 f_dead 1
   0720 2Ar00s00      [16] 1396 	ld	hl, (___numTests)
   0723 23            [ 6] 1397 	inc	hl
                           1398 ;	genMove_o size 2 result type 10 source type 2 a_dead 1 hl_dead 1 de_dead 1 iy_dead 1 f_dead 1
   0724 22r00s00      [16] 1399 	ld	(___numTests), hl
                           1400 ;	genMult
                           1401 ;fetchPairLong
   0727 ED 4Br00s00   [20] 1402 	ld	bc, (_ii)
   072B 69            [ 4] 1403 	ld	l, c
   072C 60            [ 4] 1404 	ld	h, b
   072D 29            [11] 1405 	add	hl, hl
   072E 09            [11] 1406 	add	hl, bc
                           1407 ;	genMove_o size 2 result type 2 source type 2 a_dead 1 hl_dead 1 de_dead 1 iy_dead 1 f_dead 1
                           1408 ;	genCmpEq
                           1409 ;	genMove_o size 1 result type 2 source type 2 a_dead 1 hl_dead 0 de_dead 0 iy_dead 0 f_dead 1
   072F 7D            [ 4] 1410 	ld	a, l
                           1411 ;	genMove_o size 0 result type 2 source type 1 a_dead 1 hl_dead 0 de_dead 0 iy_dead 0 f_dead 1
   0730 3C            [ 4] 1412 	inc	a
   0731 B4            [ 4] 1413 	or	a, h
                           1414 ; common peephole 163 changed absolute to relative conditional jump.
   0732 28 11         [12] 1415 	jr	z, 00104$
                           1416 ; common peephole 81 removed jp by using inverse jump logic
                           1417 ; common peephole 159 removed unused label 00118$.
                           1418 ;	skipping generated iCode
                           1419 ;	skipping iCode since result will be rematerialized
                           1420 ;	skipping iCode since result will be rematerialized
                           1421 ;	skipping iCode since result will be rematerialized
                           1422 ;	skipping iCode since result will be rematerialized
                           1423 ;	skipping iCode since result will be rematerialized
                           1424 ;	skipping iCode since result will be rematerialized
                           1425 ;	genIpush
                           1426 ;	genMove_o size 2 result type 2 source type 1 a_dead 1 hl_dead 1 de_dead 1 iy_dead 1 f_dead 1
   0734 21 77 00      [10] 1427 	ld	hl, #0x0077
   0737 E5            [11] 1428 	push	hl
                           1429 ;	genIpush
                           1430 ;	genMove_o size 2 result type 2 source type 7 a_dead 1 hl_dead 1 de_dead 1 iy_dead 1 f_dead 1
   0738 21r7As07      [10] 1431 	ld	hl, #___str_30
   073B E5            [11] 1432 	push	hl
                           1433 ;	genSend
                           1434 ;	genMove_o size 2 result type 2 source type 7 a_dead 1 hl_dead 1 de_dead 1 iy_dead 1 f_dead 1
   073C 11r5Es07      [10] 1435 	ld	de, #___str_29
                           1436 ;	genSend
                           1437 ;	genMove_o size 2 result type 2 source type 7 a_dead 1 hl_dead 1 de_dead 0 iy_dead 1 f_dead 1
   073F 21r4Ds07      [10] 1438 	ld	hl, #___str_28
                           1439 ;	genCall
   0742 CDr00s00      [17] 1440 	call	___fail
                           1441 ;	genLabel
   0745                    1442 00104$:
                           1443 ;cases/far_arithmetic/far_arithmetic_type_unsigned_int.c:120: ASSERT (ci * RIGHT == LEFT2 * RIGHT);
                           1444 ;	genPlus
                           1445 ;	genMove_o size 2 result type 2 source type 10 a_dead 1 hl_dead 1 de_dead 1 iy_dead 1 f_dead 1
   0745 2Ar00s00      [16] 1446 	ld	hl, (___numTests)
   0748 23            [ 6] 1447 	inc	hl
                           1448 ;	genMove_o size 2 result type 10 source type 2 a_dead 1 hl_dead 1 de_dead 1 iy_dead 1 f_dead 1
   0749 22r00s00      [16] 1449 	ld	(___numTests), hl
                           1450 ;	genLabel
                           1451 ; common peephole 159 removed unused label 00101$.
                           1452 ;cases/far_arithmetic/far_arithmetic_type_unsigned_int.c:122: }
                           1453 ;	genEndFunction
   074C C9            [10] 1454 	ret
                           1455 ;	Total testMul function size at codegen: 1 bytes.
   074D                    1456 ___str_28:
   074D 41 73 73 65 72 74  1457 	.ascii "Assertion failed"
        69 6F 6E 20 66 61
        69 6C 65 64
   075D 00                 1458 	.db 0x00
   075E                    1459 ___str_29:
   075E 69 69 20 2A 20 52  1460 	.ascii "ii * RIGHT == LEFT1 * RIGHT"
        49 47 48 54 20 3D
        3D 20 4C 45 46 54
        31 20 2A 20 52 49
        47 48 54
   0779 00                 1461 	.db 0x00
   077A                    1462 ___str_30:
   077A 63 61 73 65 73 2F  1463 	.ascii "cases/far_arithmetic/far_arithmetic_type_unsigned_int.c"
        66 61 72 5F 61 72
        69 74 68 6D 65 74
        69 63 2F 66 61 72
        5F 61 72 69 74 68
        6D 65 74 69 63 5F
        74 79 70 65 5F 75
        6E 73 69 67 6E 65
        64 5F 69 6E 74 2E
        63
   07B1 00                 1464 	.db 0x00
                           1465 ;cases/far_arithmetic/far_arithmetic_type_unsigned_int.c:124: void dummy(void)
                           1466 ;	genLabel
                           1467 ;	genFunction
                           1468 ;	---------------------------------
                           1469 ; Function dummy
                           1470 ; ---------------------------------
                           1471 ;	Register assignment is optimal.
                           1472 ; Stack space usage: 0 bytes.
   07B2                    1473 _dummy::
                           1474 ;cases/far_arithmetic/far_arithmetic_type_unsigned_int.c:126: }
                           1475 ;	genLabel
                           1476 ; common peephole 159 removed unused label 00101$.
                           1477 ;	genEndFunction
   07B2 C9            [10] 1478 	ret
                           1479 ;	Total dummy function size at codegen: 1 bytes.
                           1480 ;cases/far_arithmetic/far_arithmetic_type_unsigned_int.c:130: __runSuite(void)
                           1481 ;	genLabel
                           1482 ;	genFunction
                           1483 ;	---------------------------------
                           1484 ; Function __runSuite
                           1485 ; ---------------------------------
                           1486 ;	Register assignment is optimal.
                           1487 ; Stack space usage: 0 bytes.
   07B3                    1488 ___runSuite::
                           1489 ;cases/far_arithmetic/far_arithmetic_type_unsigned_int.c:132: __prints("Running testAnd\n");
                           1490 ;	skipping iCode since result will be rematerialized
                           1491 ;	skipping iCode since result will be rematerialized
                           1492 ;	genSend
                           1493 ;	genMove_o size 2 result type 2 source type 7 a_dead 1 hl_dead 1 de_dead 1 iy_dead 1 f_dead 1
   07B3 21rF2s07      [10] 1494 	ld	hl, #___str_32
                           1495 ;	genCall
   07B6 CDr00s00      [17] 1496 	call	___prints
                           1497 ;cases/far_arithmetic/far_arithmetic_type_unsigned_int.c:133: testAnd();
                           1498 ;	genCall
   07B9 CDr00s00      [17] 1499 	call	_testAnd
                           1500 ;cases/far_arithmetic/far_arithmetic_type_unsigned_int.c:134: __prints("Running testOr\n");
                           1501 ;	skipping iCode since result will be rematerialized
                           1502 ;	skipping iCode since result will be rematerialized
                           1503 ;	genSend
                           1504 ;	genMove_o size 2 result type 2 source type 7 a_dead 1 hl_dead 1 de_dead 1 iy_dead 1 f_dead 1
   07BC 21r03s08      [10] 1505 	ld	hl, #___str_33
                           1506 ;	genCall
   07BF CDr00s00      [17] 1507 	call	___prints
                           1508 ;cases/far_arithmetic/far_arithmetic_type_unsigned_int.c:135: testOr();
                           1509 ;	genCall
   07C2 CDr19s01      [17] 1510 	call	_testOr
                           1511 ;cases/far_arithmetic/far_arithmetic_type_unsigned_int.c:136: __prints("Running testXor\n");
                           1512 ;	skipping iCode since result will be rematerialized
                           1513 ;	skipping iCode since result will be rematerialized
                           1514 ;	genSend
                           1515 ;	genMove_o size 2 result type 2 source type 7 a_dead 1 hl_dead 1 de_dead 1 iy_dead 1 f_dead 1
   07C5 21r13s08      [10] 1516 	ld	hl, #___str_34
                           1517 ;	genCall
   07C8 CDr00s00      [17] 1518 	call	___prints
                           1519 ;cases/far_arithmetic/far_arithmetic_type_unsigned_int.c:137: testXor();
                           1520 ;	genCall
   07CB CDr32s02      [17] 1521 	call	_testXor
                           1522 ;cases/far_arithmetic/far_arithmetic_type_unsigned_int.c:138: __prints("Running testAdd\n");
                           1523 ;	skipping iCode since result will be rematerialized
                           1524 ;	skipping iCode since result will be rematerialized
                           1525 ;	genSend
                           1526 ;	genMove_o size 2 result type 2 source type 7 a_dead 1 hl_dead 1 de_dead 1 iy_dead 1 f_dead 1
   07CE 21r24s08      [10] 1527 	ld	hl, #___str_35
                           1528 ;	genCall
   07D1 CDr00s00      [17] 1529 	call	___prints
                           1530 ;cases/far_arithmetic/far_arithmetic_type_unsigned_int.c:139: testAdd();
                           1531 ;	genCall
   07D4 CDr6Ds03      [17] 1532 	call	_testAdd
                           1533 ;cases/far_arithmetic/far_arithmetic_type_unsigned_int.c:140: __prints("Running testSub\n");
                           1534 ;	skipping iCode since result will be rematerialized
                           1535 ;	skipping iCode since result will be rematerialized
                           1536 ;	genSend
                           1537 ;	genMove_o size 2 result type 2 source type 7 a_dead 1 hl_dead 1 de_dead 1 iy_dead 1 f_dead 1
   07D7 21r35s08      [10] 1538 	ld	hl, #___str_36
                           1539 ;	genCall
   07DA CDr00s00      [17] 1540 	call	___prints
                           1541 ;cases/far_arithmetic/far_arithmetic_type_unsigned_int.c:141: testSub();
                           1542 ;	genCall
   07DD CDr92s04      [17] 1543 	call	_testSub
                           1544 ;cases/far_arithmetic/far_arithmetic_type_unsigned_int.c:142: __prints("Running testShift\n");
                           1545 ;	skipping iCode since result will be rematerialized
                           1546 ;	skipping iCode since result will be rematerialized
                           1547 ;	genSend
                           1548 ;	genMove_o size 2 result type 2 source type 7 a_dead 1 hl_dead 1 de_dead 1 iy_dead 1 f_dead 1
   07E0 21r46s08      [10] 1549 	ld	hl, #___str_37
                           1550 ;	genCall
   07E3 CDr00s00      [17] 1551 	call	___prints
                           1552 ;cases/far_arithmetic/far_arithmetic_type_unsigned_int.c:143: testShift();
                           1553 ;	genCall
   07E6 CDrC1s05      [17] 1554 	call	_testShift
                           1555 ;cases/far_arithmetic/far_arithmetic_type_unsigned_int.c:144: __prints("Running testMul\n");
                           1556 ;	skipping iCode since result will be rematerialized
                           1557 ;	skipping iCode since result will be rematerialized
                           1558 ;	genSend
                           1559 ;	genMove_o size 2 result type 2 source type 7 a_dead 1 hl_dead 1 de_dead 1 iy_dead 1 f_dead 1
   07E9 21r59s08      [10] 1560 	ld	hl, #___str_38
                           1561 ;	genCall
   07EC CDr00s00      [17] 1562 	call	___prints
                           1563 ;cases/far_arithmetic/far_arithmetic_type_unsigned_int.c:145: testMul();
                           1564 ;	genCall
                           1565 ;	genLabel
                           1566 ; common peephole 159 removed unused label 00101$.
                           1567 ;cases/far_arithmetic/far_arithmetic_type_unsigned_int.c:146: }
                           1568 ;	genEndFunction
   07EF C3r20s07      [10] 1569 	jp	_testMul
                           1570 ; common peephole 152 removed unused ret.
                           1571 ;	Total __runSuite function size at codegen: 1 bytes.
   07F2                    1572 ___str_32:
   07F2 52 75 6E 6E 69 6E  1573 	.ascii "Running testAnd"
        67 20 74 65 73 74
        41 6E 64
   0801 0A                 1574 	.db 0x0a
   0802 00                 1575 	.db 0x00
   0803                    1576 ___str_33:
   0803 52 75 6E 6E 69 6E  1577 	.ascii "Running testOr"
        67 20 74 65 73 74
        4F 72
   0811 0A                 1578 	.db 0x0a
   0812 00                 1579 	.db 0x00
   0813                    1580 ___str_34:
   0813 52 75 6E 6E 69 6E  1581 	.ascii "Running testXor"
        67 20 74 65 73 74
        58 6F 72
   0822 0A                 1582 	.db 0x0a
   0823 00                 1583 	.db 0x00
   0824                    1584 ___str_35:
   0824 52 75 6E 6E 69 6E  1585 	.ascii "Running testAdd"
        67 20 74 65 73 74
        41 64 64
   0833 0A                 1586 	.db 0x0a
   0834 00                 1587 	.db 0x00
   0835                    1588 ___str_36:
   0835 52 75 6E 6E 69 6E  1589 	.ascii "Running testSub"
        67 20 74 65 73 74
        53 75 62
   0844 0A                 1590 	.db 0x0a
   0845 00                 1591 	.db 0x00
   0846                    1592 ___str_37:
   0846 52 75 6E 6E 69 6E  1593 	.ascii "Running testShift"
        67 20 74 65 73 74
        53 68 69 66 74
   0857 0A                 1594 	.db 0x0a
   0858 00                 1595 	.db 0x00
   0859                    1596 ___str_38:
   0859 52 75 6E 6E 69 6E  1597 	.ascii "Running testMul"
        67 20 74 65 73 74
        4D 75 6C
   0868 0A                 1598 	.db 0x0a
   0869 00                 1599 	.db 0x00
                           1600 ;cases/far_arithmetic/far_arithmetic_type_unsigned_int.c:151: __getSuiteName(void)
                           1601 ;	genLabel
                           1602 ;	genFunction
                           1603 ;	---------------------------------
                           1604 ; Function __getSuiteName
                           1605 ; ---------------------------------
                           1606 ;	Register assignment is optimal.
                           1607 ; Stack space usage: 0 bytes.
   086A                    1608 ___getSuiteName::
                           1609 ;cases/far_arithmetic/far_arithmetic_type_unsigned_int.c:153: return "far_arithmetic_type_unsigned_int";
                           1610 ;	skipping iCode since result will be rematerialized
                           1611 ;	skipping iCode since result will be rematerialized
                           1612 ;	genRet
                           1613 ;	genMove_o size 2 result type 2 source type 7 a_dead 1 hl_dead 1 de_dead 1 iy_dead 1 f_dead 1
   086A 11r70s08      [10] 1614 	ld	de, #___str_39
                           1615 ;	genLabel
                           1616 ; common peephole 159 removed unused label 00101$.
                           1617 ;cases/far_arithmetic/far_arithmetic_type_unsigned_int.c:154: }
                           1618 ;	genEndFunction
   086D C9            [10] 1619 	ret
                           1620 ;	Total __getSuiteName function size at codegen: 1 bytes.
   086E                    1621 ___numCases:
   086E 07 00              1622 	.dw #0x0007
   0870                    1623 ___str_39:
   0870 66 61 72 5F 61 72  1624 	.ascii "far_arithmetic_type_unsigned_int"
        69 74 68 6D 65 74
        69 63 5F 74 79 70
        65 5F 75 6E 73 69
        67 6E 65 64 5F 69
        6E 74
   0890 00                 1625 	.db 0x00
                           1626 	.area _CODE (BANK=_CSEG)
                           1627 	.area _INITIALIZER
   0000                    1628 __xinit__ii:
   0000 55 00              1629 	.dw #0x0055
                           1630 	.area _CABS (ABS)
