                              1 ;--------------------------------------------------------
                              2 ; File Created by SDCC : free open source ISO C Compiler
                              3 ; Version 4.6.2 #16710 (Linux)
                              4 ;--------------------------------------------------------
                              5 	.module tst_gcc_torture_execute_divcmp_1
                              6 	
                              7 ;--------------------------------------------------------
                              8 ; Public variables in this module
                              9 ;--------------------------------------------------------
                             10 	.globl _testTortureExecute
                             11 	.globl _test12
                             12 	.globl _test11u
                             13 	.globl _test11
                             14 	.globl _test10u
                             15 	.globl _test10
                             16 	.globl _test9u
                             17 	.globl _test9
                             18 	.globl _test8u
                             19 	.globl _test8
                             20 	.globl _test7u
                             21 	.globl _test7
                             22 	.globl _test6
                             23 	.globl _test5u
                             24 	.globl _test5
                             25 	.globl _test4u
                             26 	.globl _test4
                             27 	.globl _test3u
                             28 	.globl _test3
                             29 	.globl _test2u
                             30 	.globl _test2
                             31 	.globl _test1u
                             32 	.globl _test1
                             33 	.globl ___prints
                             34 	.globl ___fail
                             35 	.globl ___numCases
                             36 	.globl ___runSuite
                             37 	.globl ___getSuiteName
                             38 ;--------------------------------------------------------
                             39 ; special function registers
                             40 ;--------------------------------------------------------
                             41 ;--------------------------------------------------------
                             42 ; ram data
                             43 ;--------------------------------------------------------
                             44 	.area _DATA (BANK=_DSEG)
                             45 ;--------------------------------------------------------
                             46 ; ram data
                             47 ;--------------------------------------------------------
                             48 	.area _INITIALIZED
                             49 ;--------------------------------------------------------
                             50 ; absolute ram data
                             51 ;--------------------------------------------------------
                             52 	.area _DABS (ABS)
                             53 	.area _DABS (ABS)
                             54 ;--------------------------------------------------------
                             55 ; global & static initialisations
                             56 ;--------------------------------------------------------
                             57 	.area _HOME
                             58 	.area _GSINIT
                             59 	.area _GSFINAL
                             60 	.area _GSINIT
                             61 ;--------------------------------------------------------
                             62 ; Home
                             63 ;--------------------------------------------------------
                             64 	.area _HOME (BANK=_CSEG)
                             65 	.area _HOME (BANK=_CSEG)
                             66 ;--------------------------------------------------------
                             67 ; code
                             68 ;--------------------------------------------------------
                             69 	.area _CODE (BANK=_CSEG)
                             70 ;cases/./../tests/gcc-torture-execute-divcmp-1.c:13: int test1(int x)
                             71 ;	genLabel
                             72 ;	genFunction
                             73 ;	---------------------------------
                             74 ; Function test1
                             75 ; ---------------------------------
                             76 ;	Register assignment might be sub-optimal.
                             77 ; Stack space usage: 0 bytes.
   0000                      78 _test1::
                             79 ;	genReceive
                             80 ;	genMove_o size 2 result type 2 source type 2 a_dead 1 hl_dead 1 de_dead 1 iy_dead 1 f_dead 1
                             81 ;cases/./../tests/gcc-torture-execute-divcmp-1.c:15: return x/10 == 2;
                             82 ;	genSend
                             83 ;	genMove_o size 2 result type 2 source type 1 a_dead 1 hl_dead 0 de_dead 1 iy_dead 1 f_dead 1
   0000 11 0A 00      [10]   84 	ld	de, #0x000a
                             85 ;	genSend
                             86 ;	genMove_o size 2 result type 2 source type 2 a_dead 1 hl_dead 1 de_dead 0 iy_dead 1 f_dead 1
                             87 ;	genCall
   0003 CDr00s00      [17]   88 	call	__divsint
                             89 ;	genMove_o size 2 result type 2 source type 2 a_dead 1 hl_dead 1 de_dead 1 iy_dead 1 f_dead 1
                             90 ;	genCmpEq
                             91 ;	genMove_o size 1 result type 2 source type 2 a_dead 1 hl_dead 1 de_dead 0 iy_dead 0 f_dead 1
   0006 7B            [ 4]   92 	ld	a, e
                             93 ;	genMove_o size 0 result type 2 source type 1 a_dead 1 hl_dead 1 de_dead 0 iy_dead 0 f_dead 1
   0007 D6 02         [ 7]   94 	sub	a, #0x02
   0009 B2            [ 4]   95 	or	a, d
   000A 3E 01         [ 7]   96 	ld	a, #0x01
                             97 ; common peephole 163 changed absolute to relative conditional jump.
   000C 28 01         [12]   98 	jr	z, 00104$
                             99 ; common peephole 169xnz used double assignment in case of nz condition.
                            100 ; common peephole 159 removed unused label 00103$.
   000E AF            [ 4]  101 	xor	a, a
   000F                     102 00104$:
                            103 ;	genMove_o size 1 result type 2 source type 2 a_dead 1 hl_dead 1 de_dead 1 iy_dead 1 f_dead 1
                            104 ;	genCast
                            105 ;	genMove_o size 1 result type 2 source type 2 a_dead 1 hl_dead 1 de_dead 1 iy_dead 1 f_dead 1
   000F 5F            [ 4]  106 	ld	e, a
                            107 ;	genMove_o size 0 result type 2 source type 1 a_dead 1 hl_dead 1 de_dead 0 iy_dead 1 f_dead 1
                            108 ;	genMove_o size 1 result type 2 source type 1 a_dead 1 hl_dead 1 de_dead 0 iy_dead 1 f_dead 1
   0010 16 00         [ 7]  109 	ld	d, #0x00
                            110 ;	genRet
                            111 ;	genMove_o size 2 result type 2 source type 2 a_dead 1 hl_dead 1 de_dead 1 iy_dead 1 f_dead 1
                            112 ;	genLabel
                            113 ; common peephole 159 removed unused label 00101$.
                            114 ;cases/./../tests/gcc-torture-execute-divcmp-1.c:16: }
                            115 ;	genEndFunction
   0012 C9            [10]  116 	ret
                            117 ;	Total test1 function size at codegen: 1 bytes.
                            118 ;cases/./../tests/gcc-torture-execute-divcmp-1.c:18: int test1u(unsigned int x)
                            119 ;	genLabel
                            120 ;	genFunction
                            121 ;	---------------------------------
                            122 ; Function test1u
                            123 ; ---------------------------------
                            124 ;	Register assignment might be sub-optimal.
                            125 ; Stack space usage: 0 bytes.
   0013                     126 _test1u::
                            127 ;	genReceive
                            128 ;	genMove_o size 2 result type 2 source type 2 a_dead 1 hl_dead 1 de_dead 1 iy_dead 1 f_dead 1
                            129 ;cases/./../tests/gcc-torture-execute-divcmp-1.c:20: return x/10U == 2;
                            130 ;	genSend
                            131 ;	genMove_o size 2 result type 2 source type 1 a_dead 1 hl_dead 0 de_dead 1 iy_dead 1 f_dead 1
   0013 11 0A 00      [10]  132 	ld	de, #0x000a
                            133 ;	genSend
                            134 ;	genMove_o size 2 result type 2 source type 2 a_dead 1 hl_dead 1 de_dead 0 iy_dead 1 f_dead 1
                            135 ;	genCall
   0016 CDr00s00      [17]  136 	call	__divuint
                            137 ;	genMove_o size 2 result type 2 source type 2 a_dead 1 hl_dead 1 de_dead 1 iy_dead 1 f_dead 1
                            138 ;	genCmpEq
                            139 ;	genMove_o size 1 result type 2 source type 2 a_dead 1 hl_dead 1 de_dead 0 iy_dead 0 f_dead 1
   0019 7B            [ 4]  140 	ld	a, e
                            141 ;	genMove_o size 0 result type 2 source type 1 a_dead 1 hl_dead 1 de_dead 0 iy_dead 0 f_dead 1
   001A D6 02         [ 7]  142 	sub	a, #0x02
   001C B2            [ 4]  143 	or	a, d
   001D 3E 01         [ 7]  144 	ld	a, #0x01
                            145 ; common peephole 163 changed absolute to relative conditional jump.
   001F 28 01         [12]  146 	jr	z, 00104$
                            147 ; common peephole 169xnz used double assignment in case of nz condition.
                            148 ; common peephole 159 removed unused label 00103$.
   0021 AF            [ 4]  149 	xor	a, a
   0022                     150 00104$:
                            151 ;	genMove_o size 1 result type 2 source type 2 a_dead 1 hl_dead 1 de_dead 1 iy_dead 1 f_dead 1
                            152 ;	genCast
                            153 ;	genMove_o size 1 result type 2 source type 2 a_dead 1 hl_dead 1 de_dead 1 iy_dead 1 f_dead 1
   0022 5F            [ 4]  154 	ld	e, a
                            155 ;	genMove_o size 0 result type 2 source type 1 a_dead 1 hl_dead 1 de_dead 0 iy_dead 1 f_dead 1
                            156 ;	genMove_o size 1 result type 2 source type 1 a_dead 1 hl_dead 1 de_dead 0 iy_dead 1 f_dead 1
   0023 16 00         [ 7]  157 	ld	d, #0x00
                            158 ;	genRet
                            159 ;	genMove_o size 2 result type 2 source type 2 a_dead 1 hl_dead 1 de_dead 1 iy_dead 1 f_dead 1
                            160 ;	genLabel
                            161 ; common peephole 159 removed unused label 00101$.
                            162 ;cases/./../tests/gcc-torture-execute-divcmp-1.c:21: }
                            163 ;	genEndFunction
   0025 C9            [10]  164 	ret
                            165 ;	Total test1u function size at codegen: 1 bytes.
                            166 ;cases/./../tests/gcc-torture-execute-divcmp-1.c:24: int test2(int x)
                            167 ;	genLabel
                            168 ;	genFunction
                            169 ;	---------------------------------
                            170 ; Function test2
                            171 ; ---------------------------------
                            172 ;	Register assignment might be sub-optimal.
                            173 ; Stack space usage: 0 bytes.
   0026                     174 _test2::
                            175 ;	genReceive
                            176 ;	genMove_o size 2 result type 2 source type 2 a_dead 1 hl_dead 1 de_dead 1 iy_dead 1 f_dead 1
                            177 ;cases/./../tests/gcc-torture-execute-divcmp-1.c:26: return x/10 == 0;
                            178 ;	genSend
                            179 ;	genMove_o size 2 result type 2 source type 1 a_dead 1 hl_dead 0 de_dead 1 iy_dead 1 f_dead 1
   0026 11 0A 00      [10]  180 	ld	de, #0x000a
                            181 ;	genSend
                            182 ;	genMove_o size 2 result type 2 source type 2 a_dead 1 hl_dead 1 de_dead 0 iy_dead 1 f_dead 1
                            183 ;	genCall
   0029 CDr00s00      [17]  184 	call	__divsint
                            185 ;	genMove_o size 2 result type 2 source type 2 a_dead 1 hl_dead 1 de_dead 1 iy_dead 1 f_dead 1
                            186 ;	genCmpEq
   002C 7B            [ 4]  187 	ld	a, e
   002D B7            [ 4]  188 	or	a, a
   002E B2            [ 4]  189 	or	a, d
   002F 3E 01         [ 7]  190 	ld	a, #0x01
                            191 ; common peephole 163 changed absolute to relative conditional jump.
   0031 28 01         [12]  192 	jr	z, 00104$
                            193 ; common peephole 169xnz used double assignment in case of nz condition.
                            194 ; common peephole 159 removed unused label 00103$.
   0033 AF            [ 4]  195 	xor	a, a
   0034                     196 00104$:
                            197 ;	genMove_o size 1 result type 2 source type 2 a_dead 1 hl_dead 1 de_dead 1 iy_dead 1 f_dead 1
                            198 ;	genCast
                            199 ;	genMove_o size 1 result type 2 source type 2 a_dead 1 hl_dead 1 de_dead 1 iy_dead 1 f_dead 1
   0034 5F            [ 4]  200 	ld	e, a
                            201 ;	genMove_o size 0 result type 2 source type 1 a_dead 1 hl_dead 1 de_dead 0 iy_dead 1 f_dead 1
                            202 ;	genMove_o size 1 result type 2 source type 1 a_dead 1 hl_dead 1 de_dead 0 iy_dead 1 f_dead 1
   0035 16 00         [ 7]  203 	ld	d, #0x00
                            204 ;	genRet
                            205 ;	genMove_o size 2 result type 2 source type 2 a_dead 1 hl_dead 1 de_dead 1 iy_dead 1 f_dead 1
                            206 ;	genLabel
                            207 ; common peephole 159 removed unused label 00101$.
                            208 ;cases/./../tests/gcc-torture-execute-divcmp-1.c:27: }
                            209 ;	genEndFunction
   0037 C9            [10]  210 	ret
                            211 ;	Total test2 function size at codegen: 1 bytes.
                            212 ;cases/./../tests/gcc-torture-execute-divcmp-1.c:29: int test2u(unsigned int x)
                            213 ;	genLabel
                            214 ;	genFunction
                            215 ;	---------------------------------
                            216 ; Function test2u
                            217 ; ---------------------------------
                            218 ;	Register assignment might be sub-optimal.
                            219 ; Stack space usage: 0 bytes.
   0038                     220 _test2u::
                            221 ;	genReceive
                            222 ;	genMove_o size 2 result type 2 source type 2 a_dead 1 hl_dead 1 de_dead 1 iy_dead 1 f_dead 1
                            223 ;cases/./../tests/gcc-torture-execute-divcmp-1.c:31: return x/10U == 0;
                            224 ;	genSend
                            225 ;	genMove_o size 2 result type 2 source type 1 a_dead 1 hl_dead 0 de_dead 1 iy_dead 1 f_dead 1
   0038 11 0A 00      [10]  226 	ld	de, #0x000a
                            227 ;	genSend
                            228 ;	genMove_o size 2 result type 2 source type 2 a_dead 1 hl_dead 1 de_dead 0 iy_dead 1 f_dead 1
                            229 ;	genCall
   003B CDr00s00      [17]  230 	call	__divuint
                            231 ;	genMove_o size 2 result type 2 source type 2 a_dead 1 hl_dead 1 de_dead 1 iy_dead 1 f_dead 1
                            232 ;	genCmpEq
   003E 7B            [ 4]  233 	ld	a, e
   003F B7            [ 4]  234 	or	a, a
   0040 B2            [ 4]  235 	or	a, d
   0041 3E 01         [ 7]  236 	ld	a, #0x01
                            237 ; common peephole 163 changed absolute to relative conditional jump.
   0043 28 01         [12]  238 	jr	z, 00104$
                            239 ; common peephole 169xnz used double assignment in case of nz condition.
                            240 ; common peephole 159 removed unused label 00103$.
   0045 AF            [ 4]  241 	xor	a, a
   0046                     242 00104$:
                            243 ;	genMove_o size 1 result type 2 source type 2 a_dead 1 hl_dead 1 de_dead 1 iy_dead 1 f_dead 1
                            244 ;	genCast
                            245 ;	genMove_o size 1 result type 2 source type 2 a_dead 1 hl_dead 1 de_dead 1 iy_dead 1 f_dead 1
   0046 5F            [ 4]  246 	ld	e, a
                            247 ;	genMove_o size 0 result type 2 source type 1 a_dead 1 hl_dead 1 de_dead 0 iy_dead 1 f_dead 1
                            248 ;	genMove_o size 1 result type 2 source type 1 a_dead 1 hl_dead 1 de_dead 0 iy_dead 1 f_dead 1
   0047 16 00         [ 7]  249 	ld	d, #0x00
                            250 ;	genRet
                            251 ;	genMove_o size 2 result type 2 source type 2 a_dead 1 hl_dead 1 de_dead 1 iy_dead 1 f_dead 1
                            252 ;	genLabel
                            253 ; common peephole 159 removed unused label 00101$.
                            254 ;cases/./../tests/gcc-torture-execute-divcmp-1.c:32: }
                            255 ;	genEndFunction
   0049 C9            [10]  256 	ret
                            257 ;	Total test2u function size at codegen: 1 bytes.
                            258 ;cases/./../tests/gcc-torture-execute-divcmp-1.c:35: int test3(int x)
                            259 ;	genLabel
                            260 ;	genFunction
                            261 ;	---------------------------------
                            262 ; Function test3
                            263 ; ---------------------------------
                            264 ;	Register assignment might be sub-optimal.
                            265 ; Stack space usage: 0 bytes.
   004A                     266 _test3::
                            267 ;	genReceive
                            268 ;	genMove_o size 2 result type 2 source type 2 a_dead 1 hl_dead 1 de_dead 1 iy_dead 1 f_dead 1
                            269 ;cases/./../tests/gcc-torture-execute-divcmp-1.c:37: return x/10 != 2;
                            270 ;	genSend
                            271 ;	genMove_o size 2 result type 2 source type 1 a_dead 1 hl_dead 0 de_dead 1 iy_dead 1 f_dead 1
   004A 11 0A 00      [10]  272 	ld	de, #0x000a
                            273 ;	genSend
                            274 ;	genMove_o size 2 result type 2 source type 2 a_dead 1 hl_dead 1 de_dead 0 iy_dead 1 f_dead 1
                            275 ;	genCall
   004D CDr00s00      [17]  276 	call	__divsint
                            277 ;	genMove_o size 2 result type 2 source type 2 a_dead 1 hl_dead 1 de_dead 1 iy_dead 1 f_dead 1
                            278 ;	genCmpEq
                            279 ;	genMove_o size 1 result type 2 source type 2 a_dead 1 hl_dead 1 de_dead 0 iy_dead 0 f_dead 1
   0050 7B            [ 4]  280 	ld	a, e
                            281 ;	genMove_o size 0 result type 2 source type 1 a_dead 1 hl_dead 1 de_dead 0 iy_dead 0 f_dead 1
   0051 D6 02         [ 7]  282 	sub	a, #0x02
   0053 B2            [ 4]  283 	or	a, d
   0054 3E 01         [ 7]  284 	ld	a, #0x01
                            285 ; common peephole 163 changed absolute to relative conditional jump.
   0056 28 01         [12]  286 	jr	z, 00104$
                            287 ; common peephole 169xnz used double assignment in case of nz condition.
                            288 ; common peephole 159 removed unused label 00103$.
   0058 AF            [ 4]  289 	xor	a, a
   0059                     290 00104$:
                            291 ;	genMove_o size 1 result type 2 source type 2 a_dead 1 hl_dead 1 de_dead 1 iy_dead 1 f_dead 1
                            292 ;	genNot
   0059 EE 01         [ 7]  293 	xor	a, #0x01
                            294 ;	genCast
                            295 ;	genMove_o size 1 result type 2 source type 2 a_dead 1 hl_dead 1 de_dead 1 iy_dead 1 f_dead 1
   005B 5F            [ 4]  296 	ld	e, a
                            297 ;	genMove_o size 0 result type 2 source type 1 a_dead 1 hl_dead 1 de_dead 0 iy_dead 1 f_dead 1
                            298 ;	genMove_o size 1 result type 2 source type 1 a_dead 1 hl_dead 1 de_dead 0 iy_dead 1 f_dead 1
   005C 16 00         [ 7]  299 	ld	d, #0x00
                            300 ;	genRet
                            301 ;	genMove_o size 2 result type 2 source type 2 a_dead 1 hl_dead 1 de_dead 1 iy_dead 1 f_dead 1
                            302 ;	genLabel
                            303 ; common peephole 159 removed unused label 00101$.
                            304 ;cases/./../tests/gcc-torture-execute-divcmp-1.c:38: }
                            305 ;	genEndFunction
   005E C9            [10]  306 	ret
                            307 ;	Total test3 function size at codegen: 1 bytes.
                            308 ;cases/./../tests/gcc-torture-execute-divcmp-1.c:40: int test3u(unsigned int x)
                            309 ;	genLabel
                            310 ;	genFunction
                            311 ;	---------------------------------
                            312 ; Function test3u
                            313 ; ---------------------------------
                            314 ;	Register assignment might be sub-optimal.
                            315 ; Stack space usage: 0 bytes.
   005F                     316 _test3u::
                            317 ;	genReceive
                            318 ;	genMove_o size 2 result type 2 source type 2 a_dead 1 hl_dead 1 de_dead 1 iy_dead 1 f_dead 1
                            319 ;cases/./../tests/gcc-torture-execute-divcmp-1.c:42: return x/10U != 2;
                            320 ;	genSend
                            321 ;	genMove_o size 2 result type 2 source type 1 a_dead 1 hl_dead 0 de_dead 1 iy_dead 1 f_dead 1
   005F 11 0A 00      [10]  322 	ld	de, #0x000a
                            323 ;	genSend
                            324 ;	genMove_o size 2 result type 2 source type 2 a_dead 1 hl_dead 1 de_dead 0 iy_dead 1 f_dead 1
                            325 ;	genCall
   0062 CDr00s00      [17]  326 	call	__divuint
                            327 ;	genMove_o size 2 result type 2 source type 2 a_dead 1 hl_dead 1 de_dead 1 iy_dead 1 f_dead 1
                            328 ;	genCmpEq
                            329 ;	genMove_o size 1 result type 2 source type 2 a_dead 1 hl_dead 1 de_dead 0 iy_dead 0 f_dead 1
   0065 7B            [ 4]  330 	ld	a, e
                            331 ;	genMove_o size 0 result type 2 source type 1 a_dead 1 hl_dead 1 de_dead 0 iy_dead 0 f_dead 1
   0066 D6 02         [ 7]  332 	sub	a, #0x02
   0068 B2            [ 4]  333 	or	a, d
   0069 3E 01         [ 7]  334 	ld	a, #0x01
                            335 ; common peephole 163 changed absolute to relative conditional jump.
   006B 28 01         [12]  336 	jr	z, 00104$
                            337 ; common peephole 169xnz used double assignment in case of nz condition.
                            338 ; common peephole 159 removed unused label 00103$.
   006D AF            [ 4]  339 	xor	a, a
   006E                     340 00104$:
                            341 ;	genMove_o size 1 result type 2 source type 2 a_dead 1 hl_dead 1 de_dead 1 iy_dead 1 f_dead 1
                            342 ;	genNot
   006E EE 01         [ 7]  343 	xor	a, #0x01
                            344 ;	genCast
                            345 ;	genMove_o size 1 result type 2 source type 2 a_dead 1 hl_dead 1 de_dead 1 iy_dead 1 f_dead 1
   0070 5F            [ 4]  346 	ld	e, a
                            347 ;	genMove_o size 0 result type 2 source type 1 a_dead 1 hl_dead 1 de_dead 0 iy_dead 1 f_dead 1
                            348 ;	genMove_o size 1 result type 2 source type 1 a_dead 1 hl_dead 1 de_dead 0 iy_dead 1 f_dead 1
   0071 16 00         [ 7]  349 	ld	d, #0x00
                            350 ;	genRet
                            351 ;	genMove_o size 2 result type 2 source type 2 a_dead 1 hl_dead 1 de_dead 1 iy_dead 1 f_dead 1
                            352 ;	genLabel
                            353 ; common peephole 159 removed unused label 00101$.
                            354 ;cases/./../tests/gcc-torture-execute-divcmp-1.c:43: }
                            355 ;	genEndFunction
   0073 C9            [10]  356 	ret
                            357 ;	Total test3u function size at codegen: 1 bytes.
                            358 ;cases/./../tests/gcc-torture-execute-divcmp-1.c:45: int test4(int x)
                            359 ;	genLabel
                            360 ;	genFunction
                            361 ;	---------------------------------
                            362 ; Function test4
                            363 ; ---------------------------------
                            364 ;	Register assignment might be sub-optimal.
                            365 ; Stack space usage: 0 bytes.
   0074                     366 _test4::
                            367 ;	genReceive
                            368 ;	genMove_o size 2 result type 2 source type 2 a_dead 1 hl_dead 1 de_dead 1 iy_dead 1 f_dead 1
                            369 ;cases/./../tests/gcc-torture-execute-divcmp-1.c:47: return x/10 != 0;
                            370 ;	genSend
                            371 ;	genMove_o size 2 result type 2 source type 1 a_dead 1 hl_dead 0 de_dead 1 iy_dead 1 f_dead 1
   0074 11 0A 00      [10]  372 	ld	de, #0x000a
                            373 ;	genSend
                            374 ;	genMove_o size 2 result type 2 source type 2 a_dead 1 hl_dead 1 de_dead 0 iy_dead 1 f_dead 1
                            375 ;	genCall
   0077 CDr00s00      [17]  376 	call	__divsint
                            377 ;	genMove_o size 2 result type 2 source type 2 a_dead 1 hl_dead 1 de_dead 1 iy_dead 1 f_dead 1
                            378 ;	genNot
   007A 7A            [ 4]  379 	ld	a, d
   007B B3            [ 4]  380 	or	a, e
   007C D6 01         [ 7]  381 	sub	a, #0x01
   007E 3E 00         [ 7]  382 	ld	a, #0x00
   0080 17            [ 4]  383 	rla
                            384 ;	genMove_o size 0 result type 2 source type 1 a_dead 1 hl_dead 0 de_dead 0 iy_dead 1 f_dead 1
                            385 ;	genNot
   0081 EE 01         [ 7]  386 	xor	a, #0x01
                            387 ;	genCast
                            388 ;	genMove_o size 1 result type 2 source type 2 a_dead 1 hl_dead 1 de_dead 1 iy_dead 1 f_dead 1
   0083 5F            [ 4]  389 	ld	e, a
                            390 ;	genMove_o size 0 result type 2 source type 1 a_dead 1 hl_dead 1 de_dead 0 iy_dead 1 f_dead 1
                            391 ;	genMove_o size 1 result type 2 source type 1 a_dead 1 hl_dead 1 de_dead 0 iy_dead 1 f_dead 1
   0084 16 00         [ 7]  392 	ld	d, #0x00
                            393 ;	genRet
                            394 ;	genMove_o size 2 result type 2 source type 2 a_dead 1 hl_dead 1 de_dead 1 iy_dead 1 f_dead 1
                            395 ;	genLabel
                            396 ; common peephole 159 removed unused label 00101$.
                            397 ;cases/./../tests/gcc-torture-execute-divcmp-1.c:48: }
                            398 ;	genEndFunction
   0086 C9            [10]  399 	ret
                            400 ;	Total test4 function size at codegen: 1 bytes.
                            401 ;cases/./../tests/gcc-torture-execute-divcmp-1.c:50: int test4u(unsigned int x)
                            402 ;	genLabel
                            403 ;	genFunction
                            404 ;	---------------------------------
                            405 ; Function test4u
                            406 ; ---------------------------------
                            407 ;	Register assignment might be sub-optimal.
                            408 ; Stack space usage: 0 bytes.
   0087                     409 _test4u::
                            410 ;	genReceive
                            411 ;	genMove_o size 2 result type 2 source type 2 a_dead 1 hl_dead 1 de_dead 1 iy_dead 1 f_dead 1
                            412 ;cases/./../tests/gcc-torture-execute-divcmp-1.c:52: return x/10U != 0;
                            413 ;	genSend
                            414 ;	genMove_o size 2 result type 2 source type 1 a_dead 1 hl_dead 0 de_dead 1 iy_dead 1 f_dead 1
   0087 11 0A 00      [10]  415 	ld	de, #0x000a
                            416 ;	genSend
                            417 ;	genMove_o size 2 result type 2 source type 2 a_dead 1 hl_dead 1 de_dead 0 iy_dead 1 f_dead 1
                            418 ;	genCall
   008A CDr00s00      [17]  419 	call	__divuint
                            420 ;	genMove_o size 2 result type 2 source type 2 a_dead 1 hl_dead 1 de_dead 1 iy_dead 1 f_dead 1
                            421 ;	genNot
   008D 7A            [ 4]  422 	ld	a, d
   008E B3            [ 4]  423 	or	a, e
   008F D6 01         [ 7]  424 	sub	a, #0x01
   0091 3E 00         [ 7]  425 	ld	a, #0x00
   0093 17            [ 4]  426 	rla
                            427 ;	genMove_o size 0 result type 2 source type 1 a_dead 1 hl_dead 0 de_dead 0 iy_dead 1 f_dead 1
                            428 ;	genNot
   0094 EE 01         [ 7]  429 	xor	a, #0x01
                            430 ;	genCast
                            431 ;	genMove_o size 1 result type 2 source type 2 a_dead 1 hl_dead 1 de_dead 1 iy_dead 1 f_dead 1
   0096 5F            [ 4]  432 	ld	e, a
                            433 ;	genMove_o size 0 result type 2 source type 1 a_dead 1 hl_dead 1 de_dead 0 iy_dead 1 f_dead 1
                            434 ;	genMove_o size 1 result type 2 source type 1 a_dead 1 hl_dead 1 de_dead 0 iy_dead 1 f_dead 1
   0097 16 00         [ 7]  435 	ld	d, #0x00
                            436 ;	genRet
                            437 ;	genMove_o size 2 result type 2 source type 2 a_dead 1 hl_dead 1 de_dead 1 iy_dead 1 f_dead 1
                            438 ;	genLabel
                            439 ; common peephole 159 removed unused label 00101$.
                            440 ;cases/./../tests/gcc-torture-execute-divcmp-1.c:53: }
                            441 ;	genEndFunction
   0099 C9            [10]  442 	ret
                            443 ;	Total test4u function size at codegen: 1 bytes.
                            444 ;cases/./../tests/gcc-torture-execute-divcmp-1.c:55: int test5(int x)
                            445 ;	genLabel
                            446 ;	genFunction
                            447 ;	---------------------------------
                            448 ; Function test5
                            449 ; ---------------------------------
                            450 ;	Register assignment might be sub-optimal.
                            451 ; Stack space usage: 0 bytes.
   009A                     452 _test5::
                            453 ;	genReceive
                            454 ;	genMove_o size 2 result type 2 source type 2 a_dead 1 hl_dead 1 de_dead 1 iy_dead 1 f_dead 1
                            455 ;cases/./../tests/gcc-torture-execute-divcmp-1.c:57: return x/10 < 2;
                            456 ;	genSend
                            457 ;	genMove_o size 2 result type 2 source type 1 a_dead 1 hl_dead 0 de_dead 1 iy_dead 1 f_dead 1
   009A 11 0A 00      [10]  458 	ld	de, #0x000a
                            459 ;	genSend
                            460 ;	genMove_o size 2 result type 2 source type 2 a_dead 1 hl_dead 1 de_dead 0 iy_dead 1 f_dead 1
                            461 ;	genCall
   009D CDr00s00      [17]  462 	call	__divsint
                            463 ;	genMove_o size 2 result type 2 source type 2 a_dead 1 hl_dead 1 de_dead 1 iy_dead 1 f_dead 1
                            464 ;	genCmpLt
   00A0 7B            [ 4]  465 	ld	a, e
   00A1 D6 02         [ 7]  466 	sub	a, #0x02
   00A3 7A            [ 4]  467 	ld	a, d
   00A4 17            [ 4]  468 	rla
   00A5 3F            [ 4]  469 	ccf
   00A6 1F            [ 4]  470 	rra
   00A7 DE 80         [ 7]  471 	sbc	a, #0x80
   00A9 3E 00         [ 7]  472 	ld	a, #0x00
   00AB 17            [ 4]  473 	rla
                            474 ;	genMove_o size 0 result type 2 source type 1 a_dead 1 hl_dead 0 de_dead 0 iy_dead 1 f_dead 1
                            475 ;	genCast
                            476 ;	genMove_o size 1 result type 2 source type 2 a_dead 1 hl_dead 1 de_dead 1 iy_dead 1 f_dead 1
   00AC 5F            [ 4]  477 	ld	e, a
                            478 ;	genMove_o size 0 result type 2 source type 1 a_dead 1 hl_dead 1 de_dead 0 iy_dead 1 f_dead 1
                            479 ;	genMove_o size 1 result type 2 source type 1 a_dead 1 hl_dead 1 de_dead 0 iy_dead 1 f_dead 1
   00AD 16 00         [ 7]  480 	ld	d, #0x00
                            481 ;	genRet
                            482 ;	genMove_o size 2 result type 2 source type 2 a_dead 1 hl_dead 1 de_dead 1 iy_dead 1 f_dead 1
                            483 ;	genLabel
                            484 ; common peephole 159 removed unused label 00101$.
                            485 ;cases/./../tests/gcc-torture-execute-divcmp-1.c:58: }
                            486 ;	genEndFunction
   00AF C9            [10]  487 	ret
                            488 ;	Total test5 function size at codegen: 1 bytes.
                            489 ;cases/./../tests/gcc-torture-execute-divcmp-1.c:60: int test5u(unsigned int x)
                            490 ;	genLabel
                            491 ;	genFunction
                            492 ;	---------------------------------
                            493 ; Function test5u
                            494 ; ---------------------------------
                            495 ;	Register assignment might be sub-optimal.
                            496 ; Stack space usage: 0 bytes.
   00B0                     497 _test5u::
                            498 ;	genReceive
                            499 ;	genMove_o size 2 result type 2 source type 2 a_dead 1 hl_dead 1 de_dead 1 iy_dead 1 f_dead 1
                            500 ;cases/./../tests/gcc-torture-execute-divcmp-1.c:62: return x/10U < 2;
                            501 ;	genSend
                            502 ;	genMove_o size 2 result type 2 source type 1 a_dead 1 hl_dead 0 de_dead 1 iy_dead 1 f_dead 1
   00B0 11 0A 00      [10]  503 	ld	de, #0x000a
                            504 ;	genSend
                            505 ;	genMove_o size 2 result type 2 source type 2 a_dead 1 hl_dead 1 de_dead 0 iy_dead 1 f_dead 1
                            506 ;	genCall
   00B3 CDr00s00      [17]  507 	call	__divuint
                            508 ;	genMove_o size 2 result type 2 source type 2 a_dead 1 hl_dead 1 de_dead 1 iy_dead 1 f_dead 1
                            509 ;	genCmpLt
   00B6 7B            [ 4]  510 	ld	a, e
   00B7 D6 02         [ 7]  511 	sub	a, #0x02
   00B9 7A            [ 4]  512 	ld	a, d
   00BA DE 00         [ 7]  513 	sbc	a, #0x00
   00BC 3E 00         [ 7]  514 	ld	a, #0x00
   00BE 17            [ 4]  515 	rla
                            516 ;	genMove_o size 0 result type 2 source type 1 a_dead 1 hl_dead 0 de_dead 0 iy_dead 1 f_dead 1
                            517 ;	genCast
                            518 ;	genMove_o size 1 result type 2 source type 2 a_dead 1 hl_dead 1 de_dead 1 iy_dead 1 f_dead 1
   00BF 5F            [ 4]  519 	ld	e, a
                            520 ;	genMove_o size 0 result type 2 source type 1 a_dead 1 hl_dead 1 de_dead 0 iy_dead 1 f_dead 1
                            521 ;	genMove_o size 1 result type 2 source type 1 a_dead 1 hl_dead 1 de_dead 0 iy_dead 1 f_dead 1
   00C0 16 00         [ 7]  522 	ld	d, #0x00
                            523 ;	genRet
                            524 ;	genMove_o size 2 result type 2 source type 2 a_dead 1 hl_dead 1 de_dead 1 iy_dead 1 f_dead 1
                            525 ;	genLabel
                            526 ; common peephole 159 removed unused label 00101$.
                            527 ;cases/./../tests/gcc-torture-execute-divcmp-1.c:63: }
                            528 ;	genEndFunction
   00C2 C9            [10]  529 	ret
                            530 ;	Total test5u function size at codegen: 1 bytes.
                            531 ;cases/./../tests/gcc-torture-execute-divcmp-1.c:65: int test6(int x)
                            532 ;	genLabel
                            533 ;	genFunction
                            534 ;	---------------------------------
                            535 ; Function test6
                            536 ; ---------------------------------
                            537 ;	Register assignment might be sub-optimal.
                            538 ; Stack space usage: 0 bytes.
   00C3                     539 _test6::
                            540 ;	genReceive
                            541 ;	genMove_o size 2 result type 2 source type 2 a_dead 1 hl_dead 1 de_dead 1 iy_dead 1 f_dead 1
                            542 ;cases/./../tests/gcc-torture-execute-divcmp-1.c:67: return x/10 < 0;
                            543 ;	genSend
                            544 ;	genMove_o size 2 result type 2 source type 1 a_dead 1 hl_dead 0 de_dead 1 iy_dead 1 f_dead 1
   00C3 11 0A 00      [10]  545 	ld	de, #0x000a
                            546 ;	genSend
                            547 ;	genMove_o size 2 result type 2 source type 2 a_dead 1 hl_dead 1 de_dead 0 iy_dead 1 f_dead 1
                            548 ;	genCall
   00C6 CDr00s00      [17]  549 	call	__divsint
                            550 ;	genMove_o size 2 result type 2 source type 2 a_dead 1 hl_dead 1 de_dead 1 iy_dead 1 f_dead 1
                            551 ;	genCmpLt
   00C9 7A            [ 4]  552 	ld	a, d
   00CA 07            [ 4]  553 	rlca
   00CB E6 01         [ 7]  554 	and	a, #0x01
                            555 ; common peephole 109 replaced zero load, rla by and since rlca writes the same value to carry bit and least significant bit.
                            556 ;	genMove_o size 0 result type 2 source type 1 a_dead 1 hl_dead 0 de_dead 0 iy_dead 1 f_dead 1
                            557 ;	genCast
                            558 ;	genMove_o size 1 result type 2 source type 2 a_dead 1 hl_dead 1 de_dead 1 iy_dead 1 f_dead 1
   00CD 5F            [ 4]  559 	ld	e, a
                            560 ;	genMove_o size 0 result type 2 source type 1 a_dead 1 hl_dead 1 de_dead 0 iy_dead 1 f_dead 1
                            561 ;	genMove_o size 1 result type 2 source type 1 a_dead 1 hl_dead 1 de_dead 0 iy_dead 1 f_dead 1
   00CE 16 00         [ 7]  562 	ld	d, #0x00
                            563 ;	genRet
                            564 ;	genMove_o size 2 result type 2 source type 2 a_dead 1 hl_dead 1 de_dead 1 iy_dead 1 f_dead 1
                            565 ;	genLabel
                            566 ; common peephole 159 removed unused label 00101$.
                            567 ;cases/./../tests/gcc-torture-execute-divcmp-1.c:68: }
                            568 ;	genEndFunction
   00D0 C9            [10]  569 	ret
                            570 ;	Total test6 function size at codegen: 1 bytes.
                            571 ;cases/./../tests/gcc-torture-execute-divcmp-1.c:70: int test7(int x)
                            572 ;	genLabel
                            573 ;	genFunction
                            574 ;	---------------------------------
                            575 ; Function test7
                            576 ; ---------------------------------
                            577 ;	Register assignment might be sub-optimal.
                            578 ; Stack space usage: 0 bytes.
   00D1                     579 _test7::
                            580 ;	genReceive
                            581 ;	genMove_o size 2 result type 2 source type 2 a_dead 1 hl_dead 1 de_dead 1 iy_dead 1 f_dead 1
                            582 ;cases/./../tests/gcc-torture-execute-divcmp-1.c:72: return x/10  <= 2;
                            583 ;	genSend
                            584 ;	genMove_o size 2 result type 2 source type 1 a_dead 1 hl_dead 0 de_dead 1 iy_dead 1 f_dead 1
   00D1 11 0A 00      [10]  585 	ld	de, #0x000a
                            586 ;	genSend
                            587 ;	genMove_o size 2 result type 2 source type 2 a_dead 1 hl_dead 1 de_dead 0 iy_dead 1 f_dead 1
                            588 ;	genCall
   00D4 CDr00s00      [17]  589 	call	__divsint
                            590 ;	genMove_o size 2 result type 2 source type 2 a_dead 1 hl_dead 1 de_dead 1 iy_dead 1 f_dead 1
                            591 ;	genCmpGt
   00D7 3E 02         [ 7]  592 	ld	a, #0x02
   00D9 BB            [ 4]  593 	cp	a, e
   00DA 3E 00         [ 7]  594 	ld	a, #0x00
   00DC 9A            [ 4]  595 	sbc	a, d
   00DD E2rE2s00      [10]  596 	jp	po, 00103$
   00E0 EE 80         [ 7]  597 	xor	a, #0x80
   00E2                     598 00103$:
   00E2 07            [ 4]  599 	rlca
   00E3 E6 01         [ 7]  600 	and	a, #0x01
                            601 ; common peephole 109 replaced zero load, rla by and since rlca writes the same value to carry bit and least significant bit.
                            602 ;	genMove_o size 0 result type 2 source type 1 a_dead 1 hl_dead 0 de_dead 0 iy_dead 1 f_dead 1
                            603 ;	genNot
   00E5 EE 01         [ 7]  604 	xor	a, #0x01
                            605 ;	genCast
                            606 ;	genMove_o size 1 result type 2 source type 2 a_dead 1 hl_dead 1 de_dead 1 iy_dead 1 f_dead 1
   00E7 5F            [ 4]  607 	ld	e, a
                            608 ;	genMove_o size 0 result type 2 source type 1 a_dead 1 hl_dead 1 de_dead 0 iy_dead 1 f_dead 1
                            609 ;	genMove_o size 1 result type 2 source type 1 a_dead 1 hl_dead 1 de_dead 0 iy_dead 1 f_dead 1
   00E8 16 00         [ 7]  610 	ld	d, #0x00
                            611 ;	genRet
                            612 ;	genMove_o size 2 result type 2 source type 2 a_dead 1 hl_dead 1 de_dead 1 iy_dead 1 f_dead 1
                            613 ;	genLabel
                            614 ; common peephole 159 removed unused label 00101$.
                            615 ;cases/./../tests/gcc-torture-execute-divcmp-1.c:73: }
                            616 ;	genEndFunction
   00EA C9            [10]  617 	ret
                            618 ;	Total test7 function size at codegen: 1 bytes.
                            619 ;cases/./../tests/gcc-torture-execute-divcmp-1.c:75: int test7u(unsigned int x)
                            620 ;	genLabel
                            621 ;	genFunction
                            622 ;	---------------------------------
                            623 ; Function test7u
                            624 ; ---------------------------------
                            625 ;	Register assignment might be sub-optimal.
                            626 ; Stack space usage: 0 bytes.
   00EB                     627 _test7u::
                            628 ;	genReceive
                            629 ;	genMove_o size 2 result type 2 source type 2 a_dead 1 hl_dead 1 de_dead 1 iy_dead 1 f_dead 1
                            630 ;cases/./../tests/gcc-torture-execute-divcmp-1.c:77: return x/10U <= 2;
                            631 ;	genSend
                            632 ;	genMove_o size 2 result type 2 source type 1 a_dead 1 hl_dead 0 de_dead 1 iy_dead 1 f_dead 1
   00EB 11 0A 00      [10]  633 	ld	de, #0x000a
                            634 ;	genSend
                            635 ;	genMove_o size 2 result type 2 source type 2 a_dead 1 hl_dead 1 de_dead 0 iy_dead 1 f_dead 1
                            636 ;	genCall
   00EE CDr00s00      [17]  637 	call	__divuint
                            638 ;	genMove_o size 2 result type 2 source type 2 a_dead 1 hl_dead 1 de_dead 1 iy_dead 1 f_dead 1
                            639 ;	genCmpGt
   00F1 3E 02         [ 7]  640 	ld	a, #0x02
   00F3 BB            [ 4]  641 	cp	a, e
   00F4 3E 00         [ 7]  642 	ld	a, #0x00
   00F6 9A            [ 4]  643 	sbc	a, d
   00F7 3E 00         [ 7]  644 	ld	a, #0x00
   00F9 17            [ 4]  645 	rla
                            646 ;	genMove_o size 0 result type 2 source type 1 a_dead 1 hl_dead 0 de_dead 0 iy_dead 1 f_dead 1
                            647 ;	genNot
   00FA EE 01         [ 7]  648 	xor	a, #0x01
                            649 ;	genCast
                            650 ;	genMove_o size 1 result type 2 source type 2 a_dead 1 hl_dead 1 de_dead 1 iy_dead 1 f_dead 1
   00FC 5F            [ 4]  651 	ld	e, a
                            652 ;	genMove_o size 0 result type 2 source type 1 a_dead 1 hl_dead 1 de_dead 0 iy_dead 1 f_dead 1
                            653 ;	genMove_o size 1 result type 2 source type 1 a_dead 1 hl_dead 1 de_dead 0 iy_dead 1 f_dead 1
   00FD 16 00         [ 7]  654 	ld	d, #0x00
                            655 ;	genRet
                            656 ;	genMove_o size 2 result type 2 source type 2 a_dead 1 hl_dead 1 de_dead 1 iy_dead 1 f_dead 1
                            657 ;	genLabel
                            658 ; common peephole 159 removed unused label 00101$.
                            659 ;cases/./../tests/gcc-torture-execute-divcmp-1.c:78: }
                            660 ;	genEndFunction
   00FF C9            [10]  661 	ret
                            662 ;	Total test7u function size at codegen: 1 bytes.
                            663 ;cases/./../tests/gcc-torture-execute-divcmp-1.c:80: int test8(int x)
                            664 ;	genLabel
                            665 ;	genFunction
                            666 ;	---------------------------------
                            667 ; Function test8
                            668 ; ---------------------------------
                            669 ;	Register assignment might be sub-optimal.
                            670 ; Stack space usage: 0 bytes.
   0100                     671 _test8::
                            672 ;	genReceive
                            673 ;	genMove_o size 2 result type 2 source type 2 a_dead 1 hl_dead 1 de_dead 1 iy_dead 1 f_dead 1
                            674 ;cases/./../tests/gcc-torture-execute-divcmp-1.c:82: return x/10 <= 0;
                            675 ;	genSend
                            676 ;	genMove_o size 2 result type 2 source type 1 a_dead 1 hl_dead 0 de_dead 1 iy_dead 1 f_dead 1
   0100 11 0A 00      [10]  677 	ld	de, #0x000a
                            678 ;	genSend
                            679 ;	genMove_o size 2 result type 2 source type 2 a_dead 1 hl_dead 1 de_dead 0 iy_dead 1 f_dead 1
                            680 ;	genCall
   0103 CDr00s00      [17]  681 	call	__divsint
                            682 ;	genMove_o size 2 result type 2 source type 2 a_dead 1 hl_dead 1 de_dead 1 iy_dead 1 f_dead 1
                            683 ;	genCmpGt
   0106 AF            [ 4]  684 	xor	a, a
   0107 BB            [ 4]  685 	cp	a, e
   0108 9A            [ 4]  686 	sbc	a, d
   0109 E2r0Es01      [10]  687 	jp	po, 00103$
   010C EE 80         [ 7]  688 	xor	a, #0x80
   010E                     689 00103$:
   010E 07            [ 4]  690 	rlca
   010F E6 01         [ 7]  691 	and	a, #0x01
                            692 ; common peephole 109 replaced zero load, rla by and since rlca writes the same value to carry bit and least significant bit.
                            693 ;	genMove_o size 0 result type 2 source type 1 a_dead 1 hl_dead 0 de_dead 0 iy_dead 1 f_dead 1
                            694 ;	genNot
   0111 EE 01         [ 7]  695 	xor	a, #0x01
                            696 ;	genCast
                            697 ;	genMove_o size 1 result type 2 source type 2 a_dead 1 hl_dead 1 de_dead 1 iy_dead 1 f_dead 1
   0113 5F            [ 4]  698 	ld	e, a
                            699 ;	genMove_o size 0 result type 2 source type 1 a_dead 1 hl_dead 1 de_dead 0 iy_dead 1 f_dead 1
                            700 ;	genMove_o size 1 result type 2 source type 1 a_dead 1 hl_dead 1 de_dead 0 iy_dead 1 f_dead 1
   0114 16 00         [ 7]  701 	ld	d, #0x00
                            702 ;	genRet
                            703 ;	genMove_o size 2 result type 2 source type 2 a_dead 1 hl_dead 1 de_dead 1 iy_dead 1 f_dead 1
                            704 ;	genLabel
                            705 ; common peephole 159 removed unused label 00101$.
                            706 ;cases/./../tests/gcc-torture-execute-divcmp-1.c:83: }
                            707 ;	genEndFunction
   0116 C9            [10]  708 	ret
                            709 ;	Total test8 function size at codegen: 1 bytes.
                            710 ;cases/./../tests/gcc-torture-execute-divcmp-1.c:85: int test8u(unsigned int x)
                            711 ;	genLabel
                            712 ;	genFunction
                            713 ;	---------------------------------
                            714 ; Function test8u
                            715 ; ---------------------------------
                            716 ;	Register assignment might be sub-optimal.
                            717 ; Stack space usage: 0 bytes.
   0117                     718 _test8u::
                            719 ;	genReceive
                            720 ;	genMove_o size 2 result type 2 source type 2 a_dead 1 hl_dead 1 de_dead 1 iy_dead 1 f_dead 1
                            721 ;cases/./../tests/gcc-torture-execute-divcmp-1.c:87: return x/10U <= 0;
                            722 ;	genSend
                            723 ;	genMove_o size 2 result type 2 source type 1 a_dead 1 hl_dead 0 de_dead 1 iy_dead 1 f_dead 1
   0117 11 0A 00      [10]  724 	ld	de, #0x000a
                            725 ;	genSend
                            726 ;	genMove_o size 2 result type 2 source type 2 a_dead 1 hl_dead 1 de_dead 0 iy_dead 1 f_dead 1
                            727 ;	genCall
   011A CDr00s00      [17]  728 	call	__divuint
                            729 ;	genMove_o size 2 result type 2 source type 2 a_dead 1 hl_dead 1 de_dead 1 iy_dead 1 f_dead 1
                            730 ;	genNot
   011D 7A            [ 4]  731 	ld	a, d
   011E B3            [ 4]  732 	or	a, e
   011F D6 01         [ 7]  733 	sub	a, #0x01
   0121 3E 00         [ 7]  734 	ld	a, #0x00
   0123 17            [ 4]  735 	rla
                            736 ;	genMove_o size 0 result type 2 source type 1 a_dead 1 hl_dead 0 de_dead 0 iy_dead 1 f_dead 1
                            737 ;	genCast
                            738 ;	genMove_o size 1 result type 2 source type 2 a_dead 1 hl_dead 1 de_dead 1 iy_dead 1 f_dead 1
   0124 5F            [ 4]  739 	ld	e, a
                            740 ;	genMove_o size 0 result type 2 source type 1 a_dead 1 hl_dead 1 de_dead 0 iy_dead 1 f_dead 1
                            741 ;	genMove_o size 1 result type 2 source type 1 a_dead 1 hl_dead 1 de_dead 0 iy_dead 1 f_dead 1
   0125 16 00         [ 7]  742 	ld	d, #0x00
                            743 ;	genRet
                            744 ;	genMove_o size 2 result type 2 source type 2 a_dead 1 hl_dead 1 de_dead 1 iy_dead 1 f_dead 1
                            745 ;	genLabel
                            746 ; common peephole 159 removed unused label 00101$.
                            747 ;cases/./../tests/gcc-torture-execute-divcmp-1.c:88: }
                            748 ;	genEndFunction
   0127 C9            [10]  749 	ret
                            750 ;	Total test8u function size at codegen: 1 bytes.
                            751 ;cases/./../tests/gcc-torture-execute-divcmp-1.c:90: int test9(int x)
                            752 ;	genLabel
                            753 ;	genFunction
                            754 ;	---------------------------------
                            755 ; Function test9
                            756 ; ---------------------------------
                            757 ;	Register assignment might be sub-optimal.
                            758 ; Stack space usage: 0 bytes.
   0128                     759 _test9::
                            760 ;	genReceive
                            761 ;	genMove_o size 2 result type 2 source type 2 a_dead 1 hl_dead 1 de_dead 1 iy_dead 1 f_dead 1
                            762 ;cases/./../tests/gcc-torture-execute-divcmp-1.c:92: return x/10 > 2;
                            763 ;	genSend
                            764 ;	genMove_o size 2 result type 2 source type 1 a_dead 1 hl_dead 0 de_dead 1 iy_dead 1 f_dead 1
   0128 11 0A 00      [10]  765 	ld	de, #0x000a
                            766 ;	genSend
                            767 ;	genMove_o size 2 result type 2 source type 2 a_dead 1 hl_dead 1 de_dead 0 iy_dead 1 f_dead 1
                            768 ;	genCall
   012B CDr00s00      [17]  769 	call	__divsint
                            770 ;	genMove_o size 2 result type 2 source type 2 a_dead 1 hl_dead 1 de_dead 1 iy_dead 1 f_dead 1
                            771 ;	genCmpGt
   012E 3E 02         [ 7]  772 	ld	a, #0x02
   0130 BB            [ 4]  773 	cp	a, e
   0131 3E 00         [ 7]  774 	ld	a, #0x00
   0133 9A            [ 4]  775 	sbc	a, d
   0134 E2r39s01      [10]  776 	jp	po, 00103$
   0137 EE 80         [ 7]  777 	xor	a, #0x80
   0139                     778 00103$:
   0139 07            [ 4]  779 	rlca
   013A E6 01         [ 7]  780 	and	a, #0x01
                            781 ; common peephole 109 replaced zero load, rla by and since rlca writes the same value to carry bit and least significant bit.
                            782 ;	genMove_o size 0 result type 2 source type 1 a_dead 1 hl_dead 0 de_dead 0 iy_dead 1 f_dead 1
                            783 ;	genCast
                            784 ;	genMove_o size 1 result type 2 source type 2 a_dead 1 hl_dead 1 de_dead 1 iy_dead 1 f_dead 1
   013C 5F            [ 4]  785 	ld	e, a
                            786 ;	genMove_o size 0 result type 2 source type 1 a_dead 1 hl_dead 1 de_dead 0 iy_dead 1 f_dead 1
                            787 ;	genMove_o size 1 result type 2 source type 1 a_dead 1 hl_dead 1 de_dead 0 iy_dead 1 f_dead 1
   013D 16 00         [ 7]  788 	ld	d, #0x00
                            789 ;	genRet
                            790 ;	genMove_o size 2 result type 2 source type 2 a_dead 1 hl_dead 1 de_dead 1 iy_dead 1 f_dead 1
                            791 ;	genLabel
                            792 ; common peephole 159 removed unused label 00101$.
                            793 ;cases/./../tests/gcc-torture-execute-divcmp-1.c:93: }
                            794 ;	genEndFunction
   013F C9            [10]  795 	ret
                            796 ;	Total test9 function size at codegen: 1 bytes.
                            797 ;cases/./../tests/gcc-torture-execute-divcmp-1.c:95: int test9u(unsigned int x)
                            798 ;	genLabel
                            799 ;	genFunction
                            800 ;	---------------------------------
                            801 ; Function test9u
                            802 ; ---------------------------------
                            803 ;	Register assignment might be sub-optimal.
                            804 ; Stack space usage: 0 bytes.
   0140                     805 _test9u::
                            806 ;	genReceive
                            807 ;	genMove_o size 2 result type 2 source type 2 a_dead 1 hl_dead 1 de_dead 1 iy_dead 1 f_dead 1
                            808 ;cases/./../tests/gcc-torture-execute-divcmp-1.c:97: return x/10U > 2;
                            809 ;	genSend
                            810 ;	genMove_o size 2 result type 2 source type 1 a_dead 1 hl_dead 0 de_dead 1 iy_dead 1 f_dead 1
   0140 11 0A 00      [10]  811 	ld	de, #0x000a
                            812 ;	genSend
                            813 ;	genMove_o size 2 result type 2 source type 2 a_dead 1 hl_dead 1 de_dead 0 iy_dead 1 f_dead 1
                            814 ;	genCall
   0143 CDr00s00      [17]  815 	call	__divuint
                            816 ;	genMove_o size 2 result type 2 source type 2 a_dead 1 hl_dead 1 de_dead 1 iy_dead 1 f_dead 1
                            817 ;	genCmpGt
   0146 3E 02         [ 7]  818 	ld	a, #0x02
   0148 BB            [ 4]  819 	cp	a, e
   0149 3E 00         [ 7]  820 	ld	a, #0x00
   014B 9A            [ 4]  821 	sbc	a, d
   014C 3E 00         [ 7]  822 	ld	a, #0x00
   014E 17            [ 4]  823 	rla
                            824 ;	genMove_o size 0 result type 2 source type 1 a_dead 1 hl_dead 0 de_dead 0 iy_dead 1 f_dead 1
                            825 ;	genCast
                            826 ;	genMove_o size 1 result type 2 source type 2 a_dead 1 hl_dead 1 de_dead 1 iy_dead 1 f_dead 1
   014F 5F            [ 4]  827 	ld	e, a
                            828 ;	genMove_o size 0 result type 2 source type 1 a_dead 1 hl_dead 1 de_dead 0 iy_dead 1 f_dead 1
                            829 ;	genMove_o size 1 result type 2 source type 1 a_dead 1 hl_dead 1 de_dead 0 iy_dead 1 f_dead 1
   0150 16 00         [ 7]  830 	ld	d, #0x00
                            831 ;	genRet
                            832 ;	genMove_o size 2 result type 2 source type 2 a_dead 1 hl_dead 1 de_dead 1 iy_dead 1 f_dead 1
                            833 ;	genLabel
                            834 ; common peephole 159 removed unused label 00101$.
                            835 ;cases/./../tests/gcc-torture-execute-divcmp-1.c:98: }
                            836 ;	genEndFunction
   0152 C9            [10]  837 	ret
                            838 ;	Total test9u function size at codegen: 1 bytes.
                            839 ;cases/./../tests/gcc-torture-execute-divcmp-1.c:100: int test10(int x)
                            840 ;	genLabel
                            841 ;	genFunction
                            842 ;	---------------------------------
                            843 ; Function test10
                            844 ; ---------------------------------
                            845 ;	Register assignment might be sub-optimal.
                            846 ; Stack space usage: 0 bytes.
   0153                     847 _test10::
                            848 ;	genReceive
                            849 ;	genMove_o size 2 result type 2 source type 2 a_dead 1 hl_dead 1 de_dead 1 iy_dead 1 f_dead 1
                            850 ;cases/./../tests/gcc-torture-execute-divcmp-1.c:102: return x/10 > 0;
                            851 ;	genSend
                            852 ;	genMove_o size 2 result type 2 source type 1 a_dead 1 hl_dead 0 de_dead 1 iy_dead 1 f_dead 1
   0153 11 0A 00      [10]  853 	ld	de, #0x000a
                            854 ;	genSend
                            855 ;	genMove_o size 2 result type 2 source type 2 a_dead 1 hl_dead 1 de_dead 0 iy_dead 1 f_dead 1
                            856 ;	genCall
   0156 CDr00s00      [17]  857 	call	__divsint
                            858 ;	genMove_o size 2 result type 2 source type 2 a_dead 1 hl_dead 1 de_dead 1 iy_dead 1 f_dead 1
                            859 ;	genCmpGt
   0159 AF            [ 4]  860 	xor	a, a
   015A BB            [ 4]  861 	cp	a, e
   015B 9A            [ 4]  862 	sbc	a, d
   015C E2r61s01      [10]  863 	jp	po, 00103$
   015F EE 80         [ 7]  864 	xor	a, #0x80
   0161                     865 00103$:
   0161 07            [ 4]  866 	rlca
   0162 E6 01         [ 7]  867 	and	a, #0x01
                            868 ; common peephole 109 replaced zero load, rla by and since rlca writes the same value to carry bit and least significant bit.
                            869 ;	genMove_o size 0 result type 2 source type 1 a_dead 1 hl_dead 0 de_dead 0 iy_dead 1 f_dead 1
                            870 ;	genCast
                            871 ;	genMove_o size 1 result type 2 source type 2 a_dead 1 hl_dead 1 de_dead 1 iy_dead 1 f_dead 1
   0164 5F            [ 4]  872 	ld	e, a
                            873 ;	genMove_o size 0 result type 2 source type 1 a_dead 1 hl_dead 1 de_dead 0 iy_dead 1 f_dead 1
                            874 ;	genMove_o size 1 result type 2 source type 1 a_dead 1 hl_dead 1 de_dead 0 iy_dead 1 f_dead 1
   0165 16 00         [ 7]  875 	ld	d, #0x00
                            876 ;	genRet
                            877 ;	genMove_o size 2 result type 2 source type 2 a_dead 1 hl_dead 1 de_dead 1 iy_dead 1 f_dead 1
                            878 ;	genLabel
                            879 ; common peephole 159 removed unused label 00101$.
                            880 ;cases/./../tests/gcc-torture-execute-divcmp-1.c:103: }
                            881 ;	genEndFunction
   0167 C9            [10]  882 	ret
                            883 ;	Total test10 function size at codegen: 1 bytes.
                            884 ;cases/./../tests/gcc-torture-execute-divcmp-1.c:105: int test10u(unsigned int x)
                            885 ;	genLabel
                            886 ;	genFunction
                            887 ;	---------------------------------
                            888 ; Function test10u
                            889 ; ---------------------------------
                            890 ;	Register assignment might be sub-optimal.
                            891 ; Stack space usage: 0 bytes.
   0168                     892 _test10u::
                            893 ;	genReceive
                            894 ;	genMove_o size 2 result type 2 source type 2 a_dead 1 hl_dead 1 de_dead 1 iy_dead 1 f_dead 1
                            895 ;cases/./../tests/gcc-torture-execute-divcmp-1.c:107: return x/10U > 0;
                            896 ;	genSend
                            897 ;	genMove_o size 2 result type 2 source type 1 a_dead 1 hl_dead 0 de_dead 1 iy_dead 1 f_dead 1
   0168 11 0A 00      [10]  898 	ld	de, #0x000a
                            899 ;	genSend
                            900 ;	genMove_o size 2 result type 2 source type 2 a_dead 1 hl_dead 1 de_dead 0 iy_dead 1 f_dead 1
                            901 ;	genCall
   016B CDr00s00      [17]  902 	call	__divuint
                            903 ;	genMove_o size 2 result type 2 source type 2 a_dead 1 hl_dead 1 de_dead 1 iy_dead 1 f_dead 1
                            904 ;	genIfx
   016E 7A            [ 4]  905 	ld	a, d
   016F B3            [ 4]  906 	or	a, e
                            907 ; common peephole 163 changed absolute to relative conditional jump.
   0170 28 04         [12]  908 	jr	z, 00103$
                            909 ;	genAssign
                            910 ;	genMove_o size 2 result type 2 source type 1 a_dead 1 hl_dead 1 de_dead 1 iy_dead 1 f_dead 1
   0172 11 01 00      [10]  911 	ld	de, #0x0001
                            912 ;	genGoto
   0175 C9            [10]  913 	ret
                            914 ; common peephole 160 replaced jump by return.
                            915 ;	genLabel
   0176                     916 00103$:
                            917 ;	genAssign
                            918 ;	genMove_o size 2 result type 2 source type 1 a_dead 1 hl_dead 1 de_dead 1 iy_dead 1 f_dead 1
   0176 11 00 00      [10]  919 	ld	de, #0x0000
                            920 ;	genLabel
                            921 ; common peephole 159 removed unused label 00104$.
                            922 ;	genRet
                            923 ;	genMove_o size 2 result type 2 source type 2 a_dead 1 hl_dead 1 de_dead 1 iy_dead 1 f_dead 1
                            924 ;	genLabel
                            925 ; common peephole 159 removed unused label 00101$.
                            926 ;cases/./../tests/gcc-torture-execute-divcmp-1.c:108: }
                            927 ;	genEndFunction
   0179 C9            [10]  928 	ret
                            929 ;	Total test10u function size at codegen: 1 bytes.
                            930 ;cases/./../tests/gcc-torture-execute-divcmp-1.c:110: int test11(int x)
                            931 ;	genLabel
                            932 ;	genFunction
                            933 ;	---------------------------------
                            934 ; Function test11
                            935 ; ---------------------------------
                            936 ;	Register assignment might be sub-optimal.
                            937 ; Stack space usage: 0 bytes.
   017A                     938 _test11::
                            939 ;	genReceive
                            940 ;	genMove_o size 2 result type 2 source type 2 a_dead 1 hl_dead 1 de_dead 1 iy_dead 1 f_dead 1
                            941 ;cases/./../tests/gcc-torture-execute-divcmp-1.c:112: return x/10 >= 2;
                            942 ;	genSend
                            943 ;	genMove_o size 2 result type 2 source type 1 a_dead 1 hl_dead 0 de_dead 1 iy_dead 1 f_dead 1
   017A 11 0A 00      [10]  944 	ld	de, #0x000a
                            945 ;	genSend
                            946 ;	genMove_o size 2 result type 2 source type 2 a_dead 1 hl_dead 1 de_dead 0 iy_dead 1 f_dead 1
                            947 ;	genCall
   017D CDr00s00      [17]  948 	call	__divsint
                            949 ;	genMove_o size 2 result type 2 source type 2 a_dead 1 hl_dead 1 de_dead 1 iy_dead 1 f_dead 1
                            950 ;	genCmpLt
   0180 7B            [ 4]  951 	ld	a, e
   0181 D6 02         [ 7]  952 	sub	a, #0x02
   0183 7A            [ 4]  953 	ld	a, d
   0184 17            [ 4]  954 	rla
   0185 3F            [ 4]  955 	ccf
   0186 1F            [ 4]  956 	rra
   0187 DE 80         [ 7]  957 	sbc	a, #0x80
   0189 3E 00         [ 7]  958 	ld	a, #0x00
   018B 17            [ 4]  959 	rla
                            960 ;	genMove_o size 0 result type 2 source type 1 a_dead 1 hl_dead 0 de_dead 0 iy_dead 1 f_dead 1
                            961 ;	genNot
   018C EE 01         [ 7]  962 	xor	a, #0x01
                            963 ;	genCast
                            964 ;	genMove_o size 1 result type 2 source type 2 a_dead 1 hl_dead 1 de_dead 1 iy_dead 1 f_dead 1
   018E 5F            [ 4]  965 	ld	e, a
                            966 ;	genMove_o size 0 result type 2 source type 1 a_dead 1 hl_dead 1 de_dead 0 iy_dead 1 f_dead 1
                            967 ;	genMove_o size 1 result type 2 source type 1 a_dead 1 hl_dead 1 de_dead 0 iy_dead 1 f_dead 1
   018F 16 00         [ 7]  968 	ld	d, #0x00
                            969 ;	genRet
                            970 ;	genMove_o size 2 result type 2 source type 2 a_dead 1 hl_dead 1 de_dead 1 iy_dead 1 f_dead 1
                            971 ;	genLabel
                            972 ; common peephole 159 removed unused label 00101$.
                            973 ;cases/./../tests/gcc-torture-execute-divcmp-1.c:113: }
                            974 ;	genEndFunction
   0191 C9            [10]  975 	ret
                            976 ;	Total test11 function size at codegen: 1 bytes.
                            977 ;cases/./../tests/gcc-torture-execute-divcmp-1.c:115: int test11u(unsigned int x)
                            978 ;	genLabel
                            979 ;	genFunction
                            980 ;	---------------------------------
                            981 ; Function test11u
                            982 ; ---------------------------------
                            983 ;	Register assignment might be sub-optimal.
                            984 ; Stack space usage: 0 bytes.
   0192                     985 _test11u::
                            986 ;	genReceive
                            987 ;	genMove_o size 2 result type 2 source type 2 a_dead 1 hl_dead 1 de_dead 1 iy_dead 1 f_dead 1
                            988 ;cases/./../tests/gcc-torture-execute-divcmp-1.c:117: return x/10U >= 2;
                            989 ;	genSend
                            990 ;	genMove_o size 2 result type 2 source type 1 a_dead 1 hl_dead 0 de_dead 1 iy_dead 1 f_dead 1
   0192 11 0A 00      [10]  991 	ld	de, #0x000a
                            992 ;	genSend
                            993 ;	genMove_o size 2 result type 2 source type 2 a_dead 1 hl_dead 1 de_dead 0 iy_dead 1 f_dead 1
                            994 ;	genCall
   0195 CDr00s00      [17]  995 	call	__divuint
                            996 ;	genMove_o size 2 result type 2 source type 2 a_dead 1 hl_dead 1 de_dead 1 iy_dead 1 f_dead 1
                            997 ;	genCmpLt
   0198 7B            [ 4]  998 	ld	a, e
   0199 D6 02         [ 7]  999 	sub	a, #0x02
   019B 7A            [ 4] 1000 	ld	a, d
   019C DE 00         [ 7] 1001 	sbc	a, #0x00
   019E 3E 00         [ 7] 1002 	ld	a, #0x00
   01A0 17            [ 4] 1003 	rla
                           1004 ;	genMove_o size 0 result type 2 source type 1 a_dead 1 hl_dead 0 de_dead 0 iy_dead 1 f_dead 1
                           1005 ;	genNot
   01A1 EE 01         [ 7] 1006 	xor	a, #0x01
                           1007 ;	genCast
                           1008 ;	genMove_o size 1 result type 2 source type 2 a_dead 1 hl_dead 1 de_dead 1 iy_dead 1 f_dead 1
   01A3 5F            [ 4] 1009 	ld	e, a
                           1010 ;	genMove_o size 0 result type 2 source type 1 a_dead 1 hl_dead 1 de_dead 0 iy_dead 1 f_dead 1
                           1011 ;	genMove_o size 1 result type 2 source type 1 a_dead 1 hl_dead 1 de_dead 0 iy_dead 1 f_dead 1
   01A4 16 00         [ 7] 1012 	ld	d, #0x00
                           1013 ;	genRet
                           1014 ;	genMove_o size 2 result type 2 source type 2 a_dead 1 hl_dead 1 de_dead 1 iy_dead 1 f_dead 1
                           1015 ;	genLabel
                           1016 ; common peephole 159 removed unused label 00101$.
                           1017 ;cases/./../tests/gcc-torture-execute-divcmp-1.c:118: }
                           1018 ;	genEndFunction
   01A6 C9            [10] 1019 	ret
                           1020 ;	Total test11u function size at codegen: 1 bytes.
                           1021 ;cases/./../tests/gcc-torture-execute-divcmp-1.c:120: int test12(int x)
                           1022 ;	genLabel
                           1023 ;	genFunction
                           1024 ;	---------------------------------
                           1025 ; Function test12
                           1026 ; ---------------------------------
                           1027 ;	Register assignment might be sub-optimal.
                           1028 ; Stack space usage: 0 bytes.
   01A7                    1029 _test12::
                           1030 ;	genReceive
                           1031 ;	genMove_o size 2 result type 2 source type 2 a_dead 1 hl_dead 1 de_dead 1 iy_dead 1 f_dead 1
                           1032 ;cases/./../tests/gcc-torture-execute-divcmp-1.c:122: return x/10 >= 0;
                           1033 ;	genSend
                           1034 ;	genMove_o size 2 result type 2 source type 1 a_dead 1 hl_dead 0 de_dead 1 iy_dead 1 f_dead 1
   01A7 11 0A 00      [10] 1035 	ld	de, #0x000a
                           1036 ;	genSend
                           1037 ;	genMove_o size 2 result type 2 source type 2 a_dead 1 hl_dead 1 de_dead 0 iy_dead 1 f_dead 1
                           1038 ;	genCall
   01AA CDr00s00      [17] 1039 	call	__divsint
                           1040 ;	genMove_o size 2 result type 2 source type 2 a_dead 1 hl_dead 1 de_dead 1 iy_dead 1 f_dead 1
                           1041 ;	genCmpLt
   01AD 7A            [ 4] 1042 	ld	a, d
   01AE 07            [ 4] 1043 	rlca
   01AF E6 01         [ 7] 1044 	and	a, #0x01
                           1045 ; common peephole 109 replaced zero load, rla by and since rlca writes the same value to carry bit and least significant bit.
                           1046 ;	genMove_o size 0 result type 2 source type 1 a_dead 1 hl_dead 0 de_dead 0 iy_dead 1 f_dead 1
                           1047 ;	genNot
   01B1 EE 01         [ 7] 1048 	xor	a, #0x01
                           1049 ;	genCast
                           1050 ;	genMove_o size 1 result type 2 source type 2 a_dead 1 hl_dead 1 de_dead 1 iy_dead 1 f_dead 1
   01B3 5F            [ 4] 1051 	ld	e, a
                           1052 ;	genMove_o size 0 result type 2 source type 1 a_dead 1 hl_dead 1 de_dead 0 iy_dead 1 f_dead 1
                           1053 ;	genMove_o size 1 result type 2 source type 1 a_dead 1 hl_dead 1 de_dead 0 iy_dead 1 f_dead 1
   01B4 16 00         [ 7] 1054 	ld	d, #0x00
                           1055 ;	genRet
                           1056 ;	genMove_o size 2 result type 2 source type 2 a_dead 1 hl_dead 1 de_dead 1 iy_dead 1 f_dead 1
                           1057 ;	genLabel
                           1058 ; common peephole 159 removed unused label 00101$.
                           1059 ;cases/./../tests/gcc-torture-execute-divcmp-1.c:123: }
                           1060 ;	genEndFunction
   01B6 C9            [10] 1061 	ret
                           1062 ;	Total test12 function size at codegen: 1 bytes.
                           1063 ;cases/./../tests/gcc-torture-execute-divcmp-1.c:128: testTortureExecute (void)
                           1064 ;	genLabel
                           1065 ;	genFunction
                           1066 ;	---------------------------------
                           1067 ; Function testTortureExecute
                           1068 ; ---------------------------------
                           1069 ;	Register assignment might be sub-optimal.
                           1070 ; Stack space usage: 0 bytes.
   01B7                    1071 _testTortureExecute::
                           1072 ;cases/./../tests/gcc-torture-execute-divcmp-1.c:130: if (test1(19) != 0)
                           1073 ;	genSend
                           1074 ;	genMove_o size 2 result type 2 source type 1 a_dead 1 hl_dead 1 de_dead 1 iy_dead 1 f_dead 1
   01B7 21 13 00      [10] 1075 	ld	hl, #0x0013
                           1076 ;	genCall
   01BA CDr00s00      [17] 1077 	call	_test1
                           1078 ;	genMove_o size 2 result type 2 source type 2 a_dead 1 hl_dead 1 de_dead 1 iy_dead 1 f_dead 1
                           1079 ;	genIfx
   01BD 7A            [ 4] 1080 	ld	a, d
   01BE B3            [ 4] 1081 	or	a, e
                           1082 ; common peephole 163 changed absolute to relative conditional jump.
   01BF 28 18         [12] 1083 	jr	z, 00102$
                           1084 ;cases/./../tests/gcc-torture-execute-divcmp-1.c:131: ASSERT (0);
                           1085 ;	genPlus
                           1086 ;	genMove_o size 2 result type 2 source type 10 a_dead 1 hl_dead 1 de_dead 1 iy_dead 1 f_dead 1
   01C1 2Ar00s00      [16] 1087 	ld	hl, (___numTests)
   01C4 23            [ 6] 1088 	inc	hl
                           1089 ;	genMove_o size 2 result type 10 source type 2 a_dead 1 hl_dead 1 de_dead 1 iy_dead 1 f_dead 1
   01C5 22r00s00      [16] 1090 	ld	(___numTests), hl
                           1091 ;	skipping iCode since result will be rematerialized
                           1092 ;	skipping iCode since result will be rematerialized
                           1093 ;	skipping iCode since result will be rematerialized
                           1094 ;	skipping iCode since result will be rematerialized
                           1095 ;	skipping iCode since result will be rematerialized
                           1096 ;	skipping iCode since result will be rematerialized
                           1097 ;	genIpush
                           1098 ;	genMove_o size 2 result type 2 source type 1 a_dead 1 hl_dead 1 de_dead 1 iy_dead 1 f_dead 1
   01C8 21 83 00      [10] 1099 	ld	hl, #0x0083
   01CB E5            [11] 1100 	push	hl
                           1101 ;	genIpush
                           1102 ;	genMove_o size 2 result type 2 source type 7 a_dead 1 hl_dead 1 de_dead 1 iy_dead 1 f_dead 1
   01CC 21r58s10      [10] 1103 	ld	hl, #__str_2
   01CF E5            [11] 1104 	push	hl
                           1105 ;	genSend
                           1106 ;	genMove_o size 2 result type 2 source type 7 a_dead 1 hl_dead 1 de_dead 1 iy_dead 1 f_dead 1
   01D0 11r56s10      [10] 1107 	ld	de, #__str_1
                           1108 ;	genSend
                           1109 ;	genMove_o size 2 result type 2 source type 7 a_dead 1 hl_dead 1 de_dead 0 iy_dead 1 f_dead 1
   01D3 21r45s10      [10] 1110 	ld	hl, #__str_0
                           1111 ;	genCall
   01D6 CDr00s00      [17] 1112 	call	___fail
                           1113 ;	genLabel
   01D9                    1114 00102$:
                           1115 ;cases/./../tests/gcc-torture-execute-divcmp-1.c:132: if (test1(20) != 1)
                           1116 ;	genSend
                           1117 ;	genMove_o size 2 result type 2 source type 1 a_dead 1 hl_dead 1 de_dead 1 iy_dead 1 f_dead 1
   01D9 21 14 00      [10] 1118 	ld	hl, #0x0014
                           1119 ;	genCall
   01DC CDr00s00      [17] 1120 	call	_test1
                           1121 ;	genMove_o size 2 result type 2 source type 2 a_dead 1 hl_dead 1 de_dead 1 iy_dead 1 f_dead 1
                           1122 ;	genCmpEq
                           1123 ;	genMove_o size 1 result type 2 source type 2 a_dead 1 hl_dead 1 de_dead 0 iy_dead 0 f_dead 1
   01DF 7B            [ 4] 1124 	ld	a, e
                           1125 ;	genMove_o size 0 result type 2 source type 1 a_dead 1 hl_dead 1 de_dead 0 iy_dead 0 f_dead 1
   01E0 3D            [ 4] 1126 	dec	a
   01E1 B2            [ 4] 1127 	or	a, d
                           1128 ; common peephole 163 changed absolute to relative conditional jump.
   01E2 28 18         [12] 1129 	jr	z, 00104$
                           1130 ; common peephole 81 removed jp by using inverse jump logic
                           1131 ; common peephole 159 removed unused label 01183$.
                           1132 ;	skipping generated iCode
                           1133 ;cases/./../tests/gcc-torture-execute-divcmp-1.c:133: ASSERT (0);
                           1134 ;	genPlus
                           1135 ;	genMove_o size 2 result type 2 source type 10 a_dead 1 hl_dead 1 de_dead 1 iy_dead 1 f_dead 1
   01E4 2Ar00s00      [16] 1136 	ld	hl, (___numTests)
   01E7 23            [ 6] 1137 	inc	hl
                           1138 ;	genMove_o size 2 result type 10 source type 2 a_dead 1 hl_dead 1 de_dead 1 iy_dead 1 f_dead 1
   01E8 22r00s00      [16] 1139 	ld	(___numTests), hl
                           1140 ;	skipping iCode since result will be rematerialized
                           1141 ;	skipping iCode since result will be rematerialized
                           1142 ;	skipping iCode since result will be rematerialized
                           1143 ;	skipping iCode since result will be rematerialized
                           1144 ;	skipping iCode since result will be rematerialized
                           1145 ;	skipping iCode since result will be rematerialized
                           1146 ;	genIpush
                           1147 ;	genMove_o size 2 result type 2 source type 1 a_dead 1 hl_dead 1 de_dead 1 iy_dead 1 f_dead 1
   01EB 21 85 00      [10] 1148 	ld	hl, #0x0085
   01EE E5            [11] 1149 	push	hl
                           1150 ;	genIpush
                           1151 ;	genMove_o size 2 result type 2 source type 7 a_dead 1 hl_dead 1 de_dead 1 iy_dead 1 f_dead 1
   01EF 21r58s10      [10] 1152 	ld	hl, #__str_2
   01F2 E5            [11] 1153 	push	hl
                           1154 ;	genSend
                           1155 ;	genMove_o size 2 result type 2 source type 7 a_dead 1 hl_dead 1 de_dead 1 iy_dead 1 f_dead 1
   01F3 11r56s10      [10] 1156 	ld	de, #__str_1
                           1157 ;	genSend
                           1158 ;	genMove_o size 2 result type 2 source type 7 a_dead 1 hl_dead 1 de_dead 0 iy_dead 1 f_dead 1
   01F6 21r45s10      [10] 1159 	ld	hl, #__str_0
                           1160 ;	genCall
   01F9 CDr00s00      [17] 1161 	call	___fail
                           1162 ;	genLabel
   01FC                    1163 00104$:
                           1164 ;cases/./../tests/gcc-torture-execute-divcmp-1.c:134: if (test1(29) != 1)
                           1165 ;	genSend
                           1166 ;	genMove_o size 2 result type 2 source type 1 a_dead 1 hl_dead 1 de_dead 1 iy_dead 1 f_dead 1
   01FC 21 1D 00      [10] 1167 	ld	hl, #0x001d
                           1168 ;	genCall
   01FF CDr00s00      [17] 1169 	call	_test1
                           1170 ;	genMove_o size 2 result type 2 source type 2 a_dead 1 hl_dead 1 de_dead 1 iy_dead 1 f_dead 1
                           1171 ;	genCmpEq
                           1172 ;	genMove_o size 1 result type 2 source type 2 a_dead 1 hl_dead 1 de_dead 0 iy_dead 0 f_dead 1
   0202 7B            [ 4] 1173 	ld	a, e
                           1174 ;	genMove_o size 0 result type 2 source type 1 a_dead 1 hl_dead 1 de_dead 0 iy_dead 0 f_dead 1
   0203 3D            [ 4] 1175 	dec	a
   0204 B2            [ 4] 1176 	or	a, d
                           1177 ; common peephole 163 changed absolute to relative conditional jump.
   0205 28 18         [12] 1178 	jr	z, 00106$
                           1179 ; common peephole 81 removed jp by using inverse jump logic
                           1180 ; common peephole 159 removed unused label 01184$.
                           1181 ;	skipping generated iCode
                           1182 ;cases/./../tests/gcc-torture-execute-divcmp-1.c:135: ASSERT (0);
                           1183 ;	genPlus
                           1184 ;	genMove_o size 2 result type 2 source type 10 a_dead 1 hl_dead 1 de_dead 1 iy_dead 1 f_dead 1
   0207 2Ar00s00      [16] 1185 	ld	hl, (___numTests)
   020A 23            [ 6] 1186 	inc	hl
                           1187 ;	genMove_o size 2 result type 10 source type 2 a_dead 1 hl_dead 1 de_dead 1 iy_dead 1 f_dead 1
   020B 22r00s00      [16] 1188 	ld	(___numTests), hl
                           1189 ;	skipping iCode since result will be rematerialized
                           1190 ;	skipping iCode since result will be rematerialized
                           1191 ;	skipping iCode since result will be rematerialized
                           1192 ;	skipping iCode since result will be rematerialized
                           1193 ;	skipping iCode since result will be rematerialized
                           1194 ;	skipping iCode since result will be rematerialized
                           1195 ;	genIpush
                           1196 ;	genMove_o size 2 result type 2 source type 1 a_dead 1 hl_dead 1 de_dead 1 iy_dead 1 f_dead 1
   020E 21 87 00      [10] 1197 	ld	hl, #0x0087
   0211 E5            [11] 1198 	push	hl
                           1199 ;	genIpush
                           1200 ;	genMove_o size 2 result type 2 source type 7 a_dead 1 hl_dead 1 de_dead 1 iy_dead 1 f_dead 1
   0212 21r58s10      [10] 1201 	ld	hl, #__str_2
   0215 E5            [11] 1202 	push	hl
                           1203 ;	genSend
                           1204 ;	genMove_o size 2 result type 2 source type 7 a_dead 1 hl_dead 1 de_dead 1 iy_dead 1 f_dead 1
   0216 11r56s10      [10] 1205 	ld	de, #__str_1
                           1206 ;	genSend
                           1207 ;	genMove_o size 2 result type 2 source type 7 a_dead 1 hl_dead 1 de_dead 0 iy_dead 1 f_dead 1
   0219 21r45s10      [10] 1208 	ld	hl, #__str_0
                           1209 ;	genCall
   021C CDr00s00      [17] 1210 	call	___fail
                           1211 ;	genLabel
   021F                    1212 00106$:
                           1213 ;cases/./../tests/gcc-torture-execute-divcmp-1.c:136: if (test1(30) != 0)
                           1214 ;	genSend
                           1215 ;	genMove_o size 2 result type 2 source type 1 a_dead 1 hl_dead 1 de_dead 1 iy_dead 1 f_dead 1
   021F 21 1E 00      [10] 1216 	ld	hl, #0x001e
                           1217 ;	genCall
   0222 CDr00s00      [17] 1218 	call	_test1
                           1219 ;	genMove_o size 2 result type 2 source type 2 a_dead 1 hl_dead 1 de_dead 1 iy_dead 1 f_dead 1
                           1220 ;	genIfx
   0225 7A            [ 4] 1221 	ld	a, d
   0226 B3            [ 4] 1222 	or	a, e
                           1223 ; common peephole 163 changed absolute to relative conditional jump.
   0227 28 18         [12] 1224 	jr	z, 00108$
                           1225 ;cases/./../tests/gcc-torture-execute-divcmp-1.c:137: ASSERT (0);
                           1226 ;	genPlus
                           1227 ;	genMove_o size 2 result type 2 source type 10 a_dead 1 hl_dead 1 de_dead 1 iy_dead 1 f_dead 1
   0229 2Ar00s00      [16] 1228 	ld	hl, (___numTests)
   022C 23            [ 6] 1229 	inc	hl
                           1230 ;	genMove_o size 2 result type 10 source type 2 a_dead 1 hl_dead 1 de_dead 1 iy_dead 1 f_dead 1
   022D 22r00s00      [16] 1231 	ld	(___numTests), hl
                           1232 ;	skipping iCode since result will be rematerialized
                           1233 ;	skipping iCode since result will be rematerialized
                           1234 ;	skipping iCode since result will be rematerialized
                           1235 ;	skipping iCode since result will be rematerialized
                           1236 ;	skipping iCode since result will be rematerialized
                           1237 ;	skipping iCode since result will be rematerialized
                           1238 ;	genIpush
                           1239 ;	genMove_o size 2 result type 2 source type 1 a_dead 1 hl_dead 1 de_dead 1 iy_dead 1 f_dead 1
   0230 21 89 00      [10] 1240 	ld	hl, #0x0089
   0233 E5            [11] 1241 	push	hl
                           1242 ;	genIpush
                           1243 ;	genMove_o size 2 result type 2 source type 7 a_dead 1 hl_dead 1 de_dead 1 iy_dead 1 f_dead 1
   0234 21r58s10      [10] 1244 	ld	hl, #__str_2
   0237 E5            [11] 1245 	push	hl
                           1246 ;	genSend
                           1247 ;	genMove_o size 2 result type 2 source type 7 a_dead 1 hl_dead 1 de_dead 1 iy_dead 1 f_dead 1
   0238 11r56s10      [10] 1248 	ld	de, #__str_1
                           1249 ;	genSend
                           1250 ;	genMove_o size 2 result type 2 source type 7 a_dead 1 hl_dead 1 de_dead 0 iy_dead 1 f_dead 1
   023B 21r45s10      [10] 1251 	ld	hl, #__str_0
                           1252 ;	genCall
   023E CDr00s00      [17] 1253 	call	___fail
                           1254 ;	genLabel
   0241                    1255 00108$:
                           1256 ;cases/./../tests/gcc-torture-execute-divcmp-1.c:139: if (test1u(19) != 0)
                           1257 ;	genSend
                           1258 ;	genMove_o size 2 result type 2 source type 1 a_dead 1 hl_dead 1 de_dead 1 iy_dead 1 f_dead 1
   0241 21 13 00      [10] 1259 	ld	hl, #0x0013
                           1260 ;	genCall
   0244 CDr13s00      [17] 1261 	call	_test1u
                           1262 ;	genMove_o size 2 result type 2 source type 2 a_dead 1 hl_dead 1 de_dead 1 iy_dead 1 f_dead 1
                           1263 ;	genIfx
   0247 7A            [ 4] 1264 	ld	a, d
   0248 B3            [ 4] 1265 	or	a, e
                           1266 ; common peephole 163 changed absolute to relative conditional jump.
   0249 28 18         [12] 1267 	jr	z, 00110$
                           1268 ;cases/./../tests/gcc-torture-execute-divcmp-1.c:140: ASSERT (0);
                           1269 ;	genPlus
                           1270 ;	genMove_o size 2 result type 2 source type 10 a_dead 1 hl_dead 1 de_dead 1 iy_dead 1 f_dead 1
   024B 2Ar00s00      [16] 1271 	ld	hl, (___numTests)
   024E 23            [ 6] 1272 	inc	hl
                           1273 ;	genMove_o size 2 result type 10 source type 2 a_dead 1 hl_dead 1 de_dead 1 iy_dead 1 f_dead 1
   024F 22r00s00      [16] 1274 	ld	(___numTests), hl
                           1275 ;	skipping iCode since result will be rematerialized
                           1276 ;	skipping iCode since result will be rematerialized
                           1277 ;	skipping iCode since result will be rematerialized
                           1278 ;	skipping iCode since result will be rematerialized
                           1279 ;	skipping iCode since result will be rematerialized
                           1280 ;	skipping iCode since result will be rematerialized
                           1281 ;	genIpush
                           1282 ;	genMove_o size 2 result type 2 source type 1 a_dead 1 hl_dead 1 de_dead 1 iy_dead 1 f_dead 1
   0252 21 8C 00      [10] 1283 	ld	hl, #0x008c
   0255 E5            [11] 1284 	push	hl
                           1285 ;	genIpush
                           1286 ;	genMove_o size 2 result type 2 source type 7 a_dead 1 hl_dead 1 de_dead 1 iy_dead 1 f_dead 1
   0256 21r58s10      [10] 1287 	ld	hl, #__str_2
   0259 E5            [11] 1288 	push	hl
                           1289 ;	genSend
                           1290 ;	genMove_o size 2 result type 2 source type 7 a_dead 1 hl_dead 1 de_dead 1 iy_dead 1 f_dead 1
   025A 11r56s10      [10] 1291 	ld	de, #__str_1
                           1292 ;	genSend
                           1293 ;	genMove_o size 2 result type 2 source type 7 a_dead 1 hl_dead 1 de_dead 0 iy_dead 1 f_dead 1
   025D 21r45s10      [10] 1294 	ld	hl, #__str_0
                           1295 ;	genCall
   0260 CDr00s00      [17] 1296 	call	___fail
                           1297 ;	genLabel
   0263                    1298 00110$:
                           1299 ;cases/./../tests/gcc-torture-execute-divcmp-1.c:141: if (test1u(20) != 1)
                           1300 ;	genSend
                           1301 ;	genMove_o size 2 result type 2 source type 1 a_dead 1 hl_dead 1 de_dead 1 iy_dead 1 f_dead 1
   0263 21 14 00      [10] 1302 	ld	hl, #0x0014
                           1303 ;	genCall
   0266 CDr13s00      [17] 1304 	call	_test1u
                           1305 ;	genMove_o size 2 result type 2 source type 2 a_dead 1 hl_dead 1 de_dead 1 iy_dead 1 f_dead 1
                           1306 ;	genCmpEq
                           1307 ;	genMove_o size 1 result type 2 source type 2 a_dead 1 hl_dead 1 de_dead 0 iy_dead 0 f_dead 1
   0269 7B            [ 4] 1308 	ld	a, e
                           1309 ;	genMove_o size 0 result type 2 source type 1 a_dead 1 hl_dead 1 de_dead 0 iy_dead 0 f_dead 1
   026A 3D            [ 4] 1310 	dec	a
   026B B2            [ 4] 1311 	or	a, d
                           1312 ; common peephole 163 changed absolute to relative conditional jump.
   026C 28 18         [12] 1313 	jr	z, 00112$
                           1314 ; common peephole 81 removed jp by using inverse jump logic
                           1315 ; common peephole 159 removed unused label 01185$.
                           1316 ;	skipping generated iCode
                           1317 ;cases/./../tests/gcc-torture-execute-divcmp-1.c:142: ASSERT (0);
                           1318 ;	genPlus
                           1319 ;	genMove_o size 2 result type 2 source type 10 a_dead 1 hl_dead 1 de_dead 1 iy_dead 1 f_dead 1
   026E 2Ar00s00      [16] 1320 	ld	hl, (___numTests)
   0271 23            [ 6] 1321 	inc	hl
                           1322 ;	genMove_o size 2 result type 10 source type 2 a_dead 1 hl_dead 1 de_dead 1 iy_dead 1 f_dead 1
   0272 22r00s00      [16] 1323 	ld	(___numTests), hl
                           1324 ;	skipping iCode since result will be rematerialized
                           1325 ;	skipping iCode since result will be rematerialized
                           1326 ;	skipping iCode since result will be rematerialized
                           1327 ;	skipping iCode since result will be rematerialized
                           1328 ;	skipping iCode since result will be rematerialized
                           1329 ;	skipping iCode since result will be rematerialized
                           1330 ;	genIpush
                           1331 ;	genMove_o size 2 result type 2 source type 1 a_dead 1 hl_dead 1 de_dead 1 iy_dead 1 f_dead 1
   0275 21 8E 00      [10] 1332 	ld	hl, #0x008e
   0278 E5            [11] 1333 	push	hl
                           1334 ;	genIpush
                           1335 ;	genMove_o size 2 result type 2 source type 7 a_dead 1 hl_dead 1 de_dead 1 iy_dead 1 f_dead 1
   0279 21r58s10      [10] 1336 	ld	hl, #__str_2
   027C E5            [11] 1337 	push	hl
                           1338 ;	genSend
                           1339 ;	genMove_o size 2 result type 2 source type 7 a_dead 1 hl_dead 1 de_dead 1 iy_dead 1 f_dead 1
   027D 11r56s10      [10] 1340 	ld	de, #__str_1
                           1341 ;	genSend
                           1342 ;	genMove_o size 2 result type 2 source type 7 a_dead 1 hl_dead 1 de_dead 0 iy_dead 1 f_dead 1
   0280 21r45s10      [10] 1343 	ld	hl, #__str_0
                           1344 ;	genCall
   0283 CDr00s00      [17] 1345 	call	___fail
                           1346 ;	genLabel
   0286                    1347 00112$:
                           1348 ;cases/./../tests/gcc-torture-execute-divcmp-1.c:143: if (test1u(29) != 1)
                           1349 ;	genSend
                           1350 ;	genMove_o size 2 result type 2 source type 1 a_dead 1 hl_dead 1 de_dead 1 iy_dead 1 f_dead 1
   0286 21 1D 00      [10] 1351 	ld	hl, #0x001d
                           1352 ;	genCall
   0289 CDr13s00      [17] 1353 	call	_test1u
                           1354 ;	genMove_o size 2 result type 2 source type 2 a_dead 1 hl_dead 1 de_dead 1 iy_dead 1 f_dead 1
                           1355 ;	genCmpEq
                           1356 ;	genMove_o size 1 result type 2 source type 2 a_dead 1 hl_dead 1 de_dead 0 iy_dead 0 f_dead 1
   028C 7B            [ 4] 1357 	ld	a, e
                           1358 ;	genMove_o size 0 result type 2 source type 1 a_dead 1 hl_dead 1 de_dead 0 iy_dead 0 f_dead 1
   028D 3D            [ 4] 1359 	dec	a
   028E B2            [ 4] 1360 	or	a, d
                           1361 ; common peephole 163 changed absolute to relative conditional jump.
   028F 28 18         [12] 1362 	jr	z, 00114$
                           1363 ; common peephole 81 removed jp by using inverse jump logic
                           1364 ; common peephole 159 removed unused label 01186$.
                           1365 ;	skipping generated iCode
                           1366 ;cases/./../tests/gcc-torture-execute-divcmp-1.c:144: ASSERT (0);
                           1367 ;	genPlus
                           1368 ;	genMove_o size 2 result type 2 source type 10 a_dead 1 hl_dead 1 de_dead 1 iy_dead 1 f_dead 1
   0291 2Ar00s00      [16] 1369 	ld	hl, (___numTests)
   0294 23            [ 6] 1370 	inc	hl
                           1371 ;	genMove_o size 2 result type 10 source type 2 a_dead 1 hl_dead 1 de_dead 1 iy_dead 1 f_dead 1
   0295 22r00s00      [16] 1372 	ld	(___numTests), hl
                           1373 ;	skipping iCode since result will be rematerialized
                           1374 ;	skipping iCode since result will be rematerialized
                           1375 ;	skipping iCode since result will be rematerialized
                           1376 ;	skipping iCode since result will be rematerialized
                           1377 ;	skipping iCode since result will be rematerialized
                           1378 ;	skipping iCode since result will be rematerialized
                           1379 ;	genIpush
                           1380 ;	genMove_o size 2 result type 2 source type 1 a_dead 1 hl_dead 1 de_dead 1 iy_dead 1 f_dead 1
   0298 21 90 00      [10] 1381 	ld	hl, #0x0090
   029B E5            [11] 1382 	push	hl
                           1383 ;	genIpush
                           1384 ;	genMove_o size 2 result type 2 source type 7 a_dead 1 hl_dead 1 de_dead 1 iy_dead 1 f_dead 1
   029C 21r58s10      [10] 1385 	ld	hl, #__str_2
   029F E5            [11] 1386 	push	hl
                           1387 ;	genSend
                           1388 ;	genMove_o size 2 result type 2 source type 7 a_dead 1 hl_dead 1 de_dead 1 iy_dead 1 f_dead 1
   02A0 11r56s10      [10] 1389 	ld	de, #__str_1
                           1390 ;	genSend
                           1391 ;	genMove_o size 2 result type 2 source type 7 a_dead 1 hl_dead 1 de_dead 0 iy_dead 1 f_dead 1
   02A3 21r45s10      [10] 1392 	ld	hl, #__str_0
                           1393 ;	genCall
   02A6 CDr00s00      [17] 1394 	call	___fail
                           1395 ;	genLabel
   02A9                    1396 00114$:
                           1397 ;cases/./../tests/gcc-torture-execute-divcmp-1.c:145: if (test1u(30) != 0)
                           1398 ;	genSend
                           1399 ;	genMove_o size 2 result type 2 source type 1 a_dead 1 hl_dead 1 de_dead 1 iy_dead 1 f_dead 1
   02A9 21 1E 00      [10] 1400 	ld	hl, #0x001e
                           1401 ;	genCall
   02AC CDr13s00      [17] 1402 	call	_test1u
                           1403 ;	genMove_o size 2 result type 2 source type 2 a_dead 1 hl_dead 1 de_dead 1 iy_dead 1 f_dead 1
                           1404 ;	genIfx
   02AF 7A            [ 4] 1405 	ld	a, d
   02B0 B3            [ 4] 1406 	or	a, e
                           1407 ; common peephole 163 changed absolute to relative conditional jump.
   02B1 28 18         [12] 1408 	jr	z, 00116$
                           1409 ;cases/./../tests/gcc-torture-execute-divcmp-1.c:146: ASSERT (0);
                           1410 ;	genPlus
                           1411 ;	genMove_o size 2 result type 2 source type 10 a_dead 1 hl_dead 1 de_dead 1 iy_dead 1 f_dead 1
   02B3 2Ar00s00      [16] 1412 	ld	hl, (___numTests)
   02B6 23            [ 6] 1413 	inc	hl
                           1414 ;	genMove_o size 2 result type 10 source type 2 a_dead 1 hl_dead 1 de_dead 1 iy_dead 1 f_dead 1
   02B7 22r00s00      [16] 1415 	ld	(___numTests), hl
                           1416 ;	skipping iCode since result will be rematerialized
                           1417 ;	skipping iCode since result will be rematerialized
                           1418 ;	skipping iCode since result will be rematerialized
                           1419 ;	skipping iCode since result will be rematerialized
                           1420 ;	skipping iCode since result will be rematerialized
                           1421 ;	skipping iCode since result will be rematerialized
                           1422 ;	genIpush
                           1423 ;	genMove_o size 2 result type 2 source type 1 a_dead 1 hl_dead 1 de_dead 1 iy_dead 1 f_dead 1
   02BA 21 92 00      [10] 1424 	ld	hl, #0x0092
   02BD E5            [11] 1425 	push	hl
                           1426 ;	genIpush
                           1427 ;	genMove_o size 2 result type 2 source type 7 a_dead 1 hl_dead 1 de_dead 1 iy_dead 1 f_dead 1
   02BE 21r58s10      [10] 1428 	ld	hl, #__str_2
   02C1 E5            [11] 1429 	push	hl
                           1430 ;	genSend
                           1431 ;	genMove_o size 2 result type 2 source type 7 a_dead 1 hl_dead 1 de_dead 1 iy_dead 1 f_dead 1
   02C2 11r56s10      [10] 1432 	ld	de, #__str_1
                           1433 ;	genSend
                           1434 ;	genMove_o size 2 result type 2 source type 7 a_dead 1 hl_dead 1 de_dead 0 iy_dead 1 f_dead 1
   02C5 21r45s10      [10] 1435 	ld	hl, #__str_0
                           1436 ;	genCall
   02C8 CDr00s00      [17] 1437 	call	___fail
                           1438 ;	genLabel
   02CB                    1439 00116$:
                           1440 ;cases/./../tests/gcc-torture-execute-divcmp-1.c:149: if (test2(0) != 1)
                           1441 ;	genSend
                           1442 ;	genMove_o size 2 result type 2 source type 1 a_dead 1 hl_dead 1 de_dead 1 iy_dead 1 f_dead 1
   02CB 21 00 00      [10] 1443 	ld	hl, #0x0000
                           1444 ;	genCall
   02CE CDr26s00      [17] 1445 	call	_test2
                           1446 ;	genMove_o size 2 result type 2 source type 2 a_dead 1 hl_dead 1 de_dead 1 iy_dead 1 f_dead 1
                           1447 ;	genCmpEq
                           1448 ;	genMove_o size 1 result type 2 source type 2 a_dead 1 hl_dead 1 de_dead 0 iy_dead 0 f_dead 1
   02D1 7B            [ 4] 1449 	ld	a, e
                           1450 ;	genMove_o size 0 result type 2 source type 1 a_dead 1 hl_dead 1 de_dead 0 iy_dead 0 f_dead 1
   02D2 3D            [ 4] 1451 	dec	a
   02D3 B2            [ 4] 1452 	or	a, d
                           1453 ; common peephole 163 changed absolute to relative conditional jump.
   02D4 28 18         [12] 1454 	jr	z, 00118$
                           1455 ; common peephole 81 removed jp by using inverse jump logic
                           1456 ; common peephole 159 removed unused label 01187$.
                           1457 ;	skipping generated iCode
                           1458 ;cases/./../tests/gcc-torture-execute-divcmp-1.c:150: ASSERT (0);
                           1459 ;	genPlus
                           1460 ;	genMove_o size 2 result type 2 source type 10 a_dead 1 hl_dead 1 de_dead 1 iy_dead 1 f_dead 1
   02D6 2Ar00s00      [16] 1461 	ld	hl, (___numTests)
   02D9 23            [ 6] 1462 	inc	hl
                           1463 ;	genMove_o size 2 result type 10 source type 2 a_dead 1 hl_dead 1 de_dead 1 iy_dead 1 f_dead 1
   02DA 22r00s00      [16] 1464 	ld	(___numTests), hl
                           1465 ;	skipping iCode since result will be rematerialized
                           1466 ;	skipping iCode since result will be rematerialized
                           1467 ;	skipping iCode since result will be rematerialized
                           1468 ;	skipping iCode since result will be rematerialized
                           1469 ;	skipping iCode since result will be rematerialized
                           1470 ;	skipping iCode since result will be rematerialized
                           1471 ;	genIpush
                           1472 ;	genMove_o size 2 result type 2 source type 1 a_dead 1 hl_dead 1 de_dead 1 iy_dead 1 f_dead 1
   02DD 21 96 00      [10] 1473 	ld	hl, #0x0096
   02E0 E5            [11] 1474 	push	hl
                           1475 ;	genIpush
                           1476 ;	genMove_o size 2 result type 2 source type 7 a_dead 1 hl_dead 1 de_dead 1 iy_dead 1 f_dead 1
   02E1 21r58s10      [10] 1477 	ld	hl, #__str_2
   02E4 E5            [11] 1478 	push	hl
                           1479 ;	genSend
                           1480 ;	genMove_o size 2 result type 2 source type 7 a_dead 1 hl_dead 1 de_dead 1 iy_dead 1 f_dead 1
   02E5 11r56s10      [10] 1481 	ld	de, #__str_1
                           1482 ;	genSend
                           1483 ;	genMove_o size 2 result type 2 source type 7 a_dead 1 hl_dead 1 de_dead 0 iy_dead 1 f_dead 1
   02E8 21r45s10      [10] 1484 	ld	hl, #__str_0
                           1485 ;	genCall
   02EB CDr00s00      [17] 1486 	call	___fail
                           1487 ;	genLabel
   02EE                    1488 00118$:
                           1489 ;cases/./../tests/gcc-torture-execute-divcmp-1.c:151: if (test2(9) != 1)
                           1490 ;	genSend
                           1491 ;	genMove_o size 2 result type 2 source type 1 a_dead 1 hl_dead 1 de_dead 1 iy_dead 1 f_dead 1
   02EE 21 09 00      [10] 1492 	ld	hl, #0x0009
                           1493 ;	genCall
   02F1 CDr26s00      [17] 1494 	call	_test2
                           1495 ;	genMove_o size 2 result type 2 source type 2 a_dead 1 hl_dead 1 de_dead 1 iy_dead 1 f_dead 1
                           1496 ;	genCmpEq
                           1497 ;	genMove_o size 1 result type 2 source type 2 a_dead 1 hl_dead 1 de_dead 0 iy_dead 0 f_dead 1
   02F4 7B            [ 4] 1498 	ld	a, e
                           1499 ;	genMove_o size 0 result type 2 source type 1 a_dead 1 hl_dead 1 de_dead 0 iy_dead 0 f_dead 1
   02F5 3D            [ 4] 1500 	dec	a
   02F6 B2            [ 4] 1501 	or	a, d
                           1502 ; common peephole 163 changed absolute to relative conditional jump.
   02F7 28 18         [12] 1503 	jr	z, 00120$
                           1504 ; common peephole 81 removed jp by using inverse jump logic
                           1505 ; common peephole 159 removed unused label 01188$.
                           1506 ;	skipping generated iCode
                           1507 ;cases/./../tests/gcc-torture-execute-divcmp-1.c:152: ASSERT (0);
                           1508 ;	genPlus
                           1509 ;	genMove_o size 2 result type 2 source type 10 a_dead 1 hl_dead 1 de_dead 1 iy_dead 1 f_dead 1
   02F9 2Ar00s00      [16] 1510 	ld	hl, (___numTests)
   02FC 23            [ 6] 1511 	inc	hl
                           1512 ;	genMove_o size 2 result type 10 source type 2 a_dead 1 hl_dead 1 de_dead 1 iy_dead 1 f_dead 1
   02FD 22r00s00      [16] 1513 	ld	(___numTests), hl
                           1514 ;	skipping iCode since result will be rematerialized
                           1515 ;	skipping iCode since result will be rematerialized
                           1516 ;	skipping iCode since result will be rematerialized
                           1517 ;	skipping iCode since result will be rematerialized
                           1518 ;	skipping iCode since result will be rematerialized
                           1519 ;	skipping iCode since result will be rematerialized
                           1520 ;	genIpush
                           1521 ;	genMove_o size 2 result type 2 source type 1 a_dead 1 hl_dead 1 de_dead 1 iy_dead 1 f_dead 1
   0300 21 98 00      [10] 1522 	ld	hl, #0x0098
   0303 E5            [11] 1523 	push	hl
                           1524 ;	genIpush
                           1525 ;	genMove_o size 2 result type 2 source type 7 a_dead 1 hl_dead 1 de_dead 1 iy_dead 1 f_dead 1
   0304 21r58s10      [10] 1526 	ld	hl, #__str_2
   0307 E5            [11] 1527 	push	hl
                           1528 ;	genSend
                           1529 ;	genMove_o size 2 result type 2 source type 7 a_dead 1 hl_dead 1 de_dead 1 iy_dead 1 f_dead 1
   0308 11r56s10      [10] 1530 	ld	de, #__str_1
                           1531 ;	genSend
                           1532 ;	genMove_o size 2 result type 2 source type 7 a_dead 1 hl_dead 1 de_dead 0 iy_dead 1 f_dead 1
   030B 21r45s10      [10] 1533 	ld	hl, #__str_0
                           1534 ;	genCall
   030E CDr00s00      [17] 1535 	call	___fail
                           1536 ;	genLabel
   0311                    1537 00120$:
                           1538 ;cases/./../tests/gcc-torture-execute-divcmp-1.c:153: if (test2(10) != 0)
                           1539 ;	genSend
                           1540 ;	genMove_o size 2 result type 2 source type 1 a_dead 1 hl_dead 1 de_dead 1 iy_dead 1 f_dead 1
   0311 21 0A 00      [10] 1541 	ld	hl, #0x000a
                           1542 ;	genCall
   0314 CDr26s00      [17] 1543 	call	_test2
                           1544 ;	genMove_o size 2 result type 2 source type 2 a_dead 1 hl_dead 1 de_dead 1 iy_dead 1 f_dead 1
                           1545 ;	genIfx
   0317 7A            [ 4] 1546 	ld	a, d
   0318 B3            [ 4] 1547 	or	a, e
                           1548 ; common peephole 163 changed absolute to relative conditional jump.
   0319 28 18         [12] 1549 	jr	z, 00122$
                           1550 ;cases/./../tests/gcc-torture-execute-divcmp-1.c:154: ASSERT (0);
                           1551 ;	genPlus
                           1552 ;	genMove_o size 2 result type 2 source type 10 a_dead 1 hl_dead 1 de_dead 1 iy_dead 1 f_dead 1
   031B 2Ar00s00      [16] 1553 	ld	hl, (___numTests)
   031E 23            [ 6] 1554 	inc	hl
                           1555 ;	genMove_o size 2 result type 10 source type 2 a_dead 1 hl_dead 1 de_dead 1 iy_dead 1 f_dead 1
   031F 22r00s00      [16] 1556 	ld	(___numTests), hl
                           1557 ;	skipping iCode since result will be rematerialized
                           1558 ;	skipping iCode since result will be rematerialized
                           1559 ;	skipping iCode since result will be rematerialized
                           1560 ;	skipping iCode since result will be rematerialized
                           1561 ;	skipping iCode since result will be rematerialized
                           1562 ;	skipping iCode since result will be rematerialized
                           1563 ;	genIpush
                           1564 ;	genMove_o size 2 result type 2 source type 1 a_dead 1 hl_dead 1 de_dead 1 iy_dead 1 f_dead 1
   0322 21 9A 00      [10] 1565 	ld	hl, #0x009a
   0325 E5            [11] 1566 	push	hl
                           1567 ;	genIpush
                           1568 ;	genMove_o size 2 result type 2 source type 7 a_dead 1 hl_dead 1 de_dead 1 iy_dead 1 f_dead 1
   0326 21r58s10      [10] 1569 	ld	hl, #__str_2
   0329 E5            [11] 1570 	push	hl
                           1571 ;	genSend
                           1572 ;	genMove_o size 2 result type 2 source type 7 a_dead 1 hl_dead 1 de_dead 1 iy_dead 1 f_dead 1
   032A 11r56s10      [10] 1573 	ld	de, #__str_1
                           1574 ;	genSend
                           1575 ;	genMove_o size 2 result type 2 source type 7 a_dead 1 hl_dead 1 de_dead 0 iy_dead 1 f_dead 1
   032D 21r45s10      [10] 1576 	ld	hl, #__str_0
                           1577 ;	genCall
   0330 CDr00s00      [17] 1578 	call	___fail
                           1579 ;	genLabel
   0333                    1580 00122$:
                           1581 ;cases/./../tests/gcc-torture-execute-divcmp-1.c:155: if (test2(-1) != 1)
                           1582 ;	genSend
                           1583 ;	genMove_o size 2 result type 2 source type 1 a_dead 1 hl_dead 1 de_dead 1 iy_dead 1 f_dead 1
   0333 21 FF FF      [10] 1584 	ld	hl, #0xffff
                           1585 ;	genCall
   0336 CDr26s00      [17] 1586 	call	_test2
                           1587 ;	genMove_o size 2 result type 2 source type 2 a_dead 1 hl_dead 1 de_dead 1 iy_dead 1 f_dead 1
                           1588 ;	genCmpEq
                           1589 ;	genMove_o size 1 result type 2 source type 2 a_dead 1 hl_dead 1 de_dead 0 iy_dead 0 f_dead 1
   0339 7B            [ 4] 1590 	ld	a, e
                           1591 ;	genMove_o size 0 result type 2 source type 1 a_dead 1 hl_dead 1 de_dead 0 iy_dead 0 f_dead 1
   033A 3D            [ 4] 1592 	dec	a
   033B B2            [ 4] 1593 	or	a, d
                           1594 ; common peephole 163 changed absolute to relative conditional jump.
   033C 28 18         [12] 1595 	jr	z, 00124$
                           1596 ; common peephole 81 removed jp by using inverse jump logic
                           1597 ; common peephole 159 removed unused label 01189$.
                           1598 ;	skipping generated iCode
                           1599 ;cases/./../tests/gcc-torture-execute-divcmp-1.c:156: ASSERT (0);
                           1600 ;	genPlus
                           1601 ;	genMove_o size 2 result type 2 source type 10 a_dead 1 hl_dead 1 de_dead 1 iy_dead 1 f_dead 1
   033E 2Ar00s00      [16] 1602 	ld	hl, (___numTests)
   0341 23            [ 6] 1603 	inc	hl
                           1604 ;	genMove_o size 2 result type 10 source type 2 a_dead 1 hl_dead 1 de_dead 1 iy_dead 1 f_dead 1
   0342 22r00s00      [16] 1605 	ld	(___numTests), hl
                           1606 ;	skipping iCode since result will be rematerialized
                           1607 ;	skipping iCode since result will be rematerialized
                           1608 ;	skipping iCode since result will be rematerialized
                           1609 ;	skipping iCode since result will be rematerialized
                           1610 ;	skipping iCode since result will be rematerialized
                           1611 ;	skipping iCode since result will be rematerialized
                           1612 ;	genIpush
                           1613 ;	genMove_o size 2 result type 2 source type 1 a_dead 1 hl_dead 1 de_dead 1 iy_dead 1 f_dead 1
   0345 21 9C 00      [10] 1614 	ld	hl, #0x009c
   0348 E5            [11] 1615 	push	hl
                           1616 ;	genIpush
                           1617 ;	genMove_o size 2 result type 2 source type 7 a_dead 1 hl_dead 1 de_dead 1 iy_dead 1 f_dead 1
   0349 21r58s10      [10] 1618 	ld	hl, #__str_2
   034C E5            [11] 1619 	push	hl
                           1620 ;	genSend
                           1621 ;	genMove_o size 2 result type 2 source type 7 a_dead 1 hl_dead 1 de_dead 1 iy_dead 1 f_dead 1
   034D 11r56s10      [10] 1622 	ld	de, #__str_1
                           1623 ;	genSend
                           1624 ;	genMove_o size 2 result type 2 source type 7 a_dead 1 hl_dead 1 de_dead 0 iy_dead 1 f_dead 1
   0350 21r45s10      [10] 1625 	ld	hl, #__str_0
                           1626 ;	genCall
   0353 CDr00s00      [17] 1627 	call	___fail
                           1628 ;	genLabel
   0356                    1629 00124$:
                           1630 ;cases/./../tests/gcc-torture-execute-divcmp-1.c:157: if (test2(-9) != 1)
                           1631 ;	genSend
                           1632 ;	genMove_o size 2 result type 2 source type 1 a_dead 1 hl_dead 1 de_dead 1 iy_dead 1 f_dead 1
   0356 21 F7 FF      [10] 1633 	ld	hl, #0xfff7
                           1634 ;	genCall
   0359 CDr26s00      [17] 1635 	call	_test2
                           1636 ;	genMove_o size 2 result type 2 source type 2 a_dead 1 hl_dead 1 de_dead 1 iy_dead 1 f_dead 1
                           1637 ;	genCmpEq
                           1638 ;	genMove_o size 1 result type 2 source type 2 a_dead 1 hl_dead 1 de_dead 0 iy_dead 0 f_dead 1
   035C 7B            [ 4] 1639 	ld	a, e
                           1640 ;	genMove_o size 0 result type 2 source type 1 a_dead 1 hl_dead 1 de_dead 0 iy_dead 0 f_dead 1
   035D 3D            [ 4] 1641 	dec	a
   035E B2            [ 4] 1642 	or	a, d
                           1643 ; common peephole 163 changed absolute to relative conditional jump.
   035F 28 18         [12] 1644 	jr	z, 00126$
                           1645 ; common peephole 81 removed jp by using inverse jump logic
                           1646 ; common peephole 159 removed unused label 01190$.
                           1647 ;	skipping generated iCode
                           1648 ;cases/./../tests/gcc-torture-execute-divcmp-1.c:158: ASSERT (0);
                           1649 ;	genPlus
                           1650 ;	genMove_o size 2 result type 2 source type 10 a_dead 1 hl_dead 1 de_dead 1 iy_dead 1 f_dead 1
   0361 2Ar00s00      [16] 1651 	ld	hl, (___numTests)
   0364 23            [ 6] 1652 	inc	hl
                           1653 ;	genMove_o size 2 result type 10 source type 2 a_dead 1 hl_dead 1 de_dead 1 iy_dead 1 f_dead 1
   0365 22r00s00      [16] 1654 	ld	(___numTests), hl
                           1655 ;	skipping iCode since result will be rematerialized
                           1656 ;	skipping iCode since result will be rematerialized
                           1657 ;	skipping iCode since result will be rematerialized
                           1658 ;	skipping iCode since result will be rematerialized
                           1659 ;	skipping iCode since result will be rematerialized
                           1660 ;	skipping iCode since result will be rematerialized
                           1661 ;	genIpush
                           1662 ;	genMove_o size 2 result type 2 source type 1 a_dead 1 hl_dead 1 de_dead 1 iy_dead 1 f_dead 1
   0368 21 9E 00      [10] 1663 	ld	hl, #0x009e
   036B E5            [11] 1664 	push	hl
                           1665 ;	genIpush
                           1666 ;	genMove_o size 2 result type 2 source type 7 a_dead 1 hl_dead 1 de_dead 1 iy_dead 1 f_dead 1
   036C 21r58s10      [10] 1667 	ld	hl, #__str_2
   036F E5            [11] 1668 	push	hl
                           1669 ;	genSend
                           1670 ;	genMove_o size 2 result type 2 source type 7 a_dead 1 hl_dead 1 de_dead 1 iy_dead 1 f_dead 1
   0370 11r56s10      [10] 1671 	ld	de, #__str_1
                           1672 ;	genSend
                           1673 ;	genMove_o size 2 result type 2 source type 7 a_dead 1 hl_dead 1 de_dead 0 iy_dead 1 f_dead 1
   0373 21r45s10      [10] 1674 	ld	hl, #__str_0
                           1675 ;	genCall
   0376 CDr00s00      [17] 1676 	call	___fail
                           1677 ;	genLabel
   0379                    1678 00126$:
                           1679 ;cases/./../tests/gcc-torture-execute-divcmp-1.c:159: if (test2(-10) != 0)
                           1680 ;	genSend
                           1681 ;	genMove_o size 2 result type 2 source type 1 a_dead 1 hl_dead 1 de_dead 1 iy_dead 1 f_dead 1
   0379 21 F6 FF      [10] 1682 	ld	hl, #0xfff6
                           1683 ;	genCall
   037C CDr26s00      [17] 1684 	call	_test2
                           1685 ;	genMove_o size 2 result type 2 source type 2 a_dead 1 hl_dead 1 de_dead 1 iy_dead 1 f_dead 1
                           1686 ;	genIfx
   037F 7A            [ 4] 1687 	ld	a, d
   0380 B3            [ 4] 1688 	or	a, e
                           1689 ; common peephole 163 changed absolute to relative conditional jump.
   0381 28 18         [12] 1690 	jr	z, 00128$
                           1691 ;cases/./../tests/gcc-torture-execute-divcmp-1.c:160: ASSERT (0);
                           1692 ;	genPlus
                           1693 ;	genMove_o size 2 result type 2 source type 10 a_dead 1 hl_dead 1 de_dead 1 iy_dead 1 f_dead 1
   0383 2Ar00s00      [16] 1694 	ld	hl, (___numTests)
   0386 23            [ 6] 1695 	inc	hl
                           1696 ;	genMove_o size 2 result type 10 source type 2 a_dead 1 hl_dead 1 de_dead 1 iy_dead 1 f_dead 1
   0387 22r00s00      [16] 1697 	ld	(___numTests), hl
                           1698 ;	skipping iCode since result will be rematerialized
                           1699 ;	skipping iCode since result will be rematerialized
                           1700 ;	skipping iCode since result will be rematerialized
                           1701 ;	skipping iCode since result will be rematerialized
                           1702 ;	skipping iCode since result will be rematerialized
                           1703 ;	skipping iCode since result will be rematerialized
                           1704 ;	genIpush
                           1705 ;	genMove_o size 2 result type 2 source type 1 a_dead 1 hl_dead 1 de_dead 1 iy_dead 1 f_dead 1
   038A 21 A0 00      [10] 1706 	ld	hl, #0x00a0
   038D E5            [11] 1707 	push	hl
                           1708 ;	genIpush
                           1709 ;	genMove_o size 2 result type 2 source type 7 a_dead 1 hl_dead 1 de_dead 1 iy_dead 1 f_dead 1
   038E 21r58s10      [10] 1710 	ld	hl, #__str_2
   0391 E5            [11] 1711 	push	hl
                           1712 ;	genSend
                           1713 ;	genMove_o size 2 result type 2 source type 7 a_dead 1 hl_dead 1 de_dead 1 iy_dead 1 f_dead 1
   0392 11r56s10      [10] 1714 	ld	de, #__str_1
                           1715 ;	genSend
                           1716 ;	genMove_o size 2 result type 2 source type 7 a_dead 1 hl_dead 1 de_dead 0 iy_dead 1 f_dead 1
   0395 21r45s10      [10] 1717 	ld	hl, #__str_0
                           1718 ;	genCall
   0398 CDr00s00      [17] 1719 	call	___fail
                           1720 ;	genLabel
   039B                    1721 00128$:
                           1722 ;cases/./../tests/gcc-torture-execute-divcmp-1.c:162: if (test2u(0) != 1)
                           1723 ;	genSend
                           1724 ;	genMove_o size 2 result type 2 source type 1 a_dead 1 hl_dead 1 de_dead 1 iy_dead 1 f_dead 1
   039B 21 00 00      [10] 1725 	ld	hl, #0x0000
                           1726 ;	genCall
   039E CDr38s00      [17] 1727 	call	_test2u
                           1728 ;	genMove_o size 2 result type 2 source type 2 a_dead 1 hl_dead 1 de_dead 1 iy_dead 1 f_dead 1
                           1729 ;	genCmpEq
                           1730 ;	genMove_o size 1 result type 2 source type 2 a_dead 1 hl_dead 1 de_dead 0 iy_dead 0 f_dead 1
   03A1 7B            [ 4] 1731 	ld	a, e
                           1732 ;	genMove_o size 0 result type 2 source type 1 a_dead 1 hl_dead 1 de_dead 0 iy_dead 0 f_dead 1
   03A2 3D            [ 4] 1733 	dec	a
   03A3 B2            [ 4] 1734 	or	a, d
                           1735 ; common peephole 163 changed absolute to relative conditional jump.
   03A4 28 18         [12] 1736 	jr	z, 00130$
                           1737 ; common peephole 81 removed jp by using inverse jump logic
                           1738 ; common peephole 159 removed unused label 01191$.
                           1739 ;	skipping generated iCode
                           1740 ;cases/./../tests/gcc-torture-execute-divcmp-1.c:163: ASSERT (0);
                           1741 ;	genPlus
                           1742 ;	genMove_o size 2 result type 2 source type 10 a_dead 1 hl_dead 1 de_dead 1 iy_dead 1 f_dead 1
   03A6 2Ar00s00      [16] 1743 	ld	hl, (___numTests)
   03A9 23            [ 6] 1744 	inc	hl
                           1745 ;	genMove_o size 2 result type 10 source type 2 a_dead 1 hl_dead 1 de_dead 1 iy_dead 1 f_dead 1
   03AA 22r00s00      [16] 1746 	ld	(___numTests), hl
                           1747 ;	skipping iCode since result will be rematerialized
                           1748 ;	skipping iCode since result will be rematerialized
                           1749 ;	skipping iCode since result will be rematerialized
                           1750 ;	skipping iCode since result will be rematerialized
                           1751 ;	skipping iCode since result will be rematerialized
                           1752 ;	skipping iCode since result will be rematerialized
                           1753 ;	genIpush
                           1754 ;	genMove_o size 2 result type 2 source type 1 a_dead 1 hl_dead 1 de_dead 1 iy_dead 1 f_dead 1
   03AD 21 A3 00      [10] 1755 	ld	hl, #0x00a3
   03B0 E5            [11] 1756 	push	hl
                           1757 ;	genIpush
                           1758 ;	genMove_o size 2 result type 2 source type 7 a_dead 1 hl_dead 1 de_dead 1 iy_dead 1 f_dead 1
   03B1 21r58s10      [10] 1759 	ld	hl, #__str_2
   03B4 E5            [11] 1760 	push	hl
                           1761 ;	genSend
                           1762 ;	genMove_o size 2 result type 2 source type 7 a_dead 1 hl_dead 1 de_dead 1 iy_dead 1 f_dead 1
   03B5 11r56s10      [10] 1763 	ld	de, #__str_1
                           1764 ;	genSend
                           1765 ;	genMove_o size 2 result type 2 source type 7 a_dead 1 hl_dead 1 de_dead 0 iy_dead 1 f_dead 1
   03B8 21r45s10      [10] 1766 	ld	hl, #__str_0
                           1767 ;	genCall
   03BB CDr00s00      [17] 1768 	call	___fail
                           1769 ;	genLabel
   03BE                    1770 00130$:
                           1771 ;cases/./../tests/gcc-torture-execute-divcmp-1.c:164: if (test2u(9) != 1)
                           1772 ;	genSend
                           1773 ;	genMove_o size 2 result type 2 source type 1 a_dead 1 hl_dead 1 de_dead 1 iy_dead 1 f_dead 1
   03BE 21 09 00      [10] 1774 	ld	hl, #0x0009
                           1775 ;	genCall
   03C1 CDr38s00      [17] 1776 	call	_test2u
                           1777 ;	genMove_o size 2 result type 2 source type 2 a_dead 1 hl_dead 1 de_dead 1 iy_dead 1 f_dead 1
                           1778 ;	genCmpEq
                           1779 ;	genMove_o size 1 result type 2 source type 2 a_dead 1 hl_dead 1 de_dead 0 iy_dead 0 f_dead 1
   03C4 7B            [ 4] 1780 	ld	a, e
                           1781 ;	genMove_o size 0 result type 2 source type 1 a_dead 1 hl_dead 1 de_dead 0 iy_dead 0 f_dead 1
   03C5 3D            [ 4] 1782 	dec	a
   03C6 B2            [ 4] 1783 	or	a, d
                           1784 ; common peephole 163 changed absolute to relative conditional jump.
   03C7 28 18         [12] 1785 	jr	z, 00132$
                           1786 ; common peephole 81 removed jp by using inverse jump logic
                           1787 ; common peephole 159 removed unused label 01192$.
                           1788 ;	skipping generated iCode
                           1789 ;cases/./../tests/gcc-torture-execute-divcmp-1.c:165: ASSERT (0);
                           1790 ;	genPlus
                           1791 ;	genMove_o size 2 result type 2 source type 10 a_dead 1 hl_dead 1 de_dead 1 iy_dead 1 f_dead 1
   03C9 2Ar00s00      [16] 1792 	ld	hl, (___numTests)
   03CC 23            [ 6] 1793 	inc	hl
                           1794 ;	genMove_o size 2 result type 10 source type 2 a_dead 1 hl_dead 1 de_dead 1 iy_dead 1 f_dead 1
   03CD 22r00s00      [16] 1795 	ld	(___numTests), hl
                           1796 ;	skipping iCode since result will be rematerialized
                           1797 ;	skipping iCode since result will be rematerialized
                           1798 ;	skipping iCode since result will be rematerialized
                           1799 ;	skipping iCode since result will be rematerialized
                           1800 ;	skipping iCode since result will be rematerialized
                           1801 ;	skipping iCode since result will be rematerialized
                           1802 ;	genIpush
                           1803 ;	genMove_o size 2 result type 2 source type 1 a_dead 1 hl_dead 1 de_dead 1 iy_dead 1 f_dead 1
   03D0 21 A5 00      [10] 1804 	ld	hl, #0x00a5
   03D3 E5            [11] 1805 	push	hl
                           1806 ;	genIpush
                           1807 ;	genMove_o size 2 result type 2 source type 7 a_dead 1 hl_dead 1 de_dead 1 iy_dead 1 f_dead 1
   03D4 21r58s10      [10] 1808 	ld	hl, #__str_2
   03D7 E5            [11] 1809 	push	hl
                           1810 ;	genSend
                           1811 ;	genMove_o size 2 result type 2 source type 7 a_dead 1 hl_dead 1 de_dead 1 iy_dead 1 f_dead 1
   03D8 11r56s10      [10] 1812 	ld	de, #__str_1
                           1813 ;	genSend
                           1814 ;	genMove_o size 2 result type 2 source type 7 a_dead 1 hl_dead 1 de_dead 0 iy_dead 1 f_dead 1
   03DB 21r45s10      [10] 1815 	ld	hl, #__str_0
                           1816 ;	genCall
   03DE CDr00s00      [17] 1817 	call	___fail
                           1818 ;	genLabel
   03E1                    1819 00132$:
                           1820 ;cases/./../tests/gcc-torture-execute-divcmp-1.c:166: if (test2u(10) != 0)
                           1821 ;	genSend
                           1822 ;	genMove_o size 2 result type 2 source type 1 a_dead 1 hl_dead 1 de_dead 1 iy_dead 1 f_dead 1
   03E1 21 0A 00      [10] 1823 	ld	hl, #0x000a
                           1824 ;	genCall
   03E4 CDr38s00      [17] 1825 	call	_test2u
                           1826 ;	genMove_o size 2 result type 2 source type 2 a_dead 1 hl_dead 1 de_dead 1 iy_dead 1 f_dead 1
                           1827 ;	genIfx
   03E7 7A            [ 4] 1828 	ld	a, d
   03E8 B3            [ 4] 1829 	or	a, e
                           1830 ; common peephole 163 changed absolute to relative conditional jump.
   03E9 28 18         [12] 1831 	jr	z, 00134$
                           1832 ;cases/./../tests/gcc-torture-execute-divcmp-1.c:167: ASSERT (0);
                           1833 ;	genPlus
                           1834 ;	genMove_o size 2 result type 2 source type 10 a_dead 1 hl_dead 1 de_dead 1 iy_dead 1 f_dead 1
   03EB 2Ar00s00      [16] 1835 	ld	hl, (___numTests)
   03EE 23            [ 6] 1836 	inc	hl
                           1837 ;	genMove_o size 2 result type 10 source type 2 a_dead 1 hl_dead 1 de_dead 1 iy_dead 1 f_dead 1
   03EF 22r00s00      [16] 1838 	ld	(___numTests), hl
                           1839 ;	skipping iCode since result will be rematerialized
                           1840 ;	skipping iCode since result will be rematerialized
                           1841 ;	skipping iCode since result will be rematerialized
                           1842 ;	skipping iCode since result will be rematerialized
                           1843 ;	skipping iCode since result will be rematerialized
                           1844 ;	skipping iCode since result will be rematerialized
                           1845 ;	genIpush
                           1846 ;	genMove_o size 2 result type 2 source type 1 a_dead 1 hl_dead 1 de_dead 1 iy_dead 1 f_dead 1
   03F2 21 A7 00      [10] 1847 	ld	hl, #0x00a7
   03F5 E5            [11] 1848 	push	hl
                           1849 ;	genIpush
                           1850 ;	genMove_o size 2 result type 2 source type 7 a_dead 1 hl_dead 1 de_dead 1 iy_dead 1 f_dead 1
   03F6 21r58s10      [10] 1851 	ld	hl, #__str_2
   03F9 E5            [11] 1852 	push	hl
                           1853 ;	genSend
                           1854 ;	genMove_o size 2 result type 2 source type 7 a_dead 1 hl_dead 1 de_dead 1 iy_dead 1 f_dead 1
   03FA 11r56s10      [10] 1855 	ld	de, #__str_1
                           1856 ;	genSend
                           1857 ;	genMove_o size 2 result type 2 source type 7 a_dead 1 hl_dead 1 de_dead 0 iy_dead 1 f_dead 1
   03FD 21r45s10      [10] 1858 	ld	hl, #__str_0
                           1859 ;	genCall
   0400 CDr00s00      [17] 1860 	call	___fail
                           1861 ;	genLabel
   0403                    1862 00134$:
                           1863 ;cases/./../tests/gcc-torture-execute-divcmp-1.c:168: if (test2u(-1) != 0)
                           1864 ;	genSend
                           1865 ;	genMove_o size 2 result type 2 source type 1 a_dead 1 hl_dead 1 de_dead 1 iy_dead 1 f_dead 1
   0403 21 FF FF      [10] 1866 	ld	hl, #0xffff
                           1867 ;	genCall
   0406 CDr38s00      [17] 1868 	call	_test2u
                           1869 ;	genMove_o size 2 result type 2 source type 2 a_dead 1 hl_dead 1 de_dead 1 iy_dead 1 f_dead 1
                           1870 ;	genIfx
   0409 7A            [ 4] 1871 	ld	a, d
   040A B3            [ 4] 1872 	or	a, e
                           1873 ; common peephole 163 changed absolute to relative conditional jump.
   040B 28 18         [12] 1874 	jr	z, 00136$
                           1875 ;cases/./../tests/gcc-torture-execute-divcmp-1.c:169: ASSERT (0);
                           1876 ;	genPlus
                           1877 ;	genMove_o size 2 result type 2 source type 10 a_dead 1 hl_dead 1 de_dead 1 iy_dead 1 f_dead 1
   040D 2Ar00s00      [16] 1878 	ld	hl, (___numTests)
   0410 23            [ 6] 1879 	inc	hl
                           1880 ;	genMove_o size 2 result type 10 source type 2 a_dead 1 hl_dead 1 de_dead 1 iy_dead 1 f_dead 1
   0411 22r00s00      [16] 1881 	ld	(___numTests), hl
                           1882 ;	skipping iCode since result will be rematerialized
                           1883 ;	skipping iCode since result will be rematerialized
                           1884 ;	skipping iCode since result will be rematerialized
                           1885 ;	skipping iCode since result will be rematerialized
                           1886 ;	skipping iCode since result will be rematerialized
                           1887 ;	skipping iCode since result will be rematerialized
                           1888 ;	genIpush
                           1889 ;	genMove_o size 2 result type 2 source type 1 a_dead 1 hl_dead 1 de_dead 1 iy_dead 1 f_dead 1
   0414 21 A9 00      [10] 1890 	ld	hl, #0x00a9
   0417 E5            [11] 1891 	push	hl
                           1892 ;	genIpush
                           1893 ;	genMove_o size 2 result type 2 source type 7 a_dead 1 hl_dead 1 de_dead 1 iy_dead 1 f_dead 1
   0418 21r58s10      [10] 1894 	ld	hl, #__str_2
   041B E5            [11] 1895 	push	hl
                           1896 ;	genSend
                           1897 ;	genMove_o size 2 result type 2 source type 7 a_dead 1 hl_dead 1 de_dead 1 iy_dead 1 f_dead 1
   041C 11r56s10      [10] 1898 	ld	de, #__str_1
                           1899 ;	genSend
                           1900 ;	genMove_o size 2 result type 2 source type 7 a_dead 1 hl_dead 1 de_dead 0 iy_dead 1 f_dead 1
   041F 21r45s10      [10] 1901 	ld	hl, #__str_0
                           1902 ;	genCall
   0422 CDr00s00      [17] 1903 	call	___fail
                           1904 ;	genLabel
   0425                    1905 00136$:
                           1906 ;cases/./../tests/gcc-torture-execute-divcmp-1.c:170: if (test2u(-9) != 0)
                           1907 ;	genSend
                           1908 ;	genMove_o size 2 result type 2 source type 1 a_dead 1 hl_dead 1 de_dead 1 iy_dead 1 f_dead 1
   0425 21 F7 FF      [10] 1909 	ld	hl, #0xfff7
                           1910 ;	genCall
   0428 CDr38s00      [17] 1911 	call	_test2u
                           1912 ;	genMove_o size 2 result type 2 source type 2 a_dead 1 hl_dead 1 de_dead 1 iy_dead 1 f_dead 1
                           1913 ;	genIfx
   042B 7A            [ 4] 1914 	ld	a, d
   042C B3            [ 4] 1915 	or	a, e
                           1916 ; common peephole 163 changed absolute to relative conditional jump.
   042D 28 18         [12] 1917 	jr	z, 00138$
                           1918 ;cases/./../tests/gcc-torture-execute-divcmp-1.c:171: ASSERT (0);
                           1919 ;	genPlus
                           1920 ;	genMove_o size 2 result type 2 source type 10 a_dead 1 hl_dead 1 de_dead 1 iy_dead 1 f_dead 1
   042F 2Ar00s00      [16] 1921 	ld	hl, (___numTests)
   0432 23            [ 6] 1922 	inc	hl
                           1923 ;	genMove_o size 2 result type 10 source type 2 a_dead 1 hl_dead 1 de_dead 1 iy_dead 1 f_dead 1
   0433 22r00s00      [16] 1924 	ld	(___numTests), hl
                           1925 ;	skipping iCode since result will be rematerialized
                           1926 ;	skipping iCode since result will be rematerialized
                           1927 ;	skipping iCode since result will be rematerialized
                           1928 ;	skipping iCode since result will be rematerialized
                           1929 ;	skipping iCode since result will be rematerialized
                           1930 ;	skipping iCode since result will be rematerialized
                           1931 ;	genIpush
                           1932 ;	genMove_o size 2 result type 2 source type 1 a_dead 1 hl_dead 1 de_dead 1 iy_dead 1 f_dead 1
   0436 21 AB 00      [10] 1933 	ld	hl, #0x00ab
   0439 E5            [11] 1934 	push	hl
                           1935 ;	genIpush
                           1936 ;	genMove_o size 2 result type 2 source type 7 a_dead 1 hl_dead 1 de_dead 1 iy_dead 1 f_dead 1
   043A 21r58s10      [10] 1937 	ld	hl, #__str_2
   043D E5            [11] 1938 	push	hl
                           1939 ;	genSend
                           1940 ;	genMove_o size 2 result type 2 source type 7 a_dead 1 hl_dead 1 de_dead 1 iy_dead 1 f_dead 1
   043E 11r56s10      [10] 1941 	ld	de, #__str_1
                           1942 ;	genSend
                           1943 ;	genMove_o size 2 result type 2 source type 7 a_dead 1 hl_dead 1 de_dead 0 iy_dead 1 f_dead 1
   0441 21r45s10      [10] 1944 	ld	hl, #__str_0
                           1945 ;	genCall
   0444 CDr00s00      [17] 1946 	call	___fail
                           1947 ;	genLabel
   0447                    1948 00138$:
                           1949 ;cases/./../tests/gcc-torture-execute-divcmp-1.c:172: if (test2u(-10) != 0)
                           1950 ;	genSend
                           1951 ;	genMove_o size 2 result type 2 source type 1 a_dead 1 hl_dead 1 de_dead 1 iy_dead 1 f_dead 1
   0447 21 F6 FF      [10] 1952 	ld	hl, #0xfff6
                           1953 ;	genCall
   044A CDr38s00      [17] 1954 	call	_test2u
                           1955 ;	genMove_o size 2 result type 2 source type 2 a_dead 1 hl_dead 1 de_dead 1 iy_dead 1 f_dead 1
                           1956 ;	genIfx
   044D 7A            [ 4] 1957 	ld	a, d
   044E B3            [ 4] 1958 	or	a, e
                           1959 ; common peephole 163 changed absolute to relative conditional jump.
   044F 28 18         [12] 1960 	jr	z, 00140$
                           1961 ;cases/./../tests/gcc-torture-execute-divcmp-1.c:173: ASSERT (0);
                           1962 ;	genPlus
                           1963 ;	genMove_o size 2 result type 2 source type 10 a_dead 1 hl_dead 1 de_dead 1 iy_dead 1 f_dead 1
   0451 2Ar00s00      [16] 1964 	ld	hl, (___numTests)
   0454 23            [ 6] 1965 	inc	hl
                           1966 ;	genMove_o size 2 result type 10 source type 2 a_dead 1 hl_dead 1 de_dead 1 iy_dead 1 f_dead 1
   0455 22r00s00      [16] 1967 	ld	(___numTests), hl
                           1968 ;	skipping iCode since result will be rematerialized
                           1969 ;	skipping iCode since result will be rematerialized
                           1970 ;	skipping iCode since result will be rematerialized
                           1971 ;	skipping iCode since result will be rematerialized
                           1972 ;	skipping iCode since result will be rematerialized
                           1973 ;	skipping iCode since result will be rematerialized
                           1974 ;	genIpush
                           1975 ;	genMove_o size 2 result type 2 source type 1 a_dead 1 hl_dead 1 de_dead 1 iy_dead 1 f_dead 1
   0458 21 AD 00      [10] 1976 	ld	hl, #0x00ad
   045B E5            [11] 1977 	push	hl
                           1978 ;	genIpush
                           1979 ;	genMove_o size 2 result type 2 source type 7 a_dead 1 hl_dead 1 de_dead 1 iy_dead 1 f_dead 1
   045C 21r58s10      [10] 1980 	ld	hl, #__str_2
   045F E5            [11] 1981 	push	hl
                           1982 ;	genSend
                           1983 ;	genMove_o size 2 result type 2 source type 7 a_dead 1 hl_dead 1 de_dead 1 iy_dead 1 f_dead 1
   0460 11r56s10      [10] 1984 	ld	de, #__str_1
                           1985 ;	genSend
                           1986 ;	genMove_o size 2 result type 2 source type 7 a_dead 1 hl_dead 1 de_dead 0 iy_dead 1 f_dead 1
   0463 21r45s10      [10] 1987 	ld	hl, #__str_0
                           1988 ;	genCall
   0466 CDr00s00      [17] 1989 	call	___fail
                           1990 ;	genLabel
   0469                    1991 00140$:
                           1992 ;cases/./../tests/gcc-torture-execute-divcmp-1.c:175: if (test3(19) != 1)
                           1993 ;	genSend
                           1994 ;	genMove_o size 2 result type 2 source type 1 a_dead 1 hl_dead 1 de_dead 1 iy_dead 1 f_dead 1
   0469 21 13 00      [10] 1995 	ld	hl, #0x0013
                           1996 ;	genCall
   046C CDr4As00      [17] 1997 	call	_test3
                           1998 ;	genMove_o size 2 result type 2 source type 2 a_dead 1 hl_dead 1 de_dead 1 iy_dead 1 f_dead 1
                           1999 ;	genCmpEq
                           2000 ;	genMove_o size 1 result type 2 source type 2 a_dead 1 hl_dead 1 de_dead 0 iy_dead 0 f_dead 1
   046F 7B            [ 4] 2001 	ld	a, e
                           2002 ;	genMove_o size 0 result type 2 source type 1 a_dead 1 hl_dead 1 de_dead 0 iy_dead 0 f_dead 1
   0470 3D            [ 4] 2003 	dec	a
   0471 B2            [ 4] 2004 	or	a, d
                           2005 ; common peephole 163 changed absolute to relative conditional jump.
   0472 28 18         [12] 2006 	jr	z, 00142$
                           2007 ; common peephole 81 removed jp by using inverse jump logic
                           2008 ; common peephole 159 removed unused label 01193$.
                           2009 ;	skipping generated iCode
                           2010 ;cases/./../tests/gcc-torture-execute-divcmp-1.c:176: ASSERT (0);
                           2011 ;	genPlus
                           2012 ;	genMove_o size 2 result type 2 source type 10 a_dead 1 hl_dead 1 de_dead 1 iy_dead 1 f_dead 1
   0474 2Ar00s00      [16] 2013 	ld	hl, (___numTests)
   0477 23            [ 6] 2014 	inc	hl
                           2015 ;	genMove_o size 2 result type 10 source type 2 a_dead 1 hl_dead 1 de_dead 1 iy_dead 1 f_dead 1
   0478 22r00s00      [16] 2016 	ld	(___numTests), hl
                           2017 ;	skipping iCode since result will be rematerialized
                           2018 ;	skipping iCode since result will be rematerialized
                           2019 ;	skipping iCode since result will be rematerialized
                           2020 ;	skipping iCode since result will be rematerialized
                           2021 ;	skipping iCode since result will be rematerialized
                           2022 ;	skipping iCode since result will be rematerialized
                           2023 ;	genIpush
                           2024 ;	genMove_o size 2 result type 2 source type 1 a_dead 1 hl_dead 1 de_dead 1 iy_dead 1 f_dead 1
   047B 21 B0 00      [10] 2025 	ld	hl, #0x00b0
   047E E5            [11] 2026 	push	hl
                           2027 ;	genIpush
                           2028 ;	genMove_o size 2 result type 2 source type 7 a_dead 1 hl_dead 1 de_dead 1 iy_dead 1 f_dead 1
   047F 21r58s10      [10] 2029 	ld	hl, #__str_2
   0482 E5            [11] 2030 	push	hl
                           2031 ;	genSend
                           2032 ;	genMove_o size 2 result type 2 source type 7 a_dead 1 hl_dead 1 de_dead 1 iy_dead 1 f_dead 1
   0483 11r56s10      [10] 2033 	ld	de, #__str_1
                           2034 ;	genSend
                           2035 ;	genMove_o size 2 result type 2 source type 7 a_dead 1 hl_dead 1 de_dead 0 iy_dead 1 f_dead 1
   0486 21r45s10      [10] 2036 	ld	hl, #__str_0
                           2037 ;	genCall
   0489 CDr00s00      [17] 2038 	call	___fail
                           2039 ;	genLabel
   048C                    2040 00142$:
                           2041 ;cases/./../tests/gcc-torture-execute-divcmp-1.c:177: if (test3(20) != 0)
                           2042 ;	genSend
                           2043 ;	genMove_o size 2 result type 2 source type 1 a_dead 1 hl_dead 1 de_dead 1 iy_dead 1 f_dead 1
   048C 21 14 00      [10] 2044 	ld	hl, #0x0014
                           2045 ;	genCall
   048F CDr4As00      [17] 2046 	call	_test3
                           2047 ;	genMove_o size 2 result type 2 source type 2 a_dead 1 hl_dead 1 de_dead 1 iy_dead 1 f_dead 1
                           2048 ;	genIfx
   0492 7A            [ 4] 2049 	ld	a, d
   0493 B3            [ 4] 2050 	or	a, e
                           2051 ; common peephole 163 changed absolute to relative conditional jump.
   0494 28 18         [12] 2052 	jr	z, 00144$
                           2053 ;cases/./../tests/gcc-torture-execute-divcmp-1.c:178: ASSERT (0);
                           2054 ;	genPlus
                           2055 ;	genMove_o size 2 result type 2 source type 10 a_dead 1 hl_dead 1 de_dead 1 iy_dead 1 f_dead 1
   0496 2Ar00s00      [16] 2056 	ld	hl, (___numTests)
   0499 23            [ 6] 2057 	inc	hl
                           2058 ;	genMove_o size 2 result type 10 source type 2 a_dead 1 hl_dead 1 de_dead 1 iy_dead 1 f_dead 1
   049A 22r00s00      [16] 2059 	ld	(___numTests), hl
                           2060 ;	skipping iCode since result will be rematerialized
                           2061 ;	skipping iCode since result will be rematerialized
                           2062 ;	skipping iCode since result will be rematerialized
                           2063 ;	skipping iCode since result will be rematerialized
                           2064 ;	skipping iCode since result will be rematerialized
                           2065 ;	skipping iCode since result will be rematerialized
                           2066 ;	genIpush
                           2067 ;	genMove_o size 2 result type 2 source type 1 a_dead 1 hl_dead 1 de_dead 1 iy_dead 1 f_dead 1
   049D 21 B2 00      [10] 2068 	ld	hl, #0x00b2
   04A0 E5            [11] 2069 	push	hl
                           2070 ;	genIpush
                           2071 ;	genMove_o size 2 result type 2 source type 7 a_dead 1 hl_dead 1 de_dead 1 iy_dead 1 f_dead 1
   04A1 21r58s10      [10] 2072 	ld	hl, #__str_2
   04A4 E5            [11] 2073 	push	hl
                           2074 ;	genSend
                           2075 ;	genMove_o size 2 result type 2 source type 7 a_dead 1 hl_dead 1 de_dead 1 iy_dead 1 f_dead 1
   04A5 11r56s10      [10] 2076 	ld	de, #__str_1
                           2077 ;	genSend
                           2078 ;	genMove_o size 2 result type 2 source type 7 a_dead 1 hl_dead 1 de_dead 0 iy_dead 1 f_dead 1
   04A8 21r45s10      [10] 2079 	ld	hl, #__str_0
                           2080 ;	genCall
   04AB CDr00s00      [17] 2081 	call	___fail
                           2082 ;	genLabel
   04AE                    2083 00144$:
                           2084 ;cases/./../tests/gcc-torture-execute-divcmp-1.c:179: if (test3(29) != 0)
                           2085 ;	genSend
                           2086 ;	genMove_o size 2 result type 2 source type 1 a_dead 1 hl_dead 1 de_dead 1 iy_dead 1 f_dead 1
   04AE 21 1D 00      [10] 2087 	ld	hl, #0x001d
                           2088 ;	genCall
   04B1 CDr4As00      [17] 2089 	call	_test3
                           2090 ;	genMove_o size 2 result type 2 source type 2 a_dead 1 hl_dead 1 de_dead 1 iy_dead 1 f_dead 1
                           2091 ;	genIfx
   04B4 7A            [ 4] 2092 	ld	a, d
   04B5 B3            [ 4] 2093 	or	a, e
                           2094 ; common peephole 163 changed absolute to relative conditional jump.
   04B6 28 18         [12] 2095 	jr	z, 00146$
                           2096 ;cases/./../tests/gcc-torture-execute-divcmp-1.c:180: ASSERT (0);
                           2097 ;	genPlus
                           2098 ;	genMove_o size 2 result type 2 source type 10 a_dead 1 hl_dead 1 de_dead 1 iy_dead 1 f_dead 1
   04B8 2Ar00s00      [16] 2099 	ld	hl, (___numTests)
   04BB 23            [ 6] 2100 	inc	hl
                           2101 ;	genMove_o size 2 result type 10 source type 2 a_dead 1 hl_dead 1 de_dead 1 iy_dead 1 f_dead 1
   04BC 22r00s00      [16] 2102 	ld	(___numTests), hl
                           2103 ;	skipping iCode since result will be rematerialized
                           2104 ;	skipping iCode since result will be rematerialized
                           2105 ;	skipping iCode since result will be rematerialized
                           2106 ;	skipping iCode since result will be rematerialized
                           2107 ;	skipping iCode since result will be rematerialized
                           2108 ;	skipping iCode since result will be rematerialized
                           2109 ;	genIpush
                           2110 ;	genMove_o size 2 result type 2 source type 1 a_dead 1 hl_dead 1 de_dead 1 iy_dead 1 f_dead 1
   04BF 21 B4 00      [10] 2111 	ld	hl, #0x00b4
   04C2 E5            [11] 2112 	push	hl
                           2113 ;	genIpush
                           2114 ;	genMove_o size 2 result type 2 source type 7 a_dead 1 hl_dead 1 de_dead 1 iy_dead 1 f_dead 1
   04C3 21r58s10      [10] 2115 	ld	hl, #__str_2
   04C6 E5            [11] 2116 	push	hl
                           2117 ;	genSend
                           2118 ;	genMove_o size 2 result type 2 source type 7 a_dead 1 hl_dead 1 de_dead 1 iy_dead 1 f_dead 1
   04C7 11r56s10      [10] 2119 	ld	de, #__str_1
                           2120 ;	genSend
                           2121 ;	genMove_o size 2 result type 2 source type 7 a_dead 1 hl_dead 1 de_dead 0 iy_dead 1 f_dead 1
   04CA 21r45s10      [10] 2122 	ld	hl, #__str_0
                           2123 ;	genCall
   04CD CDr00s00      [17] 2124 	call	___fail
                           2125 ;	genLabel
   04D0                    2126 00146$:
                           2127 ;cases/./../tests/gcc-torture-execute-divcmp-1.c:181: if (test3(30) != 1)
                           2128 ;	genSend
                           2129 ;	genMove_o size 2 result type 2 source type 1 a_dead 1 hl_dead 1 de_dead 1 iy_dead 1 f_dead 1
   04D0 21 1E 00      [10] 2130 	ld	hl, #0x001e
                           2131 ;	genCall
   04D3 CDr4As00      [17] 2132 	call	_test3
                           2133 ;	genMove_o size 2 result type 2 source type 2 a_dead 1 hl_dead 1 de_dead 1 iy_dead 1 f_dead 1
                           2134 ;	genCmpEq
                           2135 ;	genMove_o size 1 result type 2 source type 2 a_dead 1 hl_dead 1 de_dead 0 iy_dead 0 f_dead 1
   04D6 7B            [ 4] 2136 	ld	a, e
                           2137 ;	genMove_o size 0 result type 2 source type 1 a_dead 1 hl_dead 1 de_dead 0 iy_dead 0 f_dead 1
   04D7 3D            [ 4] 2138 	dec	a
   04D8 B2            [ 4] 2139 	or	a, d
                           2140 ; common peephole 163 changed absolute to relative conditional jump.
   04D9 28 18         [12] 2141 	jr	z, 00148$
                           2142 ; common peephole 81 removed jp by using inverse jump logic
                           2143 ; common peephole 159 removed unused label 01194$.
                           2144 ;	skipping generated iCode
                           2145 ;cases/./../tests/gcc-torture-execute-divcmp-1.c:182: ASSERT (0);
                           2146 ;	genPlus
                           2147 ;	genMove_o size 2 result type 2 source type 10 a_dead 1 hl_dead 1 de_dead 1 iy_dead 1 f_dead 1
   04DB 2Ar00s00      [16] 2148 	ld	hl, (___numTests)
   04DE 23            [ 6] 2149 	inc	hl
                           2150 ;	genMove_o size 2 result type 10 source type 2 a_dead 1 hl_dead 1 de_dead 1 iy_dead 1 f_dead 1
   04DF 22r00s00      [16] 2151 	ld	(___numTests), hl
                           2152 ;	skipping iCode since result will be rematerialized
                           2153 ;	skipping iCode since result will be rematerialized
                           2154 ;	skipping iCode since result will be rematerialized
                           2155 ;	skipping iCode since result will be rematerialized
                           2156 ;	skipping iCode since result will be rematerialized
                           2157 ;	skipping iCode since result will be rematerialized
                           2158 ;	genIpush
                           2159 ;	genMove_o size 2 result type 2 source type 1 a_dead 1 hl_dead 1 de_dead 1 iy_dead 1 f_dead 1
   04E2 21 B6 00      [10] 2160 	ld	hl, #0x00b6
   04E5 E5            [11] 2161 	push	hl
                           2162 ;	genIpush
                           2163 ;	genMove_o size 2 result type 2 source type 7 a_dead 1 hl_dead 1 de_dead 1 iy_dead 1 f_dead 1
   04E6 21r58s10      [10] 2164 	ld	hl, #__str_2
   04E9 E5            [11] 2165 	push	hl
                           2166 ;	genSend
                           2167 ;	genMove_o size 2 result type 2 source type 7 a_dead 1 hl_dead 1 de_dead 1 iy_dead 1 f_dead 1
   04EA 11r56s10      [10] 2168 	ld	de, #__str_1
                           2169 ;	genSend
                           2170 ;	genMove_o size 2 result type 2 source type 7 a_dead 1 hl_dead 1 de_dead 0 iy_dead 1 f_dead 1
   04ED 21r45s10      [10] 2171 	ld	hl, #__str_0
                           2172 ;	genCall
   04F0 CDr00s00      [17] 2173 	call	___fail
                           2174 ;	genLabel
   04F3                    2175 00148$:
                           2176 ;cases/./../tests/gcc-torture-execute-divcmp-1.c:184: if (test3u(19) != 1)
                           2177 ;	genSend
                           2178 ;	genMove_o size 2 result type 2 source type 1 a_dead 1 hl_dead 1 de_dead 1 iy_dead 1 f_dead 1
   04F3 21 13 00      [10] 2179 	ld	hl, #0x0013
                           2180 ;	genCall
   04F6 CDr5Fs00      [17] 2181 	call	_test3u
                           2182 ;	genMove_o size 2 result type 2 source type 2 a_dead 1 hl_dead 1 de_dead 1 iy_dead 1 f_dead 1
                           2183 ;	genCmpEq
                           2184 ;	genMove_o size 1 result type 2 source type 2 a_dead 1 hl_dead 1 de_dead 0 iy_dead 0 f_dead 1
   04F9 7B            [ 4] 2185 	ld	a, e
                           2186 ;	genMove_o size 0 result type 2 source type 1 a_dead 1 hl_dead 1 de_dead 0 iy_dead 0 f_dead 1
   04FA 3D            [ 4] 2187 	dec	a
   04FB B2            [ 4] 2188 	or	a, d
                           2189 ; common peephole 163 changed absolute to relative conditional jump.
   04FC 28 18         [12] 2190 	jr	z, 00150$
                           2191 ; common peephole 81 removed jp by using inverse jump logic
                           2192 ; common peephole 159 removed unused label 01195$.
                           2193 ;	skipping generated iCode
                           2194 ;cases/./../tests/gcc-torture-execute-divcmp-1.c:185: ASSERT (0);
                           2195 ;	genPlus
                           2196 ;	genMove_o size 2 result type 2 source type 10 a_dead 1 hl_dead 1 de_dead 1 iy_dead 1 f_dead 1
   04FE 2Ar00s00      [16] 2197 	ld	hl, (___numTests)
   0501 23            [ 6] 2198 	inc	hl
                           2199 ;	genMove_o size 2 result type 10 source type 2 a_dead 1 hl_dead 1 de_dead 1 iy_dead 1 f_dead 1
   0502 22r00s00      [16] 2200 	ld	(___numTests), hl
                           2201 ;	skipping iCode since result will be rematerialized
                           2202 ;	skipping iCode since result will be rematerialized
                           2203 ;	skipping iCode since result will be rematerialized
                           2204 ;	skipping iCode since result will be rematerialized
                           2205 ;	skipping iCode since result will be rematerialized
                           2206 ;	skipping iCode since result will be rematerialized
                           2207 ;	genIpush
                           2208 ;	genMove_o size 2 result type 2 source type 1 a_dead 1 hl_dead 1 de_dead 1 iy_dead 1 f_dead 1
   0505 21 B9 00      [10] 2209 	ld	hl, #0x00b9
   0508 E5            [11] 2210 	push	hl
                           2211 ;	genIpush
                           2212 ;	genMove_o size 2 result type 2 source type 7 a_dead 1 hl_dead 1 de_dead 1 iy_dead 1 f_dead 1
   0509 21r58s10      [10] 2213 	ld	hl, #__str_2
   050C E5            [11] 2214 	push	hl
                           2215 ;	genSend
                           2216 ;	genMove_o size 2 result type 2 source type 7 a_dead 1 hl_dead 1 de_dead 1 iy_dead 1 f_dead 1
   050D 11r56s10      [10] 2217 	ld	de, #__str_1
                           2218 ;	genSend
                           2219 ;	genMove_o size 2 result type 2 source type 7 a_dead 1 hl_dead 1 de_dead 0 iy_dead 1 f_dead 1
   0510 21r45s10      [10] 2220 	ld	hl, #__str_0
                           2221 ;	genCall
   0513 CDr00s00      [17] 2222 	call	___fail
                           2223 ;	genLabel
   0516                    2224 00150$:
                           2225 ;cases/./../tests/gcc-torture-execute-divcmp-1.c:186: if (test3u(20) != 0)
                           2226 ;	genSend
                           2227 ;	genMove_o size 2 result type 2 source type 1 a_dead 1 hl_dead 1 de_dead 1 iy_dead 1 f_dead 1
   0516 21 14 00      [10] 2228 	ld	hl, #0x0014
                           2229 ;	genCall
   0519 CDr5Fs00      [17] 2230 	call	_test3u
                           2231 ;	genMove_o size 2 result type 2 source type 2 a_dead 1 hl_dead 1 de_dead 1 iy_dead 1 f_dead 1
                           2232 ;	genIfx
   051C 7A            [ 4] 2233 	ld	a, d
   051D B3            [ 4] 2234 	or	a, e
                           2235 ; common peephole 163 changed absolute to relative conditional jump.
   051E 28 18         [12] 2236 	jr	z, 00152$
                           2237 ;cases/./../tests/gcc-torture-execute-divcmp-1.c:187: ASSERT (0);
                           2238 ;	genPlus
                           2239 ;	genMove_o size 2 result type 2 source type 10 a_dead 1 hl_dead 1 de_dead 1 iy_dead 1 f_dead 1
   0520 2Ar00s00      [16] 2240 	ld	hl, (___numTests)
   0523 23            [ 6] 2241 	inc	hl
                           2242 ;	genMove_o size 2 result type 10 source type 2 a_dead 1 hl_dead 1 de_dead 1 iy_dead 1 f_dead 1
   0524 22r00s00      [16] 2243 	ld	(___numTests), hl
                           2244 ;	skipping iCode since result will be rematerialized
                           2245 ;	skipping iCode since result will be rematerialized
                           2246 ;	skipping iCode since result will be rematerialized
                           2247 ;	skipping iCode since result will be rematerialized
                           2248 ;	skipping iCode since result will be rematerialized
                           2249 ;	skipping iCode since result will be rematerialized
                           2250 ;	genIpush
                           2251 ;	genMove_o size 2 result type 2 source type 1 a_dead 1 hl_dead 1 de_dead 1 iy_dead 1 f_dead 1
   0527 21 BB 00      [10] 2252 	ld	hl, #0x00bb
   052A E5            [11] 2253 	push	hl
                           2254 ;	genIpush
                           2255 ;	genMove_o size 2 result type 2 source type 7 a_dead 1 hl_dead 1 de_dead 1 iy_dead 1 f_dead 1
   052B 21r58s10      [10] 2256 	ld	hl, #__str_2
   052E E5            [11] 2257 	push	hl
                           2258 ;	genSend
                           2259 ;	genMove_o size 2 result type 2 source type 7 a_dead 1 hl_dead 1 de_dead 1 iy_dead 1 f_dead 1
   052F 11r56s10      [10] 2260 	ld	de, #__str_1
                           2261 ;	genSend
                           2262 ;	genMove_o size 2 result type 2 source type 7 a_dead 1 hl_dead 1 de_dead 0 iy_dead 1 f_dead 1
   0532 21r45s10      [10] 2263 	ld	hl, #__str_0
                           2264 ;	genCall
   0535 CDr00s00      [17] 2265 	call	___fail
                           2266 ;	genLabel
   0538                    2267 00152$:
                           2268 ;cases/./../tests/gcc-torture-execute-divcmp-1.c:188: if (test3u(29) != 0)
                           2269 ;	genSend
                           2270 ;	genMove_o size 2 result type 2 source type 1 a_dead 1 hl_dead 1 de_dead 1 iy_dead 1 f_dead 1
   0538 21 1D 00      [10] 2271 	ld	hl, #0x001d
                           2272 ;	genCall
   053B CDr5Fs00      [17] 2273 	call	_test3u
                           2274 ;	genMove_o size 2 result type 2 source type 2 a_dead 1 hl_dead 1 de_dead 1 iy_dead 1 f_dead 1
                           2275 ;	genIfx
   053E 7A            [ 4] 2276 	ld	a, d
   053F B3            [ 4] 2277 	or	a, e
                           2278 ; common peephole 163 changed absolute to relative conditional jump.
   0540 28 18         [12] 2279 	jr	z, 00154$
                           2280 ;cases/./../tests/gcc-torture-execute-divcmp-1.c:189: ASSERT (0);
                           2281 ;	genPlus
                           2282 ;	genMove_o size 2 result type 2 source type 10 a_dead 1 hl_dead 1 de_dead 1 iy_dead 1 f_dead 1
   0542 2Ar00s00      [16] 2283 	ld	hl, (___numTests)
   0545 23            [ 6] 2284 	inc	hl
                           2285 ;	genMove_o size 2 result type 10 source type 2 a_dead 1 hl_dead 1 de_dead 1 iy_dead 1 f_dead 1
   0546 22r00s00      [16] 2286 	ld	(___numTests), hl
                           2287 ;	skipping iCode since result will be rematerialized
                           2288 ;	skipping iCode since result will be rematerialized
                           2289 ;	skipping iCode since result will be rematerialized
                           2290 ;	skipping iCode since result will be rematerialized
                           2291 ;	skipping iCode since result will be rematerialized
                           2292 ;	skipping iCode since result will be rematerialized
                           2293 ;	genIpush
                           2294 ;	genMove_o size 2 result type 2 source type 1 a_dead 1 hl_dead 1 de_dead 1 iy_dead 1 f_dead 1
   0549 21 BD 00      [10] 2295 	ld	hl, #0x00bd
   054C E5            [11] 2296 	push	hl
                           2297 ;	genIpush
                           2298 ;	genMove_o size 2 result type 2 source type 7 a_dead 1 hl_dead 1 de_dead 1 iy_dead 1 f_dead 1
   054D 21r58s10      [10] 2299 	ld	hl, #__str_2
   0550 E5            [11] 2300 	push	hl
                           2301 ;	genSend
                           2302 ;	genMove_o size 2 result type 2 source type 7 a_dead 1 hl_dead 1 de_dead 1 iy_dead 1 f_dead 1
   0551 11r56s10      [10] 2303 	ld	de, #__str_1
                           2304 ;	genSend
                           2305 ;	genMove_o size 2 result type 2 source type 7 a_dead 1 hl_dead 1 de_dead 0 iy_dead 1 f_dead 1
   0554 21r45s10      [10] 2306 	ld	hl, #__str_0
                           2307 ;	genCall
   0557 CDr00s00      [17] 2308 	call	___fail
                           2309 ;	genLabel
   055A                    2310 00154$:
                           2311 ;cases/./../tests/gcc-torture-execute-divcmp-1.c:190: if (test3u(30) != 1)
                           2312 ;	genSend
                           2313 ;	genMove_o size 2 result type 2 source type 1 a_dead 1 hl_dead 1 de_dead 1 iy_dead 1 f_dead 1
   055A 21 1E 00      [10] 2314 	ld	hl, #0x001e
                           2315 ;	genCall
   055D CDr5Fs00      [17] 2316 	call	_test3u
                           2317 ;	genMove_o size 2 result type 2 source type 2 a_dead 1 hl_dead 1 de_dead 1 iy_dead 1 f_dead 1
                           2318 ;	genCmpEq
                           2319 ;	genMove_o size 1 result type 2 source type 2 a_dead 1 hl_dead 1 de_dead 0 iy_dead 0 f_dead 1
   0560 7B            [ 4] 2320 	ld	a, e
                           2321 ;	genMove_o size 0 result type 2 source type 1 a_dead 1 hl_dead 1 de_dead 0 iy_dead 0 f_dead 1
   0561 3D            [ 4] 2322 	dec	a
   0562 B2            [ 4] 2323 	or	a, d
                           2324 ; common peephole 163 changed absolute to relative conditional jump.
   0563 28 18         [12] 2325 	jr	z, 00156$
                           2326 ; common peephole 81 removed jp by using inverse jump logic
                           2327 ; common peephole 159 removed unused label 01196$.
                           2328 ;	skipping generated iCode
                           2329 ;cases/./../tests/gcc-torture-execute-divcmp-1.c:191: ASSERT (0);
                           2330 ;	genPlus
                           2331 ;	genMove_o size 2 result type 2 source type 10 a_dead 1 hl_dead 1 de_dead 1 iy_dead 1 f_dead 1
   0565 2Ar00s00      [16] 2332 	ld	hl, (___numTests)
   0568 23            [ 6] 2333 	inc	hl
                           2334 ;	genMove_o size 2 result type 10 source type 2 a_dead 1 hl_dead 1 de_dead 1 iy_dead 1 f_dead 1
   0569 22r00s00      [16] 2335 	ld	(___numTests), hl
                           2336 ;	skipping iCode since result will be rematerialized
                           2337 ;	skipping iCode since result will be rematerialized
                           2338 ;	skipping iCode since result will be rematerialized
                           2339 ;	skipping iCode since result will be rematerialized
                           2340 ;	skipping iCode since result will be rematerialized
                           2341 ;	skipping iCode since result will be rematerialized
                           2342 ;	genIpush
                           2343 ;	genMove_o size 2 result type 2 source type 1 a_dead 1 hl_dead 1 de_dead 1 iy_dead 1 f_dead 1
   056C 21 BF 00      [10] 2344 	ld	hl, #0x00bf
   056F E5            [11] 2345 	push	hl
                           2346 ;	genIpush
                           2347 ;	genMove_o size 2 result type 2 source type 7 a_dead 1 hl_dead 1 de_dead 1 iy_dead 1 f_dead 1
   0570 21r58s10      [10] 2348 	ld	hl, #__str_2
   0573 E5            [11] 2349 	push	hl
                           2350 ;	genSend
                           2351 ;	genMove_o size 2 result type 2 source type 7 a_dead 1 hl_dead 1 de_dead 1 iy_dead 1 f_dead 1
   0574 11r56s10      [10] 2352 	ld	de, #__str_1
                           2353 ;	genSend
                           2354 ;	genMove_o size 2 result type 2 source type 7 a_dead 1 hl_dead 1 de_dead 0 iy_dead 1 f_dead 1
   0577 21r45s10      [10] 2355 	ld	hl, #__str_0
                           2356 ;	genCall
   057A CDr00s00      [17] 2357 	call	___fail
                           2358 ;	genLabel
   057D                    2359 00156$:
                           2360 ;cases/./../tests/gcc-torture-execute-divcmp-1.c:193: if (test4(0) != 0)
                           2361 ;	genSend
                           2362 ;	genMove_o size 2 result type 2 source type 1 a_dead 1 hl_dead 1 de_dead 1 iy_dead 1 f_dead 1
   057D 21 00 00      [10] 2363 	ld	hl, #0x0000
                           2364 ;	genCall
   0580 CDr74s00      [17] 2365 	call	_test4
                           2366 ;	genMove_o size 2 result type 2 source type 2 a_dead 1 hl_dead 1 de_dead 1 iy_dead 1 f_dead 1
                           2367 ;	genIfx
   0583 7A            [ 4] 2368 	ld	a, d
   0584 B3            [ 4] 2369 	or	a, e
                           2370 ; common peephole 163 changed absolute to relative conditional jump.
   0585 28 18         [12] 2371 	jr	z, 00158$
                           2372 ;cases/./../tests/gcc-torture-execute-divcmp-1.c:194: ASSERT (0);
                           2373 ;	genPlus
                           2374 ;	genMove_o size 2 result type 2 source type 10 a_dead 1 hl_dead 1 de_dead 1 iy_dead 1 f_dead 1
   0587 2Ar00s00      [16] 2375 	ld	hl, (___numTests)
   058A 23            [ 6] 2376 	inc	hl
                           2377 ;	genMove_o size 2 result type 10 source type 2 a_dead 1 hl_dead 1 de_dead 1 iy_dead 1 f_dead 1
   058B 22r00s00      [16] 2378 	ld	(___numTests), hl
                           2379 ;	skipping iCode since result will be rematerialized
                           2380 ;	skipping iCode since result will be rematerialized
                           2381 ;	skipping iCode since result will be rematerialized
                           2382 ;	skipping iCode since result will be rematerialized
                           2383 ;	skipping iCode since result will be rematerialized
                           2384 ;	skipping iCode since result will be rematerialized
                           2385 ;	genIpush
                           2386 ;	genMove_o size 2 result type 2 source type 1 a_dead 1 hl_dead 1 de_dead 1 iy_dead 1 f_dead 1
   058E 21 C2 00      [10] 2387 	ld	hl, #0x00c2
   0591 E5            [11] 2388 	push	hl
                           2389 ;	genIpush
                           2390 ;	genMove_o size 2 result type 2 source type 7 a_dead 1 hl_dead 1 de_dead 1 iy_dead 1 f_dead 1
   0592 21r58s10      [10] 2391 	ld	hl, #__str_2
   0595 E5            [11] 2392 	push	hl
                           2393 ;	genSend
                           2394 ;	genMove_o size 2 result type 2 source type 7 a_dead 1 hl_dead 1 de_dead 1 iy_dead 1 f_dead 1
   0596 11r56s10      [10] 2395 	ld	de, #__str_1
                           2396 ;	genSend
                           2397 ;	genMove_o size 2 result type 2 source type 7 a_dead 1 hl_dead 1 de_dead 0 iy_dead 1 f_dead 1
   0599 21r45s10      [10] 2398 	ld	hl, #__str_0
                           2399 ;	genCall
   059C CDr00s00      [17] 2400 	call	___fail
                           2401 ;	genLabel
   059F                    2402 00158$:
                           2403 ;cases/./../tests/gcc-torture-execute-divcmp-1.c:195: if (test4(9) != 0)
                           2404 ;	genSend
                           2405 ;	genMove_o size 2 result type 2 source type 1 a_dead 1 hl_dead 1 de_dead 1 iy_dead 1 f_dead 1
   059F 21 09 00      [10] 2406 	ld	hl, #0x0009
                           2407 ;	genCall
   05A2 CDr74s00      [17] 2408 	call	_test4
                           2409 ;	genMove_o size 2 result type 2 source type 2 a_dead 1 hl_dead 1 de_dead 1 iy_dead 1 f_dead 1
                           2410 ;	genIfx
   05A5 7A            [ 4] 2411 	ld	a, d
   05A6 B3            [ 4] 2412 	or	a, e
                           2413 ; common peephole 163 changed absolute to relative conditional jump.
   05A7 28 18         [12] 2414 	jr	z, 00160$
                           2415 ;cases/./../tests/gcc-torture-execute-divcmp-1.c:196: ASSERT (0);
                           2416 ;	genPlus
                           2417 ;	genMove_o size 2 result type 2 source type 10 a_dead 1 hl_dead 1 de_dead 1 iy_dead 1 f_dead 1
   05A9 2Ar00s00      [16] 2418 	ld	hl, (___numTests)
   05AC 23            [ 6] 2419 	inc	hl
                           2420 ;	genMove_o size 2 result type 10 source type 2 a_dead 1 hl_dead 1 de_dead 1 iy_dead 1 f_dead 1
   05AD 22r00s00      [16] 2421 	ld	(___numTests), hl
                           2422 ;	skipping iCode since result will be rematerialized
                           2423 ;	skipping iCode since result will be rematerialized
                           2424 ;	skipping iCode since result will be rematerialized
                           2425 ;	skipping iCode since result will be rematerialized
                           2426 ;	skipping iCode since result will be rematerialized
                           2427 ;	skipping iCode since result will be rematerialized
                           2428 ;	genIpush
                           2429 ;	genMove_o size 2 result type 2 source type 1 a_dead 1 hl_dead 1 de_dead 1 iy_dead 1 f_dead 1
   05B0 21 C4 00      [10] 2430 	ld	hl, #0x00c4
   05B3 E5            [11] 2431 	push	hl
                           2432 ;	genIpush
                           2433 ;	genMove_o size 2 result type 2 source type 7 a_dead 1 hl_dead 1 de_dead 1 iy_dead 1 f_dead 1
   05B4 21r58s10      [10] 2434 	ld	hl, #__str_2
   05B7 E5            [11] 2435 	push	hl
                           2436 ;	genSend
                           2437 ;	genMove_o size 2 result type 2 source type 7 a_dead 1 hl_dead 1 de_dead 1 iy_dead 1 f_dead 1
   05B8 11r56s10      [10] 2438 	ld	de, #__str_1
                           2439 ;	genSend
                           2440 ;	genMove_o size 2 result type 2 source type 7 a_dead 1 hl_dead 1 de_dead 0 iy_dead 1 f_dead 1
   05BB 21r45s10      [10] 2441 	ld	hl, #__str_0
                           2442 ;	genCall
   05BE CDr00s00      [17] 2443 	call	___fail
                           2444 ;	genLabel
   05C1                    2445 00160$:
                           2446 ;cases/./../tests/gcc-torture-execute-divcmp-1.c:197: if (test4(10) != 1)
                           2447 ;	genSend
                           2448 ;	genMove_o size 2 result type 2 source type 1 a_dead 1 hl_dead 1 de_dead 1 iy_dead 1 f_dead 1
   05C1 21 0A 00      [10] 2449 	ld	hl, #0x000a
                           2450 ;	genCall
   05C4 CDr74s00      [17] 2451 	call	_test4
                           2452 ;	genMove_o size 2 result type 2 source type 2 a_dead 1 hl_dead 1 de_dead 1 iy_dead 1 f_dead 1
                           2453 ;	genCmpEq
                           2454 ;	genMove_o size 1 result type 2 source type 2 a_dead 1 hl_dead 1 de_dead 0 iy_dead 0 f_dead 1
   05C7 7B            [ 4] 2455 	ld	a, e
                           2456 ;	genMove_o size 0 result type 2 source type 1 a_dead 1 hl_dead 1 de_dead 0 iy_dead 0 f_dead 1
   05C8 3D            [ 4] 2457 	dec	a
   05C9 B2            [ 4] 2458 	or	a, d
                           2459 ; common peephole 163 changed absolute to relative conditional jump.
   05CA 28 18         [12] 2460 	jr	z, 00162$
                           2461 ; common peephole 81 removed jp by using inverse jump logic
                           2462 ; common peephole 159 removed unused label 01197$.
                           2463 ;	skipping generated iCode
                           2464 ;cases/./../tests/gcc-torture-execute-divcmp-1.c:198: ASSERT (0);
                           2465 ;	genPlus
                           2466 ;	genMove_o size 2 result type 2 source type 10 a_dead 1 hl_dead 1 de_dead 1 iy_dead 1 f_dead 1
   05CC 2Ar00s00      [16] 2467 	ld	hl, (___numTests)
   05CF 23            [ 6] 2468 	inc	hl
                           2469 ;	genMove_o size 2 result type 10 source type 2 a_dead 1 hl_dead 1 de_dead 1 iy_dead 1 f_dead 1
   05D0 22r00s00      [16] 2470 	ld	(___numTests), hl
                           2471 ;	skipping iCode since result will be rematerialized
                           2472 ;	skipping iCode since result will be rematerialized
                           2473 ;	skipping iCode since result will be rematerialized
                           2474 ;	skipping iCode since result will be rematerialized
                           2475 ;	skipping iCode since result will be rematerialized
                           2476 ;	skipping iCode since result will be rematerialized
                           2477 ;	genIpush
                           2478 ;	genMove_o size 2 result type 2 source type 1 a_dead 1 hl_dead 1 de_dead 1 iy_dead 1 f_dead 1
   05D3 21 C6 00      [10] 2479 	ld	hl, #0x00c6
   05D6 E5            [11] 2480 	push	hl
                           2481 ;	genIpush
                           2482 ;	genMove_o size 2 result type 2 source type 7 a_dead 1 hl_dead 1 de_dead 1 iy_dead 1 f_dead 1
   05D7 21r58s10      [10] 2483 	ld	hl, #__str_2
   05DA E5            [11] 2484 	push	hl
                           2485 ;	genSend
                           2486 ;	genMove_o size 2 result type 2 source type 7 a_dead 1 hl_dead 1 de_dead 1 iy_dead 1 f_dead 1
   05DB 11r56s10      [10] 2487 	ld	de, #__str_1
                           2488 ;	genSend
                           2489 ;	genMove_o size 2 result type 2 source type 7 a_dead 1 hl_dead 1 de_dead 0 iy_dead 1 f_dead 1
   05DE 21r45s10      [10] 2490 	ld	hl, #__str_0
                           2491 ;	genCall
   05E1 CDr00s00      [17] 2492 	call	___fail
                           2493 ;	genLabel
   05E4                    2494 00162$:
                           2495 ;cases/./../tests/gcc-torture-execute-divcmp-1.c:199: if (test4(-1) != 0)
                           2496 ;	genSend
                           2497 ;	genMove_o size 2 result type 2 source type 1 a_dead 1 hl_dead 1 de_dead 1 iy_dead 1 f_dead 1
   05E4 21 FF FF      [10] 2498 	ld	hl, #0xffff
                           2499 ;	genCall
   05E7 CDr74s00      [17] 2500 	call	_test4
                           2501 ;	genMove_o size 2 result type 2 source type 2 a_dead 1 hl_dead 1 de_dead 1 iy_dead 1 f_dead 1
                           2502 ;	genIfx
   05EA 7A            [ 4] 2503 	ld	a, d
   05EB B3            [ 4] 2504 	or	a, e
                           2505 ; common peephole 163 changed absolute to relative conditional jump.
   05EC 28 18         [12] 2506 	jr	z, 00164$
                           2507 ;cases/./../tests/gcc-torture-execute-divcmp-1.c:200: ASSERT (0);
                           2508 ;	genPlus
                           2509 ;	genMove_o size 2 result type 2 source type 10 a_dead 1 hl_dead 1 de_dead 1 iy_dead 1 f_dead 1
   05EE 2Ar00s00      [16] 2510 	ld	hl, (___numTests)
   05F1 23            [ 6] 2511 	inc	hl
                           2512 ;	genMove_o size 2 result type 10 source type 2 a_dead 1 hl_dead 1 de_dead 1 iy_dead 1 f_dead 1
   05F2 22r00s00      [16] 2513 	ld	(___numTests), hl
                           2514 ;	skipping iCode since result will be rematerialized
                           2515 ;	skipping iCode since result will be rematerialized
                           2516 ;	skipping iCode since result will be rematerialized
                           2517 ;	skipping iCode since result will be rematerialized
                           2518 ;	skipping iCode since result will be rematerialized
                           2519 ;	skipping iCode since result will be rematerialized
                           2520 ;	genIpush
                           2521 ;	genMove_o size 2 result type 2 source type 1 a_dead 1 hl_dead 1 de_dead 1 iy_dead 1 f_dead 1
   05F5 21 C8 00      [10] 2522 	ld	hl, #0x00c8
   05F8 E5            [11] 2523 	push	hl
                           2524 ;	genIpush
                           2525 ;	genMove_o size 2 result type 2 source type 7 a_dead 1 hl_dead 1 de_dead 1 iy_dead 1 f_dead 1
   05F9 21r58s10      [10] 2526 	ld	hl, #__str_2
   05FC E5            [11] 2527 	push	hl
                           2528 ;	genSend
                           2529 ;	genMove_o size 2 result type 2 source type 7 a_dead 1 hl_dead 1 de_dead 1 iy_dead 1 f_dead 1
   05FD 11r56s10      [10] 2530 	ld	de, #__str_1
                           2531 ;	genSend
                           2532 ;	genMove_o size 2 result type 2 source type 7 a_dead 1 hl_dead 1 de_dead 0 iy_dead 1 f_dead 1
   0600 21r45s10      [10] 2533 	ld	hl, #__str_0
                           2534 ;	genCall
   0603 CDr00s00      [17] 2535 	call	___fail
                           2536 ;	genLabel
   0606                    2537 00164$:
                           2538 ;cases/./../tests/gcc-torture-execute-divcmp-1.c:201: if (test4(-9) != 0)
                           2539 ;	genSend
                           2540 ;	genMove_o size 2 result type 2 source type 1 a_dead 1 hl_dead 1 de_dead 1 iy_dead 1 f_dead 1
   0606 21 F7 FF      [10] 2541 	ld	hl, #0xfff7
                           2542 ;	genCall
   0609 CDr74s00      [17] 2543 	call	_test4
                           2544 ;	genMove_o size 2 result type 2 source type 2 a_dead 1 hl_dead 1 de_dead 1 iy_dead 1 f_dead 1
                           2545 ;	genIfx
   060C 7A            [ 4] 2546 	ld	a, d
   060D B3            [ 4] 2547 	or	a, e
                           2548 ; common peephole 163 changed absolute to relative conditional jump.
   060E 28 18         [12] 2549 	jr	z, 00166$
                           2550 ;cases/./../tests/gcc-torture-execute-divcmp-1.c:202: ASSERT (0);
                           2551 ;	genPlus
                           2552 ;	genMove_o size 2 result type 2 source type 10 a_dead 1 hl_dead 1 de_dead 1 iy_dead 1 f_dead 1
   0610 2Ar00s00      [16] 2553 	ld	hl, (___numTests)
   0613 23            [ 6] 2554 	inc	hl
                           2555 ;	genMove_o size 2 result type 10 source type 2 a_dead 1 hl_dead 1 de_dead 1 iy_dead 1 f_dead 1
   0614 22r00s00      [16] 2556 	ld	(___numTests), hl
                           2557 ;	skipping iCode since result will be rematerialized
                           2558 ;	skipping iCode since result will be rematerialized
                           2559 ;	skipping iCode since result will be rematerialized
                           2560 ;	skipping iCode since result will be rematerialized
                           2561 ;	skipping iCode since result will be rematerialized
                           2562 ;	skipping iCode since result will be rematerialized
                           2563 ;	genIpush
                           2564 ;	genMove_o size 2 result type 2 source type 1 a_dead 1 hl_dead 1 de_dead 1 iy_dead 1 f_dead 1
   0617 21 CA 00      [10] 2565 	ld	hl, #0x00ca
   061A E5            [11] 2566 	push	hl
                           2567 ;	genIpush
                           2568 ;	genMove_o size 2 result type 2 source type 7 a_dead 1 hl_dead 1 de_dead 1 iy_dead 1 f_dead 1
   061B 21r58s10      [10] 2569 	ld	hl, #__str_2
   061E E5            [11] 2570 	push	hl
                           2571 ;	genSend
                           2572 ;	genMove_o size 2 result type 2 source type 7 a_dead 1 hl_dead 1 de_dead 1 iy_dead 1 f_dead 1
   061F 11r56s10      [10] 2573 	ld	de, #__str_1
                           2574 ;	genSend
                           2575 ;	genMove_o size 2 result type 2 source type 7 a_dead 1 hl_dead 1 de_dead 0 iy_dead 1 f_dead 1
   0622 21r45s10      [10] 2576 	ld	hl, #__str_0
                           2577 ;	genCall
   0625 CDr00s00      [17] 2578 	call	___fail
                           2579 ;	genLabel
   0628                    2580 00166$:
                           2581 ;cases/./../tests/gcc-torture-execute-divcmp-1.c:203: if (test4(-10) != 1)
                           2582 ;	genSend
                           2583 ;	genMove_o size 2 result type 2 source type 1 a_dead 1 hl_dead 1 de_dead 1 iy_dead 1 f_dead 1
   0628 21 F6 FF      [10] 2584 	ld	hl, #0xfff6
                           2585 ;	genCall
   062B CDr74s00      [17] 2586 	call	_test4
                           2587 ;	genMove_o size 2 result type 2 source type 2 a_dead 1 hl_dead 1 de_dead 1 iy_dead 1 f_dead 1
                           2588 ;	genCmpEq
                           2589 ;	genMove_o size 1 result type 2 source type 2 a_dead 1 hl_dead 1 de_dead 0 iy_dead 0 f_dead 1
   062E 7B            [ 4] 2590 	ld	a, e
                           2591 ;	genMove_o size 0 result type 2 source type 1 a_dead 1 hl_dead 1 de_dead 0 iy_dead 0 f_dead 1
   062F 3D            [ 4] 2592 	dec	a
   0630 B2            [ 4] 2593 	or	a, d
                           2594 ; common peephole 163 changed absolute to relative conditional jump.
   0631 28 18         [12] 2595 	jr	z, 00168$
                           2596 ; common peephole 81 removed jp by using inverse jump logic
                           2597 ; common peephole 159 removed unused label 01198$.
                           2598 ;	skipping generated iCode
                           2599 ;cases/./../tests/gcc-torture-execute-divcmp-1.c:204: ASSERT (0);
                           2600 ;	genPlus
                           2601 ;	genMove_o size 2 result type 2 source type 10 a_dead 1 hl_dead 1 de_dead 1 iy_dead 1 f_dead 1
   0633 2Ar00s00      [16] 2602 	ld	hl, (___numTests)
   0636 23            [ 6] 2603 	inc	hl
                           2604 ;	genMove_o size 2 result type 10 source type 2 a_dead 1 hl_dead 1 de_dead 1 iy_dead 1 f_dead 1
   0637 22r00s00      [16] 2605 	ld	(___numTests), hl
                           2606 ;	skipping iCode since result will be rematerialized
                           2607 ;	skipping iCode since result will be rematerialized
                           2608 ;	skipping iCode since result will be rematerialized
                           2609 ;	skipping iCode since result will be rematerialized
                           2610 ;	skipping iCode since result will be rematerialized
                           2611 ;	skipping iCode since result will be rematerialized
                           2612 ;	genIpush
                           2613 ;	genMove_o size 2 result type 2 source type 1 a_dead 1 hl_dead 1 de_dead 1 iy_dead 1 f_dead 1
   063A 21 CC 00      [10] 2614 	ld	hl, #0x00cc
   063D E5            [11] 2615 	push	hl
                           2616 ;	genIpush
                           2617 ;	genMove_o size 2 result type 2 source type 7 a_dead 1 hl_dead 1 de_dead 1 iy_dead 1 f_dead 1
   063E 21r58s10      [10] 2618 	ld	hl, #__str_2
   0641 E5            [11] 2619 	push	hl
                           2620 ;	genSend
                           2621 ;	genMove_o size 2 result type 2 source type 7 a_dead 1 hl_dead 1 de_dead 1 iy_dead 1 f_dead 1
   0642 11r56s10      [10] 2622 	ld	de, #__str_1
                           2623 ;	genSend
                           2624 ;	genMove_o size 2 result type 2 source type 7 a_dead 1 hl_dead 1 de_dead 0 iy_dead 1 f_dead 1
   0645 21r45s10      [10] 2625 	ld	hl, #__str_0
                           2626 ;	genCall
   0648 CDr00s00      [17] 2627 	call	___fail
                           2628 ;	genLabel
   064B                    2629 00168$:
                           2630 ;cases/./../tests/gcc-torture-execute-divcmp-1.c:206: if (test4u(0) != 0)
                           2631 ;	genSend
                           2632 ;	genMove_o size 2 result type 2 source type 1 a_dead 1 hl_dead 1 de_dead 1 iy_dead 1 f_dead 1
   064B 21 00 00      [10] 2633 	ld	hl, #0x0000
                           2634 ;	genCall
   064E CDr87s00      [17] 2635 	call	_test4u
                           2636 ;	genMove_o size 2 result type 2 source type 2 a_dead 1 hl_dead 1 de_dead 1 iy_dead 1 f_dead 1
                           2637 ;	genIfx
   0651 7A            [ 4] 2638 	ld	a, d
   0652 B3            [ 4] 2639 	or	a, e
                           2640 ; common peephole 163 changed absolute to relative conditional jump.
   0653 28 18         [12] 2641 	jr	z, 00170$
                           2642 ;cases/./../tests/gcc-torture-execute-divcmp-1.c:207: ASSERT (0);
                           2643 ;	genPlus
                           2644 ;	genMove_o size 2 result type 2 source type 10 a_dead 1 hl_dead 1 de_dead 1 iy_dead 1 f_dead 1
   0655 2Ar00s00      [16] 2645 	ld	hl, (___numTests)
   0658 23            [ 6] 2646 	inc	hl
                           2647 ;	genMove_o size 2 result type 10 source type 2 a_dead 1 hl_dead 1 de_dead 1 iy_dead 1 f_dead 1
   0659 22r00s00      [16] 2648 	ld	(___numTests), hl
                           2649 ;	skipping iCode since result will be rematerialized
                           2650 ;	skipping iCode since result will be rematerialized
                           2651 ;	skipping iCode since result will be rematerialized
                           2652 ;	skipping iCode since result will be rematerialized
                           2653 ;	skipping iCode since result will be rematerialized
                           2654 ;	skipping iCode since result will be rematerialized
                           2655 ;	genIpush
                           2656 ;	genMove_o size 2 result type 2 source type 1 a_dead 1 hl_dead 1 de_dead 1 iy_dead 1 f_dead 1
   065C 21 CF 00      [10] 2657 	ld	hl, #0x00cf
   065F E5            [11] 2658 	push	hl
                           2659 ;	genIpush
                           2660 ;	genMove_o size 2 result type 2 source type 7 a_dead 1 hl_dead 1 de_dead 1 iy_dead 1 f_dead 1
   0660 21r58s10      [10] 2661 	ld	hl, #__str_2
   0663 E5            [11] 2662 	push	hl
                           2663 ;	genSend
                           2664 ;	genMove_o size 2 result type 2 source type 7 a_dead 1 hl_dead 1 de_dead 1 iy_dead 1 f_dead 1
   0664 11r56s10      [10] 2665 	ld	de, #__str_1
                           2666 ;	genSend
                           2667 ;	genMove_o size 2 result type 2 source type 7 a_dead 1 hl_dead 1 de_dead 0 iy_dead 1 f_dead 1
   0667 21r45s10      [10] 2668 	ld	hl, #__str_0
                           2669 ;	genCall
   066A CDr00s00      [17] 2670 	call	___fail
                           2671 ;	genLabel
   066D                    2672 00170$:
                           2673 ;cases/./../tests/gcc-torture-execute-divcmp-1.c:208: if (test4u(9) != 0)
                           2674 ;	genSend
                           2675 ;	genMove_o size 2 result type 2 source type 1 a_dead 1 hl_dead 1 de_dead 1 iy_dead 1 f_dead 1
   066D 21 09 00      [10] 2676 	ld	hl, #0x0009
                           2677 ;	genCall
   0670 CDr87s00      [17] 2678 	call	_test4u
                           2679 ;	genMove_o size 2 result type 2 source type 2 a_dead 1 hl_dead 1 de_dead 1 iy_dead 1 f_dead 1
                           2680 ;	genIfx
   0673 7A            [ 4] 2681 	ld	a, d
   0674 B3            [ 4] 2682 	or	a, e
                           2683 ; common peephole 163 changed absolute to relative conditional jump.
   0675 28 18         [12] 2684 	jr	z, 00172$
                           2685 ;cases/./../tests/gcc-torture-execute-divcmp-1.c:209: ASSERT (0);
                           2686 ;	genPlus
                           2687 ;	genMove_o size 2 result type 2 source type 10 a_dead 1 hl_dead 1 de_dead 1 iy_dead 1 f_dead 1
   0677 2Ar00s00      [16] 2688 	ld	hl, (___numTests)
   067A 23            [ 6] 2689 	inc	hl
                           2690 ;	genMove_o size 2 result type 10 source type 2 a_dead 1 hl_dead 1 de_dead 1 iy_dead 1 f_dead 1
   067B 22r00s00      [16] 2691 	ld	(___numTests), hl
                           2692 ;	skipping iCode since result will be rematerialized
                           2693 ;	skipping iCode since result will be rematerialized
                           2694 ;	skipping iCode since result will be rematerialized
                           2695 ;	skipping iCode since result will be rematerialized
                           2696 ;	skipping iCode since result will be rematerialized
                           2697 ;	skipping iCode since result will be rematerialized
                           2698 ;	genIpush
                           2699 ;	genMove_o size 2 result type 2 source type 1 a_dead 1 hl_dead 1 de_dead 1 iy_dead 1 f_dead 1
   067E 21 D1 00      [10] 2700 	ld	hl, #0x00d1
   0681 E5            [11] 2701 	push	hl
                           2702 ;	genIpush
                           2703 ;	genMove_o size 2 result type 2 source type 7 a_dead 1 hl_dead 1 de_dead 1 iy_dead 1 f_dead 1
   0682 21r58s10      [10] 2704 	ld	hl, #__str_2
   0685 E5            [11] 2705 	push	hl
                           2706 ;	genSend
                           2707 ;	genMove_o size 2 result type 2 source type 7 a_dead 1 hl_dead 1 de_dead 1 iy_dead 1 f_dead 1
   0686 11r56s10      [10] 2708 	ld	de, #__str_1
                           2709 ;	genSend
                           2710 ;	genMove_o size 2 result type 2 source type 7 a_dead 1 hl_dead 1 de_dead 0 iy_dead 1 f_dead 1
   0689 21r45s10      [10] 2711 	ld	hl, #__str_0
                           2712 ;	genCall
   068C CDr00s00      [17] 2713 	call	___fail
                           2714 ;	genLabel
   068F                    2715 00172$:
                           2716 ;cases/./../tests/gcc-torture-execute-divcmp-1.c:210: if (test4u(10) != 1)
                           2717 ;	genSend
                           2718 ;	genMove_o size 2 result type 2 source type 1 a_dead 1 hl_dead 1 de_dead 1 iy_dead 1 f_dead 1
   068F 21 0A 00      [10] 2719 	ld	hl, #0x000a
                           2720 ;	genCall
   0692 CDr87s00      [17] 2721 	call	_test4u
                           2722 ;	genMove_o size 2 result type 2 source type 2 a_dead 1 hl_dead 1 de_dead 1 iy_dead 1 f_dead 1
                           2723 ;	genCmpEq
                           2724 ;	genMove_o size 1 result type 2 source type 2 a_dead 1 hl_dead 1 de_dead 0 iy_dead 0 f_dead 1
   0695 7B            [ 4] 2725 	ld	a, e
                           2726 ;	genMove_o size 0 result type 2 source type 1 a_dead 1 hl_dead 1 de_dead 0 iy_dead 0 f_dead 1
   0696 3D            [ 4] 2727 	dec	a
   0697 B2            [ 4] 2728 	or	a, d
                           2729 ; common peephole 163 changed absolute to relative conditional jump.
   0698 28 18         [12] 2730 	jr	z, 00174$
                           2731 ; common peephole 81 removed jp by using inverse jump logic
                           2732 ; common peephole 159 removed unused label 01199$.
                           2733 ;	skipping generated iCode
                           2734 ;cases/./../tests/gcc-torture-execute-divcmp-1.c:211: ASSERT (0);
                           2735 ;	genPlus
                           2736 ;	genMove_o size 2 result type 2 source type 10 a_dead 1 hl_dead 1 de_dead 1 iy_dead 1 f_dead 1
   069A 2Ar00s00      [16] 2737 	ld	hl, (___numTests)
   069D 23            [ 6] 2738 	inc	hl
                           2739 ;	genMove_o size 2 result type 10 source type 2 a_dead 1 hl_dead 1 de_dead 1 iy_dead 1 f_dead 1
   069E 22r00s00      [16] 2740 	ld	(___numTests), hl
                           2741 ;	skipping iCode since result will be rematerialized
                           2742 ;	skipping iCode since result will be rematerialized
                           2743 ;	skipping iCode since result will be rematerialized
                           2744 ;	skipping iCode since result will be rematerialized
                           2745 ;	skipping iCode since result will be rematerialized
                           2746 ;	skipping iCode since result will be rematerialized
                           2747 ;	genIpush
                           2748 ;	genMove_o size 2 result type 2 source type 1 a_dead 1 hl_dead 1 de_dead 1 iy_dead 1 f_dead 1
   06A1 21 D3 00      [10] 2749 	ld	hl, #0x00d3
   06A4 E5            [11] 2750 	push	hl
                           2751 ;	genIpush
                           2752 ;	genMove_o size 2 result type 2 source type 7 a_dead 1 hl_dead 1 de_dead 1 iy_dead 1 f_dead 1
   06A5 21r58s10      [10] 2753 	ld	hl, #__str_2
   06A8 E5            [11] 2754 	push	hl
                           2755 ;	genSend
                           2756 ;	genMove_o size 2 result type 2 source type 7 a_dead 1 hl_dead 1 de_dead 1 iy_dead 1 f_dead 1
   06A9 11r56s10      [10] 2757 	ld	de, #__str_1
                           2758 ;	genSend
                           2759 ;	genMove_o size 2 result type 2 source type 7 a_dead 1 hl_dead 1 de_dead 0 iy_dead 1 f_dead 1
   06AC 21r45s10      [10] 2760 	ld	hl, #__str_0
                           2761 ;	genCall
   06AF CDr00s00      [17] 2762 	call	___fail
                           2763 ;	genLabel
   06B2                    2764 00174$:
                           2765 ;cases/./../tests/gcc-torture-execute-divcmp-1.c:212: if (test4u(-1) != 1)
                           2766 ;	genSend
                           2767 ;	genMove_o size 2 result type 2 source type 1 a_dead 1 hl_dead 1 de_dead 1 iy_dead 1 f_dead 1
   06B2 21 FF FF      [10] 2768 	ld	hl, #0xffff
                           2769 ;	genCall
   06B5 CDr87s00      [17] 2770 	call	_test4u
                           2771 ;	genMove_o size 2 result type 2 source type 2 a_dead 1 hl_dead 1 de_dead 1 iy_dead 1 f_dead 1
                           2772 ;	genCmpEq
                           2773 ;	genMove_o size 1 result type 2 source type 2 a_dead 1 hl_dead 1 de_dead 0 iy_dead 0 f_dead 1
   06B8 7B            [ 4] 2774 	ld	a, e
                           2775 ;	genMove_o size 0 result type 2 source type 1 a_dead 1 hl_dead 1 de_dead 0 iy_dead 0 f_dead 1
   06B9 3D            [ 4] 2776 	dec	a
   06BA B2            [ 4] 2777 	or	a, d
                           2778 ; common peephole 163 changed absolute to relative conditional jump.
   06BB 28 18         [12] 2779 	jr	z, 00176$
                           2780 ; common peephole 81 removed jp by using inverse jump logic
                           2781 ; common peephole 159 removed unused label 01200$.
                           2782 ;	skipping generated iCode
                           2783 ;cases/./../tests/gcc-torture-execute-divcmp-1.c:213: ASSERT (0);
                           2784 ;	genPlus
                           2785 ;	genMove_o size 2 result type 2 source type 10 a_dead 1 hl_dead 1 de_dead 1 iy_dead 1 f_dead 1
   06BD 2Ar00s00      [16] 2786 	ld	hl, (___numTests)
   06C0 23            [ 6] 2787 	inc	hl
                           2788 ;	genMove_o size 2 result type 10 source type 2 a_dead 1 hl_dead 1 de_dead 1 iy_dead 1 f_dead 1
   06C1 22r00s00      [16] 2789 	ld	(___numTests), hl
                           2790 ;	skipping iCode since result will be rematerialized
                           2791 ;	skipping iCode since result will be rematerialized
                           2792 ;	skipping iCode since result will be rematerialized
                           2793 ;	skipping iCode since result will be rematerialized
                           2794 ;	skipping iCode since result will be rematerialized
                           2795 ;	skipping iCode since result will be rematerialized
                           2796 ;	genIpush
                           2797 ;	genMove_o size 2 result type 2 source type 1 a_dead 1 hl_dead 1 de_dead 1 iy_dead 1 f_dead 1
   06C4 21 D5 00      [10] 2798 	ld	hl, #0x00d5
   06C7 E5            [11] 2799 	push	hl
                           2800 ;	genIpush
                           2801 ;	genMove_o size 2 result type 2 source type 7 a_dead 1 hl_dead 1 de_dead 1 iy_dead 1 f_dead 1
   06C8 21r58s10      [10] 2802 	ld	hl, #__str_2
   06CB E5            [11] 2803 	push	hl
                           2804 ;	genSend
                           2805 ;	genMove_o size 2 result type 2 source type 7 a_dead 1 hl_dead 1 de_dead 1 iy_dead 1 f_dead 1
   06CC 11r56s10      [10] 2806 	ld	de, #__str_1
                           2807 ;	genSend
                           2808 ;	genMove_o size 2 result type 2 source type 7 a_dead 1 hl_dead 1 de_dead 0 iy_dead 1 f_dead 1
   06CF 21r45s10      [10] 2809 	ld	hl, #__str_0
                           2810 ;	genCall
   06D2 CDr00s00      [17] 2811 	call	___fail
                           2812 ;	genLabel
   06D5                    2813 00176$:
                           2814 ;cases/./../tests/gcc-torture-execute-divcmp-1.c:214: if (test4u(-9) != 1)
                           2815 ;	genSend
                           2816 ;	genMove_o size 2 result type 2 source type 1 a_dead 1 hl_dead 1 de_dead 1 iy_dead 1 f_dead 1
   06D5 21 F7 FF      [10] 2817 	ld	hl, #0xfff7
                           2818 ;	genCall
   06D8 CDr87s00      [17] 2819 	call	_test4u
                           2820 ;	genMove_o size 2 result type 2 source type 2 a_dead 1 hl_dead 1 de_dead 1 iy_dead 1 f_dead 1
                           2821 ;	genCmpEq
                           2822 ;	genMove_o size 1 result type 2 source type 2 a_dead 1 hl_dead 1 de_dead 0 iy_dead 0 f_dead 1
   06DB 7B            [ 4] 2823 	ld	a, e
                           2824 ;	genMove_o size 0 result type 2 source type 1 a_dead 1 hl_dead 1 de_dead 0 iy_dead 0 f_dead 1
   06DC 3D            [ 4] 2825 	dec	a
   06DD B2            [ 4] 2826 	or	a, d
                           2827 ; common peephole 163 changed absolute to relative conditional jump.
   06DE 28 18         [12] 2828 	jr	z, 00178$
                           2829 ; common peephole 81 removed jp by using inverse jump logic
                           2830 ; common peephole 159 removed unused label 01201$.
                           2831 ;	skipping generated iCode
                           2832 ;cases/./../tests/gcc-torture-execute-divcmp-1.c:215: ASSERT (0);
                           2833 ;	genPlus
                           2834 ;	genMove_o size 2 result type 2 source type 10 a_dead 1 hl_dead 1 de_dead 1 iy_dead 1 f_dead 1
   06E0 2Ar00s00      [16] 2835 	ld	hl, (___numTests)
   06E3 23            [ 6] 2836 	inc	hl
                           2837 ;	genMove_o size 2 result type 10 source type 2 a_dead 1 hl_dead 1 de_dead 1 iy_dead 1 f_dead 1
   06E4 22r00s00      [16] 2838 	ld	(___numTests), hl
                           2839 ;	skipping iCode since result will be rematerialized
                           2840 ;	skipping iCode since result will be rematerialized
                           2841 ;	skipping iCode since result will be rematerialized
                           2842 ;	skipping iCode since result will be rematerialized
                           2843 ;	skipping iCode since result will be rematerialized
                           2844 ;	skipping iCode since result will be rematerialized
                           2845 ;	genIpush
                           2846 ;	genMove_o size 2 result type 2 source type 1 a_dead 1 hl_dead 1 de_dead 1 iy_dead 1 f_dead 1
   06E7 21 D7 00      [10] 2847 	ld	hl, #0x00d7
   06EA E5            [11] 2848 	push	hl
                           2849 ;	genIpush
                           2850 ;	genMove_o size 2 result type 2 source type 7 a_dead 1 hl_dead 1 de_dead 1 iy_dead 1 f_dead 1
   06EB 21r58s10      [10] 2851 	ld	hl, #__str_2
   06EE E5            [11] 2852 	push	hl
                           2853 ;	genSend
                           2854 ;	genMove_o size 2 result type 2 source type 7 a_dead 1 hl_dead 1 de_dead 1 iy_dead 1 f_dead 1
   06EF 11r56s10      [10] 2855 	ld	de, #__str_1
                           2856 ;	genSend
                           2857 ;	genMove_o size 2 result type 2 source type 7 a_dead 1 hl_dead 1 de_dead 0 iy_dead 1 f_dead 1
   06F2 21r45s10      [10] 2858 	ld	hl, #__str_0
                           2859 ;	genCall
   06F5 CDr00s00      [17] 2860 	call	___fail
                           2861 ;	genLabel
   06F8                    2862 00178$:
                           2863 ;cases/./../tests/gcc-torture-execute-divcmp-1.c:216: if (test4u(-10) != 1)
                           2864 ;	genSend
                           2865 ;	genMove_o size 2 result type 2 source type 1 a_dead 1 hl_dead 1 de_dead 1 iy_dead 1 f_dead 1
   06F8 21 F6 FF      [10] 2866 	ld	hl, #0xfff6
                           2867 ;	genCall
   06FB CDr87s00      [17] 2868 	call	_test4u
                           2869 ;	genMove_o size 2 result type 2 source type 2 a_dead 1 hl_dead 1 de_dead 1 iy_dead 1 f_dead 1
                           2870 ;	genCmpEq
                           2871 ;	genMove_o size 1 result type 2 source type 2 a_dead 1 hl_dead 1 de_dead 0 iy_dead 0 f_dead 1
   06FE 7B            [ 4] 2872 	ld	a, e
                           2873 ;	genMove_o size 0 result type 2 source type 1 a_dead 1 hl_dead 1 de_dead 0 iy_dead 0 f_dead 1
   06FF 3D            [ 4] 2874 	dec	a
   0700 B2            [ 4] 2875 	or	a, d
                           2876 ; common peephole 163 changed absolute to relative conditional jump.
   0701 28 18         [12] 2877 	jr	z, 00180$
                           2878 ; common peephole 81 removed jp by using inverse jump logic
                           2879 ; common peephole 159 removed unused label 01202$.
                           2880 ;	skipping generated iCode
                           2881 ;cases/./../tests/gcc-torture-execute-divcmp-1.c:217: ASSERT (0);
                           2882 ;	genPlus
                           2883 ;	genMove_o size 2 result type 2 source type 10 a_dead 1 hl_dead 1 de_dead 1 iy_dead 1 f_dead 1
   0703 2Ar00s00      [16] 2884 	ld	hl, (___numTests)
   0706 23            [ 6] 2885 	inc	hl
                           2886 ;	genMove_o size 2 result type 10 source type 2 a_dead 1 hl_dead 1 de_dead 1 iy_dead 1 f_dead 1
   0707 22r00s00      [16] 2887 	ld	(___numTests), hl
                           2888 ;	skipping iCode since result will be rematerialized
                           2889 ;	skipping iCode since result will be rematerialized
                           2890 ;	skipping iCode since result will be rematerialized
                           2891 ;	skipping iCode since result will be rematerialized
                           2892 ;	skipping iCode since result will be rematerialized
                           2893 ;	skipping iCode since result will be rematerialized
                           2894 ;	genIpush
                           2895 ;	genMove_o size 2 result type 2 source type 1 a_dead 1 hl_dead 1 de_dead 1 iy_dead 1 f_dead 1
   070A 21 D9 00      [10] 2896 	ld	hl, #0x00d9
   070D E5            [11] 2897 	push	hl
                           2898 ;	genIpush
                           2899 ;	genMove_o size 2 result type 2 source type 7 a_dead 1 hl_dead 1 de_dead 1 iy_dead 1 f_dead 1
   070E 21r58s10      [10] 2900 	ld	hl, #__str_2
   0711 E5            [11] 2901 	push	hl
                           2902 ;	genSend
                           2903 ;	genMove_o size 2 result type 2 source type 7 a_dead 1 hl_dead 1 de_dead 1 iy_dead 1 f_dead 1
   0712 11r56s10      [10] 2904 	ld	de, #__str_1
                           2905 ;	genSend
                           2906 ;	genMove_o size 2 result type 2 source type 7 a_dead 1 hl_dead 1 de_dead 0 iy_dead 1 f_dead 1
   0715 21r45s10      [10] 2907 	ld	hl, #__str_0
                           2908 ;	genCall
   0718 CDr00s00      [17] 2909 	call	___fail
                           2910 ;	genLabel
   071B                    2911 00180$:
                           2912 ;cases/./../tests/gcc-torture-execute-divcmp-1.c:219: if (test5(19) != 1)
                           2913 ;	genSend
                           2914 ;	genMove_o size 2 result type 2 source type 1 a_dead 1 hl_dead 1 de_dead 1 iy_dead 1 f_dead 1
   071B 21 13 00      [10] 2915 	ld	hl, #0x0013
                           2916 ;	genCall
   071E CDr9As00      [17] 2917 	call	_test5
                           2918 ;	genMove_o size 2 result type 2 source type 2 a_dead 1 hl_dead 1 de_dead 1 iy_dead 1 f_dead 1
                           2919 ;	genCmpEq
                           2920 ;	genMove_o size 1 result type 2 source type 2 a_dead 1 hl_dead 1 de_dead 0 iy_dead 0 f_dead 1
   0721 7B            [ 4] 2921 	ld	a, e
                           2922 ;	genMove_o size 0 result type 2 source type 1 a_dead 1 hl_dead 1 de_dead 0 iy_dead 0 f_dead 1
   0722 3D            [ 4] 2923 	dec	a
   0723 B2            [ 4] 2924 	or	a, d
                           2925 ; common peephole 163 changed absolute to relative conditional jump.
   0724 28 18         [12] 2926 	jr	z, 00182$
                           2927 ; common peephole 81 removed jp by using inverse jump logic
                           2928 ; common peephole 159 removed unused label 01203$.
                           2929 ;	skipping generated iCode
                           2930 ;cases/./../tests/gcc-torture-execute-divcmp-1.c:220: ASSERT (0);
                           2931 ;	genPlus
                           2932 ;	genMove_o size 2 result type 2 source type 10 a_dead 1 hl_dead 1 de_dead 1 iy_dead 1 f_dead 1
   0726 2Ar00s00      [16] 2933 	ld	hl, (___numTests)
   0729 23            [ 6] 2934 	inc	hl
                           2935 ;	genMove_o size 2 result type 10 source type 2 a_dead 1 hl_dead 1 de_dead 1 iy_dead 1 f_dead 1
   072A 22r00s00      [16] 2936 	ld	(___numTests), hl
                           2937 ;	skipping iCode since result will be rematerialized
                           2938 ;	skipping iCode since result will be rematerialized
                           2939 ;	skipping iCode since result will be rematerialized
                           2940 ;	skipping iCode since result will be rematerialized
                           2941 ;	skipping iCode since result will be rematerialized
                           2942 ;	skipping iCode since result will be rematerialized
                           2943 ;	genIpush
                           2944 ;	genMove_o size 2 result type 2 source type 1 a_dead 1 hl_dead 1 de_dead 1 iy_dead 1 f_dead 1
   072D 21 DC 00      [10] 2945 	ld	hl, #0x00dc
   0730 E5            [11] 2946 	push	hl
                           2947 ;	genIpush
                           2948 ;	genMove_o size 2 result type 2 source type 7 a_dead 1 hl_dead 1 de_dead 1 iy_dead 1 f_dead 1
   0731 21r58s10      [10] 2949 	ld	hl, #__str_2
   0734 E5            [11] 2950 	push	hl
                           2951 ;	genSend
                           2952 ;	genMove_o size 2 result type 2 source type 7 a_dead 1 hl_dead 1 de_dead 1 iy_dead 1 f_dead 1
   0735 11r56s10      [10] 2953 	ld	de, #__str_1
                           2954 ;	genSend
                           2955 ;	genMove_o size 2 result type 2 source type 7 a_dead 1 hl_dead 1 de_dead 0 iy_dead 1 f_dead 1
   0738 21r45s10      [10] 2956 	ld	hl, #__str_0
                           2957 ;	genCall
   073B CDr00s00      [17] 2958 	call	___fail
                           2959 ;	genLabel
   073E                    2960 00182$:
                           2961 ;cases/./../tests/gcc-torture-execute-divcmp-1.c:221: if (test5(20) != 0)
                           2962 ;	genSend
                           2963 ;	genMove_o size 2 result type 2 source type 1 a_dead 1 hl_dead 1 de_dead 1 iy_dead 1 f_dead 1
   073E 21 14 00      [10] 2964 	ld	hl, #0x0014
                           2965 ;	genCall
   0741 CDr9As00      [17] 2966 	call	_test5
                           2967 ;	genMove_o size 2 result type 2 source type 2 a_dead 1 hl_dead 1 de_dead 1 iy_dead 1 f_dead 1
                           2968 ;	genIfx
   0744 7A            [ 4] 2969 	ld	a, d
   0745 B3            [ 4] 2970 	or	a, e
                           2971 ; common peephole 163 changed absolute to relative conditional jump.
   0746 28 18         [12] 2972 	jr	z, 00184$
                           2973 ;cases/./../tests/gcc-torture-execute-divcmp-1.c:222: ASSERT (0);
                           2974 ;	genPlus
                           2975 ;	genMove_o size 2 result type 2 source type 10 a_dead 1 hl_dead 1 de_dead 1 iy_dead 1 f_dead 1
   0748 2Ar00s00      [16] 2976 	ld	hl, (___numTests)
   074B 23            [ 6] 2977 	inc	hl
                           2978 ;	genMove_o size 2 result type 10 source type 2 a_dead 1 hl_dead 1 de_dead 1 iy_dead 1 f_dead 1
   074C 22r00s00      [16] 2979 	ld	(___numTests), hl
                           2980 ;	skipping iCode since result will be rematerialized
                           2981 ;	skipping iCode since result will be rematerialized
                           2982 ;	skipping iCode since result will be rematerialized
                           2983 ;	skipping iCode since result will be rematerialized
                           2984 ;	skipping iCode since result will be rematerialized
                           2985 ;	skipping iCode since result will be rematerialized
                           2986 ;	genIpush
                           2987 ;	genMove_o size 2 result type 2 source type 1 a_dead 1 hl_dead 1 de_dead 1 iy_dead 1 f_dead 1
   074F 21 DE 00      [10] 2988 	ld	hl, #0x00de
   0752 E5            [11] 2989 	push	hl
                           2990 ;	genIpush
                           2991 ;	genMove_o size 2 result type 2 source type 7 a_dead 1 hl_dead 1 de_dead 1 iy_dead 1 f_dead 1
   0753 21r58s10      [10] 2992 	ld	hl, #__str_2
   0756 E5            [11] 2993 	push	hl
                           2994 ;	genSend
                           2995 ;	genMove_o size 2 result type 2 source type 7 a_dead 1 hl_dead 1 de_dead 1 iy_dead 1 f_dead 1
   0757 11r56s10      [10] 2996 	ld	de, #__str_1
                           2997 ;	genSend
                           2998 ;	genMove_o size 2 result type 2 source type 7 a_dead 1 hl_dead 1 de_dead 0 iy_dead 1 f_dead 1
   075A 21r45s10      [10] 2999 	ld	hl, #__str_0
                           3000 ;	genCall
   075D CDr00s00      [17] 3001 	call	___fail
                           3002 ;	genLabel
   0760                    3003 00184$:
                           3004 ;cases/./../tests/gcc-torture-execute-divcmp-1.c:223: if (test5(29) != 0)
                           3005 ;	genSend
                           3006 ;	genMove_o size 2 result type 2 source type 1 a_dead 1 hl_dead 1 de_dead 1 iy_dead 1 f_dead 1
   0760 21 1D 00      [10] 3007 	ld	hl, #0x001d
                           3008 ;	genCall
   0763 CDr9As00      [17] 3009 	call	_test5
                           3010 ;	genMove_o size 2 result type 2 source type 2 a_dead 1 hl_dead 1 de_dead 1 iy_dead 1 f_dead 1
                           3011 ;	genIfx
   0766 7A            [ 4] 3012 	ld	a, d
   0767 B3            [ 4] 3013 	or	a, e
                           3014 ; common peephole 163 changed absolute to relative conditional jump.
   0768 28 18         [12] 3015 	jr	z, 00186$
                           3016 ;cases/./../tests/gcc-torture-execute-divcmp-1.c:224: ASSERT (0);
                           3017 ;	genPlus
                           3018 ;	genMove_o size 2 result type 2 source type 10 a_dead 1 hl_dead 1 de_dead 1 iy_dead 1 f_dead 1
   076A 2Ar00s00      [16] 3019 	ld	hl, (___numTests)
   076D 23            [ 6] 3020 	inc	hl
                           3021 ;	genMove_o size 2 result type 10 source type 2 a_dead 1 hl_dead 1 de_dead 1 iy_dead 1 f_dead 1
   076E 22r00s00      [16] 3022 	ld	(___numTests), hl
                           3023 ;	skipping iCode since result will be rematerialized
                           3024 ;	skipping iCode since result will be rematerialized
                           3025 ;	skipping iCode since result will be rematerialized
                           3026 ;	skipping iCode since result will be rematerialized
                           3027 ;	skipping iCode since result will be rematerialized
                           3028 ;	skipping iCode since result will be rematerialized
                           3029 ;	genIpush
                           3030 ;	genMove_o size 2 result type 2 source type 1 a_dead 1 hl_dead 1 de_dead 1 iy_dead 1 f_dead 1
   0771 21 E0 00      [10] 3031 	ld	hl, #0x00e0
   0774 E5            [11] 3032 	push	hl
                           3033 ;	genIpush
                           3034 ;	genMove_o size 2 result type 2 source type 7 a_dead 1 hl_dead 1 de_dead 1 iy_dead 1 f_dead 1
   0775 21r58s10      [10] 3035 	ld	hl, #__str_2
   0778 E5            [11] 3036 	push	hl
                           3037 ;	genSend
                           3038 ;	genMove_o size 2 result type 2 source type 7 a_dead 1 hl_dead 1 de_dead 1 iy_dead 1 f_dead 1
   0779 11r56s10      [10] 3039 	ld	de, #__str_1
                           3040 ;	genSend
                           3041 ;	genMove_o size 2 result type 2 source type 7 a_dead 1 hl_dead 1 de_dead 0 iy_dead 1 f_dead 1
   077C 21r45s10      [10] 3042 	ld	hl, #__str_0
                           3043 ;	genCall
   077F CDr00s00      [17] 3044 	call	___fail
                           3045 ;	genLabel
   0782                    3046 00186$:
                           3047 ;cases/./../tests/gcc-torture-execute-divcmp-1.c:225: if (test5(30) != 0)
                           3048 ;	genSend
                           3049 ;	genMove_o size 2 result type 2 source type 1 a_dead 1 hl_dead 1 de_dead 1 iy_dead 1 f_dead 1
   0782 21 1E 00      [10] 3050 	ld	hl, #0x001e
                           3051 ;	genCall
   0785 CDr9As00      [17] 3052 	call	_test5
                           3053 ;	genMove_o size 2 result type 2 source type 2 a_dead 1 hl_dead 1 de_dead 1 iy_dead 1 f_dead 1
                           3054 ;	genIfx
   0788 7A            [ 4] 3055 	ld	a, d
   0789 B3            [ 4] 3056 	or	a, e
                           3057 ; common peephole 163 changed absolute to relative conditional jump.
   078A 28 18         [12] 3058 	jr	z, 00188$
                           3059 ;cases/./../tests/gcc-torture-execute-divcmp-1.c:226: ASSERT (0);
                           3060 ;	genPlus
                           3061 ;	genMove_o size 2 result type 2 source type 10 a_dead 1 hl_dead 1 de_dead 1 iy_dead 1 f_dead 1
   078C 2Ar00s00      [16] 3062 	ld	hl, (___numTests)
   078F 23            [ 6] 3063 	inc	hl
                           3064 ;	genMove_o size 2 result type 10 source type 2 a_dead 1 hl_dead 1 de_dead 1 iy_dead 1 f_dead 1
   0790 22r00s00      [16] 3065 	ld	(___numTests), hl
                           3066 ;	skipping iCode since result will be rematerialized
                           3067 ;	skipping iCode since result will be rematerialized
                           3068 ;	skipping iCode since result will be rematerialized
                           3069 ;	skipping iCode since result will be rematerialized
                           3070 ;	skipping iCode since result will be rematerialized
                           3071 ;	skipping iCode since result will be rematerialized
                           3072 ;	genIpush
                           3073 ;	genMove_o size 2 result type 2 source type 1 a_dead 1 hl_dead 1 de_dead 1 iy_dead 1 f_dead 1
   0793 21 E2 00      [10] 3074 	ld	hl, #0x00e2
   0796 E5            [11] 3075 	push	hl
                           3076 ;	genIpush
                           3077 ;	genMove_o size 2 result type 2 source type 7 a_dead 1 hl_dead 1 de_dead 1 iy_dead 1 f_dead 1
   0797 21r58s10      [10] 3078 	ld	hl, #__str_2
   079A E5            [11] 3079 	push	hl
                           3080 ;	genSend
                           3081 ;	genMove_o size 2 result type 2 source type 7 a_dead 1 hl_dead 1 de_dead 1 iy_dead 1 f_dead 1
   079B 11r56s10      [10] 3082 	ld	de, #__str_1
                           3083 ;	genSend
                           3084 ;	genMove_o size 2 result type 2 source type 7 a_dead 1 hl_dead 1 de_dead 0 iy_dead 1 f_dead 1
   079E 21r45s10      [10] 3085 	ld	hl, #__str_0
                           3086 ;	genCall
   07A1 CDr00s00      [17] 3087 	call	___fail
                           3088 ;	genLabel
   07A4                    3089 00188$:
                           3090 ;cases/./../tests/gcc-torture-execute-divcmp-1.c:228: if (test5u(19) != 1)
                           3091 ;	genSend
                           3092 ;	genMove_o size 2 result type 2 source type 1 a_dead 1 hl_dead 1 de_dead 1 iy_dead 1 f_dead 1
   07A4 21 13 00      [10] 3093 	ld	hl, #0x0013
                           3094 ;	genCall
   07A7 CDrB0s00      [17] 3095 	call	_test5u
                           3096 ;	genMove_o size 2 result type 2 source type 2 a_dead 1 hl_dead 1 de_dead 1 iy_dead 1 f_dead 1
                           3097 ;	genCmpEq
                           3098 ;	genMove_o size 1 result type 2 source type 2 a_dead 1 hl_dead 1 de_dead 0 iy_dead 0 f_dead 1
   07AA 7B            [ 4] 3099 	ld	a, e
                           3100 ;	genMove_o size 0 result type 2 source type 1 a_dead 1 hl_dead 1 de_dead 0 iy_dead 0 f_dead 1
   07AB 3D            [ 4] 3101 	dec	a
   07AC B2            [ 4] 3102 	or	a, d
                           3103 ; common peephole 163 changed absolute to relative conditional jump.
   07AD 28 18         [12] 3104 	jr	z, 00190$
                           3105 ; common peephole 81 removed jp by using inverse jump logic
                           3106 ; common peephole 159 removed unused label 01204$.
                           3107 ;	skipping generated iCode
                           3108 ;cases/./../tests/gcc-torture-execute-divcmp-1.c:229: ASSERT (0);
                           3109 ;	genPlus
                           3110 ;	genMove_o size 2 result type 2 source type 10 a_dead 1 hl_dead 1 de_dead 1 iy_dead 1 f_dead 1
   07AF 2Ar00s00      [16] 3111 	ld	hl, (___numTests)
   07B2 23            [ 6] 3112 	inc	hl
                           3113 ;	genMove_o size 2 result type 10 source type 2 a_dead 1 hl_dead 1 de_dead 1 iy_dead 1 f_dead 1
   07B3 22r00s00      [16] 3114 	ld	(___numTests), hl
                           3115 ;	skipping iCode since result will be rematerialized
                           3116 ;	skipping iCode since result will be rematerialized
                           3117 ;	skipping iCode since result will be rematerialized
                           3118 ;	skipping iCode since result will be rematerialized
                           3119 ;	skipping iCode since result will be rematerialized
                           3120 ;	skipping iCode since result will be rematerialized
                           3121 ;	genIpush
                           3122 ;	genMove_o size 2 result type 2 source type 1 a_dead 1 hl_dead 1 de_dead 1 iy_dead 1 f_dead 1
   07B6 21 E5 00      [10] 3123 	ld	hl, #0x00e5
   07B9 E5            [11] 3124 	push	hl
                           3125 ;	genIpush
                           3126 ;	genMove_o size 2 result type 2 source type 7 a_dead 1 hl_dead 1 de_dead 1 iy_dead 1 f_dead 1
   07BA 21r58s10      [10] 3127 	ld	hl, #__str_2
   07BD E5            [11] 3128 	push	hl
                           3129 ;	genSend
                           3130 ;	genMove_o size 2 result type 2 source type 7 a_dead 1 hl_dead 1 de_dead 1 iy_dead 1 f_dead 1
   07BE 11r56s10      [10] 3131 	ld	de, #__str_1
                           3132 ;	genSend
                           3133 ;	genMove_o size 2 result type 2 source type 7 a_dead 1 hl_dead 1 de_dead 0 iy_dead 1 f_dead 1
   07C1 21r45s10      [10] 3134 	ld	hl, #__str_0
                           3135 ;	genCall
   07C4 CDr00s00      [17] 3136 	call	___fail
                           3137 ;	genLabel
   07C7                    3138 00190$:
                           3139 ;cases/./../tests/gcc-torture-execute-divcmp-1.c:230: if (test5u(20) != 0)
                           3140 ;	genSend
                           3141 ;	genMove_o size 2 result type 2 source type 1 a_dead 1 hl_dead 1 de_dead 1 iy_dead 1 f_dead 1
   07C7 21 14 00      [10] 3142 	ld	hl, #0x0014
                           3143 ;	genCall
   07CA CDrB0s00      [17] 3144 	call	_test5u
                           3145 ;	genMove_o size 2 result type 2 source type 2 a_dead 1 hl_dead 1 de_dead 1 iy_dead 1 f_dead 1
                           3146 ;	genIfx
   07CD 7A            [ 4] 3147 	ld	a, d
   07CE B3            [ 4] 3148 	or	a, e
                           3149 ; common peephole 163 changed absolute to relative conditional jump.
   07CF 28 18         [12] 3150 	jr	z, 00192$
                           3151 ;cases/./../tests/gcc-torture-execute-divcmp-1.c:231: ASSERT (0);
                           3152 ;	genPlus
                           3153 ;	genMove_o size 2 result type 2 source type 10 a_dead 1 hl_dead 1 de_dead 1 iy_dead 1 f_dead 1
   07D1 2Ar00s00      [16] 3154 	ld	hl, (___numTests)
   07D4 23            [ 6] 3155 	inc	hl
                           3156 ;	genMove_o size 2 result type 10 source type 2 a_dead 1 hl_dead 1 de_dead 1 iy_dead 1 f_dead 1
   07D5 22r00s00      [16] 3157 	ld	(___numTests), hl
                           3158 ;	skipping iCode since result will be rematerialized
                           3159 ;	skipping iCode since result will be rematerialized
                           3160 ;	skipping iCode since result will be rematerialized
                           3161 ;	skipping iCode since result will be rematerialized
                           3162 ;	skipping iCode since result will be rematerialized
                           3163 ;	skipping iCode since result will be rematerialized
                           3164 ;	genIpush
                           3165 ;	genMove_o size 2 result type 2 source type 1 a_dead 1 hl_dead 1 de_dead 1 iy_dead 1 f_dead 1
   07D8 21 E7 00      [10] 3166 	ld	hl, #0x00e7
   07DB E5            [11] 3167 	push	hl
                           3168 ;	genIpush
                           3169 ;	genMove_o size 2 result type 2 source type 7 a_dead 1 hl_dead 1 de_dead 1 iy_dead 1 f_dead 1
   07DC 21r58s10      [10] 3170 	ld	hl, #__str_2
   07DF E5            [11] 3171 	push	hl
                           3172 ;	genSend
                           3173 ;	genMove_o size 2 result type 2 source type 7 a_dead 1 hl_dead 1 de_dead 1 iy_dead 1 f_dead 1
   07E0 11r56s10      [10] 3174 	ld	de, #__str_1
                           3175 ;	genSend
                           3176 ;	genMove_o size 2 result type 2 source type 7 a_dead 1 hl_dead 1 de_dead 0 iy_dead 1 f_dead 1
   07E3 21r45s10      [10] 3177 	ld	hl, #__str_0
                           3178 ;	genCall
   07E6 CDr00s00      [17] 3179 	call	___fail
                           3180 ;	genLabel
   07E9                    3181 00192$:
                           3182 ;cases/./../tests/gcc-torture-execute-divcmp-1.c:232: if (test5u(29) != 0)
                           3183 ;	genSend
                           3184 ;	genMove_o size 2 result type 2 source type 1 a_dead 1 hl_dead 1 de_dead 1 iy_dead 1 f_dead 1
   07E9 21 1D 00      [10] 3185 	ld	hl, #0x001d
                           3186 ;	genCall
   07EC CDrB0s00      [17] 3187 	call	_test5u
                           3188 ;	genMove_o size 2 result type 2 source type 2 a_dead 1 hl_dead 1 de_dead 1 iy_dead 1 f_dead 1
                           3189 ;	genIfx
   07EF 7A            [ 4] 3190 	ld	a, d
   07F0 B3            [ 4] 3191 	or	a, e
                           3192 ; common peephole 163 changed absolute to relative conditional jump.
   07F1 28 18         [12] 3193 	jr	z, 00194$
                           3194 ;cases/./../tests/gcc-torture-execute-divcmp-1.c:233: ASSERT (0);
                           3195 ;	genPlus
                           3196 ;	genMove_o size 2 result type 2 source type 10 a_dead 1 hl_dead 1 de_dead 1 iy_dead 1 f_dead 1
   07F3 2Ar00s00      [16] 3197 	ld	hl, (___numTests)
   07F6 23            [ 6] 3198 	inc	hl
                           3199 ;	genMove_o size 2 result type 10 source type 2 a_dead 1 hl_dead 1 de_dead 1 iy_dead 1 f_dead 1
   07F7 22r00s00      [16] 3200 	ld	(___numTests), hl
                           3201 ;	skipping iCode since result will be rematerialized
                           3202 ;	skipping iCode since result will be rematerialized
                           3203 ;	skipping iCode since result will be rematerialized
                           3204 ;	skipping iCode since result will be rematerialized
                           3205 ;	skipping iCode since result will be rematerialized
                           3206 ;	skipping iCode since result will be rematerialized
                           3207 ;	genIpush
                           3208 ;	genMove_o size 2 result type 2 source type 1 a_dead 1 hl_dead 1 de_dead 1 iy_dead 1 f_dead 1
   07FA 21 E9 00      [10] 3209 	ld	hl, #0x00e9
   07FD E5            [11] 3210 	push	hl
                           3211 ;	genIpush
                           3212 ;	genMove_o size 2 result type 2 source type 7 a_dead 1 hl_dead 1 de_dead 1 iy_dead 1 f_dead 1
   07FE 21r58s10      [10] 3213 	ld	hl, #__str_2
   0801 E5            [11] 3214 	push	hl
                           3215 ;	genSend
                           3216 ;	genMove_o size 2 result type 2 source type 7 a_dead 1 hl_dead 1 de_dead 1 iy_dead 1 f_dead 1
   0802 11r56s10      [10] 3217 	ld	de, #__str_1
                           3218 ;	genSend
                           3219 ;	genMove_o size 2 result type 2 source type 7 a_dead 1 hl_dead 1 de_dead 0 iy_dead 1 f_dead 1
   0805 21r45s10      [10] 3220 	ld	hl, #__str_0
                           3221 ;	genCall
   0808 CDr00s00      [17] 3222 	call	___fail
                           3223 ;	genLabel
   080B                    3224 00194$:
                           3225 ;cases/./../tests/gcc-torture-execute-divcmp-1.c:234: if (test5u(30) != 0)
                           3226 ;	genSend
                           3227 ;	genMove_o size 2 result type 2 source type 1 a_dead 1 hl_dead 1 de_dead 1 iy_dead 1 f_dead 1
   080B 21 1E 00      [10] 3228 	ld	hl, #0x001e
                           3229 ;	genCall
   080E CDrB0s00      [17] 3230 	call	_test5u
                           3231 ;	genMove_o size 2 result type 2 source type 2 a_dead 1 hl_dead 1 de_dead 1 iy_dead 1 f_dead 1
                           3232 ;	genIfx
   0811 7A            [ 4] 3233 	ld	a, d
   0812 B3            [ 4] 3234 	or	a, e
                           3235 ; common peephole 163 changed absolute to relative conditional jump.
   0813 28 18         [12] 3236 	jr	z, 00196$
                           3237 ;cases/./../tests/gcc-torture-execute-divcmp-1.c:235: ASSERT (0);
                           3238 ;	genPlus
                           3239 ;	genMove_o size 2 result type 2 source type 10 a_dead 1 hl_dead 1 de_dead 1 iy_dead 1 f_dead 1
   0815 2Ar00s00      [16] 3240 	ld	hl, (___numTests)
   0818 23            [ 6] 3241 	inc	hl
                           3242 ;	genMove_o size 2 result type 10 source type 2 a_dead 1 hl_dead 1 de_dead 1 iy_dead 1 f_dead 1
   0819 22r00s00      [16] 3243 	ld	(___numTests), hl
                           3244 ;	skipping iCode since result will be rematerialized
                           3245 ;	skipping iCode since result will be rematerialized
                           3246 ;	skipping iCode since result will be rematerialized
                           3247 ;	skipping iCode since result will be rematerialized
                           3248 ;	skipping iCode since result will be rematerialized
                           3249 ;	skipping iCode since result will be rematerialized
                           3250 ;	genIpush
                           3251 ;	genMove_o size 2 result type 2 source type 1 a_dead 1 hl_dead 1 de_dead 1 iy_dead 1 f_dead 1
   081C 21 EB 00      [10] 3252 	ld	hl, #0x00eb
   081F E5            [11] 3253 	push	hl
                           3254 ;	genIpush
                           3255 ;	genMove_o size 2 result type 2 source type 7 a_dead 1 hl_dead 1 de_dead 1 iy_dead 1 f_dead 1
   0820 21r58s10      [10] 3256 	ld	hl, #__str_2
   0823 E5            [11] 3257 	push	hl
                           3258 ;	genSend
                           3259 ;	genMove_o size 2 result type 2 source type 7 a_dead 1 hl_dead 1 de_dead 1 iy_dead 1 f_dead 1
   0824 11r56s10      [10] 3260 	ld	de, #__str_1
                           3261 ;	genSend
                           3262 ;	genMove_o size 2 result type 2 source type 7 a_dead 1 hl_dead 1 de_dead 0 iy_dead 1 f_dead 1
   0827 21r45s10      [10] 3263 	ld	hl, #__str_0
                           3264 ;	genCall
   082A CDr00s00      [17] 3265 	call	___fail
                           3266 ;	genLabel
   082D                    3267 00196$:
                           3268 ;cases/./../tests/gcc-torture-execute-divcmp-1.c:237: if (test6(0) != 0)
                           3269 ;	genSend
                           3270 ;	genMove_o size 2 result type 2 source type 1 a_dead 1 hl_dead 1 de_dead 1 iy_dead 1 f_dead 1
   082D 21 00 00      [10] 3271 	ld	hl, #0x0000
                           3272 ;	genCall
   0830 CDrC3s00      [17] 3273 	call	_test6
                           3274 ;	genMove_o size 2 result type 2 source type 2 a_dead 1 hl_dead 1 de_dead 1 iy_dead 1 f_dead 1
                           3275 ;	genIfx
   0833 7A            [ 4] 3276 	ld	a, d
   0834 B3            [ 4] 3277 	or	a, e
                           3278 ; common peephole 163 changed absolute to relative conditional jump.
   0835 28 18         [12] 3279 	jr	z, 00198$
                           3280 ;cases/./../tests/gcc-torture-execute-divcmp-1.c:238: ASSERT (0);
                           3281 ;	genPlus
                           3282 ;	genMove_o size 2 result type 2 source type 10 a_dead 1 hl_dead 1 de_dead 1 iy_dead 1 f_dead 1
   0837 2Ar00s00      [16] 3283 	ld	hl, (___numTests)
   083A 23            [ 6] 3284 	inc	hl
                           3285 ;	genMove_o size 2 result type 10 source type 2 a_dead 1 hl_dead 1 de_dead 1 iy_dead 1 f_dead 1
   083B 22r00s00      [16] 3286 	ld	(___numTests), hl
                           3287 ;	skipping iCode since result will be rematerialized
                           3288 ;	skipping iCode since result will be rematerialized
                           3289 ;	skipping iCode since result will be rematerialized
                           3290 ;	skipping iCode since result will be rematerialized
                           3291 ;	skipping iCode since result will be rematerialized
                           3292 ;	skipping iCode since result will be rematerialized
                           3293 ;	genIpush
                           3294 ;	genMove_o size 2 result type 2 source type 1 a_dead 1 hl_dead 1 de_dead 1 iy_dead 1 f_dead 1
   083E 21 EE 00      [10] 3295 	ld	hl, #0x00ee
   0841 E5            [11] 3296 	push	hl
                           3297 ;	genIpush
                           3298 ;	genMove_o size 2 result type 2 source type 7 a_dead 1 hl_dead 1 de_dead 1 iy_dead 1 f_dead 1
   0842 21r58s10      [10] 3299 	ld	hl, #__str_2
   0845 E5            [11] 3300 	push	hl
                           3301 ;	genSend
                           3302 ;	genMove_o size 2 result type 2 source type 7 a_dead 1 hl_dead 1 de_dead 1 iy_dead 1 f_dead 1
   0846 11r56s10      [10] 3303 	ld	de, #__str_1
                           3304 ;	genSend
                           3305 ;	genMove_o size 2 result type 2 source type 7 a_dead 1 hl_dead 1 de_dead 0 iy_dead 1 f_dead 1
   0849 21r45s10      [10] 3306 	ld	hl, #__str_0
                           3307 ;	genCall
   084C CDr00s00      [17] 3308 	call	___fail
                           3309 ;	genLabel
   084F                    3310 00198$:
                           3311 ;cases/./../tests/gcc-torture-execute-divcmp-1.c:239: if (test6(9) != 0)
                           3312 ;	genSend
                           3313 ;	genMove_o size 2 result type 2 source type 1 a_dead 1 hl_dead 1 de_dead 1 iy_dead 1 f_dead 1
   084F 21 09 00      [10] 3314 	ld	hl, #0x0009
                           3315 ;	genCall
   0852 CDrC3s00      [17] 3316 	call	_test6
                           3317 ;	genMove_o size 2 result type 2 source type 2 a_dead 1 hl_dead 1 de_dead 1 iy_dead 1 f_dead 1
                           3318 ;	genIfx
   0855 7A            [ 4] 3319 	ld	a, d
   0856 B3            [ 4] 3320 	or	a, e
                           3321 ; common peephole 163 changed absolute to relative conditional jump.
   0857 28 18         [12] 3322 	jr	z, 00200$
                           3323 ;cases/./../tests/gcc-torture-execute-divcmp-1.c:240: ASSERT (0);
                           3324 ;	genPlus
                           3325 ;	genMove_o size 2 result type 2 source type 10 a_dead 1 hl_dead 1 de_dead 1 iy_dead 1 f_dead 1
   0859 2Ar00s00      [16] 3326 	ld	hl, (___numTests)
   085C 23            [ 6] 3327 	inc	hl
                           3328 ;	genMove_o size 2 result type 10 source type 2 a_dead 1 hl_dead 1 de_dead 1 iy_dead 1 f_dead 1
   085D 22r00s00      [16] 3329 	ld	(___numTests), hl
                           3330 ;	skipping iCode since result will be rematerialized
                           3331 ;	skipping iCode since result will be rematerialized
                           3332 ;	skipping iCode since result will be rematerialized
                           3333 ;	skipping iCode since result will be rematerialized
                           3334 ;	skipping iCode since result will be rematerialized
                           3335 ;	skipping iCode since result will be rematerialized
                           3336 ;	genIpush
                           3337 ;	genMove_o size 2 result type 2 source type 1 a_dead 1 hl_dead 1 de_dead 1 iy_dead 1 f_dead 1
   0860 21 F0 00      [10] 3338 	ld	hl, #0x00f0
   0863 E5            [11] 3339 	push	hl
                           3340 ;	genIpush
                           3341 ;	genMove_o size 2 result type 2 source type 7 a_dead 1 hl_dead 1 de_dead 1 iy_dead 1 f_dead 1
   0864 21r58s10      [10] 3342 	ld	hl, #__str_2
   0867 E5            [11] 3343 	push	hl
                           3344 ;	genSend
                           3345 ;	genMove_o size 2 result type 2 source type 7 a_dead 1 hl_dead 1 de_dead 1 iy_dead 1 f_dead 1
   0868 11r56s10      [10] 3346 	ld	de, #__str_1
                           3347 ;	genSend
                           3348 ;	genMove_o size 2 result type 2 source type 7 a_dead 1 hl_dead 1 de_dead 0 iy_dead 1 f_dead 1
   086B 21r45s10      [10] 3349 	ld	hl, #__str_0
                           3350 ;	genCall
   086E CDr00s00      [17] 3351 	call	___fail
                           3352 ;	genLabel
   0871                    3353 00200$:
                           3354 ;cases/./../tests/gcc-torture-execute-divcmp-1.c:241: if (test6(10) != 0)
                           3355 ;	genSend
                           3356 ;	genMove_o size 2 result type 2 source type 1 a_dead 1 hl_dead 1 de_dead 1 iy_dead 1 f_dead 1
   0871 21 0A 00      [10] 3357 	ld	hl, #0x000a
                           3358 ;	genCall
   0874 CDrC3s00      [17] 3359 	call	_test6
                           3360 ;	genMove_o size 2 result type 2 source type 2 a_dead 1 hl_dead 1 de_dead 1 iy_dead 1 f_dead 1
                           3361 ;	genIfx
   0877 7A            [ 4] 3362 	ld	a, d
   0878 B3            [ 4] 3363 	or	a, e
                           3364 ; common peephole 163 changed absolute to relative conditional jump.
   0879 28 18         [12] 3365 	jr	z, 00202$
                           3366 ;cases/./../tests/gcc-torture-execute-divcmp-1.c:242: ASSERT (0);
                           3367 ;	genPlus
                           3368 ;	genMove_o size 2 result type 2 source type 10 a_dead 1 hl_dead 1 de_dead 1 iy_dead 1 f_dead 1
   087B 2Ar00s00      [16] 3369 	ld	hl, (___numTests)
   087E 23            [ 6] 3370 	inc	hl
                           3371 ;	genMove_o size 2 result type 10 source type 2 a_dead 1 hl_dead 1 de_dead 1 iy_dead 1 f_dead 1
   087F 22r00s00      [16] 3372 	ld	(___numTests), hl
                           3373 ;	skipping iCode since result will be rematerialized
                           3374 ;	skipping iCode since result will be rematerialized
                           3375 ;	skipping iCode since result will be rematerialized
                           3376 ;	skipping iCode since result will be rematerialized
                           3377 ;	skipping iCode since result will be rematerialized
                           3378 ;	skipping iCode since result will be rematerialized
                           3379 ;	genIpush
                           3380 ;	genMove_o size 2 result type 2 source type 1 a_dead 1 hl_dead 1 de_dead 1 iy_dead 1 f_dead 1
   0882 21 F2 00      [10] 3381 	ld	hl, #0x00f2
   0885 E5            [11] 3382 	push	hl
                           3383 ;	genIpush
                           3384 ;	genMove_o size 2 result type 2 source type 7 a_dead 1 hl_dead 1 de_dead 1 iy_dead 1 f_dead 1
   0886 21r58s10      [10] 3385 	ld	hl, #__str_2
   0889 E5            [11] 3386 	push	hl
                           3387 ;	genSend
                           3388 ;	genMove_o size 2 result type 2 source type 7 a_dead 1 hl_dead 1 de_dead 1 iy_dead 1 f_dead 1
   088A 11r56s10      [10] 3389 	ld	de, #__str_1
                           3390 ;	genSend
                           3391 ;	genMove_o size 2 result type 2 source type 7 a_dead 1 hl_dead 1 de_dead 0 iy_dead 1 f_dead 1
   088D 21r45s10      [10] 3392 	ld	hl, #__str_0
                           3393 ;	genCall
   0890 CDr00s00      [17] 3394 	call	___fail
                           3395 ;	genLabel
   0893                    3396 00202$:
                           3397 ;cases/./../tests/gcc-torture-execute-divcmp-1.c:243: if (test6(-1) != 0)
                           3398 ;	genSend
                           3399 ;	genMove_o size 2 result type 2 source type 1 a_dead 1 hl_dead 1 de_dead 1 iy_dead 1 f_dead 1
   0893 21 FF FF      [10] 3400 	ld	hl, #0xffff
                           3401 ;	genCall
   0896 CDrC3s00      [17] 3402 	call	_test6
                           3403 ;	genMove_o size 2 result type 2 source type 2 a_dead 1 hl_dead 1 de_dead 1 iy_dead 1 f_dead 1
                           3404 ;	genIfx
   0899 7A            [ 4] 3405 	ld	a, d
   089A B3            [ 4] 3406 	or	a, e
                           3407 ; common peephole 163 changed absolute to relative conditional jump.
   089B 28 18         [12] 3408 	jr	z, 00204$
                           3409 ;cases/./../tests/gcc-torture-execute-divcmp-1.c:244: ASSERT (0);
                           3410 ;	genPlus
                           3411 ;	genMove_o size 2 result type 2 source type 10 a_dead 1 hl_dead 1 de_dead 1 iy_dead 1 f_dead 1
   089D 2Ar00s00      [16] 3412 	ld	hl, (___numTests)
   08A0 23            [ 6] 3413 	inc	hl
                           3414 ;	genMove_o size 2 result type 10 source type 2 a_dead 1 hl_dead 1 de_dead 1 iy_dead 1 f_dead 1
   08A1 22r00s00      [16] 3415 	ld	(___numTests), hl
                           3416 ;	skipping iCode since result will be rematerialized
                           3417 ;	skipping iCode since result will be rematerialized
                           3418 ;	skipping iCode since result will be rematerialized
                           3419 ;	skipping iCode since result will be rematerialized
                           3420 ;	skipping iCode since result will be rematerialized
                           3421 ;	skipping iCode since result will be rematerialized
                           3422 ;	genIpush
                           3423 ;	genMove_o size 2 result type 2 source type 1 a_dead 1 hl_dead 1 de_dead 1 iy_dead 1 f_dead 1
   08A4 21 F4 00      [10] 3424 	ld	hl, #0x00f4
   08A7 E5            [11] 3425 	push	hl
                           3426 ;	genIpush
                           3427 ;	genMove_o size 2 result type 2 source type 7 a_dead 1 hl_dead 1 de_dead 1 iy_dead 1 f_dead 1
   08A8 21r58s10      [10] 3428 	ld	hl, #__str_2
   08AB E5            [11] 3429 	push	hl
                           3430 ;	genSend
                           3431 ;	genMove_o size 2 result type 2 source type 7 a_dead 1 hl_dead 1 de_dead 1 iy_dead 1 f_dead 1
   08AC 11r56s10      [10] 3432 	ld	de, #__str_1
                           3433 ;	genSend
                           3434 ;	genMove_o size 2 result type 2 source type 7 a_dead 1 hl_dead 1 de_dead 0 iy_dead 1 f_dead 1
   08AF 21r45s10      [10] 3435 	ld	hl, #__str_0
                           3436 ;	genCall
   08B2 CDr00s00      [17] 3437 	call	___fail
                           3438 ;	genLabel
   08B5                    3439 00204$:
                           3440 ;cases/./../tests/gcc-torture-execute-divcmp-1.c:245: if (test6(-9) != 0)
                           3441 ;	genSend
                           3442 ;	genMove_o size 2 result type 2 source type 1 a_dead 1 hl_dead 1 de_dead 1 iy_dead 1 f_dead 1
   08B5 21 F7 FF      [10] 3443 	ld	hl, #0xfff7
                           3444 ;	genCall
   08B8 CDrC3s00      [17] 3445 	call	_test6
                           3446 ;	genMove_o size 2 result type 2 source type 2 a_dead 1 hl_dead 1 de_dead 1 iy_dead 1 f_dead 1
                           3447 ;	genIfx
   08BB 7A            [ 4] 3448 	ld	a, d
   08BC B3            [ 4] 3449 	or	a, e
                           3450 ; common peephole 163 changed absolute to relative conditional jump.
   08BD 28 18         [12] 3451 	jr	z, 00206$
                           3452 ;cases/./../tests/gcc-torture-execute-divcmp-1.c:246: ASSERT (0);
                           3453 ;	genPlus
                           3454 ;	genMove_o size 2 result type 2 source type 10 a_dead 1 hl_dead 1 de_dead 1 iy_dead 1 f_dead 1
   08BF 2Ar00s00      [16] 3455 	ld	hl, (___numTests)
   08C2 23            [ 6] 3456 	inc	hl
                           3457 ;	genMove_o size 2 result type 10 source type 2 a_dead 1 hl_dead 1 de_dead 1 iy_dead 1 f_dead 1
   08C3 22r00s00      [16] 3458 	ld	(___numTests), hl
                           3459 ;	skipping iCode since result will be rematerialized
                           3460 ;	skipping iCode since result will be rematerialized
                           3461 ;	skipping iCode since result will be rematerialized
                           3462 ;	skipping iCode since result will be rematerialized
                           3463 ;	skipping iCode since result will be rematerialized
                           3464 ;	skipping iCode since result will be rematerialized
                           3465 ;	genIpush
                           3466 ;	genMove_o size 2 result type 2 source type 1 a_dead 1 hl_dead 1 de_dead 1 iy_dead 1 f_dead 1
   08C6 21 F6 00      [10] 3467 	ld	hl, #0x00f6
   08C9 E5            [11] 3468 	push	hl
                           3469 ;	genIpush
                           3470 ;	genMove_o size 2 result type 2 source type 7 a_dead 1 hl_dead 1 de_dead 1 iy_dead 1 f_dead 1
   08CA 21r58s10      [10] 3471 	ld	hl, #__str_2
   08CD E5            [11] 3472 	push	hl
                           3473 ;	genSend
                           3474 ;	genMove_o size 2 result type 2 source type 7 a_dead 1 hl_dead 1 de_dead 1 iy_dead 1 f_dead 1
   08CE 11r56s10      [10] 3475 	ld	de, #__str_1
                           3476 ;	genSend
                           3477 ;	genMove_o size 2 result type 2 source type 7 a_dead 1 hl_dead 1 de_dead 0 iy_dead 1 f_dead 1
   08D1 21r45s10      [10] 3478 	ld	hl, #__str_0
                           3479 ;	genCall
   08D4 CDr00s00      [17] 3480 	call	___fail
                           3481 ;	genLabel
   08D7                    3482 00206$:
                           3483 ;cases/./../tests/gcc-torture-execute-divcmp-1.c:247: if (test6(-10) != 1)
                           3484 ;	genSend
                           3485 ;	genMove_o size 2 result type 2 source type 1 a_dead 1 hl_dead 1 de_dead 1 iy_dead 1 f_dead 1
   08D7 21 F6 FF      [10] 3486 	ld	hl, #0xfff6
                           3487 ;	genCall
   08DA CDrC3s00      [17] 3488 	call	_test6
                           3489 ;	genMove_o size 2 result type 2 source type 2 a_dead 1 hl_dead 1 de_dead 1 iy_dead 1 f_dead 1
                           3490 ;	genCmpEq
                           3491 ;	genMove_o size 1 result type 2 source type 2 a_dead 1 hl_dead 1 de_dead 0 iy_dead 0 f_dead 1
   08DD 7B            [ 4] 3492 	ld	a, e
                           3493 ;	genMove_o size 0 result type 2 source type 1 a_dead 1 hl_dead 1 de_dead 0 iy_dead 0 f_dead 1
   08DE 3D            [ 4] 3494 	dec	a
   08DF B2            [ 4] 3495 	or	a, d
                           3496 ; common peephole 163 changed absolute to relative conditional jump.
   08E0 28 18         [12] 3497 	jr	z, 00208$
                           3498 ; common peephole 81 removed jp by using inverse jump logic
                           3499 ; common peephole 159 removed unused label 01205$.
                           3500 ;	skipping generated iCode
                           3501 ;cases/./../tests/gcc-torture-execute-divcmp-1.c:248: ASSERT (0);
                           3502 ;	genPlus
                           3503 ;	genMove_o size 2 result type 2 source type 10 a_dead 1 hl_dead 1 de_dead 1 iy_dead 1 f_dead 1
   08E2 2Ar00s00      [16] 3504 	ld	hl, (___numTests)
   08E5 23            [ 6] 3505 	inc	hl
                           3506 ;	genMove_o size 2 result type 10 source type 2 a_dead 1 hl_dead 1 de_dead 1 iy_dead 1 f_dead 1
   08E6 22r00s00      [16] 3507 	ld	(___numTests), hl
                           3508 ;	skipping iCode since result will be rematerialized
                           3509 ;	skipping iCode since result will be rematerialized
                           3510 ;	skipping iCode since result will be rematerialized
                           3511 ;	skipping iCode since result will be rematerialized
                           3512 ;	skipping iCode since result will be rematerialized
                           3513 ;	skipping iCode since result will be rematerialized
                           3514 ;	genIpush
                           3515 ;	genMove_o size 2 result type 2 source type 1 a_dead 1 hl_dead 1 de_dead 1 iy_dead 1 f_dead 1
   08E9 21 F8 00      [10] 3516 	ld	hl, #0x00f8
   08EC E5            [11] 3517 	push	hl
                           3518 ;	genIpush
                           3519 ;	genMove_o size 2 result type 2 source type 7 a_dead 1 hl_dead 1 de_dead 1 iy_dead 1 f_dead 1
   08ED 21r58s10      [10] 3520 	ld	hl, #__str_2
   08F0 E5            [11] 3521 	push	hl
                           3522 ;	genSend
                           3523 ;	genMove_o size 2 result type 2 source type 7 a_dead 1 hl_dead 1 de_dead 1 iy_dead 1 f_dead 1
   08F1 11r56s10      [10] 3524 	ld	de, #__str_1
                           3525 ;	genSend
                           3526 ;	genMove_o size 2 result type 2 source type 7 a_dead 1 hl_dead 1 de_dead 0 iy_dead 1 f_dead 1
   08F4 21r45s10      [10] 3527 	ld	hl, #__str_0
                           3528 ;	genCall
   08F7 CDr00s00      [17] 3529 	call	___fail
                           3530 ;	genLabel
   08FA                    3531 00208$:
                           3532 ;cases/./../tests/gcc-torture-execute-divcmp-1.c:250: if (test7(19) != 1)
                           3533 ;	genSend
                           3534 ;	genMove_o size 2 result type 2 source type 1 a_dead 1 hl_dead 1 de_dead 1 iy_dead 1 f_dead 1
   08FA 21 13 00      [10] 3535 	ld	hl, #0x0013
                           3536 ;	genCall
   08FD CDrD1s00      [17] 3537 	call	_test7
                           3538 ;	genMove_o size 2 result type 2 source type 2 a_dead 1 hl_dead 1 de_dead 1 iy_dead 1 f_dead 1
                           3539 ;	genCmpEq
                           3540 ;	genMove_o size 1 result type 2 source type 2 a_dead 1 hl_dead 1 de_dead 0 iy_dead 0 f_dead 1
   0900 7B            [ 4] 3541 	ld	a, e
                           3542 ;	genMove_o size 0 result type 2 source type 1 a_dead 1 hl_dead 1 de_dead 0 iy_dead 0 f_dead 1
   0901 3D            [ 4] 3543 	dec	a
   0902 B2            [ 4] 3544 	or	a, d
                           3545 ; common peephole 163 changed absolute to relative conditional jump.
   0903 28 18         [12] 3546 	jr	z, 00210$
                           3547 ; common peephole 81 removed jp by using inverse jump logic
                           3548 ; common peephole 159 removed unused label 01206$.
                           3549 ;	skipping generated iCode
                           3550 ;cases/./../tests/gcc-torture-execute-divcmp-1.c:251: ASSERT (0);
                           3551 ;	genPlus
                           3552 ;	genMove_o size 2 result type 2 source type 10 a_dead 1 hl_dead 1 de_dead 1 iy_dead 1 f_dead 1
   0905 2Ar00s00      [16] 3553 	ld	hl, (___numTests)
   0908 23            [ 6] 3554 	inc	hl
                           3555 ;	genMove_o size 2 result type 10 source type 2 a_dead 1 hl_dead 1 de_dead 1 iy_dead 1 f_dead 1
   0909 22r00s00      [16] 3556 	ld	(___numTests), hl
                           3557 ;	skipping iCode since result will be rematerialized
                           3558 ;	skipping iCode since result will be rematerialized
                           3559 ;	skipping iCode since result will be rematerialized
                           3560 ;	skipping iCode since result will be rematerialized
                           3561 ;	skipping iCode since result will be rematerialized
                           3562 ;	skipping iCode since result will be rematerialized
                           3563 ;	genIpush
                           3564 ;	genMove_o size 2 result type 2 source type 1 a_dead 1 hl_dead 1 de_dead 1 iy_dead 1 f_dead 1
   090C 21 FB 00      [10] 3565 	ld	hl, #0x00fb
   090F E5            [11] 3566 	push	hl
                           3567 ;	genIpush
                           3568 ;	genMove_o size 2 result type 2 source type 7 a_dead 1 hl_dead 1 de_dead 1 iy_dead 1 f_dead 1
   0910 21r58s10      [10] 3569 	ld	hl, #__str_2
   0913 E5            [11] 3570 	push	hl
                           3571 ;	genSend
                           3572 ;	genMove_o size 2 result type 2 source type 7 a_dead 1 hl_dead 1 de_dead 1 iy_dead 1 f_dead 1
   0914 11r56s10      [10] 3573 	ld	de, #__str_1
                           3574 ;	genSend
                           3575 ;	genMove_o size 2 result type 2 source type 7 a_dead 1 hl_dead 1 de_dead 0 iy_dead 1 f_dead 1
   0917 21r45s10      [10] 3576 	ld	hl, #__str_0
                           3577 ;	genCall
   091A CDr00s00      [17] 3578 	call	___fail
                           3579 ;	genLabel
   091D                    3580 00210$:
                           3581 ;cases/./../tests/gcc-torture-execute-divcmp-1.c:252: if (test7(20) != 1)
                           3582 ;	genSend
                           3583 ;	genMove_o size 2 result type 2 source type 1 a_dead 1 hl_dead 1 de_dead 1 iy_dead 1 f_dead 1
   091D 21 14 00      [10] 3584 	ld	hl, #0x0014
                           3585 ;	genCall
   0920 CDrD1s00      [17] 3586 	call	_test7
                           3587 ;	genMove_o size 2 result type 2 source type 2 a_dead 1 hl_dead 1 de_dead 1 iy_dead 1 f_dead 1
                           3588 ;	genCmpEq
                           3589 ;	genMove_o size 1 result type 2 source type 2 a_dead 1 hl_dead 1 de_dead 0 iy_dead 0 f_dead 1
   0923 7B            [ 4] 3590 	ld	a, e
                           3591 ;	genMove_o size 0 result type 2 source type 1 a_dead 1 hl_dead 1 de_dead 0 iy_dead 0 f_dead 1
   0924 3D            [ 4] 3592 	dec	a
   0925 B2            [ 4] 3593 	or	a, d
                           3594 ; common peephole 163 changed absolute to relative conditional jump.
   0926 28 18         [12] 3595 	jr	z, 00212$
                           3596 ; common peephole 81 removed jp by using inverse jump logic
                           3597 ; common peephole 159 removed unused label 01207$.
                           3598 ;	skipping generated iCode
                           3599 ;cases/./../tests/gcc-torture-execute-divcmp-1.c:253: ASSERT (0);
                           3600 ;	genPlus
                           3601 ;	genMove_o size 2 result type 2 source type 10 a_dead 1 hl_dead 1 de_dead 1 iy_dead 1 f_dead 1
   0928 2Ar00s00      [16] 3602 	ld	hl, (___numTests)
   092B 23            [ 6] 3603 	inc	hl
                           3604 ;	genMove_o size 2 result type 10 source type 2 a_dead 1 hl_dead 1 de_dead 1 iy_dead 1 f_dead 1
   092C 22r00s00      [16] 3605 	ld	(___numTests), hl
                           3606 ;	skipping iCode since result will be rematerialized
                           3607 ;	skipping iCode since result will be rematerialized
                           3608 ;	skipping iCode since result will be rematerialized
                           3609 ;	skipping iCode since result will be rematerialized
                           3610 ;	skipping iCode since result will be rematerialized
                           3611 ;	skipping iCode since result will be rematerialized
                           3612 ;	genIpush
                           3613 ;	genMove_o size 2 result type 2 source type 1 a_dead 1 hl_dead 1 de_dead 1 iy_dead 1 f_dead 1
   092F 21 FD 00      [10] 3614 	ld	hl, #0x00fd
   0932 E5            [11] 3615 	push	hl
                           3616 ;	genIpush
                           3617 ;	genMove_o size 2 result type 2 source type 7 a_dead 1 hl_dead 1 de_dead 1 iy_dead 1 f_dead 1
   0933 21r58s10      [10] 3618 	ld	hl, #__str_2
   0936 E5            [11] 3619 	push	hl
                           3620 ;	genSend
                           3621 ;	genMove_o size 2 result type 2 source type 7 a_dead 1 hl_dead 1 de_dead 1 iy_dead 1 f_dead 1
   0937 11r56s10      [10] 3622 	ld	de, #__str_1
                           3623 ;	genSend
                           3624 ;	genMove_o size 2 result type 2 source type 7 a_dead 1 hl_dead 1 de_dead 0 iy_dead 1 f_dead 1
   093A 21r45s10      [10] 3625 	ld	hl, #__str_0
                           3626 ;	genCall
   093D CDr00s00      [17] 3627 	call	___fail
                           3628 ;	genLabel
   0940                    3629 00212$:
                           3630 ;cases/./../tests/gcc-torture-execute-divcmp-1.c:254: if (test7(29) != 1)
                           3631 ;	genSend
                           3632 ;	genMove_o size 2 result type 2 source type 1 a_dead 1 hl_dead 1 de_dead 1 iy_dead 1 f_dead 1
   0940 21 1D 00      [10] 3633 	ld	hl, #0x001d
                           3634 ;	genCall
   0943 CDrD1s00      [17] 3635 	call	_test7
                           3636 ;	genMove_o size 2 result type 2 source type 2 a_dead 1 hl_dead 1 de_dead 1 iy_dead 1 f_dead 1
                           3637 ;	genCmpEq
                           3638 ;	genMove_o size 1 result type 2 source type 2 a_dead 1 hl_dead 1 de_dead 0 iy_dead 0 f_dead 1
   0946 7B            [ 4] 3639 	ld	a, e
                           3640 ;	genMove_o size 0 result type 2 source type 1 a_dead 1 hl_dead 1 de_dead 0 iy_dead 0 f_dead 1
   0947 3D            [ 4] 3641 	dec	a
   0948 B2            [ 4] 3642 	or	a, d
                           3643 ; common peephole 163 changed absolute to relative conditional jump.
   0949 28 18         [12] 3644 	jr	z, 00214$
                           3645 ; common peephole 81 removed jp by using inverse jump logic
                           3646 ; common peephole 159 removed unused label 01208$.
                           3647 ;	skipping generated iCode
                           3648 ;cases/./../tests/gcc-torture-execute-divcmp-1.c:255: ASSERT (0);
                           3649 ;	genPlus
                           3650 ;	genMove_o size 2 result type 2 source type 10 a_dead 1 hl_dead 1 de_dead 1 iy_dead 1 f_dead 1
   094B 2Ar00s00      [16] 3651 	ld	hl, (___numTests)
   094E 23            [ 6] 3652 	inc	hl
                           3653 ;	genMove_o size 2 result type 10 source type 2 a_dead 1 hl_dead 1 de_dead 1 iy_dead 1 f_dead 1
   094F 22r00s00      [16] 3654 	ld	(___numTests), hl
                           3655 ;	skipping iCode since result will be rematerialized
                           3656 ;	skipping iCode since result will be rematerialized
                           3657 ;	skipping iCode since result will be rematerialized
                           3658 ;	skipping iCode since result will be rematerialized
                           3659 ;	skipping iCode since result will be rematerialized
                           3660 ;	skipping iCode since result will be rematerialized
                           3661 ;	genIpush
                           3662 ;	genMove_o size 2 result type 2 source type 1 a_dead 1 hl_dead 1 de_dead 1 iy_dead 1 f_dead 1
   0952 21 FF 00      [10] 3663 	ld	hl, #0x00ff
   0955 E5            [11] 3664 	push	hl
                           3665 ;	genIpush
                           3666 ;	genMove_o size 2 result type 2 source type 7 a_dead 1 hl_dead 1 de_dead 1 iy_dead 1 f_dead 1
   0956 21r58s10      [10] 3667 	ld	hl, #__str_2
   0959 E5            [11] 3668 	push	hl
                           3669 ;	genSend
                           3670 ;	genMove_o size 2 result type 2 source type 7 a_dead 1 hl_dead 1 de_dead 1 iy_dead 1 f_dead 1
   095A 11r56s10      [10] 3671 	ld	de, #__str_1
                           3672 ;	genSend
                           3673 ;	genMove_o size 2 result type 2 source type 7 a_dead 1 hl_dead 1 de_dead 0 iy_dead 1 f_dead 1
   095D 21r45s10      [10] 3674 	ld	hl, #__str_0
                           3675 ;	genCall
   0960 CDr00s00      [17] 3676 	call	___fail
                           3677 ;	genLabel
   0963                    3678 00214$:
                           3679 ;cases/./../tests/gcc-torture-execute-divcmp-1.c:256: if (test7(30) != 0)
                           3680 ;	genSend
                           3681 ;	genMove_o size 2 result type 2 source type 1 a_dead 1 hl_dead 1 de_dead 1 iy_dead 1 f_dead 1
   0963 21 1E 00      [10] 3682 	ld	hl, #0x001e
                           3683 ;	genCall
   0966 CDrD1s00      [17] 3684 	call	_test7
                           3685 ;	genMove_o size 2 result type 2 source type 2 a_dead 1 hl_dead 1 de_dead 1 iy_dead 1 f_dead 1
                           3686 ;	genIfx
   0969 7A            [ 4] 3687 	ld	a, d
   096A B3            [ 4] 3688 	or	a, e
                           3689 ; common peephole 163 changed absolute to relative conditional jump.
   096B 28 18         [12] 3690 	jr	z, 00216$
                           3691 ;cases/./../tests/gcc-torture-execute-divcmp-1.c:257: ASSERT (0);
                           3692 ;	genPlus
                           3693 ;	genMove_o size 2 result type 2 source type 10 a_dead 1 hl_dead 1 de_dead 1 iy_dead 1 f_dead 1
   096D 2Ar00s00      [16] 3694 	ld	hl, (___numTests)
   0970 23            [ 6] 3695 	inc	hl
                           3696 ;	genMove_o size 2 result type 10 source type 2 a_dead 1 hl_dead 1 de_dead 1 iy_dead 1 f_dead 1
   0971 22r00s00      [16] 3697 	ld	(___numTests), hl
                           3698 ;	skipping iCode since result will be rematerialized
                           3699 ;	skipping iCode since result will be rematerialized
                           3700 ;	skipping iCode since result will be rematerialized
                           3701 ;	skipping iCode since result will be rematerialized
                           3702 ;	skipping iCode since result will be rematerialized
                           3703 ;	skipping iCode since result will be rematerialized
                           3704 ;	genIpush
                           3705 ;	genMove_o size 2 result type 2 source type 1 a_dead 1 hl_dead 1 de_dead 1 iy_dead 1 f_dead 1
   0974 21 01 01      [10] 3706 	ld	hl, #0x0101
   0977 E5            [11] 3707 	push	hl
                           3708 ;	genIpush
                           3709 ;	genMove_o size 2 result type 2 source type 7 a_dead 1 hl_dead 1 de_dead 1 iy_dead 1 f_dead 1
   0978 21r58s10      [10] 3710 	ld	hl, #__str_2
   097B E5            [11] 3711 	push	hl
                           3712 ;	genSend
                           3713 ;	genMove_o size 2 result type 2 source type 7 a_dead 1 hl_dead 1 de_dead 1 iy_dead 1 f_dead 1
   097C 11r56s10      [10] 3714 	ld	de, #__str_1
                           3715 ;	genSend
                           3716 ;	genMove_o size 2 result type 2 source type 7 a_dead 1 hl_dead 1 de_dead 0 iy_dead 1 f_dead 1
   097F 21r45s10      [10] 3717 	ld	hl, #__str_0
                           3718 ;	genCall
   0982 CDr00s00      [17] 3719 	call	___fail
                           3720 ;	genLabel
   0985                    3721 00216$:
                           3722 ;cases/./../tests/gcc-torture-execute-divcmp-1.c:259: if (test7u(19) != 1)
                           3723 ;	genSend
                           3724 ;	genMove_o size 2 result type 2 source type 1 a_dead 1 hl_dead 1 de_dead 1 iy_dead 1 f_dead 1
   0985 21 13 00      [10] 3725 	ld	hl, #0x0013
                           3726 ;	genCall
   0988 CDrEBs00      [17] 3727 	call	_test7u
                           3728 ;	genMove_o size 2 result type 2 source type 2 a_dead 1 hl_dead 1 de_dead 1 iy_dead 1 f_dead 1
                           3729 ;	genCmpEq
                           3730 ;	genMove_o size 1 result type 2 source type 2 a_dead 1 hl_dead 1 de_dead 0 iy_dead 0 f_dead 1
   098B 7B            [ 4] 3731 	ld	a, e
                           3732 ;	genMove_o size 0 result type 2 source type 1 a_dead 1 hl_dead 1 de_dead 0 iy_dead 0 f_dead 1
   098C 3D            [ 4] 3733 	dec	a
   098D B2            [ 4] 3734 	or	a, d
                           3735 ; common peephole 163 changed absolute to relative conditional jump.
   098E 28 18         [12] 3736 	jr	z, 00218$
                           3737 ; common peephole 81 removed jp by using inverse jump logic
                           3738 ; common peephole 159 removed unused label 01209$.
                           3739 ;	skipping generated iCode
                           3740 ;cases/./../tests/gcc-torture-execute-divcmp-1.c:260: ASSERT (0);
                           3741 ;	genPlus
                           3742 ;	genMove_o size 2 result type 2 source type 10 a_dead 1 hl_dead 1 de_dead 1 iy_dead 1 f_dead 1
   0990 2Ar00s00      [16] 3743 	ld	hl, (___numTests)
   0993 23            [ 6] 3744 	inc	hl
                           3745 ;	genMove_o size 2 result type 10 source type 2 a_dead 1 hl_dead 1 de_dead 1 iy_dead 1 f_dead 1
   0994 22r00s00      [16] 3746 	ld	(___numTests), hl
                           3747 ;	skipping iCode since result will be rematerialized
                           3748 ;	skipping iCode since result will be rematerialized
                           3749 ;	skipping iCode since result will be rematerialized
                           3750 ;	skipping iCode since result will be rematerialized
                           3751 ;	skipping iCode since result will be rematerialized
                           3752 ;	skipping iCode since result will be rematerialized
                           3753 ;	genIpush
                           3754 ;	genMove_o size 2 result type 2 source type 1 a_dead 1 hl_dead 1 de_dead 1 iy_dead 1 f_dead 1
   0997 21 04 01      [10] 3755 	ld	hl, #0x0104
   099A E5            [11] 3756 	push	hl
                           3757 ;	genIpush
                           3758 ;	genMove_o size 2 result type 2 source type 7 a_dead 1 hl_dead 1 de_dead 1 iy_dead 1 f_dead 1
   099B 21r58s10      [10] 3759 	ld	hl, #__str_2
   099E E5            [11] 3760 	push	hl
                           3761 ;	genSend
                           3762 ;	genMove_o size 2 result type 2 source type 7 a_dead 1 hl_dead 1 de_dead 1 iy_dead 1 f_dead 1
   099F 11r56s10      [10] 3763 	ld	de, #__str_1
                           3764 ;	genSend
                           3765 ;	genMove_o size 2 result type 2 source type 7 a_dead 1 hl_dead 1 de_dead 0 iy_dead 1 f_dead 1
   09A2 21r45s10      [10] 3766 	ld	hl, #__str_0
                           3767 ;	genCall
   09A5 CDr00s00      [17] 3768 	call	___fail
                           3769 ;	genLabel
   09A8                    3770 00218$:
                           3771 ;cases/./../tests/gcc-torture-execute-divcmp-1.c:261: if (test7u(20) != 1)
                           3772 ;	genSend
                           3773 ;	genMove_o size 2 result type 2 source type 1 a_dead 1 hl_dead 1 de_dead 1 iy_dead 1 f_dead 1
   09A8 21 14 00      [10] 3774 	ld	hl, #0x0014
                           3775 ;	genCall
   09AB CDrEBs00      [17] 3776 	call	_test7u
                           3777 ;	genMove_o size 2 result type 2 source type 2 a_dead 1 hl_dead 1 de_dead 1 iy_dead 1 f_dead 1
                           3778 ;	genCmpEq
                           3779 ;	genMove_o size 1 result type 2 source type 2 a_dead 1 hl_dead 1 de_dead 0 iy_dead 0 f_dead 1
   09AE 7B            [ 4] 3780 	ld	a, e
                           3781 ;	genMove_o size 0 result type 2 source type 1 a_dead 1 hl_dead 1 de_dead 0 iy_dead 0 f_dead 1
   09AF 3D            [ 4] 3782 	dec	a
   09B0 B2            [ 4] 3783 	or	a, d
                           3784 ; common peephole 163 changed absolute to relative conditional jump.
   09B1 28 18         [12] 3785 	jr	z, 00220$
                           3786 ; common peephole 81 removed jp by using inverse jump logic
                           3787 ; common peephole 159 removed unused label 01210$.
                           3788 ;	skipping generated iCode
                           3789 ;cases/./../tests/gcc-torture-execute-divcmp-1.c:262: ASSERT (0);
                           3790 ;	genPlus
                           3791 ;	genMove_o size 2 result type 2 source type 10 a_dead 1 hl_dead 1 de_dead 1 iy_dead 1 f_dead 1
   09B3 2Ar00s00      [16] 3792 	ld	hl, (___numTests)
   09B6 23            [ 6] 3793 	inc	hl
                           3794 ;	genMove_o size 2 result type 10 source type 2 a_dead 1 hl_dead 1 de_dead 1 iy_dead 1 f_dead 1
   09B7 22r00s00      [16] 3795 	ld	(___numTests), hl
                           3796 ;	skipping iCode since result will be rematerialized
                           3797 ;	skipping iCode since result will be rematerialized
                           3798 ;	skipping iCode since result will be rematerialized
                           3799 ;	skipping iCode since result will be rematerialized
                           3800 ;	skipping iCode since result will be rematerialized
                           3801 ;	skipping iCode since result will be rematerialized
                           3802 ;	genIpush
                           3803 ;	genMove_o size 2 result type 2 source type 1 a_dead 1 hl_dead 1 de_dead 1 iy_dead 1 f_dead 1
   09BA 21 06 01      [10] 3804 	ld	hl, #0x0106
   09BD E5            [11] 3805 	push	hl
                           3806 ;	genIpush
                           3807 ;	genMove_o size 2 result type 2 source type 7 a_dead 1 hl_dead 1 de_dead 1 iy_dead 1 f_dead 1
   09BE 21r58s10      [10] 3808 	ld	hl, #__str_2
   09C1 E5            [11] 3809 	push	hl
                           3810 ;	genSend
                           3811 ;	genMove_o size 2 result type 2 source type 7 a_dead 1 hl_dead 1 de_dead 1 iy_dead 1 f_dead 1
   09C2 11r56s10      [10] 3812 	ld	de, #__str_1
                           3813 ;	genSend
                           3814 ;	genMove_o size 2 result type 2 source type 7 a_dead 1 hl_dead 1 de_dead 0 iy_dead 1 f_dead 1
   09C5 21r45s10      [10] 3815 	ld	hl, #__str_0
                           3816 ;	genCall
   09C8 CDr00s00      [17] 3817 	call	___fail
                           3818 ;	genLabel
   09CB                    3819 00220$:
                           3820 ;cases/./../tests/gcc-torture-execute-divcmp-1.c:263: if (test7u(29) != 1)
                           3821 ;	genSend
                           3822 ;	genMove_o size 2 result type 2 source type 1 a_dead 1 hl_dead 1 de_dead 1 iy_dead 1 f_dead 1
   09CB 21 1D 00      [10] 3823 	ld	hl, #0x001d
                           3824 ;	genCall
   09CE CDrEBs00      [17] 3825 	call	_test7u
                           3826 ;	genMove_o size 2 result type 2 source type 2 a_dead 1 hl_dead 1 de_dead 1 iy_dead 1 f_dead 1
                           3827 ;	genCmpEq
                           3828 ;	genMove_o size 1 result type 2 source type 2 a_dead 1 hl_dead 1 de_dead 0 iy_dead 0 f_dead 1
   09D1 7B            [ 4] 3829 	ld	a, e
                           3830 ;	genMove_o size 0 result type 2 source type 1 a_dead 1 hl_dead 1 de_dead 0 iy_dead 0 f_dead 1
   09D2 3D            [ 4] 3831 	dec	a
   09D3 B2            [ 4] 3832 	or	a, d
                           3833 ; common peephole 163 changed absolute to relative conditional jump.
   09D4 28 18         [12] 3834 	jr	z, 00222$
                           3835 ; common peephole 81 removed jp by using inverse jump logic
                           3836 ; common peephole 159 removed unused label 01211$.
                           3837 ;	skipping generated iCode
                           3838 ;cases/./../tests/gcc-torture-execute-divcmp-1.c:264: ASSERT (0);
                           3839 ;	genPlus
                           3840 ;	genMove_o size 2 result type 2 source type 10 a_dead 1 hl_dead 1 de_dead 1 iy_dead 1 f_dead 1
   09D6 2Ar00s00      [16] 3841 	ld	hl, (___numTests)
   09D9 23            [ 6] 3842 	inc	hl
                           3843 ;	genMove_o size 2 result type 10 source type 2 a_dead 1 hl_dead 1 de_dead 1 iy_dead 1 f_dead 1
   09DA 22r00s00      [16] 3844 	ld	(___numTests), hl
                           3845 ;	skipping iCode since result will be rematerialized
                           3846 ;	skipping iCode since result will be rematerialized
                           3847 ;	skipping iCode since result will be rematerialized
                           3848 ;	skipping iCode since result will be rematerialized
                           3849 ;	skipping iCode since result will be rematerialized
                           3850 ;	skipping iCode since result will be rematerialized
                           3851 ;	genIpush
                           3852 ;	genMove_o size 2 result type 2 source type 1 a_dead 1 hl_dead 1 de_dead 1 iy_dead 1 f_dead 1
   09DD 21 08 01      [10] 3853 	ld	hl, #0x0108
   09E0 E5            [11] 3854 	push	hl
                           3855 ;	genIpush
                           3856 ;	genMove_o size 2 result type 2 source type 7 a_dead 1 hl_dead 1 de_dead 1 iy_dead 1 f_dead 1
   09E1 21r58s10      [10] 3857 	ld	hl, #__str_2
   09E4 E5            [11] 3858 	push	hl
                           3859 ;	genSend
                           3860 ;	genMove_o size 2 result type 2 source type 7 a_dead 1 hl_dead 1 de_dead 1 iy_dead 1 f_dead 1
   09E5 11r56s10      [10] 3861 	ld	de, #__str_1
                           3862 ;	genSend
                           3863 ;	genMove_o size 2 result type 2 source type 7 a_dead 1 hl_dead 1 de_dead 0 iy_dead 1 f_dead 1
   09E8 21r45s10      [10] 3864 	ld	hl, #__str_0
                           3865 ;	genCall
   09EB CDr00s00      [17] 3866 	call	___fail
                           3867 ;	genLabel
   09EE                    3868 00222$:
                           3869 ;cases/./../tests/gcc-torture-execute-divcmp-1.c:265: if (test7u(30) != 0)
                           3870 ;	genSend
                           3871 ;	genMove_o size 2 result type 2 source type 1 a_dead 1 hl_dead 1 de_dead 1 iy_dead 1 f_dead 1
   09EE 21 1E 00      [10] 3872 	ld	hl, #0x001e
                           3873 ;	genCall
   09F1 CDrEBs00      [17] 3874 	call	_test7u
                           3875 ;	genMove_o size 2 result type 2 source type 2 a_dead 1 hl_dead 1 de_dead 1 iy_dead 1 f_dead 1
                           3876 ;	genIfx
   09F4 7A            [ 4] 3877 	ld	a, d
   09F5 B3            [ 4] 3878 	or	a, e
                           3879 ; common peephole 163 changed absolute to relative conditional jump.
   09F6 28 18         [12] 3880 	jr	z, 00224$
                           3881 ;cases/./../tests/gcc-torture-execute-divcmp-1.c:266: ASSERT (0);
                           3882 ;	genPlus
                           3883 ;	genMove_o size 2 result type 2 source type 10 a_dead 1 hl_dead 1 de_dead 1 iy_dead 1 f_dead 1
   09F8 2Ar00s00      [16] 3884 	ld	hl, (___numTests)
   09FB 23            [ 6] 3885 	inc	hl
                           3886 ;	genMove_o size 2 result type 10 source type 2 a_dead 1 hl_dead 1 de_dead 1 iy_dead 1 f_dead 1
   09FC 22r00s00      [16] 3887 	ld	(___numTests), hl
                           3888 ;	skipping iCode since result will be rematerialized
                           3889 ;	skipping iCode since result will be rematerialized
                           3890 ;	skipping iCode since result will be rematerialized
                           3891 ;	skipping iCode since result will be rematerialized
                           3892 ;	skipping iCode since result will be rematerialized
                           3893 ;	skipping iCode since result will be rematerialized
                           3894 ;	genIpush
                           3895 ;	genMove_o size 2 result type 2 source type 1 a_dead 1 hl_dead 1 de_dead 1 iy_dead 1 f_dead 1
   09FF 21 0A 01      [10] 3896 	ld	hl, #0x010a
   0A02 E5            [11] 3897 	push	hl
                           3898 ;	genIpush
                           3899 ;	genMove_o size 2 result type 2 source type 7 a_dead 1 hl_dead 1 de_dead 1 iy_dead 1 f_dead 1
   0A03 21r58s10      [10] 3900 	ld	hl, #__str_2
   0A06 E5            [11] 3901 	push	hl
                           3902 ;	genSend
                           3903 ;	genMove_o size 2 result type 2 source type 7 a_dead 1 hl_dead 1 de_dead 1 iy_dead 1 f_dead 1
   0A07 11r56s10      [10] 3904 	ld	de, #__str_1
                           3905 ;	genSend
                           3906 ;	genMove_o size 2 result type 2 source type 7 a_dead 1 hl_dead 1 de_dead 0 iy_dead 1 f_dead 1
   0A0A 21r45s10      [10] 3907 	ld	hl, #__str_0
                           3908 ;	genCall
   0A0D CDr00s00      [17] 3909 	call	___fail
                           3910 ;	genLabel
   0A10                    3911 00224$:
                           3912 ;cases/./../tests/gcc-torture-execute-divcmp-1.c:268: if (test8(0) != 1)
                           3913 ;	genSend
                           3914 ;	genMove_o size 2 result type 2 source type 1 a_dead 1 hl_dead 1 de_dead 1 iy_dead 1 f_dead 1
   0A10 21 00 00      [10] 3915 	ld	hl, #0x0000
                           3916 ;	genCall
   0A13 CDr00s01      [17] 3917 	call	_test8
                           3918 ;	genMove_o size 2 result type 2 source type 2 a_dead 1 hl_dead 1 de_dead 1 iy_dead 1 f_dead 1
                           3919 ;	genCmpEq
                           3920 ;	genMove_o size 1 result type 2 source type 2 a_dead 1 hl_dead 1 de_dead 0 iy_dead 0 f_dead 1
   0A16 7B            [ 4] 3921 	ld	a, e
                           3922 ;	genMove_o size 0 result type 2 source type 1 a_dead 1 hl_dead 1 de_dead 0 iy_dead 0 f_dead 1
   0A17 3D            [ 4] 3923 	dec	a
   0A18 B2            [ 4] 3924 	or	a, d
                           3925 ; common peephole 163 changed absolute to relative conditional jump.
   0A19 28 18         [12] 3926 	jr	z, 00226$
                           3927 ; common peephole 81 removed jp by using inverse jump logic
                           3928 ; common peephole 159 removed unused label 01212$.
                           3929 ;	skipping generated iCode
                           3930 ;cases/./../tests/gcc-torture-execute-divcmp-1.c:269: ASSERT (0);
                           3931 ;	genPlus
                           3932 ;	genMove_o size 2 result type 2 source type 10 a_dead 1 hl_dead 1 de_dead 1 iy_dead 1 f_dead 1
   0A1B 2Ar00s00      [16] 3933 	ld	hl, (___numTests)
   0A1E 23            [ 6] 3934 	inc	hl
                           3935 ;	genMove_o size 2 result type 10 source type 2 a_dead 1 hl_dead 1 de_dead 1 iy_dead 1 f_dead 1
   0A1F 22r00s00      [16] 3936 	ld	(___numTests), hl
                           3937 ;	skipping iCode since result will be rematerialized
                           3938 ;	skipping iCode since result will be rematerialized
                           3939 ;	skipping iCode since result will be rematerialized
                           3940 ;	skipping iCode since result will be rematerialized
                           3941 ;	skipping iCode since result will be rematerialized
                           3942 ;	skipping iCode since result will be rematerialized
                           3943 ;	genIpush
                           3944 ;	genMove_o size 2 result type 2 source type 1 a_dead 1 hl_dead 1 de_dead 1 iy_dead 1 f_dead 1
   0A22 21 0D 01      [10] 3945 	ld	hl, #0x010d
   0A25 E5            [11] 3946 	push	hl
                           3947 ;	genIpush
                           3948 ;	genMove_o size 2 result type 2 source type 7 a_dead 1 hl_dead 1 de_dead 1 iy_dead 1 f_dead 1
   0A26 21r58s10      [10] 3949 	ld	hl, #__str_2
   0A29 E5            [11] 3950 	push	hl
                           3951 ;	genSend
                           3952 ;	genMove_o size 2 result type 2 source type 7 a_dead 1 hl_dead 1 de_dead 1 iy_dead 1 f_dead 1
   0A2A 11r56s10      [10] 3953 	ld	de, #__str_1
                           3954 ;	genSend
                           3955 ;	genMove_o size 2 result type 2 source type 7 a_dead 1 hl_dead 1 de_dead 0 iy_dead 1 f_dead 1
   0A2D 21r45s10      [10] 3956 	ld	hl, #__str_0
                           3957 ;	genCall
   0A30 CDr00s00      [17] 3958 	call	___fail
                           3959 ;	genLabel
   0A33                    3960 00226$:
                           3961 ;cases/./../tests/gcc-torture-execute-divcmp-1.c:270: if (test8(9) != 1)
                           3962 ;	genSend
                           3963 ;	genMove_o size 2 result type 2 source type 1 a_dead 1 hl_dead 1 de_dead 1 iy_dead 1 f_dead 1
   0A33 21 09 00      [10] 3964 	ld	hl, #0x0009
                           3965 ;	genCall
   0A36 CDr00s01      [17] 3966 	call	_test8
                           3967 ;	genMove_o size 2 result type 2 source type 2 a_dead 1 hl_dead 1 de_dead 1 iy_dead 1 f_dead 1
                           3968 ;	genCmpEq
                           3969 ;	genMove_o size 1 result type 2 source type 2 a_dead 1 hl_dead 1 de_dead 0 iy_dead 0 f_dead 1
   0A39 7B            [ 4] 3970 	ld	a, e
                           3971 ;	genMove_o size 0 result type 2 source type 1 a_dead 1 hl_dead 1 de_dead 0 iy_dead 0 f_dead 1
   0A3A 3D            [ 4] 3972 	dec	a
   0A3B B2            [ 4] 3973 	or	a, d
                           3974 ; common peephole 163 changed absolute to relative conditional jump.
   0A3C 28 18         [12] 3975 	jr	z, 00228$
                           3976 ; common peephole 81 removed jp by using inverse jump logic
                           3977 ; common peephole 159 removed unused label 01213$.
                           3978 ;	skipping generated iCode
                           3979 ;cases/./../tests/gcc-torture-execute-divcmp-1.c:271: ASSERT (0);
                           3980 ;	genPlus
                           3981 ;	genMove_o size 2 result type 2 source type 10 a_dead 1 hl_dead 1 de_dead 1 iy_dead 1 f_dead 1
   0A3E 2Ar00s00      [16] 3982 	ld	hl, (___numTests)
   0A41 23            [ 6] 3983 	inc	hl
                           3984 ;	genMove_o size 2 result type 10 source type 2 a_dead 1 hl_dead 1 de_dead 1 iy_dead 1 f_dead 1
   0A42 22r00s00      [16] 3985 	ld	(___numTests), hl
                           3986 ;	skipping iCode since result will be rematerialized
                           3987 ;	skipping iCode since result will be rematerialized
                           3988 ;	skipping iCode since result will be rematerialized
                           3989 ;	skipping iCode since result will be rematerialized
                           3990 ;	skipping iCode since result will be rematerialized
                           3991 ;	skipping iCode since result will be rematerialized
                           3992 ;	genIpush
                           3993 ;	genMove_o size 2 result type 2 source type 1 a_dead 1 hl_dead 1 de_dead 1 iy_dead 1 f_dead 1
   0A45 21 0F 01      [10] 3994 	ld	hl, #0x010f
   0A48 E5            [11] 3995 	push	hl
                           3996 ;	genIpush
                           3997 ;	genMove_o size 2 result type 2 source type 7 a_dead 1 hl_dead 1 de_dead 1 iy_dead 1 f_dead 1
   0A49 21r58s10      [10] 3998 	ld	hl, #__str_2
   0A4C E5            [11] 3999 	push	hl
                           4000 ;	genSend
                           4001 ;	genMove_o size 2 result type 2 source type 7 a_dead 1 hl_dead 1 de_dead 1 iy_dead 1 f_dead 1
   0A4D 11r56s10      [10] 4002 	ld	de, #__str_1
                           4003 ;	genSend
                           4004 ;	genMove_o size 2 result type 2 source type 7 a_dead 1 hl_dead 1 de_dead 0 iy_dead 1 f_dead 1
   0A50 21r45s10      [10] 4005 	ld	hl, #__str_0
                           4006 ;	genCall
   0A53 CDr00s00      [17] 4007 	call	___fail
                           4008 ;	genLabel
   0A56                    4009 00228$:
                           4010 ;cases/./../tests/gcc-torture-execute-divcmp-1.c:272: if (test8(10) != 0)
                           4011 ;	genSend
                           4012 ;	genMove_o size 2 result type 2 source type 1 a_dead 1 hl_dead 1 de_dead 1 iy_dead 1 f_dead 1
   0A56 21 0A 00      [10] 4013 	ld	hl, #0x000a
                           4014 ;	genCall
   0A59 CDr00s01      [17] 4015 	call	_test8
                           4016 ;	genMove_o size 2 result type 2 source type 2 a_dead 1 hl_dead 1 de_dead 1 iy_dead 1 f_dead 1
                           4017 ;	genIfx
   0A5C 7A            [ 4] 4018 	ld	a, d
   0A5D B3            [ 4] 4019 	or	a, e
                           4020 ; common peephole 163 changed absolute to relative conditional jump.
   0A5E 28 18         [12] 4021 	jr	z, 00230$
                           4022 ;cases/./../tests/gcc-torture-execute-divcmp-1.c:273: ASSERT (0);
                           4023 ;	genPlus
                           4024 ;	genMove_o size 2 result type 2 source type 10 a_dead 1 hl_dead 1 de_dead 1 iy_dead 1 f_dead 1
   0A60 2Ar00s00      [16] 4025 	ld	hl, (___numTests)
   0A63 23            [ 6] 4026 	inc	hl
                           4027 ;	genMove_o size 2 result type 10 source type 2 a_dead 1 hl_dead 1 de_dead 1 iy_dead 1 f_dead 1
   0A64 22r00s00      [16] 4028 	ld	(___numTests), hl
                           4029 ;	skipping iCode since result will be rematerialized
                           4030 ;	skipping iCode since result will be rematerialized
                           4031 ;	skipping iCode since result will be rematerialized
                           4032 ;	skipping iCode since result will be rematerialized
                           4033 ;	skipping iCode since result will be rematerialized
                           4034 ;	skipping iCode since result will be rematerialized
                           4035 ;	genIpush
                           4036 ;	genMove_o size 2 result type 2 source type 1 a_dead 1 hl_dead 1 de_dead 1 iy_dead 1 f_dead 1
   0A67 21 11 01      [10] 4037 	ld	hl, #0x0111
   0A6A E5            [11] 4038 	push	hl
                           4039 ;	genIpush
                           4040 ;	genMove_o size 2 result type 2 source type 7 a_dead 1 hl_dead 1 de_dead 1 iy_dead 1 f_dead 1
   0A6B 21r58s10      [10] 4041 	ld	hl, #__str_2
   0A6E E5            [11] 4042 	push	hl
                           4043 ;	genSend
                           4044 ;	genMove_o size 2 result type 2 source type 7 a_dead 1 hl_dead 1 de_dead 1 iy_dead 1 f_dead 1
   0A6F 11r56s10      [10] 4045 	ld	de, #__str_1
                           4046 ;	genSend
                           4047 ;	genMove_o size 2 result type 2 source type 7 a_dead 1 hl_dead 1 de_dead 0 iy_dead 1 f_dead 1
   0A72 21r45s10      [10] 4048 	ld	hl, #__str_0
                           4049 ;	genCall
   0A75 CDr00s00      [17] 4050 	call	___fail
                           4051 ;	genLabel
   0A78                    4052 00230$:
                           4053 ;cases/./../tests/gcc-torture-execute-divcmp-1.c:274: if (test8(-1) != 1)
                           4054 ;	genSend
                           4055 ;	genMove_o size 2 result type 2 source type 1 a_dead 1 hl_dead 1 de_dead 1 iy_dead 1 f_dead 1
   0A78 21 FF FF      [10] 4056 	ld	hl, #0xffff
                           4057 ;	genCall
   0A7B CDr00s01      [17] 4058 	call	_test8
                           4059 ;	genMove_o size 2 result type 2 source type 2 a_dead 1 hl_dead 1 de_dead 1 iy_dead 1 f_dead 1
                           4060 ;	genCmpEq
                           4061 ;	genMove_o size 1 result type 2 source type 2 a_dead 1 hl_dead 1 de_dead 0 iy_dead 0 f_dead 1
   0A7E 7B            [ 4] 4062 	ld	a, e
                           4063 ;	genMove_o size 0 result type 2 source type 1 a_dead 1 hl_dead 1 de_dead 0 iy_dead 0 f_dead 1
   0A7F 3D            [ 4] 4064 	dec	a
   0A80 B2            [ 4] 4065 	or	a, d
                           4066 ; common peephole 163 changed absolute to relative conditional jump.
   0A81 28 18         [12] 4067 	jr	z, 00232$
                           4068 ; common peephole 81 removed jp by using inverse jump logic
                           4069 ; common peephole 159 removed unused label 01214$.
                           4070 ;	skipping generated iCode
                           4071 ;cases/./../tests/gcc-torture-execute-divcmp-1.c:275: ASSERT (0);
                           4072 ;	genPlus
                           4073 ;	genMove_o size 2 result type 2 source type 10 a_dead 1 hl_dead 1 de_dead 1 iy_dead 1 f_dead 1
   0A83 2Ar00s00      [16] 4074 	ld	hl, (___numTests)
   0A86 23            [ 6] 4075 	inc	hl
                           4076 ;	genMove_o size 2 result type 10 source type 2 a_dead 1 hl_dead 1 de_dead 1 iy_dead 1 f_dead 1
   0A87 22r00s00      [16] 4077 	ld	(___numTests), hl
                           4078 ;	skipping iCode since result will be rematerialized
                           4079 ;	skipping iCode since result will be rematerialized
                           4080 ;	skipping iCode since result will be rematerialized
                           4081 ;	skipping iCode since result will be rematerialized
                           4082 ;	skipping iCode since result will be rematerialized
                           4083 ;	skipping iCode since result will be rematerialized
                           4084 ;	genIpush
                           4085 ;	genMove_o size 2 result type 2 source type 1 a_dead 1 hl_dead 1 de_dead 1 iy_dead 1 f_dead 1
   0A8A 21 13 01      [10] 4086 	ld	hl, #0x0113
   0A8D E5            [11] 4087 	push	hl
                           4088 ;	genIpush
                           4089 ;	genMove_o size 2 result type 2 source type 7 a_dead 1 hl_dead 1 de_dead 1 iy_dead 1 f_dead 1
   0A8E 21r58s10      [10] 4090 	ld	hl, #__str_2
   0A91 E5            [11] 4091 	push	hl
                           4092 ;	genSend
                           4093 ;	genMove_o size 2 result type 2 source type 7 a_dead 1 hl_dead 1 de_dead 1 iy_dead 1 f_dead 1
   0A92 11r56s10      [10] 4094 	ld	de, #__str_1
                           4095 ;	genSend
                           4096 ;	genMove_o size 2 result type 2 source type 7 a_dead 1 hl_dead 1 de_dead 0 iy_dead 1 f_dead 1
   0A95 21r45s10      [10] 4097 	ld	hl, #__str_0
                           4098 ;	genCall
   0A98 CDr00s00      [17] 4099 	call	___fail
                           4100 ;	genLabel
   0A9B                    4101 00232$:
                           4102 ;cases/./../tests/gcc-torture-execute-divcmp-1.c:276: if (test8(-9) != 1)
                           4103 ;	genSend
                           4104 ;	genMove_o size 2 result type 2 source type 1 a_dead 1 hl_dead 1 de_dead 1 iy_dead 1 f_dead 1
   0A9B 21 F7 FF      [10] 4105 	ld	hl, #0xfff7
                           4106 ;	genCall
   0A9E CDr00s01      [17] 4107 	call	_test8
                           4108 ;	genMove_o size 2 result type 2 source type 2 a_dead 1 hl_dead 1 de_dead 1 iy_dead 1 f_dead 1
                           4109 ;	genCmpEq
                           4110 ;	genMove_o size 1 result type 2 source type 2 a_dead 1 hl_dead 1 de_dead 0 iy_dead 0 f_dead 1
   0AA1 7B            [ 4] 4111 	ld	a, e
                           4112 ;	genMove_o size 0 result type 2 source type 1 a_dead 1 hl_dead 1 de_dead 0 iy_dead 0 f_dead 1
   0AA2 3D            [ 4] 4113 	dec	a
   0AA3 B2            [ 4] 4114 	or	a, d
                           4115 ; common peephole 163 changed absolute to relative conditional jump.
   0AA4 28 18         [12] 4116 	jr	z, 00234$
                           4117 ; common peephole 81 removed jp by using inverse jump logic
                           4118 ; common peephole 159 removed unused label 01215$.
                           4119 ;	skipping generated iCode
                           4120 ;cases/./../tests/gcc-torture-execute-divcmp-1.c:277: ASSERT (0);
                           4121 ;	genPlus
                           4122 ;	genMove_o size 2 result type 2 source type 10 a_dead 1 hl_dead 1 de_dead 1 iy_dead 1 f_dead 1
   0AA6 2Ar00s00      [16] 4123 	ld	hl, (___numTests)
   0AA9 23            [ 6] 4124 	inc	hl
                           4125 ;	genMove_o size 2 result type 10 source type 2 a_dead 1 hl_dead 1 de_dead 1 iy_dead 1 f_dead 1
   0AAA 22r00s00      [16] 4126 	ld	(___numTests), hl
                           4127 ;	skipping iCode since result will be rematerialized
                           4128 ;	skipping iCode since result will be rematerialized
                           4129 ;	skipping iCode since result will be rematerialized
                           4130 ;	skipping iCode since result will be rematerialized
                           4131 ;	skipping iCode since result will be rematerialized
                           4132 ;	skipping iCode since result will be rematerialized
                           4133 ;	genIpush
                           4134 ;	genMove_o size 2 result type 2 source type 1 a_dead 1 hl_dead 1 de_dead 1 iy_dead 1 f_dead 1
   0AAD 21 15 01      [10] 4135 	ld	hl, #0x0115
   0AB0 E5            [11] 4136 	push	hl
                           4137 ;	genIpush
                           4138 ;	genMove_o size 2 result type 2 source type 7 a_dead 1 hl_dead 1 de_dead 1 iy_dead 1 f_dead 1
   0AB1 21r58s10      [10] 4139 	ld	hl, #__str_2
   0AB4 E5            [11] 4140 	push	hl
                           4141 ;	genSend
                           4142 ;	genMove_o size 2 result type 2 source type 7 a_dead 1 hl_dead 1 de_dead 1 iy_dead 1 f_dead 1
   0AB5 11r56s10      [10] 4143 	ld	de, #__str_1
                           4144 ;	genSend
                           4145 ;	genMove_o size 2 result type 2 source type 7 a_dead 1 hl_dead 1 de_dead 0 iy_dead 1 f_dead 1
   0AB8 21r45s10      [10] 4146 	ld	hl, #__str_0
                           4147 ;	genCall
   0ABB CDr00s00      [17] 4148 	call	___fail
                           4149 ;	genLabel
   0ABE                    4150 00234$:
                           4151 ;cases/./../tests/gcc-torture-execute-divcmp-1.c:278: if (test8(-10) != 1)
                           4152 ;	genSend
                           4153 ;	genMove_o size 2 result type 2 source type 1 a_dead 1 hl_dead 1 de_dead 1 iy_dead 1 f_dead 1
   0ABE 21 F6 FF      [10] 4154 	ld	hl, #0xfff6
                           4155 ;	genCall
   0AC1 CDr00s01      [17] 4156 	call	_test8
                           4157 ;	genMove_o size 2 result type 2 source type 2 a_dead 1 hl_dead 1 de_dead 1 iy_dead 1 f_dead 1
                           4158 ;	genCmpEq
                           4159 ;	genMove_o size 1 result type 2 source type 2 a_dead 1 hl_dead 1 de_dead 0 iy_dead 0 f_dead 1
   0AC4 7B            [ 4] 4160 	ld	a, e
                           4161 ;	genMove_o size 0 result type 2 source type 1 a_dead 1 hl_dead 1 de_dead 0 iy_dead 0 f_dead 1
   0AC5 3D            [ 4] 4162 	dec	a
   0AC6 B2            [ 4] 4163 	or	a, d
                           4164 ; common peephole 163 changed absolute to relative conditional jump.
   0AC7 28 18         [12] 4165 	jr	z, 00236$
                           4166 ; common peephole 81 removed jp by using inverse jump logic
                           4167 ; common peephole 159 removed unused label 01216$.
                           4168 ;	skipping generated iCode
                           4169 ;cases/./../tests/gcc-torture-execute-divcmp-1.c:279: ASSERT (0);
                           4170 ;	genPlus
                           4171 ;	genMove_o size 2 result type 2 source type 10 a_dead 1 hl_dead 1 de_dead 1 iy_dead 1 f_dead 1
   0AC9 2Ar00s00      [16] 4172 	ld	hl, (___numTests)
   0ACC 23            [ 6] 4173 	inc	hl
                           4174 ;	genMove_o size 2 result type 10 source type 2 a_dead 1 hl_dead 1 de_dead 1 iy_dead 1 f_dead 1
   0ACD 22r00s00      [16] 4175 	ld	(___numTests), hl
                           4176 ;	skipping iCode since result will be rematerialized
                           4177 ;	skipping iCode since result will be rematerialized
                           4178 ;	skipping iCode since result will be rematerialized
                           4179 ;	skipping iCode since result will be rematerialized
                           4180 ;	skipping iCode since result will be rematerialized
                           4181 ;	skipping iCode since result will be rematerialized
                           4182 ;	genIpush
                           4183 ;	genMove_o size 2 result type 2 source type 1 a_dead 1 hl_dead 1 de_dead 1 iy_dead 1 f_dead 1
   0AD0 21 17 01      [10] 4184 	ld	hl, #0x0117
   0AD3 E5            [11] 4185 	push	hl
                           4186 ;	genIpush
                           4187 ;	genMove_o size 2 result type 2 source type 7 a_dead 1 hl_dead 1 de_dead 1 iy_dead 1 f_dead 1
   0AD4 21r58s10      [10] 4188 	ld	hl, #__str_2
   0AD7 E5            [11] 4189 	push	hl
                           4190 ;	genSend
                           4191 ;	genMove_o size 2 result type 2 source type 7 a_dead 1 hl_dead 1 de_dead 1 iy_dead 1 f_dead 1
   0AD8 11r56s10      [10] 4192 	ld	de, #__str_1
                           4193 ;	genSend
                           4194 ;	genMove_o size 2 result type 2 source type 7 a_dead 1 hl_dead 1 de_dead 0 iy_dead 1 f_dead 1
   0ADB 21r45s10      [10] 4195 	ld	hl, #__str_0
                           4196 ;	genCall
   0ADE CDr00s00      [17] 4197 	call	___fail
                           4198 ;	genLabel
   0AE1                    4199 00236$:
                           4200 ;cases/./../tests/gcc-torture-execute-divcmp-1.c:281: if (test8u(0) != 1)
                           4201 ;	genSend
                           4202 ;	genMove_o size 2 result type 2 source type 1 a_dead 1 hl_dead 1 de_dead 1 iy_dead 1 f_dead 1
   0AE1 21 00 00      [10] 4203 	ld	hl, #0x0000
                           4204 ;	genCall
   0AE4 CDr17s01      [17] 4205 	call	_test8u
                           4206 ;	genMove_o size 2 result type 2 source type 2 a_dead 1 hl_dead 1 de_dead 1 iy_dead 1 f_dead 1
                           4207 ;	genCmpEq
                           4208 ;	genMove_o size 1 result type 2 source type 2 a_dead 1 hl_dead 1 de_dead 0 iy_dead 0 f_dead 1
   0AE7 7B            [ 4] 4209 	ld	a, e
                           4210 ;	genMove_o size 0 result type 2 source type 1 a_dead 1 hl_dead 1 de_dead 0 iy_dead 0 f_dead 1
   0AE8 3D            [ 4] 4211 	dec	a
   0AE9 B2            [ 4] 4212 	or	a, d
                           4213 ; common peephole 163 changed absolute to relative conditional jump.
   0AEA 28 18         [12] 4214 	jr	z, 00238$
                           4215 ; common peephole 81 removed jp by using inverse jump logic
                           4216 ; common peephole 159 removed unused label 01217$.
                           4217 ;	skipping generated iCode
                           4218 ;cases/./../tests/gcc-torture-execute-divcmp-1.c:282: ASSERT (0);
                           4219 ;	genPlus
                           4220 ;	genMove_o size 2 result type 2 source type 10 a_dead 1 hl_dead 1 de_dead 1 iy_dead 1 f_dead 1
   0AEC 2Ar00s00      [16] 4221 	ld	hl, (___numTests)
   0AEF 23            [ 6] 4222 	inc	hl
                           4223 ;	genMove_o size 2 result type 10 source type 2 a_dead 1 hl_dead 1 de_dead 1 iy_dead 1 f_dead 1
   0AF0 22r00s00      [16] 4224 	ld	(___numTests), hl
                           4225 ;	skipping iCode since result will be rematerialized
                           4226 ;	skipping iCode since result will be rematerialized
                           4227 ;	skipping iCode since result will be rematerialized
                           4228 ;	skipping iCode since result will be rematerialized
                           4229 ;	skipping iCode since result will be rematerialized
                           4230 ;	skipping iCode since result will be rematerialized
                           4231 ;	genIpush
                           4232 ;	genMove_o size 2 result type 2 source type 1 a_dead 1 hl_dead 1 de_dead 1 iy_dead 1 f_dead 1
   0AF3 21 1A 01      [10] 4233 	ld	hl, #0x011a
   0AF6 E5            [11] 4234 	push	hl
                           4235 ;	genIpush
                           4236 ;	genMove_o size 2 result type 2 source type 7 a_dead 1 hl_dead 1 de_dead 1 iy_dead 1 f_dead 1
   0AF7 21r58s10      [10] 4237 	ld	hl, #__str_2
   0AFA E5            [11] 4238 	push	hl
                           4239 ;	genSend
                           4240 ;	genMove_o size 2 result type 2 source type 7 a_dead 1 hl_dead 1 de_dead 1 iy_dead 1 f_dead 1
   0AFB 11r56s10      [10] 4241 	ld	de, #__str_1
                           4242 ;	genSend
                           4243 ;	genMove_o size 2 result type 2 source type 7 a_dead 1 hl_dead 1 de_dead 0 iy_dead 1 f_dead 1
   0AFE 21r45s10      [10] 4244 	ld	hl, #__str_0
                           4245 ;	genCall
   0B01 CDr00s00      [17] 4246 	call	___fail
                           4247 ;	genLabel
   0B04                    4248 00238$:
                           4249 ;cases/./../tests/gcc-torture-execute-divcmp-1.c:283: if (test8u(9) != 1)
                           4250 ;	genSend
                           4251 ;	genMove_o size 2 result type 2 source type 1 a_dead 1 hl_dead 1 de_dead 1 iy_dead 1 f_dead 1
   0B04 21 09 00      [10] 4252 	ld	hl, #0x0009
                           4253 ;	genCall
   0B07 CDr17s01      [17] 4254 	call	_test8u
                           4255 ;	genMove_o size 2 result type 2 source type 2 a_dead 1 hl_dead 1 de_dead 1 iy_dead 1 f_dead 1
                           4256 ;	genCmpEq
                           4257 ;	genMove_o size 1 result type 2 source type 2 a_dead 1 hl_dead 1 de_dead 0 iy_dead 0 f_dead 1
   0B0A 7B            [ 4] 4258 	ld	a, e
                           4259 ;	genMove_o size 0 result type 2 source type 1 a_dead 1 hl_dead 1 de_dead 0 iy_dead 0 f_dead 1
   0B0B 3D            [ 4] 4260 	dec	a
   0B0C B2            [ 4] 4261 	or	a, d
                           4262 ; common peephole 163 changed absolute to relative conditional jump.
   0B0D 28 18         [12] 4263 	jr	z, 00240$
                           4264 ; common peephole 81 removed jp by using inverse jump logic
                           4265 ; common peephole 159 removed unused label 01218$.
                           4266 ;	skipping generated iCode
                           4267 ;cases/./../tests/gcc-torture-execute-divcmp-1.c:284: ASSERT (0);
                           4268 ;	genPlus
                           4269 ;	genMove_o size 2 result type 2 source type 10 a_dead 1 hl_dead 1 de_dead 1 iy_dead 1 f_dead 1
   0B0F 2Ar00s00      [16] 4270 	ld	hl, (___numTests)
   0B12 23            [ 6] 4271 	inc	hl
                           4272 ;	genMove_o size 2 result type 10 source type 2 a_dead 1 hl_dead 1 de_dead 1 iy_dead 1 f_dead 1
   0B13 22r00s00      [16] 4273 	ld	(___numTests), hl
                           4274 ;	skipping iCode since result will be rematerialized
                           4275 ;	skipping iCode since result will be rematerialized
                           4276 ;	skipping iCode since result will be rematerialized
                           4277 ;	skipping iCode since result will be rematerialized
                           4278 ;	skipping iCode since result will be rematerialized
                           4279 ;	skipping iCode since result will be rematerialized
                           4280 ;	genIpush
                           4281 ;	genMove_o size 2 result type 2 source type 1 a_dead 1 hl_dead 1 de_dead 1 iy_dead 1 f_dead 1
   0B16 21 1C 01      [10] 4282 	ld	hl, #0x011c
   0B19 E5            [11] 4283 	push	hl
                           4284 ;	genIpush
                           4285 ;	genMove_o size 2 result type 2 source type 7 a_dead 1 hl_dead 1 de_dead 1 iy_dead 1 f_dead 1
   0B1A 21r58s10      [10] 4286 	ld	hl, #__str_2
   0B1D E5            [11] 4287 	push	hl
                           4288 ;	genSend
                           4289 ;	genMove_o size 2 result type 2 source type 7 a_dead 1 hl_dead 1 de_dead 1 iy_dead 1 f_dead 1
   0B1E 11r56s10      [10] 4290 	ld	de, #__str_1
                           4291 ;	genSend
                           4292 ;	genMove_o size 2 result type 2 source type 7 a_dead 1 hl_dead 1 de_dead 0 iy_dead 1 f_dead 1
   0B21 21r45s10      [10] 4293 	ld	hl, #__str_0
                           4294 ;	genCall
   0B24 CDr00s00      [17] 4295 	call	___fail
                           4296 ;	genLabel
   0B27                    4297 00240$:
                           4298 ;cases/./../tests/gcc-torture-execute-divcmp-1.c:285: if (test8u(10) != 0)
                           4299 ;	genSend
                           4300 ;	genMove_o size 2 result type 2 source type 1 a_dead 1 hl_dead 1 de_dead 1 iy_dead 1 f_dead 1
   0B27 21 0A 00      [10] 4301 	ld	hl, #0x000a
                           4302 ;	genCall
   0B2A CDr17s01      [17] 4303 	call	_test8u
                           4304 ;	genMove_o size 2 result type 2 source type 2 a_dead 1 hl_dead 1 de_dead 1 iy_dead 1 f_dead 1
                           4305 ;	genIfx
   0B2D 7A            [ 4] 4306 	ld	a, d
   0B2E B3            [ 4] 4307 	or	a, e
                           4308 ; common peephole 163 changed absolute to relative conditional jump.
   0B2F 28 18         [12] 4309 	jr	z, 00242$
                           4310 ;cases/./../tests/gcc-torture-execute-divcmp-1.c:286: ASSERT (0);
                           4311 ;	genPlus
                           4312 ;	genMove_o size 2 result type 2 source type 10 a_dead 1 hl_dead 1 de_dead 1 iy_dead 1 f_dead 1
   0B31 2Ar00s00      [16] 4313 	ld	hl, (___numTests)
   0B34 23            [ 6] 4314 	inc	hl
                           4315 ;	genMove_o size 2 result type 10 source type 2 a_dead 1 hl_dead 1 de_dead 1 iy_dead 1 f_dead 1
   0B35 22r00s00      [16] 4316 	ld	(___numTests), hl
                           4317 ;	skipping iCode since result will be rematerialized
                           4318 ;	skipping iCode since result will be rematerialized
                           4319 ;	skipping iCode since result will be rematerialized
                           4320 ;	skipping iCode since result will be rematerialized
                           4321 ;	skipping iCode since result will be rematerialized
                           4322 ;	skipping iCode since result will be rematerialized
                           4323 ;	genIpush
                           4324 ;	genMove_o size 2 result type 2 source type 1 a_dead 1 hl_dead 1 de_dead 1 iy_dead 1 f_dead 1
   0B38 21 1E 01      [10] 4325 	ld	hl, #0x011e
   0B3B E5            [11] 4326 	push	hl
                           4327 ;	genIpush
                           4328 ;	genMove_o size 2 result type 2 source type 7 a_dead 1 hl_dead 1 de_dead 1 iy_dead 1 f_dead 1
   0B3C 21r58s10      [10] 4329 	ld	hl, #__str_2
   0B3F E5            [11] 4330 	push	hl
                           4331 ;	genSend
                           4332 ;	genMove_o size 2 result type 2 source type 7 a_dead 1 hl_dead 1 de_dead 1 iy_dead 1 f_dead 1
   0B40 11r56s10      [10] 4333 	ld	de, #__str_1
                           4334 ;	genSend
                           4335 ;	genMove_o size 2 result type 2 source type 7 a_dead 1 hl_dead 1 de_dead 0 iy_dead 1 f_dead 1
   0B43 21r45s10      [10] 4336 	ld	hl, #__str_0
                           4337 ;	genCall
   0B46 CDr00s00      [17] 4338 	call	___fail
                           4339 ;	genLabel
   0B49                    4340 00242$:
                           4341 ;cases/./../tests/gcc-torture-execute-divcmp-1.c:287: if (test8u(-1) != 0)
                           4342 ;	genSend
                           4343 ;	genMove_o size 2 result type 2 source type 1 a_dead 1 hl_dead 1 de_dead 1 iy_dead 1 f_dead 1
   0B49 21 FF FF      [10] 4344 	ld	hl, #0xffff
                           4345 ;	genCall
   0B4C CDr17s01      [17] 4346 	call	_test8u
                           4347 ;	genMove_o size 2 result type 2 source type 2 a_dead 1 hl_dead 1 de_dead 1 iy_dead 1 f_dead 1
                           4348 ;	genIfx
   0B4F 7A            [ 4] 4349 	ld	a, d
   0B50 B3            [ 4] 4350 	or	a, e
                           4351 ; common peephole 163 changed absolute to relative conditional jump.
   0B51 28 18         [12] 4352 	jr	z, 00244$
                           4353 ;cases/./../tests/gcc-torture-execute-divcmp-1.c:288: ASSERT (0);
                           4354 ;	genPlus
                           4355 ;	genMove_o size 2 result type 2 source type 10 a_dead 1 hl_dead 1 de_dead 1 iy_dead 1 f_dead 1
   0B53 2Ar00s00      [16] 4356 	ld	hl, (___numTests)
   0B56 23            [ 6] 4357 	inc	hl
                           4358 ;	genMove_o size 2 result type 10 source type 2 a_dead 1 hl_dead 1 de_dead 1 iy_dead 1 f_dead 1
   0B57 22r00s00      [16] 4359 	ld	(___numTests), hl
                           4360 ;	skipping iCode since result will be rematerialized
                           4361 ;	skipping iCode since result will be rematerialized
                           4362 ;	skipping iCode since result will be rematerialized
                           4363 ;	skipping iCode since result will be rematerialized
                           4364 ;	skipping iCode since result will be rematerialized
                           4365 ;	skipping iCode since result will be rematerialized
                           4366 ;	genIpush
                           4367 ;	genMove_o size 2 result type 2 source type 1 a_dead 1 hl_dead 1 de_dead 1 iy_dead 1 f_dead 1
   0B5A 21 20 01      [10] 4368 	ld	hl, #0x0120
   0B5D E5            [11] 4369 	push	hl
                           4370 ;	genIpush
                           4371 ;	genMove_o size 2 result type 2 source type 7 a_dead 1 hl_dead 1 de_dead 1 iy_dead 1 f_dead 1
   0B5E 21r58s10      [10] 4372 	ld	hl, #__str_2
   0B61 E5            [11] 4373 	push	hl
                           4374 ;	genSend
                           4375 ;	genMove_o size 2 result type 2 source type 7 a_dead 1 hl_dead 1 de_dead 1 iy_dead 1 f_dead 1
   0B62 11r56s10      [10] 4376 	ld	de, #__str_1
                           4377 ;	genSend
                           4378 ;	genMove_o size 2 result type 2 source type 7 a_dead 1 hl_dead 1 de_dead 0 iy_dead 1 f_dead 1
   0B65 21r45s10      [10] 4379 	ld	hl, #__str_0
                           4380 ;	genCall
   0B68 CDr00s00      [17] 4381 	call	___fail
                           4382 ;	genLabel
   0B6B                    4383 00244$:
                           4384 ;cases/./../tests/gcc-torture-execute-divcmp-1.c:289: if (test8u(-9) != 0)
                           4385 ;	genSend
                           4386 ;	genMove_o size 2 result type 2 source type 1 a_dead 1 hl_dead 1 de_dead 1 iy_dead 1 f_dead 1
   0B6B 21 F7 FF      [10] 4387 	ld	hl, #0xfff7
                           4388 ;	genCall
   0B6E CDr17s01      [17] 4389 	call	_test8u
                           4390 ;	genMove_o size 2 result type 2 source type 2 a_dead 1 hl_dead 1 de_dead 1 iy_dead 1 f_dead 1
                           4391 ;	genIfx
   0B71 7A            [ 4] 4392 	ld	a, d
   0B72 B3            [ 4] 4393 	or	a, e
                           4394 ; common peephole 163 changed absolute to relative conditional jump.
   0B73 28 18         [12] 4395 	jr	z, 00246$
                           4396 ;cases/./../tests/gcc-torture-execute-divcmp-1.c:290: ASSERT (0);
                           4397 ;	genPlus
                           4398 ;	genMove_o size 2 result type 2 source type 10 a_dead 1 hl_dead 1 de_dead 1 iy_dead 1 f_dead 1
   0B75 2Ar00s00      [16] 4399 	ld	hl, (___numTests)
   0B78 23            [ 6] 4400 	inc	hl
                           4401 ;	genMove_o size 2 result type 10 source type 2 a_dead 1 hl_dead 1 de_dead 1 iy_dead 1 f_dead 1
   0B79 22r00s00      [16] 4402 	ld	(___numTests), hl
                           4403 ;	skipping iCode since result will be rematerialized
                           4404 ;	skipping iCode since result will be rematerialized
                           4405 ;	skipping iCode since result will be rematerialized
                           4406 ;	skipping iCode since result will be rematerialized
                           4407 ;	skipping iCode since result will be rematerialized
                           4408 ;	skipping iCode since result will be rematerialized
                           4409 ;	genIpush
                           4410 ;	genMove_o size 2 result type 2 source type 1 a_dead 1 hl_dead 1 de_dead 1 iy_dead 1 f_dead 1
   0B7C 21 22 01      [10] 4411 	ld	hl, #0x0122
   0B7F E5            [11] 4412 	push	hl
                           4413 ;	genIpush
                           4414 ;	genMove_o size 2 result type 2 source type 7 a_dead 1 hl_dead 1 de_dead 1 iy_dead 1 f_dead 1
   0B80 21r58s10      [10] 4415 	ld	hl, #__str_2
   0B83 E5            [11] 4416 	push	hl
                           4417 ;	genSend
                           4418 ;	genMove_o size 2 result type 2 source type 7 a_dead 1 hl_dead 1 de_dead 1 iy_dead 1 f_dead 1
   0B84 11r56s10      [10] 4419 	ld	de, #__str_1
                           4420 ;	genSend
                           4421 ;	genMove_o size 2 result type 2 source type 7 a_dead 1 hl_dead 1 de_dead 0 iy_dead 1 f_dead 1
   0B87 21r45s10      [10] 4422 	ld	hl, #__str_0
                           4423 ;	genCall
   0B8A CDr00s00      [17] 4424 	call	___fail
                           4425 ;	genLabel
   0B8D                    4426 00246$:
                           4427 ;cases/./../tests/gcc-torture-execute-divcmp-1.c:291: if (test8u(-10) != 0)
                           4428 ;	genSend
                           4429 ;	genMove_o size 2 result type 2 source type 1 a_dead 1 hl_dead 1 de_dead 1 iy_dead 1 f_dead 1
   0B8D 21 F6 FF      [10] 4430 	ld	hl, #0xfff6
                           4431 ;	genCall
   0B90 CDr17s01      [17] 4432 	call	_test8u
                           4433 ;	genMove_o size 2 result type 2 source type 2 a_dead 1 hl_dead 1 de_dead 1 iy_dead 1 f_dead 1
                           4434 ;	genIfx
   0B93 7A            [ 4] 4435 	ld	a, d
   0B94 B3            [ 4] 4436 	or	a, e
                           4437 ; common peephole 163 changed absolute to relative conditional jump.
   0B95 28 18         [12] 4438 	jr	z, 00248$
                           4439 ;cases/./../tests/gcc-torture-execute-divcmp-1.c:292: ASSERT (0);
                           4440 ;	genPlus
                           4441 ;	genMove_o size 2 result type 2 source type 10 a_dead 1 hl_dead 1 de_dead 1 iy_dead 1 f_dead 1
   0B97 2Ar00s00      [16] 4442 	ld	hl, (___numTests)
   0B9A 23            [ 6] 4443 	inc	hl
                           4444 ;	genMove_o size 2 result type 10 source type 2 a_dead 1 hl_dead 1 de_dead 1 iy_dead 1 f_dead 1
   0B9B 22r00s00      [16] 4445 	ld	(___numTests), hl
                           4446 ;	skipping iCode since result will be rematerialized
                           4447 ;	skipping iCode since result will be rematerialized
                           4448 ;	skipping iCode since result will be rematerialized
                           4449 ;	skipping iCode since result will be rematerialized
                           4450 ;	skipping iCode since result will be rematerialized
                           4451 ;	skipping iCode since result will be rematerialized
                           4452 ;	genIpush
                           4453 ;	genMove_o size 2 result type 2 source type 1 a_dead 1 hl_dead 1 de_dead 1 iy_dead 1 f_dead 1
   0B9E 21 24 01      [10] 4454 	ld	hl, #0x0124
   0BA1 E5            [11] 4455 	push	hl
                           4456 ;	genIpush
                           4457 ;	genMove_o size 2 result type 2 source type 7 a_dead 1 hl_dead 1 de_dead 1 iy_dead 1 f_dead 1
   0BA2 21r58s10      [10] 4458 	ld	hl, #__str_2
   0BA5 E5            [11] 4459 	push	hl
                           4460 ;	genSend
                           4461 ;	genMove_o size 2 result type 2 source type 7 a_dead 1 hl_dead 1 de_dead 1 iy_dead 1 f_dead 1
   0BA6 11r56s10      [10] 4462 	ld	de, #__str_1
                           4463 ;	genSend
                           4464 ;	genMove_o size 2 result type 2 source type 7 a_dead 1 hl_dead 1 de_dead 0 iy_dead 1 f_dead 1
   0BA9 21r45s10      [10] 4465 	ld	hl, #__str_0
                           4466 ;	genCall
   0BAC CDr00s00      [17] 4467 	call	___fail
                           4468 ;	genLabel
   0BAF                    4469 00248$:
                           4470 ;cases/./../tests/gcc-torture-execute-divcmp-1.c:294: if (test9(19) != 0)
                           4471 ;	genSend
                           4472 ;	genMove_o size 2 result type 2 source type 1 a_dead 1 hl_dead 1 de_dead 1 iy_dead 1 f_dead 1
   0BAF 21 13 00      [10] 4473 	ld	hl, #0x0013
                           4474 ;	genCall
   0BB2 CDr28s01      [17] 4475 	call	_test9
                           4476 ;	genMove_o size 2 result type 2 source type 2 a_dead 1 hl_dead 1 de_dead 1 iy_dead 1 f_dead 1
                           4477 ;	genIfx
   0BB5 7A            [ 4] 4478 	ld	a, d
   0BB6 B3            [ 4] 4479 	or	a, e
                           4480 ; common peephole 163 changed absolute to relative conditional jump.
   0BB7 28 18         [12] 4481 	jr	z, 00250$
                           4482 ;cases/./../tests/gcc-torture-execute-divcmp-1.c:295: ASSERT (0);
                           4483 ;	genPlus
                           4484 ;	genMove_o size 2 result type 2 source type 10 a_dead 1 hl_dead 1 de_dead 1 iy_dead 1 f_dead 1
   0BB9 2Ar00s00      [16] 4485 	ld	hl, (___numTests)
   0BBC 23            [ 6] 4486 	inc	hl
                           4487 ;	genMove_o size 2 result type 10 source type 2 a_dead 1 hl_dead 1 de_dead 1 iy_dead 1 f_dead 1
   0BBD 22r00s00      [16] 4488 	ld	(___numTests), hl
                           4489 ;	skipping iCode since result will be rematerialized
                           4490 ;	skipping iCode since result will be rematerialized
                           4491 ;	skipping iCode since result will be rematerialized
                           4492 ;	skipping iCode since result will be rematerialized
                           4493 ;	skipping iCode since result will be rematerialized
                           4494 ;	skipping iCode since result will be rematerialized
                           4495 ;	genIpush
                           4496 ;	genMove_o size 2 result type 2 source type 1 a_dead 1 hl_dead 1 de_dead 1 iy_dead 1 f_dead 1
   0BC0 21 27 01      [10] 4497 	ld	hl, #0x0127
   0BC3 E5            [11] 4498 	push	hl
                           4499 ;	genIpush
                           4500 ;	genMove_o size 2 result type 2 source type 7 a_dead 1 hl_dead 1 de_dead 1 iy_dead 1 f_dead 1
   0BC4 21r58s10      [10] 4501 	ld	hl, #__str_2
   0BC7 E5            [11] 4502 	push	hl
                           4503 ;	genSend
                           4504 ;	genMove_o size 2 result type 2 source type 7 a_dead 1 hl_dead 1 de_dead 1 iy_dead 1 f_dead 1
   0BC8 11r56s10      [10] 4505 	ld	de, #__str_1
                           4506 ;	genSend
                           4507 ;	genMove_o size 2 result type 2 source type 7 a_dead 1 hl_dead 1 de_dead 0 iy_dead 1 f_dead 1
   0BCB 21r45s10      [10] 4508 	ld	hl, #__str_0
                           4509 ;	genCall
   0BCE CDr00s00      [17] 4510 	call	___fail
                           4511 ;	genLabel
   0BD1                    4512 00250$:
                           4513 ;cases/./../tests/gcc-torture-execute-divcmp-1.c:296: if (test9(20) != 0)
                           4514 ;	genSend
                           4515 ;	genMove_o size 2 result type 2 source type 1 a_dead 1 hl_dead 1 de_dead 1 iy_dead 1 f_dead 1
   0BD1 21 14 00      [10] 4516 	ld	hl, #0x0014
                           4517 ;	genCall
   0BD4 CDr28s01      [17] 4518 	call	_test9
                           4519 ;	genMove_o size 2 result type 2 source type 2 a_dead 1 hl_dead 1 de_dead 1 iy_dead 1 f_dead 1
                           4520 ;	genIfx
   0BD7 7A            [ 4] 4521 	ld	a, d
   0BD8 B3            [ 4] 4522 	or	a, e
                           4523 ; common peephole 163 changed absolute to relative conditional jump.
   0BD9 28 18         [12] 4524 	jr	z, 00252$
                           4525 ;cases/./../tests/gcc-torture-execute-divcmp-1.c:297: ASSERT (0);
                           4526 ;	genPlus
                           4527 ;	genMove_o size 2 result type 2 source type 10 a_dead 1 hl_dead 1 de_dead 1 iy_dead 1 f_dead 1
   0BDB 2Ar00s00      [16] 4528 	ld	hl, (___numTests)
   0BDE 23            [ 6] 4529 	inc	hl
                           4530 ;	genMove_o size 2 result type 10 source type 2 a_dead 1 hl_dead 1 de_dead 1 iy_dead 1 f_dead 1
   0BDF 22r00s00      [16] 4531 	ld	(___numTests), hl
                           4532 ;	skipping iCode since result will be rematerialized
                           4533 ;	skipping iCode since result will be rematerialized
                           4534 ;	skipping iCode since result will be rematerialized
                           4535 ;	skipping iCode since result will be rematerialized
                           4536 ;	skipping iCode since result will be rematerialized
                           4537 ;	skipping iCode since result will be rematerialized
                           4538 ;	genIpush
                           4539 ;	genMove_o size 2 result type 2 source type 1 a_dead 1 hl_dead 1 de_dead 1 iy_dead 1 f_dead 1
   0BE2 21 29 01      [10] 4540 	ld	hl, #0x0129
   0BE5 E5            [11] 4541 	push	hl
                           4542 ;	genIpush
                           4543 ;	genMove_o size 2 result type 2 source type 7 a_dead 1 hl_dead 1 de_dead 1 iy_dead 1 f_dead 1
   0BE6 21r58s10      [10] 4544 	ld	hl, #__str_2
   0BE9 E5            [11] 4545 	push	hl
                           4546 ;	genSend
                           4547 ;	genMove_o size 2 result type 2 source type 7 a_dead 1 hl_dead 1 de_dead 1 iy_dead 1 f_dead 1
   0BEA 11r56s10      [10] 4548 	ld	de, #__str_1
                           4549 ;	genSend
                           4550 ;	genMove_o size 2 result type 2 source type 7 a_dead 1 hl_dead 1 de_dead 0 iy_dead 1 f_dead 1
   0BED 21r45s10      [10] 4551 	ld	hl, #__str_0
                           4552 ;	genCall
   0BF0 CDr00s00      [17] 4553 	call	___fail
                           4554 ;	genLabel
   0BF3                    4555 00252$:
                           4556 ;cases/./../tests/gcc-torture-execute-divcmp-1.c:298: if (test9(29) != 0)
                           4557 ;	genSend
                           4558 ;	genMove_o size 2 result type 2 source type 1 a_dead 1 hl_dead 1 de_dead 1 iy_dead 1 f_dead 1
   0BF3 21 1D 00      [10] 4559 	ld	hl, #0x001d
                           4560 ;	genCall
   0BF6 CDr28s01      [17] 4561 	call	_test9
                           4562 ;	genMove_o size 2 result type 2 source type 2 a_dead 1 hl_dead 1 de_dead 1 iy_dead 1 f_dead 1
                           4563 ;	genIfx
   0BF9 7A            [ 4] 4564 	ld	a, d
   0BFA B3            [ 4] 4565 	or	a, e
                           4566 ; common peephole 163 changed absolute to relative conditional jump.
   0BFB 28 18         [12] 4567 	jr	z, 00254$
                           4568 ;cases/./../tests/gcc-torture-execute-divcmp-1.c:299: ASSERT (0);
                           4569 ;	genPlus
                           4570 ;	genMove_o size 2 result type 2 source type 10 a_dead 1 hl_dead 1 de_dead 1 iy_dead 1 f_dead 1
   0BFD 2Ar00s00      [16] 4571 	ld	hl, (___numTests)
   0C00 23            [ 6] 4572 	inc	hl
                           4573 ;	genMove_o size 2 result type 10 source type 2 a_dead 1 hl_dead 1 de_dead 1 iy_dead 1 f_dead 1
   0C01 22r00s00      [16] 4574 	ld	(___numTests), hl
                           4575 ;	skipping iCode since result will be rematerialized
                           4576 ;	skipping iCode since result will be rematerialized
                           4577 ;	skipping iCode since result will be rematerialized
                           4578 ;	skipping iCode since result will be rematerialized
                           4579 ;	skipping iCode since result will be rematerialized
                           4580 ;	skipping iCode since result will be rematerialized
                           4581 ;	genIpush
                           4582 ;	genMove_o size 2 result type 2 source type 1 a_dead 1 hl_dead 1 de_dead 1 iy_dead 1 f_dead 1
   0C04 21 2B 01      [10] 4583 	ld	hl, #0x012b
   0C07 E5            [11] 4584 	push	hl
                           4585 ;	genIpush
                           4586 ;	genMove_o size 2 result type 2 source type 7 a_dead 1 hl_dead 1 de_dead 1 iy_dead 1 f_dead 1
   0C08 21r58s10      [10] 4587 	ld	hl, #__str_2
   0C0B E5            [11] 4588 	push	hl
                           4589 ;	genSend
                           4590 ;	genMove_o size 2 result type 2 source type 7 a_dead 1 hl_dead 1 de_dead 1 iy_dead 1 f_dead 1
   0C0C 11r56s10      [10] 4591 	ld	de, #__str_1
                           4592 ;	genSend
                           4593 ;	genMove_o size 2 result type 2 source type 7 a_dead 1 hl_dead 1 de_dead 0 iy_dead 1 f_dead 1
   0C0F 21r45s10      [10] 4594 	ld	hl, #__str_0
                           4595 ;	genCall
   0C12 CDr00s00      [17] 4596 	call	___fail
                           4597 ;	genLabel
   0C15                    4598 00254$:
                           4599 ;cases/./../tests/gcc-torture-execute-divcmp-1.c:300: if (test9(30) != 1)
                           4600 ;	genSend
                           4601 ;	genMove_o size 2 result type 2 source type 1 a_dead 1 hl_dead 1 de_dead 1 iy_dead 1 f_dead 1
   0C15 21 1E 00      [10] 4602 	ld	hl, #0x001e
                           4603 ;	genCall
   0C18 CDr28s01      [17] 4604 	call	_test9
                           4605 ;	genMove_o size 2 result type 2 source type 2 a_dead 1 hl_dead 1 de_dead 1 iy_dead 1 f_dead 1
                           4606 ;	genCmpEq
                           4607 ;	genMove_o size 1 result type 2 source type 2 a_dead 1 hl_dead 1 de_dead 0 iy_dead 0 f_dead 1
   0C1B 7B            [ 4] 4608 	ld	a, e
                           4609 ;	genMove_o size 0 result type 2 source type 1 a_dead 1 hl_dead 1 de_dead 0 iy_dead 0 f_dead 1
   0C1C 3D            [ 4] 4610 	dec	a
   0C1D B2            [ 4] 4611 	or	a, d
                           4612 ; common peephole 163 changed absolute to relative conditional jump.
   0C1E 28 18         [12] 4613 	jr	z, 00256$
                           4614 ; common peephole 81 removed jp by using inverse jump logic
                           4615 ; common peephole 159 removed unused label 01219$.
                           4616 ;	skipping generated iCode
                           4617 ;cases/./../tests/gcc-torture-execute-divcmp-1.c:301: ASSERT (0);
                           4618 ;	genPlus
                           4619 ;	genMove_o size 2 result type 2 source type 10 a_dead 1 hl_dead 1 de_dead 1 iy_dead 1 f_dead 1
   0C20 2Ar00s00      [16] 4620 	ld	hl, (___numTests)
   0C23 23            [ 6] 4621 	inc	hl
                           4622 ;	genMove_o size 2 result type 10 source type 2 a_dead 1 hl_dead 1 de_dead 1 iy_dead 1 f_dead 1
   0C24 22r00s00      [16] 4623 	ld	(___numTests), hl
                           4624 ;	skipping iCode since result will be rematerialized
                           4625 ;	skipping iCode since result will be rematerialized
                           4626 ;	skipping iCode since result will be rematerialized
                           4627 ;	skipping iCode since result will be rematerialized
                           4628 ;	skipping iCode since result will be rematerialized
                           4629 ;	skipping iCode since result will be rematerialized
                           4630 ;	genIpush
                           4631 ;	genMove_o size 2 result type 2 source type 1 a_dead 1 hl_dead 1 de_dead 1 iy_dead 1 f_dead 1
   0C27 21 2D 01      [10] 4632 	ld	hl, #0x012d
   0C2A E5            [11] 4633 	push	hl
                           4634 ;	genIpush
                           4635 ;	genMove_o size 2 result type 2 source type 7 a_dead 1 hl_dead 1 de_dead 1 iy_dead 1 f_dead 1
   0C2B 21r58s10      [10] 4636 	ld	hl, #__str_2
   0C2E E5            [11] 4637 	push	hl
                           4638 ;	genSend
                           4639 ;	genMove_o size 2 result type 2 source type 7 a_dead 1 hl_dead 1 de_dead 1 iy_dead 1 f_dead 1
   0C2F 11r56s10      [10] 4640 	ld	de, #__str_1
                           4641 ;	genSend
                           4642 ;	genMove_o size 2 result type 2 source type 7 a_dead 1 hl_dead 1 de_dead 0 iy_dead 1 f_dead 1
   0C32 21r45s10      [10] 4643 	ld	hl, #__str_0
                           4644 ;	genCall
   0C35 CDr00s00      [17] 4645 	call	___fail
                           4646 ;	genLabel
   0C38                    4647 00256$:
                           4648 ;cases/./../tests/gcc-torture-execute-divcmp-1.c:303: if (test9u(19) != 0)
                           4649 ;	genSend
                           4650 ;	genMove_o size 2 result type 2 source type 1 a_dead 1 hl_dead 1 de_dead 1 iy_dead 1 f_dead 1
   0C38 21 13 00      [10] 4651 	ld	hl, #0x0013
                           4652 ;	genCall
   0C3B CDr40s01      [17] 4653 	call	_test9u
                           4654 ;	genMove_o size 2 result type 2 source type 2 a_dead 1 hl_dead 1 de_dead 1 iy_dead 1 f_dead 1
                           4655 ;	genIfx
   0C3E 7A            [ 4] 4656 	ld	a, d
   0C3F B3            [ 4] 4657 	or	a, e
                           4658 ; common peephole 163 changed absolute to relative conditional jump.
   0C40 28 18         [12] 4659 	jr	z, 00258$
                           4660 ;cases/./../tests/gcc-torture-execute-divcmp-1.c:304: ASSERT (0);
                           4661 ;	genPlus
                           4662 ;	genMove_o size 2 result type 2 source type 10 a_dead 1 hl_dead 1 de_dead 1 iy_dead 1 f_dead 1
   0C42 2Ar00s00      [16] 4663 	ld	hl, (___numTests)
   0C45 23            [ 6] 4664 	inc	hl
                           4665 ;	genMove_o size 2 result type 10 source type 2 a_dead 1 hl_dead 1 de_dead 1 iy_dead 1 f_dead 1
   0C46 22r00s00      [16] 4666 	ld	(___numTests), hl
                           4667 ;	skipping iCode since result will be rematerialized
                           4668 ;	skipping iCode since result will be rematerialized
                           4669 ;	skipping iCode since result will be rematerialized
                           4670 ;	skipping iCode since result will be rematerialized
                           4671 ;	skipping iCode since result will be rematerialized
                           4672 ;	skipping iCode since result will be rematerialized
                           4673 ;	genIpush
                           4674 ;	genMove_o size 2 result type 2 source type 1 a_dead 1 hl_dead 1 de_dead 1 iy_dead 1 f_dead 1
   0C49 21 30 01      [10] 4675 	ld	hl, #0x0130
   0C4C E5            [11] 4676 	push	hl
                           4677 ;	genIpush
                           4678 ;	genMove_o size 2 result type 2 source type 7 a_dead 1 hl_dead 1 de_dead 1 iy_dead 1 f_dead 1
   0C4D 21r58s10      [10] 4679 	ld	hl, #__str_2
   0C50 E5            [11] 4680 	push	hl
                           4681 ;	genSend
                           4682 ;	genMove_o size 2 result type 2 source type 7 a_dead 1 hl_dead 1 de_dead 1 iy_dead 1 f_dead 1
   0C51 11r56s10      [10] 4683 	ld	de, #__str_1
                           4684 ;	genSend
                           4685 ;	genMove_o size 2 result type 2 source type 7 a_dead 1 hl_dead 1 de_dead 0 iy_dead 1 f_dead 1
   0C54 21r45s10      [10] 4686 	ld	hl, #__str_0
                           4687 ;	genCall
   0C57 CDr00s00      [17] 4688 	call	___fail
                           4689 ;	genLabel
   0C5A                    4690 00258$:
                           4691 ;cases/./../tests/gcc-torture-execute-divcmp-1.c:305: if (test9u(20) != 0)
                           4692 ;	genSend
                           4693 ;	genMove_o size 2 result type 2 source type 1 a_dead 1 hl_dead 1 de_dead 1 iy_dead 1 f_dead 1
   0C5A 21 14 00      [10] 4694 	ld	hl, #0x0014
                           4695 ;	genCall
   0C5D CDr40s01      [17] 4696 	call	_test9u
                           4697 ;	genMove_o size 2 result type 2 source type 2 a_dead 1 hl_dead 1 de_dead 1 iy_dead 1 f_dead 1
                           4698 ;	genIfx
   0C60 7A            [ 4] 4699 	ld	a, d
   0C61 B3            [ 4] 4700 	or	a, e
                           4701 ; common peephole 163 changed absolute to relative conditional jump.
   0C62 28 18         [12] 4702 	jr	z, 00260$
                           4703 ;cases/./../tests/gcc-torture-execute-divcmp-1.c:306: ASSERT (0);
                           4704 ;	genPlus
                           4705 ;	genMove_o size 2 result type 2 source type 10 a_dead 1 hl_dead 1 de_dead 1 iy_dead 1 f_dead 1
   0C64 2Ar00s00      [16] 4706 	ld	hl, (___numTests)
   0C67 23            [ 6] 4707 	inc	hl
                           4708 ;	genMove_o size 2 result type 10 source type 2 a_dead 1 hl_dead 1 de_dead 1 iy_dead 1 f_dead 1
   0C68 22r00s00      [16] 4709 	ld	(___numTests), hl
                           4710 ;	skipping iCode since result will be rematerialized
                           4711 ;	skipping iCode since result will be rematerialized
                           4712 ;	skipping iCode since result will be rematerialized
                           4713 ;	skipping iCode since result will be rematerialized
                           4714 ;	skipping iCode since result will be rematerialized
                           4715 ;	skipping iCode since result will be rematerialized
                           4716 ;	genIpush
                           4717 ;	genMove_o size 2 result type 2 source type 1 a_dead 1 hl_dead 1 de_dead 1 iy_dead 1 f_dead 1
   0C6B 21 32 01      [10] 4718 	ld	hl, #0x0132
   0C6E E5            [11] 4719 	push	hl
                           4720 ;	genIpush
                           4721 ;	genMove_o size 2 result type 2 source type 7 a_dead 1 hl_dead 1 de_dead 1 iy_dead 1 f_dead 1
   0C6F 21r58s10      [10] 4722 	ld	hl, #__str_2
   0C72 E5            [11] 4723 	push	hl
                           4724 ;	genSend
                           4725 ;	genMove_o size 2 result type 2 source type 7 a_dead 1 hl_dead 1 de_dead 1 iy_dead 1 f_dead 1
   0C73 11r56s10      [10] 4726 	ld	de, #__str_1
                           4727 ;	genSend
                           4728 ;	genMove_o size 2 result type 2 source type 7 a_dead 1 hl_dead 1 de_dead 0 iy_dead 1 f_dead 1
   0C76 21r45s10      [10] 4729 	ld	hl, #__str_0
                           4730 ;	genCall
   0C79 CDr00s00      [17] 4731 	call	___fail
                           4732 ;	genLabel
   0C7C                    4733 00260$:
                           4734 ;cases/./../tests/gcc-torture-execute-divcmp-1.c:307: if (test9u(29) != 0)
                           4735 ;	genSend
                           4736 ;	genMove_o size 2 result type 2 source type 1 a_dead 1 hl_dead 1 de_dead 1 iy_dead 1 f_dead 1
   0C7C 21 1D 00      [10] 4737 	ld	hl, #0x001d
                           4738 ;	genCall
   0C7F CDr40s01      [17] 4739 	call	_test9u
                           4740 ;	genMove_o size 2 result type 2 source type 2 a_dead 1 hl_dead 1 de_dead 1 iy_dead 1 f_dead 1
                           4741 ;	genIfx
   0C82 7A            [ 4] 4742 	ld	a, d
   0C83 B3            [ 4] 4743 	or	a, e
                           4744 ; common peephole 163 changed absolute to relative conditional jump.
   0C84 28 18         [12] 4745 	jr	z, 00262$
                           4746 ;cases/./../tests/gcc-torture-execute-divcmp-1.c:308: ASSERT (0);
                           4747 ;	genPlus
                           4748 ;	genMove_o size 2 result type 2 source type 10 a_dead 1 hl_dead 1 de_dead 1 iy_dead 1 f_dead 1
   0C86 2Ar00s00      [16] 4749 	ld	hl, (___numTests)
   0C89 23            [ 6] 4750 	inc	hl
                           4751 ;	genMove_o size 2 result type 10 source type 2 a_dead 1 hl_dead 1 de_dead 1 iy_dead 1 f_dead 1
   0C8A 22r00s00      [16] 4752 	ld	(___numTests), hl
                           4753 ;	skipping iCode since result will be rematerialized
                           4754 ;	skipping iCode since result will be rematerialized
                           4755 ;	skipping iCode since result will be rematerialized
                           4756 ;	skipping iCode since result will be rematerialized
                           4757 ;	skipping iCode since result will be rematerialized
                           4758 ;	skipping iCode since result will be rematerialized
                           4759 ;	genIpush
                           4760 ;	genMove_o size 2 result type 2 source type 1 a_dead 1 hl_dead 1 de_dead 1 iy_dead 1 f_dead 1
   0C8D 21 34 01      [10] 4761 	ld	hl, #0x0134
   0C90 E5            [11] 4762 	push	hl
                           4763 ;	genIpush
                           4764 ;	genMove_o size 2 result type 2 source type 7 a_dead 1 hl_dead 1 de_dead 1 iy_dead 1 f_dead 1
   0C91 21r58s10      [10] 4765 	ld	hl, #__str_2
   0C94 E5            [11] 4766 	push	hl
                           4767 ;	genSend
                           4768 ;	genMove_o size 2 result type 2 source type 7 a_dead 1 hl_dead 1 de_dead 1 iy_dead 1 f_dead 1
   0C95 11r56s10      [10] 4769 	ld	de, #__str_1
                           4770 ;	genSend
                           4771 ;	genMove_o size 2 result type 2 source type 7 a_dead 1 hl_dead 1 de_dead 0 iy_dead 1 f_dead 1
   0C98 21r45s10      [10] 4772 	ld	hl, #__str_0
                           4773 ;	genCall
   0C9B CDr00s00      [17] 4774 	call	___fail
                           4775 ;	genLabel
   0C9E                    4776 00262$:
                           4777 ;cases/./../tests/gcc-torture-execute-divcmp-1.c:309: if (test9u(30) != 1)
                           4778 ;	genSend
                           4779 ;	genMove_o size 2 result type 2 source type 1 a_dead 1 hl_dead 1 de_dead 1 iy_dead 1 f_dead 1
   0C9E 21 1E 00      [10] 4780 	ld	hl, #0x001e
                           4781 ;	genCall
   0CA1 CDr40s01      [17] 4782 	call	_test9u
                           4783 ;	genMove_o size 2 result type 2 source type 2 a_dead 1 hl_dead 1 de_dead 1 iy_dead 1 f_dead 1
                           4784 ;	genCmpEq
                           4785 ;	genMove_o size 1 result type 2 source type 2 a_dead 1 hl_dead 1 de_dead 0 iy_dead 0 f_dead 1
   0CA4 7B            [ 4] 4786 	ld	a, e
                           4787 ;	genMove_o size 0 result type 2 source type 1 a_dead 1 hl_dead 1 de_dead 0 iy_dead 0 f_dead 1
   0CA5 3D            [ 4] 4788 	dec	a
   0CA6 B2            [ 4] 4789 	or	a, d
                           4790 ; common peephole 163 changed absolute to relative conditional jump.
   0CA7 28 18         [12] 4791 	jr	z, 00264$
                           4792 ; common peephole 81 removed jp by using inverse jump logic
                           4793 ; common peephole 159 removed unused label 01220$.
                           4794 ;	skipping generated iCode
                           4795 ;cases/./../tests/gcc-torture-execute-divcmp-1.c:310: ASSERT (0);
                           4796 ;	genPlus
                           4797 ;	genMove_o size 2 result type 2 source type 10 a_dead 1 hl_dead 1 de_dead 1 iy_dead 1 f_dead 1
   0CA9 2Ar00s00      [16] 4798 	ld	hl, (___numTests)
   0CAC 23            [ 6] 4799 	inc	hl
                           4800 ;	genMove_o size 2 result type 10 source type 2 a_dead 1 hl_dead 1 de_dead 1 iy_dead 1 f_dead 1
   0CAD 22r00s00      [16] 4801 	ld	(___numTests), hl
                           4802 ;	skipping iCode since result will be rematerialized
                           4803 ;	skipping iCode since result will be rematerialized
                           4804 ;	skipping iCode since result will be rematerialized
                           4805 ;	skipping iCode since result will be rematerialized
                           4806 ;	skipping iCode since result will be rematerialized
                           4807 ;	skipping iCode since result will be rematerialized
                           4808 ;	genIpush
                           4809 ;	genMove_o size 2 result type 2 source type 1 a_dead 1 hl_dead 1 de_dead 1 iy_dead 1 f_dead 1
   0CB0 21 36 01      [10] 4810 	ld	hl, #0x0136
   0CB3 E5            [11] 4811 	push	hl
                           4812 ;	genIpush
                           4813 ;	genMove_o size 2 result type 2 source type 7 a_dead 1 hl_dead 1 de_dead 1 iy_dead 1 f_dead 1
   0CB4 21r58s10      [10] 4814 	ld	hl, #__str_2
   0CB7 E5            [11] 4815 	push	hl
                           4816 ;	genSend
                           4817 ;	genMove_o size 2 result type 2 source type 7 a_dead 1 hl_dead 1 de_dead 1 iy_dead 1 f_dead 1
   0CB8 11r56s10      [10] 4818 	ld	de, #__str_1
                           4819 ;	genSend
                           4820 ;	genMove_o size 2 result type 2 source type 7 a_dead 1 hl_dead 1 de_dead 0 iy_dead 1 f_dead 1
   0CBB 21r45s10      [10] 4821 	ld	hl, #__str_0
                           4822 ;	genCall
   0CBE CDr00s00      [17] 4823 	call	___fail
                           4824 ;	genLabel
   0CC1                    4825 00264$:
                           4826 ;cases/./../tests/gcc-torture-execute-divcmp-1.c:312: if (test10(0) != 0)
                           4827 ;	genSend
                           4828 ;	genMove_o size 2 result type 2 source type 1 a_dead 1 hl_dead 1 de_dead 1 iy_dead 1 f_dead 1
   0CC1 21 00 00      [10] 4829 	ld	hl, #0x0000
                           4830 ;	genCall
   0CC4 CDr53s01      [17] 4831 	call	_test10
                           4832 ;	genMove_o size 2 result type 2 source type 2 a_dead 1 hl_dead 1 de_dead 1 iy_dead 1 f_dead 1
                           4833 ;	genIfx
   0CC7 7A            [ 4] 4834 	ld	a, d
   0CC8 B3            [ 4] 4835 	or	a, e
                           4836 ; common peephole 163 changed absolute to relative conditional jump.
   0CC9 28 18         [12] 4837 	jr	z, 00266$
                           4838 ;cases/./../tests/gcc-torture-execute-divcmp-1.c:313: ASSERT (0);
                           4839 ;	genPlus
                           4840 ;	genMove_o size 2 result type 2 source type 10 a_dead 1 hl_dead 1 de_dead 1 iy_dead 1 f_dead 1
   0CCB 2Ar00s00      [16] 4841 	ld	hl, (___numTests)
   0CCE 23            [ 6] 4842 	inc	hl
                           4843 ;	genMove_o size 2 result type 10 source type 2 a_dead 1 hl_dead 1 de_dead 1 iy_dead 1 f_dead 1
   0CCF 22r00s00      [16] 4844 	ld	(___numTests), hl
                           4845 ;	skipping iCode since result will be rematerialized
                           4846 ;	skipping iCode since result will be rematerialized
                           4847 ;	skipping iCode since result will be rematerialized
                           4848 ;	skipping iCode since result will be rematerialized
                           4849 ;	skipping iCode since result will be rematerialized
                           4850 ;	skipping iCode since result will be rematerialized
                           4851 ;	genIpush
                           4852 ;	genMove_o size 2 result type 2 source type 1 a_dead 1 hl_dead 1 de_dead 1 iy_dead 1 f_dead 1
   0CD2 21 39 01      [10] 4853 	ld	hl, #0x0139
   0CD5 E5            [11] 4854 	push	hl
                           4855 ;	genIpush
                           4856 ;	genMove_o size 2 result type 2 source type 7 a_dead 1 hl_dead 1 de_dead 1 iy_dead 1 f_dead 1
   0CD6 21r58s10      [10] 4857 	ld	hl, #__str_2
   0CD9 E5            [11] 4858 	push	hl
                           4859 ;	genSend
                           4860 ;	genMove_o size 2 result type 2 source type 7 a_dead 1 hl_dead 1 de_dead 1 iy_dead 1 f_dead 1
   0CDA 11r56s10      [10] 4861 	ld	de, #__str_1
                           4862 ;	genSend
                           4863 ;	genMove_o size 2 result type 2 source type 7 a_dead 1 hl_dead 1 de_dead 0 iy_dead 1 f_dead 1
   0CDD 21r45s10      [10] 4864 	ld	hl, #__str_0
                           4865 ;	genCall
   0CE0 CDr00s00      [17] 4866 	call	___fail
                           4867 ;	genLabel
   0CE3                    4868 00266$:
                           4869 ;cases/./../tests/gcc-torture-execute-divcmp-1.c:314: if (test10(9) != 0)
                           4870 ;	genSend
                           4871 ;	genMove_o size 2 result type 2 source type 1 a_dead 1 hl_dead 1 de_dead 1 iy_dead 1 f_dead 1
   0CE3 21 09 00      [10] 4872 	ld	hl, #0x0009
                           4873 ;	genCall
   0CE6 CDr53s01      [17] 4874 	call	_test10
                           4875 ;	genMove_o size 2 result type 2 source type 2 a_dead 1 hl_dead 1 de_dead 1 iy_dead 1 f_dead 1
                           4876 ;	genIfx
   0CE9 7A            [ 4] 4877 	ld	a, d
   0CEA B3            [ 4] 4878 	or	a, e
                           4879 ; common peephole 163 changed absolute to relative conditional jump.
   0CEB 28 18         [12] 4880 	jr	z, 00268$
                           4881 ;cases/./../tests/gcc-torture-execute-divcmp-1.c:315: ASSERT (0);
                           4882 ;	genPlus
                           4883 ;	genMove_o size 2 result type 2 source type 10 a_dead 1 hl_dead 1 de_dead 1 iy_dead 1 f_dead 1
   0CED 2Ar00s00      [16] 4884 	ld	hl, (___numTests)
   0CF0 23            [ 6] 4885 	inc	hl
                           4886 ;	genMove_o size 2 result type 10 source type 2 a_dead 1 hl_dead 1 de_dead 1 iy_dead 1 f_dead 1
   0CF1 22r00s00      [16] 4887 	ld	(___numTests), hl
                           4888 ;	skipping iCode since result will be rematerialized
                           4889 ;	skipping iCode since result will be rematerialized
                           4890 ;	skipping iCode since result will be rematerialized
                           4891 ;	skipping iCode since result will be rematerialized
                           4892 ;	skipping iCode since result will be rematerialized
                           4893 ;	skipping iCode since result will be rematerialized
                           4894 ;	genIpush
                           4895 ;	genMove_o size 2 result type 2 source type 1 a_dead 1 hl_dead 1 de_dead 1 iy_dead 1 f_dead 1
   0CF4 21 3B 01      [10] 4896 	ld	hl, #0x013b
   0CF7 E5            [11] 4897 	push	hl
                           4898 ;	genIpush
                           4899 ;	genMove_o size 2 result type 2 source type 7 a_dead 1 hl_dead 1 de_dead 1 iy_dead 1 f_dead 1
   0CF8 21r58s10      [10] 4900 	ld	hl, #__str_2
   0CFB E5            [11] 4901 	push	hl
                           4902 ;	genSend
                           4903 ;	genMove_o size 2 result type 2 source type 7 a_dead 1 hl_dead 1 de_dead 1 iy_dead 1 f_dead 1
   0CFC 11r56s10      [10] 4904 	ld	de, #__str_1
                           4905 ;	genSend
                           4906 ;	genMove_o size 2 result type 2 source type 7 a_dead 1 hl_dead 1 de_dead 0 iy_dead 1 f_dead 1
   0CFF 21r45s10      [10] 4907 	ld	hl, #__str_0
                           4908 ;	genCall
   0D02 CDr00s00      [17] 4909 	call	___fail
                           4910 ;	genLabel
   0D05                    4911 00268$:
                           4912 ;cases/./../tests/gcc-torture-execute-divcmp-1.c:316: if (test10(10) != 1)
                           4913 ;	genSend
                           4914 ;	genMove_o size 2 result type 2 source type 1 a_dead 1 hl_dead 1 de_dead 1 iy_dead 1 f_dead 1
   0D05 21 0A 00      [10] 4915 	ld	hl, #0x000a
                           4916 ;	genCall
   0D08 CDr53s01      [17] 4917 	call	_test10
                           4918 ;	genMove_o size 2 result type 2 source type 2 a_dead 1 hl_dead 1 de_dead 1 iy_dead 1 f_dead 1
                           4919 ;	genCmpEq
                           4920 ;	genMove_o size 1 result type 2 source type 2 a_dead 1 hl_dead 1 de_dead 0 iy_dead 0 f_dead 1
   0D0B 7B            [ 4] 4921 	ld	a, e
                           4922 ;	genMove_o size 0 result type 2 source type 1 a_dead 1 hl_dead 1 de_dead 0 iy_dead 0 f_dead 1
   0D0C 3D            [ 4] 4923 	dec	a
   0D0D B2            [ 4] 4924 	or	a, d
                           4925 ; common peephole 163 changed absolute to relative conditional jump.
   0D0E 28 18         [12] 4926 	jr	z, 00270$
                           4927 ; common peephole 81 removed jp by using inverse jump logic
                           4928 ; common peephole 159 removed unused label 01221$.
                           4929 ;	skipping generated iCode
                           4930 ;cases/./../tests/gcc-torture-execute-divcmp-1.c:317: ASSERT (0);
                           4931 ;	genPlus
                           4932 ;	genMove_o size 2 result type 2 source type 10 a_dead 1 hl_dead 1 de_dead 1 iy_dead 1 f_dead 1
   0D10 2Ar00s00      [16] 4933 	ld	hl, (___numTests)
   0D13 23            [ 6] 4934 	inc	hl
                           4935 ;	genMove_o size 2 result type 10 source type 2 a_dead 1 hl_dead 1 de_dead 1 iy_dead 1 f_dead 1
   0D14 22r00s00      [16] 4936 	ld	(___numTests), hl
                           4937 ;	skipping iCode since result will be rematerialized
                           4938 ;	skipping iCode since result will be rematerialized
                           4939 ;	skipping iCode since result will be rematerialized
                           4940 ;	skipping iCode since result will be rematerialized
                           4941 ;	skipping iCode since result will be rematerialized
                           4942 ;	skipping iCode since result will be rematerialized
                           4943 ;	genIpush
                           4944 ;	genMove_o size 2 result type 2 source type 1 a_dead 1 hl_dead 1 de_dead 1 iy_dead 1 f_dead 1
   0D17 21 3D 01      [10] 4945 	ld	hl, #0x013d
   0D1A E5            [11] 4946 	push	hl
                           4947 ;	genIpush
                           4948 ;	genMove_o size 2 result type 2 source type 7 a_dead 1 hl_dead 1 de_dead 1 iy_dead 1 f_dead 1
   0D1B 21r58s10      [10] 4949 	ld	hl, #__str_2
   0D1E E5            [11] 4950 	push	hl
                           4951 ;	genSend
                           4952 ;	genMove_o size 2 result type 2 source type 7 a_dead 1 hl_dead 1 de_dead 1 iy_dead 1 f_dead 1
   0D1F 11r56s10      [10] 4953 	ld	de, #__str_1
                           4954 ;	genSend
                           4955 ;	genMove_o size 2 result type 2 source type 7 a_dead 1 hl_dead 1 de_dead 0 iy_dead 1 f_dead 1
   0D22 21r45s10      [10] 4956 	ld	hl, #__str_0
                           4957 ;	genCall
   0D25 CDr00s00      [17] 4958 	call	___fail
                           4959 ;	genLabel
   0D28                    4960 00270$:
                           4961 ;cases/./../tests/gcc-torture-execute-divcmp-1.c:318: if (test10(-1) != 0)
                           4962 ;	genSend
                           4963 ;	genMove_o size 2 result type 2 source type 1 a_dead 1 hl_dead 1 de_dead 1 iy_dead 1 f_dead 1
   0D28 21 FF FF      [10] 4964 	ld	hl, #0xffff
                           4965 ;	genCall
   0D2B CDr53s01      [17] 4966 	call	_test10
                           4967 ;	genMove_o size 2 result type 2 source type 2 a_dead 1 hl_dead 1 de_dead 1 iy_dead 1 f_dead 1
                           4968 ;	genIfx
   0D2E 7A            [ 4] 4969 	ld	a, d
   0D2F B3            [ 4] 4970 	or	a, e
                           4971 ; common peephole 163 changed absolute to relative conditional jump.
   0D30 28 18         [12] 4972 	jr	z, 00272$
                           4973 ;cases/./../tests/gcc-torture-execute-divcmp-1.c:319: ASSERT (0);
                           4974 ;	genPlus
                           4975 ;	genMove_o size 2 result type 2 source type 10 a_dead 1 hl_dead 1 de_dead 1 iy_dead 1 f_dead 1
   0D32 2Ar00s00      [16] 4976 	ld	hl, (___numTests)
   0D35 23            [ 6] 4977 	inc	hl
                           4978 ;	genMove_o size 2 result type 10 source type 2 a_dead 1 hl_dead 1 de_dead 1 iy_dead 1 f_dead 1
   0D36 22r00s00      [16] 4979 	ld	(___numTests), hl
                           4980 ;	skipping iCode since result will be rematerialized
                           4981 ;	skipping iCode since result will be rematerialized
                           4982 ;	skipping iCode since result will be rematerialized
                           4983 ;	skipping iCode since result will be rematerialized
                           4984 ;	skipping iCode since result will be rematerialized
                           4985 ;	skipping iCode since result will be rematerialized
                           4986 ;	genIpush
                           4987 ;	genMove_o size 2 result type 2 source type 1 a_dead 1 hl_dead 1 de_dead 1 iy_dead 1 f_dead 1
   0D39 21 3F 01      [10] 4988 	ld	hl, #0x013f
   0D3C E5            [11] 4989 	push	hl
                           4990 ;	genIpush
                           4991 ;	genMove_o size 2 result type 2 source type 7 a_dead 1 hl_dead 1 de_dead 1 iy_dead 1 f_dead 1
   0D3D 21r58s10      [10] 4992 	ld	hl, #__str_2
   0D40 E5            [11] 4993 	push	hl
                           4994 ;	genSend
                           4995 ;	genMove_o size 2 result type 2 source type 7 a_dead 1 hl_dead 1 de_dead 1 iy_dead 1 f_dead 1
   0D41 11r56s10      [10] 4996 	ld	de, #__str_1
                           4997 ;	genSend
                           4998 ;	genMove_o size 2 result type 2 source type 7 a_dead 1 hl_dead 1 de_dead 0 iy_dead 1 f_dead 1
   0D44 21r45s10      [10] 4999 	ld	hl, #__str_0
                           5000 ;	genCall
   0D47 CDr00s00      [17] 5001 	call	___fail
                           5002 ;	genLabel
   0D4A                    5003 00272$:
                           5004 ;cases/./../tests/gcc-torture-execute-divcmp-1.c:320: if (test10(-9) != 0)
                           5005 ;	genSend
                           5006 ;	genMove_o size 2 result type 2 source type 1 a_dead 1 hl_dead 1 de_dead 1 iy_dead 1 f_dead 1
   0D4A 21 F7 FF      [10] 5007 	ld	hl, #0xfff7
                           5008 ;	genCall
   0D4D CDr53s01      [17] 5009 	call	_test10
                           5010 ;	genMove_o size 2 result type 2 source type 2 a_dead 1 hl_dead 1 de_dead 1 iy_dead 1 f_dead 1
                           5011 ;	genIfx
   0D50 7A            [ 4] 5012 	ld	a, d
   0D51 B3            [ 4] 5013 	or	a, e
                           5014 ; common peephole 163 changed absolute to relative conditional jump.
   0D52 28 18         [12] 5015 	jr	z, 00274$
                           5016 ;cases/./../tests/gcc-torture-execute-divcmp-1.c:321: ASSERT (0);
                           5017 ;	genPlus
                           5018 ;	genMove_o size 2 result type 2 source type 10 a_dead 1 hl_dead 1 de_dead 1 iy_dead 1 f_dead 1
   0D54 2Ar00s00      [16] 5019 	ld	hl, (___numTests)
   0D57 23            [ 6] 5020 	inc	hl
                           5021 ;	genMove_o size 2 result type 10 source type 2 a_dead 1 hl_dead 1 de_dead 1 iy_dead 1 f_dead 1
   0D58 22r00s00      [16] 5022 	ld	(___numTests), hl
                           5023 ;	skipping iCode since result will be rematerialized
                           5024 ;	skipping iCode since result will be rematerialized
                           5025 ;	skipping iCode since result will be rematerialized
                           5026 ;	skipping iCode since result will be rematerialized
                           5027 ;	skipping iCode since result will be rematerialized
                           5028 ;	skipping iCode since result will be rematerialized
                           5029 ;	genIpush
                           5030 ;	genMove_o size 2 result type 2 source type 1 a_dead 1 hl_dead 1 de_dead 1 iy_dead 1 f_dead 1
   0D5B 21 41 01      [10] 5031 	ld	hl, #0x0141
   0D5E E5            [11] 5032 	push	hl
                           5033 ;	genIpush
                           5034 ;	genMove_o size 2 result type 2 source type 7 a_dead 1 hl_dead 1 de_dead 1 iy_dead 1 f_dead 1
   0D5F 21r58s10      [10] 5035 	ld	hl, #__str_2
   0D62 E5            [11] 5036 	push	hl
                           5037 ;	genSend
                           5038 ;	genMove_o size 2 result type 2 source type 7 a_dead 1 hl_dead 1 de_dead 1 iy_dead 1 f_dead 1
   0D63 11r56s10      [10] 5039 	ld	de, #__str_1
                           5040 ;	genSend
                           5041 ;	genMove_o size 2 result type 2 source type 7 a_dead 1 hl_dead 1 de_dead 0 iy_dead 1 f_dead 1
   0D66 21r45s10      [10] 5042 	ld	hl, #__str_0
                           5043 ;	genCall
   0D69 CDr00s00      [17] 5044 	call	___fail
                           5045 ;	genLabel
   0D6C                    5046 00274$:
                           5047 ;cases/./../tests/gcc-torture-execute-divcmp-1.c:322: if (test10(-10) != 0)
                           5048 ;	genSend
                           5049 ;	genMove_o size 2 result type 2 source type 1 a_dead 1 hl_dead 1 de_dead 1 iy_dead 1 f_dead 1
   0D6C 21 F6 FF      [10] 5050 	ld	hl, #0xfff6
                           5051 ;	genCall
   0D6F CDr53s01      [17] 5052 	call	_test10
                           5053 ;	genMove_o size 2 result type 2 source type 2 a_dead 1 hl_dead 1 de_dead 1 iy_dead 1 f_dead 1
                           5054 ;	genIfx
   0D72 7A            [ 4] 5055 	ld	a, d
   0D73 B3            [ 4] 5056 	or	a, e
                           5057 ; common peephole 163 changed absolute to relative conditional jump.
   0D74 28 18         [12] 5058 	jr	z, 00276$
                           5059 ;cases/./../tests/gcc-torture-execute-divcmp-1.c:323: ASSERT (0);
                           5060 ;	genPlus
                           5061 ;	genMove_o size 2 result type 2 source type 10 a_dead 1 hl_dead 1 de_dead 1 iy_dead 1 f_dead 1
   0D76 2Ar00s00      [16] 5062 	ld	hl, (___numTests)
   0D79 23            [ 6] 5063 	inc	hl
                           5064 ;	genMove_o size 2 result type 10 source type 2 a_dead 1 hl_dead 1 de_dead 1 iy_dead 1 f_dead 1
   0D7A 22r00s00      [16] 5065 	ld	(___numTests), hl
                           5066 ;	skipping iCode since result will be rematerialized
                           5067 ;	skipping iCode since result will be rematerialized
                           5068 ;	skipping iCode since result will be rematerialized
                           5069 ;	skipping iCode since result will be rematerialized
                           5070 ;	skipping iCode since result will be rematerialized
                           5071 ;	skipping iCode since result will be rematerialized
                           5072 ;	genIpush
                           5073 ;	genMove_o size 2 result type 2 source type 1 a_dead 1 hl_dead 1 de_dead 1 iy_dead 1 f_dead 1
   0D7D 21 43 01      [10] 5074 	ld	hl, #0x0143
   0D80 E5            [11] 5075 	push	hl
                           5076 ;	genIpush
                           5077 ;	genMove_o size 2 result type 2 source type 7 a_dead 1 hl_dead 1 de_dead 1 iy_dead 1 f_dead 1
   0D81 21r58s10      [10] 5078 	ld	hl, #__str_2
   0D84 E5            [11] 5079 	push	hl
                           5080 ;	genSend
                           5081 ;	genMove_o size 2 result type 2 source type 7 a_dead 1 hl_dead 1 de_dead 1 iy_dead 1 f_dead 1
   0D85 11r56s10      [10] 5082 	ld	de, #__str_1
                           5083 ;	genSend
                           5084 ;	genMove_o size 2 result type 2 source type 7 a_dead 1 hl_dead 1 de_dead 0 iy_dead 1 f_dead 1
   0D88 21r45s10      [10] 5085 	ld	hl, #__str_0
                           5086 ;	genCall
   0D8B CDr00s00      [17] 5087 	call	___fail
                           5088 ;	genLabel
   0D8E                    5089 00276$:
                           5090 ;cases/./../tests/gcc-torture-execute-divcmp-1.c:325: if (test10u(0) != 0)
                           5091 ;	genSend
                           5092 ;	genMove_o size 2 result type 2 source type 1 a_dead 1 hl_dead 1 de_dead 1 iy_dead 1 f_dead 1
   0D8E 21 00 00      [10] 5093 	ld	hl, #0x0000
                           5094 ;	genCall
   0D91 CDr68s01      [17] 5095 	call	_test10u
                           5096 ;	genMove_o size 2 result type 2 source type 2 a_dead 1 hl_dead 1 de_dead 1 iy_dead 1 f_dead 1
                           5097 ;	genIfx
   0D94 7A            [ 4] 5098 	ld	a, d
   0D95 B3            [ 4] 5099 	or	a, e
                           5100 ; common peephole 163 changed absolute to relative conditional jump.
   0D96 28 18         [12] 5101 	jr	z, 00278$
                           5102 ;cases/./../tests/gcc-torture-execute-divcmp-1.c:326: ASSERT (0);
                           5103 ;	genPlus
                           5104 ;	genMove_o size 2 result type 2 source type 10 a_dead 1 hl_dead 1 de_dead 1 iy_dead 1 f_dead 1
   0D98 2Ar00s00      [16] 5105 	ld	hl, (___numTests)
   0D9B 23            [ 6] 5106 	inc	hl
                           5107 ;	genMove_o size 2 result type 10 source type 2 a_dead 1 hl_dead 1 de_dead 1 iy_dead 1 f_dead 1
   0D9C 22r00s00      [16] 5108 	ld	(___numTests), hl
                           5109 ;	skipping iCode since result will be rematerialized
                           5110 ;	skipping iCode since result will be rematerialized
                           5111 ;	skipping iCode since result will be rematerialized
                           5112 ;	skipping iCode since result will be rematerialized
                           5113 ;	skipping iCode since result will be rematerialized
                           5114 ;	skipping iCode since result will be rematerialized
                           5115 ;	genIpush
                           5116 ;	genMove_o size 2 result type 2 source type 1 a_dead 1 hl_dead 1 de_dead 1 iy_dead 1 f_dead 1
   0D9F 21 46 01      [10] 5117 	ld	hl, #0x0146
   0DA2 E5            [11] 5118 	push	hl
                           5119 ;	genIpush
                           5120 ;	genMove_o size 2 result type 2 source type 7 a_dead 1 hl_dead 1 de_dead 1 iy_dead 1 f_dead 1
   0DA3 21r58s10      [10] 5121 	ld	hl, #__str_2
   0DA6 E5            [11] 5122 	push	hl
                           5123 ;	genSend
                           5124 ;	genMove_o size 2 result type 2 source type 7 a_dead 1 hl_dead 1 de_dead 1 iy_dead 1 f_dead 1
   0DA7 11r56s10      [10] 5125 	ld	de, #__str_1
                           5126 ;	genSend
                           5127 ;	genMove_o size 2 result type 2 source type 7 a_dead 1 hl_dead 1 de_dead 0 iy_dead 1 f_dead 1
   0DAA 21r45s10      [10] 5128 	ld	hl, #__str_0
                           5129 ;	genCall
   0DAD CDr00s00      [17] 5130 	call	___fail
                           5131 ;	genLabel
   0DB0                    5132 00278$:
                           5133 ;cases/./../tests/gcc-torture-execute-divcmp-1.c:327: if (test10u(9) != 0)
                           5134 ;	genSend
                           5135 ;	genMove_o size 2 result type 2 source type 1 a_dead 1 hl_dead 1 de_dead 1 iy_dead 1 f_dead 1
   0DB0 21 09 00      [10] 5136 	ld	hl, #0x0009
                           5137 ;	genCall
   0DB3 CDr68s01      [17] 5138 	call	_test10u
                           5139 ;	genMove_o size 2 result type 2 source type 2 a_dead 1 hl_dead 1 de_dead 1 iy_dead 1 f_dead 1
                           5140 ;	genIfx
   0DB6 7A            [ 4] 5141 	ld	a, d
   0DB7 B3            [ 4] 5142 	or	a, e
                           5143 ; common peephole 163 changed absolute to relative conditional jump.
   0DB8 28 18         [12] 5144 	jr	z, 00280$
                           5145 ;cases/./../tests/gcc-torture-execute-divcmp-1.c:328: ASSERT (0);
                           5146 ;	genPlus
                           5147 ;	genMove_o size 2 result type 2 source type 10 a_dead 1 hl_dead 1 de_dead 1 iy_dead 1 f_dead 1
   0DBA 2Ar00s00      [16] 5148 	ld	hl, (___numTests)
   0DBD 23            [ 6] 5149 	inc	hl
                           5150 ;	genMove_o size 2 result type 10 source type 2 a_dead 1 hl_dead 1 de_dead 1 iy_dead 1 f_dead 1
   0DBE 22r00s00      [16] 5151 	ld	(___numTests), hl
                           5152 ;	skipping iCode since result will be rematerialized
                           5153 ;	skipping iCode since result will be rematerialized
                           5154 ;	skipping iCode since result will be rematerialized
                           5155 ;	skipping iCode since result will be rematerialized
                           5156 ;	skipping iCode since result will be rematerialized
                           5157 ;	skipping iCode since result will be rematerialized
                           5158 ;	genIpush
                           5159 ;	genMove_o size 2 result type 2 source type 1 a_dead 1 hl_dead 1 de_dead 1 iy_dead 1 f_dead 1
   0DC1 21 48 01      [10] 5160 	ld	hl, #0x0148
   0DC4 E5            [11] 5161 	push	hl
                           5162 ;	genIpush
                           5163 ;	genMove_o size 2 result type 2 source type 7 a_dead 1 hl_dead 1 de_dead 1 iy_dead 1 f_dead 1
   0DC5 21r58s10      [10] 5164 	ld	hl, #__str_2
   0DC8 E5            [11] 5165 	push	hl
                           5166 ;	genSend
                           5167 ;	genMove_o size 2 result type 2 source type 7 a_dead 1 hl_dead 1 de_dead 1 iy_dead 1 f_dead 1
   0DC9 11r56s10      [10] 5168 	ld	de, #__str_1
                           5169 ;	genSend
                           5170 ;	genMove_o size 2 result type 2 source type 7 a_dead 1 hl_dead 1 de_dead 0 iy_dead 1 f_dead 1
   0DCC 21r45s10      [10] 5171 	ld	hl, #__str_0
                           5172 ;	genCall
   0DCF CDr00s00      [17] 5173 	call	___fail
                           5174 ;	genLabel
   0DD2                    5175 00280$:
                           5176 ;cases/./../tests/gcc-torture-execute-divcmp-1.c:329: if (test10u(10) != 1)
                           5177 ;	genSend
                           5178 ;	genMove_o size 2 result type 2 source type 1 a_dead 1 hl_dead 1 de_dead 1 iy_dead 1 f_dead 1
   0DD2 21 0A 00      [10] 5179 	ld	hl, #0x000a
                           5180 ;	genCall
   0DD5 CDr68s01      [17] 5181 	call	_test10u
                           5182 ;	genMove_o size 2 result type 2 source type 2 a_dead 1 hl_dead 1 de_dead 1 iy_dead 1 f_dead 1
                           5183 ;	genCmpEq
                           5184 ;	genMove_o size 1 result type 2 source type 2 a_dead 1 hl_dead 1 de_dead 0 iy_dead 0 f_dead 1
   0DD8 7B            [ 4] 5185 	ld	a, e
                           5186 ;	genMove_o size 0 result type 2 source type 1 a_dead 1 hl_dead 1 de_dead 0 iy_dead 0 f_dead 1
   0DD9 3D            [ 4] 5187 	dec	a
   0DDA B2            [ 4] 5188 	or	a, d
                           5189 ; common peephole 163 changed absolute to relative conditional jump.
   0DDB 28 18         [12] 5190 	jr	z, 00282$
                           5191 ; common peephole 81 removed jp by using inverse jump logic
                           5192 ; common peephole 159 removed unused label 01222$.
                           5193 ;	skipping generated iCode
                           5194 ;cases/./../tests/gcc-torture-execute-divcmp-1.c:330: ASSERT (0);
                           5195 ;	genPlus
                           5196 ;	genMove_o size 2 result type 2 source type 10 a_dead 1 hl_dead 1 de_dead 1 iy_dead 1 f_dead 1
   0DDD 2Ar00s00      [16] 5197 	ld	hl, (___numTests)
   0DE0 23            [ 6] 5198 	inc	hl
                           5199 ;	genMove_o size 2 result type 10 source type 2 a_dead 1 hl_dead 1 de_dead 1 iy_dead 1 f_dead 1
   0DE1 22r00s00      [16] 5200 	ld	(___numTests), hl
                           5201 ;	skipping iCode since result will be rematerialized
                           5202 ;	skipping iCode since result will be rematerialized
                           5203 ;	skipping iCode since result will be rematerialized
                           5204 ;	skipping iCode since result will be rematerialized
                           5205 ;	skipping iCode since result will be rematerialized
                           5206 ;	skipping iCode since result will be rematerialized
                           5207 ;	genIpush
                           5208 ;	genMove_o size 2 result type 2 source type 1 a_dead 1 hl_dead 1 de_dead 1 iy_dead 1 f_dead 1
   0DE4 21 4A 01      [10] 5209 	ld	hl, #0x014a
   0DE7 E5            [11] 5210 	push	hl
                           5211 ;	genIpush
                           5212 ;	genMove_o size 2 result type 2 source type 7 a_dead 1 hl_dead 1 de_dead 1 iy_dead 1 f_dead 1
   0DE8 21r58s10      [10] 5213 	ld	hl, #__str_2
   0DEB E5            [11] 5214 	push	hl
                           5215 ;	genSend
                           5216 ;	genMove_o size 2 result type 2 source type 7 a_dead 1 hl_dead 1 de_dead 1 iy_dead 1 f_dead 1
   0DEC 11r56s10      [10] 5217 	ld	de, #__str_1
                           5218 ;	genSend
                           5219 ;	genMove_o size 2 result type 2 source type 7 a_dead 1 hl_dead 1 de_dead 0 iy_dead 1 f_dead 1
   0DEF 21r45s10      [10] 5220 	ld	hl, #__str_0
                           5221 ;	genCall
   0DF2 CDr00s00      [17] 5222 	call	___fail
                           5223 ;	genLabel
   0DF5                    5224 00282$:
                           5225 ;cases/./../tests/gcc-torture-execute-divcmp-1.c:331: if (test10u(-1) != 1)
                           5226 ;	genSend
                           5227 ;	genMove_o size 2 result type 2 source type 1 a_dead 1 hl_dead 1 de_dead 1 iy_dead 1 f_dead 1
   0DF5 21 FF FF      [10] 5228 	ld	hl, #0xffff
                           5229 ;	genCall
   0DF8 CDr68s01      [17] 5230 	call	_test10u
                           5231 ;	genMove_o size 2 result type 2 source type 2 a_dead 1 hl_dead 1 de_dead 1 iy_dead 1 f_dead 1
                           5232 ;	genCmpEq
                           5233 ;	genMove_o size 1 result type 2 source type 2 a_dead 1 hl_dead 1 de_dead 0 iy_dead 0 f_dead 1
   0DFB 7B            [ 4] 5234 	ld	a, e
                           5235 ;	genMove_o size 0 result type 2 source type 1 a_dead 1 hl_dead 1 de_dead 0 iy_dead 0 f_dead 1
   0DFC 3D            [ 4] 5236 	dec	a
   0DFD B2            [ 4] 5237 	or	a, d
                           5238 ; common peephole 163 changed absolute to relative conditional jump.
   0DFE 28 18         [12] 5239 	jr	z, 00284$
                           5240 ; common peephole 81 removed jp by using inverse jump logic
                           5241 ; common peephole 159 removed unused label 01223$.
                           5242 ;	skipping generated iCode
                           5243 ;cases/./../tests/gcc-torture-execute-divcmp-1.c:332: ASSERT (0);
                           5244 ;	genPlus
                           5245 ;	genMove_o size 2 result type 2 source type 10 a_dead 1 hl_dead 1 de_dead 1 iy_dead 1 f_dead 1
   0E00 2Ar00s00      [16] 5246 	ld	hl, (___numTests)
   0E03 23            [ 6] 5247 	inc	hl
                           5248 ;	genMove_o size 2 result type 10 source type 2 a_dead 1 hl_dead 1 de_dead 1 iy_dead 1 f_dead 1
   0E04 22r00s00      [16] 5249 	ld	(___numTests), hl
                           5250 ;	skipping iCode since result will be rematerialized
                           5251 ;	skipping iCode since result will be rematerialized
                           5252 ;	skipping iCode since result will be rematerialized
                           5253 ;	skipping iCode since result will be rematerialized
                           5254 ;	skipping iCode since result will be rematerialized
                           5255 ;	skipping iCode since result will be rematerialized
                           5256 ;	genIpush
                           5257 ;	genMove_o size 2 result type 2 source type 1 a_dead 1 hl_dead 1 de_dead 1 iy_dead 1 f_dead 1
   0E07 21 4C 01      [10] 5258 	ld	hl, #0x014c
   0E0A E5            [11] 5259 	push	hl
                           5260 ;	genIpush
                           5261 ;	genMove_o size 2 result type 2 source type 7 a_dead 1 hl_dead 1 de_dead 1 iy_dead 1 f_dead 1
   0E0B 21r58s10      [10] 5262 	ld	hl, #__str_2
   0E0E E5            [11] 5263 	push	hl
                           5264 ;	genSend
                           5265 ;	genMove_o size 2 result type 2 source type 7 a_dead 1 hl_dead 1 de_dead 1 iy_dead 1 f_dead 1
   0E0F 11r56s10      [10] 5266 	ld	de, #__str_1
                           5267 ;	genSend
                           5268 ;	genMove_o size 2 result type 2 source type 7 a_dead 1 hl_dead 1 de_dead 0 iy_dead 1 f_dead 1
   0E12 21r45s10      [10] 5269 	ld	hl, #__str_0
                           5270 ;	genCall
   0E15 CDr00s00      [17] 5271 	call	___fail
                           5272 ;	genLabel
   0E18                    5273 00284$:
                           5274 ;cases/./../tests/gcc-torture-execute-divcmp-1.c:333: if (test10u(-9) != 1)
                           5275 ;	genSend
                           5276 ;	genMove_o size 2 result type 2 source type 1 a_dead 1 hl_dead 1 de_dead 1 iy_dead 1 f_dead 1
   0E18 21 F7 FF      [10] 5277 	ld	hl, #0xfff7
                           5278 ;	genCall
   0E1B CDr68s01      [17] 5279 	call	_test10u
                           5280 ;	genMove_o size 2 result type 2 source type 2 a_dead 1 hl_dead 1 de_dead 1 iy_dead 1 f_dead 1
                           5281 ;	genCmpEq
                           5282 ;	genMove_o size 1 result type 2 source type 2 a_dead 1 hl_dead 1 de_dead 0 iy_dead 0 f_dead 1
   0E1E 7B            [ 4] 5283 	ld	a, e
                           5284 ;	genMove_o size 0 result type 2 source type 1 a_dead 1 hl_dead 1 de_dead 0 iy_dead 0 f_dead 1
   0E1F 3D            [ 4] 5285 	dec	a
   0E20 B2            [ 4] 5286 	or	a, d
                           5287 ; common peephole 163 changed absolute to relative conditional jump.
   0E21 28 18         [12] 5288 	jr	z, 00286$
                           5289 ; common peephole 81 removed jp by using inverse jump logic
                           5290 ; common peephole 159 removed unused label 01224$.
                           5291 ;	skipping generated iCode
                           5292 ;cases/./../tests/gcc-torture-execute-divcmp-1.c:334: ASSERT (0);
                           5293 ;	genPlus
                           5294 ;	genMove_o size 2 result type 2 source type 10 a_dead 1 hl_dead 1 de_dead 1 iy_dead 1 f_dead 1
   0E23 2Ar00s00      [16] 5295 	ld	hl, (___numTests)
   0E26 23            [ 6] 5296 	inc	hl
                           5297 ;	genMove_o size 2 result type 10 source type 2 a_dead 1 hl_dead 1 de_dead 1 iy_dead 1 f_dead 1
   0E27 22r00s00      [16] 5298 	ld	(___numTests), hl
                           5299 ;	skipping iCode since result will be rematerialized
                           5300 ;	skipping iCode since result will be rematerialized
                           5301 ;	skipping iCode since result will be rematerialized
                           5302 ;	skipping iCode since result will be rematerialized
                           5303 ;	skipping iCode since result will be rematerialized
                           5304 ;	skipping iCode since result will be rematerialized
                           5305 ;	genIpush
                           5306 ;	genMove_o size 2 result type 2 source type 1 a_dead 1 hl_dead 1 de_dead 1 iy_dead 1 f_dead 1
   0E2A 21 4E 01      [10] 5307 	ld	hl, #0x014e
   0E2D E5            [11] 5308 	push	hl
                           5309 ;	genIpush
                           5310 ;	genMove_o size 2 result type 2 source type 7 a_dead 1 hl_dead 1 de_dead 1 iy_dead 1 f_dead 1
   0E2E 21r58s10      [10] 5311 	ld	hl, #__str_2
   0E31 E5            [11] 5312 	push	hl
                           5313 ;	genSend
                           5314 ;	genMove_o size 2 result type 2 source type 7 a_dead 1 hl_dead 1 de_dead 1 iy_dead 1 f_dead 1
   0E32 11r56s10      [10] 5315 	ld	de, #__str_1
                           5316 ;	genSend
                           5317 ;	genMove_o size 2 result type 2 source type 7 a_dead 1 hl_dead 1 de_dead 0 iy_dead 1 f_dead 1
   0E35 21r45s10      [10] 5318 	ld	hl, #__str_0
                           5319 ;	genCall
   0E38 CDr00s00      [17] 5320 	call	___fail
                           5321 ;	genLabel
   0E3B                    5322 00286$:
                           5323 ;cases/./../tests/gcc-torture-execute-divcmp-1.c:335: if (test10u(-10) != 1)
                           5324 ;	genSend
                           5325 ;	genMove_o size 2 result type 2 source type 1 a_dead 1 hl_dead 1 de_dead 1 iy_dead 1 f_dead 1
   0E3B 21 F6 FF      [10] 5326 	ld	hl, #0xfff6
                           5327 ;	genCall
   0E3E CDr68s01      [17] 5328 	call	_test10u
                           5329 ;	genMove_o size 2 result type 2 source type 2 a_dead 1 hl_dead 1 de_dead 1 iy_dead 1 f_dead 1
                           5330 ;	genCmpEq
                           5331 ;	genMove_o size 1 result type 2 source type 2 a_dead 1 hl_dead 1 de_dead 0 iy_dead 0 f_dead 1
   0E41 7B            [ 4] 5332 	ld	a, e
                           5333 ;	genMove_o size 0 result type 2 source type 1 a_dead 1 hl_dead 1 de_dead 0 iy_dead 0 f_dead 1
   0E42 3D            [ 4] 5334 	dec	a
   0E43 B2            [ 4] 5335 	or	a, d
                           5336 ; common peephole 163 changed absolute to relative conditional jump.
   0E44 28 18         [12] 5337 	jr	z, 00288$
                           5338 ; common peephole 81 removed jp by using inverse jump logic
                           5339 ; common peephole 159 removed unused label 01225$.
                           5340 ;	skipping generated iCode
                           5341 ;cases/./../tests/gcc-torture-execute-divcmp-1.c:336: ASSERT (0);
                           5342 ;	genPlus
                           5343 ;	genMove_o size 2 result type 2 source type 10 a_dead 1 hl_dead 1 de_dead 1 iy_dead 1 f_dead 1
   0E46 2Ar00s00      [16] 5344 	ld	hl, (___numTests)
   0E49 23            [ 6] 5345 	inc	hl
                           5346 ;	genMove_o size 2 result type 10 source type 2 a_dead 1 hl_dead 1 de_dead 1 iy_dead 1 f_dead 1
   0E4A 22r00s00      [16] 5347 	ld	(___numTests), hl
                           5348 ;	skipping iCode since result will be rematerialized
                           5349 ;	skipping iCode since result will be rematerialized
                           5350 ;	skipping iCode since result will be rematerialized
                           5351 ;	skipping iCode since result will be rematerialized
                           5352 ;	skipping iCode since result will be rematerialized
                           5353 ;	skipping iCode since result will be rematerialized
                           5354 ;	genIpush
                           5355 ;	genMove_o size 2 result type 2 source type 1 a_dead 1 hl_dead 1 de_dead 1 iy_dead 1 f_dead 1
   0E4D 21 50 01      [10] 5356 	ld	hl, #0x0150
   0E50 E5            [11] 5357 	push	hl
                           5358 ;	genIpush
                           5359 ;	genMove_o size 2 result type 2 source type 7 a_dead 1 hl_dead 1 de_dead 1 iy_dead 1 f_dead 1
   0E51 21r58s10      [10] 5360 	ld	hl, #__str_2
   0E54 E5            [11] 5361 	push	hl
                           5362 ;	genSend
                           5363 ;	genMove_o size 2 result type 2 source type 7 a_dead 1 hl_dead 1 de_dead 1 iy_dead 1 f_dead 1
   0E55 11r56s10      [10] 5364 	ld	de, #__str_1
                           5365 ;	genSend
                           5366 ;	genMove_o size 2 result type 2 source type 7 a_dead 1 hl_dead 1 de_dead 0 iy_dead 1 f_dead 1
   0E58 21r45s10      [10] 5367 	ld	hl, #__str_0
                           5368 ;	genCall
   0E5B CDr00s00      [17] 5369 	call	___fail
                           5370 ;	genLabel
   0E5E                    5371 00288$:
                           5372 ;cases/./../tests/gcc-torture-execute-divcmp-1.c:338: if (test11(19) != 0)
                           5373 ;	genSend
                           5374 ;	genMove_o size 2 result type 2 source type 1 a_dead 1 hl_dead 1 de_dead 1 iy_dead 1 f_dead 1
   0E5E 21 13 00      [10] 5375 	ld	hl, #0x0013
                           5376 ;	genCall
   0E61 CDr7As01      [17] 5377 	call	_test11
                           5378 ;	genMove_o size 2 result type 2 source type 2 a_dead 1 hl_dead 1 de_dead 1 iy_dead 1 f_dead 1
                           5379 ;	genIfx
   0E64 7A            [ 4] 5380 	ld	a, d
   0E65 B3            [ 4] 5381 	or	a, e
                           5382 ; common peephole 163 changed absolute to relative conditional jump.
   0E66 28 18         [12] 5383 	jr	z, 00290$
                           5384 ;cases/./../tests/gcc-torture-execute-divcmp-1.c:339: ASSERT (0);
                           5385 ;	genPlus
                           5386 ;	genMove_o size 2 result type 2 source type 10 a_dead 1 hl_dead 1 de_dead 1 iy_dead 1 f_dead 1
   0E68 2Ar00s00      [16] 5387 	ld	hl, (___numTests)
   0E6B 23            [ 6] 5388 	inc	hl
                           5389 ;	genMove_o size 2 result type 10 source type 2 a_dead 1 hl_dead 1 de_dead 1 iy_dead 1 f_dead 1
   0E6C 22r00s00      [16] 5390 	ld	(___numTests), hl
                           5391 ;	skipping iCode since result will be rematerialized
                           5392 ;	skipping iCode since result will be rematerialized
                           5393 ;	skipping iCode since result will be rematerialized
                           5394 ;	skipping iCode since result will be rematerialized
                           5395 ;	skipping iCode since result will be rematerialized
                           5396 ;	skipping iCode since result will be rematerialized
                           5397 ;	genIpush
                           5398 ;	genMove_o size 2 result type 2 source type 1 a_dead 1 hl_dead 1 de_dead 1 iy_dead 1 f_dead 1
   0E6F 21 53 01      [10] 5399 	ld	hl, #0x0153
   0E72 E5            [11] 5400 	push	hl
                           5401 ;	genIpush
                           5402 ;	genMove_o size 2 result type 2 source type 7 a_dead 1 hl_dead 1 de_dead 1 iy_dead 1 f_dead 1
   0E73 21r58s10      [10] 5403 	ld	hl, #__str_2
   0E76 E5            [11] 5404 	push	hl
                           5405 ;	genSend
                           5406 ;	genMove_o size 2 result type 2 source type 7 a_dead 1 hl_dead 1 de_dead 1 iy_dead 1 f_dead 1
   0E77 11r56s10      [10] 5407 	ld	de, #__str_1
                           5408 ;	genSend
                           5409 ;	genMove_o size 2 result type 2 source type 7 a_dead 1 hl_dead 1 de_dead 0 iy_dead 1 f_dead 1
   0E7A 21r45s10      [10] 5410 	ld	hl, #__str_0
                           5411 ;	genCall
   0E7D CDr00s00      [17] 5412 	call	___fail
                           5413 ;	genLabel
   0E80                    5414 00290$:
                           5415 ;cases/./../tests/gcc-torture-execute-divcmp-1.c:340: if (test11(20) != 1)
                           5416 ;	genSend
                           5417 ;	genMove_o size 2 result type 2 source type 1 a_dead 1 hl_dead 1 de_dead 1 iy_dead 1 f_dead 1
   0E80 21 14 00      [10] 5418 	ld	hl, #0x0014
                           5419 ;	genCall
   0E83 CDr7As01      [17] 5420 	call	_test11
                           5421 ;	genMove_o size 2 result type 2 source type 2 a_dead 1 hl_dead 1 de_dead 1 iy_dead 1 f_dead 1
                           5422 ;	genCmpEq
                           5423 ;	genMove_o size 1 result type 2 source type 2 a_dead 1 hl_dead 1 de_dead 0 iy_dead 0 f_dead 1
   0E86 7B            [ 4] 5424 	ld	a, e
                           5425 ;	genMove_o size 0 result type 2 source type 1 a_dead 1 hl_dead 1 de_dead 0 iy_dead 0 f_dead 1
   0E87 3D            [ 4] 5426 	dec	a
   0E88 B2            [ 4] 5427 	or	a, d
                           5428 ; common peephole 163 changed absolute to relative conditional jump.
   0E89 28 18         [12] 5429 	jr	z, 00292$
                           5430 ; common peephole 81 removed jp by using inverse jump logic
                           5431 ; common peephole 159 removed unused label 01226$.
                           5432 ;	skipping generated iCode
                           5433 ;cases/./../tests/gcc-torture-execute-divcmp-1.c:341: ASSERT (0);
                           5434 ;	genPlus
                           5435 ;	genMove_o size 2 result type 2 source type 10 a_dead 1 hl_dead 1 de_dead 1 iy_dead 1 f_dead 1
   0E8B 2Ar00s00      [16] 5436 	ld	hl, (___numTests)
   0E8E 23            [ 6] 5437 	inc	hl
                           5438 ;	genMove_o size 2 result type 10 source type 2 a_dead 1 hl_dead 1 de_dead 1 iy_dead 1 f_dead 1
   0E8F 22r00s00      [16] 5439 	ld	(___numTests), hl
                           5440 ;	skipping iCode since result will be rematerialized
                           5441 ;	skipping iCode since result will be rematerialized
                           5442 ;	skipping iCode since result will be rematerialized
                           5443 ;	skipping iCode since result will be rematerialized
                           5444 ;	skipping iCode since result will be rematerialized
                           5445 ;	skipping iCode since result will be rematerialized
                           5446 ;	genIpush
                           5447 ;	genMove_o size 2 result type 2 source type 1 a_dead 1 hl_dead 1 de_dead 1 iy_dead 1 f_dead 1
   0E92 21 55 01      [10] 5448 	ld	hl, #0x0155
   0E95 E5            [11] 5449 	push	hl
                           5450 ;	genIpush
                           5451 ;	genMove_o size 2 result type 2 source type 7 a_dead 1 hl_dead 1 de_dead 1 iy_dead 1 f_dead 1
   0E96 21r58s10      [10] 5452 	ld	hl, #__str_2
   0E99 E5            [11] 5453 	push	hl
                           5454 ;	genSend
                           5455 ;	genMove_o size 2 result type 2 source type 7 a_dead 1 hl_dead 1 de_dead 1 iy_dead 1 f_dead 1
   0E9A 11r56s10      [10] 5456 	ld	de, #__str_1
                           5457 ;	genSend
                           5458 ;	genMove_o size 2 result type 2 source type 7 a_dead 1 hl_dead 1 de_dead 0 iy_dead 1 f_dead 1
   0E9D 21r45s10      [10] 5459 	ld	hl, #__str_0
                           5460 ;	genCall
   0EA0 CDr00s00      [17] 5461 	call	___fail
                           5462 ;	genLabel
   0EA3                    5463 00292$:
                           5464 ;cases/./../tests/gcc-torture-execute-divcmp-1.c:342: if (test11(29) != 1)
                           5465 ;	genSend
                           5466 ;	genMove_o size 2 result type 2 source type 1 a_dead 1 hl_dead 1 de_dead 1 iy_dead 1 f_dead 1
   0EA3 21 1D 00      [10] 5467 	ld	hl, #0x001d
                           5468 ;	genCall
   0EA6 CDr7As01      [17] 5469 	call	_test11
                           5470 ;	genMove_o size 2 result type 2 source type 2 a_dead 1 hl_dead 1 de_dead 1 iy_dead 1 f_dead 1
                           5471 ;	genCmpEq
                           5472 ;	genMove_o size 1 result type 2 source type 2 a_dead 1 hl_dead 1 de_dead 0 iy_dead 0 f_dead 1
   0EA9 7B            [ 4] 5473 	ld	a, e
                           5474 ;	genMove_o size 0 result type 2 source type 1 a_dead 1 hl_dead 1 de_dead 0 iy_dead 0 f_dead 1
   0EAA 3D            [ 4] 5475 	dec	a
   0EAB B2            [ 4] 5476 	or	a, d
                           5477 ; common peephole 163 changed absolute to relative conditional jump.
   0EAC 28 18         [12] 5478 	jr	z, 00294$
                           5479 ; common peephole 81 removed jp by using inverse jump logic
                           5480 ; common peephole 159 removed unused label 01227$.
                           5481 ;	skipping generated iCode
                           5482 ;cases/./../tests/gcc-torture-execute-divcmp-1.c:343: ASSERT (0);
                           5483 ;	genPlus
                           5484 ;	genMove_o size 2 result type 2 source type 10 a_dead 1 hl_dead 1 de_dead 1 iy_dead 1 f_dead 1
   0EAE 2Ar00s00      [16] 5485 	ld	hl, (___numTests)
   0EB1 23            [ 6] 5486 	inc	hl
                           5487 ;	genMove_o size 2 result type 10 source type 2 a_dead 1 hl_dead 1 de_dead 1 iy_dead 1 f_dead 1
   0EB2 22r00s00      [16] 5488 	ld	(___numTests), hl
                           5489 ;	skipping iCode since result will be rematerialized
                           5490 ;	skipping iCode since result will be rematerialized
                           5491 ;	skipping iCode since result will be rematerialized
                           5492 ;	skipping iCode since result will be rematerialized
                           5493 ;	skipping iCode since result will be rematerialized
                           5494 ;	skipping iCode since result will be rematerialized
                           5495 ;	genIpush
                           5496 ;	genMove_o size 2 result type 2 source type 1 a_dead 1 hl_dead 1 de_dead 1 iy_dead 1 f_dead 1
   0EB5 21 57 01      [10] 5497 	ld	hl, #0x0157
   0EB8 E5            [11] 5498 	push	hl
                           5499 ;	genIpush
                           5500 ;	genMove_o size 2 result type 2 source type 7 a_dead 1 hl_dead 1 de_dead 1 iy_dead 1 f_dead 1
   0EB9 21r58s10      [10] 5501 	ld	hl, #__str_2
   0EBC E5            [11] 5502 	push	hl
                           5503 ;	genSend
                           5504 ;	genMove_o size 2 result type 2 source type 7 a_dead 1 hl_dead 1 de_dead 1 iy_dead 1 f_dead 1
   0EBD 11r56s10      [10] 5505 	ld	de, #__str_1
                           5506 ;	genSend
                           5507 ;	genMove_o size 2 result type 2 source type 7 a_dead 1 hl_dead 1 de_dead 0 iy_dead 1 f_dead 1
   0EC0 21r45s10      [10] 5508 	ld	hl, #__str_0
                           5509 ;	genCall
   0EC3 CDr00s00      [17] 5510 	call	___fail
                           5511 ;	genLabel
   0EC6                    5512 00294$:
                           5513 ;cases/./../tests/gcc-torture-execute-divcmp-1.c:344: if (test11(30) != 1)
                           5514 ;	genSend
                           5515 ;	genMove_o size 2 result type 2 source type 1 a_dead 1 hl_dead 1 de_dead 1 iy_dead 1 f_dead 1
   0EC6 21 1E 00      [10] 5516 	ld	hl, #0x001e
                           5517 ;	genCall
   0EC9 CDr7As01      [17] 5518 	call	_test11
                           5519 ;	genMove_o size 2 result type 2 source type 2 a_dead 1 hl_dead 1 de_dead 1 iy_dead 1 f_dead 1
                           5520 ;	genCmpEq
                           5521 ;	genMove_o size 1 result type 2 source type 2 a_dead 1 hl_dead 1 de_dead 0 iy_dead 0 f_dead 1
   0ECC 7B            [ 4] 5522 	ld	a, e
                           5523 ;	genMove_o size 0 result type 2 source type 1 a_dead 1 hl_dead 1 de_dead 0 iy_dead 0 f_dead 1
   0ECD 3D            [ 4] 5524 	dec	a
   0ECE B2            [ 4] 5525 	or	a, d
                           5526 ; common peephole 163 changed absolute to relative conditional jump.
   0ECF 28 18         [12] 5527 	jr	z, 00296$
                           5528 ; common peephole 81 removed jp by using inverse jump logic
                           5529 ; common peephole 159 removed unused label 01228$.
                           5530 ;	skipping generated iCode
                           5531 ;cases/./../tests/gcc-torture-execute-divcmp-1.c:345: ASSERT (0);
                           5532 ;	genPlus
                           5533 ;	genMove_o size 2 result type 2 source type 10 a_dead 1 hl_dead 1 de_dead 1 iy_dead 1 f_dead 1
   0ED1 2Ar00s00      [16] 5534 	ld	hl, (___numTests)
   0ED4 23            [ 6] 5535 	inc	hl
                           5536 ;	genMove_o size 2 result type 10 source type 2 a_dead 1 hl_dead 1 de_dead 1 iy_dead 1 f_dead 1
   0ED5 22r00s00      [16] 5537 	ld	(___numTests), hl
                           5538 ;	skipping iCode since result will be rematerialized
                           5539 ;	skipping iCode since result will be rematerialized
                           5540 ;	skipping iCode since result will be rematerialized
                           5541 ;	skipping iCode since result will be rematerialized
                           5542 ;	skipping iCode since result will be rematerialized
                           5543 ;	skipping iCode since result will be rematerialized
                           5544 ;	genIpush
                           5545 ;	genMove_o size 2 result type 2 source type 1 a_dead 1 hl_dead 1 de_dead 1 iy_dead 1 f_dead 1
   0ED8 21 59 01      [10] 5546 	ld	hl, #0x0159
   0EDB E5            [11] 5547 	push	hl
                           5548 ;	genIpush
                           5549 ;	genMove_o size 2 result type 2 source type 7 a_dead 1 hl_dead 1 de_dead 1 iy_dead 1 f_dead 1
   0EDC 21r58s10      [10] 5550 	ld	hl, #__str_2
   0EDF E5            [11] 5551 	push	hl
                           5552 ;	genSend
                           5553 ;	genMove_o size 2 result type 2 source type 7 a_dead 1 hl_dead 1 de_dead 1 iy_dead 1 f_dead 1
   0EE0 11r56s10      [10] 5554 	ld	de, #__str_1
                           5555 ;	genSend
                           5556 ;	genMove_o size 2 result type 2 source type 7 a_dead 1 hl_dead 1 de_dead 0 iy_dead 1 f_dead 1
   0EE3 21r45s10      [10] 5557 	ld	hl, #__str_0
                           5558 ;	genCall
   0EE6 CDr00s00      [17] 5559 	call	___fail
                           5560 ;	genLabel
   0EE9                    5561 00296$:
                           5562 ;cases/./../tests/gcc-torture-execute-divcmp-1.c:347: if (test11u(19) != 0)
                           5563 ;	genSend
                           5564 ;	genMove_o size 2 result type 2 source type 1 a_dead 1 hl_dead 1 de_dead 1 iy_dead 1 f_dead 1
   0EE9 21 13 00      [10] 5565 	ld	hl, #0x0013
                           5566 ;	genCall
   0EEC CDr92s01      [17] 5567 	call	_test11u
                           5568 ;	genMove_o size 2 result type 2 source type 2 a_dead 1 hl_dead 1 de_dead 1 iy_dead 1 f_dead 1
                           5569 ;	genIfx
   0EEF 7A            [ 4] 5570 	ld	a, d
   0EF0 B3            [ 4] 5571 	or	a, e
                           5572 ; common peephole 163 changed absolute to relative conditional jump.
   0EF1 28 18         [12] 5573 	jr	z, 00298$
                           5574 ;cases/./../tests/gcc-torture-execute-divcmp-1.c:348: ASSERT (0);
                           5575 ;	genPlus
                           5576 ;	genMove_o size 2 result type 2 source type 10 a_dead 1 hl_dead 1 de_dead 1 iy_dead 1 f_dead 1
   0EF3 2Ar00s00      [16] 5577 	ld	hl, (___numTests)
   0EF6 23            [ 6] 5578 	inc	hl
                           5579 ;	genMove_o size 2 result type 10 source type 2 a_dead 1 hl_dead 1 de_dead 1 iy_dead 1 f_dead 1
   0EF7 22r00s00      [16] 5580 	ld	(___numTests), hl
                           5581 ;	skipping iCode since result will be rematerialized
                           5582 ;	skipping iCode since result will be rematerialized
                           5583 ;	skipping iCode since result will be rematerialized
                           5584 ;	skipping iCode since result will be rematerialized
                           5585 ;	skipping iCode since result will be rematerialized
                           5586 ;	skipping iCode since result will be rematerialized
                           5587 ;	genIpush
                           5588 ;	genMove_o size 2 result type 2 source type 1 a_dead 1 hl_dead 1 de_dead 1 iy_dead 1 f_dead 1
   0EFA 21 5C 01      [10] 5589 	ld	hl, #0x015c
   0EFD E5            [11] 5590 	push	hl
                           5591 ;	genIpush
                           5592 ;	genMove_o size 2 result type 2 source type 7 a_dead 1 hl_dead 1 de_dead 1 iy_dead 1 f_dead 1
   0EFE 21r58s10      [10] 5593 	ld	hl, #__str_2
   0F01 E5            [11] 5594 	push	hl
                           5595 ;	genSend
                           5596 ;	genMove_o size 2 result type 2 source type 7 a_dead 1 hl_dead 1 de_dead 1 iy_dead 1 f_dead 1
   0F02 11r56s10      [10] 5597 	ld	de, #__str_1
                           5598 ;	genSend
                           5599 ;	genMove_o size 2 result type 2 source type 7 a_dead 1 hl_dead 1 de_dead 0 iy_dead 1 f_dead 1
   0F05 21r45s10      [10] 5600 	ld	hl, #__str_0
                           5601 ;	genCall
   0F08 CDr00s00      [17] 5602 	call	___fail
                           5603 ;	genLabel
   0F0B                    5604 00298$:
                           5605 ;cases/./../tests/gcc-torture-execute-divcmp-1.c:349: if (test11u(20) != 1)
                           5606 ;	genSend
                           5607 ;	genMove_o size 2 result type 2 source type 1 a_dead 1 hl_dead 1 de_dead 1 iy_dead 1 f_dead 1
   0F0B 21 14 00      [10] 5608 	ld	hl, #0x0014
                           5609 ;	genCall
   0F0E CDr92s01      [17] 5610 	call	_test11u
                           5611 ;	genMove_o size 2 result type 2 source type 2 a_dead 1 hl_dead 1 de_dead 1 iy_dead 1 f_dead 1
                           5612 ;	genCmpEq
                           5613 ;	genMove_o size 1 result type 2 source type 2 a_dead 1 hl_dead 1 de_dead 0 iy_dead 0 f_dead 1
   0F11 7B            [ 4] 5614 	ld	a, e
                           5615 ;	genMove_o size 0 result type 2 source type 1 a_dead 1 hl_dead 1 de_dead 0 iy_dead 0 f_dead 1
   0F12 3D            [ 4] 5616 	dec	a
   0F13 B2            [ 4] 5617 	or	a, d
                           5618 ; common peephole 163 changed absolute to relative conditional jump.
   0F14 28 18         [12] 5619 	jr	z, 00300$
                           5620 ; common peephole 81 removed jp by using inverse jump logic
                           5621 ; common peephole 159 removed unused label 01229$.
                           5622 ;	skipping generated iCode
                           5623 ;cases/./../tests/gcc-torture-execute-divcmp-1.c:350: ASSERT (0);
                           5624 ;	genPlus
                           5625 ;	genMove_o size 2 result type 2 source type 10 a_dead 1 hl_dead 1 de_dead 1 iy_dead 1 f_dead 1
   0F16 2Ar00s00      [16] 5626 	ld	hl, (___numTests)
   0F19 23            [ 6] 5627 	inc	hl
                           5628 ;	genMove_o size 2 result type 10 source type 2 a_dead 1 hl_dead 1 de_dead 1 iy_dead 1 f_dead 1
   0F1A 22r00s00      [16] 5629 	ld	(___numTests), hl
                           5630 ;	skipping iCode since result will be rematerialized
                           5631 ;	skipping iCode since result will be rematerialized
                           5632 ;	skipping iCode since result will be rematerialized
                           5633 ;	skipping iCode since result will be rematerialized
                           5634 ;	skipping iCode since result will be rematerialized
                           5635 ;	skipping iCode since result will be rematerialized
                           5636 ;	genIpush
                           5637 ;	genMove_o size 2 result type 2 source type 1 a_dead 1 hl_dead 1 de_dead 1 iy_dead 1 f_dead 1
   0F1D 21 5E 01      [10] 5638 	ld	hl, #0x015e
   0F20 E5            [11] 5639 	push	hl
                           5640 ;	genIpush
                           5641 ;	genMove_o size 2 result type 2 source type 7 a_dead 1 hl_dead 1 de_dead 1 iy_dead 1 f_dead 1
   0F21 21r58s10      [10] 5642 	ld	hl, #__str_2
   0F24 E5            [11] 5643 	push	hl
                           5644 ;	genSend
                           5645 ;	genMove_o size 2 result type 2 source type 7 a_dead 1 hl_dead 1 de_dead 1 iy_dead 1 f_dead 1
   0F25 11r56s10      [10] 5646 	ld	de, #__str_1
                           5647 ;	genSend
                           5648 ;	genMove_o size 2 result type 2 source type 7 a_dead 1 hl_dead 1 de_dead 0 iy_dead 1 f_dead 1
   0F28 21r45s10      [10] 5649 	ld	hl, #__str_0
                           5650 ;	genCall
   0F2B CDr00s00      [17] 5651 	call	___fail
                           5652 ;	genLabel
   0F2E                    5653 00300$:
                           5654 ;cases/./../tests/gcc-torture-execute-divcmp-1.c:351: if (test11u(29) != 1)
                           5655 ;	genSend
                           5656 ;	genMove_o size 2 result type 2 source type 1 a_dead 1 hl_dead 1 de_dead 1 iy_dead 1 f_dead 1
   0F2E 21 1D 00      [10] 5657 	ld	hl, #0x001d
                           5658 ;	genCall
   0F31 CDr92s01      [17] 5659 	call	_test11u
                           5660 ;	genMove_o size 2 result type 2 source type 2 a_dead 1 hl_dead 1 de_dead 1 iy_dead 1 f_dead 1
                           5661 ;	genCmpEq
                           5662 ;	genMove_o size 1 result type 2 source type 2 a_dead 1 hl_dead 1 de_dead 0 iy_dead 0 f_dead 1
   0F34 7B            [ 4] 5663 	ld	a, e
                           5664 ;	genMove_o size 0 result type 2 source type 1 a_dead 1 hl_dead 1 de_dead 0 iy_dead 0 f_dead 1
   0F35 3D            [ 4] 5665 	dec	a
   0F36 B2            [ 4] 5666 	or	a, d
                           5667 ; common peephole 163 changed absolute to relative conditional jump.
   0F37 28 18         [12] 5668 	jr	z, 00302$
                           5669 ; common peephole 81 removed jp by using inverse jump logic
                           5670 ; common peephole 159 removed unused label 01230$.
                           5671 ;	skipping generated iCode
                           5672 ;cases/./../tests/gcc-torture-execute-divcmp-1.c:352: ASSERT (0);
                           5673 ;	genPlus
                           5674 ;	genMove_o size 2 result type 2 source type 10 a_dead 1 hl_dead 1 de_dead 1 iy_dead 1 f_dead 1
   0F39 2Ar00s00      [16] 5675 	ld	hl, (___numTests)
   0F3C 23            [ 6] 5676 	inc	hl
                           5677 ;	genMove_o size 2 result type 10 source type 2 a_dead 1 hl_dead 1 de_dead 1 iy_dead 1 f_dead 1
   0F3D 22r00s00      [16] 5678 	ld	(___numTests), hl
                           5679 ;	skipping iCode since result will be rematerialized
                           5680 ;	skipping iCode since result will be rematerialized
                           5681 ;	skipping iCode since result will be rematerialized
                           5682 ;	skipping iCode since result will be rematerialized
                           5683 ;	skipping iCode since result will be rematerialized
                           5684 ;	skipping iCode since result will be rematerialized
                           5685 ;	genIpush
                           5686 ;	genMove_o size 2 result type 2 source type 1 a_dead 1 hl_dead 1 de_dead 1 iy_dead 1 f_dead 1
   0F40 21 60 01      [10] 5687 	ld	hl, #0x0160
   0F43 E5            [11] 5688 	push	hl
                           5689 ;	genIpush
                           5690 ;	genMove_o size 2 result type 2 source type 7 a_dead 1 hl_dead 1 de_dead 1 iy_dead 1 f_dead 1
   0F44 21r58s10      [10] 5691 	ld	hl, #__str_2
   0F47 E5            [11] 5692 	push	hl
                           5693 ;	genSend
                           5694 ;	genMove_o size 2 result type 2 source type 7 a_dead 1 hl_dead 1 de_dead 1 iy_dead 1 f_dead 1
   0F48 11r56s10      [10] 5695 	ld	de, #__str_1
                           5696 ;	genSend
                           5697 ;	genMove_o size 2 result type 2 source type 7 a_dead 1 hl_dead 1 de_dead 0 iy_dead 1 f_dead 1
   0F4B 21r45s10      [10] 5698 	ld	hl, #__str_0
                           5699 ;	genCall
   0F4E CDr00s00      [17] 5700 	call	___fail
                           5701 ;	genLabel
   0F51                    5702 00302$:
                           5703 ;cases/./../tests/gcc-torture-execute-divcmp-1.c:353: if (test11u(30) != 1)
                           5704 ;	genSend
                           5705 ;	genMove_o size 2 result type 2 source type 1 a_dead 1 hl_dead 1 de_dead 1 iy_dead 1 f_dead 1
   0F51 21 1E 00      [10] 5706 	ld	hl, #0x001e
                           5707 ;	genCall
   0F54 CDr92s01      [17] 5708 	call	_test11u
                           5709 ;	genMove_o size 2 result type 2 source type 2 a_dead 1 hl_dead 1 de_dead 1 iy_dead 1 f_dead 1
                           5710 ;	genCmpEq
                           5711 ;	genMove_o size 1 result type 2 source type 2 a_dead 1 hl_dead 1 de_dead 0 iy_dead 0 f_dead 1
   0F57 7B            [ 4] 5712 	ld	a, e
                           5713 ;	genMove_o size 0 result type 2 source type 1 a_dead 1 hl_dead 1 de_dead 0 iy_dead 0 f_dead 1
   0F58 3D            [ 4] 5714 	dec	a
   0F59 B2            [ 4] 5715 	or	a, d
                           5716 ; common peephole 163 changed absolute to relative conditional jump.
   0F5A 28 18         [12] 5717 	jr	z, 00304$
                           5718 ; common peephole 81 removed jp by using inverse jump logic
                           5719 ; common peephole 159 removed unused label 01231$.
                           5720 ;	skipping generated iCode
                           5721 ;cases/./../tests/gcc-torture-execute-divcmp-1.c:354: ASSERT (0);
                           5722 ;	genPlus
                           5723 ;	genMove_o size 2 result type 2 source type 10 a_dead 1 hl_dead 1 de_dead 1 iy_dead 1 f_dead 1
   0F5C 2Ar00s00      [16] 5724 	ld	hl, (___numTests)
   0F5F 23            [ 6] 5725 	inc	hl
                           5726 ;	genMove_o size 2 result type 10 source type 2 a_dead 1 hl_dead 1 de_dead 1 iy_dead 1 f_dead 1
   0F60 22r00s00      [16] 5727 	ld	(___numTests), hl
                           5728 ;	skipping iCode since result will be rematerialized
                           5729 ;	skipping iCode since result will be rematerialized
                           5730 ;	skipping iCode since result will be rematerialized
                           5731 ;	skipping iCode since result will be rematerialized
                           5732 ;	skipping iCode since result will be rematerialized
                           5733 ;	skipping iCode since result will be rematerialized
                           5734 ;	genIpush
                           5735 ;	genMove_o size 2 result type 2 source type 1 a_dead 1 hl_dead 1 de_dead 1 iy_dead 1 f_dead 1
   0F63 21 62 01      [10] 5736 	ld	hl, #0x0162
   0F66 E5            [11] 5737 	push	hl
                           5738 ;	genIpush
                           5739 ;	genMove_o size 2 result type 2 source type 7 a_dead 1 hl_dead 1 de_dead 1 iy_dead 1 f_dead 1
   0F67 21r58s10      [10] 5740 	ld	hl, #__str_2
   0F6A E5            [11] 5741 	push	hl
                           5742 ;	genSend
                           5743 ;	genMove_o size 2 result type 2 source type 7 a_dead 1 hl_dead 1 de_dead 1 iy_dead 1 f_dead 1
   0F6B 11r56s10      [10] 5744 	ld	de, #__str_1
                           5745 ;	genSend
                           5746 ;	genMove_o size 2 result type 2 source type 7 a_dead 1 hl_dead 1 de_dead 0 iy_dead 1 f_dead 1
   0F6E 21r45s10      [10] 5747 	ld	hl, #__str_0
                           5748 ;	genCall
   0F71 CDr00s00      [17] 5749 	call	___fail
                           5750 ;	genLabel
   0F74                    5751 00304$:
                           5752 ;cases/./../tests/gcc-torture-execute-divcmp-1.c:356: if (test12(0) != 1)
                           5753 ;	genSend
                           5754 ;	genMove_o size 2 result type 2 source type 1 a_dead 1 hl_dead 1 de_dead 1 iy_dead 1 f_dead 1
   0F74 21 00 00      [10] 5755 	ld	hl, #0x0000
                           5756 ;	genCall
   0F77 CDrA7s01      [17] 5757 	call	_test12
                           5758 ;	genMove_o size 2 result type 2 source type 2 a_dead 1 hl_dead 1 de_dead 1 iy_dead 1 f_dead 1
                           5759 ;	genCmpEq
                           5760 ;	genMove_o size 1 result type 2 source type 2 a_dead 1 hl_dead 1 de_dead 0 iy_dead 0 f_dead 1
   0F7A 7B            [ 4] 5761 	ld	a, e
                           5762 ;	genMove_o size 0 result type 2 source type 1 a_dead 1 hl_dead 1 de_dead 0 iy_dead 0 f_dead 1
   0F7B 3D            [ 4] 5763 	dec	a
   0F7C B2            [ 4] 5764 	or	a, d
                           5765 ; common peephole 163 changed absolute to relative conditional jump.
   0F7D 28 18         [12] 5766 	jr	z, 00306$
                           5767 ; common peephole 81 removed jp by using inverse jump logic
                           5768 ; common peephole 159 removed unused label 01232$.
                           5769 ;	skipping generated iCode
                           5770 ;cases/./../tests/gcc-torture-execute-divcmp-1.c:357: ASSERT (0);
                           5771 ;	genPlus
                           5772 ;	genMove_o size 2 result type 2 source type 10 a_dead 1 hl_dead 1 de_dead 1 iy_dead 1 f_dead 1
   0F7F 2Ar00s00      [16] 5773 	ld	hl, (___numTests)
   0F82 23            [ 6] 5774 	inc	hl
                           5775 ;	genMove_o size 2 result type 10 source type 2 a_dead 1 hl_dead 1 de_dead 1 iy_dead 1 f_dead 1
   0F83 22r00s00      [16] 5776 	ld	(___numTests), hl
                           5777 ;	skipping iCode since result will be rematerialized
                           5778 ;	skipping iCode since result will be rematerialized
                           5779 ;	skipping iCode since result will be rematerialized
                           5780 ;	skipping iCode since result will be rematerialized
                           5781 ;	skipping iCode since result will be rematerialized
                           5782 ;	skipping iCode since result will be rematerialized
                           5783 ;	genIpush
                           5784 ;	genMove_o size 2 result type 2 source type 1 a_dead 1 hl_dead 1 de_dead 1 iy_dead 1 f_dead 1
   0F86 21 65 01      [10] 5785 	ld	hl, #0x0165
   0F89 E5            [11] 5786 	push	hl
                           5787 ;	genIpush
                           5788 ;	genMove_o size 2 result type 2 source type 7 a_dead 1 hl_dead 1 de_dead 1 iy_dead 1 f_dead 1
   0F8A 21r58s10      [10] 5789 	ld	hl, #__str_2
   0F8D E5            [11] 5790 	push	hl
                           5791 ;	genSend
                           5792 ;	genMove_o size 2 result type 2 source type 7 a_dead 1 hl_dead 1 de_dead 1 iy_dead 1 f_dead 1
   0F8E 11r56s10      [10] 5793 	ld	de, #__str_1
                           5794 ;	genSend
                           5795 ;	genMove_o size 2 result type 2 source type 7 a_dead 1 hl_dead 1 de_dead 0 iy_dead 1 f_dead 1
   0F91 21r45s10      [10] 5796 	ld	hl, #__str_0
                           5797 ;	genCall
   0F94 CDr00s00      [17] 5798 	call	___fail
                           5799 ;	genLabel
   0F97                    5800 00306$:
                           5801 ;cases/./../tests/gcc-torture-execute-divcmp-1.c:358: if (test12(9) != 1)
                           5802 ;	genSend
                           5803 ;	genMove_o size 2 result type 2 source type 1 a_dead 1 hl_dead 1 de_dead 1 iy_dead 1 f_dead 1
   0F97 21 09 00      [10] 5804 	ld	hl, #0x0009
                           5805 ;	genCall
   0F9A CDrA7s01      [17] 5806 	call	_test12
                           5807 ;	genMove_o size 2 result type 2 source type 2 a_dead 1 hl_dead 1 de_dead 1 iy_dead 1 f_dead 1
                           5808 ;	genCmpEq
                           5809 ;	genMove_o size 1 result type 2 source type 2 a_dead 1 hl_dead 1 de_dead 0 iy_dead 0 f_dead 1
   0F9D 7B            [ 4] 5810 	ld	a, e
                           5811 ;	genMove_o size 0 result type 2 source type 1 a_dead 1 hl_dead 1 de_dead 0 iy_dead 0 f_dead 1
   0F9E 3D            [ 4] 5812 	dec	a
   0F9F B2            [ 4] 5813 	or	a, d
                           5814 ; common peephole 163 changed absolute to relative conditional jump.
   0FA0 28 18         [12] 5815 	jr	z, 00308$
                           5816 ; common peephole 81 removed jp by using inverse jump logic
                           5817 ; common peephole 159 removed unused label 01233$.
                           5818 ;	skipping generated iCode
                           5819 ;cases/./../tests/gcc-torture-execute-divcmp-1.c:359: ASSERT (0);
                           5820 ;	genPlus
                           5821 ;	genMove_o size 2 result type 2 source type 10 a_dead 1 hl_dead 1 de_dead 1 iy_dead 1 f_dead 1
   0FA2 2Ar00s00      [16] 5822 	ld	hl, (___numTests)
   0FA5 23            [ 6] 5823 	inc	hl
                           5824 ;	genMove_o size 2 result type 10 source type 2 a_dead 1 hl_dead 1 de_dead 1 iy_dead 1 f_dead 1
   0FA6 22r00s00      [16] 5825 	ld	(___numTests), hl
                           5826 ;	skipping iCode since result will be rematerialized
                           5827 ;	skipping iCode since result will be rematerialized
                           5828 ;	skipping iCode since result will be rematerialized
                           5829 ;	skipping iCode since result will be rematerialized
                           5830 ;	skipping iCode since result will be rematerialized
                           5831 ;	skipping iCode since result will be rematerialized
                           5832 ;	genIpush
                           5833 ;	genMove_o size 2 result type 2 source type 1 a_dead 1 hl_dead 1 de_dead 1 iy_dead 1 f_dead 1
   0FA9 21 67 01      [10] 5834 	ld	hl, #0x0167
   0FAC E5            [11] 5835 	push	hl
                           5836 ;	genIpush
                           5837 ;	genMove_o size 2 result type 2 source type 7 a_dead 1 hl_dead 1 de_dead 1 iy_dead 1 f_dead 1
   0FAD 21r58s10      [10] 5838 	ld	hl, #__str_2
   0FB0 E5            [11] 5839 	push	hl
                           5840 ;	genSend
                           5841 ;	genMove_o size 2 result type 2 source type 7 a_dead 1 hl_dead 1 de_dead 1 iy_dead 1 f_dead 1
   0FB1 11r56s10      [10] 5842 	ld	de, #__str_1
                           5843 ;	genSend
                           5844 ;	genMove_o size 2 result type 2 source type 7 a_dead 1 hl_dead 1 de_dead 0 iy_dead 1 f_dead 1
   0FB4 21r45s10      [10] 5845 	ld	hl, #__str_0
                           5846 ;	genCall
   0FB7 CDr00s00      [17] 5847 	call	___fail
                           5848 ;	genLabel
   0FBA                    5849 00308$:
                           5850 ;cases/./../tests/gcc-torture-execute-divcmp-1.c:360: if (test12(10) != 1)
                           5851 ;	genSend
                           5852 ;	genMove_o size 2 result type 2 source type 1 a_dead 1 hl_dead 1 de_dead 1 iy_dead 1 f_dead 1
   0FBA 21 0A 00      [10] 5853 	ld	hl, #0x000a
                           5854 ;	genCall
   0FBD CDrA7s01      [17] 5855 	call	_test12
                           5856 ;	genMove_o size 2 result type 2 source type 2 a_dead 1 hl_dead 1 de_dead 1 iy_dead 1 f_dead 1
                           5857 ;	genCmpEq
                           5858 ;	genMove_o size 1 result type 2 source type 2 a_dead 1 hl_dead 1 de_dead 0 iy_dead 0 f_dead 1
   0FC0 7B            [ 4] 5859 	ld	a, e
                           5860 ;	genMove_o size 0 result type 2 source type 1 a_dead 1 hl_dead 1 de_dead 0 iy_dead 0 f_dead 1
   0FC1 3D            [ 4] 5861 	dec	a
   0FC2 B2            [ 4] 5862 	or	a, d
                           5863 ; common peephole 163 changed absolute to relative conditional jump.
   0FC3 28 18         [12] 5864 	jr	z, 00310$
                           5865 ; common peephole 81 removed jp by using inverse jump logic
                           5866 ; common peephole 159 removed unused label 01234$.
                           5867 ;	skipping generated iCode
                           5868 ;cases/./../tests/gcc-torture-execute-divcmp-1.c:361: ASSERT (0);
                           5869 ;	genPlus
                           5870 ;	genMove_o size 2 result type 2 source type 10 a_dead 1 hl_dead 1 de_dead 1 iy_dead 1 f_dead 1
   0FC5 2Ar00s00      [16] 5871 	ld	hl, (___numTests)
   0FC8 23            [ 6] 5872 	inc	hl
                           5873 ;	genMove_o size 2 result type 10 source type 2 a_dead 1 hl_dead 1 de_dead 1 iy_dead 1 f_dead 1
   0FC9 22r00s00      [16] 5874 	ld	(___numTests), hl
                           5875 ;	skipping iCode since result will be rematerialized
                           5876 ;	skipping iCode since result will be rematerialized
                           5877 ;	skipping iCode since result will be rematerialized
                           5878 ;	skipping iCode since result will be rematerialized
                           5879 ;	skipping iCode since result will be rematerialized
                           5880 ;	skipping iCode since result will be rematerialized
                           5881 ;	genIpush
                           5882 ;	genMove_o size 2 result type 2 source type 1 a_dead 1 hl_dead 1 de_dead 1 iy_dead 1 f_dead 1
   0FCC 21 69 01      [10] 5883 	ld	hl, #0x0169
   0FCF E5            [11] 5884 	push	hl
                           5885 ;	genIpush
                           5886 ;	genMove_o size 2 result type 2 source type 7 a_dead 1 hl_dead 1 de_dead 1 iy_dead 1 f_dead 1
   0FD0 21r58s10      [10] 5887 	ld	hl, #__str_2
   0FD3 E5            [11] 5888 	push	hl
                           5889 ;	genSend
                           5890 ;	genMove_o size 2 result type 2 source type 7 a_dead 1 hl_dead 1 de_dead 1 iy_dead 1 f_dead 1
   0FD4 11r56s10      [10] 5891 	ld	de, #__str_1
                           5892 ;	genSend
                           5893 ;	genMove_o size 2 result type 2 source type 7 a_dead 1 hl_dead 1 de_dead 0 iy_dead 1 f_dead 1
   0FD7 21r45s10      [10] 5894 	ld	hl, #__str_0
                           5895 ;	genCall
   0FDA CDr00s00      [17] 5896 	call	___fail
                           5897 ;	genLabel
   0FDD                    5898 00310$:
                           5899 ;cases/./../tests/gcc-torture-execute-divcmp-1.c:362: if (test12(-1) != 1)
                           5900 ;	genSend
                           5901 ;	genMove_o size 2 result type 2 source type 1 a_dead 1 hl_dead 1 de_dead 1 iy_dead 1 f_dead 1
   0FDD 21 FF FF      [10] 5902 	ld	hl, #0xffff
                           5903 ;	genCall
   0FE0 CDrA7s01      [17] 5904 	call	_test12
                           5905 ;	genMove_o size 2 result type 2 source type 2 a_dead 1 hl_dead 1 de_dead 1 iy_dead 1 f_dead 1
                           5906 ;	genCmpEq
                           5907 ;	genMove_o size 1 result type 2 source type 2 a_dead 1 hl_dead 1 de_dead 0 iy_dead 0 f_dead 1
   0FE3 7B            [ 4] 5908 	ld	a, e
                           5909 ;	genMove_o size 0 result type 2 source type 1 a_dead 1 hl_dead 1 de_dead 0 iy_dead 0 f_dead 1
   0FE4 3D            [ 4] 5910 	dec	a
   0FE5 B2            [ 4] 5911 	or	a, d
                           5912 ; common peephole 163 changed absolute to relative conditional jump.
   0FE6 28 18         [12] 5913 	jr	z, 00312$
                           5914 ; common peephole 81 removed jp by using inverse jump logic
                           5915 ; common peephole 159 removed unused label 01235$.
                           5916 ;	skipping generated iCode
                           5917 ;cases/./../tests/gcc-torture-execute-divcmp-1.c:363: ASSERT (0);
                           5918 ;	genPlus
                           5919 ;	genMove_o size 2 result type 2 source type 10 a_dead 1 hl_dead 1 de_dead 1 iy_dead 1 f_dead 1
   0FE8 2Ar00s00      [16] 5920 	ld	hl, (___numTests)
   0FEB 23            [ 6] 5921 	inc	hl
                           5922 ;	genMove_o size 2 result type 10 source type 2 a_dead 1 hl_dead 1 de_dead 1 iy_dead 1 f_dead 1
   0FEC 22r00s00      [16] 5923 	ld	(___numTests), hl
                           5924 ;	skipping iCode since result will be rematerialized
                           5925 ;	skipping iCode since result will be rematerialized
                           5926 ;	skipping iCode since result will be rematerialized
                           5927 ;	skipping iCode since result will be rematerialized
                           5928 ;	skipping iCode since result will be rematerialized
                           5929 ;	skipping iCode since result will be rematerialized
                           5930 ;	genIpush
                           5931 ;	genMove_o size 2 result type 2 source type 1 a_dead 1 hl_dead 1 de_dead 1 iy_dead 1 f_dead 1
   0FEF 21 6B 01      [10] 5932 	ld	hl, #0x016b
   0FF2 E5            [11] 5933 	push	hl
                           5934 ;	genIpush
                           5935 ;	genMove_o size 2 result type 2 source type 7 a_dead 1 hl_dead 1 de_dead 1 iy_dead 1 f_dead 1
   0FF3 21r58s10      [10] 5936 	ld	hl, #__str_2
   0FF6 E5            [11] 5937 	push	hl
                           5938 ;	genSend
                           5939 ;	genMove_o size 2 result type 2 source type 7 a_dead 1 hl_dead 1 de_dead 1 iy_dead 1 f_dead 1
   0FF7 11r56s10      [10] 5940 	ld	de, #__str_1
                           5941 ;	genSend
                           5942 ;	genMove_o size 2 result type 2 source type 7 a_dead 1 hl_dead 1 de_dead 0 iy_dead 1 f_dead 1
   0FFA 21r45s10      [10] 5943 	ld	hl, #__str_0
                           5944 ;	genCall
   0FFD CDr00s00      [17] 5945 	call	___fail
                           5946 ;	genLabel
   1000                    5947 00312$:
                           5948 ;cases/./../tests/gcc-torture-execute-divcmp-1.c:364: if (test12(-9) != 1)
                           5949 ;	genSend
                           5950 ;	genMove_o size 2 result type 2 source type 1 a_dead 1 hl_dead 1 de_dead 1 iy_dead 1 f_dead 1
   1000 21 F7 FF      [10] 5951 	ld	hl, #0xfff7
                           5952 ;	genCall
   1003 CDrA7s01      [17] 5953 	call	_test12
                           5954 ;	genMove_o size 2 result type 2 source type 2 a_dead 1 hl_dead 1 de_dead 1 iy_dead 1 f_dead 1
                           5955 ;	genCmpEq
                           5956 ;	genMove_o size 1 result type 2 source type 2 a_dead 1 hl_dead 1 de_dead 0 iy_dead 0 f_dead 1
   1006 7B            [ 4] 5957 	ld	a, e
                           5958 ;	genMove_o size 0 result type 2 source type 1 a_dead 1 hl_dead 1 de_dead 0 iy_dead 0 f_dead 1
   1007 3D            [ 4] 5959 	dec	a
   1008 B2            [ 4] 5960 	or	a, d
                           5961 ; common peephole 163 changed absolute to relative conditional jump.
   1009 28 18         [12] 5962 	jr	z, 00314$
                           5963 ; common peephole 81 removed jp by using inverse jump logic
                           5964 ; common peephole 159 removed unused label 01236$.
                           5965 ;	skipping generated iCode
                           5966 ;cases/./../tests/gcc-torture-execute-divcmp-1.c:365: ASSERT (0);
                           5967 ;	genPlus
                           5968 ;	genMove_o size 2 result type 2 source type 10 a_dead 1 hl_dead 1 de_dead 1 iy_dead 1 f_dead 1
   100B 2Ar00s00      [16] 5969 	ld	hl, (___numTests)
   100E 23            [ 6] 5970 	inc	hl
                           5971 ;	genMove_o size 2 result type 10 source type 2 a_dead 1 hl_dead 1 de_dead 1 iy_dead 1 f_dead 1
   100F 22r00s00      [16] 5972 	ld	(___numTests), hl
                           5973 ;	skipping iCode since result will be rematerialized
                           5974 ;	skipping iCode since result will be rematerialized
                           5975 ;	skipping iCode since result will be rematerialized
                           5976 ;	skipping iCode since result will be rematerialized
                           5977 ;	skipping iCode since result will be rematerialized
                           5978 ;	skipping iCode since result will be rematerialized
                           5979 ;	genIpush
                           5980 ;	genMove_o size 2 result type 2 source type 1 a_dead 1 hl_dead 1 de_dead 1 iy_dead 1 f_dead 1
   1012 21 6D 01      [10] 5981 	ld	hl, #0x016d
   1015 E5            [11] 5982 	push	hl
                           5983 ;	genIpush
                           5984 ;	genMove_o size 2 result type 2 source type 7 a_dead 1 hl_dead 1 de_dead 1 iy_dead 1 f_dead 1
   1016 21r58s10      [10] 5985 	ld	hl, #__str_2
   1019 E5            [11] 5986 	push	hl
                           5987 ;	genSend
                           5988 ;	genMove_o size 2 result type 2 source type 7 a_dead 1 hl_dead 1 de_dead 1 iy_dead 1 f_dead 1
   101A 11r56s10      [10] 5989 	ld	de, #__str_1
                           5990 ;	genSend
                           5991 ;	genMove_o size 2 result type 2 source type 7 a_dead 1 hl_dead 1 de_dead 0 iy_dead 1 f_dead 1
   101D 21r45s10      [10] 5992 	ld	hl, #__str_0
                           5993 ;	genCall
   1020 CDr00s00      [17] 5994 	call	___fail
                           5995 ;	genLabel
   1023                    5996 00314$:
                           5997 ;cases/./../tests/gcc-torture-execute-divcmp-1.c:366: if (test12(-10) != 0)
                           5998 ;	genSend
                           5999 ;	genMove_o size 2 result type 2 source type 1 a_dead 1 hl_dead 1 de_dead 1 iy_dead 1 f_dead 1
   1023 21 F6 FF      [10] 6000 	ld	hl, #0xfff6
                           6001 ;	genCall
   1026 CDrA7s01      [17] 6002 	call	_test12
                           6003 ;	genMove_o size 2 result type 2 source type 2 a_dead 1 hl_dead 1 de_dead 1 iy_dead 1 f_dead 1
                           6004 ;	genIfx
   1029 7A            [ 4] 6005 	ld	a, d
   102A B3            [ 4] 6006 	or	a, e
   102B C8            [11] 6007 	ret	z
                           6008 ; common peephole 161 replaced jump by return.
                           6009 ;cases/./../tests/gcc-torture-execute-divcmp-1.c:367: ASSERT (0);
                           6010 ;	genPlus
                           6011 ;	genMove_o size 2 result type 2 source type 10 a_dead 1 hl_dead 1 de_dead 1 iy_dead 1 f_dead 1
   102C 2Ar00s00      [16] 6012 	ld	hl, (___numTests)
   102F 23            [ 6] 6013 	inc	hl
                           6014 ;	genMove_o size 2 result type 10 source type 2 a_dead 1 hl_dead 1 de_dead 1 iy_dead 1 f_dead 1
   1030 22r00s00      [16] 6015 	ld	(___numTests), hl
                           6016 ;	skipping iCode since result will be rematerialized
                           6017 ;	skipping iCode since result will be rematerialized
                           6018 ;	skipping iCode since result will be rematerialized
                           6019 ;	skipping iCode since result will be rematerialized
                           6020 ;	skipping iCode since result will be rematerialized
                           6021 ;	skipping iCode since result will be rematerialized
                           6022 ;	genIpush
                           6023 ;	genMove_o size 2 result type 2 source type 1 a_dead 1 hl_dead 1 de_dead 1 iy_dead 1 f_dead 1
   1033 21 6F 01      [10] 6024 	ld	hl, #0x016f
   1036 E5            [11] 6025 	push	hl
                           6026 ;	genIpush
                           6027 ;	genMove_o size 2 result type 2 source type 7 a_dead 1 hl_dead 1 de_dead 1 iy_dead 1 f_dead 1
   1037 21r58s10      [10] 6028 	ld	hl, #__str_2
   103A E5            [11] 6029 	push	hl
                           6030 ;	genSend
                           6031 ;	genMove_o size 2 result type 2 source type 7 a_dead 1 hl_dead 1 de_dead 1 iy_dead 1 f_dead 1
   103B 11r56s10      [10] 6032 	ld	de, #__str_1
                           6033 ;	genSend
                           6034 ;	genMove_o size 2 result type 2 source type 7 a_dead 1 hl_dead 1 de_dead 0 iy_dead 1 f_dead 1
   103E 21r45s10      [10] 6035 	ld	hl, #__str_0
                           6036 ;	genCall
   1041 CDr00s00      [17] 6037 	call	___fail
                           6038 ;	genLabel
                           6039 ; common peephole 159 removed unused label 00316$.
                           6040 ;cases/./../tests/gcc-torture-execute-divcmp-1.c:369: return;
                           6041 ;	genRet
                           6042 ;	genLabel
                           6043 ; common peephole 159 removed unused label 00317$.
                           6044 ;cases/./../tests/gcc-torture-execute-divcmp-1.c:372: }
                           6045 ;	genEndFunction
   1044 C9            [10] 6046 	ret
                           6047 ;	Total testTortureExecute function size at codegen: 1 bytes.
   1045                    6048 __str_0:
   1045 41 73 73 65 72 74  6049 	.ascii "Assertion failed"
        69 6F 6E 20 66 61
        69 6C 65 64
   1055 00                 6050 	.db 0x00
   1056                    6051 __str_1:
   1056 30                 6052 	.ascii "0"
   1057 00                 6053 	.db 0x00
   1058                    6054 __str_2:
   1058 63 61 73 65 73 2F  6055 	.ascii "cases/./../tests/gcc-torture-execute-divcmp-1.c"
        2E 2F 2E 2E 2F 74
        65 73 74 73 2F 67
        63 63 2D 74 6F 72
        74 75 72 65 2D 65
        78 65 63 75 74 65
        2D 64 69 76 63 6D
        70 2D 31 2E 63
   1087 00                 6056 	.db 0x00
                           6057 ;cases/tst_gcc-torture-execute-divcmp-1.c:4: __runSuite(void)
                           6058 ;	genLabel
                           6059 ;	genFunction
                           6060 ;	---------------------------------
                           6061 ; Function __runSuite
                           6062 ; ---------------------------------
                           6063 ;	Register assignment is optimal.
                           6064 ; Stack space usage: 0 bytes.
   1088                    6065 ___runSuite::
                           6066 ;cases/tst_gcc-torture-execute-divcmp-1.c:6: __prints("Running testTortureExecute\n");
                           6067 ;	skipping iCode since result will be rematerialized
                           6068 ;	skipping iCode since result will be rematerialized
                           6069 ;	genSend
                           6070 ;	genMove_o size 2 result type 2 source type 7 a_dead 1 hl_dead 1 de_dead 1 iy_dead 1 f_dead 1
   1088 21r91s10      [10] 6071 	ld	hl, #___str_3
                           6072 ;	genCall
   108B CDr00s00      [17] 6073 	call	___prints
                           6074 ;cases/tst_gcc-torture-execute-divcmp-1.c:7: testTortureExecute();
                           6075 ;	genCall
                           6076 ;	genLabel
                           6077 ; common peephole 159 removed unused label 00101$.
                           6078 ;cases/tst_gcc-torture-execute-divcmp-1.c:8: }
                           6079 ;	genEndFunction
   108E C3rB7s01      [10] 6080 	jp	_testTortureExecute
                           6081 ; common peephole 152 removed unused ret.
                           6082 ;	Total __runSuite function size at codegen: 1 bytes.
   1091                    6083 ___str_3:
   1091 52 75 6E 6E 69 6E  6084 	.ascii "Running testTortureExecute"
        67 20 74 65 73 74
        54 6F 72 74 75 72
        65 45 78 65 63 75
        74 65
   10AB 0A                 6085 	.db 0x0a
   10AC 00                 6086 	.db 0x00
                           6087 ;cases/tst_gcc-torture-execute-divcmp-1.c:13: __getSuiteName(void)
                           6088 ;	genLabel
                           6089 ;	genFunction
                           6090 ;	---------------------------------
                           6091 ; Function __getSuiteName
                           6092 ; ---------------------------------
                           6093 ;	Register assignment is optimal.
                           6094 ; Stack space usage: 0 bytes.
   10AD                    6095 ___getSuiteName::
                           6096 ;cases/tst_gcc-torture-execute-divcmp-1.c:15: return "gcc-torture-execute-divcmp-1.c";
                           6097 ;	skipping iCode since result will be rematerialized
                           6098 ;	skipping iCode since result will be rematerialized
                           6099 ;	genRet
                           6100 ;	genMove_o size 2 result type 2 source type 7 a_dead 1 hl_dead 1 de_dead 1 iy_dead 1 f_dead 1
   10AD 11rB3s10      [10] 6101 	ld	de, #___str_4
                           6102 ;	genLabel
                           6103 ; common peephole 159 removed unused label 00101$.
                           6104 ;cases/tst_gcc-torture-execute-divcmp-1.c:16: }
                           6105 ;	genEndFunction
   10B0 C9            [10] 6106 	ret
                           6107 ;	Total __getSuiteName function size at codegen: 1 bytes.
   10B1                    6108 ___numCases:
   10B1 01 00              6109 	.dw #0x0001
   10B3                    6110 ___str_4:
   10B3 67 63 63 2D 74 6F  6111 	.ascii "gcc-torture-execute-divcmp-1.c"
        72 74 75 72 65 2D
        65 78 65 63 75 74
        65 2D 64 69 76 63
        6D 70 2D 31 2E 63
   10D1 00                 6112 	.db 0x00
                           6113 	.area _CODE (BANK=_CSEG)
                           6114 	.area _INITIALIZER
                           6115 	.area _CABS (ABS)
