                              1 ;--------------------------------------------------------
                              2 ; File Created by SDCC : free open source ISO C Compiler
                              3 ; Version 4.6.2 #16710 (Linux)
                              4 ;--------------------------------------------------------
                              5 	.module tst_gcc_torture_execute_20020506_1
                              6 	
                              7 ;--------------------------------------------------------
                              8 ; Public variables in this module
                              9 ;--------------------------------------------------------
                             10 	.globl _testTortureExecute
                             11 	.globl ___prints
                             12 	.globl ___fail
                             13 	.globl ___numCases
                             14 	.globl _fest1
                             15 	.globl _fest2
                             16 	.globl _fest3
                             17 	.globl _fest4
                             18 	.globl _fest5
                             19 	.globl _fest6
                             20 	.globl _fest7
                             21 	.globl _fest8
                             22 	.globl ___runSuite
                             23 	.globl ___getSuiteName
                             24 ;--------------------------------------------------------
                             25 ; special function registers
                             26 ;--------------------------------------------------------
                             27 ;--------------------------------------------------------
                             28 ; ram data
                             29 ;--------------------------------------------------------
                             30 	.area _DATA (BANK=_DSEG)
                             31 ;--------------------------------------------------------
                             32 ; ram data
                             33 ;--------------------------------------------------------
                             34 	.area _INITIALIZED
                             35 ;--------------------------------------------------------
                             36 ; absolute ram data
                             37 ;--------------------------------------------------------
                             38 	.area _DABS (ABS)
                             39 	.area _DABS (ABS)
                             40 ;--------------------------------------------------------
                             41 ; global & static initialisations
                             42 ;--------------------------------------------------------
                             43 	.area _HOME
                             44 	.area _GSINIT
                             45 	.area _GSFINAL
                             46 	.area _GSINIT
                             47 ;--------------------------------------------------------
                             48 ; Home
                             49 ;--------------------------------------------------------
                             50 	.area _HOME (BANK=_CSEG)
                             51 	.area _HOME (BANK=_CSEG)
                             52 ;--------------------------------------------------------
                             53 ; code
                             54 ;--------------------------------------------------------
                             55 	.area _CODE (BANK=_CSEG)
                             56 ;cases/./../tests/gcc-torture-execute-20020506-1.c:42: fest1 (signed char c, int set)
                             57 ;	genLabel
                             58 ;	genFunction
                             59 ;	---------------------------------
                             60 ; Function fest1
                             61 ; ---------------------------------
                             62 ;	Register assignment might be sub-optimal.
                             63 ; Stack space usage: 1 bytes.
   0000                      64 _fest1::
   0000 DD E5         [15]   65 	push	ix
   0002 DD 21 00 00   [14]   66 	ld	ix,	#0
   0006 DD 39         [15]   67 	add	ix, sp
                             68 ;	adjustStack by -1
   0008 3B            [ 6]   69 	dec	sp
                             70 ;	genReceive
                             71 ;	genMove_o size 1 result type 2 source type 2 a_dead 1 hl_dead 1 de_dead 0 iy_dead 1 f_dead 1
                             72 ;	genReceive
                             73 ;	genMove_o size 2 result type 2 source type 2 a_dead 0 hl_dead 1 de_dead 1 iy_dead 1 f_dead 1
   0009 4B            [ 4]   74 	ld	c, e
   000A 42            [ 4]   75 	ld	b, d
                             76 ;	genMove_o size 0 result type 2 source type 1 a_dead 0 hl_dead 1 de_dead 1 iy_dead 1 f_dead 1
                             77 ;cases/./../tests/gcc-torture-execute-20020506-1.c:44: if ((c & (SCHAR_MAX+1)) == 0)
                             78 ;	genAnd
   000B E6 80         [ 7]   79 	and	a, #0x80
                             80 ;	genMove_o size 1 result type 6 source type 2 a_dead 1 hl_dead 1 de_dead 1 iy_dead 1 f_dead 1
   000D DD 77 FF      [19]   81 	ld	-1 (ix), a
                             82 ;	genMove_o size 0 result type 6 source type 1 a_dead 1 hl_dead 1 de_dead 1 iy_dead 1 f_dead 1
                             83 ;cases/./../tests/gcc-torture-execute-20020506-1.c:46: if (set) ASSERT (0);
                             84 ;	genPlus
                             85 ;	genMove_o size 2 result type 2 source type 10 a_dead 1 hl_dead 1 de_dead 1 iy_dead 1 f_dead 1
   0010 ED 5Br00s00   [20]   86 	ld	de, (___numTests)
   0014 13            [ 6]   87 	inc	de
                             88 ;cases/./../tests/gcc-torture-execute-20020506-1.c:44: if ((c & (SCHAR_MAX+1)) == 0)
                             89 ;	genIfx
   0015 DD 7E FF      [19]   90 	ld	a, -1 (ix)
   0018 B7            [ 4]   91 	or	a, a
                             92 ; common peephole 163 changed absolute to relative conditional jump.
   0019 20 1D         [12]   93 	jr	nz, 00106$
                             94 ;cases/./../tests/gcc-torture-execute-20020506-1.c:46: if (set) ASSERT (0);
                             95 ;	genIfx
   001B 78            [ 4]   96 	ld	a, b
   001C B1            [ 4]   97 	or	a, c
                             98 ; common peephole 163 changed absolute to relative conditional jump.
   001D 28 34         [12]   99 	jr	z, 00107$
                            100 ;	genAssign
                            101 ;	genMove_o size 2 result type 10 source type 2 a_dead 1 hl_dead 1 de_dead 1 iy_dead 1 f_dead 1
   001F ED 53r00s00   [20]  102 	ld	(___numTests), de
                            103 ;	skipping iCode since result will be rematerialized
                            104 ;	skipping iCode since result will be rematerialized
                            105 ;	skipping iCode since result will be rematerialized
                            106 ;	skipping iCode since result will be rematerialized
                            107 ;	skipping iCode since result will be rematerialized
                            108 ;	skipping iCode since result will be rematerialized
                            109 ;	genIpush
   0023 C5            [11]  110 	push	bc
                            111 ;	genMove_o size 2 result type 2 source type 1 a_dead 1 hl_dead 1 de_dead 1 iy_dead 1 f_dead 1
   0024 21 2E 00      [10]  112 	ld	hl, #0x002e
   0027 E5            [11]  113 	push	hl
                            114 ;	genIpush
                            115 ;	genMove_o size 2 result type 2 source type 7 a_dead 1 hl_dead 1 de_dead 1 iy_dead 1 f_dead 1
   0028 21r31s01      [10]  116 	ld	hl, #__str_2
   002B E5            [11]  117 	push	hl
                            118 ;	genSend
                            119 ;	genMove_o size 2 result type 2 source type 7 a_dead 1 hl_dead 1 de_dead 1 iy_dead 1 f_dead 1
   002C 11r2Fs01      [10]  120 	ld	de, #__str_1
                            121 ;	genSend
                            122 ;	genMove_o size 2 result type 2 source type 7 a_dead 1 hl_dead 1 de_dead 0 iy_dead 1 f_dead 1
   002F 21r1Es01      [10]  123 	ld	hl, #__str_0
                            124 ;	genCall
   0032 CDr00s00      [17]  125 	call	___fail
   0035 C1            [10]  126 	pop	bc
                            127 ;	genGoto
                            128 ; common peephole 162 changed absolute to relative unconditional jump.
   0036 18 1B         [12]  129 	jr	00107$
                            130 ;	genLabel
   0038                     131 00106$:
                            132 ;cases/./../tests/gcc-torture-execute-20020506-1.c:49: if (!set) ASSERT (0);
                            133 ;	genIfx
   0038 78            [ 4]  134 	ld	a, b
   0039 B1            [ 4]  135 	or	a, c
                            136 ; common peephole 163 changed absolute to relative conditional jump.
   003A 20 17         [12]  137 	jr	nz, 00107$
                            138 ;	genAssign
                            139 ;	genMove_o size 2 result type 10 source type 2 a_dead 1 hl_dead 1 de_dead 1 iy_dead 1 f_dead 1
   003C ED 53r00s00   [20]  140 	ld	(___numTests), de
                            141 ;	skipping iCode since result will be rematerialized
                            142 ;	skipping iCode since result will be rematerialized
                            143 ;	skipping iCode since result will be rematerialized
                            144 ;	skipping iCode since result will be rematerialized
                            145 ;	skipping iCode since result will be rematerialized
                            146 ;	skipping iCode since result will be rematerialized
                            147 ;	genIpush
   0040 C5            [11]  148 	push	bc
                            149 ;	genMove_o size 2 result type 2 source type 1 a_dead 1 hl_dead 1 de_dead 1 iy_dead 1 f_dead 1
   0041 21 31 00      [10]  150 	ld	hl, #0x0031
   0044 E5            [11]  151 	push	hl
                            152 ;	genIpush
                            153 ;	genMove_o size 2 result type 2 source type 7 a_dead 1 hl_dead 1 de_dead 1 iy_dead 1 f_dead 1
   0045 21r31s01      [10]  154 	ld	hl, #__str_2
   0048 E5            [11]  155 	push	hl
                            156 ;	genSend
                            157 ;	genMove_o size 2 result type 2 source type 7 a_dead 1 hl_dead 1 de_dead 1 iy_dead 1 f_dead 1
   0049 11r2Fs01      [10]  158 	ld	de, #__str_1
                            159 ;	genSend
                            160 ;	genMove_o size 2 result type 2 source type 7 a_dead 1 hl_dead 1 de_dead 0 iy_dead 1 f_dead 1
   004C 21r1Es01      [10]  161 	ld	hl, #__str_0
                            162 ;	genCall
   004F CDr00s00      [17]  163 	call	___fail
   0052 C1            [10]  164 	pop	bc
                            165 ;	genLabel
   0053                     166 00107$:
                            167 ;cases/./../tests/gcc-torture-execute-20020506-1.c:46: if (set) ASSERT (0);
                            168 ;	genPlus
                            169 ;	genMove_o size 2 result type 2 source type 10 a_dead 1 hl_dead 1 de_dead 1 iy_dead 1 f_dead 1
   0053 2Ar00s00      [16]  170 	ld	hl, (___numTests)
   0056 23            [ 6]  171 	inc	hl
                            172 ;cases/./../tests/gcc-torture-execute-20020506-1.c:51: if ((c & (SCHAR_MAX+1)) != 0)
                            173 ;	genIfx
   0057 DD 7E FF      [19]  174 	ld	a, -1 (ix)
   005A B7            [ 4]  175 	or	a, a
                            176 ; common peephole 163 changed absolute to relative conditional jump.
   005B 28 1C         [12]  177 	jr	z, 00113$
                            178 ;cases/./../tests/gcc-torture-execute-20020506-1.c:53: if (!set) ASSERT (0);
                            179 ;	genIfx
   005D 78            [ 4]  180 	ld	a, b
   005E B1            [ 4]  181 	or	a, c
                            182 ; common peephole 163 changed absolute to relative conditional jump.
   005F 20 32         [12]  183 	jr	nz, 00114$
                            184 ;	genAssign
                            185 ;	genMove_o size 2 result type 10 source type 2 a_dead 1 hl_dead 1 de_dead 1 iy_dead 1 f_dead 1
   0061 22r00s00      [16]  186 	ld	(___numTests), hl
                            187 ;	skipping iCode since result will be rematerialized
                            188 ;	skipping iCode since result will be rematerialized
                            189 ;	skipping iCode since result will be rematerialized
                            190 ;	skipping iCode since result will be rematerialized
                            191 ;	skipping iCode since result will be rematerialized
                            192 ;	skipping iCode since result will be rematerialized
                            193 ;	genIpush
   0064 C5            [11]  194 	push	bc
                            195 ;	genMove_o size 2 result type 2 source type 1 a_dead 1 hl_dead 1 de_dead 1 iy_dead 1 f_dead 1
   0065 21 35 00      [10]  196 	ld	hl, #0x0035
   0068 E5            [11]  197 	push	hl
                            198 ;	genIpush
                            199 ;	genMove_o size 2 result type 2 source type 7 a_dead 1 hl_dead 1 de_dead 1 iy_dead 1 f_dead 1
   0069 21r31s01      [10]  200 	ld	hl, #__str_2
   006C E5            [11]  201 	push	hl
                            202 ;	genSend
                            203 ;	genMove_o size 2 result type 2 source type 7 a_dead 1 hl_dead 1 de_dead 1 iy_dead 1 f_dead 1
   006D 11r2Fs01      [10]  204 	ld	de, #__str_1
                            205 ;	genSend
                            206 ;	genMove_o size 2 result type 2 source type 7 a_dead 1 hl_dead 1 de_dead 0 iy_dead 1 f_dead 1
   0070 21r1Es01      [10]  207 	ld	hl, #__str_0
                            208 ;	genCall
   0073 CDr00s00      [17]  209 	call	___fail
   0076 C1            [10]  210 	pop	bc
                            211 ;	genGoto
                            212 ; common peephole 162 changed absolute to relative unconditional jump.
   0077 18 1A         [12]  213 	jr	00114$
                            214 ;	genLabel
   0079                     215 00113$:
                            216 ;cases/./../tests/gcc-torture-execute-20020506-1.c:56: if (set) ASSERT (0);
                            217 ;	genIfx
   0079 78            [ 4]  218 	ld	a, b
   007A B1            [ 4]  219 	or	a, c
                            220 ; common peephole 163 changed absolute to relative conditional jump.
   007B 28 16         [12]  221 	jr	z, 00114$
                            222 ;	genAssign
                            223 ;	genMove_o size 2 result type 10 source type 2 a_dead 1 hl_dead 1 de_dead 1 iy_dead 1 f_dead 1
   007D 22r00s00      [16]  224 	ld	(___numTests), hl
                            225 ;	skipping iCode since result will be rematerialized
                            226 ;	skipping iCode since result will be rematerialized
                            227 ;	skipping iCode since result will be rematerialized
                            228 ;	skipping iCode since result will be rematerialized
                            229 ;	skipping iCode since result will be rematerialized
                            230 ;	skipping iCode since result will be rematerialized
                            231 ;	genIpush
   0080 C5            [11]  232 	push	bc
                            233 ;	genMove_o size 2 result type 2 source type 1 a_dead 1 hl_dead 1 de_dead 1 iy_dead 1 f_dead 1
   0081 21 38 00      [10]  234 	ld	hl, #0x0038
   0084 E5            [11]  235 	push	hl
                            236 ;	genIpush
                            237 ;	genMove_o size 2 result type 2 source type 7 a_dead 1 hl_dead 1 de_dead 1 iy_dead 1 f_dead 1
   0085 21r31s01      [10]  238 	ld	hl, #__str_2
   0088 E5            [11]  239 	push	hl
                            240 ;	genSend
                            241 ;	genMove_o size 2 result type 2 source type 7 a_dead 1 hl_dead 1 de_dead 1 iy_dead 1 f_dead 1
   0089 11r2Fs01      [10]  242 	ld	de, #__str_1
                            243 ;	genSend
                            244 ;	genMove_o size 2 result type 2 source type 7 a_dead 1 hl_dead 1 de_dead 0 iy_dead 1 f_dead 1
   008C 21r1Es01      [10]  245 	ld	hl, #__str_0
                            246 ;	genCall
   008F CDr00s00      [17]  247 	call	___fail
   0092 C1            [10]  248 	pop	bc
                            249 ;	genLabel
   0093                     250 00114$:
                            251 ;cases/./../tests/gcc-torture-execute-20020506-1.c:58: if ((unsigned char) (c & (SCHAR_MAX+1)) == (SCHAR_MAX+1))
                            252 ;	genCast
                            253 ;	genMove_o size 1 result type 2 source type 6 a_dead 1 hl_dead 1 de_dead 1 iy_dead 1 f_dead 1
   0093 DD 7E FF      [19]  254 	ld	a, -1 (ix)
                            255 ;	genMove_o size 0 result type 2 source type 1 a_dead 1 hl_dead 1 de_dead 1 iy_dead 1 f_dead 1
                            256 ;cases/./../tests/gcc-torture-execute-20020506-1.c:46: if (set) ASSERT (0);
                            257 ;	genPlus
                            258 ;	genMove_o size 2 result type 2 source type 10 a_dead 0 hl_dead 1 de_dead 1 iy_dead 1 f_dead 1
   0096 2Ar00s00      [16]  259 	ld	hl, (___numTests)
   0099 23            [ 6]  260 	inc	hl
                            261 ;cases/./../tests/gcc-torture-execute-20020506-1.c:58: if ((unsigned char) (c & (SCHAR_MAX+1)) == (SCHAR_MAX+1))
                            262 ;	genCmpEq
   009A FE 80         [ 7]  263 	cp	a, #0x80
   009C 3E 01         [ 7]  264 	ld	a, #0x01
                            265 ; common peephole 163 changed absolute to relative conditional jump.
   009E 28 01         [12]  266 	jr	z, 00228$
                            267 ; common peephole 169xnz used double assignment in case of nz condition.
                            268 ; common peephole 159 removed unused label 00227$.
   00A0 AF            [ 4]  269 	xor	a, a
   00A1                     270 00228$:
                            271 ;	genMove_o size 1 result type 6 source type 2 a_dead 1 hl_dead 0 de_dead 1 iy_dead 1 f_dead 1
                            272 ;	genMove_o size 0 result type 6 source type 1 a_dead 1 hl_dead 0 de_dead 1 iy_dead 1 f_dead 1
                            273 ;	genIfx
                            274 ; common peephole 33 loaded a from a instead of going through -1 (ix).
   00A1 DD 77 FF      [19]  275 	ld	-1 (ix), a
                            276 ; common peephole 0a removed redundant load from a into a.
   00A4 B7            [ 4]  277 	or	a, a
                            278 ; common peephole 163 changed absolute to relative conditional jump.
   00A5 28 1C         [12]  279 	jr	z, 00120$
                            280 ;cases/./../tests/gcc-torture-execute-20020506-1.c:60: if (!set) ASSERT (0);
                            281 ;	genIfx
   00A7 78            [ 4]  282 	ld	a, b
   00A8 B1            [ 4]  283 	or	a, c
                            284 ; common peephole 163 changed absolute to relative conditional jump.
   00A9 20 32         [12]  285 	jr	nz, 00121$
                            286 ;	genAssign
                            287 ;	genMove_o size 2 result type 10 source type 2 a_dead 1 hl_dead 1 de_dead 1 iy_dead 1 f_dead 1
   00AB 22r00s00      [16]  288 	ld	(___numTests), hl
                            289 ;	skipping iCode since result will be rematerialized
                            290 ;	skipping iCode since result will be rematerialized
                            291 ;	skipping iCode since result will be rematerialized
                            292 ;	skipping iCode since result will be rematerialized
                            293 ;	skipping iCode since result will be rematerialized
                            294 ;	skipping iCode since result will be rematerialized
                            295 ;	genIpush
   00AE C5            [11]  296 	push	bc
                            297 ;	genMove_o size 2 result type 2 source type 1 a_dead 1 hl_dead 1 de_dead 1 iy_dead 1 f_dead 1
   00AF 21 3C 00      [10]  298 	ld	hl, #0x003c
   00B2 E5            [11]  299 	push	hl
                            300 ;	genIpush
                            301 ;	genMove_o size 2 result type 2 source type 7 a_dead 1 hl_dead 1 de_dead 1 iy_dead 1 f_dead 1
   00B3 21r31s01      [10]  302 	ld	hl, #__str_2
   00B6 E5            [11]  303 	push	hl
                            304 ;	genSend
                            305 ;	genMove_o size 2 result type 2 source type 7 a_dead 1 hl_dead 1 de_dead 1 iy_dead 1 f_dead 1
   00B7 11r2Fs01      [10]  306 	ld	de, #__str_1
                            307 ;	genSend
                            308 ;	genMove_o size 2 result type 2 source type 7 a_dead 1 hl_dead 1 de_dead 0 iy_dead 1 f_dead 1
   00BA 21r1Es01      [10]  309 	ld	hl, #__str_0
                            310 ;	genCall
   00BD CDr00s00      [17]  311 	call	___fail
   00C0 C1            [10]  312 	pop	bc
                            313 ;	genGoto
                            314 ; common peephole 162 changed absolute to relative unconditional jump.
   00C1 18 1A         [12]  315 	jr	00121$
                            316 ;	genLabel
   00C3                     317 00120$:
                            318 ;cases/./../tests/gcc-torture-execute-20020506-1.c:63: if (set) ASSERT (0);
                            319 ;	genIfx
   00C3 78            [ 4]  320 	ld	a, b
   00C4 B1            [ 4]  321 	or	a, c
                            322 ; common peephole 163 changed absolute to relative conditional jump.
   00C5 28 16         [12]  323 	jr	z, 00121$
                            324 ;	genAssign
                            325 ;	genMove_o size 2 result type 10 source type 2 a_dead 1 hl_dead 1 de_dead 1 iy_dead 1 f_dead 1
   00C7 22r00s00      [16]  326 	ld	(___numTests), hl
                            327 ;	skipping iCode since result will be rematerialized
                            328 ;	skipping iCode since result will be rematerialized
                            329 ;	skipping iCode since result will be rematerialized
                            330 ;	skipping iCode since result will be rematerialized
                            331 ;	skipping iCode since result will be rematerialized
                            332 ;	skipping iCode since result will be rematerialized
                            333 ;	genIpush
   00CA C5            [11]  334 	push	bc
                            335 ;	genMove_o size 2 result type 2 source type 1 a_dead 1 hl_dead 1 de_dead 1 iy_dead 1 f_dead 1
   00CB 21 3F 00      [10]  336 	ld	hl, #0x003f
   00CE E5            [11]  337 	push	hl
                            338 ;	genIpush
                            339 ;	genMove_o size 2 result type 2 source type 7 a_dead 1 hl_dead 1 de_dead 1 iy_dead 1 f_dead 1
   00CF 21r31s01      [10]  340 	ld	hl, #__str_2
   00D2 E5            [11]  341 	push	hl
                            342 ;	genSend
                            343 ;	genMove_o size 2 result type 2 source type 7 a_dead 1 hl_dead 1 de_dead 1 iy_dead 1 f_dead 1
   00D3 11r2Fs01      [10]  344 	ld	de, #__str_1
                            345 ;	genSend
                            346 ;	genMove_o size 2 result type 2 source type 7 a_dead 1 hl_dead 1 de_dead 0 iy_dead 1 f_dead 1
   00D6 21r1Es01      [10]  347 	ld	hl, #__str_0
                            348 ;	genCall
   00D9 CDr00s00      [17]  349 	call	___fail
   00DC C1            [10]  350 	pop	bc
                            351 ;	genLabel
   00DD                     352 00121$:
                            353 ;cases/./../tests/gcc-torture-execute-20020506-1.c:46: if (set) ASSERT (0);
                            354 ;	genPlus
                            355 ;	genMove_o size 2 result type 2 source type 10 a_dead 1 hl_dead 1 de_dead 1 iy_dead 1 f_dead 1
   00DD 2Ar00s00      [16]  356 	ld	hl, (___numTests)
   00E0 23            [ 6]  357 	inc	hl
                            358 ;cases/./../tests/gcc-torture-execute-20020506-1.c:65: if ((unsigned char) (c & (SCHAR_MAX+1)) != (SCHAR_MAX+1))
                            359 ;	genAssign
                            360 ;	genMove_o size 1 result type 2 source type 6 a_dead 1 hl_dead 0 de_dead 1 iy_dead 1 f_dead 1
   00E1 DD 5E FF      [19]  361 	ld	e, -1 (ix)
                            362 ;	genMove_o size 0 result type 2 source type 1 a_dead 1 hl_dead 0 de_dead 1 iy_dead 1 f_dead 1
                            363 ;	genIfx
   00E4 CB 43         [ 8]  364 	bit	0, e
                            365 ; common peephole 163 changed absolute to relative conditional jump.
   00E6 20 1A         [12]  366 	jr	nz, 00127$
                            367 ;cases/./../tests/gcc-torture-execute-20020506-1.c:67: if (set) ASSERT (0);
                            368 ;	genIfx
   00E8 78            [ 4]  369 	ld	a, b
   00E9 B1            [ 4]  370 	or	a, c
                            371 ; common peephole 163 changed absolute to relative conditional jump.
   00EA 28 2E         [12]  372 	jr	z, 00129$
                            373 ;	genAssign
                            374 ;	genMove_o size 2 result type 10 source type 2 a_dead 1 hl_dead 1 de_dead 1 iy_dead 1 f_dead 1
   00EC 22r00s00      [16]  375 	ld	(___numTests), hl
                            376 ;	skipping iCode since result will be rematerialized
                            377 ;	skipping iCode since result will be rematerialized
                            378 ;	skipping iCode since result will be rematerialized
                            379 ;	skipping iCode since result will be rematerialized
                            380 ;	skipping iCode since result will be rematerialized
                            381 ;	skipping iCode since result will be rematerialized
                            382 ;	genIpush
                            383 ;	genMove_o size 2 result type 2 source type 1 a_dead 1 hl_dead 1 de_dead 1 iy_dead 1 f_dead 1
   00EF 21 43 00      [10]  384 	ld	hl, #0x0043
   00F2 E5            [11]  385 	push	hl
                            386 ;	genIpush
                            387 ;	genMove_o size 2 result type 2 source type 7 a_dead 1 hl_dead 1 de_dead 1 iy_dead 1 f_dead 1
   00F3 21r31s01      [10]  388 	ld	hl, #__str_2
   00F6 E5            [11]  389 	push	hl
                            390 ;	genSend
                            391 ;	genMove_o size 2 result type 2 source type 7 a_dead 1 hl_dead 1 de_dead 1 iy_dead 1 f_dead 1
   00F7 11r2Fs01      [10]  392 	ld	de, #__str_1
                            393 ;	genSend
                            394 ;	genMove_o size 2 result type 2 source type 7 a_dead 1 hl_dead 1 de_dead 0 iy_dead 1 f_dead 1
   00FA 21r1Es01      [10]  395 	ld	hl, #__str_0
                            396 ;	genCall
   00FD CDr00s00      [17]  397 	call	___fail
                            398 ;	genGoto
                            399 ; common peephole 162 changed absolute to relative unconditional jump.
   0100 18 18         [12]  400 	jr	00129$
                            401 ;	genLabel
   0102                     402 00127$:
                            403 ;cases/./../tests/gcc-torture-execute-20020506-1.c:70: if (!set) ASSERT (0);
                            404 ;	genIfx
   0102 78            [ 4]  405 	ld	a, b
   0103 B1            [ 4]  406 	or	a, c
                            407 ; common peephole 163 changed absolute to relative conditional jump.
   0104 20 14         [12]  408 	jr	nz, 00129$
                            409 ;	genAssign
                            410 ;	genMove_o size 2 result type 10 source type 2 a_dead 1 hl_dead 1 de_dead 1 iy_dead 1 f_dead 1
   0106 22r00s00      [16]  411 	ld	(___numTests), hl
                            412 ;	skipping iCode since result will be rematerialized
                            413 ;	skipping iCode since result will be rematerialized
                            414 ;	skipping iCode since result will be rematerialized
                            415 ;	skipping iCode since result will be rematerialized
                            416 ;	skipping iCode since result will be rematerialized
                            417 ;	skipping iCode since result will be rematerialized
                            418 ;	genIpush
                            419 ;	genMove_o size 2 result type 2 source type 1 a_dead 1 hl_dead 1 de_dead 1 iy_dead 1 f_dead 1
   0109 21 46 00      [10]  420 	ld	hl, #0x0046
   010C E5            [11]  421 	push	hl
                            422 ;	genIpush
                            423 ;	genMove_o size 2 result type 2 source type 7 a_dead 1 hl_dead 1 de_dead 1 iy_dead 1 f_dead 1
   010D 21r31s01      [10]  424 	ld	hl, #__str_2
   0110 E5            [11]  425 	push	hl
                            426 ;	genSend
                            427 ;	genMove_o size 2 result type 2 source type 7 a_dead 1 hl_dead 1 de_dead 1 iy_dead 1 f_dead 1
   0111 11r2Fs01      [10]  428 	ld	de, #__str_1
                            429 ;	genSend
                            430 ;	genMove_o size 2 result type 2 source type 7 a_dead 1 hl_dead 1 de_dead 0 iy_dead 1 f_dead 1
   0114 21r1Es01      [10]  431 	ld	hl, #__str_0
                            432 ;	genCall
   0117 CDr00s00      [17]  433 	call	___fail
                            434 ;	genLabel
   011A                     435 00129$:
                            436 ;cases/./../tests/gcc-torture-execute-20020506-1.c:71: }
                            437 ;	genEndFunction
                            438 ;	adjustStack by 1
   011A 33            [ 6]  439 	inc	sp
   011B DD E1         [14]  440 	pop	ix
   011D C9            [10]  441 	ret
                            442 ;	Total fest1 function size at codegen: 4 bytes.
   011E                     443 __str_0:
   011E 41 73 73 65 72 74   444 	.ascii "Assertion failed"
        69 6F 6E 20 66 61
        69 6C 65 64
   012E 00                  445 	.db 0x00
   012F                     446 __str_1:
   012F 30                  447 	.ascii "0"
   0130 00                  448 	.db 0x00
   0131                     449 __str_2:
   0131 63 61 73 65 73 2F   450 	.ascii "cases/./../tests/gcc-torture-execute-20020506-1.c"
        2E 2F 2E 2E 2F 74
        65 73 74 73 2F 67
        63 63 2D 74 6F 72
        74 75 72 65 2D 65
        78 65 63 75 74 65
        2D 32 30 30 32 30
        35 30 36 2D 31 2E
        63
   0162 00                  451 	.db 0x00
                            452 ;cases/./../tests/gcc-torture-execute-20020506-1.c:74: fest2 (unsigned char c, int set)
                            453 ;	genLabel
                            454 ;	genFunction
                            455 ;	---------------------------------
                            456 ; Function fest2
                            457 ; ---------------------------------
                            458 ;	Register assignment might be sub-optimal.
                            459 ; Stack space usage: 1 bytes.
   0163                     460 _fest2::
   0163 DD E5         [15]  461 	push	ix
   0165 DD 21 00 00   [14]  462 	ld	ix,	#0
   0169 DD 39         [15]  463 	add	ix, sp
                            464 ;	adjustStack by -1
   016B 3B            [ 6]  465 	dec	sp
                            466 ;	genReceive
                            467 ;	genMove_o size 1 result type 2 source type 2 a_dead 1 hl_dead 1 de_dead 0 iy_dead 1 f_dead 1
                            468 ;	genReceive
                            469 ;	genMove_o size 2 result type 2 source type 2 a_dead 0 hl_dead 1 de_dead 1 iy_dead 1 f_dead 1
   016C 4B            [ 4]  470 	ld	c, e
   016D 42            [ 4]  471 	ld	b, d
                            472 ;	genMove_o size 0 result type 2 source type 1 a_dead 0 hl_dead 1 de_dead 1 iy_dead 1 f_dead 1
                            473 ;cases/./../tests/gcc-torture-execute-20020506-1.c:76: if ((c & (SCHAR_MAX+1)) == 0)
                            474 ;	genAnd
   016E E6 80         [ 7]  475 	and	a, #0x80
                            476 ;	genMove_o size 1 result type 6 source type 2 a_dead 1 hl_dead 1 de_dead 1 iy_dead 1 f_dead 1
   0170 DD 77 FF      [19]  477 	ld	-1 (ix), a
                            478 ;	genMove_o size 0 result type 6 source type 1 a_dead 1 hl_dead 1 de_dead 1 iy_dead 1 f_dead 1
                            479 ;cases/./../tests/gcc-torture-execute-20020506-1.c:78: if (set) ASSERT (0);
                            480 ;	genPlus
                            481 ;	genMove_o size 2 result type 2 source type 10 a_dead 1 hl_dead 1 de_dead 1 iy_dead 1 f_dead 1
   0173 ED 5Br00s00   [20]  482 	ld	de, (___numTests)
   0177 13            [ 6]  483 	inc	de
                            484 ;cases/./../tests/gcc-torture-execute-20020506-1.c:76: if ((c & (SCHAR_MAX+1)) == 0)
                            485 ;	genIfx
   0178 DD 7E FF      [19]  486 	ld	a, -1 (ix)
   017B B7            [ 4]  487 	or	a, a
                            488 ; common peephole 163 changed absolute to relative conditional jump.
   017C 20 1D         [12]  489 	jr	nz, 00106$
                            490 ;cases/./../tests/gcc-torture-execute-20020506-1.c:78: if (set) ASSERT (0);
                            491 ;	genIfx
   017E 78            [ 4]  492 	ld	a, b
   017F B1            [ 4]  493 	or	a, c
                            494 ; common peephole 163 changed absolute to relative conditional jump.
   0180 28 34         [12]  495 	jr	z, 00107$
                            496 ;	genAssign
                            497 ;	genMove_o size 2 result type 10 source type 2 a_dead 1 hl_dead 1 de_dead 1 iy_dead 1 f_dead 1
   0182 ED 53r00s00   [20]  498 	ld	(___numTests), de
                            499 ;	skipping iCode since result will be rematerialized
                            500 ;	skipping iCode since result will be rematerialized
                            501 ;	skipping iCode since result will be rematerialized
                            502 ;	skipping iCode since result will be rematerialized
                            503 ;	skipping iCode since result will be rematerialized
                            504 ;	skipping iCode since result will be rematerialized
                            505 ;	genIpush
   0186 C5            [11]  506 	push	bc
                            507 ;	genMove_o size 2 result type 2 source type 1 a_dead 1 hl_dead 1 de_dead 1 iy_dead 1 f_dead 1
   0187 21 4E 00      [10]  508 	ld	hl, #0x004e
   018A E5            [11]  509 	push	hl
                            510 ;	genIpush
                            511 ;	genMove_o size 2 result type 2 source type 7 a_dead 1 hl_dead 1 de_dead 1 iy_dead 1 f_dead 1
   018B 21r94s02      [10]  512 	ld	hl, #__str_5
   018E E5            [11]  513 	push	hl
                            514 ;	genSend
                            515 ;	genMove_o size 2 result type 2 source type 7 a_dead 1 hl_dead 1 de_dead 1 iy_dead 1 f_dead 1
   018F 11r92s02      [10]  516 	ld	de, #__str_4
                            517 ;	genSend
                            518 ;	genMove_o size 2 result type 2 source type 7 a_dead 1 hl_dead 1 de_dead 0 iy_dead 1 f_dead 1
   0192 21r81s02      [10]  519 	ld	hl, #__str_3
                            520 ;	genCall
   0195 CDr00s00      [17]  521 	call	___fail
   0198 C1            [10]  522 	pop	bc
                            523 ;	genGoto
                            524 ; common peephole 162 changed absolute to relative unconditional jump.
   0199 18 1B         [12]  525 	jr	00107$
                            526 ;	genLabel
   019B                     527 00106$:
                            528 ;cases/./../tests/gcc-torture-execute-20020506-1.c:81: if (!set) ASSERT (0);
                            529 ;	genIfx
   019B 78            [ 4]  530 	ld	a, b
   019C B1            [ 4]  531 	or	a, c
                            532 ; common peephole 163 changed absolute to relative conditional jump.
   019D 20 17         [12]  533 	jr	nz, 00107$
                            534 ;	genAssign
                            535 ;	genMove_o size 2 result type 10 source type 2 a_dead 1 hl_dead 1 de_dead 1 iy_dead 1 f_dead 1
   019F ED 53r00s00   [20]  536 	ld	(___numTests), de
                            537 ;	skipping iCode since result will be rematerialized
                            538 ;	skipping iCode since result will be rematerialized
                            539 ;	skipping iCode since result will be rematerialized
                            540 ;	skipping iCode since result will be rematerialized
                            541 ;	skipping iCode since result will be rematerialized
                            542 ;	skipping iCode since result will be rematerialized
                            543 ;	genIpush
   01A3 C5            [11]  544 	push	bc
                            545 ;	genMove_o size 2 result type 2 source type 1 a_dead 1 hl_dead 1 de_dead 1 iy_dead 1 f_dead 1
   01A4 21 51 00      [10]  546 	ld	hl, #0x0051
   01A7 E5            [11]  547 	push	hl
                            548 ;	genIpush
                            549 ;	genMove_o size 2 result type 2 source type 7 a_dead 1 hl_dead 1 de_dead 1 iy_dead 1 f_dead 1
   01A8 21r94s02      [10]  550 	ld	hl, #__str_5
   01AB E5            [11]  551 	push	hl
                            552 ;	genSend
                            553 ;	genMove_o size 2 result type 2 source type 7 a_dead 1 hl_dead 1 de_dead 1 iy_dead 1 f_dead 1
   01AC 11r92s02      [10]  554 	ld	de, #__str_4
                            555 ;	genSend
                            556 ;	genMove_o size 2 result type 2 source type 7 a_dead 1 hl_dead 1 de_dead 0 iy_dead 1 f_dead 1
   01AF 21r81s02      [10]  557 	ld	hl, #__str_3
                            558 ;	genCall
   01B2 CDr00s00      [17]  559 	call	___fail
   01B5 C1            [10]  560 	pop	bc
                            561 ;	genLabel
   01B6                     562 00107$:
                            563 ;cases/./../tests/gcc-torture-execute-20020506-1.c:78: if (set) ASSERT (0);
                            564 ;	genPlus
                            565 ;	genMove_o size 2 result type 2 source type 10 a_dead 1 hl_dead 1 de_dead 1 iy_dead 1 f_dead 1
   01B6 2Ar00s00      [16]  566 	ld	hl, (___numTests)
   01B9 23            [ 6]  567 	inc	hl
                            568 ;cases/./../tests/gcc-torture-execute-20020506-1.c:83: if ((c & (SCHAR_MAX+1)) != 0)
                            569 ;	genIfx
   01BA DD 7E FF      [19]  570 	ld	a, -1 (ix)
   01BD B7            [ 4]  571 	or	a, a
                            572 ; common peephole 163 changed absolute to relative conditional jump.
   01BE 28 1C         [12]  573 	jr	z, 00113$
                            574 ;cases/./../tests/gcc-torture-execute-20020506-1.c:85: if (!set) ASSERT (0);
                            575 ;	genIfx
   01C0 78            [ 4]  576 	ld	a, b
   01C1 B1            [ 4]  577 	or	a, c
                            578 ; common peephole 163 changed absolute to relative conditional jump.
   01C2 20 32         [12]  579 	jr	nz, 00114$
                            580 ;	genAssign
                            581 ;	genMove_o size 2 result type 10 source type 2 a_dead 1 hl_dead 1 de_dead 1 iy_dead 1 f_dead 1
   01C4 22r00s00      [16]  582 	ld	(___numTests), hl
                            583 ;	skipping iCode since result will be rematerialized
                            584 ;	skipping iCode since result will be rematerialized
                            585 ;	skipping iCode since result will be rematerialized
                            586 ;	skipping iCode since result will be rematerialized
                            587 ;	skipping iCode since result will be rematerialized
                            588 ;	skipping iCode since result will be rematerialized
                            589 ;	genIpush
   01C7 C5            [11]  590 	push	bc
                            591 ;	genMove_o size 2 result type 2 source type 1 a_dead 1 hl_dead 1 de_dead 1 iy_dead 1 f_dead 1
   01C8 21 55 00      [10]  592 	ld	hl, #0x0055
   01CB E5            [11]  593 	push	hl
                            594 ;	genIpush
                            595 ;	genMove_o size 2 result type 2 source type 7 a_dead 1 hl_dead 1 de_dead 1 iy_dead 1 f_dead 1
   01CC 21r94s02      [10]  596 	ld	hl, #__str_5
   01CF E5            [11]  597 	push	hl
                            598 ;	genSend
                            599 ;	genMove_o size 2 result type 2 source type 7 a_dead 1 hl_dead 1 de_dead 1 iy_dead 1 f_dead 1
   01D0 11r92s02      [10]  600 	ld	de, #__str_4
                            601 ;	genSend
                            602 ;	genMove_o size 2 result type 2 source type 7 a_dead 1 hl_dead 1 de_dead 0 iy_dead 1 f_dead 1
   01D3 21r81s02      [10]  603 	ld	hl, #__str_3
                            604 ;	genCall
   01D6 CDr00s00      [17]  605 	call	___fail
   01D9 C1            [10]  606 	pop	bc
                            607 ;	genGoto
                            608 ; common peephole 162 changed absolute to relative unconditional jump.
   01DA 18 1A         [12]  609 	jr	00114$
                            610 ;	genLabel
   01DC                     611 00113$:
                            612 ;cases/./../tests/gcc-torture-execute-20020506-1.c:88: if (set) ASSERT (0);
                            613 ;	genIfx
   01DC 78            [ 4]  614 	ld	a, b
   01DD B1            [ 4]  615 	or	a, c
                            616 ; common peephole 163 changed absolute to relative conditional jump.
   01DE 28 16         [12]  617 	jr	z, 00114$
                            618 ;	genAssign
                            619 ;	genMove_o size 2 result type 10 source type 2 a_dead 1 hl_dead 1 de_dead 1 iy_dead 1 f_dead 1
   01E0 22r00s00      [16]  620 	ld	(___numTests), hl
                            621 ;	skipping iCode since result will be rematerialized
                            622 ;	skipping iCode since result will be rematerialized
                            623 ;	skipping iCode since result will be rematerialized
                            624 ;	skipping iCode since result will be rematerialized
                            625 ;	skipping iCode since result will be rematerialized
                            626 ;	skipping iCode since result will be rematerialized
                            627 ;	genIpush
   01E3 C5            [11]  628 	push	bc
                            629 ;	genMove_o size 2 result type 2 source type 1 a_dead 1 hl_dead 1 de_dead 1 iy_dead 1 f_dead 1
   01E4 21 58 00      [10]  630 	ld	hl, #0x0058
   01E7 E5            [11]  631 	push	hl
                            632 ;	genIpush
                            633 ;	genMove_o size 2 result type 2 source type 7 a_dead 1 hl_dead 1 de_dead 1 iy_dead 1 f_dead 1
   01E8 21r94s02      [10]  634 	ld	hl, #__str_5
   01EB E5            [11]  635 	push	hl
                            636 ;	genSend
                            637 ;	genMove_o size 2 result type 2 source type 7 a_dead 1 hl_dead 1 de_dead 1 iy_dead 1 f_dead 1
   01EC 11r92s02      [10]  638 	ld	de, #__str_4
                            639 ;	genSend
                            640 ;	genMove_o size 2 result type 2 source type 7 a_dead 1 hl_dead 1 de_dead 0 iy_dead 1 f_dead 1
   01EF 21r81s02      [10]  641 	ld	hl, #__str_3
                            642 ;	genCall
   01F2 CDr00s00      [17]  643 	call	___fail
   01F5 C1            [10]  644 	pop	bc
                            645 ;	genLabel
   01F6                     646 00114$:
                            647 ;cases/./../tests/gcc-torture-execute-20020506-1.c:78: if (set) ASSERT (0);
                            648 ;	genPlus
                            649 ;	genMove_o size 2 result type 2 source type 10 a_dead 1 hl_dead 1 de_dead 1 iy_dead 1 f_dead 1
   01F6 2Ar00s00      [16]  650 	ld	hl, (___numTests)
   01F9 23            [ 6]  651 	inc	hl
                            652 ;cases/./../tests/gcc-torture-execute-20020506-1.c:90: if ((c & (SCHAR_MAX+1)) == (SCHAR_MAX+1))
                            653 ;	genCmpEq
                            654 ;	genMove_o size 1 result type 2 source type 6 a_dead 1 hl_dead 0 de_dead 0 iy_dead 0 f_dead 1
   01FA DD 7E FF      [19]  655 	ld	a, -1 (ix)
                            656 ;	genMove_o size 0 result type 2 source type 1 a_dead 1 hl_dead 0 de_dead 0 iy_dead 0 f_dead 1
   01FD D6 80         [ 7]  657 	sub	a, #0x80
   01FF 3E 01         [ 7]  658 	ld	a, #0x01
                            659 ; common peephole 163 changed absolute to relative conditional jump.
   0201 28 01         [12]  660 	jr	z, 00228$
                            661 ; common peephole 169xnz used double assignment in case of nz condition.
                            662 ; common peephole 159 removed unused label 00227$.
   0203 AF            [ 4]  663 	xor	a, a
   0204                     664 00228$:
                            665 ;	genMove_o size 1 result type 6 source type 2 a_dead 1 hl_dead 0 de_dead 1 iy_dead 1 f_dead 1
                            666 ;	genMove_o size 0 result type 6 source type 1 a_dead 1 hl_dead 0 de_dead 1 iy_dead 1 f_dead 1
                            667 ;	genIfx
                            668 ; common peephole 33 loaded a from a instead of going through -1 (ix).
   0204 DD 77 FF      [19]  669 	ld	-1 (ix), a
                            670 ; common peephole 0a removed redundant load from a into a.
   0207 B7            [ 4]  671 	or	a, a
                            672 ; common peephole 163 changed absolute to relative conditional jump.
   0208 28 1C         [12]  673 	jr	z, 00120$
                            674 ;cases/./../tests/gcc-torture-execute-20020506-1.c:92: if (!set) ASSERT (0);
                            675 ;	genIfx
   020A 78            [ 4]  676 	ld	a, b
   020B B1            [ 4]  677 	or	a, c
                            678 ; common peephole 163 changed absolute to relative conditional jump.
   020C 20 32         [12]  679 	jr	nz, 00121$
                            680 ;	genAssign
                            681 ;	genMove_o size 2 result type 10 source type 2 a_dead 1 hl_dead 1 de_dead 1 iy_dead 1 f_dead 1
   020E 22r00s00      [16]  682 	ld	(___numTests), hl
                            683 ;	skipping iCode since result will be rematerialized
                            684 ;	skipping iCode since result will be rematerialized
                            685 ;	skipping iCode since result will be rematerialized
                            686 ;	skipping iCode since result will be rematerialized
                            687 ;	skipping iCode since result will be rematerialized
                            688 ;	skipping iCode since result will be rematerialized
                            689 ;	genIpush
   0211 C5            [11]  690 	push	bc
                            691 ;	genMove_o size 2 result type 2 source type 1 a_dead 1 hl_dead 1 de_dead 1 iy_dead 1 f_dead 1
   0212 21 5C 00      [10]  692 	ld	hl, #0x005c
   0215 E5            [11]  693 	push	hl
                            694 ;	genIpush
                            695 ;	genMove_o size 2 result type 2 source type 7 a_dead 1 hl_dead 1 de_dead 1 iy_dead 1 f_dead 1
   0216 21r94s02      [10]  696 	ld	hl, #__str_5
   0219 E5            [11]  697 	push	hl
                            698 ;	genSend
                            699 ;	genMove_o size 2 result type 2 source type 7 a_dead 1 hl_dead 1 de_dead 1 iy_dead 1 f_dead 1
   021A 11r92s02      [10]  700 	ld	de, #__str_4
                            701 ;	genSend
                            702 ;	genMove_o size 2 result type 2 source type 7 a_dead 1 hl_dead 1 de_dead 0 iy_dead 1 f_dead 1
   021D 21r81s02      [10]  703 	ld	hl, #__str_3
                            704 ;	genCall
   0220 CDr00s00      [17]  705 	call	___fail
   0223 C1            [10]  706 	pop	bc
                            707 ;	genGoto
                            708 ; common peephole 162 changed absolute to relative unconditional jump.
   0224 18 1A         [12]  709 	jr	00121$
                            710 ;	genLabel
   0226                     711 00120$:
                            712 ;cases/./../tests/gcc-torture-execute-20020506-1.c:95: if (set) ASSERT (0);
                            713 ;	genIfx
   0226 78            [ 4]  714 	ld	a, b
   0227 B1            [ 4]  715 	or	a, c
                            716 ; common peephole 163 changed absolute to relative conditional jump.
   0228 28 16         [12]  717 	jr	z, 00121$
                            718 ;	genAssign
                            719 ;	genMove_o size 2 result type 10 source type 2 a_dead 1 hl_dead 1 de_dead 1 iy_dead 1 f_dead 1
   022A 22r00s00      [16]  720 	ld	(___numTests), hl
                            721 ;	skipping iCode since result will be rematerialized
                            722 ;	skipping iCode since result will be rematerialized
                            723 ;	skipping iCode since result will be rematerialized
                            724 ;	skipping iCode since result will be rematerialized
                            725 ;	skipping iCode since result will be rematerialized
                            726 ;	skipping iCode since result will be rematerialized
                            727 ;	genIpush
   022D C5            [11]  728 	push	bc
                            729 ;	genMove_o size 2 result type 2 source type 1 a_dead 1 hl_dead 1 de_dead 1 iy_dead 1 f_dead 1
   022E 21 5F 00      [10]  730 	ld	hl, #0x005f
   0231 E5            [11]  731 	push	hl
                            732 ;	genIpush
                            733 ;	genMove_o size 2 result type 2 source type 7 a_dead 1 hl_dead 1 de_dead 1 iy_dead 1 f_dead 1
   0232 21r94s02      [10]  734 	ld	hl, #__str_5
   0235 E5            [11]  735 	push	hl
                            736 ;	genSend
                            737 ;	genMove_o size 2 result type 2 source type 7 a_dead 1 hl_dead 1 de_dead 1 iy_dead 1 f_dead 1
   0236 11r92s02      [10]  738 	ld	de, #__str_4
                            739 ;	genSend
                            740 ;	genMove_o size 2 result type 2 source type 7 a_dead 1 hl_dead 1 de_dead 0 iy_dead 1 f_dead 1
   0239 21r81s02      [10]  741 	ld	hl, #__str_3
                            742 ;	genCall
   023C CDr00s00      [17]  743 	call	___fail
   023F C1            [10]  744 	pop	bc
                            745 ;	genLabel
   0240                     746 00121$:
                            747 ;cases/./../tests/gcc-torture-execute-20020506-1.c:78: if (set) ASSERT (0);
                            748 ;	genPlus
                            749 ;	genMove_o size 2 result type 2 source type 10 a_dead 1 hl_dead 1 de_dead 1 iy_dead 1 f_dead 1
   0240 2Ar00s00      [16]  750 	ld	hl, (___numTests)
   0243 23            [ 6]  751 	inc	hl
                            752 ;cases/./../tests/gcc-torture-execute-20020506-1.c:97: if ((c & (SCHAR_MAX+1)) != (SCHAR_MAX+1))
                            753 ;	genAssign
                            754 ;	genMove_o size 1 result type 2 source type 6 a_dead 1 hl_dead 0 de_dead 1 iy_dead 1 f_dead 1
   0244 DD 5E FF      [19]  755 	ld	e, -1 (ix)
                            756 ;	genMove_o size 0 result type 2 source type 1 a_dead 1 hl_dead 0 de_dead 1 iy_dead 1 f_dead 1
                            757 ;	genIfx
   0247 CB 43         [ 8]  758 	bit	0, e
                            759 ; common peephole 163 changed absolute to relative conditional jump.
   0249 20 1A         [12]  760 	jr	nz, 00127$
                            761 ;cases/./../tests/gcc-torture-execute-20020506-1.c:99: if (set) ASSERT (0);
                            762 ;	genIfx
   024B 78            [ 4]  763 	ld	a, b
   024C B1            [ 4]  764 	or	a, c
                            765 ; common peephole 163 changed absolute to relative conditional jump.
   024D 28 2E         [12]  766 	jr	z, 00129$
                            767 ;	genAssign
                            768 ;	genMove_o size 2 result type 10 source type 2 a_dead 1 hl_dead 1 de_dead 1 iy_dead 1 f_dead 1
   024F 22r00s00      [16]  769 	ld	(___numTests), hl
                            770 ;	skipping iCode since result will be rematerialized
                            771 ;	skipping iCode since result will be rematerialized
                            772 ;	skipping iCode since result will be rematerialized
                            773 ;	skipping iCode since result will be rematerialized
                            774 ;	skipping iCode since result will be rematerialized
                            775 ;	skipping iCode since result will be rematerialized
                            776 ;	genIpush
                            777 ;	genMove_o size 2 result type 2 source type 1 a_dead 1 hl_dead 1 de_dead 1 iy_dead 1 f_dead 1
   0252 21 63 00      [10]  778 	ld	hl, #0x0063
   0255 E5            [11]  779 	push	hl
                            780 ;	genIpush
                            781 ;	genMove_o size 2 result type 2 source type 7 a_dead 1 hl_dead 1 de_dead 1 iy_dead 1 f_dead 1
   0256 21r94s02      [10]  782 	ld	hl, #__str_5
   0259 E5            [11]  783 	push	hl
                            784 ;	genSend
                            785 ;	genMove_o size 2 result type 2 source type 7 a_dead 1 hl_dead 1 de_dead 1 iy_dead 1 f_dead 1
   025A 11r92s02      [10]  786 	ld	de, #__str_4
                            787 ;	genSend
                            788 ;	genMove_o size 2 result type 2 source type 7 a_dead 1 hl_dead 1 de_dead 0 iy_dead 1 f_dead 1
   025D 21r81s02      [10]  789 	ld	hl, #__str_3
                            790 ;	genCall
   0260 CDr00s00      [17]  791 	call	___fail
                            792 ;	genGoto
                            793 ; common peephole 162 changed absolute to relative unconditional jump.
   0263 18 18         [12]  794 	jr	00129$
                            795 ;	genLabel
   0265                     796 00127$:
                            797 ;cases/./../tests/gcc-torture-execute-20020506-1.c:102: if (!set) ASSERT (0);
                            798 ;	genIfx
   0265 78            [ 4]  799 	ld	a, b
   0266 B1            [ 4]  800 	or	a, c
                            801 ; common peephole 163 changed absolute to relative conditional jump.
   0267 20 14         [12]  802 	jr	nz, 00129$
                            803 ;	genAssign
                            804 ;	genMove_o size 2 result type 10 source type 2 a_dead 1 hl_dead 1 de_dead 1 iy_dead 1 f_dead 1
   0269 22r00s00      [16]  805 	ld	(___numTests), hl
                            806 ;	skipping iCode since result will be rematerialized
                            807 ;	skipping iCode since result will be rematerialized
                            808 ;	skipping iCode since result will be rematerialized
                            809 ;	skipping iCode since result will be rematerialized
                            810 ;	skipping iCode since result will be rematerialized
                            811 ;	skipping iCode since result will be rematerialized
                            812 ;	genIpush
                            813 ;	genMove_o size 2 result type 2 source type 1 a_dead 1 hl_dead 1 de_dead 1 iy_dead 1 f_dead 1
   026C 21 66 00      [10]  814 	ld	hl, #0x0066
   026F E5            [11]  815 	push	hl
                            816 ;	genIpush
                            817 ;	genMove_o size 2 result type 2 source type 7 a_dead 1 hl_dead 1 de_dead 1 iy_dead 1 f_dead 1
   0270 21r94s02      [10]  818 	ld	hl, #__str_5
   0273 E5            [11]  819 	push	hl
                            820 ;	genSend
                            821 ;	genMove_o size 2 result type 2 source type 7 a_dead 1 hl_dead 1 de_dead 1 iy_dead 1 f_dead 1
   0274 11r92s02      [10]  822 	ld	de, #__str_4
                            823 ;	genSend
                            824 ;	genMove_o size 2 result type 2 source type 7 a_dead 1 hl_dead 1 de_dead 0 iy_dead 1 f_dead 1
   0277 21r81s02      [10]  825 	ld	hl, #__str_3
                            826 ;	genCall
   027A CDr00s00      [17]  827 	call	___fail
                            828 ;	genLabel
   027D                     829 00129$:
                            830 ;cases/./../tests/gcc-torture-execute-20020506-1.c:103: }
                            831 ;	genEndFunction
                            832 ;	adjustStack by 1
   027D 33            [ 6]  833 	inc	sp
   027E DD E1         [14]  834 	pop	ix
   0280 C9            [10]  835 	ret
                            836 ;	Total fest2 function size at codegen: 4 bytes.
   0281                     837 __str_3:
   0281 41 73 73 65 72 74   838 	.ascii "Assertion failed"
        69 6F 6E 20 66 61
        69 6C 65 64
   0291 00                  839 	.db 0x00
   0292                     840 __str_4:
   0292 30                  841 	.ascii "0"
   0293 00                  842 	.db 0x00
   0294                     843 __str_5:
   0294 63 61 73 65 73 2F   844 	.ascii "cases/./../tests/gcc-torture-execute-20020506-1.c"
        2E 2F 2E 2E 2F 74
        65 73 74 73 2F 67
        63 63 2D 74 6F 72
        74 75 72 65 2D 65
        78 65 63 75 74 65
        2D 32 30 30 32 30
        35 30 36 2D 31 2E
        63
   02C5 00                  845 	.db 0x00
                            846 ;cases/./../tests/gcc-torture-execute-20020506-1.c:106: fest3 (short s, int set)
                            847 ;	genLabel
                            848 ;	genFunction
                            849 ;	---------------------------------
                            850 ; Function fest3
                            851 ; ---------------------------------
                            852 ;	Register assignment might be sub-optimal.
                            853 ; Stack space usage: 5 bytes.
   02C6                     854 _fest3::
   02C6 DD E5         [15]  855 	push	ix
   02C8 DD 21 00 00   [14]  856 	ld	ix,	#0
   02CC DD 39         [15]  857 	add	ix, sp
                            858 ;	adjustStack by -5
   02CE F5            [11]  859 	push	af
   02CF F5            [11]  860 	push	af
   02D0 3B            [ 6]  861 	dec	sp
                            862 ;	genReceive
                            863 ;	genMove_o size 2 result type 2 source type 2 a_dead 1 hl_dead 1 de_dead 0 iy_dead 1 f_dead 1
   02D1 7C            [ 4]  864 	ld	a, h
                            865 ;	genMove_o size 0 result type 2 source type 1 a_dead 1 hl_dead 1 de_dead 0 iy_dead 1 f_dead 1
                            866 ;	genReceive
                            867 ;	genMove_o size 2 result type 6 source type 2 a_dead 0 hl_dead 0 de_dead 1 iy_dead 1 f_dead 1
   02D2 DD 73 FE      [19]  868 	ld	-2 (ix), e
   02D5 DD 72 FF      [19]  869 	ld	-1 (ix), d
                            870 ;	genMove_o size 0 result type 6 source type 1 a_dead 0 hl_dead 0 de_dead 1 iy_dead 1 f_dead 1
                            871 ;cases/./../tests/gcc-torture-execute-20020506-1.c:108: if ((s & (SHRT_MAX+1)) == 0)
                            872 ;	genCast
                            873 ;	(locations are the same)
                            874 ;	genAnd
                            875 ;	genMove_o size 1 result type 2 source type 1 a_dead 0 hl_dead 0 de_dead 1 iy_dead 1 f_dead 1
   02D8 0E 00         [ 7]  876 	ld	c, #0x00
   02DA E6 80         [ 7]  877 	and	a, #0x80
                            878 ;	genMove_o size 1 result type 2 source type 2 a_dead 1 hl_dead 1 de_dead 1 iy_dead 1 f_dead 1
   02DC 47            [ 4]  879 	ld	b, a
                            880 ;	genMove_o size 0 result type 2 source type 1 a_dead 1 hl_dead 1 de_dead 1 iy_dead 1 f_dead 1
                            881 ;cases/./../tests/gcc-torture-execute-20020506-1.c:110: if (set) ASSERT (0);
                            882 ;	genPlus
                            883 ;	genMove_o size 2 result type 2 source type 10 a_dead 1 hl_dead 1 de_dead 1 iy_dead 1 f_dead 1
   02DD ED 5Br00s00   [20]  884 	ld	de, (___numTests)
   02E1 13            [ 6]  885 	inc	de
                            886 ;cases/./../tests/gcc-torture-execute-20020506-1.c:108: if ((s & (SHRT_MAX+1)) == 0)
                            887 ;	genIfx
   02E2 78            [ 4]  888 	ld	a, b
   02E3 B1            [ 4]  889 	or	a, c
                            890 ; common peephole 163 changed absolute to relative conditional jump.
   02E4 20 21         [12]  891 	jr	nz, 00106$
                            892 ;cases/./../tests/gcc-torture-execute-20020506-1.c:110: if (set) ASSERT (0);
                            893 ;	genIfx
   02E6 DD 7E FF      [19]  894 	ld	a, -1 (ix)
   02E9 DD B6 FE      [19]  895 	or	a, -2 (ix)
                            896 ; common peephole 163 changed absolute to relative conditional jump.
   02EC 28 38         [12]  897 	jr	z, 00107$
                            898 ;	genAssign
                            899 ;	genMove_o size 2 result type 10 source type 2 a_dead 1 hl_dead 1 de_dead 1 iy_dead 1 f_dead 1
   02EE ED 53r00s00   [20]  900 	ld	(___numTests), de
                            901 ;	skipping iCode since result will be rematerialized
                            902 ;	skipping iCode since result will be rematerialized
                            903 ;	skipping iCode since result will be rematerialized
                            904 ;	skipping iCode since result will be rematerialized
                            905 ;	skipping iCode since result will be rematerialized
                            906 ;	skipping iCode since result will be rematerialized
                            907 ;	genIpush
   02F2 C5            [11]  908 	push	bc
                            909 ;	genMove_o size 2 result type 2 source type 1 a_dead 1 hl_dead 1 de_dead 1 iy_dead 1 f_dead 1
   02F3 21 6E 00      [10]  910 	ld	hl, #0x006e
   02F6 E5            [11]  911 	push	hl
                            912 ;	genIpush
                            913 ;	genMove_o size 2 result type 2 source type 7 a_dead 1 hl_dead 1 de_dead 1 iy_dead 1 f_dead 1
   02F7 21r25s04      [10]  914 	ld	hl, #__str_8
   02FA E5            [11]  915 	push	hl
                            916 ;	genSend
                            917 ;	genMove_o size 2 result type 2 source type 7 a_dead 1 hl_dead 1 de_dead 1 iy_dead 1 f_dead 1
   02FB 11r23s04      [10]  918 	ld	de, #__str_7
                            919 ;	genSend
                            920 ;	genMove_o size 2 result type 2 source type 7 a_dead 1 hl_dead 1 de_dead 0 iy_dead 1 f_dead 1
   02FE 21r12s04      [10]  921 	ld	hl, #__str_6
                            922 ;	genCall
   0301 CDr00s00      [17]  923 	call	___fail
   0304 C1            [10]  924 	pop	bc
                            925 ;	genGoto
                            926 ; common peephole 162 changed absolute to relative unconditional jump.
   0305 18 1F         [12]  927 	jr	00107$
                            928 ;	genLabel
   0307                     929 00106$:
                            930 ;cases/./../tests/gcc-torture-execute-20020506-1.c:113: if (!set) ASSERT (0);
                            931 ;	genIfx
   0307 DD 7E FF      [19]  932 	ld	a, -1 (ix)
   030A DD B6 FE      [19]  933 	or	a, -2 (ix)
                            934 ; common peephole 163 changed absolute to relative conditional jump.
   030D 20 17         [12]  935 	jr	nz, 00107$
                            936 ;	genAssign
                            937 ;	genMove_o size 2 result type 10 source type 2 a_dead 1 hl_dead 1 de_dead 1 iy_dead 1 f_dead 1
   030F ED 53r00s00   [20]  938 	ld	(___numTests), de
                            939 ;	skipping iCode since result will be rematerialized
                            940 ;	skipping iCode since result will be rematerialized
                            941 ;	skipping iCode since result will be rematerialized
                            942 ;	skipping iCode since result will be rematerialized
                            943 ;	skipping iCode since result will be rematerialized
                            944 ;	skipping iCode since result will be rematerialized
                            945 ;	genIpush
   0313 C5            [11]  946 	push	bc
                            947 ;	genMove_o size 2 result type 2 source type 1 a_dead 1 hl_dead 1 de_dead 1 iy_dead 1 f_dead 1
   0314 21 71 00      [10]  948 	ld	hl, #0x0071
   0317 E5            [11]  949 	push	hl
                            950 ;	genIpush
                            951 ;	genMove_o size 2 result type 2 source type 7 a_dead 1 hl_dead 1 de_dead 1 iy_dead 1 f_dead 1
   0318 21r25s04      [10]  952 	ld	hl, #__str_8
   031B E5            [11]  953 	push	hl
                            954 ;	genSend
                            955 ;	genMove_o size 2 result type 2 source type 7 a_dead 1 hl_dead 1 de_dead 1 iy_dead 1 f_dead 1
   031C 11r23s04      [10]  956 	ld	de, #__str_7
                            957 ;	genSend
                            958 ;	genMove_o size 2 result type 2 source type 7 a_dead 1 hl_dead 1 de_dead 0 iy_dead 1 f_dead 1
   031F 21r12s04      [10]  959 	ld	hl, #__str_6
                            960 ;	genCall
   0322 CDr00s00      [17]  961 	call	___fail
   0325 C1            [10]  962 	pop	bc
                            963 ;	genLabel
   0326                     964 00107$:
                            965 ;cases/./../tests/gcc-torture-execute-20020506-1.c:110: if (set) ASSERT (0);
                            966 ;	genPlus
                            967 ;	genMove_o size 2 result type 2 source type 10 a_dead 1 hl_dead 1 de_dead 1 iy_dead 1 f_dead 1
   0326 ED 5Br00s00   [20]  968 	ld	de, (___numTests)
   032A 13            [ 6]  969 	inc	de
                            970 ;cases/./../tests/gcc-torture-execute-20020506-1.c:115: if ((s & (SHRT_MAX+1)) != 0)
                            971 ;	genIfx
   032B 78            [ 4]  972 	ld	a, b
   032C B1            [ 4]  973 	or	a, c
                            974 ; common peephole 163 changed absolute to relative conditional jump.
   032D 28 21         [12]  975 	jr	z, 00113$
                            976 ;cases/./../tests/gcc-torture-execute-20020506-1.c:117: if (!set) ASSERT (0);
                            977 ;	genIfx
   032F DD 7E FF      [19]  978 	ld	a, -1 (ix)
   0332 DD B6 FE      [19]  979 	or	a, -2 (ix)
                            980 ; common peephole 163 changed absolute to relative conditional jump.
   0335 20 38         [12]  981 	jr	nz, 00114$
                            982 ;	genAssign
                            983 ;	genMove_o size 2 result type 10 source type 2 a_dead 1 hl_dead 1 de_dead 1 iy_dead 1 f_dead 1
   0337 ED 53r00s00   [20]  984 	ld	(___numTests), de
                            985 ;	skipping iCode since result will be rematerialized
                            986 ;	skipping iCode since result will be rematerialized
                            987 ;	skipping iCode since result will be rematerialized
                            988 ;	skipping iCode since result will be rematerialized
                            989 ;	skipping iCode since result will be rematerialized
                            990 ;	skipping iCode since result will be rematerialized
                            991 ;	genIpush
   033B C5            [11]  992 	push	bc
                            993 ;	genMove_o size 2 result type 2 source type 1 a_dead 1 hl_dead 1 de_dead 1 iy_dead 1 f_dead 1
   033C 21 75 00      [10]  994 	ld	hl, #0x0075
   033F E5            [11]  995 	push	hl
                            996 ;	genIpush
                            997 ;	genMove_o size 2 result type 2 source type 7 a_dead 1 hl_dead 1 de_dead 1 iy_dead 1 f_dead 1
   0340 21r25s04      [10]  998 	ld	hl, #__str_8
   0343 E5            [11]  999 	push	hl
                           1000 ;	genSend
                           1001 ;	genMove_o size 2 result type 2 source type 7 a_dead 1 hl_dead 1 de_dead 1 iy_dead 1 f_dead 1
   0344 11r23s04      [10] 1002 	ld	de, #__str_7
                           1003 ;	genSend
                           1004 ;	genMove_o size 2 result type 2 source type 7 a_dead 1 hl_dead 1 de_dead 0 iy_dead 1 f_dead 1
   0347 21r12s04      [10] 1005 	ld	hl, #__str_6
                           1006 ;	genCall
   034A CDr00s00      [17] 1007 	call	___fail
   034D C1            [10] 1008 	pop	bc
                           1009 ;	genGoto
                           1010 ; common peephole 162 changed absolute to relative unconditional jump.
   034E 18 1F         [12] 1011 	jr	00114$
                           1012 ;	genLabel
   0350                    1013 00113$:
                           1014 ;cases/./../tests/gcc-torture-execute-20020506-1.c:120: if (set) ASSERT (0);
                           1015 ;	genIfx
   0350 DD 7E FF      [19] 1016 	ld	a, -1 (ix)
   0353 DD B6 FE      [19] 1017 	or	a, -2 (ix)
                           1018 ; common peephole 163 changed absolute to relative conditional jump.
   0356 28 17         [12] 1019 	jr	z, 00114$
                           1020 ;	genAssign
                           1021 ;	genMove_o size 2 result type 10 source type 2 a_dead 1 hl_dead 1 de_dead 1 iy_dead 1 f_dead 1
   0358 ED 53r00s00   [20] 1022 	ld	(___numTests), de
                           1023 ;	skipping iCode since result will be rematerialized
                           1024 ;	skipping iCode since result will be rematerialized
                           1025 ;	skipping iCode since result will be rematerialized
                           1026 ;	skipping iCode since result will be rematerialized
                           1027 ;	skipping iCode since result will be rematerialized
                           1028 ;	skipping iCode since result will be rematerialized
                           1029 ;	genIpush
   035C C5            [11] 1030 	push	bc
                           1031 ;	genMove_o size 2 result type 2 source type 1 a_dead 1 hl_dead 1 de_dead 1 iy_dead 1 f_dead 1
   035D 21 78 00      [10] 1032 	ld	hl, #0x0078
   0360 E5            [11] 1033 	push	hl
                           1034 ;	genIpush
                           1035 ;	genMove_o size 2 result type 2 source type 7 a_dead 1 hl_dead 1 de_dead 1 iy_dead 1 f_dead 1
   0361 21r25s04      [10] 1036 	ld	hl, #__str_8
   0364 E5            [11] 1037 	push	hl
                           1038 ;	genSend
                           1039 ;	genMove_o size 2 result type 2 source type 7 a_dead 1 hl_dead 1 de_dead 1 iy_dead 1 f_dead 1
   0365 11r23s04      [10] 1040 	ld	de, #__str_7
                           1041 ;	genSend
                           1042 ;	genMove_o size 2 result type 2 source type 7 a_dead 1 hl_dead 1 de_dead 0 iy_dead 1 f_dead 1
   0368 21r12s04      [10] 1043 	ld	hl, #__str_6
                           1044 ;	genCall
   036B CDr00s00      [17] 1045 	call	___fail
   036E C1            [10] 1046 	pop	bc
                           1047 ;	genLabel
   036F                    1048 00114$:
                           1049 ;cases/./../tests/gcc-torture-execute-20020506-1.c:110: if (set) ASSERT (0);
                           1050 ;	genPlus
                           1051 ;	genMove_o size 2 result type 2 source type 10 a_dead 1 hl_dead 1 de_dead 1 iy_dead 1 f_dead 1
   036F 2Ar00s00      [16] 1052 	ld	hl, (___numTests)
   0372 23            [ 6] 1053 	inc	hl
                           1054 ;cases/./../tests/gcc-torture-execute-20020506-1.c:122: if ((s & (SHRT_MAX+1)) == (SHRT_MAX+1))
                           1055 ;	genCmpEq
   0373 79            [ 4] 1056 	ld	a, c
   0374 B7            [ 4] 1057 	or	a, a
                           1058 ; common peephole 163 changed absolute to relative conditional jump.
   0375 20 07         [12] 1059 	jr	nz, 00227$
                           1060 ;	genMove_o size 1 result type 2 source type 2 a_dead 1 hl_dead 0 de_dead 0 iy_dead 0 f_dead 1
   0377 78            [ 4] 1061 	ld	a, b
                           1062 ;	genMove_o size 0 result type 2 source type 1 a_dead 1 hl_dead 0 de_dead 0 iy_dead 0 f_dead 1
   0378 D6 80         [ 7] 1063 	sub	a, #0x80
   037A 3E 01         [ 7] 1064 	ld	a, #0x01
                           1065 ; common peephole 163 changed absolute to relative conditional jump.
   037C 28 01         [12] 1066 	jr	z, 00228$
                           1067 ; common peephole 169xnz used double assignment in case of nz condition.
   037E                    1068 00227$:
   037E AF            [ 4] 1069 	xor	a, a
   037F                    1070 00228$:
                           1071 ;	genMove_o size 1 result type 2 source type 2 a_dead 1 hl_dead 0 de_dead 1 iy_dead 1 f_dead 1
                           1072 ;	genMove_o size 0 result type 2 source type 1 a_dead 1 hl_dead 0 de_dead 1 iy_dead 1 f_dead 1
                           1073 ;	genIfx
   037F 4F            [ 4] 1074 	ld	c, a
                           1075 ; common peephole 98 removed redundant load from c into a.
   0380 B7            [ 4] 1076 	or	a, a
                           1077 ; common peephole 163 changed absolute to relative conditional jump.
   0381 28 20         [12] 1078 	jr	z, 00120$
                           1079 ;cases/./../tests/gcc-torture-execute-20020506-1.c:124: if (!set) ASSERT (0);
                           1080 ;	genIfx
   0383 DD 7E FF      [19] 1081 	ld	a, -1 (ix)
   0386 DD B6 FE      [19] 1082 	or	a, -2 (ix)
                           1083 ; common peephole 163 changed absolute to relative conditional jump.
   0389 20 36         [12] 1084 	jr	nz, 00121$
                           1085 ;	genAssign
                           1086 ;	genMove_o size 2 result type 10 source type 2 a_dead 1 hl_dead 1 de_dead 1 iy_dead 1 f_dead 1
   038B 22r00s00      [16] 1087 	ld	(___numTests), hl
                           1088 ;	skipping iCode since result will be rematerialized
                           1089 ;	skipping iCode since result will be rematerialized
                           1090 ;	skipping iCode since result will be rematerialized
                           1091 ;	skipping iCode since result will be rematerialized
                           1092 ;	skipping iCode since result will be rematerialized
                           1093 ;	genCast
                           1094 ;	genMove_o size 2 result type 2 source type 7 a_dead 1 hl_dead 1 de_dead 1 iy_dead 1 f_dead 1
   038E 21r12s04      [10] 1095 	ld	hl, #__str_6
                           1096 ;	genIpush
   0391 C5            [11] 1097 	push	bc
                           1098 ;	genMove_o size 2 result type 2 source type 1 a_dead 1 hl_dead 0 de_dead 1 iy_dead 1 f_dead 1
   0392 11 7C 00      [10] 1099 	ld	de, #0x007c
   0395 D5            [11] 1100 	push	de
                           1101 ;	genIpush
                           1102 ;	genMove_o size 2 result type 2 source type 7 a_dead 1 hl_dead 0 de_dead 1 iy_dead 1 f_dead 1
   0396 11r25s04      [10] 1103 	ld	de, #__str_8
   0399 D5            [11] 1104 	push	de
                           1105 ;	genSend
                           1106 ;	genMove_o size 2 result type 2 source type 7 a_dead 1 hl_dead 0 de_dead 1 iy_dead 1 f_dead 1
   039A 11r23s04      [10] 1107 	ld	de, #__str_7
                           1108 ;	genSend
                           1109 ;	genMove_o size 2 result type 2 source type 2 a_dead 1 hl_dead 1 de_dead 0 iy_dead 1 f_dead 1
                           1110 ;	genCall
   039D CDr00s00      [17] 1111 	call	___fail
   03A0 C1            [10] 1112 	pop	bc
                           1113 ;	genGoto
                           1114 ; common peephole 162 changed absolute to relative unconditional jump.
   03A1 18 1E         [12] 1115 	jr	00121$
                           1116 ;	genLabel
   03A3                    1117 00120$:
                           1118 ;cases/./../tests/gcc-torture-execute-20020506-1.c:127: if (set) ASSERT (0);
                           1119 ;	genIfx
   03A3 DD 7E FF      [19] 1120 	ld	a, -1 (ix)
   03A6 DD B6 FE      [19] 1121 	or	a, -2 (ix)
                           1122 ; common peephole 163 changed absolute to relative conditional jump.
   03A9 28 16         [12] 1123 	jr	z, 00121$
                           1124 ;	genAssign
                           1125 ;	genMove_o size 2 result type 10 source type 2 a_dead 1 hl_dead 1 de_dead 1 iy_dead 1 f_dead 1
   03AB 22r00s00      [16] 1126 	ld	(___numTests), hl
                           1127 ;	skipping iCode since result will be rematerialized
                           1128 ;	skipping iCode since result will be rematerialized
                           1129 ;	skipping iCode since result will be rematerialized
                           1130 ;	skipping iCode since result will be rematerialized
                           1131 ;	skipping iCode since result will be rematerialized
                           1132 ;	genCast
                           1133 ;	genMove_o size 2 result type 2 source type 7 a_dead 1 hl_dead 1 de_dead 1 iy_dead 1 f_dead 1
   03AE 21r12s04      [10] 1134 	ld	hl, #__str_6
                           1135 ;	genIpush
   03B1 C5            [11] 1136 	push	bc
                           1137 ;	genMove_o size 2 result type 2 source type 1 a_dead 1 hl_dead 0 de_dead 1 iy_dead 1 f_dead 1
   03B2 11 7F 00      [10] 1138 	ld	de, #0x007f
   03B5 D5            [11] 1139 	push	de
                           1140 ;	genIpush
                           1141 ;	genMove_o size 2 result type 2 source type 7 a_dead 1 hl_dead 0 de_dead 1 iy_dead 1 f_dead 1
   03B6 11r25s04      [10] 1142 	ld	de, #__str_8
   03B9 D5            [11] 1143 	push	de
                           1144 ;	genSend
                           1145 ;	genMove_o size 2 result type 2 source type 7 a_dead 1 hl_dead 0 de_dead 1 iy_dead 1 f_dead 1
   03BA 11r23s04      [10] 1146 	ld	de, #__str_7
                           1147 ;	genSend
                           1148 ;	genMove_o size 2 result type 2 source type 2 a_dead 1 hl_dead 1 de_dead 0 iy_dead 1 f_dead 1
                           1149 ;	genCall
   03BD CDr00s00      [17] 1150 	call	___fail
   03C0 C1            [10] 1151 	pop	bc
                           1152 ;	genLabel
   03C1                    1153 00121$:
                           1154 ;cases/./../tests/gcc-torture-execute-20020506-1.c:110: if (set) ASSERT (0);
                           1155 ;	genPlus
                           1156 ;	genMove_o size 2 result type 2 source type 10 a_dead 1 hl_dead 1 de_dead 1 iy_dead 1 f_dead 1
   03C1 2Ar00s00      [16] 1157 	ld	hl, (___numTests)
   03C4 23            [ 6] 1158 	inc	hl
                           1159 ;	genMove_o size 2 result type 6 source type 2 a_dead 1 hl_dead 1 de_dead 1 iy_dead 1 f_dead 1
   03C5 E3            [19] 1160 	ex	(sp), hl
                           1161 ;	genMove_o size 0 result type 6 source type 1 a_dead 1 hl_dead 1 de_dead 1 iy_dead 1 f_dead 1
                           1162 ;cases/./../tests/gcc-torture-execute-20020506-1.c:129: if ((s & (SHRT_MAX+1)) != (SHRT_MAX+1))
                           1163 ;	genAssign
                           1164 ;	genMove_o size 1 result type 6 source type 2 a_dead 1 hl_dead 1 de_dead 1 iy_dead 1 f_dead 1
   03C6 DD 71 FD      [19] 1165 	ld	-3 (ix), c
                           1166 ;	genMove_o size 0 result type 6 source type 1 a_dead 1 hl_dead 1 de_dead 1 iy_dead 1 f_dead 1
                           1167 ;	genIfx
   03C9 DD CB FD 46   [20] 1168 	bit	0, -3 (ix)
                           1169 ; common peephole 163 changed absolute to relative conditional jump.
   03CD 20 20         [12] 1170 	jr	nz, 00127$
                           1171 ;cases/./../tests/gcc-torture-execute-20020506-1.c:131: if (set) ASSERT (0);
                           1172 ;	genIfx
   03CF DD 7E FF      [19] 1173 	ld	a, -1 (ix)
   03D2 DD B6 FE      [19] 1174 	or	a, -2 (ix)
                           1175 ; common peephole 163 changed absolute to relative conditional jump.
   03D5 28 36         [12] 1176 	jr	z, 00129$
                           1177 ;	genAssign
                           1178 ;fetchPairLong
   03D7 E1            [10] 1179 	pop	hl
   03D8 E5            [11] 1180 	push	hl
                           1181 ;	genMove_o size 2 result type 10 source type 2 a_dead 1 hl_dead 1 de_dead 1 iy_dead 1 f_dead 1
   03D9 22r00s00      [16] 1182 	ld	(___numTests), hl
                           1183 ;	skipping iCode since result will be rematerialized
                           1184 ;	skipping iCode since result will be rematerialized
                           1185 ;	skipping iCode since result will be rematerialized
                           1186 ;	skipping iCode since result will be rematerialized
                           1187 ;	skipping iCode since result will be rematerialized
                           1188 ;	skipping iCode since result will be rematerialized
                           1189 ;	genIpush
                           1190 ;	genMove_o size 2 result type 2 source type 1 a_dead 1 hl_dead 1 de_dead 1 iy_dead 1 f_dead 1
   03DC 21 83 00      [10] 1191 	ld	hl, #0x0083
   03DF E5            [11] 1192 	push	hl
                           1193 ;	genIpush
                           1194 ;	genMove_o size 2 result type 2 source type 7 a_dead 1 hl_dead 1 de_dead 1 iy_dead 1 f_dead 1
   03E0 21r25s04      [10] 1195 	ld	hl, #__str_8
   03E3 E5            [11] 1196 	push	hl
                           1197 ;	genSend
                           1198 ;	genMove_o size 2 result type 2 source type 7 a_dead 1 hl_dead 1 de_dead 1 iy_dead 1 f_dead 1
   03E4 11r23s04      [10] 1199 	ld	de, #__str_7
                           1200 ;	genSend
                           1201 ;	genMove_o size 2 result type 2 source type 7 a_dead 1 hl_dead 1 de_dead 0 iy_dead 1 f_dead 1
   03E7 21r12s04      [10] 1202 	ld	hl, #__str_6
                           1203 ;	genCall
   03EA CDr00s00      [17] 1204 	call	___fail
                           1205 ;	genGoto
                           1206 ; common peephole 162 changed absolute to relative unconditional jump.
   03ED 18 1E         [12] 1207 	jr	00129$
                           1208 ;	genLabel
   03EF                    1209 00127$:
                           1210 ;cases/./../tests/gcc-torture-execute-20020506-1.c:134: if (!set) ASSERT (0);
                           1211 ;	genIfx
   03EF DD 7E FF      [19] 1212 	ld	a, -1 (ix)
   03F2 DD B6 FE      [19] 1213 	or	a, -2 (ix)
                           1214 ; common peephole 163 changed absolute to relative conditional jump.
   03F5 20 16         [12] 1215 	jr	nz, 00129$
                           1216 ;	genAssign
                           1217 ;fetchPairLong
   03F7 E1            [10] 1218 	pop	hl
   03F8 E5            [11] 1219 	push	hl
                           1220 ;	genMove_o size 2 result type 10 source type 2 a_dead 1 hl_dead 1 de_dead 1 iy_dead 1 f_dead 1
   03F9 22r00s00      [16] 1221 	ld	(___numTests), hl
                           1222 ;	skipping iCode since result will be rematerialized
                           1223 ;	skipping iCode since result will be rematerialized
                           1224 ;	skipping iCode since result will be rematerialized
                           1225 ;	skipping iCode since result will be rematerialized
                           1226 ;	skipping iCode since result will be rematerialized
                           1227 ;	skipping iCode since result will be rematerialized
                           1228 ;	genIpush
                           1229 ;	genMove_o size 2 result type 2 source type 1 a_dead 1 hl_dead 1 de_dead 1 iy_dead 1 f_dead 1
   03FC 21 86 00      [10] 1230 	ld	hl, #0x0086
   03FF E5            [11] 1231 	push	hl
                           1232 ;	genIpush
                           1233 ;	genMove_o size 2 result type 2 source type 7 a_dead 1 hl_dead 1 de_dead 1 iy_dead 1 f_dead 1
   0400 21r25s04      [10] 1234 	ld	hl, #__str_8
   0403 E5            [11] 1235 	push	hl
                           1236 ;	genSend
                           1237 ;	genMove_o size 2 result type 2 source type 7 a_dead 1 hl_dead 1 de_dead 1 iy_dead 1 f_dead 1
   0404 11r23s04      [10] 1238 	ld	de, #__str_7
                           1239 ;	genSend
                           1240 ;	genMove_o size 2 result type 2 source type 7 a_dead 1 hl_dead 1 de_dead 0 iy_dead 1 f_dead 1
   0407 21r12s04      [10] 1241 	ld	hl, #__str_6
                           1242 ;	genCall
   040A CDr00s00      [17] 1243 	call	___fail
                           1244 ;	genLabel
   040D                    1245 00129$:
                           1246 ;cases/./../tests/gcc-torture-execute-20020506-1.c:135: }
                           1247 ;	genEndFunction
   040D DD F9         [10] 1248 	ld	sp, ix
   040F DD E1         [14] 1249 	pop	ix
   0411 C9            [10] 1250 	ret
                           1251 ;	Total fest3 function size at codegen: 5 bytes.
   0412                    1252 __str_6:
   0412 41 73 73 65 72 74  1253 	.ascii "Assertion failed"
        69 6F 6E 20 66 61
        69 6C 65 64
   0422 00                 1254 	.db 0x00
   0423                    1255 __str_7:
   0423 30                 1256 	.ascii "0"
   0424 00                 1257 	.db 0x00
   0425                    1258 __str_8:
   0425 63 61 73 65 73 2F  1259 	.ascii "cases/./../tests/gcc-torture-execute-20020506-1.c"
        2E 2F 2E 2E 2F 74
        65 73 74 73 2F 67
        63 63 2D 74 6F 72
        74 75 72 65 2D 65
        78 65 63 75 74 65
        2D 32 30 30 32 30
        35 30 36 2D 31 2E
        63
   0456 00                 1260 	.db 0x00
                           1261 ;cases/./../tests/gcc-torture-execute-20020506-1.c:138: fest4 (unsigned short s, int set)
                           1262 ;	genLabel
                           1263 ;	genFunction
                           1264 ;	---------------------------------
                           1265 ; Function fest4
                           1266 ; ---------------------------------
                           1267 ;	Register assignment might be sub-optimal.
                           1268 ; Stack space usage: 4 bytes.
   0457                    1269 _fest4::
   0457 DD E5         [15] 1270 	push	ix
   0459 DD 21 00 00   [14] 1271 	ld	ix,	#0
   045D DD 39         [15] 1272 	add	ix, sp
                           1273 ;	adjustStack by -4
   045F F5            [11] 1274 	push	af
   0460 F5            [11] 1275 	push	af
                           1276 ;	genReceive
                           1277 ;	genMove_o size 2 result type 6 source type 2 a_dead 1 hl_dead 1 de_dead 0 iy_dead 1 f_dead 1
   0461 DD 75 FE      [19] 1278 	ld	-2 (ix), l
   0464 DD 74 FF      [19] 1279 	ld	-1 (ix), h
                           1280 ;	genMove_o size 0 result type 6 source type 1 a_dead 1 hl_dead 1 de_dead 0 iy_dead 1 f_dead 1
                           1281 ;	genReceive
                           1282 ;	genMove_o size 2 result type 2 source type 2 a_dead 1 hl_dead 1 de_dead 1 iy_dead 1 f_dead 1
   0467 4B            [ 4] 1283 	ld	c, e
   0468 42            [ 4] 1284 	ld	b, d
                           1285 ;	genMove_o size 0 result type 2 source type 1 a_dead 1 hl_dead 1 de_dead 1 iy_dead 1 f_dead 1
                           1286 ;cases/./../tests/gcc-torture-execute-20020506-1.c:140: if ((s & (SHRT_MAX+1)) == 0)
                           1287 ;	genAnd
                           1288 ;	genMove_o size 1 result type 6 source type 1 a_dead 1 hl_dead 1 de_dead 1 iy_dead 1 f_dead 1
   0469 DD 36 FC 00   [19] 1289 	ld	-4 (ix), #0x00
   046D DD 7E FF      [19] 1290 	ld	a, -1 (ix)
   0470 E6 80         [ 7] 1291 	and	a, #0x80
                           1292 ;	genMove_o size 1 result type 6 source type 2 a_dead 1 hl_dead 1 de_dead 1 iy_dead 1 f_dead 1
   0472 DD 77 FD      [19] 1293 	ld	-3 (ix), a
                           1294 ;	genMove_o size 0 result type 6 source type 1 a_dead 1 hl_dead 1 de_dead 1 iy_dead 1 f_dead 1
                           1295 ;cases/./../tests/gcc-torture-execute-20020506-1.c:142: if (set) ASSERT (0);
                           1296 ;	genPlus
                           1297 ;	genMove_o size 2 result type 2 source type 10 a_dead 1 hl_dead 1 de_dead 1 iy_dead 1 f_dead 1
   0475 ED 5Br00s00   [20] 1298 	ld	de, (___numTests)
   0479 13            [ 6] 1299 	inc	de
                           1300 ;cases/./../tests/gcc-torture-execute-20020506-1.c:140: if ((s & (SHRT_MAX+1)) == 0)
                           1301 ;	genIfx
   047A DD 7E FD      [19] 1302 	ld	a, -3 (ix)
   047D DD B6 FC      [19] 1303 	or	a, -4 (ix)
                           1304 ; common peephole 163 changed absolute to relative conditional jump.
   0480 20 1D         [12] 1305 	jr	nz, 00106$
                           1306 ;cases/./../tests/gcc-torture-execute-20020506-1.c:142: if (set) ASSERT (0);
                           1307 ;	genIfx
   0482 78            [ 4] 1308 	ld	a, b
   0483 B1            [ 4] 1309 	or	a, c
                           1310 ; common peephole 163 changed absolute to relative conditional jump.
   0484 28 34         [12] 1311 	jr	z, 00107$
                           1312 ;	genAssign
                           1313 ;	genMove_o size 2 result type 10 source type 2 a_dead 1 hl_dead 1 de_dead 1 iy_dead 1 f_dead 1
   0486 ED 53r00s00   [20] 1314 	ld	(___numTests), de
                           1315 ;	skipping iCode since result will be rematerialized
                           1316 ;	skipping iCode since result will be rematerialized
                           1317 ;	skipping iCode since result will be rematerialized
                           1318 ;	skipping iCode since result will be rematerialized
                           1319 ;	skipping iCode since result will be rematerialized
                           1320 ;	skipping iCode since result will be rematerialized
                           1321 ;	genIpush
   048A C5            [11] 1322 	push	bc
                           1323 ;	genMove_o size 2 result type 2 source type 1 a_dead 1 hl_dead 1 de_dead 1 iy_dead 1 f_dead 1
   048B 21 8E 00      [10] 1324 	ld	hl, #0x008e
   048E E5            [11] 1325 	push	hl
                           1326 ;	genIpush
                           1327 ;	genMove_o size 2 result type 2 source type 7 a_dead 1 hl_dead 1 de_dead 1 iy_dead 1 f_dead 1
   048F 21rAFs05      [10] 1328 	ld	hl, #__str_11
   0492 E5            [11] 1329 	push	hl
                           1330 ;	genSend
                           1331 ;	genMove_o size 2 result type 2 source type 7 a_dead 1 hl_dead 1 de_dead 1 iy_dead 1 f_dead 1
   0493 11rADs05      [10] 1332 	ld	de, #__str_10
                           1333 ;	genSend
                           1334 ;	genMove_o size 2 result type 2 source type 7 a_dead 1 hl_dead 1 de_dead 0 iy_dead 1 f_dead 1
   0496 21r9Cs05      [10] 1335 	ld	hl, #__str_9
                           1336 ;	genCall
   0499 CDr00s00      [17] 1337 	call	___fail
   049C C1            [10] 1338 	pop	bc
                           1339 ;	genGoto
                           1340 ; common peephole 162 changed absolute to relative unconditional jump.
   049D 18 1B         [12] 1341 	jr	00107$
                           1342 ;	genLabel
   049F                    1343 00106$:
                           1344 ;cases/./../tests/gcc-torture-execute-20020506-1.c:145: if (!set) ASSERT (0);
                           1345 ;	genIfx
   049F 78            [ 4] 1346 	ld	a, b
   04A0 B1            [ 4] 1347 	or	a, c
                           1348 ; common peephole 163 changed absolute to relative conditional jump.
   04A1 20 17         [12] 1349 	jr	nz, 00107$
                           1350 ;	genAssign
                           1351 ;	genMove_o size 2 result type 10 source type 2 a_dead 1 hl_dead 1 de_dead 1 iy_dead 1 f_dead 1
   04A3 ED 53r00s00   [20] 1352 	ld	(___numTests), de
                           1353 ;	skipping iCode since result will be rematerialized
                           1354 ;	skipping iCode since result will be rematerialized
                           1355 ;	skipping iCode since result will be rematerialized
                           1356 ;	skipping iCode since result will be rematerialized
                           1357 ;	skipping iCode since result will be rematerialized
                           1358 ;	skipping iCode since result will be rematerialized
                           1359 ;	genIpush
   04A7 C5            [11] 1360 	push	bc
                           1361 ;	genMove_o size 2 result type 2 source type 1 a_dead 1 hl_dead 1 de_dead 1 iy_dead 1 f_dead 1
   04A8 21 91 00      [10] 1362 	ld	hl, #0x0091
   04AB E5            [11] 1363 	push	hl
                           1364 ;	genIpush
                           1365 ;	genMove_o size 2 result type 2 source type 7 a_dead 1 hl_dead 1 de_dead 1 iy_dead 1 f_dead 1
   04AC 21rAFs05      [10] 1366 	ld	hl, #__str_11
   04AF E5            [11] 1367 	push	hl
                           1368 ;	genSend
                           1369 ;	genMove_o size 2 result type 2 source type 7 a_dead 1 hl_dead 1 de_dead 1 iy_dead 1 f_dead 1
   04B0 11rADs05      [10] 1370 	ld	de, #__str_10
                           1371 ;	genSend
                           1372 ;	genMove_o size 2 result type 2 source type 7 a_dead 1 hl_dead 1 de_dead 0 iy_dead 1 f_dead 1
   04B3 21r9Cs05      [10] 1373 	ld	hl, #__str_9
                           1374 ;	genCall
   04B6 CDr00s00      [17] 1375 	call	___fail
   04B9 C1            [10] 1376 	pop	bc
                           1377 ;	genLabel
   04BA                    1378 00107$:
                           1379 ;cases/./../tests/gcc-torture-execute-20020506-1.c:142: if (set) ASSERT (0);
                           1380 ;	genPlus
                           1381 ;	genMove_o size 2 result type 2 source type 10 a_dead 1 hl_dead 1 de_dead 1 iy_dead 1 f_dead 1
   04BA 2Ar00s00      [16] 1382 	ld	hl, (___numTests)
   04BD 23            [ 6] 1383 	inc	hl
                           1384 ;cases/./../tests/gcc-torture-execute-20020506-1.c:147: if ((s & (SHRT_MAX+1)) != 0)
                           1385 ;	genIfx
   04BE DD 7E FD      [19] 1386 	ld	a, -3 (ix)
   04C1 DD B6 FC      [19] 1387 	or	a, -4 (ix)
                           1388 ; common peephole 163 changed absolute to relative conditional jump.
   04C4 28 1C         [12] 1389 	jr	z, 00113$
                           1390 ;cases/./../tests/gcc-torture-execute-20020506-1.c:149: if (!set) ASSERT (0);
                           1391 ;	genIfx
   04C6 78            [ 4] 1392 	ld	a, b
   04C7 B1            [ 4] 1393 	or	a, c
                           1394 ; common peephole 163 changed absolute to relative conditional jump.
   04C8 20 32         [12] 1395 	jr	nz, 00114$
                           1396 ;	genAssign
                           1397 ;	genMove_o size 2 result type 10 source type 2 a_dead 1 hl_dead 1 de_dead 1 iy_dead 1 f_dead 1
   04CA 22r00s00      [16] 1398 	ld	(___numTests), hl
                           1399 ;	skipping iCode since result will be rematerialized
                           1400 ;	skipping iCode since result will be rematerialized
                           1401 ;	skipping iCode since result will be rematerialized
                           1402 ;	skipping iCode since result will be rematerialized
                           1403 ;	skipping iCode since result will be rematerialized
                           1404 ;	genCast
                           1405 ;	genMove_o size 2 result type 2 source type 7 a_dead 1 hl_dead 1 de_dead 1 iy_dead 1 f_dead 1
   04CD 21r9Cs05      [10] 1406 	ld	hl, #__str_9
                           1407 ;	genIpush
   04D0 C5            [11] 1408 	push	bc
                           1409 ;	genMove_o size 2 result type 2 source type 1 a_dead 1 hl_dead 0 de_dead 1 iy_dead 1 f_dead 1
   04D1 11 95 00      [10] 1410 	ld	de, #0x0095
   04D4 D5            [11] 1411 	push	de
                           1412 ;	genIpush
                           1413 ;	genMove_o size 2 result type 2 source type 7 a_dead 1 hl_dead 0 de_dead 1 iy_dead 1 f_dead 1
   04D5 11rAFs05      [10] 1414 	ld	de, #__str_11
   04D8 D5            [11] 1415 	push	de
                           1416 ;	genSend
                           1417 ;	genMove_o size 2 result type 2 source type 7 a_dead 1 hl_dead 0 de_dead 1 iy_dead 1 f_dead 1
   04D9 11rADs05      [10] 1418 	ld	de, #__str_10
                           1419 ;	genSend
                           1420 ;	genMove_o size 2 result type 2 source type 2 a_dead 1 hl_dead 1 de_dead 0 iy_dead 1 f_dead 1
                           1421 ;	genCall
   04DC CDr00s00      [17] 1422 	call	___fail
   04DF C1            [10] 1423 	pop	bc
                           1424 ;	genGoto
                           1425 ; common peephole 162 changed absolute to relative unconditional jump.
   04E0 18 1A         [12] 1426 	jr	00114$
                           1427 ;	genLabel
   04E2                    1428 00113$:
                           1429 ;cases/./../tests/gcc-torture-execute-20020506-1.c:152: if (set) ASSERT (0);
                           1430 ;	genIfx
   04E2 78            [ 4] 1431 	ld	a, b
   04E3 B1            [ 4] 1432 	or	a, c
                           1433 ; common peephole 163 changed absolute to relative conditional jump.
   04E4 28 16         [12] 1434 	jr	z, 00114$
                           1435 ;	genAssign
                           1436 ;	genMove_o size 2 result type 10 source type 2 a_dead 1 hl_dead 1 de_dead 1 iy_dead 1 f_dead 1
   04E6 22r00s00      [16] 1437 	ld	(___numTests), hl
                           1438 ;	skipping iCode since result will be rematerialized
                           1439 ;	genCast
                           1440 ;	genMove_o size 2 result type 2 source type 7 a_dead 1 hl_dead 1 de_dead 1 iy_dead 1 f_dead 1
   04E9 11rAFs05      [10] 1441 	ld	de, #__str_11
                           1442 ;	skipping iCode since result will be rematerialized
                           1443 ;	skipping iCode since result will be rematerialized
                           1444 ;	skipping iCode since result will be rematerialized
                           1445 ;	genCast
                           1446 ;	genMove_o size 2 result type 2 source type 7 a_dead 1 hl_dead 1 de_dead 0 iy_dead 1 f_dead 1
   04EC 21r9Cs05      [10] 1447 	ld	hl, #__str_9
                           1448 ;	genIpush
   04EF C5            [11] 1449 	push	bc
                           1450 ;	genMove_o size 2 result type 2 source type 1 a_dead 1 hl_dead 0 de_dead 0 iy_dead 1 f_dead 1
                           1451 ; common peephole 49a pushed bc instead of iy.
   04F0 01 98 00      [10] 1452 	ld	bc, #0x0098
   04F3 C5            [11] 1453 	push	bc
                           1454 ;	genIpush
   04F4 D5            [11] 1455 	push	de
                           1456 ;	genSend
                           1457 ;	genMove_o size 2 result type 2 source type 7 a_dead 1 hl_dead 0 de_dead 1 iy_dead 1 f_dead 1
   04F5 11rADs05      [10] 1458 	ld	de, #__str_10
                           1459 ;	genSend
                           1460 ;	genMove_o size 2 result type 2 source type 2 a_dead 1 hl_dead 1 de_dead 0 iy_dead 1 f_dead 1
                           1461 ;	genCall
   04F8 CDr00s00      [17] 1462 	call	___fail
   04FB C1            [10] 1463 	pop	bc
                           1464 ;	genLabel
   04FC                    1465 00114$:
                           1466 ;cases/./../tests/gcc-torture-execute-20020506-1.c:154: if ((s & (SHRT_MAX+1)) == (SHRT_MAX+1))
                           1467 ;	genCast
                           1468 ;	genMove_o size 2 result type 2 source type 6 a_dead 1 hl_dead 1 de_dead 1 iy_dead 1 f_dead 1
   04FC E1            [10] 1469 	pop	hl
   04FD D1            [10] 1470 	pop	de
   04FE D5            [11] 1471 	push	de
   04FF E5            [11] 1472 	push	hl
                           1473 ;	genMove_o size 0 result type 2 source type 1 a_dead 1 hl_dead 1 de_dead 1 iy_dead 1 f_dead 1
                           1474 ;	genAnd
                           1475 ;	genMove_o size 1 result type 2 source type 1 a_dead 1 hl_dead 1 de_dead 0 iy_dead 1 f_dead 1
   0500 2E 00         [ 7] 1476 	ld	l, #0x00
   0502 7A            [ 4] 1477 	ld	a, d
   0503 E6 80         [ 7] 1478 	and	a, #0x80
                           1479 ;	genMove_o size 1 result type 2 source type 2 a_dead 1 hl_dead 0 de_dead 0 iy_dead 1 f_dead 1
                           1480 ;cases/./../tests/gcc-torture-execute-20020506-1.c:142: if (set) ASSERT (0);
                           1481 ;	genPlus
                           1482 ;	genMove_o size 2 result type 2 source type 10 a_dead 0 hl_dead 0 de_dead 1 iy_dead 1 f_dead 1
   0505 ED 5Br00s00   [20] 1483 	ld	de, (___numTests)
   0509 13            [ 6] 1484 	inc	de
                           1485 ;cases/./../tests/gcc-torture-execute-20020506-1.c:154: if ((s & (SHRT_MAX+1)) == (SHRT_MAX+1))
                           1486 ;	genCmpEq
   050A FE 80         [ 7] 1487 	cp	a, #0x80
                           1488 ; common peephole 163 changed absolute to relative conditional jump.
   050C 20 06         [12] 1489 	jr	nz, 00227$
   050E 7D            [ 4] 1490 	ld	a, l
   050F B7            [ 4] 1491 	or	a, a
   0510 3E 01         [ 7] 1492 	ld	a, #0x01
                           1493 ; common peephole 163 changed absolute to relative conditional jump.
   0512 28 01         [12] 1494 	jr	z, 00228$
                           1495 ; common peephole 169xnz used double assignment in case of nz condition.
   0514                    1496 00227$:
   0514 AF            [ 4] 1497 	xor	a, a
   0515                    1498 00228$:
                           1499 ;	genMove_o size 1 result type 2 source type 2 a_dead 1 hl_dead 1 de_dead 0 iy_dead 1 f_dead 1
                           1500 ;	genMove_o size 0 result type 2 source type 1 a_dead 1 hl_dead 1 de_dead 0 iy_dead 1 f_dead 1
                           1501 ;	genIfx
   0515 6F            [ 4] 1502 	ld	l, a
                           1503 ; common peephole 98 removed redundant load from l into a.
   0516 B7            [ 4] 1504 	or	a, a
                           1505 ; common peephole 163 changed absolute to relative conditional jump.
   0517 28 1F         [12] 1506 	jr	z, 00120$
                           1507 ;cases/./../tests/gcc-torture-execute-20020506-1.c:156: if (!set) ASSERT (0);
                           1508 ;	genIfx
   0519 78            [ 4] 1509 	ld	a, b
   051A B1            [ 4] 1510 	or	a, c
                           1511 ; common peephole 163 changed absolute to relative conditional jump.
   051B 20 38         [12] 1512 	jr	nz, 00121$
                           1513 ;	genAssign
                           1514 ;	genMove_o size 2 result type 10 source type 2 a_dead 1 hl_dead 0 de_dead 1 iy_dead 1 f_dead 1
   051D ED 53r00s00   [20] 1515 	ld	(___numTests), de
                           1516 ;	skipping iCode since result will be rematerialized
                           1517 ;	skipping iCode since result will be rematerialized
                           1518 ;	skipping iCode since result will be rematerialized
                           1519 ;	skipping iCode since result will be rematerialized
                           1520 ;	skipping iCode since result will be rematerialized
                           1521 ;	skipping iCode since result will be rematerialized
                           1522 ;	genIpush
   0521 E5            [11] 1523 	push	hl
   0522 C5            [11] 1524 	push	bc
                           1525 ;	genMove_o size 2 result type 2 source type 1 a_dead 1 hl_dead 0 de_dead 1 iy_dead 1 f_dead 1
   0523 11 9C 00      [10] 1526 	ld	de, #0x009c
   0526 D5            [11] 1527 	push	de
                           1528 ;	genIpush
                           1529 ;	genMove_o size 2 result type 2 source type 7 a_dead 1 hl_dead 0 de_dead 1 iy_dead 1 f_dead 1
   0527 11rAFs05      [10] 1530 	ld	de, #__str_11
   052A D5            [11] 1531 	push	de
                           1532 ;	genSend
                           1533 ;	genMove_o size 2 result type 2 source type 7 a_dead 1 hl_dead 0 de_dead 1 iy_dead 1 f_dead 1
   052B 11rADs05      [10] 1534 	ld	de, #__str_10
                           1535 ;	genSend
                           1536 ;	genMove_o size 2 result type 2 source type 7 a_dead 1 hl_dead 0 de_dead 0 iy_dead 1 f_dead 1
   052E 21r9Cs05      [10] 1537 	ld	hl, #__str_9
                           1538 ;	genCall
   0531 CDr00s00      [17] 1539 	call	___fail
   0534 C1            [10] 1540 	pop	bc
   0535 E1            [10] 1541 	pop	hl
                           1542 ;	genGoto
                           1543 ; common peephole 162 changed absolute to relative unconditional jump.
   0536 18 1D         [12] 1544 	jr	00121$
                           1545 ;	genLabel
   0538                    1546 00120$:
                           1547 ;cases/./../tests/gcc-torture-execute-20020506-1.c:159: if (set) ASSERT (0);
                           1548 ;	genIfx
   0538 78            [ 4] 1549 	ld	a, b
   0539 B1            [ 4] 1550 	or	a, c
                           1551 ; common peephole 163 changed absolute to relative conditional jump.
   053A 28 19         [12] 1552 	jr	z, 00121$
                           1553 ;	genAssign
                           1554 ;	genMove_o size 2 result type 10 source type 2 a_dead 1 hl_dead 0 de_dead 1 iy_dead 1 f_dead 1
   053C ED 53r00s00   [20] 1555 	ld	(___numTests), de
                           1556 ;	skipping iCode since result will be rematerialized
                           1557 ;	skipping iCode since result will be rematerialized
                           1558 ;	skipping iCode since result will be rematerialized
                           1559 ;	skipping iCode since result will be rematerialized
                           1560 ;	skipping iCode since result will be rematerialized
                           1561 ;	skipping iCode since result will be rematerialized
                           1562 ;	genIpush
   0540 E5            [11] 1563 	push	hl
   0541 C5            [11] 1564 	push	bc
                           1565 ;	genMove_o size 2 result type 2 source type 1 a_dead 1 hl_dead 0 de_dead 1 iy_dead 1 f_dead 1
   0542 11 9F 00      [10] 1566 	ld	de, #0x009f
   0545 D5            [11] 1567 	push	de
                           1568 ;	genIpush
                           1569 ;	genMove_o size 2 result type 2 source type 7 a_dead 1 hl_dead 0 de_dead 1 iy_dead 1 f_dead 1
   0546 11rAFs05      [10] 1570 	ld	de, #__str_11
   0549 D5            [11] 1571 	push	de
                           1572 ;	genSend
                           1573 ;	genMove_o size 2 result type 2 source type 7 a_dead 1 hl_dead 0 de_dead 1 iy_dead 1 f_dead 1
   054A 11rADs05      [10] 1574 	ld	de, #__str_10
                           1575 ;	genSend
                           1576 ;	genMove_o size 2 result type 2 source type 7 a_dead 1 hl_dead 0 de_dead 0 iy_dead 1 f_dead 1
   054D 21r9Cs05      [10] 1577 	ld	hl, #__str_9
                           1578 ;	genCall
   0550 CDr00s00      [17] 1579 	call	___fail
   0553 C1            [10] 1580 	pop	bc
   0554 E1            [10] 1581 	pop	hl
                           1582 ;	genLabel
   0555                    1583 00121$:
                           1584 ;cases/./../tests/gcc-torture-execute-20020506-1.c:142: if (set) ASSERT (0);
                           1585 ;	genPlus
                           1586 ;	genMove_o size 2 result type 2 source type 10 a_dead 1 hl_dead 0 de_dead 1 iy_dead 1 f_dead 1
   0555 ED 5Br00s00   [20] 1587 	ld	de, (___numTests)
   0559 13            [ 6] 1588 	inc	de
                           1589 ;cases/./../tests/gcc-torture-execute-20020506-1.c:161: if ((s & (SHRT_MAX+1)) != (SHRT_MAX+1))
                           1590 ;	genAssign
                           1591 ;	genMove_o size 1 result type 6 source type 2 a_dead 1 hl_dead 1 de_dead 0 iy_dead 1 f_dead 1
   055A DD 75 FD      [19] 1592 	ld	-3 (ix), l
                           1593 ;	genMove_o size 0 result type 6 source type 1 a_dead 1 hl_dead 1 de_dead 0 iy_dead 1 f_dead 1
                           1594 ;	genIfx
   055D DD CB FD 46   [20] 1595 	bit	0, -3 (ix)
                           1596 ; common peephole 163 changed absolute to relative conditional jump.
   0561 20 1B         [12] 1597 	jr	nz, 00127$
                           1598 ;cases/./../tests/gcc-torture-execute-20020506-1.c:163: if (set) ASSERT (0);
                           1599 ;	genIfx
   0563 78            [ 4] 1600 	ld	a, b
   0564 B1            [ 4] 1601 	or	a, c
                           1602 ; common peephole 163 changed absolute to relative conditional jump.
   0565 28 30         [12] 1603 	jr	z, 00129$
                           1604 ;	genAssign
                           1605 ;	genMove_o size 2 result type 10 source type 2 a_dead 1 hl_dead 1 de_dead 1 iy_dead 1 f_dead 1
   0567 ED 53r00s00   [20] 1606 	ld	(___numTests), de
                           1607 ;	skipping iCode since result will be rematerialized
                           1608 ;	skipping iCode since result will be rematerialized
                           1609 ;	skipping iCode since result will be rematerialized
                           1610 ;	skipping iCode since result will be rematerialized
                           1611 ;	skipping iCode since result will be rematerialized
                           1612 ;	skipping iCode since result will be rematerialized
                           1613 ;	genIpush
                           1614 ;	genMove_o size 2 result type 2 source type 1 a_dead 1 hl_dead 1 de_dead 1 iy_dead 1 f_dead 1
   056B 21 A3 00      [10] 1615 	ld	hl, #0x00a3
   056E E5            [11] 1616 	push	hl
                           1617 ;	genIpush
                           1618 ;	genMove_o size 2 result type 2 source type 7 a_dead 1 hl_dead 1 de_dead 1 iy_dead 1 f_dead 1
   056F 21rAFs05      [10] 1619 	ld	hl, #__str_11
   0572 E5            [11] 1620 	push	hl
                           1621 ;	genSend
                           1622 ;	genMove_o size 2 result type 2 source type 7 a_dead 1 hl_dead 1 de_dead 1 iy_dead 1 f_dead 1
   0573 11rADs05      [10] 1623 	ld	de, #__str_10
                           1624 ;	genSend
                           1625 ;	genMove_o size 2 result type 2 source type 7 a_dead 1 hl_dead 1 de_dead 0 iy_dead 1 f_dead 1
   0576 21r9Cs05      [10] 1626 	ld	hl, #__str_9
                           1627 ;	genCall
   0579 CDr00s00      [17] 1628 	call	___fail
                           1629 ;	genGoto
                           1630 ; common peephole 162 changed absolute to relative unconditional jump.
   057C 18 19         [12] 1631 	jr	00129$
                           1632 ;	genLabel
   057E                    1633 00127$:
                           1634 ;cases/./../tests/gcc-torture-execute-20020506-1.c:166: if (!set) ASSERT (0);
                           1635 ;	genIfx
   057E 78            [ 4] 1636 	ld	a, b
   057F B1            [ 4] 1637 	or	a, c
                           1638 ; common peephole 163 changed absolute to relative conditional jump.
   0580 20 15         [12] 1639 	jr	nz, 00129$
                           1640 ;	genAssign
                           1641 ;	genMove_o size 2 result type 10 source type 2 a_dead 1 hl_dead 1 de_dead 1 iy_dead 1 f_dead 1
   0582 ED 53r00s00   [20] 1642 	ld	(___numTests), de
                           1643 ;	skipping iCode since result will be rematerialized
                           1644 ;	skipping iCode since result will be rematerialized
                           1645 ;	skipping iCode since result will be rematerialized
                           1646 ;	skipping iCode since result will be rematerialized
                           1647 ;	skipping iCode since result will be rematerialized
                           1648 ;	skipping iCode since result will be rematerialized
                           1649 ;	genIpush
                           1650 ;	genMove_o size 2 result type 2 source type 1 a_dead 1 hl_dead 1 de_dead 1 iy_dead 1 f_dead 1
   0586 21 A6 00      [10] 1651 	ld	hl, #0x00a6
   0589 E5            [11] 1652 	push	hl
                           1653 ;	genIpush
                           1654 ;	genMove_o size 2 result type 2 source type 7 a_dead 1 hl_dead 1 de_dead 1 iy_dead 1 f_dead 1
   058A 21rAFs05      [10] 1655 	ld	hl, #__str_11
   058D E5            [11] 1656 	push	hl
                           1657 ;	genSend
                           1658 ;	genMove_o size 2 result type 2 source type 7 a_dead 1 hl_dead 1 de_dead 1 iy_dead 1 f_dead 1
   058E 11rADs05      [10] 1659 	ld	de, #__str_10
                           1660 ;	genSend
                           1661 ;	genMove_o size 2 result type 2 source type 7 a_dead 1 hl_dead 1 de_dead 0 iy_dead 1 f_dead 1
   0591 21r9Cs05      [10] 1662 	ld	hl, #__str_9
                           1663 ;	genCall
   0594 CDr00s00      [17] 1664 	call	___fail
                           1665 ;	genLabel
   0597                    1666 00129$:
                           1667 ;cases/./../tests/gcc-torture-execute-20020506-1.c:167: }
                           1668 ;	genEndFunction
   0597 DD F9         [10] 1669 	ld	sp, ix
   0599 DD E1         [14] 1670 	pop	ix
   059B C9            [10] 1671 	ret
                           1672 ;	Total fest4 function size at codegen: 5 bytes.
   059C                    1673 __str_9:
   059C 41 73 73 65 72 74  1674 	.ascii "Assertion failed"
        69 6F 6E 20 66 61
        69 6C 65 64
   05AC 00                 1675 	.db 0x00
   05AD                    1676 __str_10:
   05AD 30                 1677 	.ascii "0"
   05AE 00                 1678 	.db 0x00
   05AF                    1679 __str_11:
   05AF 63 61 73 65 73 2F  1680 	.ascii "cases/./../tests/gcc-torture-execute-20020506-1.c"
        2E 2F 2E 2E 2F 74
        65 73 74 73 2F 67
        63 63 2D 74 6F 72
        74 75 72 65 2D 65
        78 65 63 75 74 65
        2D 32 30 30 32 30
        35 30 36 2D 31 2E
        63
   05E0 00                 1681 	.db 0x00
                           1682 ;cases/./../tests/gcc-torture-execute-20020506-1.c:170: fest5 (int i, int set)
                           1683 ;	genLabel
                           1684 ;	genFunction
                           1685 ;	---------------------------------
                           1686 ; Function fest5
                           1687 ; ---------------------------------
                           1688 ;	Register assignment might be sub-optimal.
                           1689 ; Stack space usage: 5 bytes.
   05E1                    1690 _fest5::
   05E1 DD E5         [15] 1691 	push	ix
   05E3 DD 21 00 00   [14] 1692 	ld	ix,	#0
   05E7 DD 39         [15] 1693 	add	ix, sp
                           1694 ;	adjustStack by -5
   05E9 F5            [11] 1695 	push	af
   05EA F5            [11] 1696 	push	af
   05EB 3B            [ 6] 1697 	dec	sp
                           1698 ;	genReceive
                           1699 ;	genMove_o size 2 result type 2 source type 2 a_dead 1 hl_dead 1 de_dead 0 iy_dead 1 f_dead 1
   05EC 7C            [ 4] 1700 	ld	a, h
                           1701 ;	genMove_o size 0 result type 2 source type 1 a_dead 1 hl_dead 1 de_dead 0 iy_dead 1 f_dead 1
                           1702 ;	genReceive
                           1703 ;	genMove_o size 2 result type 6 source type 2 a_dead 0 hl_dead 0 de_dead 1 iy_dead 1 f_dead 1
   05ED DD 73 FE      [19] 1704 	ld	-2 (ix), e
   05F0 DD 72 FF      [19] 1705 	ld	-1 (ix), d
                           1706 ;	genMove_o size 0 result type 6 source type 1 a_dead 0 hl_dead 0 de_dead 1 iy_dead 1 f_dead 1
                           1707 ;cases/./../tests/gcc-torture-execute-20020506-1.c:172: if ((i & (INT_MAX+1U)) == 0)
                           1708 ;	genAnd
                           1709 ;	genMove_o size 1 result type 2 source type 1 a_dead 0 hl_dead 0 de_dead 1 iy_dead 1 f_dead 1
   05F3 0E 00         [ 7] 1710 	ld	c, #0x00
   05F5 E6 80         [ 7] 1711 	and	a, #0x80
                           1712 ;	genMove_o size 1 result type 2 source type 2 a_dead 1 hl_dead 1 de_dead 1 iy_dead 1 f_dead 1
   05F7 47            [ 4] 1713 	ld	b, a
                           1714 ;	genMove_o size 0 result type 2 source type 1 a_dead 1 hl_dead 1 de_dead 1 iy_dead 1 f_dead 1
                           1715 ;cases/./../tests/gcc-torture-execute-20020506-1.c:174: if (set) ASSERT (0);
                           1716 ;	genPlus
                           1717 ;	genMove_o size 2 result type 2 source type 10 a_dead 1 hl_dead 1 de_dead 1 iy_dead 1 f_dead 1
   05F8 ED 5Br00s00   [20] 1718 	ld	de, (___numTests)
   05FC 13            [ 6] 1719 	inc	de
                           1720 ;cases/./../tests/gcc-torture-execute-20020506-1.c:172: if ((i & (INT_MAX+1U)) == 0)
                           1721 ;	genIfx
   05FD 78            [ 4] 1722 	ld	a, b
   05FE B1            [ 4] 1723 	or	a, c
                           1724 ; common peephole 163 changed absolute to relative conditional jump.
   05FF 20 21         [12] 1725 	jr	nz, 00106$
                           1726 ;cases/./../tests/gcc-torture-execute-20020506-1.c:174: if (set) ASSERT (0);
                           1727 ;	genIfx
   0601 DD 7E FF      [19] 1728 	ld	a, -1 (ix)
   0604 DD B6 FE      [19] 1729 	or	a, -2 (ix)
                           1730 ; common peephole 163 changed absolute to relative conditional jump.
   0607 28 38         [12] 1731 	jr	z, 00107$
                           1732 ;	genAssign
                           1733 ;	genMove_o size 2 result type 10 source type 2 a_dead 1 hl_dead 1 de_dead 1 iy_dead 1 f_dead 1
   0609 ED 53r00s00   [20] 1734 	ld	(___numTests), de
                           1735 ;	skipping iCode since result will be rematerialized
                           1736 ;	skipping iCode since result will be rematerialized
                           1737 ;	skipping iCode since result will be rematerialized
                           1738 ;	skipping iCode since result will be rematerialized
                           1739 ;	skipping iCode since result will be rematerialized
                           1740 ;	skipping iCode since result will be rematerialized
                           1741 ;	genIpush
   060D C5            [11] 1742 	push	bc
                           1743 ;	genMove_o size 2 result type 2 source type 1 a_dead 1 hl_dead 1 de_dead 1 iy_dead 1 f_dead 1
   060E 21 AE 00      [10] 1744 	ld	hl, #0x00ae
   0611 E5            [11] 1745 	push	hl
                           1746 ;	genIpush
                           1747 ;	genMove_o size 2 result type 2 source type 7 a_dead 1 hl_dead 1 de_dead 1 iy_dead 1 f_dead 1
   0612 21r40s07      [10] 1748 	ld	hl, #__str_14
   0615 E5            [11] 1749 	push	hl
                           1750 ;	genSend
                           1751 ;	genMove_o size 2 result type 2 source type 7 a_dead 1 hl_dead 1 de_dead 1 iy_dead 1 f_dead 1
   0616 11r3Es07      [10] 1752 	ld	de, #__str_13
                           1753 ;	genSend
                           1754 ;	genMove_o size 2 result type 2 source type 7 a_dead 1 hl_dead 1 de_dead 0 iy_dead 1 f_dead 1
   0619 21r2Ds07      [10] 1755 	ld	hl, #__str_12
                           1756 ;	genCall
   061C CDr00s00      [17] 1757 	call	___fail
   061F C1            [10] 1758 	pop	bc
                           1759 ;	genGoto
                           1760 ; common peephole 162 changed absolute to relative unconditional jump.
   0620 18 1F         [12] 1761 	jr	00107$
                           1762 ;	genLabel
   0622                    1763 00106$:
                           1764 ;cases/./../tests/gcc-torture-execute-20020506-1.c:177: if (!set) ASSERT (0);
                           1765 ;	genIfx
   0622 DD 7E FF      [19] 1766 	ld	a, -1 (ix)
   0625 DD B6 FE      [19] 1767 	or	a, -2 (ix)
                           1768 ; common peephole 163 changed absolute to relative conditional jump.
   0628 20 17         [12] 1769 	jr	nz, 00107$
                           1770 ;	genAssign
                           1771 ;	genMove_o size 2 result type 10 source type 2 a_dead 1 hl_dead 1 de_dead 1 iy_dead 1 f_dead 1
   062A ED 53r00s00   [20] 1772 	ld	(___numTests), de
                           1773 ;	skipping iCode since result will be rematerialized
                           1774 ;	skipping iCode since result will be rematerialized
                           1775 ;	skipping iCode since result will be rematerialized
                           1776 ;	skipping iCode since result will be rematerialized
                           1777 ;	skipping iCode since result will be rematerialized
                           1778 ;	skipping iCode since result will be rematerialized
                           1779 ;	genIpush
   062E C5            [11] 1780 	push	bc
                           1781 ;	genMove_o size 2 result type 2 source type 1 a_dead 1 hl_dead 1 de_dead 1 iy_dead 1 f_dead 1
   062F 21 B1 00      [10] 1782 	ld	hl, #0x00b1
   0632 E5            [11] 1783 	push	hl
                           1784 ;	genIpush
                           1785 ;	genMove_o size 2 result type 2 source type 7 a_dead 1 hl_dead 1 de_dead 1 iy_dead 1 f_dead 1
   0633 21r40s07      [10] 1786 	ld	hl, #__str_14
   0636 E5            [11] 1787 	push	hl
                           1788 ;	genSend
                           1789 ;	genMove_o size 2 result type 2 source type 7 a_dead 1 hl_dead 1 de_dead 1 iy_dead 1 f_dead 1
   0637 11r3Es07      [10] 1790 	ld	de, #__str_13
                           1791 ;	genSend
                           1792 ;	genMove_o size 2 result type 2 source type 7 a_dead 1 hl_dead 1 de_dead 0 iy_dead 1 f_dead 1
   063A 21r2Ds07      [10] 1793 	ld	hl, #__str_12
                           1794 ;	genCall
   063D CDr00s00      [17] 1795 	call	___fail
   0640 C1            [10] 1796 	pop	bc
                           1797 ;	genLabel
   0641                    1798 00107$:
                           1799 ;cases/./../tests/gcc-torture-execute-20020506-1.c:174: if (set) ASSERT (0);
                           1800 ;	genPlus
                           1801 ;	genMove_o size 2 result type 2 source type 10 a_dead 1 hl_dead 1 de_dead 1 iy_dead 1 f_dead 1
   0641 ED 5Br00s00   [20] 1802 	ld	de, (___numTests)
   0645 13            [ 6] 1803 	inc	de
                           1804 ;cases/./../tests/gcc-torture-execute-20020506-1.c:179: if ((i & (INT_MAX+1U)) != 0)
                           1805 ;	genIfx
   0646 78            [ 4] 1806 	ld	a, b
   0647 B1            [ 4] 1807 	or	a, c
                           1808 ; common peephole 163 changed absolute to relative conditional jump.
   0648 28 21         [12] 1809 	jr	z, 00113$
                           1810 ;cases/./../tests/gcc-torture-execute-20020506-1.c:181: if (!set) ASSERT (0);
                           1811 ;	genIfx
   064A DD 7E FF      [19] 1812 	ld	a, -1 (ix)
   064D DD B6 FE      [19] 1813 	or	a, -2 (ix)
                           1814 ; common peephole 163 changed absolute to relative conditional jump.
   0650 20 38         [12] 1815 	jr	nz, 00114$
                           1816 ;	genAssign
                           1817 ;	genMove_o size 2 result type 10 source type 2 a_dead 1 hl_dead 1 de_dead 1 iy_dead 1 f_dead 1
   0652 ED 53r00s00   [20] 1818 	ld	(___numTests), de
                           1819 ;	skipping iCode since result will be rematerialized
                           1820 ;	skipping iCode since result will be rematerialized
                           1821 ;	skipping iCode since result will be rematerialized
                           1822 ;	skipping iCode since result will be rematerialized
                           1823 ;	skipping iCode since result will be rematerialized
                           1824 ;	skipping iCode since result will be rematerialized
                           1825 ;	genIpush
   0656 C5            [11] 1826 	push	bc
                           1827 ;	genMove_o size 2 result type 2 source type 1 a_dead 1 hl_dead 1 de_dead 1 iy_dead 1 f_dead 1
   0657 21 B5 00      [10] 1828 	ld	hl, #0x00b5
   065A E5            [11] 1829 	push	hl
                           1830 ;	genIpush
                           1831 ;	genMove_o size 2 result type 2 source type 7 a_dead 1 hl_dead 1 de_dead 1 iy_dead 1 f_dead 1
   065B 21r40s07      [10] 1832 	ld	hl, #__str_14
   065E E5            [11] 1833 	push	hl
                           1834 ;	genSend
                           1835 ;	genMove_o size 2 result type 2 source type 7 a_dead 1 hl_dead 1 de_dead 1 iy_dead 1 f_dead 1
   065F 11r3Es07      [10] 1836 	ld	de, #__str_13
                           1837 ;	genSend
                           1838 ;	genMove_o size 2 result type 2 source type 7 a_dead 1 hl_dead 1 de_dead 0 iy_dead 1 f_dead 1
   0662 21r2Ds07      [10] 1839 	ld	hl, #__str_12
                           1840 ;	genCall
   0665 CDr00s00      [17] 1841 	call	___fail
   0668 C1            [10] 1842 	pop	bc
                           1843 ;	genGoto
                           1844 ; common peephole 162 changed absolute to relative unconditional jump.
   0669 18 1F         [12] 1845 	jr	00114$
                           1846 ;	genLabel
   066B                    1847 00113$:
                           1848 ;cases/./../tests/gcc-torture-execute-20020506-1.c:184: if (set) ASSERT (0);
                           1849 ;	genIfx
   066B DD 7E FF      [19] 1850 	ld	a, -1 (ix)
   066E DD B6 FE      [19] 1851 	or	a, -2 (ix)
                           1852 ; common peephole 163 changed absolute to relative conditional jump.
   0671 28 17         [12] 1853 	jr	z, 00114$
                           1854 ;	genAssign
                           1855 ;	genMove_o size 2 result type 10 source type 2 a_dead 1 hl_dead 1 de_dead 1 iy_dead 1 f_dead 1
   0673 ED 53r00s00   [20] 1856 	ld	(___numTests), de
                           1857 ;	skipping iCode since result will be rematerialized
                           1858 ;	skipping iCode since result will be rematerialized
                           1859 ;	skipping iCode since result will be rematerialized
                           1860 ;	skipping iCode since result will be rematerialized
                           1861 ;	skipping iCode since result will be rematerialized
                           1862 ;	skipping iCode since result will be rematerialized
                           1863 ;	genIpush
   0677 C5            [11] 1864 	push	bc
                           1865 ;	genMove_o size 2 result type 2 source type 1 a_dead 1 hl_dead 1 de_dead 1 iy_dead 1 f_dead 1
   0678 21 B8 00      [10] 1866 	ld	hl, #0x00b8
   067B E5            [11] 1867 	push	hl
                           1868 ;	genIpush
                           1869 ;	genMove_o size 2 result type 2 source type 7 a_dead 1 hl_dead 1 de_dead 1 iy_dead 1 f_dead 1
   067C 21r40s07      [10] 1870 	ld	hl, #__str_14
   067F E5            [11] 1871 	push	hl
                           1872 ;	genSend
                           1873 ;	genMove_o size 2 result type 2 source type 7 a_dead 1 hl_dead 1 de_dead 1 iy_dead 1 f_dead 1
   0680 11r3Es07      [10] 1874 	ld	de, #__str_13
                           1875 ;	genSend
                           1876 ;	genMove_o size 2 result type 2 source type 7 a_dead 1 hl_dead 1 de_dead 0 iy_dead 1 f_dead 1
   0683 21r2Ds07      [10] 1877 	ld	hl, #__str_12
                           1878 ;	genCall
   0686 CDr00s00      [17] 1879 	call	___fail
   0689 C1            [10] 1880 	pop	bc
                           1881 ;	genLabel
   068A                    1882 00114$:
                           1883 ;cases/./../tests/gcc-torture-execute-20020506-1.c:186: if ((i & (INT_MAX+1U)) == (INT_MAX+1U))
                           1884 ;	genCast
                           1885 ;	genMove_o size 2 result type 2 source type 2 a_dead 1 hl_dead 1 de_dead 1 iy_dead 1 f_dead 1
   068A 79            [ 4] 1886 	ld	a, c
                           1887 ;	genMove_o size 0 result type 2 source type 1 a_dead 1 hl_dead 1 de_dead 1 iy_dead 1 f_dead 1
                           1888 ;cases/./../tests/gcc-torture-execute-20020506-1.c:174: if (set) ASSERT (0);
                           1889 ;	genPlus
                           1890 ;	genMove_o size 2 result type 2 source type 10 a_dead 0 hl_dead 1 de_dead 1 iy_dead 1 f_dead 1
   068B 2Ar00s00      [16] 1891 	ld	hl, (___numTests)
   068E 23            [ 6] 1892 	inc	hl
                           1893 ;cases/./../tests/gcc-torture-execute-20020506-1.c:186: if ((i & (INT_MAX+1U)) == (INT_MAX+1U))
                           1894 ;	genCmpEq
   068F B7            [ 4] 1895 	or	a, a
                           1896 ; common peephole 163 changed absolute to relative conditional jump.
   0690 20 07         [12] 1897 	jr	nz, 00227$
                           1898 ;	genMove_o size 1 result type 2 source type 2 a_dead 1 hl_dead 0 de_dead 0 iy_dead 0 f_dead 1
   0692 78            [ 4] 1899 	ld	a, b
                           1900 ;	genMove_o size 0 result type 2 source type 1 a_dead 1 hl_dead 0 de_dead 0 iy_dead 0 f_dead 1
   0693 D6 80         [ 7] 1901 	sub	a, #0x80
   0695 3E 01         [ 7] 1902 	ld	a, #0x01
                           1903 ; common peephole 163 changed absolute to relative conditional jump.
   0697 28 01         [12] 1904 	jr	z, 00228$
                           1905 ; common peephole 169xnz used double assignment in case of nz condition.
   0699                    1906 00227$:
   0699 AF            [ 4] 1907 	xor	a, a
   069A                    1908 00228$:
                           1909 ;	genMove_o size 1 result type 2 source type 2 a_dead 1 hl_dead 0 de_dead 1 iy_dead 1 f_dead 1
                           1910 ;	genMove_o size 0 result type 2 source type 1 a_dead 1 hl_dead 0 de_dead 1 iy_dead 1 f_dead 1
                           1911 ;	genIfx
   069A 4F            [ 4] 1912 	ld	c, a
                           1913 ; common peephole 98 removed redundant load from c into a.
   069B B7            [ 4] 1914 	or	a, a
                           1915 ; common peephole 163 changed absolute to relative conditional jump.
   069C 28 20         [12] 1916 	jr	z, 00120$
                           1917 ;cases/./../tests/gcc-torture-execute-20020506-1.c:188: if (!set) ASSERT (0);
                           1918 ;	genIfx
   069E DD 7E FF      [19] 1919 	ld	a, -1 (ix)
   06A1 DD B6 FE      [19] 1920 	or	a, -2 (ix)
                           1921 ; common peephole 163 changed absolute to relative conditional jump.
   06A4 20 36         [12] 1922 	jr	nz, 00121$
                           1923 ;	genAssign
                           1924 ;	genMove_o size 2 result type 10 source type 2 a_dead 1 hl_dead 1 de_dead 1 iy_dead 1 f_dead 1
   06A6 22r00s00      [16] 1925 	ld	(___numTests), hl
                           1926 ;	skipping iCode since result will be rematerialized
                           1927 ;	skipping iCode since result will be rematerialized
                           1928 ;	skipping iCode since result will be rematerialized
                           1929 ;	skipping iCode since result will be rematerialized
                           1930 ;	skipping iCode since result will be rematerialized
                           1931 ;	genCast
                           1932 ;	genMove_o size 2 result type 2 source type 7 a_dead 1 hl_dead 1 de_dead 1 iy_dead 1 f_dead 1
   06A9 21r2Ds07      [10] 1933 	ld	hl, #__str_12
                           1934 ;	genIpush
   06AC C5            [11] 1935 	push	bc
                           1936 ;	genMove_o size 2 result type 2 source type 1 a_dead 1 hl_dead 0 de_dead 1 iy_dead 1 f_dead 1
   06AD 11 BC 00      [10] 1937 	ld	de, #0x00bc
   06B0 D5            [11] 1938 	push	de
                           1939 ;	genIpush
                           1940 ;	genMove_o size 2 result type 2 source type 7 a_dead 1 hl_dead 0 de_dead 1 iy_dead 1 f_dead 1
   06B1 11r40s07      [10] 1941 	ld	de, #__str_14
   06B4 D5            [11] 1942 	push	de
                           1943 ;	genSend
                           1944 ;	genMove_o size 2 result type 2 source type 7 a_dead 1 hl_dead 0 de_dead 1 iy_dead 1 f_dead 1
   06B5 11r3Es07      [10] 1945 	ld	de, #__str_13
                           1946 ;	genSend
                           1947 ;	genMove_o size 2 result type 2 source type 2 a_dead 1 hl_dead 1 de_dead 0 iy_dead 1 f_dead 1
                           1948 ;	genCall
   06B8 CDr00s00      [17] 1949 	call	___fail
   06BB C1            [10] 1950 	pop	bc
                           1951 ;	genGoto
                           1952 ; common peephole 162 changed absolute to relative unconditional jump.
   06BC 18 1E         [12] 1953 	jr	00121$
                           1954 ;	genLabel
   06BE                    1955 00120$:
                           1956 ;cases/./../tests/gcc-torture-execute-20020506-1.c:191: if (set) ASSERT (0);
                           1957 ;	genIfx
   06BE DD 7E FF      [19] 1958 	ld	a, -1 (ix)
   06C1 DD B6 FE      [19] 1959 	or	a, -2 (ix)
                           1960 ; common peephole 163 changed absolute to relative conditional jump.
   06C4 28 16         [12] 1961 	jr	z, 00121$
                           1962 ;	genAssign
                           1963 ;	genMove_o size 2 result type 10 source type 2 a_dead 1 hl_dead 1 de_dead 1 iy_dead 1 f_dead 1
   06C6 22r00s00      [16] 1964 	ld	(___numTests), hl
                           1965 ;	skipping iCode since result will be rematerialized
                           1966 ;	skipping iCode since result will be rematerialized
                           1967 ;	skipping iCode since result will be rematerialized
                           1968 ;	skipping iCode since result will be rematerialized
                           1969 ;	skipping iCode since result will be rematerialized
                           1970 ;	genCast
                           1971 ;	genMove_o size 2 result type 2 source type 7 a_dead 1 hl_dead 1 de_dead 1 iy_dead 1 f_dead 1
   06C9 21r2Ds07      [10] 1972 	ld	hl, #__str_12
                           1973 ;	genIpush
   06CC C5            [11] 1974 	push	bc
                           1975 ;	genMove_o size 2 result type 2 source type 1 a_dead 1 hl_dead 0 de_dead 1 iy_dead 1 f_dead 1
   06CD 11 BF 00      [10] 1976 	ld	de, #0x00bf
   06D0 D5            [11] 1977 	push	de
                           1978 ;	genIpush
                           1979 ;	genMove_o size 2 result type 2 source type 7 a_dead 1 hl_dead 0 de_dead 1 iy_dead 1 f_dead 1
   06D1 11r40s07      [10] 1980 	ld	de, #__str_14
   06D4 D5            [11] 1981 	push	de
                           1982 ;	genSend
                           1983 ;	genMove_o size 2 result type 2 source type 7 a_dead 1 hl_dead 0 de_dead 1 iy_dead 1 f_dead 1
   06D5 11r3Es07      [10] 1984 	ld	de, #__str_13
                           1985 ;	genSend
                           1986 ;	genMove_o size 2 result type 2 source type 2 a_dead 1 hl_dead 1 de_dead 0 iy_dead 1 f_dead 1
                           1987 ;	genCall
   06D8 CDr00s00      [17] 1988 	call	___fail
   06DB C1            [10] 1989 	pop	bc
                           1990 ;	genLabel
   06DC                    1991 00121$:
                           1992 ;cases/./../tests/gcc-torture-execute-20020506-1.c:174: if (set) ASSERT (0);
                           1993 ;	genPlus
                           1994 ;	genMove_o size 2 result type 2 source type 10 a_dead 1 hl_dead 1 de_dead 1 iy_dead 1 f_dead 1
   06DC 2Ar00s00      [16] 1995 	ld	hl, (___numTests)
   06DF 23            [ 6] 1996 	inc	hl
                           1997 ;	genMove_o size 2 result type 6 source type 2 a_dead 1 hl_dead 1 de_dead 1 iy_dead 1 f_dead 1
   06E0 E3            [19] 1998 	ex	(sp), hl
                           1999 ;	genMove_o size 0 result type 6 source type 1 a_dead 1 hl_dead 1 de_dead 1 iy_dead 1 f_dead 1
                           2000 ;cases/./../tests/gcc-torture-execute-20020506-1.c:193: if ((i & (INT_MAX+1U)) != (INT_MAX+1U))
                           2001 ;	genAssign
                           2002 ;	genMove_o size 1 result type 6 source type 2 a_dead 1 hl_dead 1 de_dead 1 iy_dead 1 f_dead 1
   06E1 DD 71 FD      [19] 2003 	ld	-3 (ix), c
                           2004 ;	genMove_o size 0 result type 6 source type 1 a_dead 1 hl_dead 1 de_dead 1 iy_dead 1 f_dead 1
                           2005 ;	genIfx
   06E4 DD CB FD 46   [20] 2006 	bit	0, -3 (ix)
                           2007 ; common peephole 163 changed absolute to relative conditional jump.
   06E8 20 20         [12] 2008 	jr	nz, 00127$
                           2009 ;cases/./../tests/gcc-torture-execute-20020506-1.c:195: if (set) ASSERT (0);
                           2010 ;	genIfx
   06EA DD 7E FF      [19] 2011 	ld	a, -1 (ix)
   06ED DD B6 FE      [19] 2012 	or	a, -2 (ix)
                           2013 ; common peephole 163 changed absolute to relative conditional jump.
   06F0 28 36         [12] 2014 	jr	z, 00129$
                           2015 ;	genAssign
                           2016 ;fetchPairLong
   06F2 E1            [10] 2017 	pop	hl
   06F3 E5            [11] 2018 	push	hl
                           2019 ;	genMove_o size 2 result type 10 source type 2 a_dead 1 hl_dead 1 de_dead 1 iy_dead 1 f_dead 1
   06F4 22r00s00      [16] 2020 	ld	(___numTests), hl
                           2021 ;	skipping iCode since result will be rematerialized
                           2022 ;	skipping iCode since result will be rematerialized
                           2023 ;	skipping iCode since result will be rematerialized
                           2024 ;	skipping iCode since result will be rematerialized
                           2025 ;	skipping iCode since result will be rematerialized
                           2026 ;	skipping iCode since result will be rematerialized
                           2027 ;	genIpush
                           2028 ;	genMove_o size 2 result type 2 source type 1 a_dead 1 hl_dead 1 de_dead 1 iy_dead 1 f_dead 1
   06F7 21 C3 00      [10] 2029 	ld	hl, #0x00c3
   06FA E5            [11] 2030 	push	hl
                           2031 ;	genIpush
                           2032 ;	genMove_o size 2 result type 2 source type 7 a_dead 1 hl_dead 1 de_dead 1 iy_dead 1 f_dead 1
   06FB 21r40s07      [10] 2033 	ld	hl, #__str_14
   06FE E5            [11] 2034 	push	hl
                           2035 ;	genSend
                           2036 ;	genMove_o size 2 result type 2 source type 7 a_dead 1 hl_dead 1 de_dead 1 iy_dead 1 f_dead 1
   06FF 11r3Es07      [10] 2037 	ld	de, #__str_13
                           2038 ;	genSend
                           2039 ;	genMove_o size 2 result type 2 source type 7 a_dead 1 hl_dead 1 de_dead 0 iy_dead 1 f_dead 1
   0702 21r2Ds07      [10] 2040 	ld	hl, #__str_12
                           2041 ;	genCall
   0705 CDr00s00      [17] 2042 	call	___fail
                           2043 ;	genGoto
                           2044 ; common peephole 162 changed absolute to relative unconditional jump.
   0708 18 1E         [12] 2045 	jr	00129$
                           2046 ;	genLabel
   070A                    2047 00127$:
                           2048 ;cases/./../tests/gcc-torture-execute-20020506-1.c:198: if (!set) ASSERT (0);
                           2049 ;	genIfx
   070A DD 7E FF      [19] 2050 	ld	a, -1 (ix)
   070D DD B6 FE      [19] 2051 	or	a, -2 (ix)
                           2052 ; common peephole 163 changed absolute to relative conditional jump.
   0710 20 16         [12] 2053 	jr	nz, 00129$
                           2054 ;	genAssign
                           2055 ;fetchPairLong
   0712 E1            [10] 2056 	pop	hl
   0713 E5            [11] 2057 	push	hl
                           2058 ;	genMove_o size 2 result type 10 source type 2 a_dead 1 hl_dead 1 de_dead 1 iy_dead 1 f_dead 1
   0714 22r00s00      [16] 2059 	ld	(___numTests), hl
                           2060 ;	skipping iCode since result will be rematerialized
                           2061 ;	skipping iCode since result will be rematerialized
                           2062 ;	skipping iCode since result will be rematerialized
                           2063 ;	skipping iCode since result will be rematerialized
                           2064 ;	skipping iCode since result will be rematerialized
                           2065 ;	skipping iCode since result will be rematerialized
                           2066 ;	genIpush
                           2067 ;	genMove_o size 2 result type 2 source type 1 a_dead 1 hl_dead 1 de_dead 1 iy_dead 1 f_dead 1
   0717 21 C6 00      [10] 2068 	ld	hl, #0x00c6
   071A E5            [11] 2069 	push	hl
                           2070 ;	genIpush
                           2071 ;	genMove_o size 2 result type 2 source type 7 a_dead 1 hl_dead 1 de_dead 1 iy_dead 1 f_dead 1
   071B 21r40s07      [10] 2072 	ld	hl, #__str_14
   071E E5            [11] 2073 	push	hl
                           2074 ;	genSend
                           2075 ;	genMove_o size 2 result type 2 source type 7 a_dead 1 hl_dead 1 de_dead 1 iy_dead 1 f_dead 1
   071F 11r3Es07      [10] 2076 	ld	de, #__str_13
                           2077 ;	genSend
                           2078 ;	genMove_o size 2 result type 2 source type 7 a_dead 1 hl_dead 1 de_dead 0 iy_dead 1 f_dead 1
   0722 21r2Ds07      [10] 2079 	ld	hl, #__str_12
                           2080 ;	genCall
   0725 CDr00s00      [17] 2081 	call	___fail
                           2082 ;	genLabel
   0728                    2083 00129$:
                           2084 ;cases/./../tests/gcc-torture-execute-20020506-1.c:199: }
                           2085 ;	genEndFunction
   0728 DD F9         [10] 2086 	ld	sp, ix
   072A DD E1         [14] 2087 	pop	ix
   072C C9            [10] 2088 	ret
                           2089 ;	Total fest5 function size at codegen: 5 bytes.
   072D                    2090 __str_12:
   072D 41 73 73 65 72 74  2091 	.ascii "Assertion failed"
        69 6F 6E 20 66 61
        69 6C 65 64
   073D 00                 2092 	.db 0x00
   073E                    2093 __str_13:
   073E 30                 2094 	.ascii "0"
   073F 00                 2095 	.db 0x00
   0740                    2096 __str_14:
   0740 63 61 73 65 73 2F  2097 	.ascii "cases/./../tests/gcc-torture-execute-20020506-1.c"
        2E 2F 2E 2E 2F 74
        65 73 74 73 2F 67
        63 63 2D 74 6F 72
        74 75 72 65 2D 65
        78 65 63 75 74 65
        2D 32 30 30 32 30
        35 30 36 2D 31 2E
        63
   0771 00                 2098 	.db 0x00
                           2099 ;cases/./../tests/gcc-torture-execute-20020506-1.c:202: fest6 (unsigned int i, int set)
                           2100 ;	genLabel
                           2101 ;	genFunction
                           2102 ;	---------------------------------
                           2103 ; Function fest6
                           2104 ; ---------------------------------
                           2105 ;	Register assignment might be sub-optimal.
                           2106 ; Stack space usage: 5 bytes.
   0772                    2107 _fest6::
   0772 DD E5         [15] 2108 	push	ix
   0774 DD 21 00 00   [14] 2109 	ld	ix,	#0
   0778 DD 39         [15] 2110 	add	ix, sp
                           2111 ;	adjustStack by -5
   077A F5            [11] 2112 	push	af
   077B F5            [11] 2113 	push	af
   077C 3B            [ 6] 2114 	dec	sp
                           2115 ;	genReceive
                           2116 ;	genMove_o size 2 result type 2 source type 2 a_dead 1 hl_dead 1 de_dead 0 iy_dead 1 f_dead 1
   077D 7C            [ 4] 2117 	ld	a, h
                           2118 ;	genMove_o size 0 result type 2 source type 1 a_dead 1 hl_dead 1 de_dead 0 iy_dead 1 f_dead 1
                           2119 ;	genReceive
                           2120 ;	genMove_o size 2 result type 6 source type 2 a_dead 0 hl_dead 0 de_dead 1 iy_dead 1 f_dead 1
   077E DD 73 FE      [19] 2121 	ld	-2 (ix), e
   0781 DD 72 FF      [19] 2122 	ld	-1 (ix), d
                           2123 ;	genMove_o size 0 result type 6 source type 1 a_dead 0 hl_dead 0 de_dead 1 iy_dead 1 f_dead 1
                           2124 ;cases/./../tests/gcc-torture-execute-20020506-1.c:204: if ((i & (INT_MAX+1U)) == 0)
                           2125 ;	genAnd
                           2126 ;	genMove_o size 1 result type 2 source type 1 a_dead 0 hl_dead 0 de_dead 1 iy_dead 1 f_dead 1
   0784 0E 00         [ 7] 2127 	ld	c, #0x00
   0786 E6 80         [ 7] 2128 	and	a, #0x80
                           2129 ;	genMove_o size 1 result type 2 source type 2 a_dead 1 hl_dead 1 de_dead 1 iy_dead 1 f_dead 1
   0788 47            [ 4] 2130 	ld	b, a
                           2131 ;	genMove_o size 0 result type 2 source type 1 a_dead 1 hl_dead 1 de_dead 1 iy_dead 1 f_dead 1
                           2132 ;cases/./../tests/gcc-torture-execute-20020506-1.c:206: if (set) ASSERT (0);
                           2133 ;	genPlus
                           2134 ;	genMove_o size 2 result type 2 source type 10 a_dead 1 hl_dead 1 de_dead 1 iy_dead 1 f_dead 1
   0789 ED 5Br00s00   [20] 2135 	ld	de, (___numTests)
   078D 13            [ 6] 2136 	inc	de
                           2137 ;cases/./../tests/gcc-torture-execute-20020506-1.c:204: if ((i & (INT_MAX+1U)) == 0)
                           2138 ;	genIfx
   078E 78            [ 4] 2139 	ld	a, b
   078F B1            [ 4] 2140 	or	a, c
                           2141 ; common peephole 163 changed absolute to relative conditional jump.
   0790 20 21         [12] 2142 	jr	nz, 00106$
                           2143 ;cases/./../tests/gcc-torture-execute-20020506-1.c:206: if (set) ASSERT (0);
                           2144 ;	genIfx
   0792 DD 7E FF      [19] 2145 	ld	a, -1 (ix)
   0795 DD B6 FE      [19] 2146 	or	a, -2 (ix)
                           2147 ; common peephole 163 changed absolute to relative conditional jump.
   0798 28 38         [12] 2148 	jr	z, 00107$
                           2149 ;	genAssign
                           2150 ;	genMove_o size 2 result type 10 source type 2 a_dead 1 hl_dead 1 de_dead 1 iy_dead 1 f_dead 1
   079A ED 53r00s00   [20] 2151 	ld	(___numTests), de
                           2152 ;	skipping iCode since result will be rematerialized
                           2153 ;	skipping iCode since result will be rematerialized
                           2154 ;	skipping iCode since result will be rematerialized
                           2155 ;	skipping iCode since result will be rematerialized
                           2156 ;	skipping iCode since result will be rematerialized
                           2157 ;	skipping iCode since result will be rematerialized
                           2158 ;	genIpush
   079E C5            [11] 2159 	push	bc
                           2160 ;	genMove_o size 2 result type 2 source type 1 a_dead 1 hl_dead 1 de_dead 1 iy_dead 1 f_dead 1
   079F 21 CE 00      [10] 2161 	ld	hl, #0x00ce
   07A2 E5            [11] 2162 	push	hl
                           2163 ;	genIpush
                           2164 ;	genMove_o size 2 result type 2 source type 7 a_dead 1 hl_dead 1 de_dead 1 iy_dead 1 f_dead 1
   07A3 21rD1s08      [10] 2165 	ld	hl, #__str_17
   07A6 E5            [11] 2166 	push	hl
                           2167 ;	genSend
                           2168 ;	genMove_o size 2 result type 2 source type 7 a_dead 1 hl_dead 1 de_dead 1 iy_dead 1 f_dead 1
   07A7 11rCFs08      [10] 2169 	ld	de, #__str_16
                           2170 ;	genSend
                           2171 ;	genMove_o size 2 result type 2 source type 7 a_dead 1 hl_dead 1 de_dead 0 iy_dead 1 f_dead 1
   07AA 21rBEs08      [10] 2172 	ld	hl, #__str_15
                           2173 ;	genCall
   07AD CDr00s00      [17] 2174 	call	___fail
   07B0 C1            [10] 2175 	pop	bc
                           2176 ;	genGoto
                           2177 ; common peephole 162 changed absolute to relative unconditional jump.
   07B1 18 1F         [12] 2178 	jr	00107$
                           2179 ;	genLabel
   07B3                    2180 00106$:
                           2181 ;cases/./../tests/gcc-torture-execute-20020506-1.c:209: if (!set) ASSERT (0);
                           2182 ;	genIfx
   07B3 DD 7E FF      [19] 2183 	ld	a, -1 (ix)
   07B6 DD B6 FE      [19] 2184 	or	a, -2 (ix)
                           2185 ; common peephole 163 changed absolute to relative conditional jump.
   07B9 20 17         [12] 2186 	jr	nz, 00107$
                           2187 ;	genAssign
                           2188 ;	genMove_o size 2 result type 10 source type 2 a_dead 1 hl_dead 1 de_dead 1 iy_dead 1 f_dead 1
   07BB ED 53r00s00   [20] 2189 	ld	(___numTests), de
                           2190 ;	skipping iCode since result will be rematerialized
                           2191 ;	skipping iCode since result will be rematerialized
                           2192 ;	skipping iCode since result will be rematerialized
                           2193 ;	skipping iCode since result will be rematerialized
                           2194 ;	skipping iCode since result will be rematerialized
                           2195 ;	skipping iCode since result will be rematerialized
                           2196 ;	genIpush
   07BF C5            [11] 2197 	push	bc
                           2198 ;	genMove_o size 2 result type 2 source type 1 a_dead 1 hl_dead 1 de_dead 1 iy_dead 1 f_dead 1
   07C0 21 D1 00      [10] 2199 	ld	hl, #0x00d1
   07C3 E5            [11] 2200 	push	hl
                           2201 ;	genIpush
                           2202 ;	genMove_o size 2 result type 2 source type 7 a_dead 1 hl_dead 1 de_dead 1 iy_dead 1 f_dead 1
   07C4 21rD1s08      [10] 2203 	ld	hl, #__str_17
   07C7 E5            [11] 2204 	push	hl
                           2205 ;	genSend
                           2206 ;	genMove_o size 2 result type 2 source type 7 a_dead 1 hl_dead 1 de_dead 1 iy_dead 1 f_dead 1
   07C8 11rCFs08      [10] 2207 	ld	de, #__str_16
                           2208 ;	genSend
                           2209 ;	genMove_o size 2 result type 2 source type 7 a_dead 1 hl_dead 1 de_dead 0 iy_dead 1 f_dead 1
   07CB 21rBEs08      [10] 2210 	ld	hl, #__str_15
                           2211 ;	genCall
   07CE CDr00s00      [17] 2212 	call	___fail
   07D1 C1            [10] 2213 	pop	bc
                           2214 ;	genLabel
   07D2                    2215 00107$:
                           2216 ;cases/./../tests/gcc-torture-execute-20020506-1.c:206: if (set) ASSERT (0);
                           2217 ;	genPlus
                           2218 ;	genMove_o size 2 result type 2 source type 10 a_dead 1 hl_dead 1 de_dead 1 iy_dead 1 f_dead 1
   07D2 ED 5Br00s00   [20] 2219 	ld	de, (___numTests)
   07D6 13            [ 6] 2220 	inc	de
                           2221 ;cases/./../tests/gcc-torture-execute-20020506-1.c:211: if ((i & (INT_MAX+1U)) != 0)
                           2222 ;	genIfx
   07D7 78            [ 4] 2223 	ld	a, b
   07D8 B1            [ 4] 2224 	or	a, c
                           2225 ; common peephole 163 changed absolute to relative conditional jump.
   07D9 28 21         [12] 2226 	jr	z, 00113$
                           2227 ;cases/./../tests/gcc-torture-execute-20020506-1.c:213: if (!set) ASSERT (0);
                           2228 ;	genIfx
   07DB DD 7E FF      [19] 2229 	ld	a, -1 (ix)
   07DE DD B6 FE      [19] 2230 	or	a, -2 (ix)
                           2231 ; common peephole 163 changed absolute to relative conditional jump.
   07E1 20 38         [12] 2232 	jr	nz, 00114$
                           2233 ;	genAssign
                           2234 ;	genMove_o size 2 result type 10 source type 2 a_dead 1 hl_dead 1 de_dead 1 iy_dead 1 f_dead 1
   07E3 ED 53r00s00   [20] 2235 	ld	(___numTests), de
                           2236 ;	skipping iCode since result will be rematerialized
                           2237 ;	skipping iCode since result will be rematerialized
                           2238 ;	skipping iCode since result will be rematerialized
                           2239 ;	skipping iCode since result will be rematerialized
                           2240 ;	skipping iCode since result will be rematerialized
                           2241 ;	skipping iCode since result will be rematerialized
                           2242 ;	genIpush
   07E7 C5            [11] 2243 	push	bc
                           2244 ;	genMove_o size 2 result type 2 source type 1 a_dead 1 hl_dead 1 de_dead 1 iy_dead 1 f_dead 1
   07E8 21 D5 00      [10] 2245 	ld	hl, #0x00d5
   07EB E5            [11] 2246 	push	hl
                           2247 ;	genIpush
                           2248 ;	genMove_o size 2 result type 2 source type 7 a_dead 1 hl_dead 1 de_dead 1 iy_dead 1 f_dead 1
   07EC 21rD1s08      [10] 2249 	ld	hl, #__str_17
   07EF E5            [11] 2250 	push	hl
                           2251 ;	genSend
                           2252 ;	genMove_o size 2 result type 2 source type 7 a_dead 1 hl_dead 1 de_dead 1 iy_dead 1 f_dead 1
   07F0 11rCFs08      [10] 2253 	ld	de, #__str_16
                           2254 ;	genSend
                           2255 ;	genMove_o size 2 result type 2 source type 7 a_dead 1 hl_dead 1 de_dead 0 iy_dead 1 f_dead 1
   07F3 21rBEs08      [10] 2256 	ld	hl, #__str_15
                           2257 ;	genCall
   07F6 CDr00s00      [17] 2258 	call	___fail
   07F9 C1            [10] 2259 	pop	bc
                           2260 ;	genGoto
                           2261 ; common peephole 162 changed absolute to relative unconditional jump.
   07FA 18 1F         [12] 2262 	jr	00114$
                           2263 ;	genLabel
   07FC                    2264 00113$:
                           2265 ;cases/./../tests/gcc-torture-execute-20020506-1.c:216: if (set) ASSERT (0);
                           2266 ;	genIfx
   07FC DD 7E FF      [19] 2267 	ld	a, -1 (ix)
   07FF DD B6 FE      [19] 2268 	or	a, -2 (ix)
                           2269 ; common peephole 163 changed absolute to relative conditional jump.
   0802 28 17         [12] 2270 	jr	z, 00114$
                           2271 ;	genAssign
                           2272 ;	genMove_o size 2 result type 10 source type 2 a_dead 1 hl_dead 1 de_dead 1 iy_dead 1 f_dead 1
   0804 ED 53r00s00   [20] 2273 	ld	(___numTests), de
                           2274 ;	skipping iCode since result will be rematerialized
                           2275 ;	skipping iCode since result will be rematerialized
                           2276 ;	skipping iCode since result will be rematerialized
                           2277 ;	skipping iCode since result will be rematerialized
                           2278 ;	skipping iCode since result will be rematerialized
                           2279 ;	skipping iCode since result will be rematerialized
                           2280 ;	genIpush
   0808 C5            [11] 2281 	push	bc
                           2282 ;	genMove_o size 2 result type 2 source type 1 a_dead 1 hl_dead 1 de_dead 1 iy_dead 1 f_dead 1
   0809 21 D8 00      [10] 2283 	ld	hl, #0x00d8
   080C E5            [11] 2284 	push	hl
                           2285 ;	genIpush
                           2286 ;	genMove_o size 2 result type 2 source type 7 a_dead 1 hl_dead 1 de_dead 1 iy_dead 1 f_dead 1
   080D 21rD1s08      [10] 2287 	ld	hl, #__str_17
   0810 E5            [11] 2288 	push	hl
                           2289 ;	genSend
                           2290 ;	genMove_o size 2 result type 2 source type 7 a_dead 1 hl_dead 1 de_dead 1 iy_dead 1 f_dead 1
   0811 11rCFs08      [10] 2291 	ld	de, #__str_16
                           2292 ;	genSend
                           2293 ;	genMove_o size 2 result type 2 source type 7 a_dead 1 hl_dead 1 de_dead 0 iy_dead 1 f_dead 1
   0814 21rBEs08      [10] 2294 	ld	hl, #__str_15
                           2295 ;	genCall
   0817 CDr00s00      [17] 2296 	call	___fail
   081A C1            [10] 2297 	pop	bc
                           2298 ;	genLabel
   081B                    2299 00114$:
                           2300 ;cases/./../tests/gcc-torture-execute-20020506-1.c:206: if (set) ASSERT (0);
                           2301 ;	genPlus
                           2302 ;	genMove_o size 2 result type 2 source type 10 a_dead 1 hl_dead 1 de_dead 1 iy_dead 1 f_dead 1
   081B 2Ar00s00      [16] 2303 	ld	hl, (___numTests)
   081E 23            [ 6] 2304 	inc	hl
                           2305 ;cases/./../tests/gcc-torture-execute-20020506-1.c:218: if ((i & (INT_MAX+1U)) == (INT_MAX+1U))
                           2306 ;	genCmpEq
   081F 79            [ 4] 2307 	ld	a, c
   0820 B7            [ 4] 2308 	or	a, a
                           2309 ; common peephole 163 changed absolute to relative conditional jump.
   0821 20 07         [12] 2310 	jr	nz, 00227$
                           2311 ;	genMove_o size 1 result type 2 source type 2 a_dead 1 hl_dead 0 de_dead 0 iy_dead 0 f_dead 1
   0823 78            [ 4] 2312 	ld	a, b
                           2313 ;	genMove_o size 0 result type 2 source type 1 a_dead 1 hl_dead 0 de_dead 0 iy_dead 0 f_dead 1
   0824 D6 80         [ 7] 2314 	sub	a, #0x80
   0826 3E 01         [ 7] 2315 	ld	a, #0x01
                           2316 ; common peephole 163 changed absolute to relative conditional jump.
   0828 28 01         [12] 2317 	jr	z, 00228$
                           2318 ; common peephole 169xnz used double assignment in case of nz condition.
   082A                    2319 00227$:
   082A AF            [ 4] 2320 	xor	a, a
   082B                    2321 00228$:
                           2322 ;	genMove_o size 1 result type 2 source type 2 a_dead 1 hl_dead 0 de_dead 1 iy_dead 1 f_dead 1
                           2323 ;	genMove_o size 0 result type 2 source type 1 a_dead 1 hl_dead 0 de_dead 1 iy_dead 1 f_dead 1
                           2324 ;	genIfx
   082B 4F            [ 4] 2325 	ld	c, a
                           2326 ; common peephole 98 removed redundant load from c into a.
   082C B7            [ 4] 2327 	or	a, a
                           2328 ; common peephole 163 changed absolute to relative conditional jump.
   082D 28 20         [12] 2329 	jr	z, 00120$
                           2330 ;cases/./../tests/gcc-torture-execute-20020506-1.c:220: if (!set) ASSERT (0);
                           2331 ;	genIfx
   082F DD 7E FF      [19] 2332 	ld	a, -1 (ix)
   0832 DD B6 FE      [19] 2333 	or	a, -2 (ix)
                           2334 ; common peephole 163 changed absolute to relative conditional jump.
   0835 20 36         [12] 2335 	jr	nz, 00121$
                           2336 ;	genAssign
                           2337 ;	genMove_o size 2 result type 10 source type 2 a_dead 1 hl_dead 1 de_dead 1 iy_dead 1 f_dead 1
   0837 22r00s00      [16] 2338 	ld	(___numTests), hl
                           2339 ;	skipping iCode since result will be rematerialized
                           2340 ;	skipping iCode since result will be rematerialized
                           2341 ;	skipping iCode since result will be rematerialized
                           2342 ;	skipping iCode since result will be rematerialized
                           2343 ;	skipping iCode since result will be rematerialized
                           2344 ;	genCast
                           2345 ;	genMove_o size 2 result type 2 source type 7 a_dead 1 hl_dead 1 de_dead 1 iy_dead 1 f_dead 1
   083A 21rBEs08      [10] 2346 	ld	hl, #__str_15
                           2347 ;	genIpush
   083D C5            [11] 2348 	push	bc
                           2349 ;	genMove_o size 2 result type 2 source type 1 a_dead 1 hl_dead 0 de_dead 1 iy_dead 1 f_dead 1
   083E 11 DC 00      [10] 2350 	ld	de, #0x00dc
   0841 D5            [11] 2351 	push	de
                           2352 ;	genIpush
                           2353 ;	genMove_o size 2 result type 2 source type 7 a_dead 1 hl_dead 0 de_dead 1 iy_dead 1 f_dead 1
   0842 11rD1s08      [10] 2354 	ld	de, #__str_17
   0845 D5            [11] 2355 	push	de
                           2356 ;	genSend
                           2357 ;	genMove_o size 2 result type 2 source type 7 a_dead 1 hl_dead 0 de_dead 1 iy_dead 1 f_dead 1
   0846 11rCFs08      [10] 2358 	ld	de, #__str_16
                           2359 ;	genSend
                           2360 ;	genMove_o size 2 result type 2 source type 2 a_dead 1 hl_dead 1 de_dead 0 iy_dead 1 f_dead 1
                           2361 ;	genCall
   0849 CDr00s00      [17] 2362 	call	___fail
   084C C1            [10] 2363 	pop	bc
                           2364 ;	genGoto
                           2365 ; common peephole 162 changed absolute to relative unconditional jump.
   084D 18 1E         [12] 2366 	jr	00121$
                           2367 ;	genLabel
   084F                    2368 00120$:
                           2369 ;cases/./../tests/gcc-torture-execute-20020506-1.c:223: if (set) ASSERT (0);
                           2370 ;	genIfx
   084F DD 7E FF      [19] 2371 	ld	a, -1 (ix)
   0852 DD B6 FE      [19] 2372 	or	a, -2 (ix)
                           2373 ; common peephole 163 changed absolute to relative conditional jump.
   0855 28 16         [12] 2374 	jr	z, 00121$
                           2375 ;	genAssign
                           2376 ;	genMove_o size 2 result type 10 source type 2 a_dead 1 hl_dead 1 de_dead 1 iy_dead 1 f_dead 1
   0857 22r00s00      [16] 2377 	ld	(___numTests), hl
                           2378 ;	skipping iCode since result will be rematerialized
                           2379 ;	skipping iCode since result will be rematerialized
                           2380 ;	skipping iCode since result will be rematerialized
                           2381 ;	skipping iCode since result will be rematerialized
                           2382 ;	skipping iCode since result will be rematerialized
                           2383 ;	genCast
                           2384 ;	genMove_o size 2 result type 2 source type 7 a_dead 1 hl_dead 1 de_dead 1 iy_dead 1 f_dead 1
   085A 21rBEs08      [10] 2385 	ld	hl, #__str_15
                           2386 ;	genIpush
   085D C5            [11] 2387 	push	bc
                           2388 ;	genMove_o size 2 result type 2 source type 1 a_dead 1 hl_dead 0 de_dead 1 iy_dead 1 f_dead 1
   085E 11 DF 00      [10] 2389 	ld	de, #0x00df
   0861 D5            [11] 2390 	push	de
                           2391 ;	genIpush
                           2392 ;	genMove_o size 2 result type 2 source type 7 a_dead 1 hl_dead 0 de_dead 1 iy_dead 1 f_dead 1
   0862 11rD1s08      [10] 2393 	ld	de, #__str_17
   0865 D5            [11] 2394 	push	de
                           2395 ;	genSend
                           2396 ;	genMove_o size 2 result type 2 source type 7 a_dead 1 hl_dead 0 de_dead 1 iy_dead 1 f_dead 1
   0866 11rCFs08      [10] 2397 	ld	de, #__str_16
                           2398 ;	genSend
                           2399 ;	genMove_o size 2 result type 2 source type 2 a_dead 1 hl_dead 1 de_dead 0 iy_dead 1 f_dead 1
                           2400 ;	genCall
   0869 CDr00s00      [17] 2401 	call	___fail
   086C C1            [10] 2402 	pop	bc
                           2403 ;	genLabel
   086D                    2404 00121$:
                           2405 ;cases/./../tests/gcc-torture-execute-20020506-1.c:206: if (set) ASSERT (0);
                           2406 ;	genPlus
                           2407 ;	genMove_o size 2 result type 2 source type 10 a_dead 1 hl_dead 1 de_dead 1 iy_dead 1 f_dead 1
   086D 2Ar00s00      [16] 2408 	ld	hl, (___numTests)
   0870 23            [ 6] 2409 	inc	hl
                           2410 ;	genMove_o size 2 result type 6 source type 2 a_dead 1 hl_dead 1 de_dead 1 iy_dead 1 f_dead 1
   0871 E3            [19] 2411 	ex	(sp), hl
                           2412 ;	genMove_o size 0 result type 6 source type 1 a_dead 1 hl_dead 1 de_dead 1 iy_dead 1 f_dead 1
                           2413 ;cases/./../tests/gcc-torture-execute-20020506-1.c:225: if ((i & (INT_MAX+1U)) != (INT_MAX+1U))
                           2414 ;	genAssign
                           2415 ;	genMove_o size 1 result type 6 source type 2 a_dead 1 hl_dead 1 de_dead 1 iy_dead 1 f_dead 1
   0872 DD 71 FD      [19] 2416 	ld	-3 (ix), c
                           2417 ;	genMove_o size 0 result type 6 source type 1 a_dead 1 hl_dead 1 de_dead 1 iy_dead 1 f_dead 1
                           2418 ;	genIfx
   0875 DD CB FD 46   [20] 2419 	bit	0, -3 (ix)
                           2420 ; common peephole 163 changed absolute to relative conditional jump.
   0879 20 20         [12] 2421 	jr	nz, 00127$
                           2422 ;cases/./../tests/gcc-torture-execute-20020506-1.c:227: if (set) ASSERT (0);
                           2423 ;	genIfx
   087B DD 7E FF      [19] 2424 	ld	a, -1 (ix)
   087E DD B6 FE      [19] 2425 	or	a, -2 (ix)
                           2426 ; common peephole 163 changed absolute to relative conditional jump.
   0881 28 36         [12] 2427 	jr	z, 00129$
                           2428 ;	genAssign
                           2429 ;fetchPairLong
   0883 E1            [10] 2430 	pop	hl
   0884 E5            [11] 2431 	push	hl
                           2432 ;	genMove_o size 2 result type 10 source type 2 a_dead 1 hl_dead 1 de_dead 1 iy_dead 1 f_dead 1
   0885 22r00s00      [16] 2433 	ld	(___numTests), hl
                           2434 ;	skipping iCode since result will be rematerialized
                           2435 ;	skipping iCode since result will be rematerialized
                           2436 ;	skipping iCode since result will be rematerialized
                           2437 ;	skipping iCode since result will be rematerialized
                           2438 ;	skipping iCode since result will be rematerialized
                           2439 ;	skipping iCode since result will be rematerialized
                           2440 ;	genIpush
                           2441 ;	genMove_o size 2 result type 2 source type 1 a_dead 1 hl_dead 1 de_dead 1 iy_dead 1 f_dead 1
   0888 21 E3 00      [10] 2442 	ld	hl, #0x00e3
   088B E5            [11] 2443 	push	hl
                           2444 ;	genIpush
                           2445 ;	genMove_o size 2 result type 2 source type 7 a_dead 1 hl_dead 1 de_dead 1 iy_dead 1 f_dead 1
   088C 21rD1s08      [10] 2446 	ld	hl, #__str_17
   088F E5            [11] 2447 	push	hl
                           2448 ;	genSend
                           2449 ;	genMove_o size 2 result type 2 source type 7 a_dead 1 hl_dead 1 de_dead 1 iy_dead 1 f_dead 1
   0890 11rCFs08      [10] 2450 	ld	de, #__str_16
                           2451 ;	genSend
                           2452 ;	genMove_o size 2 result type 2 source type 7 a_dead 1 hl_dead 1 de_dead 0 iy_dead 1 f_dead 1
   0893 21rBEs08      [10] 2453 	ld	hl, #__str_15
                           2454 ;	genCall
   0896 CDr00s00      [17] 2455 	call	___fail
                           2456 ;	genGoto
                           2457 ; common peephole 162 changed absolute to relative unconditional jump.
   0899 18 1E         [12] 2458 	jr	00129$
                           2459 ;	genLabel
   089B                    2460 00127$:
                           2461 ;cases/./../tests/gcc-torture-execute-20020506-1.c:230: if (!set) ASSERT (0);
                           2462 ;	genIfx
   089B DD 7E FF      [19] 2463 	ld	a, -1 (ix)
   089E DD B6 FE      [19] 2464 	or	a, -2 (ix)
                           2465 ; common peephole 163 changed absolute to relative conditional jump.
   08A1 20 16         [12] 2466 	jr	nz, 00129$
                           2467 ;	genAssign
                           2468 ;fetchPairLong
   08A3 E1            [10] 2469 	pop	hl
   08A4 E5            [11] 2470 	push	hl
                           2471 ;	genMove_o size 2 result type 10 source type 2 a_dead 1 hl_dead 1 de_dead 1 iy_dead 1 f_dead 1
   08A5 22r00s00      [16] 2472 	ld	(___numTests), hl
                           2473 ;	skipping iCode since result will be rematerialized
                           2474 ;	skipping iCode since result will be rematerialized
                           2475 ;	skipping iCode since result will be rematerialized
                           2476 ;	skipping iCode since result will be rematerialized
                           2477 ;	skipping iCode since result will be rematerialized
                           2478 ;	skipping iCode since result will be rematerialized
                           2479 ;	genIpush
                           2480 ;	genMove_o size 2 result type 2 source type 1 a_dead 1 hl_dead 1 de_dead 1 iy_dead 1 f_dead 1
   08A8 21 E6 00      [10] 2481 	ld	hl, #0x00e6
   08AB E5            [11] 2482 	push	hl
                           2483 ;	genIpush
                           2484 ;	genMove_o size 2 result type 2 source type 7 a_dead 1 hl_dead 1 de_dead 1 iy_dead 1 f_dead 1
   08AC 21rD1s08      [10] 2485 	ld	hl, #__str_17
   08AF E5            [11] 2486 	push	hl
                           2487 ;	genSend
                           2488 ;	genMove_o size 2 result type 2 source type 7 a_dead 1 hl_dead 1 de_dead 1 iy_dead 1 f_dead 1
   08B0 11rCFs08      [10] 2489 	ld	de, #__str_16
                           2490 ;	genSend
                           2491 ;	genMove_o size 2 result type 2 source type 7 a_dead 1 hl_dead 1 de_dead 0 iy_dead 1 f_dead 1
   08B3 21rBEs08      [10] 2492 	ld	hl, #__str_15
                           2493 ;	genCall
   08B6 CDr00s00      [17] 2494 	call	___fail
                           2495 ;	genLabel
   08B9                    2496 00129$:
                           2497 ;cases/./../tests/gcc-torture-execute-20020506-1.c:231: }
                           2498 ;	genEndFunction
   08B9 DD F9         [10] 2499 	ld	sp, ix
   08BB DD E1         [14] 2500 	pop	ix
   08BD C9            [10] 2501 	ret
                           2502 ;	Total fest6 function size at codegen: 5 bytes.
   08BE                    2503 __str_15:
   08BE 41 73 73 65 72 74  2504 	.ascii "Assertion failed"
        69 6F 6E 20 66 61
        69 6C 65 64
   08CE 00                 2505 	.db 0x00
   08CF                    2506 __str_16:
   08CF 30                 2507 	.ascii "0"
   08D0 00                 2508 	.db 0x00
   08D1                    2509 __str_17:
   08D1 63 61 73 65 73 2F  2510 	.ascii "cases/./../tests/gcc-torture-execute-20020506-1.c"
        2E 2F 2E 2E 2F 74
        65 73 74 73 2F 67
        63 63 2D 74 6F 72
        74 75 72 65 2D 65
        78 65 63 75 74 65
        2D 32 30 30 32 30
        35 30 36 2D 31 2E
        63
   0902 00                 2511 	.db 0x00
                           2512 ;cases/./../tests/gcc-torture-execute-20020506-1.c:234: fest7 (long long l, int set)
                           2513 ;	genLabel
                           2514 ;	genFunction
                           2515 ;	---------------------------------
                           2516 ; Function fest7
                           2517 ; ---------------------------------
                           2518 ;	Register assignment might be sub-optimal.
                           2519 ; Stack space usage: 8 bytes.
   0903                    2520 _fest7::
   0903 DD E5         [15] 2521 	push	ix
   0905 DD 21 00 00   [14] 2522 	ld	ix,	#0
   0909 DD 39         [15] 2523 	add	ix, sp
                           2524 ;	adjustStack by -8
   090B 21 F8 FF      [10] 2525 	ld	hl, #-8
   090E 39            [11] 2526 	add	hl, sp
   090F F9            [ 6] 2527 	ld	sp, hl
                           2528 ;cases/./../tests/gcc-torture-execute-20020506-1.c:236: if ((l & (LONG_LONG_MAX+1ULL)) == 0)
                           2529 ;	genAnd
                           2530 ;	genMove_o size 7 result type 6 source type 1 a_dead 1 hl_dead 1 de_dead 1 iy_dead 1 f_dead 1
   0910 AF            [ 4] 2531 	xor	a, a
   0911 DD 77 F8      [19] 2532 	ld	-8 (ix), a
   0914 DD 77 F9      [19] 2533 	ld	-7 (ix), a
   0917 DD 77 FA      [19] 2534 	ld	-6 (ix), a
   091A DD 77 FB      [19] 2535 	ld	-5 (ix), a
   091D DD 77 FC      [19] 2536 	ld	-4 (ix), a
   0920 DD 77 FD      [19] 2537 	ld	-3 (ix), a
   0923 DD 77 FE      [19] 2538 	ld	-2 (ix), a
   0926 DD 7E 0B      [19] 2539 	ld	a, 11 (ix)
   0929 E6 80         [ 7] 2540 	and	a, #0x80
                           2541 ;	genMove_o size 1 result type 6 source type 2 a_dead 1 hl_dead 1 de_dead 1 iy_dead 1 f_dead 1
   092B DD 77 FF      [19] 2542 	ld	-1 (ix), a
                           2543 ;	genMove_o size 0 result type 6 source type 1 a_dead 1 hl_dead 1 de_dead 1 iy_dead 1 f_dead 1
                           2544 ;cases/./../tests/gcc-torture-execute-20020506-1.c:238: if (set) ASSERT (0);
                           2545 ;	genPlus
                           2546 ;	genMove_o size 2 result type 2 source type 10 a_dead 1 hl_dead 1 de_dead 1 iy_dead 1 f_dead 1
   092E ED 4Br00s00   [20] 2547 	ld	bc, (___numTests)
   0932 03            [ 6] 2548 	inc	bc
                           2549 ;cases/./../tests/gcc-torture-execute-20020506-1.c:236: if ((l & (LONG_LONG_MAX+1ULL)) == 0)
                           2550 ;	genIfx
   0933 DD 7E FF      [19] 2551 	ld	a, -1 (ix)
   0936 DD B6 FE      [19] 2552 	or	a, -2 (ix)
   0939 DD B6 FD      [19] 2553 	or	a, -3 (ix)
   093C DD B6 FC      [19] 2554 	or	a, -4 (ix)
   093F DD B6 FB      [19] 2555 	or	a, -5 (ix)
   0942 DD B6 FA      [19] 2556 	or	a, -6 (ix)
   0945 DD B6 F9      [19] 2557 	or	a, -7 (ix)
   0948 DD B6 F8      [19] 2558 	or	a, -8 (ix)
                           2559 ; common peephole 163 changed absolute to relative conditional jump.
   094B 20 1F         [12] 2560 	jr	nz, 00106$
                           2561 ;cases/./../tests/gcc-torture-execute-20020506-1.c:238: if (set) ASSERT (0);
                           2562 ;	genIfx
   094D DD 7E 0D      [19] 2563 	ld	a, 13 (ix)
   0950 DD B6 0C      [19] 2564 	or	a, 12 (ix)
                           2565 ; common peephole 163 changed absolute to relative conditional jump.
   0953 28 34         [12] 2566 	jr	z, 00107$
                           2567 ;	genAssign
                           2568 ;	genMove_o size 2 result type 10 source type 2 a_dead 1 hl_dead 1 de_dead 1 iy_dead 1 f_dead 1
   0955 ED 43r00s00   [20] 2569 	ld	(___numTests), bc
                           2570 ;	skipping iCode since result will be rematerialized
                           2571 ;	skipping iCode since result will be rematerialized
                           2572 ;	skipping iCode since result will be rematerialized
                           2573 ;	skipping iCode since result will be rematerialized
                           2574 ;	skipping iCode since result will be rematerialized
                           2575 ;	skipping iCode since result will be rematerialized
                           2576 ;	genIpush
                           2577 ;	genMove_o size 2 result type 2 source type 1 a_dead 1 hl_dead 1 de_dead 1 iy_dead 1 f_dead 1
   0959 21 EE 00      [10] 2578 	ld	hl, #0x00ee
   095C E5            [11] 2579 	push	hl
                           2580 ;	genIpush
                           2581 ;	genMove_o size 2 result type 2 source type 7 a_dead 1 hl_dead 1 de_dead 1 iy_dead 1 f_dead 1
   095D 21rA9s0A      [10] 2582 	ld	hl, #__str_20
   0960 E5            [11] 2583 	push	hl
                           2584 ;	genSend
                           2585 ;	genMove_o size 2 result type 2 source type 7 a_dead 1 hl_dead 1 de_dead 1 iy_dead 1 f_dead 1
   0961 11rA7s0A      [10] 2586 	ld	de, #__str_19
                           2587 ;	genSend
                           2588 ;	genMove_o size 2 result type 2 source type 7 a_dead 1 hl_dead 1 de_dead 0 iy_dead 1 f_dead 1
   0964 21r96s0A      [10] 2589 	ld	hl, #__str_18
                           2590 ;	genCall
   0967 CDr00s00      [17] 2591 	call	___fail
                           2592 ;	genGoto
                           2593 ; common peephole 162 changed absolute to relative unconditional jump.
   096A 18 1D         [12] 2594 	jr	00107$
                           2595 ;	genLabel
   096C                    2596 00106$:
                           2597 ;cases/./../tests/gcc-torture-execute-20020506-1.c:241: if (!set) ASSERT (0);
                           2598 ;	genIfx
   096C DD 7E 0D      [19] 2599 	ld	a, 13 (ix)
   096F DD B6 0C      [19] 2600 	or	a, 12 (ix)
                           2601 ; common peephole 163 changed absolute to relative conditional jump.
   0972 20 15         [12] 2602 	jr	nz, 00107$
                           2603 ;	genAssign
                           2604 ;	genMove_o size 2 result type 10 source type 2 a_dead 1 hl_dead 1 de_dead 1 iy_dead 1 f_dead 1
   0974 ED 43r00s00   [20] 2605 	ld	(___numTests), bc
                           2606 ;	skipping iCode since result will be rematerialized
                           2607 ;	skipping iCode since result will be rematerialized
                           2608 ;	skipping iCode since result will be rematerialized
                           2609 ;	skipping iCode since result will be rematerialized
                           2610 ;	skipping iCode since result will be rematerialized
                           2611 ;	skipping iCode since result will be rematerialized
                           2612 ;	genIpush
                           2613 ;	genMove_o size 2 result type 2 source type 1 a_dead 1 hl_dead 1 de_dead 1 iy_dead 1 f_dead 1
   0978 21 F1 00      [10] 2614 	ld	hl, #0x00f1
   097B E5            [11] 2615 	push	hl
                           2616 ;	genIpush
                           2617 ;	genMove_o size 2 result type 2 source type 7 a_dead 1 hl_dead 1 de_dead 1 iy_dead 1 f_dead 1
   097C 21rA9s0A      [10] 2618 	ld	hl, #__str_20
   097F E5            [11] 2619 	push	hl
                           2620 ;	genSend
                           2621 ;	genMove_o size 2 result type 2 source type 7 a_dead 1 hl_dead 1 de_dead 1 iy_dead 1 f_dead 1
   0980 11rA7s0A      [10] 2622 	ld	de, #__str_19
                           2623 ;	genSend
                           2624 ;	genMove_o size 2 result type 2 source type 7 a_dead 1 hl_dead 1 de_dead 0 iy_dead 1 f_dead 1
   0983 21r96s0A      [10] 2625 	ld	hl, #__str_18
                           2626 ;	genCall
   0986 CDr00s00      [17] 2627 	call	___fail
                           2628 ;	genLabel
   0989                    2629 00107$:
                           2630 ;cases/./../tests/gcc-torture-execute-20020506-1.c:238: if (set) ASSERT (0);
                           2631 ;	genPlus
                           2632 ;	genMove_o size 2 result type 2 source type 10 a_dead 1 hl_dead 1 de_dead 1 iy_dead 1 f_dead 1
   0989 2Ar00s00      [16] 2633 	ld	hl, (___numTests)
   098C 23            [ 6] 2634 	inc	hl
                           2635 ;cases/./../tests/gcc-torture-execute-20020506-1.c:243: if ((l & (LONG_LONG_MAX+1ULL)) != 0)
                           2636 ;	genIfx
   098D DD 7E FF      [19] 2637 	ld	a, -1 (ix)
   0990 DD B6 FE      [19] 2638 	or	a, -2 (ix)
   0993 DD B6 FD      [19] 2639 	or	a, -3 (ix)
   0996 DD B6 FC      [19] 2640 	or	a, -4 (ix)
   0999 DD B6 FB      [19] 2641 	or	a, -5 (ix)
   099C DD B6 FA      [19] 2642 	or	a, -6 (ix)
   099F DD B6 F9      [19] 2643 	or	a, -7 (ix)
   09A2 DD B6 F8      [19] 2644 	or	a, -8 (ix)
                           2645 ; common peephole 163 changed absolute to relative conditional jump.
   09A5 28 1E         [12] 2646 	jr	z, 00113$
                           2647 ;cases/./../tests/gcc-torture-execute-20020506-1.c:245: if (!set) ASSERT (0);
                           2648 ;	genIfx
   09A7 DD 7E 0D      [19] 2649 	ld	a, 13 (ix)
   09AA DD B6 0C      [19] 2650 	or	a, 12 (ix)
                           2651 ; common peephole 163 changed absolute to relative conditional jump.
   09AD 20 32         [12] 2652 	jr	nz, 00114$
                           2653 ;	genAssign
                           2654 ;	genMove_o size 2 result type 10 source type 2 a_dead 1 hl_dead 1 de_dead 1 iy_dead 1 f_dead 1
   09AF 22r00s00      [16] 2655 	ld	(___numTests), hl
                           2656 ;	skipping iCode since result will be rematerialized
                           2657 ;	skipping iCode since result will be rematerialized
                           2658 ;	skipping iCode since result will be rematerialized
                           2659 ;	skipping iCode since result will be rematerialized
                           2660 ;	skipping iCode since result will be rematerialized
                           2661 ;	skipping iCode since result will be rematerialized
                           2662 ;	genIpush
                           2663 ;	genMove_o size 2 result type 2 source type 1 a_dead 1 hl_dead 1 de_dead 1 iy_dead 1 f_dead 1
   09B2 21 F5 00      [10] 2664 	ld	hl, #0x00f5
   09B5 E5            [11] 2665 	push	hl
                           2666 ;	genIpush
                           2667 ;	genMove_o size 2 result type 2 source type 7 a_dead 1 hl_dead 1 de_dead 1 iy_dead 1 f_dead 1
   09B6 21rA9s0A      [10] 2668 	ld	hl, #__str_20
   09B9 E5            [11] 2669 	push	hl
                           2670 ;	genSend
                           2671 ;	genMove_o size 2 result type 2 source type 7 a_dead 1 hl_dead 1 de_dead 1 iy_dead 1 f_dead 1
   09BA 11rA7s0A      [10] 2672 	ld	de, #__str_19
                           2673 ;	genSend
                           2674 ;	genMove_o size 2 result type 2 source type 7 a_dead 1 hl_dead 1 de_dead 0 iy_dead 1 f_dead 1
   09BD 21r96s0A      [10] 2675 	ld	hl, #__str_18
                           2676 ;	genCall
   09C0 CDr00s00      [17] 2677 	call	___fail
                           2678 ;	genGoto
                           2679 ; common peephole 162 changed absolute to relative unconditional jump.
   09C3 18 1C         [12] 2680 	jr	00114$
                           2681 ;	genLabel
   09C5                    2682 00113$:
                           2683 ;cases/./../tests/gcc-torture-execute-20020506-1.c:248: if (set) ASSERT (0);
                           2684 ;	genIfx
   09C5 DD 7E 0D      [19] 2685 	ld	a, 13 (ix)
   09C8 DD B6 0C      [19] 2686 	or	a, 12 (ix)
                           2687 ; common peephole 163 changed absolute to relative conditional jump.
   09CB 28 14         [12] 2688 	jr	z, 00114$
                           2689 ;	genAssign
                           2690 ;	genMove_o size 2 result type 10 source type 2 a_dead 1 hl_dead 1 de_dead 1 iy_dead 1 f_dead 1
   09CD 22r00s00      [16] 2691 	ld	(___numTests), hl
                           2692 ;	skipping iCode since result will be rematerialized
                           2693 ;	skipping iCode since result will be rematerialized
                           2694 ;	skipping iCode since result will be rematerialized
                           2695 ;	skipping iCode since result will be rematerialized
                           2696 ;	skipping iCode since result will be rematerialized
                           2697 ;	skipping iCode since result will be rematerialized
                           2698 ;	genIpush
                           2699 ;	genMove_o size 2 result type 2 source type 1 a_dead 1 hl_dead 1 de_dead 1 iy_dead 1 f_dead 1
   09D0 21 F8 00      [10] 2700 	ld	hl, #0x00f8
   09D3 E5            [11] 2701 	push	hl
                           2702 ;	genIpush
                           2703 ;	genMove_o size 2 result type 2 source type 7 a_dead 1 hl_dead 1 de_dead 1 iy_dead 1 f_dead 1
   09D4 21rA9s0A      [10] 2704 	ld	hl, #__str_20
   09D7 E5            [11] 2705 	push	hl
                           2706 ;	genSend
                           2707 ;	genMove_o size 2 result type 2 source type 7 a_dead 1 hl_dead 1 de_dead 1 iy_dead 1 f_dead 1
   09D8 11rA7s0A      [10] 2708 	ld	de, #__str_19
                           2709 ;	genSend
                           2710 ;	genMove_o size 2 result type 2 source type 7 a_dead 1 hl_dead 1 de_dead 0 iy_dead 1 f_dead 1
   09DB 21r96s0A      [10] 2711 	ld	hl, #__str_18
                           2712 ;	genCall
   09DE CDr00s00      [17] 2713 	call	___fail
                           2714 ;	genLabel
   09E1                    2715 00114$:
                           2716 ;cases/./../tests/gcc-torture-execute-20020506-1.c:250: if ((l & (LONG_LONG_MAX+1ULL)) == (LONG_LONG_MAX+1ULL))
                           2717 ;	genCast
                           2718 ;	(locations are the same)
                           2719 ;cases/./../tests/gcc-torture-execute-20020506-1.c:238: if (set) ASSERT (0);
                           2720 ;	genPlus
                           2721 ;	genMove_o size 2 result type 2 source type 10 a_dead 1 hl_dead 1 de_dead 1 iy_dead 1 f_dead 1
   09E1 2Ar00s00      [16] 2722 	ld	hl, (___numTests)
   09E4 23            [ 6] 2723 	inc	hl
                           2724 ;cases/./../tests/gcc-torture-execute-20020506-1.c:250: if ((l & (LONG_LONG_MAX+1ULL)) == (LONG_LONG_MAX+1ULL))
                           2725 ;	genCmpEq
   09E5 DD 7E F8      [19] 2726 	ld	a, -8 (ix)
   09E8 B7            [ 4] 2727 	or	a, a
   09E9 DD B6 F9      [19] 2728 	or	a, -7 (ix)
   09EC DD B6 FA      [19] 2729 	or	a, -6 (ix)
   09EF DD B6 FB      [19] 2730 	or	a, -5 (ix)
   09F2 DD B6 FC      [19] 2731 	or	a, -4 (ix)
   09F5 DD B6 FD      [19] 2732 	or	a, -3 (ix)
   09F8 DD B6 FE      [19] 2733 	or	a, -2 (ix)
                           2734 ; common peephole 163 changed absolute to relative conditional jump.
   09FB 20 09         [12] 2735 	jr	nz, 00227$
                           2736 ;	genMove_o size 1 result type 2 source type 6 a_dead 1 hl_dead 0 de_dead 0 iy_dead 0 f_dead 1
   09FD DD 7E FF      [19] 2737 	ld	a, -1 (ix)
                           2738 ;	genMove_o size 0 result type 2 source type 1 a_dead 1 hl_dead 0 de_dead 0 iy_dead 0 f_dead 1
   0A00 D6 80         [ 7] 2739 	sub	a, #0x80
   0A02 3E 01         [ 7] 2740 	ld	a, #0x01
                           2741 ; common peephole 163 changed absolute to relative conditional jump.
   0A04 28 01         [12] 2742 	jr	z, 00228$
                           2743 ; common peephole 169xnz used double assignment in case of nz condition.
   0A06                    2744 00227$:
   0A06 AF            [ 4] 2745 	xor	a, a
   0A07                    2746 00228$:
                           2747 ;	genMove_o size 1 result type 2 source type 2 a_dead 1 hl_dead 0 de_dead 1 iy_dead 1 f_dead 1
                           2748 ;	genMove_o size 0 result type 2 source type 1 a_dead 1 hl_dead 0 de_dead 1 iy_dead 1 f_dead 1
                           2749 ;	genIfx
   0A07 4F            [ 4] 2750 	ld	c, a
                           2751 ; common peephole 98 removed redundant load from c into a.
   0A08 B7            [ 4] 2752 	or	a, a
                           2753 ; common peephole 163 changed absolute to relative conditional jump.
   0A09 28 20         [12] 2754 	jr	z, 00118$
                           2755 ;cases/./../tests/gcc-torture-execute-20020506-1.c:252: ASSERT (set);
                           2756 ;	genAssign
                           2757 ;	genMove_o size 2 result type 10 source type 2 a_dead 1 hl_dead 1 de_dead 1 iy_dead 1 f_dead 1
   0A0B 22r00s00      [16] 2758 	ld	(___numTests), hl
                           2759 ;	genIfx
   0A0E DD 7E 0D      [19] 2760 	ld	a, 13 (ix)
   0A11 DD B6 0C      [19] 2761 	or	a, 12 (ix)
                           2762 ; common peephole 163 changed absolute to relative conditional jump.
   0A14 20 33         [12] 2763 	jr	nz, 00119$
                           2764 ;	skipping iCode since result will be rematerialized
                           2765 ;	skipping iCode since result will be rematerialized
                           2766 ;	skipping iCode since result will be rematerialized
                           2767 ;	skipping iCode since result will be rematerialized
                           2768 ;	skipping iCode since result will be rematerialized
                           2769 ;	skipping iCode since result will be rematerialized
                           2770 ;	genIpush
   0A16 C5            [11] 2771 	push	bc
                           2772 ;	genMove_o size 2 result type 2 source type 1 a_dead 1 hl_dead 1 de_dead 1 iy_dead 1 f_dead 1
   0A17 21 FC 00      [10] 2773 	ld	hl, #0x00fc
   0A1A E5            [11] 2774 	push	hl
                           2775 ;	genIpush
                           2776 ;	genMove_o size 2 result type 2 source type 7 a_dead 1 hl_dead 1 de_dead 1 iy_dead 1 f_dead 1
   0A1B 21rA9s0A      [10] 2777 	ld	hl, #__str_20
   0A1E E5            [11] 2778 	push	hl
                           2779 ;	genSend
                           2780 ;	genMove_o size 2 result type 2 source type 7 a_dead 1 hl_dead 1 de_dead 1 iy_dead 1 f_dead 1
   0A1F 11rDBs0A      [10] 2781 	ld	de, #___str_21
                           2782 ;	genSend
                           2783 ;	genMove_o size 2 result type 2 source type 7 a_dead 1 hl_dead 1 de_dead 0 iy_dead 1 f_dead 1
   0A22 21r96s0A      [10] 2784 	ld	hl, #__str_18
                           2785 ;	genCall
   0A25 CDr00s00      [17] 2786 	call	___fail
   0A28 C1            [10] 2787 	pop	bc
                           2788 ;	genGoto
                           2789 ; common peephole 162 changed absolute to relative unconditional jump.
   0A29 18 1E         [12] 2790 	jr	00119$
                           2791 ;	genLabel
   0A2B                    2792 00118$:
                           2793 ;cases/./../tests/gcc-torture-execute-20020506-1.c:255: if (set) ASSERT (0);
                           2794 ;	genIfx
   0A2B DD 7E 0D      [19] 2795 	ld	a, 13 (ix)
   0A2E DD B6 0C      [19] 2796 	or	a, 12 (ix)
                           2797 ; common peephole 163 changed absolute to relative conditional jump.
   0A31 28 16         [12] 2798 	jr	z, 00119$
                           2799 ;	genAssign
                           2800 ;	genMove_o size 2 result type 10 source type 2 a_dead 1 hl_dead 1 de_dead 1 iy_dead 1 f_dead 1
   0A33 22r00s00      [16] 2801 	ld	(___numTests), hl
                           2802 ;	skipping iCode since result will be rematerialized
                           2803 ;	skipping iCode since result will be rematerialized
                           2804 ;	skipping iCode since result will be rematerialized
                           2805 ;	skipping iCode since result will be rematerialized
                           2806 ;	skipping iCode since result will be rematerialized
                           2807 ;	skipping iCode since result will be rematerialized
                           2808 ;	genIpush
   0A36 C5            [11] 2809 	push	bc
                           2810 ;	genMove_o size 2 result type 2 source type 1 a_dead 1 hl_dead 1 de_dead 1 iy_dead 1 f_dead 1
   0A37 21 FF 00      [10] 2811 	ld	hl, #0x00ff
   0A3A E5            [11] 2812 	push	hl
                           2813 ;	genIpush
                           2814 ;	genMove_o size 2 result type 2 source type 7 a_dead 1 hl_dead 1 de_dead 1 iy_dead 1 f_dead 1
   0A3B 21rA9s0A      [10] 2815 	ld	hl, #__str_20
   0A3E E5            [11] 2816 	push	hl
                           2817 ;	genSend
                           2818 ;	genMove_o size 2 result type 2 source type 7 a_dead 1 hl_dead 1 de_dead 1 iy_dead 1 f_dead 1
   0A3F 11rA7s0A      [10] 2819 	ld	de, #__str_19
                           2820 ;	genSend
                           2821 ;	genMove_o size 2 result type 2 source type 7 a_dead 1 hl_dead 1 de_dead 0 iy_dead 1 f_dead 1
   0A42 21r96s0A      [10] 2822 	ld	hl, #__str_18
                           2823 ;	genCall
   0A45 CDr00s00      [17] 2824 	call	___fail
   0A48 C1            [10] 2825 	pop	bc
                           2826 ;	genLabel
   0A49                    2827 00119$:
                           2828 ;cases/./../tests/gcc-torture-execute-20020506-1.c:238: if (set) ASSERT (0);
                           2829 ;	genPlus
                           2830 ;	genMove_o size 2 result type 2 source type 10 a_dead 1 hl_dead 1 de_dead 1 iy_dead 1 f_dead 1
   0A49 2Ar00s00      [16] 2831 	ld	hl, (___numTests)
   0A4C 23            [ 6] 2832 	inc	hl
                           2833 ;cases/./../tests/gcc-torture-execute-20020506-1.c:257: if ((l & (LONG_LONG_MAX+1ULL)) != (LONG_LONG_MAX+1ULL))
                           2834 ;	genAssign
                           2835 ;	(locations are the same)
                           2836 ;	genIfx
   0A4D CB 41         [ 8] 2837 	bit	0, c
                           2838 ; common peephole 163 changed absolute to relative conditional jump.
   0A4F 20 1E         [12] 2839 	jr	nz, 00123$
                           2840 ;cases/./../tests/gcc-torture-execute-20020506-1.c:259: if (set) ASSERT (0);
                           2841 ;	genIfx
   0A51 DD 7E 0D      [19] 2842 	ld	a, 13 (ix)
   0A54 DD B6 0C      [19] 2843 	or	a, 12 (ix)
                           2844 ; common peephole 163 changed absolute to relative conditional jump.
   0A57 28 32         [12] 2845 	jr	z, 00125$
                           2846 ;	genAssign
                           2847 ;	genMove_o size 2 result type 10 source type 2 a_dead 1 hl_dead 1 de_dead 1 iy_dead 1 f_dead 1
   0A59 22r00s00      [16] 2848 	ld	(___numTests), hl
                           2849 ;	skipping iCode since result will be rematerialized
                           2850 ;	skipping iCode since result will be rematerialized
                           2851 ;	skipping iCode since result will be rematerialized
                           2852 ;	skipping iCode since result will be rematerialized
                           2853 ;	skipping iCode since result will be rematerialized
                           2854 ;	skipping iCode since result will be rematerialized
                           2855 ;	genIpush
                           2856 ;	genMove_o size 2 result type 2 source type 1 a_dead 1 hl_dead 1 de_dead 1 iy_dead 1 f_dead 1
   0A5C 21 03 01      [10] 2857 	ld	hl, #0x0103
   0A5F E5            [11] 2858 	push	hl
                           2859 ;	genIpush
                           2860 ;	genMove_o size 2 result type 2 source type 7 a_dead 1 hl_dead 1 de_dead 1 iy_dead 1 f_dead 1
   0A60 21rA9s0A      [10] 2861 	ld	hl, #__str_20
   0A63 E5            [11] 2862 	push	hl
                           2863 ;	genSend
                           2864 ;	genMove_o size 2 result type 2 source type 7 a_dead 1 hl_dead 1 de_dead 1 iy_dead 1 f_dead 1
   0A64 11rA7s0A      [10] 2865 	ld	de, #__str_19
                           2866 ;	genSend
                           2867 ;	genMove_o size 2 result type 2 source type 7 a_dead 1 hl_dead 1 de_dead 0 iy_dead 1 f_dead 1
   0A67 21r96s0A      [10] 2868 	ld	hl, #__str_18
                           2869 ;	genCall
   0A6A CDr00s00      [17] 2870 	call	___fail
                           2871 ;	genGoto
                           2872 ; common peephole 162 changed absolute to relative unconditional jump.
   0A6D 18 1C         [12] 2873 	jr	00125$
                           2874 ;	genLabel
   0A6F                    2875 00123$:
                           2876 ;cases/./../tests/gcc-torture-execute-20020506-1.c:262: ASSERT (set);
                           2877 ;	genAssign
                           2878 ;	genMove_o size 2 result type 10 source type 2 a_dead 1 hl_dead 1 de_dead 1 iy_dead 1 f_dead 1
   0A6F 22r00s00      [16] 2879 	ld	(___numTests), hl
                           2880 ;	genIfx
   0A72 DD 7E 0D      [19] 2881 	ld	a, 13 (ix)
   0A75 DD B6 0C      [19] 2882 	or	a, 12 (ix)
                           2883 ; common peephole 163 changed absolute to relative conditional jump.
   0A78 20 11         [12] 2884 	jr	nz, 00125$
                           2885 ;	skipping iCode since result will be rematerialized
                           2886 ;	skipping iCode since result will be rematerialized
                           2887 ;	skipping iCode since result will be rematerialized
                           2888 ;	skipping iCode since result will be rematerialized
                           2889 ;	skipping iCode since result will be rematerialized
                           2890 ;	skipping iCode since result will be rematerialized
                           2891 ;	genIpush
                           2892 ;	genMove_o size 2 result type 2 source type 1 a_dead 1 hl_dead 1 de_dead 1 iy_dead 1 f_dead 1
   0A7A 21 06 01      [10] 2893 	ld	hl, #0x0106
   0A7D E5            [11] 2894 	push	hl
                           2895 ;	genIpush
                           2896 ;	genMove_o size 2 result type 2 source type 7 a_dead 1 hl_dead 1 de_dead 1 iy_dead 1 f_dead 1
   0A7E 21rA9s0A      [10] 2897 	ld	hl, #__str_20
   0A81 E5            [11] 2898 	push	hl
                           2899 ;	genSend
                           2900 ;	genMove_o size 2 result type 2 source type 7 a_dead 1 hl_dead 1 de_dead 1 iy_dead 1 f_dead 1
   0A82 11rDBs0A      [10] 2901 	ld	de, #___str_21
                           2902 ;	genSend
                           2903 ;	genMove_o size 2 result type 2 source type 7 a_dead 1 hl_dead 1 de_dead 0 iy_dead 1 f_dead 1
   0A85 21r96s0A      [10] 2904 	ld	hl, #__str_18
                           2905 ;	genCall
   0A88 CDr00s00      [17] 2906 	call	___fail
                           2907 ;	genLabel
   0A8B                    2908 00125$:
                           2909 ;cases/./../tests/gcc-torture-execute-20020506-1.c:263: }
                           2910 ;	genEndFunction
   0A8B DD F9         [10] 2911 	ld	sp, ix
   0A8D DD E1         [14] 2912 	pop	ix
   0A8F E1            [10] 2913 	pop	hl
                           2914 ;	adjustStack by 10
   0A90 F1            [10] 2915 	pop	af
   0A91 F1            [10] 2916 	pop	af
   0A92 F1            [10] 2917 	pop	af
   0A93 F1            [10] 2918 	pop	af
   0A94 F1            [10] 2919 	pop	af
   0A95 E9            [ 4] 2920 	jp	(hl)
                           2921 ;	Total fest7 function size at codegen: 11 bytes.
   0A96                    2922 __str_18:
   0A96 41 73 73 65 72 74  2923 	.ascii "Assertion failed"
        69 6F 6E 20 66 61
        69 6C 65 64
   0AA6 00                 2924 	.db 0x00
   0AA7                    2925 __str_19:
   0AA7 30                 2926 	.ascii "0"
   0AA8 00                 2927 	.db 0x00
   0AA9                    2928 __str_20:
   0AA9 63 61 73 65 73 2F  2929 	.ascii "cases/./../tests/gcc-torture-execute-20020506-1.c"
        2E 2F 2E 2E 2F 74
        65 73 74 73 2F 67
        63 63 2D 74 6F 72
        74 75 72 65 2D 65
        78 65 63 75 74 65
        2D 32 30 30 32 30
        35 30 36 2D 31 2E
        63
   0ADA 00                 2930 	.db 0x00
   0ADB                    2931 ___str_21:
   0ADB 73 65 74           2932 	.ascii "set"
   0ADE 00                 2933 	.db 0x00
                           2934 ;cases/./../tests/gcc-torture-execute-20020506-1.c:266: fest8 (unsigned long long l, int set)
                           2935 ;	genLabel
                           2936 ;	genFunction
                           2937 ;	---------------------------------
                           2938 ; Function fest8
                           2939 ; ---------------------------------
                           2940 ;	Register assignment might be sub-optimal.
                           2941 ; Stack space usage: 8 bytes.
   0ADF                    2942 _fest8::
   0ADF DD E5         [15] 2943 	push	ix
   0AE1 DD 21 00 00   [14] 2944 	ld	ix,	#0
   0AE5 DD 39         [15] 2945 	add	ix, sp
                           2946 ;	adjustStack by -8
   0AE7 21 F8 FF      [10] 2947 	ld	hl, #-8
   0AEA 39            [11] 2948 	add	hl, sp
   0AEB F9            [ 6] 2949 	ld	sp, hl
                           2950 ;cases/./../tests/gcc-torture-execute-20020506-1.c:268: if ((l & (LONG_LONG_MAX+1ULL)) == 0)
                           2951 ;	genAnd
                           2952 ;	genMove_o size 7 result type 6 source type 1 a_dead 1 hl_dead 1 de_dead 1 iy_dead 1 f_dead 1
   0AEC AF            [ 4] 2953 	xor	a, a
   0AED DD 77 F8      [19] 2954 	ld	-8 (ix), a
   0AF0 DD 77 F9      [19] 2955 	ld	-7 (ix), a
   0AF3 DD 77 FA      [19] 2956 	ld	-6 (ix), a
   0AF6 DD 77 FB      [19] 2957 	ld	-5 (ix), a
   0AF9 DD 77 FC      [19] 2958 	ld	-4 (ix), a
   0AFC DD 77 FD      [19] 2959 	ld	-3 (ix), a
   0AFF DD 77 FE      [19] 2960 	ld	-2 (ix), a
   0B02 DD 7E 0B      [19] 2961 	ld	a, 11 (ix)
   0B05 E6 80         [ 7] 2962 	and	a, #0x80
                           2963 ;	genMove_o size 1 result type 6 source type 2 a_dead 1 hl_dead 1 de_dead 1 iy_dead 1 f_dead 1
   0B07 DD 77 FF      [19] 2964 	ld	-1 (ix), a
                           2965 ;	genMove_o size 0 result type 6 source type 1 a_dead 1 hl_dead 1 de_dead 1 iy_dead 1 f_dead 1
                           2966 ;cases/./../tests/gcc-torture-execute-20020506-1.c:270: if (set) ASSERT (0);
                           2967 ;	genPlus
                           2968 ;	genMove_o size 2 result type 2 source type 10 a_dead 1 hl_dead 1 de_dead 1 iy_dead 1 f_dead 1
   0B0A ED 4Br00s00   [20] 2969 	ld	bc, (___numTests)
   0B0E 03            [ 6] 2970 	inc	bc
                           2971 ;cases/./../tests/gcc-torture-execute-20020506-1.c:268: if ((l & (LONG_LONG_MAX+1ULL)) == 0)
                           2972 ;	genIfx
   0B0F DD 7E FF      [19] 2973 	ld	a, -1 (ix)
   0B12 DD B6 FE      [19] 2974 	or	a, -2 (ix)
   0B15 DD B6 FD      [19] 2975 	or	a, -3 (ix)
   0B18 DD B6 FC      [19] 2976 	or	a, -4 (ix)
   0B1B DD B6 FB      [19] 2977 	or	a, -5 (ix)
   0B1E DD B6 FA      [19] 2978 	or	a, -6 (ix)
   0B21 DD B6 F9      [19] 2979 	or	a, -7 (ix)
   0B24 DD B6 F8      [19] 2980 	or	a, -8 (ix)
                           2981 ; common peephole 163 changed absolute to relative conditional jump.
   0B27 20 1F         [12] 2982 	jr	nz, 00106$
                           2983 ;cases/./../tests/gcc-torture-execute-20020506-1.c:270: if (set) ASSERT (0);
                           2984 ;	genIfx
   0B29 DD 7E 0D      [19] 2985 	ld	a, 13 (ix)
   0B2C DD B6 0C      [19] 2986 	or	a, 12 (ix)
                           2987 ; common peephole 163 changed absolute to relative conditional jump.
   0B2F 28 34         [12] 2988 	jr	z, 00107$
                           2989 ;	genAssign
                           2990 ;	genMove_o size 2 result type 10 source type 2 a_dead 1 hl_dead 1 de_dead 1 iy_dead 1 f_dead 1
   0B31 ED 43r00s00   [20] 2991 	ld	(___numTests), bc
                           2992 ;	skipping iCode since result will be rematerialized
                           2993 ;	skipping iCode since result will be rematerialized
                           2994 ;	skipping iCode since result will be rematerialized
                           2995 ;	skipping iCode since result will be rematerialized
                           2996 ;	skipping iCode since result will be rematerialized
                           2997 ;	skipping iCode since result will be rematerialized
                           2998 ;	genIpush
                           2999 ;	genMove_o size 2 result type 2 source type 1 a_dead 1 hl_dead 1 de_dead 1 iy_dead 1 f_dead 1
   0B35 21 0E 01      [10] 3000 	ld	hl, #0x010e
   0B38 E5            [11] 3001 	push	hl
                           3002 ;	genIpush
                           3003 ;	genMove_o size 2 result type 2 source type 7 a_dead 1 hl_dead 1 de_dead 1 iy_dead 1 f_dead 1
   0B39 21r85s0C      [10] 3004 	ld	hl, #__str_24
   0B3C E5            [11] 3005 	push	hl
                           3006 ;	genSend
                           3007 ;	genMove_o size 2 result type 2 source type 7 a_dead 1 hl_dead 1 de_dead 1 iy_dead 1 f_dead 1
   0B3D 11r83s0C      [10] 3008 	ld	de, #__str_23
                           3009 ;	genSend
                           3010 ;	genMove_o size 2 result type 2 source type 7 a_dead 1 hl_dead 1 de_dead 0 iy_dead 1 f_dead 1
   0B40 21r72s0C      [10] 3011 	ld	hl, #__str_22
                           3012 ;	genCall
   0B43 CDr00s00      [17] 3013 	call	___fail
                           3014 ;	genGoto
                           3015 ; common peephole 162 changed absolute to relative unconditional jump.
   0B46 18 1D         [12] 3016 	jr	00107$
                           3017 ;	genLabel
   0B48                    3018 00106$:
                           3019 ;cases/./../tests/gcc-torture-execute-20020506-1.c:273: if (!set) ASSERT (0);
                           3020 ;	genIfx
   0B48 DD 7E 0D      [19] 3021 	ld	a, 13 (ix)
   0B4B DD B6 0C      [19] 3022 	or	a, 12 (ix)
                           3023 ; common peephole 163 changed absolute to relative conditional jump.
   0B4E 20 15         [12] 3024 	jr	nz, 00107$
                           3025 ;	genAssign
                           3026 ;	genMove_o size 2 result type 10 source type 2 a_dead 1 hl_dead 1 de_dead 1 iy_dead 1 f_dead 1
   0B50 ED 43r00s00   [20] 3027 	ld	(___numTests), bc
                           3028 ;	skipping iCode since result will be rematerialized
                           3029 ;	skipping iCode since result will be rematerialized
                           3030 ;	skipping iCode since result will be rematerialized
                           3031 ;	skipping iCode since result will be rematerialized
                           3032 ;	skipping iCode since result will be rematerialized
                           3033 ;	skipping iCode since result will be rematerialized
                           3034 ;	genIpush
                           3035 ;	genMove_o size 2 result type 2 source type 1 a_dead 1 hl_dead 1 de_dead 1 iy_dead 1 f_dead 1
   0B54 21 11 01      [10] 3036 	ld	hl, #0x0111
   0B57 E5            [11] 3037 	push	hl
                           3038 ;	genIpush
                           3039 ;	genMove_o size 2 result type 2 source type 7 a_dead 1 hl_dead 1 de_dead 1 iy_dead 1 f_dead 1
   0B58 21r85s0C      [10] 3040 	ld	hl, #__str_24
   0B5B E5            [11] 3041 	push	hl
                           3042 ;	genSend
                           3043 ;	genMove_o size 2 result type 2 source type 7 a_dead 1 hl_dead 1 de_dead 1 iy_dead 1 f_dead 1
   0B5C 11r83s0C      [10] 3044 	ld	de, #__str_23
                           3045 ;	genSend
                           3046 ;	genMove_o size 2 result type 2 source type 7 a_dead 1 hl_dead 1 de_dead 0 iy_dead 1 f_dead 1
   0B5F 21r72s0C      [10] 3047 	ld	hl, #__str_22
                           3048 ;	genCall
   0B62 CDr00s00      [17] 3049 	call	___fail
                           3050 ;	genLabel
   0B65                    3051 00107$:
                           3052 ;cases/./../tests/gcc-torture-execute-20020506-1.c:270: if (set) ASSERT (0);
                           3053 ;	genPlus
                           3054 ;	genMove_o size 2 result type 2 source type 10 a_dead 1 hl_dead 1 de_dead 1 iy_dead 1 f_dead 1
   0B65 2Ar00s00      [16] 3055 	ld	hl, (___numTests)
   0B68 23            [ 6] 3056 	inc	hl
                           3057 ;cases/./../tests/gcc-torture-execute-20020506-1.c:275: if ((l & (LONG_LONG_MAX+1ULL)) != 0)
                           3058 ;	genIfx
   0B69 DD 7E FF      [19] 3059 	ld	a, -1 (ix)
   0B6C DD B6 FE      [19] 3060 	or	a, -2 (ix)
   0B6F DD B6 FD      [19] 3061 	or	a, -3 (ix)
   0B72 DD B6 FC      [19] 3062 	or	a, -4 (ix)
   0B75 DD B6 FB      [19] 3063 	or	a, -5 (ix)
   0B78 DD B6 FA      [19] 3064 	or	a, -6 (ix)
   0B7B DD B6 F9      [19] 3065 	or	a, -7 (ix)
   0B7E DD B6 F8      [19] 3066 	or	a, -8 (ix)
                           3067 ; common peephole 163 changed absolute to relative conditional jump.
   0B81 28 1E         [12] 3068 	jr	z, 00113$
                           3069 ;cases/./../tests/gcc-torture-execute-20020506-1.c:277: if (!set) ASSERT (0);
                           3070 ;	genIfx
   0B83 DD 7E 0D      [19] 3071 	ld	a, 13 (ix)
   0B86 DD B6 0C      [19] 3072 	or	a, 12 (ix)
                           3073 ; common peephole 163 changed absolute to relative conditional jump.
   0B89 20 32         [12] 3074 	jr	nz, 00114$
                           3075 ;	genAssign
                           3076 ;	genMove_o size 2 result type 10 source type 2 a_dead 1 hl_dead 1 de_dead 1 iy_dead 1 f_dead 1
   0B8B 22r00s00      [16] 3077 	ld	(___numTests), hl
                           3078 ;	skipping iCode since result will be rematerialized
                           3079 ;	skipping iCode since result will be rematerialized
                           3080 ;	skipping iCode since result will be rematerialized
                           3081 ;	skipping iCode since result will be rematerialized
                           3082 ;	skipping iCode since result will be rematerialized
                           3083 ;	skipping iCode since result will be rematerialized
                           3084 ;	genIpush
                           3085 ;	genMove_o size 2 result type 2 source type 1 a_dead 1 hl_dead 1 de_dead 1 iy_dead 1 f_dead 1
   0B8E 21 15 01      [10] 3086 	ld	hl, #0x0115
   0B91 E5            [11] 3087 	push	hl
                           3088 ;	genIpush
                           3089 ;	genMove_o size 2 result type 2 source type 7 a_dead 1 hl_dead 1 de_dead 1 iy_dead 1 f_dead 1
   0B92 21r85s0C      [10] 3090 	ld	hl, #__str_24
   0B95 E5            [11] 3091 	push	hl
                           3092 ;	genSend
                           3093 ;	genMove_o size 2 result type 2 source type 7 a_dead 1 hl_dead 1 de_dead 1 iy_dead 1 f_dead 1
   0B96 11r83s0C      [10] 3094 	ld	de, #__str_23
                           3095 ;	genSend
                           3096 ;	genMove_o size 2 result type 2 source type 7 a_dead 1 hl_dead 1 de_dead 0 iy_dead 1 f_dead 1
   0B99 21r72s0C      [10] 3097 	ld	hl, #__str_22
                           3098 ;	genCall
   0B9C CDr00s00      [17] 3099 	call	___fail
                           3100 ;	genGoto
                           3101 ; common peephole 162 changed absolute to relative unconditional jump.
   0B9F 18 1C         [12] 3102 	jr	00114$
                           3103 ;	genLabel
   0BA1                    3104 00113$:
                           3105 ;cases/./../tests/gcc-torture-execute-20020506-1.c:280: if (set) ASSERT (0);
                           3106 ;	genIfx
   0BA1 DD 7E 0D      [19] 3107 	ld	a, 13 (ix)
   0BA4 DD B6 0C      [19] 3108 	or	a, 12 (ix)
                           3109 ; common peephole 163 changed absolute to relative conditional jump.
   0BA7 28 14         [12] 3110 	jr	z, 00114$
                           3111 ;	genAssign
                           3112 ;	genMove_o size 2 result type 10 source type 2 a_dead 1 hl_dead 1 de_dead 1 iy_dead 1 f_dead 1
   0BA9 22r00s00      [16] 3113 	ld	(___numTests), hl
                           3114 ;	skipping iCode since result will be rematerialized
                           3115 ;	skipping iCode since result will be rematerialized
                           3116 ;	skipping iCode since result will be rematerialized
                           3117 ;	skipping iCode since result will be rematerialized
                           3118 ;	skipping iCode since result will be rematerialized
                           3119 ;	skipping iCode since result will be rematerialized
                           3120 ;	genIpush
                           3121 ;	genMove_o size 2 result type 2 source type 1 a_dead 1 hl_dead 1 de_dead 1 iy_dead 1 f_dead 1
   0BAC 21 18 01      [10] 3122 	ld	hl, #0x0118
   0BAF E5            [11] 3123 	push	hl
                           3124 ;	genIpush
                           3125 ;	genMove_o size 2 result type 2 source type 7 a_dead 1 hl_dead 1 de_dead 1 iy_dead 1 f_dead 1
   0BB0 21r85s0C      [10] 3126 	ld	hl, #__str_24
   0BB3 E5            [11] 3127 	push	hl
                           3128 ;	genSend
                           3129 ;	genMove_o size 2 result type 2 source type 7 a_dead 1 hl_dead 1 de_dead 1 iy_dead 1 f_dead 1
   0BB4 11r83s0C      [10] 3130 	ld	de, #__str_23
                           3131 ;	genSend
                           3132 ;	genMove_o size 2 result type 2 source type 7 a_dead 1 hl_dead 1 de_dead 0 iy_dead 1 f_dead 1
   0BB7 21r72s0C      [10] 3133 	ld	hl, #__str_22
                           3134 ;	genCall
   0BBA CDr00s00      [17] 3135 	call	___fail
                           3136 ;	genLabel
   0BBD                    3137 00114$:
                           3138 ;cases/./../tests/gcc-torture-execute-20020506-1.c:270: if (set) ASSERT (0);
                           3139 ;	genPlus
                           3140 ;	genMove_o size 2 result type 2 source type 10 a_dead 1 hl_dead 1 de_dead 1 iy_dead 1 f_dead 1
   0BBD 2Ar00s00      [16] 3141 	ld	hl, (___numTests)
   0BC0 23            [ 6] 3142 	inc	hl
                           3143 ;cases/./../tests/gcc-torture-execute-20020506-1.c:282: if ((l & (LONG_LONG_MAX+1ULL)) == (LONG_LONG_MAX+1ULL))
                           3144 ;	genCmpEq
   0BC1 DD 7E F8      [19] 3145 	ld	a, -8 (ix)
   0BC4 B7            [ 4] 3146 	or	a, a
   0BC5 DD B6 F9      [19] 3147 	or	a, -7 (ix)
   0BC8 DD B6 FA      [19] 3148 	or	a, -6 (ix)
   0BCB DD B6 FB      [19] 3149 	or	a, -5 (ix)
   0BCE DD B6 FC      [19] 3150 	or	a, -4 (ix)
   0BD1 DD B6 FD      [19] 3151 	or	a, -3 (ix)
   0BD4 DD B6 FE      [19] 3152 	or	a, -2 (ix)
                           3153 ; common peephole 163 changed absolute to relative conditional jump.
   0BD7 20 09         [12] 3154 	jr	nz, 00227$
                           3155 ;	genMove_o size 1 result type 2 source type 6 a_dead 1 hl_dead 0 de_dead 0 iy_dead 0 f_dead 1
   0BD9 DD 7E FF      [19] 3156 	ld	a, -1 (ix)
                           3157 ;	genMove_o size 0 result type 2 source type 1 a_dead 1 hl_dead 0 de_dead 0 iy_dead 0 f_dead 1
   0BDC D6 80         [ 7] 3158 	sub	a, #0x80
   0BDE 3E 01         [ 7] 3159 	ld	a, #0x01
                           3160 ; common peephole 163 changed absolute to relative conditional jump.
   0BE0 28 01         [12] 3161 	jr	z, 00228$
                           3162 ; common peephole 169xnz used double assignment in case of nz condition.
   0BE2                    3163 00227$:
   0BE2 AF            [ 4] 3164 	xor	a, a
   0BE3                    3165 00228$:
                           3166 ;	genMove_o size 1 result type 2 source type 2 a_dead 1 hl_dead 0 de_dead 1 iy_dead 1 f_dead 1
                           3167 ;	genMove_o size 0 result type 2 source type 1 a_dead 1 hl_dead 0 de_dead 1 iy_dead 1 f_dead 1
                           3168 ;	genIfx
   0BE3 4F            [ 4] 3169 	ld	c, a
                           3170 ; common peephole 98 removed redundant load from c into a.
   0BE4 B7            [ 4] 3171 	or	a, a
                           3172 ; common peephole 163 changed absolute to relative conditional jump.
   0BE5 28 20         [12] 3173 	jr	z, 00120$
                           3174 ;cases/./../tests/gcc-torture-execute-20020506-1.c:284: if (!set) ASSERT (0);
                           3175 ;	genIfx
   0BE7 DD 7E 0D      [19] 3176 	ld	a, 13 (ix)
   0BEA DD B6 0C      [19] 3177 	or	a, 12 (ix)
                           3178 ; common peephole 163 changed absolute to relative conditional jump.
   0BED 20 36         [12] 3179 	jr	nz, 00121$
                           3180 ;	genAssign
                           3181 ;	genMove_o size 2 result type 10 source type 2 a_dead 1 hl_dead 1 de_dead 1 iy_dead 1 f_dead 1
   0BEF 22r00s00      [16] 3182 	ld	(___numTests), hl
                           3183 ;	skipping iCode since result will be rematerialized
                           3184 ;	skipping iCode since result will be rematerialized
                           3185 ;	skipping iCode since result will be rematerialized
                           3186 ;	skipping iCode since result will be rematerialized
                           3187 ;	skipping iCode since result will be rematerialized
                           3188 ;	skipping iCode since result will be rematerialized
                           3189 ;	genIpush
   0BF2 C5            [11] 3190 	push	bc
                           3191 ;	genMove_o size 2 result type 2 source type 1 a_dead 1 hl_dead 1 de_dead 1 iy_dead 1 f_dead 1
   0BF3 21 1C 01      [10] 3192 	ld	hl, #0x011c
   0BF6 E5            [11] 3193 	push	hl
                           3194 ;	genIpush
                           3195 ;	genMove_o size 2 result type 2 source type 7 a_dead 1 hl_dead 1 de_dead 1 iy_dead 1 f_dead 1
   0BF7 21r85s0C      [10] 3196 	ld	hl, #__str_24
   0BFA E5            [11] 3197 	push	hl
                           3198 ;	genSend
                           3199 ;	genMove_o size 2 result type 2 source type 7 a_dead 1 hl_dead 1 de_dead 1 iy_dead 1 f_dead 1
   0BFB 11r83s0C      [10] 3200 	ld	de, #__str_23
                           3201 ;	genSend
                           3202 ;	genMove_o size 2 result type 2 source type 7 a_dead 1 hl_dead 1 de_dead 0 iy_dead 1 f_dead 1
   0BFE 21r72s0C      [10] 3203 	ld	hl, #__str_22
                           3204 ;	genCall
   0C01 CDr00s00      [17] 3205 	call	___fail
   0C04 C1            [10] 3206 	pop	bc
                           3207 ;	genGoto
                           3208 ; common peephole 162 changed absolute to relative unconditional jump.
   0C05 18 1E         [12] 3209 	jr	00121$
                           3210 ;	genLabel
   0C07                    3211 00120$:
                           3212 ;cases/./../tests/gcc-torture-execute-20020506-1.c:287: if (set) ASSERT (0);
                           3213 ;	genIfx
   0C07 DD 7E 0D      [19] 3214 	ld	a, 13 (ix)
   0C0A DD B6 0C      [19] 3215 	or	a, 12 (ix)
                           3216 ; common peephole 163 changed absolute to relative conditional jump.
   0C0D 28 16         [12] 3217 	jr	z, 00121$
                           3218 ;	genAssign
                           3219 ;	genMove_o size 2 result type 10 source type 2 a_dead 1 hl_dead 1 de_dead 1 iy_dead 1 f_dead 1
   0C0F 22r00s00      [16] 3220 	ld	(___numTests), hl
                           3221 ;	skipping iCode since result will be rematerialized
                           3222 ;	skipping iCode since result will be rematerialized
                           3223 ;	skipping iCode since result will be rematerialized
                           3224 ;	skipping iCode since result will be rematerialized
                           3225 ;	skipping iCode since result will be rematerialized
                           3226 ;	skipping iCode since result will be rematerialized
                           3227 ;	genIpush
   0C12 C5            [11] 3228 	push	bc
                           3229 ;	genMove_o size 2 result type 2 source type 1 a_dead 1 hl_dead 1 de_dead 1 iy_dead 1 f_dead 1
   0C13 21 1F 01      [10] 3230 	ld	hl, #0x011f
   0C16 E5            [11] 3231 	push	hl
                           3232 ;	genIpush
                           3233 ;	genMove_o size 2 result type 2 source type 7 a_dead 1 hl_dead 1 de_dead 1 iy_dead 1 f_dead 1
   0C17 21r85s0C      [10] 3234 	ld	hl, #__str_24
   0C1A E5            [11] 3235 	push	hl
                           3236 ;	genSend
                           3237 ;	genMove_o size 2 result type 2 source type 7 a_dead 1 hl_dead 1 de_dead 1 iy_dead 1 f_dead 1
   0C1B 11r83s0C      [10] 3238 	ld	de, #__str_23
                           3239 ;	genSend
                           3240 ;	genMove_o size 2 result type 2 source type 7 a_dead 1 hl_dead 1 de_dead 0 iy_dead 1 f_dead 1
   0C1E 21r72s0C      [10] 3241 	ld	hl, #__str_22
                           3242 ;	genCall
   0C21 CDr00s00      [17] 3243 	call	___fail
   0C24 C1            [10] 3244 	pop	bc
                           3245 ;	genLabel
   0C25                    3246 00121$:
                           3247 ;cases/./../tests/gcc-torture-execute-20020506-1.c:270: if (set) ASSERT (0);
                           3248 ;	genPlus
                           3249 ;	genMove_o size 2 result type 2 source type 10 a_dead 1 hl_dead 1 de_dead 1 iy_dead 1 f_dead 1
   0C25 2Ar00s00      [16] 3250 	ld	hl, (___numTests)
   0C28 23            [ 6] 3251 	inc	hl
                           3252 ;cases/./../tests/gcc-torture-execute-20020506-1.c:289: if ((l & (LONG_LONG_MAX+1ULL)) != (LONG_LONG_MAX+1ULL))
                           3253 ;	genAssign
                           3254 ;	(locations are the same)
                           3255 ;	genIfx
   0C29 CB 41         [ 8] 3256 	bit	0, c
                           3257 ; common peephole 163 changed absolute to relative conditional jump.
   0C2B 20 1E         [12] 3258 	jr	nz, 00127$
                           3259 ;cases/./../tests/gcc-torture-execute-20020506-1.c:291: if (set) ASSERT (0);
                           3260 ;	genIfx
   0C2D DD 7E 0D      [19] 3261 	ld	a, 13 (ix)
   0C30 DD B6 0C      [19] 3262 	or	a, 12 (ix)
                           3263 ; common peephole 163 changed absolute to relative conditional jump.
   0C33 28 32         [12] 3264 	jr	z, 00129$
                           3265 ;	genAssign
                           3266 ;	genMove_o size 2 result type 10 source type 2 a_dead 1 hl_dead 1 de_dead 1 iy_dead 1 f_dead 1
   0C35 22r00s00      [16] 3267 	ld	(___numTests), hl
                           3268 ;	skipping iCode since result will be rematerialized
                           3269 ;	skipping iCode since result will be rematerialized
                           3270 ;	skipping iCode since result will be rematerialized
                           3271 ;	skipping iCode since result will be rematerialized
                           3272 ;	skipping iCode since result will be rematerialized
                           3273 ;	skipping iCode since result will be rematerialized
                           3274 ;	genIpush
                           3275 ;	genMove_o size 2 result type 2 source type 1 a_dead 1 hl_dead 1 de_dead 1 iy_dead 1 f_dead 1
   0C38 21 23 01      [10] 3276 	ld	hl, #0x0123
   0C3B E5            [11] 3277 	push	hl
                           3278 ;	genIpush
                           3279 ;	genMove_o size 2 result type 2 source type 7 a_dead 1 hl_dead 1 de_dead 1 iy_dead 1 f_dead 1
   0C3C 21r85s0C      [10] 3280 	ld	hl, #__str_24
   0C3F E5            [11] 3281 	push	hl
                           3282 ;	genSend
                           3283 ;	genMove_o size 2 result type 2 source type 7 a_dead 1 hl_dead 1 de_dead 1 iy_dead 1 f_dead 1
   0C40 11r83s0C      [10] 3284 	ld	de, #__str_23
                           3285 ;	genSend
                           3286 ;	genMove_o size 2 result type 2 source type 7 a_dead 1 hl_dead 1 de_dead 0 iy_dead 1 f_dead 1
   0C43 21r72s0C      [10] 3287 	ld	hl, #__str_22
                           3288 ;	genCall
   0C46 CDr00s00      [17] 3289 	call	___fail
                           3290 ;	genGoto
                           3291 ; common peephole 162 changed absolute to relative unconditional jump.
   0C49 18 1C         [12] 3292 	jr	00129$
                           3293 ;	genLabel
   0C4B                    3294 00127$:
                           3295 ;cases/./../tests/gcc-torture-execute-20020506-1.c:294: if (!set) ASSERT (0);
                           3296 ;	genIfx
   0C4B DD 7E 0D      [19] 3297 	ld	a, 13 (ix)
   0C4E DD B6 0C      [19] 3298 	or	a, 12 (ix)
                           3299 ; common peephole 163 changed absolute to relative conditional jump.
   0C51 20 14         [12] 3300 	jr	nz, 00129$
                           3301 ;	genAssign
                           3302 ;	genMove_o size 2 result type 10 source type 2 a_dead 1 hl_dead 1 de_dead 1 iy_dead 1 f_dead 1
   0C53 22r00s00      [16] 3303 	ld	(___numTests), hl
                           3304 ;	skipping iCode since result will be rematerialized
                           3305 ;	skipping iCode since result will be rematerialized
                           3306 ;	skipping iCode since result will be rematerialized
                           3307 ;	skipping iCode since result will be rematerialized
                           3308 ;	skipping iCode since result will be rematerialized
                           3309 ;	skipping iCode since result will be rematerialized
                           3310 ;	genIpush
                           3311 ;	genMove_o size 2 result type 2 source type 1 a_dead 1 hl_dead 1 de_dead 1 iy_dead 1 f_dead 1
   0C56 21 26 01      [10] 3312 	ld	hl, #0x0126
   0C59 E5            [11] 3313 	push	hl
                           3314 ;	genIpush
                           3315 ;	genMove_o size 2 result type 2 source type 7 a_dead 1 hl_dead 1 de_dead 1 iy_dead 1 f_dead 1
   0C5A 21r85s0C      [10] 3316 	ld	hl, #__str_24
   0C5D E5            [11] 3317 	push	hl
                           3318 ;	genSend
                           3319 ;	genMove_o size 2 result type 2 source type 7 a_dead 1 hl_dead 1 de_dead 1 iy_dead 1 f_dead 1
   0C5E 11r83s0C      [10] 3320 	ld	de, #__str_23
                           3321 ;	genSend
                           3322 ;	genMove_o size 2 result type 2 source type 7 a_dead 1 hl_dead 1 de_dead 0 iy_dead 1 f_dead 1
   0C61 21r72s0C      [10] 3323 	ld	hl, #__str_22
                           3324 ;	genCall
   0C64 CDr00s00      [17] 3325 	call	___fail
                           3326 ;	genLabel
   0C67                    3327 00129$:
                           3328 ;cases/./../tests/gcc-torture-execute-20020506-1.c:295: }
                           3329 ;	genEndFunction
   0C67 DD F9         [10] 3330 	ld	sp, ix
   0C69 DD E1         [14] 3331 	pop	ix
   0C6B E1            [10] 3332 	pop	hl
                           3333 ;	adjustStack by 10
   0C6C F1            [10] 3334 	pop	af
   0C6D F1            [10] 3335 	pop	af
   0C6E F1            [10] 3336 	pop	af
   0C6F F1            [10] 3337 	pop	af
   0C70 F1            [10] 3338 	pop	af
   0C71 E9            [ 4] 3339 	jp	(hl)
                           3340 ;	Total fest8 function size at codegen: 11 bytes.
   0C72                    3341 __str_22:
   0C72 41 73 73 65 72 74  3342 	.ascii "Assertion failed"
        69 6F 6E 20 66 61
        69 6C 65 64
   0C82 00                 3343 	.db 0x00
   0C83                    3344 __str_23:
   0C83 30                 3345 	.ascii "0"
   0C84 00                 3346 	.db 0x00
   0C85                    3347 __str_24:
   0C85 63 61 73 65 73 2F  3348 	.ascii "cases/./../tests/gcc-torture-execute-20020506-1.c"
        2E 2F 2E 2E 2F 74
        65 73 74 73 2F 67
        63 63 2D 74 6F 72
        74 75 72 65 2D 65
        78 65 63 75 74 65
        2D 32 30 30 32 30
        35 30 36 2D 31 2E
        63
   0CB6 00                 3349 	.db 0x00
                           3350 ;cases/./../tests/gcc-torture-execute-20020506-1.c:300: testTortureExecute (void)
                           3351 ;	genLabel
                           3352 ;	genFunction
                           3353 ;	---------------------------------
                           3354 ; Function testTortureExecute
                           3355 ; ---------------------------------
                           3356 ;	Register assignment is optimal.
                           3357 ; Stack space usage: 0 bytes.
   0CB7                    3358 _testTortureExecute::
                           3359 ;cases/./../tests/gcc-torture-execute-20020506-1.c:303: fest1 (0, 0);
                           3360 ;	genSend
                           3361 ;	genMove_o size 2 result type 2 source type 1 a_dead 1 hl_dead 1 de_dead 1 iy_dead 1 f_dead 1
   0CB7 11 00 00      [10] 3362 	ld	de, #0x0000
                           3363 ;	genSend
                           3364 ;	genMove_o size 1 result type 2 source type 1 a_dead 1 hl_dead 1 de_dead 0 iy_dead 1 f_dead 1
   0CBA AF            [ 4] 3365 	xor	a, a
                           3366 ;	genCall
   0CBB CDr00s00      [17] 3367 	call	_fest1
                           3368 ;cases/./../tests/gcc-torture-execute-20020506-1.c:304: fest1 (SCHAR_MAX, 0);
                           3369 ;	genSend
                           3370 ;	genMove_o size 2 result type 2 source type 1 a_dead 1 hl_dead 1 de_dead 1 iy_dead 1 f_dead 1
   0CBE 11 00 00      [10] 3371 	ld	de, #0x0000
                           3372 ;	genSend
                           3373 ;	genMove_o size 1 result type 2 source type 1 a_dead 1 hl_dead 1 de_dead 0 iy_dead 1 f_dead 1
   0CC1 3E 7F         [ 7] 3374 	ld	a, #0x7f
                           3375 ;	genCall
   0CC3 CDr00s00      [17] 3376 	call	_fest1
                           3377 ;cases/./../tests/gcc-torture-execute-20020506-1.c:305: fest1 (SCHAR_MIN, 1);
                           3378 ;	genSend
                           3379 ;	genMove_o size 2 result type 2 source type 1 a_dead 1 hl_dead 1 de_dead 1 iy_dead 1 f_dead 1
   0CC6 11 01 00      [10] 3380 	ld	de, #0x0001
                           3381 ;	genSend
                           3382 ;	genMove_o size 1 result type 2 source type 1 a_dead 1 hl_dead 1 de_dead 0 iy_dead 1 f_dead 1
   0CC9 3E 80         [ 7] 3383 	ld	a, #0x80
                           3384 ;	genCall
   0CCB CDr00s00      [17] 3385 	call	_fest1
                           3386 ;cases/./../tests/gcc-torture-execute-20020506-1.c:306: fest1 (UCHAR_MAX, 1);
                           3387 ;	genSend
                           3388 ;	genMove_o size 2 result type 2 source type 1 a_dead 1 hl_dead 1 de_dead 1 iy_dead 1 f_dead 1
   0CCE 11 01 00      [10] 3389 	ld	de, #0x0001
                           3390 ;	genSend
                           3391 ;	genMove_o size 1 result type 2 source type 1 a_dead 1 hl_dead 1 de_dead 0 iy_dead 1 f_dead 1
   0CD1 3E FF         [ 7] 3392 	ld	a, #0xff
                           3393 ;	genCall
   0CD3 CDr00s00      [17] 3394 	call	_fest1
                           3395 ;cases/./../tests/gcc-torture-execute-20020506-1.c:308: fest2 (0, 0);
                           3396 ;	genSend
                           3397 ;	genMove_o size 2 result type 2 source type 1 a_dead 1 hl_dead 1 de_dead 1 iy_dead 1 f_dead 1
   0CD6 11 00 00      [10] 3398 	ld	de, #0x0000
                           3399 ;	genSend
                           3400 ;	genMove_o size 1 result type 2 source type 1 a_dead 1 hl_dead 1 de_dead 0 iy_dead 1 f_dead 1
   0CD9 AF            [ 4] 3401 	xor	a, a
                           3402 ;	genCall
   0CDA CDr63s01      [17] 3403 	call	_fest2
                           3404 ;cases/./../tests/gcc-torture-execute-20020506-1.c:309: fest2 (SCHAR_MAX, 0);
                           3405 ;	genSend
                           3406 ;	genMove_o size 2 result type 2 source type 1 a_dead 1 hl_dead 1 de_dead 1 iy_dead 1 f_dead 1
   0CDD 11 00 00      [10] 3407 	ld	de, #0x0000
                           3408 ;	genSend
                           3409 ;	genMove_o size 1 result type 2 source type 1 a_dead 1 hl_dead 1 de_dead 0 iy_dead 1 f_dead 1
   0CE0 3E 7F         [ 7] 3410 	ld	a, #0x7f
                           3411 ;	genCall
   0CE2 CDr63s01      [17] 3412 	call	_fest2
                           3413 ;cases/./../tests/gcc-torture-execute-20020506-1.c:310: fest2 (SCHAR_MIN, 1);
                           3414 ;	genSend
                           3415 ;	genMove_o size 2 result type 2 source type 1 a_dead 1 hl_dead 1 de_dead 1 iy_dead 1 f_dead 1
   0CE5 11 01 00      [10] 3416 	ld	de, #0x0001
                           3417 ;	genSend
                           3418 ;	genMove_o size 1 result type 2 source type 1 a_dead 1 hl_dead 1 de_dead 0 iy_dead 1 f_dead 1
   0CE8 3E 80         [ 7] 3419 	ld	a, #0x80
                           3420 ;	genCall
   0CEA CDr63s01      [17] 3421 	call	_fest2
                           3422 ;cases/./../tests/gcc-torture-execute-20020506-1.c:311: fest2 (UCHAR_MAX, 1);
                           3423 ;	genSend
                           3424 ;	genMove_o size 2 result type 2 source type 1 a_dead 1 hl_dead 1 de_dead 1 iy_dead 1 f_dead 1
   0CED 11 01 00      [10] 3425 	ld	de, #0x0001
                           3426 ;	genSend
                           3427 ;	genMove_o size 1 result type 2 source type 1 a_dead 1 hl_dead 1 de_dead 0 iy_dead 1 f_dead 1
   0CF0 3E FF         [ 7] 3428 	ld	a, #0xff
                           3429 ;	genCall
   0CF2 CDr63s01      [17] 3430 	call	_fest2
                           3431 ;cases/./../tests/gcc-torture-execute-20020506-1.c:313: fest3 (0, 0);
                           3432 ;	genSend
                           3433 ;	genMove_o size 2 result type 2 source type 1 a_dead 1 hl_dead 1 de_dead 1 iy_dead 1 f_dead 1
                           3434 ;	genSend
                           3435 ;	genMove_o size 2 result type 2 source type 1 a_dead 1 hl_dead 1 de_dead 0 iy_dead 1 f_dead 1
   0CF5 11 00 00      [10] 3436 	ld	de, #0x0000
                           3437 ; common peephole 174a reused value still in de.
   0CF8 62            [ 4] 3438 	ld	h, d
   0CF9 6B            [ 4] 3439 	ld	l, e
                           3440 ;	genCall
   0CFA CDrC6s02      [17] 3441 	call	_fest3
                           3442 ;cases/./../tests/gcc-torture-execute-20020506-1.c:314: fest3 (SHRT_MAX, 0);
                           3443 ;	genSend
                           3444 ;	genMove_o size 2 result type 2 source type 1 a_dead 1 hl_dead 1 de_dead 1 iy_dead 1 f_dead 1
   0CFD 11 00 00      [10] 3445 	ld	de, #0x0000
                           3446 ;	genSend
                           3447 ;	genMove_o size 2 result type 2 source type 1 a_dead 1 hl_dead 1 de_dead 0 iy_dead 1 f_dead 1
   0D00 21 FF 7F      [10] 3448 	ld	hl, #0x7fff
                           3449 ;	genCall
   0D03 CDrC6s02      [17] 3450 	call	_fest3
                           3451 ;cases/./../tests/gcc-torture-execute-20020506-1.c:315: fest3 (SHRT_MIN, 1);
                           3452 ;	genSend
                           3453 ;	genMove_o size 2 result type 2 source type 1 a_dead 1 hl_dead 1 de_dead 1 iy_dead 1 f_dead 1
   0D06 11 01 00      [10] 3454 	ld	de, #0x0001
                           3455 ;	genSend
                           3456 ;	genMove_o size 2 result type 2 source type 1 a_dead 1 hl_dead 1 de_dead 0 iy_dead 1 f_dead 1
   0D09 21 00 80      [10] 3457 	ld	hl, #0x8000
                           3458 ;	genCall
   0D0C CDrC6s02      [17] 3459 	call	_fest3
                           3460 ;cases/./../tests/gcc-torture-execute-20020506-1.c:316: fest3 (USHRT_MAX, 1);
                           3461 ;	genSend
                           3462 ;	genMove_o size 2 result type 2 source type 1 a_dead 1 hl_dead 1 de_dead 1 iy_dead 1 f_dead 1
   0D0F 11 01 00      [10] 3463 	ld	de, #0x0001
                           3464 ;	genSend
                           3465 ;	genMove_o size 2 result type 2 source type 1 a_dead 1 hl_dead 1 de_dead 0 iy_dead 1 f_dead 1
   0D12 21 FF FF      [10] 3466 	ld	hl, #0xffff
                           3467 ;	genCall
   0D15 CDrC6s02      [17] 3468 	call	_fest3
                           3469 ;cases/./../tests/gcc-torture-execute-20020506-1.c:318: fest4 (0, 0);
                           3470 ;	genSend
                           3471 ;	genMove_o size 2 result type 2 source type 1 a_dead 1 hl_dead 1 de_dead 1 iy_dead 1 f_dead 1
                           3472 ;	genSend
                           3473 ;	genMove_o size 2 result type 2 source type 1 a_dead 1 hl_dead 1 de_dead 0 iy_dead 1 f_dead 1
   0D18 11 00 00      [10] 3474 	ld	de, #0x0000
                           3475 ; common peephole 174a reused value still in de.
   0D1B 62            [ 4] 3476 	ld	h, d
   0D1C 6B            [ 4] 3477 	ld	l, e
                           3478 ;	genCall
   0D1D CDr57s04      [17] 3479 	call	_fest4
                           3480 ;cases/./../tests/gcc-torture-execute-20020506-1.c:319: fest4 (SHRT_MAX, 0);
                           3481 ;	genSend
                           3482 ;	genMove_o size 2 result type 2 source type 1 a_dead 1 hl_dead 1 de_dead 1 iy_dead 1 f_dead 1
   0D20 11 00 00      [10] 3483 	ld	de, #0x0000
                           3484 ;	genSend
                           3485 ;	genMove_o size 2 result type 2 source type 1 a_dead 1 hl_dead 1 de_dead 0 iy_dead 1 f_dead 1
   0D23 21 FF 7F      [10] 3486 	ld	hl, #0x7fff
                           3487 ;	genCall
   0D26 CDr57s04      [17] 3488 	call	_fest4
                           3489 ;cases/./../tests/gcc-torture-execute-20020506-1.c:320: fest4 (SHRT_MIN, 1);
                           3490 ;	genSend
                           3491 ;	genMove_o size 2 result type 2 source type 1 a_dead 1 hl_dead 1 de_dead 1 iy_dead 1 f_dead 1
   0D29 11 01 00      [10] 3492 	ld	de, #0x0001
                           3493 ;	genSend
                           3494 ;	genMove_o size 2 result type 2 source type 1 a_dead 1 hl_dead 1 de_dead 0 iy_dead 1 f_dead 1
   0D2C 21 00 80      [10] 3495 	ld	hl, #0x8000
                           3496 ;	genCall
   0D2F CDr57s04      [17] 3497 	call	_fest4
                           3498 ;cases/./../tests/gcc-torture-execute-20020506-1.c:321: fest4 (USHRT_MAX, 1);
                           3499 ;	genSend
                           3500 ;	genMove_o size 2 result type 2 source type 1 a_dead 1 hl_dead 1 de_dead 1 iy_dead 1 f_dead 1
   0D32 11 01 00      [10] 3501 	ld	de, #0x0001
                           3502 ;	genSend
                           3503 ;	genMove_o size 2 result type 2 source type 1 a_dead 1 hl_dead 1 de_dead 0 iy_dead 1 f_dead 1
   0D35 21 FF FF      [10] 3504 	ld	hl, #0xffff
                           3505 ;	genCall
   0D38 CDr57s04      [17] 3506 	call	_fest4
                           3507 ;cases/./../tests/gcc-torture-execute-20020506-1.c:323: fest5 (0, 0);
                           3508 ;	genSend
                           3509 ;	genMove_o size 2 result type 2 source type 1 a_dead 1 hl_dead 1 de_dead 1 iy_dead 1 f_dead 1
                           3510 ;	genSend
                           3511 ;	genMove_o size 2 result type 2 source type 1 a_dead 1 hl_dead 1 de_dead 0 iy_dead 1 f_dead 1
   0D3B 11 00 00      [10] 3512 	ld	de, #0x0000
                           3513 ; common peephole 174a reused value still in de.
   0D3E 62            [ 4] 3514 	ld	h, d
   0D3F 6B            [ 4] 3515 	ld	l, e
                           3516 ;	genCall
   0D40 CDrE1s05      [17] 3517 	call	_fest5
                           3518 ;cases/./../tests/gcc-torture-execute-20020506-1.c:324: fest5 (INT_MAX, 0);
                           3519 ;	genSend
                           3520 ;	genMove_o size 2 result type 2 source type 1 a_dead 1 hl_dead 1 de_dead 1 iy_dead 1 f_dead 1
   0D43 11 00 00      [10] 3521 	ld	de, #0x0000
                           3522 ;	genSend
                           3523 ;	genMove_o size 2 result type 2 source type 1 a_dead 1 hl_dead 1 de_dead 0 iy_dead 1 f_dead 1
   0D46 21 FF 7F      [10] 3524 	ld	hl, #0x7fff
                           3525 ;	genCall
   0D49 CDrE1s05      [17] 3526 	call	_fest5
                           3527 ;cases/./../tests/gcc-torture-execute-20020506-1.c:325: fest5 (INT_MIN, 1);
                           3528 ;	genSend
                           3529 ;	genMove_o size 2 result type 2 source type 1 a_dead 1 hl_dead 1 de_dead 1 iy_dead 1 f_dead 1
   0D4C 11 01 00      [10] 3530 	ld	de, #0x0001
                           3531 ;	genSend
                           3532 ;	genMove_o size 2 result type 2 source type 1 a_dead 1 hl_dead 1 de_dead 0 iy_dead 1 f_dead 1
   0D4F 21 00 80      [10] 3533 	ld	hl, #0x8000
                           3534 ;	genCall
   0D52 CDrE1s05      [17] 3535 	call	_fest5
                           3536 ;cases/./../tests/gcc-torture-execute-20020506-1.c:326: fest5 (UINT_MAX, 1);
                           3537 ;	genSend
                           3538 ;	genMove_o size 2 result type 2 source type 1 a_dead 1 hl_dead 1 de_dead 1 iy_dead 1 f_dead 1
   0D55 11 01 00      [10] 3539 	ld	de, #0x0001
                           3540 ;	genSend
                           3541 ;	genMove_o size 2 result type 2 source type 1 a_dead 1 hl_dead 1 de_dead 0 iy_dead 1 f_dead 1
   0D58 21 FF FF      [10] 3542 	ld	hl, #0xffff
                           3543 ;	genCall
   0D5B CDrE1s05      [17] 3544 	call	_fest5
                           3545 ;cases/./../tests/gcc-torture-execute-20020506-1.c:328: fest6 (0, 0);
                           3546 ;	genSend
                           3547 ;	genMove_o size 2 result type 2 source type 1 a_dead 1 hl_dead 1 de_dead 1 iy_dead 1 f_dead 1
                           3548 ;	genSend
                           3549 ;	genMove_o size 2 result type 2 source type 1 a_dead 1 hl_dead 1 de_dead 0 iy_dead 1 f_dead 1
   0D5E 11 00 00      [10] 3550 	ld	de, #0x0000
                           3551 ; common peephole 174a reused value still in de.
   0D61 62            [ 4] 3552 	ld	h, d
   0D62 6B            [ 4] 3553 	ld	l, e
                           3554 ;	genCall
   0D63 CDr72s07      [17] 3555 	call	_fest6
                           3556 ;cases/./../tests/gcc-torture-execute-20020506-1.c:329: fest6 (INT_MAX, 0);
                           3557 ;	genSend
                           3558 ;	genMove_o size 2 result type 2 source type 1 a_dead 1 hl_dead 1 de_dead 1 iy_dead 1 f_dead 1
   0D66 11 00 00      [10] 3559 	ld	de, #0x0000
                           3560 ;	genSend
                           3561 ;	genMove_o size 2 result type 2 source type 1 a_dead 1 hl_dead 1 de_dead 0 iy_dead 1 f_dead 1
   0D69 21 FF 7F      [10] 3562 	ld	hl, #0x7fff
                           3563 ;	genCall
   0D6C CDr72s07      [17] 3564 	call	_fest6
                           3565 ;cases/./../tests/gcc-torture-execute-20020506-1.c:330: fest6 (INT_MIN, 1);
                           3566 ;	genSend
                           3567 ;	genMove_o size 2 result type 2 source type 1 a_dead 1 hl_dead 1 de_dead 1 iy_dead 1 f_dead 1
   0D6F 11 01 00      [10] 3568 	ld	de, #0x0001
                           3569 ;	genSend
                           3570 ;	genMove_o size 2 result type 2 source type 1 a_dead 1 hl_dead 1 de_dead 0 iy_dead 1 f_dead 1
   0D72 21 00 80      [10] 3571 	ld	hl, #0x8000
                           3572 ;	genCall
   0D75 CDr72s07      [17] 3573 	call	_fest6
                           3574 ;cases/./../tests/gcc-torture-execute-20020506-1.c:331: fest6 (UINT_MAX, 1);
                           3575 ;	genSend
                           3576 ;	genMove_o size 2 result type 2 source type 1 a_dead 1 hl_dead 1 de_dead 1 iy_dead 1 f_dead 1
   0D78 11 01 00      [10] 3577 	ld	de, #0x0001
                           3578 ;	genSend
                           3579 ;	genMove_o size 2 result type 2 source type 1 a_dead 1 hl_dead 1 de_dead 0 iy_dead 1 f_dead 1
   0D7B 21 FF FF      [10] 3580 	ld	hl, #0xffff
                           3581 ;	genCall
   0D7E CDr72s07      [17] 3582 	call	_fest6
                           3583 ;cases/./../tests/gcc-torture-execute-20020506-1.c:333: fest7 (0, 0);
                           3584 ;	genIpush
                           3585 ;	genMove_o size 2 result type 2 source type 1 a_dead 1 hl_dead 1 de_dead 1 iy_dead 1 f_dead 1
   0D81 21 00 00      [10] 3586 	ld	hl, #0x0000
   0D84 E5            [11] 3587 	push	hl
                           3588 ;	genIpush
                           3589 ;	genMove_o size 2 result type 2 source type 1 a_dead 1 hl_dead 1 de_dead 1 iy_dead 1 f_dead 1
   0D85 E5            [11] 3590 	push	hl
                           3591 ;	genMove_o size 2 result type 2 source type 1 a_dead 1 hl_dead 1 de_dead 1 iy_dead 1 f_dead 1
   0D86 E5            [11] 3592 	push	hl
                           3593 ;	genMove_o size 2 result type 2 source type 1 a_dead 1 hl_dead 1 de_dead 1 iy_dead 1 f_dead 1
   0D87 E5            [11] 3594 	push	hl
                           3595 ;	genMove_o size 2 result type 2 source type 1 a_dead 1 hl_dead 1 de_dead 1 iy_dead 1 f_dead 1
   0D88 E5            [11] 3596 	push	hl
                           3597 ;	genCall
   0D89 CDr03s09      [17] 3598 	call	_fest7
                           3599 ;cases/./../tests/gcc-torture-execute-20020506-1.c:334: fest7 (LONG_LONG_MAX, 0);
                           3600 ;	genIpush
                           3601 ;	genMove_o size 2 result type 2 source type 1 a_dead 1 hl_dead 1 de_dead 1 iy_dead 1 f_dead 1
   0D8C 21 00 00      [10] 3602 	ld	hl, #0x0000
   0D8F E5            [11] 3603 	push	hl
                           3604 ;	genIpush
                           3605 ;	genMove_o size 2 result type 2 source type 1 a_dead 1 hl_dead 1 de_dead 1 iy_dead 1 f_dead 1
   0D90 21 FF 7F      [10] 3606 	ld	hl, #0x7fff
   0D93 E5            [11] 3607 	push	hl
                           3608 ;	genMove_o size 2 result type 2 source type 1 a_dead 1 hl_dead 1 de_dead 1 iy_dead 1 f_dead 1
   0D94 65            [ 4] 3609 	ld	h, l
   0D95 E5            [11] 3610 	push	hl
                           3611 ;	genMove_o size 2 result type 2 source type 1 a_dead 1 hl_dead 1 de_dead 1 iy_dead 1 f_dead 1
   0D96 E5            [11] 3612 	push	hl
                           3613 ;	genMove_o size 2 result type 2 source type 1 a_dead 1 hl_dead 1 de_dead 1 iy_dead 1 f_dead 1
   0D97 E5            [11] 3614 	push	hl
                           3615 ;	genCall
   0D98 CDr03s09      [17] 3616 	call	_fest7
                           3617 ;cases/./../tests/gcc-torture-execute-20020506-1.c:335: fest7 (LONG_LONG_MIN, 1);
                           3618 ;	genIpush
                           3619 ;	genMove_o size 2 result type 2 source type 1 a_dead 1 hl_dead 1 de_dead 1 iy_dead 1 f_dead 1
   0D9B 21 01 00      [10] 3620 	ld	hl, #0x0001
   0D9E E5            [11] 3621 	push	hl
                           3622 ;	genIpush
                           3623 ;	genMove_o size 2 result type 2 source type 1 a_dead 1 hl_dead 1 de_dead 1 iy_dead 1 f_dead 1
   0D9F 21 00 80      [10] 3624 	ld	hl, #0x8000
   0DA2 E5            [11] 3625 	push	hl
                           3626 ;	genMove_o size 2 result type 2 source type 1 a_dead 1 hl_dead 1 de_dead 1 iy_dead 1 f_dead 1
   0DA3 65            [ 4] 3627 	ld	h, l
   0DA4 E5            [11] 3628 	push	hl
                           3629 ;	genMove_o size 2 result type 2 source type 1 a_dead 1 hl_dead 1 de_dead 1 iy_dead 1 f_dead 1
   0DA5 E5            [11] 3630 	push	hl
                           3631 ;	genMove_o size 2 result type 2 source type 1 a_dead 1 hl_dead 1 de_dead 1 iy_dead 1 f_dead 1
   0DA6 E5            [11] 3632 	push	hl
                           3633 ;	genCall
   0DA7 CDr03s09      [17] 3634 	call	_fest7
                           3635 ;cases/./../tests/gcc-torture-execute-20020506-1.c:336: fest7 (ULONG_LONG_MAX, 1);
                           3636 ;	genIpush
                           3637 ;	genMove_o size 2 result type 2 source type 1 a_dead 1 hl_dead 1 de_dead 1 iy_dead 1 f_dead 1
   0DAA 21 01 00      [10] 3638 	ld	hl, #0x0001
   0DAD E5            [11] 3639 	push	hl
                           3640 ;	genIpush
                           3641 ;	genMove_o size 2 result type 2 source type 1 a_dead 1 hl_dead 1 de_dead 1 iy_dead 1 f_dead 1
   0DAE 21 FF FF      [10] 3642 	ld	hl, #0xffff
   0DB1 E5            [11] 3643 	push	hl
                           3644 ;	genMove_o size 2 result type 2 source type 1 a_dead 1 hl_dead 1 de_dead 1 iy_dead 1 f_dead 1
   0DB2 E5            [11] 3645 	push	hl
                           3646 ;	genMove_o size 2 result type 2 source type 1 a_dead 1 hl_dead 1 de_dead 1 iy_dead 1 f_dead 1
   0DB3 E5            [11] 3647 	push	hl
                           3648 ;	genMove_o size 2 result type 2 source type 1 a_dead 1 hl_dead 1 de_dead 1 iy_dead 1 f_dead 1
   0DB4 E5            [11] 3649 	push	hl
                           3650 ;	genCall
   0DB5 CDr03s09      [17] 3651 	call	_fest7
                           3652 ;cases/./../tests/gcc-torture-execute-20020506-1.c:338: fest8 (0, 0);
                           3653 ;	genIpush
                           3654 ;	genMove_o size 2 result type 2 source type 1 a_dead 1 hl_dead 1 de_dead 1 iy_dead 1 f_dead 1
   0DB8 21 00 00      [10] 3655 	ld	hl, #0x0000
   0DBB E5            [11] 3656 	push	hl
                           3657 ;	genIpush
                           3658 ;	genMove_o size 2 result type 2 source type 1 a_dead 1 hl_dead 1 de_dead 1 iy_dead 1 f_dead 1
   0DBC E5            [11] 3659 	push	hl
                           3660 ;	genMove_o size 2 result type 2 source type 1 a_dead 1 hl_dead 1 de_dead 1 iy_dead 1 f_dead 1
   0DBD E5            [11] 3661 	push	hl
                           3662 ;	genMove_o size 2 result type 2 source type 1 a_dead 1 hl_dead 1 de_dead 1 iy_dead 1 f_dead 1
   0DBE E5            [11] 3663 	push	hl
                           3664 ;	genMove_o size 2 result type 2 source type 1 a_dead 1 hl_dead 1 de_dead 1 iy_dead 1 f_dead 1
   0DBF E5            [11] 3665 	push	hl
                           3666 ;	genCall
   0DC0 CDrDFs0A      [17] 3667 	call	_fest8
                           3668 ;cases/./../tests/gcc-torture-execute-20020506-1.c:339: fest8 (LONG_LONG_MAX, 0);
                           3669 ;	genIpush
                           3670 ;	genMove_o size 2 result type 2 source type 1 a_dead 1 hl_dead 1 de_dead 1 iy_dead 1 f_dead 1
   0DC3 21 00 00      [10] 3671 	ld	hl, #0x0000
   0DC6 E5            [11] 3672 	push	hl
                           3673 ;	genIpush
                           3674 ;	genMove_o size 2 result type 2 source type 1 a_dead 1 hl_dead 1 de_dead 1 iy_dead 1 f_dead 1
   0DC7 21 FF 7F      [10] 3675 	ld	hl, #0x7fff
   0DCA E5            [11] 3676 	push	hl
                           3677 ;	genMove_o size 2 result type 2 source type 1 a_dead 1 hl_dead 1 de_dead 1 iy_dead 1 f_dead 1
   0DCB 65            [ 4] 3678 	ld	h, l
   0DCC E5            [11] 3679 	push	hl
                           3680 ;	genMove_o size 2 result type 2 source type 1 a_dead 1 hl_dead 1 de_dead 1 iy_dead 1 f_dead 1
   0DCD E5            [11] 3681 	push	hl
                           3682 ;	genMove_o size 2 result type 2 source type 1 a_dead 1 hl_dead 1 de_dead 1 iy_dead 1 f_dead 1
   0DCE E5            [11] 3683 	push	hl
                           3684 ;	genCall
   0DCF CDrDFs0A      [17] 3685 	call	_fest8
                           3686 ;cases/./../tests/gcc-torture-execute-20020506-1.c:340: fest8 (LONG_LONG_MIN, 1);
                           3687 ;	genIpush
                           3688 ;	genMove_o size 2 result type 2 source type 1 a_dead 1 hl_dead 1 de_dead 1 iy_dead 1 f_dead 1
   0DD2 21 01 00      [10] 3689 	ld	hl, #0x0001
   0DD5 E5            [11] 3690 	push	hl
                           3691 ;	genIpush
                           3692 ;	genMove_o size 2 result type 2 source type 1 a_dead 1 hl_dead 1 de_dead 1 iy_dead 1 f_dead 1
   0DD6 21 00 80      [10] 3693 	ld	hl, #0x8000
   0DD9 E5            [11] 3694 	push	hl
                           3695 ;	genMove_o size 2 result type 2 source type 1 a_dead 1 hl_dead 1 de_dead 1 iy_dead 1 f_dead 1
   0DDA 65            [ 4] 3696 	ld	h, l
   0DDB E5            [11] 3697 	push	hl
                           3698 ;	genMove_o size 2 result type 2 source type 1 a_dead 1 hl_dead 1 de_dead 1 iy_dead 1 f_dead 1
   0DDC E5            [11] 3699 	push	hl
                           3700 ;	genMove_o size 2 result type 2 source type 1 a_dead 1 hl_dead 1 de_dead 1 iy_dead 1 f_dead 1
   0DDD E5            [11] 3701 	push	hl
                           3702 ;	genCall
   0DDE CDrDFs0A      [17] 3703 	call	_fest8
                           3704 ;cases/./../tests/gcc-torture-execute-20020506-1.c:341: fest8 (ULONG_LONG_MAX, 1);
                           3705 ;	genIpush
                           3706 ;	genMove_o size 2 result type 2 source type 1 a_dead 1 hl_dead 1 de_dead 1 iy_dead 1 f_dead 1
   0DE1 21 01 00      [10] 3707 	ld	hl, #0x0001
   0DE4 E5            [11] 3708 	push	hl
                           3709 ;	genIpush
                           3710 ;	genMove_o size 2 result type 2 source type 1 a_dead 1 hl_dead 1 de_dead 1 iy_dead 1 f_dead 1
   0DE5 21 FF FF      [10] 3711 	ld	hl, #0xffff
   0DE8 E5            [11] 3712 	push	hl
                           3713 ;	genMove_o size 2 result type 2 source type 1 a_dead 1 hl_dead 1 de_dead 1 iy_dead 1 f_dead 1
   0DE9 E5            [11] 3714 	push	hl
                           3715 ;	genMove_o size 2 result type 2 source type 1 a_dead 1 hl_dead 1 de_dead 1 iy_dead 1 f_dead 1
   0DEA E5            [11] 3716 	push	hl
                           3717 ;	genMove_o size 2 result type 2 source type 1 a_dead 1 hl_dead 1 de_dead 1 iy_dead 1 f_dead 1
   0DEB E5            [11] 3718 	push	hl
                           3719 ;	genCall
   0DEC CDrDFs0A      [17] 3720 	call	_fest8
                           3721 ;cases/./../tests/gcc-torture-execute-20020506-1.c:343: return;
                           3722 ;	genRet
                           3723 ;	genLabel
                           3724 ; common peephole 159 removed unused label 00101$.
                           3725 ;cases/./../tests/gcc-torture-execute-20020506-1.c:346: }
                           3726 ;	genEndFunction
   0DEF C9            [10] 3727 	ret
                           3728 ;	Total testTortureExecute function size at codegen: 1 bytes.
                           3729 ;cases/tst_gcc-torture-execute-20020506-1.c:4: __runSuite(void)
                           3730 ;	genLabel
                           3731 ;	genFunction
                           3732 ;	---------------------------------
                           3733 ; Function __runSuite
                           3734 ; ---------------------------------
                           3735 ;	Register assignment is optimal.
                           3736 ; Stack space usage: 0 bytes.
   0DF0                    3737 ___runSuite::
                           3738 ;cases/tst_gcc-torture-execute-20020506-1.c:6: __prints("Running testTortureExecute\n");
                           3739 ;	skipping iCode since result will be rematerialized
                           3740 ;	skipping iCode since result will be rematerialized
                           3741 ;	genSend
                           3742 ;	genMove_o size 2 result type 2 source type 7 a_dead 1 hl_dead 1 de_dead 1 iy_dead 1 f_dead 1
   0DF0 21rF9s0D      [10] 3743 	ld	hl, #___str_25
                           3744 ;	genCall
   0DF3 CDr00s00      [17] 3745 	call	___prints
                           3746 ;cases/tst_gcc-torture-execute-20020506-1.c:7: testTortureExecute();
                           3747 ;	genCall
                           3748 ;	genLabel
                           3749 ; common peephole 159 removed unused label 00101$.
                           3750 ;cases/tst_gcc-torture-execute-20020506-1.c:8: }
                           3751 ;	genEndFunction
   0DF6 C3rB7s0C      [10] 3752 	jp	_testTortureExecute
                           3753 ; common peephole 152 removed unused ret.
                           3754 ;	Total __runSuite function size at codegen: 1 bytes.
   0DF9                    3755 ___str_25:
   0DF9 52 75 6E 6E 69 6E  3756 	.ascii "Running testTortureExecute"
        67 20 74 65 73 74
        54 6F 72 74 75 72
        65 45 78 65 63 75
        74 65
   0E13 0A                 3757 	.db 0x0a
   0E14 00                 3758 	.db 0x00
                           3759 ;cases/tst_gcc-torture-execute-20020506-1.c:13: __getSuiteName(void)
                           3760 ;	genLabel
                           3761 ;	genFunction
                           3762 ;	---------------------------------
                           3763 ; Function __getSuiteName
                           3764 ; ---------------------------------
                           3765 ;	Register assignment is optimal.
                           3766 ; Stack space usage: 0 bytes.
   0E15                    3767 ___getSuiteName::
                           3768 ;cases/tst_gcc-torture-execute-20020506-1.c:15: return "gcc-torture-execute-20020506-1.c";
                           3769 ;	skipping iCode since result will be rematerialized
                           3770 ;	skipping iCode since result will be rematerialized
                           3771 ;	genRet
                           3772 ;	genMove_o size 2 result type 2 source type 7 a_dead 1 hl_dead 1 de_dead 1 iy_dead 1 f_dead 1
   0E15 11r1Bs0E      [10] 3773 	ld	de, #___str_26
                           3774 ;	genLabel
                           3775 ; common peephole 159 removed unused label 00101$.
                           3776 ;cases/tst_gcc-torture-execute-20020506-1.c:16: }
                           3777 ;	genEndFunction
   0E18 C9            [10] 3778 	ret
                           3779 ;	Total __getSuiteName function size at codegen: 1 bytes.
   0E19                    3780 ___numCases:
   0E19 01 00              3781 	.dw #0x0001
   0E1B                    3782 ___str_26:
   0E1B 67 63 63 2D 74 6F  3783 	.ascii "gcc-torture-execute-20020506-1.c"
        72 74 75 72 65 2D
        65 78 65 63 75 74
        65 2D 32 30 30 32
        30 35 30 36 2D 31
        2E 63
   0E3B 00                 3784 	.db 0x00
                           3785 	.area _CODE (BANK=_CSEG)
                           3786 	.area _INITIALIZER
                           3787 	.area _CABS (ABS)
