                              1 ;--------------------------------------------------------
                              2 ; File Created by SDCC : free open source ISO C Compiler
                              3 ; Version 4.6.2 #16710 (Linux)
                              4 ;--------------------------------------------------------
                              5 	.module bitwidth_type_unsigned_long_long
                              6 	
                              7 ;--------------------------------------------------------
                              8 ; Public variables in this module
                              9 ;--------------------------------------------------------
                             10 	.globl _testCount
                             11 	.globl ___stdc_bit_ceilull
                             12 	.globl ___stdc_bit_width
                             13 	.globl ___prints
                             14 	.globl ___fail
                             15 	.globl _i
                             16 	.globl ___numCases
                             17 	.globl ___runSuite
                             18 	.globl ___getSuiteName
                             19 ;--------------------------------------------------------
                             20 ; special function registers
                             21 ;--------------------------------------------------------
                             22 ;--------------------------------------------------------
                             23 ; ram data
                             24 ;--------------------------------------------------------
                             25 	.area _DATA (BANK=_DSEG)
   0000                      26 _i::
   0000                      27 	.ds 8
                             28 ;--------------------------------------------------------
                             29 ; ram data
                             30 ;--------------------------------------------------------
                             31 	.area _INITIALIZED
                             32 ;--------------------------------------------------------
                             33 ; absolute ram data
                             34 ;--------------------------------------------------------
                             35 	.area _DABS (ABS)
                             36 	.area _DABS (ABS)
                             37 ;--------------------------------------------------------
                             38 ; global & static initialisations
                             39 ;--------------------------------------------------------
                             40 	.area _HOME
                             41 	.area _GSINIT
                             42 	.area _GSFINAL
                             43 	.area _GSINIT
                             44 ;--------------------------------------------------------
                             45 ; Home
                             46 ;--------------------------------------------------------
                             47 	.area _HOME (BANK=_CSEG)
                             48 	.area _HOME (BANK=_CSEG)
                             49 ;--------------------------------------------------------
                             50 ; code
                             51 ;--------------------------------------------------------
                             52 	.area _CODE (BANK=_CSEG)
                             53 ;cases/bitwidth/bitwidth_type_unsigned_long_long.c:16: testCount(void)
                             54 ;	genLabel
                             55 ;	genFunction
                             56 ;	---------------------------------
                             57 ; Function testCount
                             58 ; ---------------------------------
                             59 ;	Register assignment might be sub-optimal.
                             60 ; Stack space usage: 8 bytes.
   0000                      61 _testCount::
   0000 DD E5         [15]   62 	push	ix
   0002 DD 21 00 00   [14]   63 	ld	ix,	#0
   0006 DD 39         [15]   64 	add	ix, sp
                             65 ;	adjustStack by -8
   0008 21 F8 FF      [10]   66 	ld	hl, #-8
   000B 39            [11]   67 	add	hl, sp
   000C F9            [ 6]   68 	ld	sp, hl
                             69 ;cases/bitwidth/bitwidth_type_unsigned_long_long.c:19: i = 0x0;
                             70 ;	genAssign
                             71 ;	genMove_o size 8 result type 10 source type 1 a_dead 1 hl_dead 1 de_dead 1 iy_dead 1 f_dead 1
   000D AF            [ 4]   72 	xor	a, a
   000E 32r00s00      [13]   73 	ld	(_i+0), a
   0011 32r01s00      [13]   74 	ld	(_i+1), a
   0014 32r02s00      [13]   75 	ld	(_i+2), a
   0017 32r03s00      [13]   76 	ld	(_i+3), a
   001A 32r04s00      [13]   77 	ld	(_i+4), a
   001D 32r05s00      [13]   78 	ld	(_i+5), a
   0020 32r06s00      [13]   79 	ld	(_i+6), a
   0023 32r07s00      [13]   80 	ld	(_i+7), a
                             81 ;cases/bitwidth/bitwidth_type_unsigned_long_long.c:20: ASSERT (stdc_bit_width(i) == 0);
                             82 ;	genPlus
                             83 ;	genMove_o size 2 result type 2 source type 10 a_dead 1 hl_dead 1 de_dead 1 iy_dead 1 f_dead 1
   0026 2Ar00s00      [16]   84 	ld	hl, (___numTests)
   0029 23            [ 6]   85 	inc	hl
                             86 ;	genMove_o size 2 result type 10 source type 2 a_dead 1 hl_dead 1 de_dead 1 iy_dead 1 f_dead 1
   002A 22r00s00      [16]   87 	ld	(___numTests), hl
                             88 ;	genIpush
                             89 ;	genMove_o size 2 result type 2 source type 10 a_dead 1 hl_dead 1 de_dead 1 iy_dead 1 f_dead 1
   002D 2Ar06s00      [16]   90 	ld	hl, (_i + 6)
   0030 E5            [11]   91 	push	hl
                             92 ;	genMove_o size 2 result type 2 source type 10 a_dead 1 hl_dead 1 de_dead 1 iy_dead 1 f_dead 1
   0031 2Ar04s00      [16]   93 	ld	hl, (_i + 4)
   0034 E5            [11]   94 	push	hl
                             95 ;	genMove_o size 2 result type 2 source type 10 a_dead 1 hl_dead 1 de_dead 1 iy_dead 1 f_dead 1
   0035 2Ar02s00      [16]   96 	ld	hl, (_i + 2)
   0038 E5            [11]   97 	push	hl
                             98 ;	genMove_o size 2 result type 2 source type 10 a_dead 1 hl_dead 1 de_dead 1 iy_dead 1 f_dead 1
   0039 2Ar00s00      [16]   99 	ld	hl, (_i)
   003C E5            [11]  100 	push	hl
                            101 ;	genCall
   003D CDr00s00      [17]  102 	call	___stdc_bit_width
                            103 ;	genMove_o size 1 result type 2 source type 2 a_dead 1 hl_dead 1 de_dead 1 iy_dead 1 f_dead 1
                            104 ;	genIfx
   0040 B7            [ 4]  105 	or	a, a
                            106 ; common peephole 163 changed absolute to relative conditional jump.
   0041 28 11         [12]  107 	jr	z, 00104$
                            108 ;	skipping iCode since result will be rematerialized
                            109 ;	skipping iCode since result will be rematerialized
                            110 ;	skipping iCode since result will be rematerialized
                            111 ;	skipping iCode since result will be rematerialized
                            112 ;	skipping iCode since result will be rematerialized
                            113 ;	skipping iCode since result will be rematerialized
                            114 ;	genIpush
                            115 ;	genMove_o size 2 result type 2 source type 1 a_dead 1 hl_dead 1 de_dead 1 iy_dead 1 f_dead 1
   0043 21 14 00      [10]  116 	ld	hl, #0x0014
   0046 E5            [11]  117 	push	hl
                            118 ;	genIpush
                            119 ;	genMove_o size 2 result type 2 source type 7 a_dead 1 hl_dead 1 de_dead 1 iy_dead 1 f_dead 1
   0047 21r00s09      [10]  120 	ld	hl, #___str_2
   004A E5            [11]  121 	push	hl
                            122 ;	genSend
                            123 ;	genMove_o size 2 result type 2 source type 7 a_dead 1 hl_dead 1 de_dead 1 iy_dead 1 f_dead 1
   004B 11rE9s08      [10]  124 	ld	de, #___str_1
                            125 ;	genSend
                            126 ;	genMove_o size 2 result type 2 source type 7 a_dead 1 hl_dead 1 de_dead 0 iy_dead 1 f_dead 1
   004E 21rD8s08      [10]  127 	ld	hl, #___str_0
                            128 ;	genCall
   0051 CDr00s00      [17]  129 	call	___fail
                            130 ;	genLabel
   0054                     131 00104$:
                            132 ;cases/bitwidth/bitwidth_type_unsigned_long_long.c:21: ASSERT (stdc_bit_floor(i) == 0);
                            133 ;	genPlus
                            134 ;	genMove_o size 2 result type 2 source type 10 a_dead 1 hl_dead 1 de_dead 1 iy_dead 1 f_dead 1
   0054 2Ar00s00      [16]  135 	ld	hl, (___numTests)
   0057 23            [ 6]  136 	inc	hl
                            137 ;	genMove_o size 2 result type 10 source type 2 a_dead 1 hl_dead 1 de_dead 1 iy_dead 1 f_dead 1
   0058 22r00s00      [16]  138 	ld	(___numTests), hl
                            139 ;	genIpush
                            140 ;	genMove_o size 2 result type 2 source type 10 a_dead 1 hl_dead 1 de_dead 1 iy_dead 1 f_dead 1
   005B 2Ar06s00      [16]  141 	ld	hl, (_i + 6)
   005E E5            [11]  142 	push	hl
                            143 ;	genMove_o size 2 result type 2 source type 10 a_dead 1 hl_dead 1 de_dead 1 iy_dead 1 f_dead 1
   005F 2Ar04s00      [16]  144 	ld	hl, (_i + 4)
   0062 E5            [11]  145 	push	hl
                            146 ;	genMove_o size 2 result type 2 source type 10 a_dead 1 hl_dead 1 de_dead 1 iy_dead 1 f_dead 1
   0063 2Ar02s00      [16]  147 	ld	hl, (_i + 2)
   0066 E5            [11]  148 	push	hl
                            149 ;	genMove_o size 2 result type 2 source type 10 a_dead 1 hl_dead 1 de_dead 1 iy_dead 1 f_dead 1
   0067 2Ar00s00      [16]  150 	ld	hl, (_i)
   006A E5            [11]  151 	push	hl
                            152 ;	genCall
   006B CDr00s00      [17]  153 	call	___stdc_bit_width
                            154 ;	genMove_o size 1 result type 2 source type 2 a_dead 1 hl_dead 1 de_dead 1 iy_dead 1 f_dead 1
   006E 47            [ 4]  155 	ld	b, a
                            156 ;	genMove_o size 0 result type 2 source type 1 a_dead 1 hl_dead 1 de_dead 1 iy_dead 1 f_dead 1
                            157 ;	genLeftShift
                            158 ;	genMove_o size 8 result type 6 source type 1 a_dead 1 hl_dead 1 de_dead 1 iy_dead 1 f_dead 1
   006F DD 36 F8 01   [19]  159 	ld	-8 (ix), #0x01
   0073 AF            [ 4]  160 	xor	a, a
   0074 DD 77 F9      [19]  161 	ld	-7 (ix), a
   0077 DD 77 FA      [19]  162 	ld	-6 (ix), a
   007A DD 77 FB      [19]  163 	ld	-5 (ix), a
   007D DD 77 FC      [19]  164 	ld	-4 (ix), a
   0080 DD 77 FD      [19]  165 	ld	-3 (ix), a
   0083 DD 77 FE      [19]  166 	ld	-2 (ix), a
   0086 DD 77 FF      [19]  167 	ld	-1 (ix), a
                            168 ;	genMove_o size 0 result type 6 source type 1 a_dead 1 hl_dead 1 de_dead 1 iy_dead 1 f_dead 1
   0089 04            [ 4]  169 	inc	b
                            170 ; common peephole 162 changed absolute to relative unconditional jump.
   008A 18 20         [12]  171 	jr	00314$
   008C                     172 00313$:
   008C DD CB F8 26   [23]  173 	sla	-8 (ix)
   0090 DD CB F9 16   [23]  174 	rl	-7 (ix)
   0094 DD CB FA 16   [23]  175 	rl	-6 (ix)
   0098 DD CB FB 16   [23]  176 	rl	-5 (ix)
   009C DD CB FC 16   [23]  177 	rl	-4 (ix)
   00A0 DD CB FD 16   [23]  178 	rl	-3 (ix)
   00A4 DD CB FE 16   [23]  179 	rl	-2 (ix)
   00A8 DD CB FF 16   [23]  180 	rl	-1 (ix)
   00AC                     181 00314$:
   00AC 10 DE         [13]  182 	djnz	00313$
                            183 ;	genMove_o size 8 result type 6 source type 6 a_dead 1 hl_dead 1 de_dead 1 iy_dead 1 f_dead 1
                            184 ;	genRightShift
   00AE DD CB FF 3E   [23]  185 	srl	-1 (ix)
   00B2 DD CB FE 1E   [23]  186 	rr	-2 (ix)
   00B6 DD CB FD 1E   [23]  187 	rr	-3 (ix)
   00BA DD CB FC 1E   [23]  188 	rr	-4 (ix)
   00BE DD CB FB 1E   [23]  189 	rr	-5 (ix)
   00C2 DD CB FA 1E   [23]  190 	rr	-6 (ix)
   00C6 DD CB F9 1E   [23]  191 	rr	-7 (ix)
   00CA DD CB F8 1E   [23]  192 	rr	-8 (ix)
                            193 ;	genMove_o size 8 result type 6 source type 6 a_dead 1 hl_dead 1 de_dead 1 iy_dead 1 f_dead 1
                            194 ;	genIfx
   00CE DD 7E FF      [19]  195 	ld	a, -1 (ix)
   00D1 DD B6 FE      [19]  196 	or	a, -2 (ix)
   00D4 DD B6 FD      [19]  197 	or	a, -3 (ix)
   00D7 DD B6 FC      [19]  198 	or	a, -4 (ix)
   00DA DD B6 FB      [19]  199 	or	a, -5 (ix)
   00DD DD B6 FA      [19]  200 	or	a, -6 (ix)
   00E0 DD B6 F9      [19]  201 	or	a, -7 (ix)
   00E3 DD B6 F8      [19]  202 	or	a, -8 (ix)
                            203 ; common peephole 163 changed absolute to relative conditional jump.
   00E6 28 11         [12]  204 	jr	z, 00106$
                            205 ;	skipping iCode since result will be rematerialized
                            206 ;	skipping iCode since result will be rematerialized
                            207 ;	skipping iCode since result will be rematerialized
                            208 ;	skipping iCode since result will be rematerialized
                            209 ;	skipping iCode since result will be rematerialized
                            210 ;	skipping iCode since result will be rematerialized
                            211 ;	genIpush
                            212 ;	genMove_o size 2 result type 2 source type 1 a_dead 1 hl_dead 1 de_dead 1 iy_dead 1 f_dead 1
   00E8 21 15 00      [10]  213 	ld	hl, #0x0015
   00EB E5            [11]  214 	push	hl
                            215 ;	genIpush
                            216 ;	genMove_o size 2 result type 2 source type 7 a_dead 1 hl_dead 1 de_dead 1 iy_dead 1 f_dead 1
   00EC 21r00s09      [10]  217 	ld	hl, #___str_2
   00EF E5            [11]  218 	push	hl
                            219 ;	genSend
                            220 ;	genMove_o size 2 result type 2 source type 7 a_dead 1 hl_dead 1 de_dead 1 iy_dead 1 f_dead 1
   00F0 11r32s09      [10]  221 	ld	de, #___str_3
                            222 ;	genSend
                            223 ;	genMove_o size 2 result type 2 source type 7 a_dead 1 hl_dead 1 de_dead 0 iy_dead 1 f_dead 1
   00F3 21rD8s08      [10]  224 	ld	hl, #___str_0
                            225 ;	genCall
   00F6 CDr00s00      [17]  226 	call	___fail
                            227 ;	genLabel
   00F9                     228 00106$:
                            229 ;cases/bitwidth/bitwidth_type_unsigned_long_long.c:22: ASSERT (stdc_bit_ceil(i) == 1);
                            230 ;	genPlus
                            231 ;	genMove_o size 2 result type 2 source type 10 a_dead 1 hl_dead 1 de_dead 1 iy_dead 1 f_dead 1
   00F9 2Ar00s00      [16]  232 	ld	hl, (___numTests)
   00FC 23            [ 6]  233 	inc	hl
                            234 ;	genMove_o size 2 result type 10 source type 2 a_dead 1 hl_dead 1 de_dead 1 iy_dead 1 f_dead 1
   00FD 22r00s00      [16]  235 	ld	(___numTests), hl
                            236 ;	genIpush
                            237 ;	genMove_o size 2 result type 2 source type 10 a_dead 1 hl_dead 1 de_dead 1 iy_dead 1 f_dead 1
   0100 2Ar06s00      [16]  238 	ld	hl, (_i + 6)
   0103 E5            [11]  239 	push	hl
                            240 ;	genMove_o size 2 result type 2 source type 10 a_dead 1 hl_dead 1 de_dead 1 iy_dead 1 f_dead 1
   0104 2Ar04s00      [16]  241 	ld	hl, (_i + 4)
   0107 E5            [11]  242 	push	hl
                            243 ;	genMove_o size 2 result type 2 source type 10 a_dead 1 hl_dead 1 de_dead 1 iy_dead 1 f_dead 1
   0108 2Ar02s00      [16]  244 	ld	hl, (_i + 2)
   010B E5            [11]  245 	push	hl
                            246 ;	genMove_o size 2 result type 2 source type 10 a_dead 1 hl_dead 1 de_dead 1 iy_dead 1 f_dead 1
   010C 2Ar00s00      [16]  247 	ld	hl, (_i)
   010F E5            [11]  248 	push	hl
                            249 ;	genCall
   0110 21 08 00      [10]  250 	ld	hl, #0x0008
   0113 39            [11]  251 	add	hl, sp
   0114 E5            [11]  252 	push	hl
   0115 CDr00s00      [17]  253 	call	___stdc_bit_ceilull
                            254 ;	adjustStack by 10
   0118 21 0A 00      [10]  255 	ld	hl, #10
   011B 39            [11]  256 	add	hl, sp
   011C F9            [ 6]  257 	ld	sp, hl
                            258 ;	genCmpEq
                            259 ;	genMove_o size 1 result type 2 source type 6 a_dead 1 hl_dead 1 de_dead 0 iy_dead 0 f_dead 1
   011D DD 7E F8      [19]  260 	ld	a, -8 (ix)
                            261 ;	genMove_o size 0 result type 2 source type 1 a_dead 1 hl_dead 1 de_dead 0 iy_dead 0 f_dead 1
   0120 3D            [ 4]  262 	dec	a
   0121 DD B6 F9      [19]  263 	or	a, -7 (ix)
   0124 DD B6 FA      [19]  264 	or	a, -6 (ix)
   0127 DD B6 FB      [19]  265 	or	a, -5 (ix)
   012A DD B6 FC      [19]  266 	or	a, -4 (ix)
   012D DD B6 FD      [19]  267 	or	a, -3 (ix)
   0130 DD B6 FE      [19]  268 	or	a, -2 (ix)
   0133 DD B6 FF      [19]  269 	or	a, -1 (ix)
                            270 ; common peephole 163 changed absolute to relative conditional jump.
   0136 28 11         [12]  271 	jr	z, 00108$
                            272 ; common peephole 81 removed jp by using inverse jump logic
                            273 ; common peephole 159 removed unused label 00317$.
                            274 ;	skipping generated iCode
                            275 ;	skipping iCode since result will be rematerialized
                            276 ;	skipping iCode since result will be rematerialized
                            277 ;	skipping iCode since result will be rematerialized
                            278 ;	skipping iCode since result will be rematerialized
                            279 ;	skipping iCode since result will be rematerialized
                            280 ;	skipping iCode since result will be rematerialized
                            281 ;	genIpush
                            282 ;	genMove_o size 2 result type 2 source type 1 a_dead 1 hl_dead 1 de_dead 1 iy_dead 1 f_dead 1
   0138 21 16 00      [10]  283 	ld	hl, #0x0016
   013B E5            [11]  284 	push	hl
                            285 ;	genIpush
                            286 ;	genMove_o size 2 result type 2 source type 7 a_dead 1 hl_dead 1 de_dead 1 iy_dead 1 f_dead 1
   013C 21r00s09      [10]  287 	ld	hl, #___str_2
   013F E5            [11]  288 	push	hl
                            289 ;	genSend
                            290 ;	genMove_o size 2 result type 2 source type 7 a_dead 1 hl_dead 1 de_dead 1 iy_dead 1 f_dead 1
   0140 11r49s09      [10]  291 	ld	de, #___str_4
                            292 ;	genSend
                            293 ;	genMove_o size 2 result type 2 source type 7 a_dead 1 hl_dead 1 de_dead 0 iy_dead 1 f_dead 1
   0143 21rD8s08      [10]  294 	ld	hl, #___str_0
                            295 ;	genCall
   0146 CDr00s00      [17]  296 	call	___fail
                            297 ;	genLabel
   0149                     298 00108$:
                            299 ;cases/bitwidth/bitwidth_type_unsigned_long_long.c:24: i = 0x1;
                            300 ;	genAssign
                            301 ;	genMove_o size 8 result type 10 source type 1 a_dead 1 hl_dead 1 de_dead 1 iy_dead 1 f_dead 1
                            302 ; common peephole 56 used hl instead of iy.
                            303 ; common peephole 130a removed unnecessary +0 from constant
   0149 21r00s00      [10]  304 	ld	hl, #_i
   014C 36 01         [10]  305 	ld	(hl), #0x01
   014E AF            [ 4]  306 	xor	a, a
   014F 32r01s00      [13]  307 	ld	(_i+1), a
   0152 32r02s00      [13]  308 	ld	(_i+2), a
   0155 32r03s00      [13]  309 	ld	(_i+3), a
   0158 32r04s00      [13]  310 	ld	(_i+4), a
   015B 32r05s00      [13]  311 	ld	(_i+5), a
   015E 32r06s00      [13]  312 	ld	(_i+6), a
   0161 32r07s00      [13]  313 	ld	(_i+7), a
                            314 ;cases/bitwidth/bitwidth_type_unsigned_long_long.c:25: ASSERT (stdc_bit_width(i) == 1);
                            315 ;	genPlus
                            316 ;	genMove_o size 2 result type 2 source type 10 a_dead 1 hl_dead 1 de_dead 1 iy_dead 1 f_dead 1
   0164 2Ar00s00      [16]  317 	ld	hl, (___numTests)
   0167 23            [ 6]  318 	inc	hl
                            319 ;	genMove_o size 2 result type 10 source type 2 a_dead 1 hl_dead 1 de_dead 1 iy_dead 1 f_dead 1
   0168 22r00s00      [16]  320 	ld	(___numTests), hl
                            321 ;	genIpush
                            322 ;	genMove_o size 2 result type 2 source type 10 a_dead 1 hl_dead 1 de_dead 1 iy_dead 1 f_dead 1
   016B 2Ar06s00      [16]  323 	ld	hl, (_i + 6)
   016E E5            [11]  324 	push	hl
                            325 ;	genMove_o size 2 result type 2 source type 10 a_dead 1 hl_dead 1 de_dead 1 iy_dead 1 f_dead 1
   016F 2Ar04s00      [16]  326 	ld	hl, (_i + 4)
   0172 E5            [11]  327 	push	hl
                            328 ;	genMove_o size 2 result type 2 source type 10 a_dead 1 hl_dead 1 de_dead 1 iy_dead 1 f_dead 1
   0173 2Ar02s00      [16]  329 	ld	hl, (_i + 2)
   0176 E5            [11]  330 	push	hl
                            331 ;	genMove_o size 2 result type 2 source type 10 a_dead 1 hl_dead 1 de_dead 1 iy_dead 1 f_dead 1
   0177 2Ar00s00      [16]  332 	ld	hl, (_i)
   017A E5            [11]  333 	push	hl
                            334 ;	genCall
   017B CDr00s00      [17]  335 	call	___stdc_bit_width
                            336 ;	genMove_o size 1 result type 2 source type 2 a_dead 1 hl_dead 1 de_dead 1 iy_dead 1 f_dead 1
                            337 ;	genCmpEq
   017E FE 01         [ 7]  338 	cp	a, #0x01
                            339 ; common peephole 163 changed absolute to relative conditional jump.
   0180 28 11         [12]  340 	jr	z, 00110$
                            341 ; common peephole 81 removed jp by using inverse jump logic
                            342 ; common peephole 159 removed unused label 00318$.
                            343 ;	skipping generated iCode
                            344 ;	skipping iCode since result will be rematerialized
                            345 ;	skipping iCode since result will be rematerialized
                            346 ;	skipping iCode since result will be rematerialized
                            347 ;	skipping iCode since result will be rematerialized
                            348 ;	skipping iCode since result will be rematerialized
                            349 ;	skipping iCode since result will be rematerialized
                            350 ;	genIpush
                            351 ;	genMove_o size 2 result type 2 source type 1 a_dead 1 hl_dead 1 de_dead 1 iy_dead 1 f_dead 1
   0182 21 19 00      [10]  352 	ld	hl, #0x0019
   0185 E5            [11]  353 	push	hl
                            354 ;	genIpush
                            355 ;	genMove_o size 2 result type 2 source type 7 a_dead 1 hl_dead 1 de_dead 1 iy_dead 1 f_dead 1
   0186 21r00s09      [10]  356 	ld	hl, #___str_2
   0189 E5            [11]  357 	push	hl
                            358 ;	genSend
                            359 ;	genMove_o size 2 result type 2 source type 7 a_dead 1 hl_dead 1 de_dead 1 iy_dead 1 f_dead 1
   018A 11r5Fs09      [10]  360 	ld	de, #___str_5
                            361 ;	genSend
                            362 ;	genMove_o size 2 result type 2 source type 7 a_dead 1 hl_dead 1 de_dead 0 iy_dead 1 f_dead 1
   018D 21rD8s08      [10]  363 	ld	hl, #___str_0
                            364 ;	genCall
   0190 CDr00s00      [17]  365 	call	___fail
                            366 ;	genLabel
   0193                     367 00110$:
                            368 ;cases/bitwidth/bitwidth_type_unsigned_long_long.c:26: ASSERT (stdc_bit_floor(i) == 1);
                            369 ;	genPlus
                            370 ;	genMove_o size 2 result type 2 source type 10 a_dead 1 hl_dead 1 de_dead 1 iy_dead 1 f_dead 1
   0193 2Ar00s00      [16]  371 	ld	hl, (___numTests)
   0196 23            [ 6]  372 	inc	hl
                            373 ;	genMove_o size 2 result type 10 source type 2 a_dead 1 hl_dead 1 de_dead 1 iy_dead 1 f_dead 1
   0197 22r00s00      [16]  374 	ld	(___numTests), hl
                            375 ;	genIpush
                            376 ;	genMove_o size 2 result type 2 source type 10 a_dead 1 hl_dead 1 de_dead 1 iy_dead 1 f_dead 1
   019A 2Ar06s00      [16]  377 	ld	hl, (_i + 6)
   019D E5            [11]  378 	push	hl
                            379 ;	genMove_o size 2 result type 2 source type 10 a_dead 1 hl_dead 1 de_dead 1 iy_dead 1 f_dead 1
   019E 2Ar04s00      [16]  380 	ld	hl, (_i + 4)
   01A1 E5            [11]  381 	push	hl
                            382 ;	genMove_o size 2 result type 2 source type 10 a_dead 1 hl_dead 1 de_dead 1 iy_dead 1 f_dead 1
   01A2 2Ar02s00      [16]  383 	ld	hl, (_i + 2)
   01A5 E5            [11]  384 	push	hl
                            385 ;	genMove_o size 2 result type 2 source type 10 a_dead 1 hl_dead 1 de_dead 1 iy_dead 1 f_dead 1
   01A6 2Ar00s00      [16]  386 	ld	hl, (_i)
   01A9 E5            [11]  387 	push	hl
                            388 ;	genCall
   01AA CDr00s00      [17]  389 	call	___stdc_bit_width
                            390 ;	genMove_o size 1 result type 2 source type 2 a_dead 1 hl_dead 1 de_dead 1 iy_dead 1 f_dead 1
   01AD 47            [ 4]  391 	ld	b, a
                            392 ;	genMove_o size 0 result type 2 source type 1 a_dead 1 hl_dead 1 de_dead 1 iy_dead 1 f_dead 1
                            393 ;	genLeftShift
                            394 ;	genMove_o size 8 result type 6 source type 1 a_dead 1 hl_dead 1 de_dead 1 iy_dead 1 f_dead 1
   01AE DD 36 F8 01   [19]  395 	ld	-8 (ix), #0x01
   01B2 AF            [ 4]  396 	xor	a, a
   01B3 DD 77 F9      [19]  397 	ld	-7 (ix), a
   01B6 DD 77 FA      [19]  398 	ld	-6 (ix), a
   01B9 DD 77 FB      [19]  399 	ld	-5 (ix), a
   01BC DD 77 FC      [19]  400 	ld	-4 (ix), a
   01BF DD 77 FD      [19]  401 	ld	-3 (ix), a
   01C2 DD 77 FE      [19]  402 	ld	-2 (ix), a
   01C5 DD 77 FF      [19]  403 	ld	-1 (ix), a
                            404 ;	genMove_o size 0 result type 6 source type 1 a_dead 1 hl_dead 1 de_dead 1 iy_dead 1 f_dead 1
   01C8 04            [ 4]  405 	inc	b
                            406 ; common peephole 162 changed absolute to relative unconditional jump.
   01C9 18 20         [12]  407 	jr	00320$
   01CB                     408 00319$:
   01CB DD CB F8 26   [23]  409 	sla	-8 (ix)
   01CF DD CB F9 16   [23]  410 	rl	-7 (ix)
   01D3 DD CB FA 16   [23]  411 	rl	-6 (ix)
   01D7 DD CB FB 16   [23]  412 	rl	-5 (ix)
   01DB DD CB FC 16   [23]  413 	rl	-4 (ix)
   01DF DD CB FD 16   [23]  414 	rl	-3 (ix)
   01E3 DD CB FE 16   [23]  415 	rl	-2 (ix)
   01E7 DD CB FF 16   [23]  416 	rl	-1 (ix)
   01EB                     417 00320$:
   01EB 10 DE         [13]  418 	djnz	00319$
                            419 ;	genMove_o size 8 result type 6 source type 6 a_dead 1 hl_dead 1 de_dead 1 iy_dead 1 f_dead 1
                            420 ;	genRightShift
   01ED DD CB FF 3E   [23]  421 	srl	-1 (ix)
   01F1 DD CB FE 1E   [23]  422 	rr	-2 (ix)
   01F5 DD CB FD 1E   [23]  423 	rr	-3 (ix)
   01F9 DD CB FC 1E   [23]  424 	rr	-4 (ix)
   01FD DD CB FB 1E   [23]  425 	rr	-5 (ix)
   0201 DD CB FA 1E   [23]  426 	rr	-6 (ix)
   0205 DD CB F9 1E   [23]  427 	rr	-7 (ix)
   0209 DD CB F8 1E   [23]  428 	rr	-8 (ix)
                            429 ;	genMove_o size 8 result type 6 source type 6 a_dead 1 hl_dead 1 de_dead 1 iy_dead 1 f_dead 1
                            430 ;	genCmpEq
                            431 ;	genMove_o size 1 result type 2 source type 6 a_dead 1 hl_dead 1 de_dead 0 iy_dead 0 f_dead 1
   020D DD 7E F8      [19]  432 	ld	a, -8 (ix)
                            433 ;	genMove_o size 0 result type 2 source type 1 a_dead 1 hl_dead 1 de_dead 0 iy_dead 0 f_dead 1
   0210 3D            [ 4]  434 	dec	a
   0211 DD B6 F9      [19]  435 	or	a, -7 (ix)
   0214 DD B6 FA      [19]  436 	or	a, -6 (ix)
   0217 DD B6 FB      [19]  437 	or	a, -5 (ix)
   021A DD B6 FC      [19]  438 	or	a, -4 (ix)
   021D DD B6 FD      [19]  439 	or	a, -3 (ix)
   0220 DD B6 FE      [19]  440 	or	a, -2 (ix)
   0223 DD B6 FF      [19]  441 	or	a, -1 (ix)
                            442 ; common peephole 163 changed absolute to relative conditional jump.
   0226 28 11         [12]  443 	jr	z, 00112$
                            444 ; common peephole 81 removed jp by using inverse jump logic
                            445 ; common peephole 159 removed unused label 00323$.
                            446 ;	skipping generated iCode
                            447 ;	skipping iCode since result will be rematerialized
                            448 ;	skipping iCode since result will be rematerialized
                            449 ;	skipping iCode since result will be rematerialized
                            450 ;	skipping iCode since result will be rematerialized
                            451 ;	skipping iCode since result will be rematerialized
                            452 ;	skipping iCode since result will be rematerialized
                            453 ;	genIpush
                            454 ;	genMove_o size 2 result type 2 source type 1 a_dead 1 hl_dead 1 de_dead 1 iy_dead 1 f_dead 1
   0228 21 1A 00      [10]  455 	ld	hl, #0x001a
   022B E5            [11]  456 	push	hl
                            457 ;	genIpush
                            458 ;	genMove_o size 2 result type 2 source type 7 a_dead 1 hl_dead 1 de_dead 1 iy_dead 1 f_dead 1
   022C 21r00s09      [10]  459 	ld	hl, #___str_2
   022F E5            [11]  460 	push	hl
                            461 ;	genSend
                            462 ;	genMove_o size 2 result type 2 source type 7 a_dead 1 hl_dead 1 de_dead 1 iy_dead 1 f_dead 1
   0230 11r76s09      [10]  463 	ld	de, #___str_6
                            464 ;	genSend
                            465 ;	genMove_o size 2 result type 2 source type 7 a_dead 1 hl_dead 1 de_dead 0 iy_dead 1 f_dead 1
   0233 21rD8s08      [10]  466 	ld	hl, #___str_0
                            467 ;	genCall
   0236 CDr00s00      [17]  468 	call	___fail
                            469 ;	genLabel
   0239                     470 00112$:
                            471 ;cases/bitwidth/bitwidth_type_unsigned_long_long.c:27: ASSERT (stdc_bit_ceil(i) == 1);
                            472 ;	genPlus
                            473 ;	genMove_o size 2 result type 2 source type 10 a_dead 1 hl_dead 1 de_dead 1 iy_dead 1 f_dead 1
   0239 2Ar00s00      [16]  474 	ld	hl, (___numTests)
   023C 23            [ 6]  475 	inc	hl
                            476 ;	genMove_o size 2 result type 10 source type 2 a_dead 1 hl_dead 1 de_dead 1 iy_dead 1 f_dead 1
   023D 22r00s00      [16]  477 	ld	(___numTests), hl
                            478 ;	genIpush
                            479 ;	genMove_o size 2 result type 2 source type 10 a_dead 1 hl_dead 1 de_dead 1 iy_dead 1 f_dead 1
   0240 2Ar06s00      [16]  480 	ld	hl, (_i + 6)
   0243 E5            [11]  481 	push	hl
                            482 ;	genMove_o size 2 result type 2 source type 10 a_dead 1 hl_dead 1 de_dead 1 iy_dead 1 f_dead 1
   0244 2Ar04s00      [16]  483 	ld	hl, (_i + 4)
   0247 E5            [11]  484 	push	hl
                            485 ;	genMove_o size 2 result type 2 source type 10 a_dead 1 hl_dead 1 de_dead 1 iy_dead 1 f_dead 1
   0248 2Ar02s00      [16]  486 	ld	hl, (_i + 2)
   024B E5            [11]  487 	push	hl
                            488 ;	genMove_o size 2 result type 2 source type 10 a_dead 1 hl_dead 1 de_dead 1 iy_dead 1 f_dead 1
   024C 2Ar00s00      [16]  489 	ld	hl, (_i)
   024F E5            [11]  490 	push	hl
                            491 ;	genCall
   0250 21 08 00      [10]  492 	ld	hl, #0x0008
   0253 39            [11]  493 	add	hl, sp
   0254 E5            [11]  494 	push	hl
   0255 CDr00s00      [17]  495 	call	___stdc_bit_ceilull
                            496 ;	adjustStack by 10
   0258 21 0A 00      [10]  497 	ld	hl, #10
   025B 39            [11]  498 	add	hl, sp
   025C F9            [ 6]  499 	ld	sp, hl
                            500 ;	genCmpEq
                            501 ;	genMove_o size 1 result type 2 source type 6 a_dead 1 hl_dead 1 de_dead 0 iy_dead 0 f_dead 1
   025D DD 7E F8      [19]  502 	ld	a, -8 (ix)
                            503 ;	genMove_o size 0 result type 2 source type 1 a_dead 1 hl_dead 1 de_dead 0 iy_dead 0 f_dead 1
   0260 3D            [ 4]  504 	dec	a
   0261 DD B6 F9      [19]  505 	or	a, -7 (ix)
   0264 DD B6 FA      [19]  506 	or	a, -6 (ix)
   0267 DD B6 FB      [19]  507 	or	a, -5 (ix)
   026A DD B6 FC      [19]  508 	or	a, -4 (ix)
   026D DD B6 FD      [19]  509 	or	a, -3 (ix)
   0270 DD B6 FE      [19]  510 	or	a, -2 (ix)
   0273 DD B6 FF      [19]  511 	or	a, -1 (ix)
                            512 ; common peephole 163 changed absolute to relative conditional jump.
   0276 28 11         [12]  513 	jr	z, 00114$
                            514 ; common peephole 81 removed jp by using inverse jump logic
                            515 ; common peephole 159 removed unused label 00324$.
                            516 ;	skipping generated iCode
                            517 ;	skipping iCode since result will be rematerialized
                            518 ;	skipping iCode since result will be rematerialized
                            519 ;	skipping iCode since result will be rematerialized
                            520 ;	skipping iCode since result will be rematerialized
                            521 ;	skipping iCode since result will be rematerialized
                            522 ;	skipping iCode since result will be rematerialized
                            523 ;	genIpush
                            524 ;	genMove_o size 2 result type 2 source type 1 a_dead 1 hl_dead 1 de_dead 1 iy_dead 1 f_dead 1
   0278 21 1B 00      [10]  525 	ld	hl, #0x001b
   027B E5            [11]  526 	push	hl
                            527 ;	genIpush
                            528 ;	genMove_o size 2 result type 2 source type 7 a_dead 1 hl_dead 1 de_dead 1 iy_dead 1 f_dead 1
   027C 21r00s09      [10]  529 	ld	hl, #___str_2
   027F E5            [11]  530 	push	hl
                            531 ;	genSend
                            532 ;	genMove_o size 2 result type 2 source type 7 a_dead 1 hl_dead 1 de_dead 1 iy_dead 1 f_dead 1
   0280 11r49s09      [10]  533 	ld	de, #___str_4
                            534 ;	genSend
                            535 ;	genMove_o size 2 result type 2 source type 7 a_dead 1 hl_dead 1 de_dead 0 iy_dead 1 f_dead 1
   0283 21rD8s08      [10]  536 	ld	hl, #___str_0
                            537 ;	genCall
   0286 CDr00s00      [17]  538 	call	___fail
                            539 ;	genLabel
   0289                     540 00114$:
                            541 ;cases/bitwidth/bitwidth_type_unsigned_long_long.c:29: i = 0x2;
                            542 ;	genAssign
                            543 ;	genMove_o size 8 result type 10 source type 1 a_dead 1 hl_dead 1 de_dead 1 iy_dead 1 f_dead 1
                            544 ; common peephole 56 used hl instead of iy.
                            545 ; common peephole 130a removed unnecessary +0 from constant
   0289 21r00s00      [10]  546 	ld	hl, #_i
   028C 36 02         [10]  547 	ld	(hl), #0x02
   028E AF            [ 4]  548 	xor	a, a
   028F 32r01s00      [13]  549 	ld	(_i+1), a
   0292 32r02s00      [13]  550 	ld	(_i+2), a
   0295 32r03s00      [13]  551 	ld	(_i+3), a
   0298 32r04s00      [13]  552 	ld	(_i+4), a
   029B 32r05s00      [13]  553 	ld	(_i+5), a
   029E 32r06s00      [13]  554 	ld	(_i+6), a
   02A1 32r07s00      [13]  555 	ld	(_i+7), a
                            556 ;cases/bitwidth/bitwidth_type_unsigned_long_long.c:30: ASSERT (stdc_bit_width(i) == 2);
                            557 ;	genPlus
                            558 ;	genMove_o size 2 result type 2 source type 10 a_dead 1 hl_dead 1 de_dead 1 iy_dead 1 f_dead 1
   02A4 2Ar00s00      [16]  559 	ld	hl, (___numTests)
   02A7 23            [ 6]  560 	inc	hl
                            561 ;	genMove_o size 2 result type 10 source type 2 a_dead 1 hl_dead 1 de_dead 1 iy_dead 1 f_dead 1
   02A8 22r00s00      [16]  562 	ld	(___numTests), hl
                            563 ;	genIpush
                            564 ;	genMove_o size 2 result type 2 source type 10 a_dead 1 hl_dead 1 de_dead 1 iy_dead 1 f_dead 1
   02AB 2Ar06s00      [16]  565 	ld	hl, (_i + 6)
   02AE E5            [11]  566 	push	hl
                            567 ;	genMove_o size 2 result type 2 source type 10 a_dead 1 hl_dead 1 de_dead 1 iy_dead 1 f_dead 1
   02AF 2Ar04s00      [16]  568 	ld	hl, (_i + 4)
   02B2 E5            [11]  569 	push	hl
                            570 ;	genMove_o size 2 result type 2 source type 10 a_dead 1 hl_dead 1 de_dead 1 iy_dead 1 f_dead 1
   02B3 2Ar02s00      [16]  571 	ld	hl, (_i + 2)
   02B6 E5            [11]  572 	push	hl
                            573 ;	genMove_o size 2 result type 2 source type 10 a_dead 1 hl_dead 1 de_dead 1 iy_dead 1 f_dead 1
   02B7 2Ar00s00      [16]  574 	ld	hl, (_i)
   02BA E5            [11]  575 	push	hl
                            576 ;	genCall
   02BB CDr00s00      [17]  577 	call	___stdc_bit_width
                            578 ;	genMove_o size 1 result type 2 source type 2 a_dead 1 hl_dead 1 de_dead 1 iy_dead 1 f_dead 1
                            579 ;	genCmpEq
   02BE FE 02         [ 7]  580 	cp	a, #0x02
                            581 ; common peephole 163 changed absolute to relative conditional jump.
   02C0 28 11         [12]  582 	jr	z, 00116$
                            583 ; common peephole 81 removed jp by using inverse jump logic
                            584 ; common peephole 159 removed unused label 00325$.
                            585 ;	skipping generated iCode
                            586 ;	skipping iCode since result will be rematerialized
                            587 ;	skipping iCode since result will be rematerialized
                            588 ;	skipping iCode since result will be rematerialized
                            589 ;	skipping iCode since result will be rematerialized
                            590 ;	skipping iCode since result will be rematerialized
                            591 ;	skipping iCode since result will be rematerialized
                            592 ;	genIpush
                            593 ;	genMove_o size 2 result type 2 source type 1 a_dead 1 hl_dead 1 de_dead 1 iy_dead 1 f_dead 1
   02C2 21 1E 00      [10]  594 	ld	hl, #0x001e
   02C5 E5            [11]  595 	push	hl
                            596 ;	genIpush
                            597 ;	genMove_o size 2 result type 2 source type 7 a_dead 1 hl_dead 1 de_dead 1 iy_dead 1 f_dead 1
   02C6 21r00s09      [10]  598 	ld	hl, #___str_2
   02C9 E5            [11]  599 	push	hl
                            600 ;	genSend
                            601 ;	genMove_o size 2 result type 2 source type 7 a_dead 1 hl_dead 1 de_dead 1 iy_dead 1 f_dead 1
   02CA 11r8Ds09      [10]  602 	ld	de, #___str_7
                            603 ;	genSend
                            604 ;	genMove_o size 2 result type 2 source type 7 a_dead 1 hl_dead 1 de_dead 0 iy_dead 1 f_dead 1
   02CD 21rD8s08      [10]  605 	ld	hl, #___str_0
                            606 ;	genCall
   02D0 CDr00s00      [17]  607 	call	___fail
                            608 ;	genLabel
   02D3                     609 00116$:
                            610 ;cases/bitwidth/bitwidth_type_unsigned_long_long.c:31: ASSERT (stdc_bit_floor(i) == 2);
                            611 ;	genPlus
                            612 ;	genMove_o size 2 result type 2 source type 10 a_dead 1 hl_dead 1 de_dead 1 iy_dead 1 f_dead 1
   02D3 2Ar00s00      [16]  613 	ld	hl, (___numTests)
   02D6 23            [ 6]  614 	inc	hl
                            615 ;	genMove_o size 2 result type 10 source type 2 a_dead 1 hl_dead 1 de_dead 1 iy_dead 1 f_dead 1
   02D7 22r00s00      [16]  616 	ld	(___numTests), hl
                            617 ;	genIpush
                            618 ;	genMove_o size 2 result type 2 source type 10 a_dead 1 hl_dead 1 de_dead 1 iy_dead 1 f_dead 1
   02DA 2Ar06s00      [16]  619 	ld	hl, (_i + 6)
   02DD E5            [11]  620 	push	hl
                            621 ;	genMove_o size 2 result type 2 source type 10 a_dead 1 hl_dead 1 de_dead 1 iy_dead 1 f_dead 1
   02DE 2Ar04s00      [16]  622 	ld	hl, (_i + 4)
   02E1 E5            [11]  623 	push	hl
                            624 ;	genMove_o size 2 result type 2 source type 10 a_dead 1 hl_dead 1 de_dead 1 iy_dead 1 f_dead 1
   02E2 2Ar02s00      [16]  625 	ld	hl, (_i + 2)
   02E5 E5            [11]  626 	push	hl
                            627 ;	genMove_o size 2 result type 2 source type 10 a_dead 1 hl_dead 1 de_dead 1 iy_dead 1 f_dead 1
   02E6 2Ar00s00      [16]  628 	ld	hl, (_i)
   02E9 E5            [11]  629 	push	hl
                            630 ;	genCall
   02EA CDr00s00      [17]  631 	call	___stdc_bit_width
                            632 ;	genMove_o size 1 result type 2 source type 2 a_dead 1 hl_dead 1 de_dead 1 iy_dead 1 f_dead 1
   02ED 47            [ 4]  633 	ld	b, a
                            634 ;	genMove_o size 0 result type 2 source type 1 a_dead 1 hl_dead 1 de_dead 1 iy_dead 1 f_dead 1
                            635 ;	genLeftShift
                            636 ;	genMove_o size 8 result type 6 source type 1 a_dead 1 hl_dead 1 de_dead 1 iy_dead 1 f_dead 1
   02EE DD 36 F8 01   [19]  637 	ld	-8 (ix), #0x01
   02F2 AF            [ 4]  638 	xor	a, a
   02F3 DD 77 F9      [19]  639 	ld	-7 (ix), a
   02F6 DD 77 FA      [19]  640 	ld	-6 (ix), a
   02F9 DD 77 FB      [19]  641 	ld	-5 (ix), a
   02FC DD 77 FC      [19]  642 	ld	-4 (ix), a
   02FF DD 77 FD      [19]  643 	ld	-3 (ix), a
   0302 DD 77 FE      [19]  644 	ld	-2 (ix), a
   0305 DD 77 FF      [19]  645 	ld	-1 (ix), a
                            646 ;	genMove_o size 0 result type 6 source type 1 a_dead 1 hl_dead 1 de_dead 1 iy_dead 1 f_dead 1
   0308 04            [ 4]  647 	inc	b
                            648 ; common peephole 162 changed absolute to relative unconditional jump.
   0309 18 20         [12]  649 	jr	00327$
   030B                     650 00326$:
   030B DD CB F8 26   [23]  651 	sla	-8 (ix)
   030F DD CB F9 16   [23]  652 	rl	-7 (ix)
   0313 DD CB FA 16   [23]  653 	rl	-6 (ix)
   0317 DD CB FB 16   [23]  654 	rl	-5 (ix)
   031B DD CB FC 16   [23]  655 	rl	-4 (ix)
   031F DD CB FD 16   [23]  656 	rl	-3 (ix)
   0323 DD CB FE 16   [23]  657 	rl	-2 (ix)
   0327 DD CB FF 16   [23]  658 	rl	-1 (ix)
   032B                     659 00327$:
   032B 10 DE         [13]  660 	djnz	00326$
                            661 ;	genMove_o size 8 result type 6 source type 6 a_dead 1 hl_dead 1 de_dead 1 iy_dead 1 f_dead 1
                            662 ;	genRightShift
   032D DD CB FF 3E   [23]  663 	srl	-1 (ix)
   0331 DD CB FE 1E   [23]  664 	rr	-2 (ix)
   0335 DD CB FD 1E   [23]  665 	rr	-3 (ix)
   0339 DD CB FC 1E   [23]  666 	rr	-4 (ix)
   033D DD CB FB 1E   [23]  667 	rr	-5 (ix)
   0341 DD CB FA 1E   [23]  668 	rr	-6 (ix)
   0345 DD CB F9 1E   [23]  669 	rr	-7 (ix)
   0349 DD CB F8 1E   [23]  670 	rr	-8 (ix)
                            671 ;	genMove_o size 8 result type 6 source type 6 a_dead 1 hl_dead 1 de_dead 1 iy_dead 1 f_dead 1
                            672 ;	genCmpEq
                            673 ;	genMove_o size 1 result type 2 source type 6 a_dead 1 hl_dead 1 de_dead 0 iy_dead 0 f_dead 1
   034D DD 7E F8      [19]  674 	ld	a, -8 (ix)
                            675 ;	genMove_o size 0 result type 2 source type 1 a_dead 1 hl_dead 1 de_dead 0 iy_dead 0 f_dead 1
   0350 D6 02         [ 7]  676 	sub	a, #0x02
   0352 DD B6 F9      [19]  677 	or	a, -7 (ix)
   0355 DD B6 FA      [19]  678 	or	a, -6 (ix)
   0358 DD B6 FB      [19]  679 	or	a, -5 (ix)
   035B DD B6 FC      [19]  680 	or	a, -4 (ix)
   035E DD B6 FD      [19]  681 	or	a, -3 (ix)
   0361 DD B6 FE      [19]  682 	or	a, -2 (ix)
   0364 DD B6 FF      [19]  683 	or	a, -1 (ix)
                            684 ; common peephole 163 changed absolute to relative conditional jump.
   0367 28 11         [12]  685 	jr	z, 00118$
                            686 ; common peephole 81 removed jp by using inverse jump logic
                            687 ; common peephole 159 removed unused label 00330$.
                            688 ;	skipping generated iCode
                            689 ;	skipping iCode since result will be rematerialized
                            690 ;	skipping iCode since result will be rematerialized
                            691 ;	skipping iCode since result will be rematerialized
                            692 ;	skipping iCode since result will be rematerialized
                            693 ;	skipping iCode since result will be rematerialized
                            694 ;	skipping iCode since result will be rematerialized
                            695 ;	genIpush
                            696 ;	genMove_o size 2 result type 2 source type 1 a_dead 1 hl_dead 1 de_dead 1 iy_dead 1 f_dead 1
   0369 21 1F 00      [10]  697 	ld	hl, #0x001f
   036C E5            [11]  698 	push	hl
                            699 ;	genIpush
                            700 ;	genMove_o size 2 result type 2 source type 7 a_dead 1 hl_dead 1 de_dead 1 iy_dead 1 f_dead 1
   036D 21r00s09      [10]  701 	ld	hl, #___str_2
   0370 E5            [11]  702 	push	hl
                            703 ;	genSend
                            704 ;	genMove_o size 2 result type 2 source type 7 a_dead 1 hl_dead 1 de_dead 1 iy_dead 1 f_dead 1
   0371 11rA4s09      [10]  705 	ld	de, #___str_8
                            706 ;	genSend
                            707 ;	genMove_o size 2 result type 2 source type 7 a_dead 1 hl_dead 1 de_dead 0 iy_dead 1 f_dead 1
   0374 21rD8s08      [10]  708 	ld	hl, #___str_0
                            709 ;	genCall
   0377 CDr00s00      [17]  710 	call	___fail
                            711 ;	genLabel
   037A                     712 00118$:
                            713 ;cases/bitwidth/bitwidth_type_unsigned_long_long.c:32: ASSERT (stdc_bit_ceil(i) == 2);
                            714 ;	genPlus
                            715 ;	genMove_o size 2 result type 2 source type 10 a_dead 1 hl_dead 1 de_dead 1 iy_dead 1 f_dead 1
   037A 2Ar00s00      [16]  716 	ld	hl, (___numTests)
   037D 23            [ 6]  717 	inc	hl
                            718 ;	genMove_o size 2 result type 10 source type 2 a_dead 1 hl_dead 1 de_dead 1 iy_dead 1 f_dead 1
   037E 22r00s00      [16]  719 	ld	(___numTests), hl
                            720 ;	genIpush
                            721 ;	genMove_o size 2 result type 2 source type 10 a_dead 1 hl_dead 1 de_dead 1 iy_dead 1 f_dead 1
   0381 2Ar06s00      [16]  722 	ld	hl, (_i + 6)
   0384 E5            [11]  723 	push	hl
                            724 ;	genMove_o size 2 result type 2 source type 10 a_dead 1 hl_dead 1 de_dead 1 iy_dead 1 f_dead 1
   0385 2Ar04s00      [16]  725 	ld	hl, (_i + 4)
   0388 E5            [11]  726 	push	hl
                            727 ;	genMove_o size 2 result type 2 source type 10 a_dead 1 hl_dead 1 de_dead 1 iy_dead 1 f_dead 1
   0389 2Ar02s00      [16]  728 	ld	hl, (_i + 2)
   038C E5            [11]  729 	push	hl
                            730 ;	genMove_o size 2 result type 2 source type 10 a_dead 1 hl_dead 1 de_dead 1 iy_dead 1 f_dead 1
   038D 2Ar00s00      [16]  731 	ld	hl, (_i)
   0390 E5            [11]  732 	push	hl
                            733 ;	genCall
   0391 21 08 00      [10]  734 	ld	hl, #0x0008
   0394 39            [11]  735 	add	hl, sp
   0395 E5            [11]  736 	push	hl
   0396 CDr00s00      [17]  737 	call	___stdc_bit_ceilull
                            738 ;	adjustStack by 10
   0399 21 0A 00      [10]  739 	ld	hl, #10
   039C 39            [11]  740 	add	hl, sp
   039D F9            [ 6]  741 	ld	sp, hl
                            742 ;	genCmpEq
                            743 ;	genMove_o size 1 result type 2 source type 6 a_dead 1 hl_dead 1 de_dead 0 iy_dead 0 f_dead 1
   039E DD 7E F8      [19]  744 	ld	a, -8 (ix)
                            745 ;	genMove_o size 0 result type 2 source type 1 a_dead 1 hl_dead 1 de_dead 0 iy_dead 0 f_dead 1
   03A1 D6 02         [ 7]  746 	sub	a, #0x02
   03A3 DD B6 F9      [19]  747 	or	a, -7 (ix)
   03A6 DD B6 FA      [19]  748 	or	a, -6 (ix)
   03A9 DD B6 FB      [19]  749 	or	a, -5 (ix)
   03AC DD B6 FC      [19]  750 	or	a, -4 (ix)
   03AF DD B6 FD      [19]  751 	or	a, -3 (ix)
   03B2 DD B6 FE      [19]  752 	or	a, -2 (ix)
   03B5 DD B6 FF      [19]  753 	or	a, -1 (ix)
                            754 ; common peephole 163 changed absolute to relative conditional jump.
   03B8 28 11         [12]  755 	jr	z, 00120$
                            756 ; common peephole 81 removed jp by using inverse jump logic
                            757 ; common peephole 159 removed unused label 00331$.
                            758 ;	skipping generated iCode
                            759 ;	skipping iCode since result will be rematerialized
                            760 ;	skipping iCode since result will be rematerialized
                            761 ;	skipping iCode since result will be rematerialized
                            762 ;	skipping iCode since result will be rematerialized
                            763 ;	skipping iCode since result will be rematerialized
                            764 ;	skipping iCode since result will be rematerialized
                            765 ;	genIpush
                            766 ;	genMove_o size 2 result type 2 source type 1 a_dead 1 hl_dead 1 de_dead 1 iy_dead 1 f_dead 1
   03BA 21 20 00      [10]  767 	ld	hl, #0x0020
   03BD E5            [11]  768 	push	hl
                            769 ;	genIpush
                            770 ;	genMove_o size 2 result type 2 source type 7 a_dead 1 hl_dead 1 de_dead 1 iy_dead 1 f_dead 1
   03BE 21r00s09      [10]  771 	ld	hl, #___str_2
   03C1 E5            [11]  772 	push	hl
                            773 ;	genSend
                            774 ;	genMove_o size 2 result type 2 source type 7 a_dead 1 hl_dead 1 de_dead 1 iy_dead 1 f_dead 1
   03C2 11rBBs09      [10]  775 	ld	de, #___str_9
                            776 ;	genSend
                            777 ;	genMove_o size 2 result type 2 source type 7 a_dead 1 hl_dead 1 de_dead 0 iy_dead 1 f_dead 1
   03C5 21rD8s08      [10]  778 	ld	hl, #___str_0
                            779 ;	genCall
   03C8 CDr00s00      [17]  780 	call	___fail
                            781 ;	genLabel
   03CB                     782 00120$:
                            783 ;cases/bitwidth/bitwidth_type_unsigned_long_long.c:34: i = 0x3;
                            784 ;	genAssign
                            785 ;	genMove_o size 8 result type 10 source type 1 a_dead 1 hl_dead 1 de_dead 1 iy_dead 1 f_dead 1
                            786 ; common peephole 56 used hl instead of iy.
                            787 ; common peephole 130a removed unnecessary +0 from constant
   03CB 21r00s00      [10]  788 	ld	hl, #_i
   03CE 36 03         [10]  789 	ld	(hl), #0x03
   03D0 AF            [ 4]  790 	xor	a, a
   03D1 32r01s00      [13]  791 	ld	(_i+1), a
   03D4 32r02s00      [13]  792 	ld	(_i+2), a
   03D7 32r03s00      [13]  793 	ld	(_i+3), a
   03DA 32r04s00      [13]  794 	ld	(_i+4), a
   03DD 32r05s00      [13]  795 	ld	(_i+5), a
   03E0 32r06s00      [13]  796 	ld	(_i+6), a
   03E3 32r07s00      [13]  797 	ld	(_i+7), a
                            798 ;cases/bitwidth/bitwidth_type_unsigned_long_long.c:35: ASSERT (stdc_bit_width(i) == 2);
                            799 ;	genPlus
                            800 ;	genMove_o size 2 result type 2 source type 10 a_dead 1 hl_dead 1 de_dead 1 iy_dead 1 f_dead 1
   03E6 2Ar00s00      [16]  801 	ld	hl, (___numTests)
   03E9 23            [ 6]  802 	inc	hl
                            803 ;	genMove_o size 2 result type 10 source type 2 a_dead 1 hl_dead 1 de_dead 1 iy_dead 1 f_dead 1
   03EA 22r00s00      [16]  804 	ld	(___numTests), hl
                            805 ;	genIpush
                            806 ;	genMove_o size 2 result type 2 source type 10 a_dead 1 hl_dead 1 de_dead 1 iy_dead 1 f_dead 1
   03ED 2Ar06s00      [16]  807 	ld	hl, (_i + 6)
   03F0 E5            [11]  808 	push	hl
                            809 ;	genMove_o size 2 result type 2 source type 10 a_dead 1 hl_dead 1 de_dead 1 iy_dead 1 f_dead 1
   03F1 2Ar04s00      [16]  810 	ld	hl, (_i + 4)
   03F4 E5            [11]  811 	push	hl
                            812 ;	genMove_o size 2 result type 2 source type 10 a_dead 1 hl_dead 1 de_dead 1 iy_dead 1 f_dead 1
   03F5 2Ar02s00      [16]  813 	ld	hl, (_i + 2)
   03F8 E5            [11]  814 	push	hl
                            815 ;	genMove_o size 2 result type 2 source type 10 a_dead 1 hl_dead 1 de_dead 1 iy_dead 1 f_dead 1
   03F9 2Ar00s00      [16]  816 	ld	hl, (_i)
   03FC E5            [11]  817 	push	hl
                            818 ;	genCall
   03FD CDr00s00      [17]  819 	call	___stdc_bit_width
                            820 ;	genMove_o size 1 result type 2 source type 2 a_dead 1 hl_dead 1 de_dead 1 iy_dead 1 f_dead 1
                            821 ;	genCmpEq
   0400 FE 02         [ 7]  822 	cp	a, #0x02
                            823 ; common peephole 163 changed absolute to relative conditional jump.
   0402 28 11         [12]  824 	jr	z, 00122$
                            825 ; common peephole 81 removed jp by using inverse jump logic
                            826 ; common peephole 159 removed unused label 00332$.
                            827 ;	skipping generated iCode
                            828 ;	skipping iCode since result will be rematerialized
                            829 ;	skipping iCode since result will be rematerialized
                            830 ;	skipping iCode since result will be rematerialized
                            831 ;	skipping iCode since result will be rematerialized
                            832 ;	skipping iCode since result will be rematerialized
                            833 ;	skipping iCode since result will be rematerialized
                            834 ;	genIpush
                            835 ;	genMove_o size 2 result type 2 source type 1 a_dead 1 hl_dead 1 de_dead 1 iy_dead 1 f_dead 1
   0404 21 23 00      [10]  836 	ld	hl, #0x0023
   0407 E5            [11]  837 	push	hl
                            838 ;	genIpush
                            839 ;	genMove_o size 2 result type 2 source type 7 a_dead 1 hl_dead 1 de_dead 1 iy_dead 1 f_dead 1
   0408 21r00s09      [10]  840 	ld	hl, #___str_2
   040B E5            [11]  841 	push	hl
                            842 ;	genSend
                            843 ;	genMove_o size 2 result type 2 source type 7 a_dead 1 hl_dead 1 de_dead 1 iy_dead 1 f_dead 1
   040C 11r8Ds09      [10]  844 	ld	de, #___str_7
                            845 ;	genSend
                            846 ;	genMove_o size 2 result type 2 source type 7 a_dead 1 hl_dead 1 de_dead 0 iy_dead 1 f_dead 1
   040F 21rD8s08      [10]  847 	ld	hl, #___str_0
                            848 ;	genCall
   0412 CDr00s00      [17]  849 	call	___fail
                            850 ;	genLabel
   0415                     851 00122$:
                            852 ;cases/bitwidth/bitwidth_type_unsigned_long_long.c:36: ASSERT (stdc_bit_floor(i) == 2);
                            853 ;	genPlus
                            854 ;	genMove_o size 2 result type 2 source type 10 a_dead 1 hl_dead 1 de_dead 1 iy_dead 1 f_dead 1
   0415 2Ar00s00      [16]  855 	ld	hl, (___numTests)
   0418 23            [ 6]  856 	inc	hl
                            857 ;	genMove_o size 2 result type 10 source type 2 a_dead 1 hl_dead 1 de_dead 1 iy_dead 1 f_dead 1
   0419 22r00s00      [16]  858 	ld	(___numTests), hl
                            859 ;	genIpush
                            860 ;	genMove_o size 2 result type 2 source type 10 a_dead 1 hl_dead 1 de_dead 1 iy_dead 1 f_dead 1
   041C 2Ar06s00      [16]  861 	ld	hl, (_i + 6)
   041F E5            [11]  862 	push	hl
                            863 ;	genMove_o size 2 result type 2 source type 10 a_dead 1 hl_dead 1 de_dead 1 iy_dead 1 f_dead 1
   0420 2Ar04s00      [16]  864 	ld	hl, (_i + 4)
   0423 E5            [11]  865 	push	hl
                            866 ;	genMove_o size 2 result type 2 source type 10 a_dead 1 hl_dead 1 de_dead 1 iy_dead 1 f_dead 1
   0424 2Ar02s00      [16]  867 	ld	hl, (_i + 2)
   0427 E5            [11]  868 	push	hl
                            869 ;	genMove_o size 2 result type 2 source type 10 a_dead 1 hl_dead 1 de_dead 1 iy_dead 1 f_dead 1
   0428 2Ar00s00      [16]  870 	ld	hl, (_i)
   042B E5            [11]  871 	push	hl
                            872 ;	genCall
   042C CDr00s00      [17]  873 	call	___stdc_bit_width
                            874 ;	genMove_o size 1 result type 2 source type 2 a_dead 1 hl_dead 1 de_dead 1 iy_dead 1 f_dead 1
   042F 47            [ 4]  875 	ld	b, a
                            876 ;	genMove_o size 0 result type 2 source type 1 a_dead 1 hl_dead 1 de_dead 1 iy_dead 1 f_dead 1
                            877 ;	genLeftShift
                            878 ;	genMove_o size 8 result type 6 source type 1 a_dead 1 hl_dead 1 de_dead 1 iy_dead 1 f_dead 1
   0430 DD 36 F8 01   [19]  879 	ld	-8 (ix), #0x01
   0434 AF            [ 4]  880 	xor	a, a
   0435 DD 77 F9      [19]  881 	ld	-7 (ix), a
   0438 DD 77 FA      [19]  882 	ld	-6 (ix), a
   043B DD 77 FB      [19]  883 	ld	-5 (ix), a
   043E DD 77 FC      [19]  884 	ld	-4 (ix), a
   0441 DD 77 FD      [19]  885 	ld	-3 (ix), a
   0444 DD 77 FE      [19]  886 	ld	-2 (ix), a
   0447 DD 77 FF      [19]  887 	ld	-1 (ix), a
                            888 ;	genMove_o size 0 result type 6 source type 1 a_dead 1 hl_dead 1 de_dead 1 iy_dead 1 f_dead 1
   044A 04            [ 4]  889 	inc	b
                            890 ; common peephole 162 changed absolute to relative unconditional jump.
   044B 18 20         [12]  891 	jr	00334$
   044D                     892 00333$:
   044D DD CB F8 26   [23]  893 	sla	-8 (ix)
   0451 DD CB F9 16   [23]  894 	rl	-7 (ix)
   0455 DD CB FA 16   [23]  895 	rl	-6 (ix)
   0459 DD CB FB 16   [23]  896 	rl	-5 (ix)
   045D DD CB FC 16   [23]  897 	rl	-4 (ix)
   0461 DD CB FD 16   [23]  898 	rl	-3 (ix)
   0465 DD CB FE 16   [23]  899 	rl	-2 (ix)
   0469 DD CB FF 16   [23]  900 	rl	-1 (ix)
   046D                     901 00334$:
   046D 10 DE         [13]  902 	djnz	00333$
                            903 ;	genMove_o size 8 result type 6 source type 6 a_dead 1 hl_dead 1 de_dead 1 iy_dead 1 f_dead 1
                            904 ;	genRightShift
   046F DD CB FF 3E   [23]  905 	srl	-1 (ix)
   0473 DD CB FE 1E   [23]  906 	rr	-2 (ix)
   0477 DD CB FD 1E   [23]  907 	rr	-3 (ix)
   047B DD CB FC 1E   [23]  908 	rr	-4 (ix)
   047F DD CB FB 1E   [23]  909 	rr	-5 (ix)
   0483 DD CB FA 1E   [23]  910 	rr	-6 (ix)
   0487 DD CB F9 1E   [23]  911 	rr	-7 (ix)
   048B DD CB F8 1E   [23]  912 	rr	-8 (ix)
                            913 ;	genMove_o size 8 result type 6 source type 6 a_dead 1 hl_dead 1 de_dead 1 iy_dead 1 f_dead 1
                            914 ;	genCmpEq
                            915 ;	genMove_o size 1 result type 2 source type 6 a_dead 1 hl_dead 1 de_dead 0 iy_dead 0 f_dead 1
   048F DD 7E F8      [19]  916 	ld	a, -8 (ix)
                            917 ;	genMove_o size 0 result type 2 source type 1 a_dead 1 hl_dead 1 de_dead 0 iy_dead 0 f_dead 1
   0492 D6 02         [ 7]  918 	sub	a, #0x02
   0494 DD B6 F9      [19]  919 	or	a, -7 (ix)
   0497 DD B6 FA      [19]  920 	or	a, -6 (ix)
   049A DD B6 FB      [19]  921 	or	a, -5 (ix)
   049D DD B6 FC      [19]  922 	or	a, -4 (ix)
   04A0 DD B6 FD      [19]  923 	or	a, -3 (ix)
   04A3 DD B6 FE      [19]  924 	or	a, -2 (ix)
   04A6 DD B6 FF      [19]  925 	or	a, -1 (ix)
                            926 ; common peephole 163 changed absolute to relative conditional jump.
   04A9 28 11         [12]  927 	jr	z, 00124$
                            928 ; common peephole 81 removed jp by using inverse jump logic
                            929 ; common peephole 159 removed unused label 00337$.
                            930 ;	skipping generated iCode
                            931 ;	skipping iCode since result will be rematerialized
                            932 ;	skipping iCode since result will be rematerialized
                            933 ;	skipping iCode since result will be rematerialized
                            934 ;	skipping iCode since result will be rematerialized
                            935 ;	skipping iCode since result will be rematerialized
                            936 ;	skipping iCode since result will be rematerialized
                            937 ;	genIpush
                            938 ;	genMove_o size 2 result type 2 source type 1 a_dead 1 hl_dead 1 de_dead 1 iy_dead 1 f_dead 1
   04AB 21 24 00      [10]  939 	ld	hl, #0x0024
   04AE E5            [11]  940 	push	hl
                            941 ;	genIpush
                            942 ;	genMove_o size 2 result type 2 source type 7 a_dead 1 hl_dead 1 de_dead 1 iy_dead 1 f_dead 1
   04AF 21r00s09      [10]  943 	ld	hl, #___str_2
   04B2 E5            [11]  944 	push	hl
                            945 ;	genSend
                            946 ;	genMove_o size 2 result type 2 source type 7 a_dead 1 hl_dead 1 de_dead 1 iy_dead 1 f_dead 1
   04B3 11rA4s09      [10]  947 	ld	de, #___str_8
                            948 ;	genSend
                            949 ;	genMove_o size 2 result type 2 source type 7 a_dead 1 hl_dead 1 de_dead 0 iy_dead 1 f_dead 1
   04B6 21rD8s08      [10]  950 	ld	hl, #___str_0
                            951 ;	genCall
   04B9 CDr00s00      [17]  952 	call	___fail
                            953 ;	genLabel
   04BC                     954 00124$:
                            955 ;cases/bitwidth/bitwidth_type_unsigned_long_long.c:37: ASSERT (stdc_bit_ceil(i) == 4);
                            956 ;	genPlus
                            957 ;	genMove_o size 2 result type 2 source type 10 a_dead 1 hl_dead 1 de_dead 1 iy_dead 1 f_dead 1
   04BC 2Ar00s00      [16]  958 	ld	hl, (___numTests)
   04BF 23            [ 6]  959 	inc	hl
                            960 ;	genMove_o size 2 result type 10 source type 2 a_dead 1 hl_dead 1 de_dead 1 iy_dead 1 f_dead 1
   04C0 22r00s00      [16]  961 	ld	(___numTests), hl
                            962 ;	genIpush
                            963 ;	genMove_o size 2 result type 2 source type 10 a_dead 1 hl_dead 1 de_dead 1 iy_dead 1 f_dead 1
   04C3 2Ar06s00      [16]  964 	ld	hl, (_i + 6)
   04C6 E5            [11]  965 	push	hl
                            966 ;	genMove_o size 2 result type 2 source type 10 a_dead 1 hl_dead 1 de_dead 1 iy_dead 1 f_dead 1
   04C7 2Ar04s00      [16]  967 	ld	hl, (_i + 4)
   04CA E5            [11]  968 	push	hl
                            969 ;	genMove_o size 2 result type 2 source type 10 a_dead 1 hl_dead 1 de_dead 1 iy_dead 1 f_dead 1
   04CB 2Ar02s00      [16]  970 	ld	hl, (_i + 2)
   04CE E5            [11]  971 	push	hl
                            972 ;	genMove_o size 2 result type 2 source type 10 a_dead 1 hl_dead 1 de_dead 1 iy_dead 1 f_dead 1
   04CF 2Ar00s00      [16]  973 	ld	hl, (_i)
   04D2 E5            [11]  974 	push	hl
                            975 ;	genCall
   04D3 21 08 00      [10]  976 	ld	hl, #0x0008
   04D6 39            [11]  977 	add	hl, sp
   04D7 E5            [11]  978 	push	hl
   04D8 CDr00s00      [17]  979 	call	___stdc_bit_ceilull
                            980 ;	adjustStack by 10
   04DB 21 0A 00      [10]  981 	ld	hl, #10
   04DE 39            [11]  982 	add	hl, sp
   04DF F9            [ 6]  983 	ld	sp, hl
                            984 ;	genCmpEq
                            985 ;	genMove_o size 1 result type 2 source type 6 a_dead 1 hl_dead 1 de_dead 0 iy_dead 0 f_dead 1
   04E0 DD 7E F8      [19]  986 	ld	a, -8 (ix)
                            987 ;	genMove_o size 0 result type 2 source type 1 a_dead 1 hl_dead 1 de_dead 0 iy_dead 0 f_dead 1
   04E3 D6 04         [ 7]  988 	sub	a, #0x04
   04E5 DD B6 F9      [19]  989 	or	a, -7 (ix)
   04E8 DD B6 FA      [19]  990 	or	a, -6 (ix)
   04EB DD B6 FB      [19]  991 	or	a, -5 (ix)
   04EE DD B6 FC      [19]  992 	or	a, -4 (ix)
   04F1 DD B6 FD      [19]  993 	or	a, -3 (ix)
   04F4 DD B6 FE      [19]  994 	or	a, -2 (ix)
   04F7 DD B6 FF      [19]  995 	or	a, -1 (ix)
                            996 ; common peephole 163 changed absolute to relative conditional jump.
   04FA 28 11         [12]  997 	jr	z, 00126$
                            998 ; common peephole 81 removed jp by using inverse jump logic
                            999 ; common peephole 159 removed unused label 00338$.
                           1000 ;	skipping generated iCode
                           1001 ;	skipping iCode since result will be rematerialized
                           1002 ;	skipping iCode since result will be rematerialized
                           1003 ;	skipping iCode since result will be rematerialized
                           1004 ;	skipping iCode since result will be rematerialized
                           1005 ;	skipping iCode since result will be rematerialized
                           1006 ;	skipping iCode since result will be rematerialized
                           1007 ;	genIpush
                           1008 ;	genMove_o size 2 result type 2 source type 1 a_dead 1 hl_dead 1 de_dead 1 iy_dead 1 f_dead 1
   04FC 21 25 00      [10] 1009 	ld	hl, #0x0025
   04FF E5            [11] 1010 	push	hl
                           1011 ;	genIpush
                           1012 ;	genMove_o size 2 result type 2 source type 7 a_dead 1 hl_dead 1 de_dead 1 iy_dead 1 f_dead 1
   0500 21r00s09      [10] 1013 	ld	hl, #___str_2
   0503 E5            [11] 1014 	push	hl
                           1015 ;	genSend
                           1016 ;	genMove_o size 2 result type 2 source type 7 a_dead 1 hl_dead 1 de_dead 1 iy_dead 1 f_dead 1
   0504 11rD1s09      [10] 1017 	ld	de, #___str_10
                           1018 ;	genSend
                           1019 ;	genMove_o size 2 result type 2 source type 7 a_dead 1 hl_dead 1 de_dead 0 iy_dead 1 f_dead 1
   0507 21rD8s08      [10] 1020 	ld	hl, #___str_0
                           1021 ;	genCall
   050A CDr00s00      [17] 1022 	call	___fail
                           1023 ;	genLabel
   050D                    1024 00126$:
                           1025 ;cases/bitwidth/bitwidth_type_unsigned_long_long.c:39: i = 0x7;
                           1026 ;	genAssign
                           1027 ;	genMove_o size 8 result type 10 source type 1 a_dead 1 hl_dead 1 de_dead 1 iy_dead 1 f_dead 1
                           1028 ; common peephole 56 used hl instead of iy.
                           1029 ; common peephole 130a removed unnecessary +0 from constant
   050D 21r00s00      [10] 1030 	ld	hl, #_i
   0510 36 07         [10] 1031 	ld	(hl), #0x07
   0512 AF            [ 4] 1032 	xor	a, a
   0513 32r01s00      [13] 1033 	ld	(_i+1), a
   0516 32r02s00      [13] 1034 	ld	(_i+2), a
   0519 32r03s00      [13] 1035 	ld	(_i+3), a
   051C 32r04s00      [13] 1036 	ld	(_i+4), a
   051F 32r05s00      [13] 1037 	ld	(_i+5), a
   0522 32r06s00      [13] 1038 	ld	(_i+6), a
   0525 32r07s00      [13] 1039 	ld	(_i+7), a
                           1040 ;cases/bitwidth/bitwidth_type_unsigned_long_long.c:40: ASSERT (stdc_bit_width(i) == 3);
                           1041 ;	genPlus
                           1042 ;	genMove_o size 2 result type 2 source type 10 a_dead 1 hl_dead 1 de_dead 1 iy_dead 1 f_dead 1
   0528 2Ar00s00      [16] 1043 	ld	hl, (___numTests)
   052B 23            [ 6] 1044 	inc	hl
                           1045 ;	genMove_o size 2 result type 10 source type 2 a_dead 1 hl_dead 1 de_dead 1 iy_dead 1 f_dead 1
   052C 22r00s00      [16] 1046 	ld	(___numTests), hl
                           1047 ;	genIpush
                           1048 ;	genMove_o size 2 result type 2 source type 10 a_dead 1 hl_dead 1 de_dead 1 iy_dead 1 f_dead 1
   052F 2Ar06s00      [16] 1049 	ld	hl, (_i + 6)
   0532 E5            [11] 1050 	push	hl
                           1051 ;	genMove_o size 2 result type 2 source type 10 a_dead 1 hl_dead 1 de_dead 1 iy_dead 1 f_dead 1
   0533 2Ar04s00      [16] 1052 	ld	hl, (_i + 4)
   0536 E5            [11] 1053 	push	hl
                           1054 ;	genMove_o size 2 result type 2 source type 10 a_dead 1 hl_dead 1 de_dead 1 iy_dead 1 f_dead 1
   0537 2Ar02s00      [16] 1055 	ld	hl, (_i + 2)
   053A E5            [11] 1056 	push	hl
                           1057 ;	genMove_o size 2 result type 2 source type 10 a_dead 1 hl_dead 1 de_dead 1 iy_dead 1 f_dead 1
   053B 2Ar00s00      [16] 1058 	ld	hl, (_i)
   053E E5            [11] 1059 	push	hl
                           1060 ;	genCall
   053F CDr00s00      [17] 1061 	call	___stdc_bit_width
                           1062 ;	genMove_o size 1 result type 2 source type 2 a_dead 1 hl_dead 1 de_dead 1 iy_dead 1 f_dead 1
                           1063 ;	genCmpEq
   0542 FE 03         [ 7] 1064 	cp	a, #0x03
                           1065 ; common peephole 163 changed absolute to relative conditional jump.
   0544 28 11         [12] 1066 	jr	z, 00128$
                           1067 ; common peephole 81 removed jp by using inverse jump logic
                           1068 ; common peephole 159 removed unused label 00339$.
                           1069 ;	skipping generated iCode
                           1070 ;	skipping iCode since result will be rematerialized
                           1071 ;	skipping iCode since result will be rematerialized
                           1072 ;	skipping iCode since result will be rematerialized
                           1073 ;	skipping iCode since result will be rematerialized
                           1074 ;	skipping iCode since result will be rematerialized
                           1075 ;	skipping iCode since result will be rematerialized
                           1076 ;	genIpush
                           1077 ;	genMove_o size 2 result type 2 source type 1 a_dead 1 hl_dead 1 de_dead 1 iy_dead 1 f_dead 1
   0546 21 28 00      [10] 1078 	ld	hl, #0x0028
   0549 E5            [11] 1079 	push	hl
                           1080 ;	genIpush
                           1081 ;	genMove_o size 2 result type 2 source type 7 a_dead 1 hl_dead 1 de_dead 1 iy_dead 1 f_dead 1
   054A 21r00s09      [10] 1082 	ld	hl, #___str_2
   054D E5            [11] 1083 	push	hl
                           1084 ;	genSend
                           1085 ;	genMove_o size 2 result type 2 source type 7 a_dead 1 hl_dead 1 de_dead 1 iy_dead 1 f_dead 1
   054E 11rE7s09      [10] 1086 	ld	de, #___str_11
                           1087 ;	genSend
                           1088 ;	genMove_o size 2 result type 2 source type 7 a_dead 1 hl_dead 1 de_dead 0 iy_dead 1 f_dead 1
   0551 21rD8s08      [10] 1089 	ld	hl, #___str_0
                           1090 ;	genCall
   0554 CDr00s00      [17] 1091 	call	___fail
                           1092 ;	genLabel
   0557                    1093 00128$:
                           1094 ;cases/bitwidth/bitwidth_type_unsigned_long_long.c:41: ASSERT (stdc_bit_floor(i) == 4);
                           1095 ;	genPlus
                           1096 ;	genMove_o size 2 result type 2 source type 10 a_dead 1 hl_dead 1 de_dead 1 iy_dead 1 f_dead 1
   0557 2Ar00s00      [16] 1097 	ld	hl, (___numTests)
   055A 23            [ 6] 1098 	inc	hl
                           1099 ;	genMove_o size 2 result type 10 source type 2 a_dead 1 hl_dead 1 de_dead 1 iy_dead 1 f_dead 1
   055B 22r00s00      [16] 1100 	ld	(___numTests), hl
                           1101 ;	genIpush
                           1102 ;	genMove_o size 2 result type 2 source type 10 a_dead 1 hl_dead 1 de_dead 1 iy_dead 1 f_dead 1
   055E 2Ar06s00      [16] 1103 	ld	hl, (_i + 6)
   0561 E5            [11] 1104 	push	hl
                           1105 ;	genMove_o size 2 result type 2 source type 10 a_dead 1 hl_dead 1 de_dead 1 iy_dead 1 f_dead 1
   0562 2Ar04s00      [16] 1106 	ld	hl, (_i + 4)
   0565 E5            [11] 1107 	push	hl
                           1108 ;	genMove_o size 2 result type 2 source type 10 a_dead 1 hl_dead 1 de_dead 1 iy_dead 1 f_dead 1
   0566 2Ar02s00      [16] 1109 	ld	hl, (_i + 2)
   0569 E5            [11] 1110 	push	hl
                           1111 ;	genMove_o size 2 result type 2 source type 10 a_dead 1 hl_dead 1 de_dead 1 iy_dead 1 f_dead 1
   056A 2Ar00s00      [16] 1112 	ld	hl, (_i)
   056D E5            [11] 1113 	push	hl
                           1114 ;	genCall
   056E CDr00s00      [17] 1115 	call	___stdc_bit_width
                           1116 ;	genMove_o size 1 result type 2 source type 2 a_dead 1 hl_dead 1 de_dead 1 iy_dead 1 f_dead 1
   0571 47            [ 4] 1117 	ld	b, a
                           1118 ;	genMove_o size 0 result type 2 source type 1 a_dead 1 hl_dead 1 de_dead 1 iy_dead 1 f_dead 1
                           1119 ;	genLeftShift
                           1120 ;	genMove_o size 8 result type 6 source type 1 a_dead 1 hl_dead 1 de_dead 1 iy_dead 1 f_dead 1
   0572 DD 36 F8 01   [19] 1121 	ld	-8 (ix), #0x01
   0576 AF            [ 4] 1122 	xor	a, a
   0577 DD 77 F9      [19] 1123 	ld	-7 (ix), a
   057A DD 77 FA      [19] 1124 	ld	-6 (ix), a
   057D DD 77 FB      [19] 1125 	ld	-5 (ix), a
   0580 DD 77 FC      [19] 1126 	ld	-4 (ix), a
   0583 DD 77 FD      [19] 1127 	ld	-3 (ix), a
   0586 DD 77 FE      [19] 1128 	ld	-2 (ix), a
   0589 DD 77 FF      [19] 1129 	ld	-1 (ix), a
                           1130 ;	genMove_o size 0 result type 6 source type 1 a_dead 1 hl_dead 1 de_dead 1 iy_dead 1 f_dead 1
   058C 04            [ 4] 1131 	inc	b
                           1132 ; common peephole 162 changed absolute to relative unconditional jump.
   058D 18 20         [12] 1133 	jr	00341$
   058F                    1134 00340$:
   058F DD CB F8 26   [23] 1135 	sla	-8 (ix)
   0593 DD CB F9 16   [23] 1136 	rl	-7 (ix)
   0597 DD CB FA 16   [23] 1137 	rl	-6 (ix)
   059B DD CB FB 16   [23] 1138 	rl	-5 (ix)
   059F DD CB FC 16   [23] 1139 	rl	-4 (ix)
   05A3 DD CB FD 16   [23] 1140 	rl	-3 (ix)
   05A7 DD CB FE 16   [23] 1141 	rl	-2 (ix)
   05AB DD CB FF 16   [23] 1142 	rl	-1 (ix)
   05AF                    1143 00341$:
   05AF 10 DE         [13] 1144 	djnz	00340$
                           1145 ;	genMove_o size 8 result type 6 source type 6 a_dead 1 hl_dead 1 de_dead 1 iy_dead 1 f_dead 1
                           1146 ;	genRightShift
   05B1 DD CB FF 3E   [23] 1147 	srl	-1 (ix)
   05B5 DD CB FE 1E   [23] 1148 	rr	-2 (ix)
   05B9 DD CB FD 1E   [23] 1149 	rr	-3 (ix)
   05BD DD CB FC 1E   [23] 1150 	rr	-4 (ix)
   05C1 DD CB FB 1E   [23] 1151 	rr	-5 (ix)
   05C5 DD CB FA 1E   [23] 1152 	rr	-6 (ix)
   05C9 DD CB F9 1E   [23] 1153 	rr	-7 (ix)
   05CD DD CB F8 1E   [23] 1154 	rr	-8 (ix)
                           1155 ;	genMove_o size 8 result type 6 source type 6 a_dead 1 hl_dead 1 de_dead 1 iy_dead 1 f_dead 1
                           1156 ;	genCmpEq
                           1157 ;	genMove_o size 1 result type 2 source type 6 a_dead 1 hl_dead 1 de_dead 0 iy_dead 0 f_dead 1
   05D1 DD 7E F8      [19] 1158 	ld	a, -8 (ix)
                           1159 ;	genMove_o size 0 result type 2 source type 1 a_dead 1 hl_dead 1 de_dead 0 iy_dead 0 f_dead 1
   05D4 D6 04         [ 7] 1160 	sub	a, #0x04
   05D6 DD B6 F9      [19] 1161 	or	a, -7 (ix)
   05D9 DD B6 FA      [19] 1162 	or	a, -6 (ix)
   05DC DD B6 FB      [19] 1163 	or	a, -5 (ix)
   05DF DD B6 FC      [19] 1164 	or	a, -4 (ix)
   05E2 DD B6 FD      [19] 1165 	or	a, -3 (ix)
   05E5 DD B6 FE      [19] 1166 	or	a, -2 (ix)
   05E8 DD B6 FF      [19] 1167 	or	a, -1 (ix)
                           1168 ; common peephole 163 changed absolute to relative conditional jump.
   05EB 28 11         [12] 1169 	jr	z, 00130$
                           1170 ; common peephole 81 removed jp by using inverse jump logic
                           1171 ; common peephole 159 removed unused label 00344$.
                           1172 ;	skipping generated iCode
                           1173 ;	skipping iCode since result will be rematerialized
                           1174 ;	skipping iCode since result will be rematerialized
                           1175 ;	skipping iCode since result will be rematerialized
                           1176 ;	skipping iCode since result will be rematerialized
                           1177 ;	skipping iCode since result will be rematerialized
                           1178 ;	skipping iCode since result will be rematerialized
                           1179 ;	genIpush
                           1180 ;	genMove_o size 2 result type 2 source type 1 a_dead 1 hl_dead 1 de_dead 1 iy_dead 1 f_dead 1
   05ED 21 29 00      [10] 1181 	ld	hl, #0x0029
   05F0 E5            [11] 1182 	push	hl
                           1183 ;	genIpush
                           1184 ;	genMove_o size 2 result type 2 source type 7 a_dead 1 hl_dead 1 de_dead 1 iy_dead 1 f_dead 1
   05F1 21r00s09      [10] 1185 	ld	hl, #___str_2
   05F4 E5            [11] 1186 	push	hl
                           1187 ;	genSend
                           1188 ;	genMove_o size 2 result type 2 source type 7 a_dead 1 hl_dead 1 de_dead 1 iy_dead 1 f_dead 1
   05F5 11rFEs09      [10] 1189 	ld	de, #___str_12
                           1190 ;	genSend
                           1191 ;	genMove_o size 2 result type 2 source type 7 a_dead 1 hl_dead 1 de_dead 0 iy_dead 1 f_dead 1
   05F8 21rD8s08      [10] 1192 	ld	hl, #___str_0
                           1193 ;	genCall
   05FB CDr00s00      [17] 1194 	call	___fail
                           1195 ;	genLabel
   05FE                    1196 00130$:
                           1197 ;cases/bitwidth/bitwidth_type_unsigned_long_long.c:42: ASSERT (stdc_bit_ceil(i) == 8);
                           1198 ;	genPlus
                           1199 ;	genMove_o size 2 result type 2 source type 10 a_dead 1 hl_dead 1 de_dead 1 iy_dead 1 f_dead 1
   05FE 2Ar00s00      [16] 1200 	ld	hl, (___numTests)
   0601 23            [ 6] 1201 	inc	hl
                           1202 ;	genMove_o size 2 result type 10 source type 2 a_dead 1 hl_dead 1 de_dead 1 iy_dead 1 f_dead 1
   0602 22r00s00      [16] 1203 	ld	(___numTests), hl
                           1204 ;	genIpush
                           1205 ;	genMove_o size 2 result type 2 source type 10 a_dead 1 hl_dead 1 de_dead 1 iy_dead 1 f_dead 1
   0605 2Ar06s00      [16] 1206 	ld	hl, (_i + 6)
   0608 E5            [11] 1207 	push	hl
                           1208 ;	genMove_o size 2 result type 2 source type 10 a_dead 1 hl_dead 1 de_dead 1 iy_dead 1 f_dead 1
   0609 2Ar04s00      [16] 1209 	ld	hl, (_i + 4)
   060C E5            [11] 1210 	push	hl
                           1211 ;	genMove_o size 2 result type 2 source type 10 a_dead 1 hl_dead 1 de_dead 1 iy_dead 1 f_dead 1
   060D 2Ar02s00      [16] 1212 	ld	hl, (_i + 2)
   0610 E5            [11] 1213 	push	hl
                           1214 ;	genMove_o size 2 result type 2 source type 10 a_dead 1 hl_dead 1 de_dead 1 iy_dead 1 f_dead 1
   0611 2Ar00s00      [16] 1215 	ld	hl, (_i)
   0614 E5            [11] 1216 	push	hl
                           1217 ;	genCall
   0615 21 08 00      [10] 1218 	ld	hl, #0x0008
   0618 39            [11] 1219 	add	hl, sp
   0619 E5            [11] 1220 	push	hl
   061A CDr00s00      [17] 1221 	call	___stdc_bit_ceilull
                           1222 ;	adjustStack by 10
   061D 21 0A 00      [10] 1223 	ld	hl, #10
   0620 39            [11] 1224 	add	hl, sp
   0621 F9            [ 6] 1225 	ld	sp, hl
                           1226 ;	genCmpEq
                           1227 ;	genMove_o size 1 result type 2 source type 6 a_dead 1 hl_dead 1 de_dead 0 iy_dead 0 f_dead 1
   0622 DD 7E F8      [19] 1228 	ld	a, -8 (ix)
                           1229 ;	genMove_o size 0 result type 2 source type 1 a_dead 1 hl_dead 1 de_dead 0 iy_dead 0 f_dead 1
   0625 D6 08         [ 7] 1230 	sub	a, #0x08
   0627 DD B6 F9      [19] 1231 	or	a, -7 (ix)
   062A DD B6 FA      [19] 1232 	or	a, -6 (ix)
   062D DD B6 FB      [19] 1233 	or	a, -5 (ix)
   0630 DD B6 FC      [19] 1234 	or	a, -4 (ix)
   0633 DD B6 FD      [19] 1235 	or	a, -3 (ix)
   0636 DD B6 FE      [19] 1236 	or	a, -2 (ix)
   0639 DD B6 FF      [19] 1237 	or	a, -1 (ix)
                           1238 ; common peephole 163 changed absolute to relative conditional jump.
   063C 28 11         [12] 1239 	jr	z, 00132$
                           1240 ; common peephole 81 removed jp by using inverse jump logic
                           1241 ; common peephole 159 removed unused label 00345$.
                           1242 ;	skipping generated iCode
                           1243 ;	skipping iCode since result will be rematerialized
                           1244 ;	skipping iCode since result will be rematerialized
                           1245 ;	skipping iCode since result will be rematerialized
                           1246 ;	skipping iCode since result will be rematerialized
                           1247 ;	skipping iCode since result will be rematerialized
                           1248 ;	skipping iCode since result will be rematerialized
                           1249 ;	genIpush
                           1250 ;	genMove_o size 2 result type 2 source type 1 a_dead 1 hl_dead 1 de_dead 1 iy_dead 1 f_dead 1
   063E 21 2A 00      [10] 1251 	ld	hl, #0x002a
   0641 E5            [11] 1252 	push	hl
                           1253 ;	genIpush
                           1254 ;	genMove_o size 2 result type 2 source type 7 a_dead 1 hl_dead 1 de_dead 1 iy_dead 1 f_dead 1
   0642 21r00s09      [10] 1255 	ld	hl, #___str_2
   0645 E5            [11] 1256 	push	hl
                           1257 ;	genSend
                           1258 ;	genMove_o size 2 result type 2 source type 7 a_dead 1 hl_dead 1 de_dead 1 iy_dead 1 f_dead 1
   0646 11r15s0A      [10] 1259 	ld	de, #___str_13
                           1260 ;	genSend
                           1261 ;	genMove_o size 2 result type 2 source type 7 a_dead 1 hl_dead 1 de_dead 0 iy_dead 1 f_dead 1
   0649 21rD8s08      [10] 1262 	ld	hl, #___str_0
                           1263 ;	genCall
   064C CDr00s00      [17] 1264 	call	___fail
                           1265 ;	genLabel
   064F                    1266 00132$:
                           1267 ;cases/bitwidth/bitwidth_type_unsigned_long_long.c:44: i = 0x8;
                           1268 ;	genAssign
                           1269 ;	genMove_o size 8 result type 10 source type 1 a_dead 1 hl_dead 1 de_dead 1 iy_dead 1 f_dead 1
                           1270 ; common peephole 56 used hl instead of iy.
                           1271 ; common peephole 130a removed unnecessary +0 from constant
   064F 21r00s00      [10] 1272 	ld	hl, #_i
   0652 36 08         [10] 1273 	ld	(hl), #0x08
   0654 AF            [ 4] 1274 	xor	a, a
   0655 32r01s00      [13] 1275 	ld	(_i+1), a
   0658 32r02s00      [13] 1276 	ld	(_i+2), a
   065B 32r03s00      [13] 1277 	ld	(_i+3), a
   065E 32r04s00      [13] 1278 	ld	(_i+4), a
   0661 32r05s00      [13] 1279 	ld	(_i+5), a
   0664 32r06s00      [13] 1280 	ld	(_i+6), a
   0667 32r07s00      [13] 1281 	ld	(_i+7), a
                           1282 ;cases/bitwidth/bitwidth_type_unsigned_long_long.c:45: ASSERT (stdc_bit_width(i) == 4);
                           1283 ;	genPlus
                           1284 ;	genMove_o size 2 result type 2 source type 10 a_dead 1 hl_dead 1 de_dead 1 iy_dead 1 f_dead 1
   066A 2Ar00s00      [16] 1285 	ld	hl, (___numTests)
   066D 23            [ 6] 1286 	inc	hl
                           1287 ;	genMove_o size 2 result type 10 source type 2 a_dead 1 hl_dead 1 de_dead 1 iy_dead 1 f_dead 1
   066E 22r00s00      [16] 1288 	ld	(___numTests), hl
                           1289 ;	genIpush
                           1290 ;	genMove_o size 2 result type 2 source type 10 a_dead 1 hl_dead 1 de_dead 1 iy_dead 1 f_dead 1
   0671 2Ar06s00      [16] 1291 	ld	hl, (_i + 6)
   0674 E5            [11] 1292 	push	hl
                           1293 ;	genMove_o size 2 result type 2 source type 10 a_dead 1 hl_dead 1 de_dead 1 iy_dead 1 f_dead 1
   0675 2Ar04s00      [16] 1294 	ld	hl, (_i + 4)
   0678 E5            [11] 1295 	push	hl
                           1296 ;	genMove_o size 2 result type 2 source type 10 a_dead 1 hl_dead 1 de_dead 1 iy_dead 1 f_dead 1
   0679 2Ar02s00      [16] 1297 	ld	hl, (_i + 2)
   067C E5            [11] 1298 	push	hl
                           1299 ;	genMove_o size 2 result type 2 source type 10 a_dead 1 hl_dead 1 de_dead 1 iy_dead 1 f_dead 1
   067D 2Ar00s00      [16] 1300 	ld	hl, (_i)
   0680 E5            [11] 1301 	push	hl
                           1302 ;	genCall
   0681 CDr00s00      [17] 1303 	call	___stdc_bit_width
                           1304 ;	genMove_o size 1 result type 2 source type 2 a_dead 1 hl_dead 1 de_dead 1 iy_dead 1 f_dead 1
                           1305 ;	genCmpEq
   0684 FE 04         [ 7] 1306 	cp	a, #0x04
                           1307 ; common peephole 163 changed absolute to relative conditional jump.
   0686 28 11         [12] 1308 	jr	z, 00134$
                           1309 ; common peephole 81 removed jp by using inverse jump logic
                           1310 ; common peephole 159 removed unused label 00346$.
                           1311 ;	skipping generated iCode
                           1312 ;	skipping iCode since result will be rematerialized
                           1313 ;	skipping iCode since result will be rematerialized
                           1314 ;	skipping iCode since result will be rematerialized
                           1315 ;	skipping iCode since result will be rematerialized
                           1316 ;	skipping iCode since result will be rematerialized
                           1317 ;	skipping iCode since result will be rematerialized
                           1318 ;	genIpush
                           1319 ;	genMove_o size 2 result type 2 source type 1 a_dead 1 hl_dead 1 de_dead 1 iy_dead 1 f_dead 1
   0688 21 2D 00      [10] 1320 	ld	hl, #0x002d
   068B E5            [11] 1321 	push	hl
                           1322 ;	genIpush
                           1323 ;	genMove_o size 2 result type 2 source type 7 a_dead 1 hl_dead 1 de_dead 1 iy_dead 1 f_dead 1
   068C 21r00s09      [10] 1324 	ld	hl, #___str_2
   068F E5            [11] 1325 	push	hl
                           1326 ;	genSend
                           1327 ;	genMove_o size 2 result type 2 source type 7 a_dead 1 hl_dead 1 de_dead 1 iy_dead 1 f_dead 1
   0690 11r2Bs0A      [10] 1328 	ld	de, #___str_14
                           1329 ;	genSend
                           1330 ;	genMove_o size 2 result type 2 source type 7 a_dead 1 hl_dead 1 de_dead 0 iy_dead 1 f_dead 1
   0693 21rD8s08      [10] 1331 	ld	hl, #___str_0
                           1332 ;	genCall
   0696 CDr00s00      [17] 1333 	call	___fail
                           1334 ;	genLabel
   0699                    1335 00134$:
                           1336 ;cases/bitwidth/bitwidth_type_unsigned_long_long.c:46: ASSERT (stdc_bit_floor(i) == 8);
                           1337 ;	genPlus
                           1338 ;	genMove_o size 2 result type 2 source type 10 a_dead 1 hl_dead 1 de_dead 1 iy_dead 1 f_dead 1
   0699 2Ar00s00      [16] 1339 	ld	hl, (___numTests)
   069C 23            [ 6] 1340 	inc	hl
                           1341 ;	genMove_o size 2 result type 10 source type 2 a_dead 1 hl_dead 1 de_dead 1 iy_dead 1 f_dead 1
   069D 22r00s00      [16] 1342 	ld	(___numTests), hl
                           1343 ;	genIpush
                           1344 ;	genMove_o size 2 result type 2 source type 10 a_dead 1 hl_dead 1 de_dead 1 iy_dead 1 f_dead 1
   06A0 2Ar06s00      [16] 1345 	ld	hl, (_i + 6)
   06A3 E5            [11] 1346 	push	hl
                           1347 ;	genMove_o size 2 result type 2 source type 10 a_dead 1 hl_dead 1 de_dead 1 iy_dead 1 f_dead 1
   06A4 2Ar04s00      [16] 1348 	ld	hl, (_i + 4)
   06A7 E5            [11] 1349 	push	hl
                           1350 ;	genMove_o size 2 result type 2 source type 10 a_dead 1 hl_dead 1 de_dead 1 iy_dead 1 f_dead 1
   06A8 2Ar02s00      [16] 1351 	ld	hl, (_i + 2)
   06AB E5            [11] 1352 	push	hl
                           1353 ;	genMove_o size 2 result type 2 source type 10 a_dead 1 hl_dead 1 de_dead 1 iy_dead 1 f_dead 1
   06AC 2Ar00s00      [16] 1354 	ld	hl, (_i)
   06AF E5            [11] 1355 	push	hl
                           1356 ;	genCall
   06B0 CDr00s00      [17] 1357 	call	___stdc_bit_width
                           1358 ;	genMove_o size 1 result type 2 source type 2 a_dead 1 hl_dead 1 de_dead 1 iy_dead 1 f_dead 1
   06B3 47            [ 4] 1359 	ld	b, a
                           1360 ;	genMove_o size 0 result type 2 source type 1 a_dead 1 hl_dead 1 de_dead 1 iy_dead 1 f_dead 1
                           1361 ;	genLeftShift
                           1362 ;	genMove_o size 8 result type 6 source type 1 a_dead 1 hl_dead 1 de_dead 1 iy_dead 1 f_dead 1
   06B4 DD 36 F8 01   [19] 1363 	ld	-8 (ix), #0x01
   06B8 AF            [ 4] 1364 	xor	a, a
   06B9 DD 77 F9      [19] 1365 	ld	-7 (ix), a
   06BC DD 77 FA      [19] 1366 	ld	-6 (ix), a
   06BF DD 77 FB      [19] 1367 	ld	-5 (ix), a
   06C2 DD 77 FC      [19] 1368 	ld	-4 (ix), a
   06C5 DD 77 FD      [19] 1369 	ld	-3 (ix), a
   06C8 DD 77 FE      [19] 1370 	ld	-2 (ix), a
   06CB DD 77 FF      [19] 1371 	ld	-1 (ix), a
                           1372 ;	genMove_o size 0 result type 6 source type 1 a_dead 1 hl_dead 1 de_dead 1 iy_dead 1 f_dead 1
   06CE 04            [ 4] 1373 	inc	b
                           1374 ; common peephole 162 changed absolute to relative unconditional jump.
   06CF 18 20         [12] 1375 	jr	00348$
   06D1                    1376 00347$:
   06D1 DD CB F8 26   [23] 1377 	sla	-8 (ix)
   06D5 DD CB F9 16   [23] 1378 	rl	-7 (ix)
   06D9 DD CB FA 16   [23] 1379 	rl	-6 (ix)
   06DD DD CB FB 16   [23] 1380 	rl	-5 (ix)
   06E1 DD CB FC 16   [23] 1381 	rl	-4 (ix)
   06E5 DD CB FD 16   [23] 1382 	rl	-3 (ix)
   06E9 DD CB FE 16   [23] 1383 	rl	-2 (ix)
   06ED DD CB FF 16   [23] 1384 	rl	-1 (ix)
   06F1                    1385 00348$:
   06F1 10 DE         [13] 1386 	djnz	00347$
                           1387 ;	genMove_o size 8 result type 6 source type 6 a_dead 1 hl_dead 1 de_dead 1 iy_dead 1 f_dead 1
                           1388 ;	genRightShift
   06F3 DD CB FF 3E   [23] 1389 	srl	-1 (ix)
   06F7 DD CB FE 1E   [23] 1390 	rr	-2 (ix)
   06FB DD CB FD 1E   [23] 1391 	rr	-3 (ix)
   06FF DD CB FC 1E   [23] 1392 	rr	-4 (ix)
   0703 DD CB FB 1E   [23] 1393 	rr	-5 (ix)
   0707 DD CB FA 1E   [23] 1394 	rr	-6 (ix)
   070B DD CB F9 1E   [23] 1395 	rr	-7 (ix)
   070F DD CB F8 1E   [23] 1396 	rr	-8 (ix)
                           1397 ;	genMove_o size 8 result type 6 source type 6 a_dead 1 hl_dead 1 de_dead 1 iy_dead 1 f_dead 1
                           1398 ;	genCmpEq
                           1399 ;	genMove_o size 1 result type 2 source type 6 a_dead 1 hl_dead 1 de_dead 0 iy_dead 0 f_dead 1
   0713 DD 7E F8      [19] 1400 	ld	a, -8 (ix)
                           1401 ;	genMove_o size 0 result type 2 source type 1 a_dead 1 hl_dead 1 de_dead 0 iy_dead 0 f_dead 1
   0716 D6 08         [ 7] 1402 	sub	a, #0x08
   0718 DD B6 F9      [19] 1403 	or	a, -7 (ix)
   071B DD B6 FA      [19] 1404 	or	a, -6 (ix)
   071E DD B6 FB      [19] 1405 	or	a, -5 (ix)
   0721 DD B6 FC      [19] 1406 	or	a, -4 (ix)
   0724 DD B6 FD      [19] 1407 	or	a, -3 (ix)
   0727 DD B6 FE      [19] 1408 	or	a, -2 (ix)
   072A DD B6 FF      [19] 1409 	or	a, -1 (ix)
                           1410 ; common peephole 163 changed absolute to relative conditional jump.
   072D 28 11         [12] 1411 	jr	z, 00136$
                           1412 ; common peephole 81 removed jp by using inverse jump logic
                           1413 ; common peephole 159 removed unused label 00351$.
                           1414 ;	skipping generated iCode
                           1415 ;	skipping iCode since result will be rematerialized
                           1416 ;	skipping iCode since result will be rematerialized
                           1417 ;	skipping iCode since result will be rematerialized
                           1418 ;	skipping iCode since result will be rematerialized
                           1419 ;	skipping iCode since result will be rematerialized
                           1420 ;	skipping iCode since result will be rematerialized
                           1421 ;	genIpush
                           1422 ;	genMove_o size 2 result type 2 source type 1 a_dead 1 hl_dead 1 de_dead 1 iy_dead 1 f_dead 1
   072F 21 2E 00      [10] 1423 	ld	hl, #0x002e
   0732 E5            [11] 1424 	push	hl
                           1425 ;	genIpush
                           1426 ;	genMove_o size 2 result type 2 source type 7 a_dead 1 hl_dead 1 de_dead 1 iy_dead 1 f_dead 1
   0733 21r00s09      [10] 1427 	ld	hl, #___str_2
   0736 E5            [11] 1428 	push	hl
                           1429 ;	genSend
                           1430 ;	genMove_o size 2 result type 2 source type 7 a_dead 1 hl_dead 1 de_dead 1 iy_dead 1 f_dead 1
   0737 11r42s0A      [10] 1431 	ld	de, #___str_15
                           1432 ;	genSend
                           1433 ;	genMove_o size 2 result type 2 source type 7 a_dead 1 hl_dead 1 de_dead 0 iy_dead 1 f_dead 1
   073A 21rD8s08      [10] 1434 	ld	hl, #___str_0
                           1435 ;	genCall
   073D CDr00s00      [17] 1436 	call	___fail
                           1437 ;	genLabel
   0740                    1438 00136$:
                           1439 ;cases/bitwidth/bitwidth_type_unsigned_long_long.c:47: ASSERT (stdc_bit_ceil(i) == 8);
                           1440 ;	genPlus
                           1441 ;	genMove_o size 2 result type 2 source type 10 a_dead 1 hl_dead 1 de_dead 1 iy_dead 1 f_dead 1
   0740 2Ar00s00      [16] 1442 	ld	hl, (___numTests)
   0743 23            [ 6] 1443 	inc	hl
                           1444 ;	genMove_o size 2 result type 10 source type 2 a_dead 1 hl_dead 1 de_dead 1 iy_dead 1 f_dead 1
   0744 22r00s00      [16] 1445 	ld	(___numTests), hl
                           1446 ;	genIpush
                           1447 ;	genMove_o size 2 result type 2 source type 10 a_dead 1 hl_dead 1 de_dead 1 iy_dead 1 f_dead 1
   0747 2Ar06s00      [16] 1448 	ld	hl, (_i + 6)
   074A E5            [11] 1449 	push	hl
                           1450 ;	genMove_o size 2 result type 2 source type 10 a_dead 1 hl_dead 1 de_dead 1 iy_dead 1 f_dead 1
   074B 2Ar04s00      [16] 1451 	ld	hl, (_i + 4)
   074E E5            [11] 1452 	push	hl
                           1453 ;	genMove_o size 2 result type 2 source type 10 a_dead 1 hl_dead 1 de_dead 1 iy_dead 1 f_dead 1
   074F 2Ar02s00      [16] 1454 	ld	hl, (_i + 2)
   0752 E5            [11] 1455 	push	hl
                           1456 ;	genMove_o size 2 result type 2 source type 10 a_dead 1 hl_dead 1 de_dead 1 iy_dead 1 f_dead 1
   0753 2Ar00s00      [16] 1457 	ld	hl, (_i)
   0756 E5            [11] 1458 	push	hl
                           1459 ;	genCall
   0757 21 08 00      [10] 1460 	ld	hl, #0x0008
   075A 39            [11] 1461 	add	hl, sp
   075B E5            [11] 1462 	push	hl
   075C CDr00s00      [17] 1463 	call	___stdc_bit_ceilull
                           1464 ;	adjustStack by 10
   075F 21 0A 00      [10] 1465 	ld	hl, #10
   0762 39            [11] 1466 	add	hl, sp
   0763 F9            [ 6] 1467 	ld	sp, hl
                           1468 ;	genCmpEq
                           1469 ;	genMove_o size 1 result type 2 source type 6 a_dead 1 hl_dead 1 de_dead 0 iy_dead 0 f_dead 1
   0764 DD 7E F8      [19] 1470 	ld	a, -8 (ix)
                           1471 ;	genMove_o size 0 result type 2 source type 1 a_dead 1 hl_dead 1 de_dead 0 iy_dead 0 f_dead 1
   0767 D6 08         [ 7] 1472 	sub	a, #0x08
   0769 DD B6 F9      [19] 1473 	or	a, -7 (ix)
   076C DD B6 FA      [19] 1474 	or	a, -6 (ix)
   076F DD B6 FB      [19] 1475 	or	a, -5 (ix)
   0772 DD B6 FC      [19] 1476 	or	a, -4 (ix)
   0775 DD B6 FD      [19] 1477 	or	a, -3 (ix)
   0778 DD B6 FE      [19] 1478 	or	a, -2 (ix)
   077B DD B6 FF      [19] 1479 	or	a, -1 (ix)
                           1480 ; common peephole 163 changed absolute to relative conditional jump.
   077E 28 11         [12] 1481 	jr	z, 00138$
                           1482 ; common peephole 81 removed jp by using inverse jump logic
                           1483 ; common peephole 159 removed unused label 00352$.
                           1484 ;	skipping generated iCode
                           1485 ;	skipping iCode since result will be rematerialized
                           1486 ;	skipping iCode since result will be rematerialized
                           1487 ;	skipping iCode since result will be rematerialized
                           1488 ;	skipping iCode since result will be rematerialized
                           1489 ;	skipping iCode since result will be rematerialized
                           1490 ;	skipping iCode since result will be rematerialized
                           1491 ;	genIpush
                           1492 ;	genMove_o size 2 result type 2 source type 1 a_dead 1 hl_dead 1 de_dead 1 iy_dead 1 f_dead 1
   0780 21 2F 00      [10] 1493 	ld	hl, #0x002f
   0783 E5            [11] 1494 	push	hl
                           1495 ;	genIpush
                           1496 ;	genMove_o size 2 result type 2 source type 7 a_dead 1 hl_dead 1 de_dead 1 iy_dead 1 f_dead 1
   0784 21r00s09      [10] 1497 	ld	hl, #___str_2
   0787 E5            [11] 1498 	push	hl
                           1499 ;	genSend
                           1500 ;	genMove_o size 2 result type 2 source type 7 a_dead 1 hl_dead 1 de_dead 1 iy_dead 1 f_dead 1
   0788 11r15s0A      [10] 1501 	ld	de, #___str_13
                           1502 ;	genSend
                           1503 ;	genMove_o size 2 result type 2 source type 7 a_dead 1 hl_dead 1 de_dead 0 iy_dead 1 f_dead 1
   078B 21rD8s08      [10] 1504 	ld	hl, #___str_0
                           1505 ;	genCall
   078E CDr00s00      [17] 1506 	call	___fail
                           1507 ;	genLabel
   0791                    1508 00138$:
                           1509 ;cases/bitwidth/bitwidth_type_unsigned_long_long.c:49: i = 0x9;
                           1510 ;	genAssign
                           1511 ;	genMove_o size 8 result type 10 source type 1 a_dead 1 hl_dead 1 de_dead 1 iy_dead 1 f_dead 1
                           1512 ; common peephole 56 used hl instead of iy.
                           1513 ; common peephole 130a removed unnecessary +0 from constant
   0791 21r00s00      [10] 1514 	ld	hl, #_i
   0794 36 09         [10] 1515 	ld	(hl), #0x09
   0796 AF            [ 4] 1516 	xor	a, a
   0797 32r01s00      [13] 1517 	ld	(_i+1), a
   079A 32r02s00      [13] 1518 	ld	(_i+2), a
   079D 32r03s00      [13] 1519 	ld	(_i+3), a
   07A0 32r04s00      [13] 1520 	ld	(_i+4), a
   07A3 32r05s00      [13] 1521 	ld	(_i+5), a
   07A6 32r06s00      [13] 1522 	ld	(_i+6), a
   07A9 32r07s00      [13] 1523 	ld	(_i+7), a
                           1524 ;cases/bitwidth/bitwidth_type_unsigned_long_long.c:50: ASSERT (stdc_bit_width(i) == 4);
                           1525 ;	genPlus
                           1526 ;	genMove_o size 2 result type 2 source type 10 a_dead 1 hl_dead 1 de_dead 1 iy_dead 1 f_dead 1
   07AC 2Ar00s00      [16] 1527 	ld	hl, (___numTests)
   07AF 23            [ 6] 1528 	inc	hl
                           1529 ;	genMove_o size 2 result type 10 source type 2 a_dead 1 hl_dead 1 de_dead 1 iy_dead 1 f_dead 1
   07B0 22r00s00      [16] 1530 	ld	(___numTests), hl
                           1531 ;	genIpush
                           1532 ;	genMove_o size 2 result type 2 source type 10 a_dead 1 hl_dead 1 de_dead 1 iy_dead 1 f_dead 1
   07B3 2Ar06s00      [16] 1533 	ld	hl, (_i + 6)
   07B6 E5            [11] 1534 	push	hl
                           1535 ;	genMove_o size 2 result type 2 source type 10 a_dead 1 hl_dead 1 de_dead 1 iy_dead 1 f_dead 1
   07B7 2Ar04s00      [16] 1536 	ld	hl, (_i + 4)
   07BA E5            [11] 1537 	push	hl
                           1538 ;	genMove_o size 2 result type 2 source type 10 a_dead 1 hl_dead 1 de_dead 1 iy_dead 1 f_dead 1
   07BB 2Ar02s00      [16] 1539 	ld	hl, (_i + 2)
   07BE E5            [11] 1540 	push	hl
                           1541 ;	genMove_o size 2 result type 2 source type 10 a_dead 1 hl_dead 1 de_dead 1 iy_dead 1 f_dead 1
   07BF 2Ar00s00      [16] 1542 	ld	hl, (_i)
   07C2 E5            [11] 1543 	push	hl
                           1544 ;	genCall
   07C3 CDr00s00      [17] 1545 	call	___stdc_bit_width
                           1546 ;	genMove_o size 1 result type 2 source type 2 a_dead 1 hl_dead 1 de_dead 1 iy_dead 1 f_dead 1
                           1547 ;	genCmpEq
   07C6 FE 04         [ 7] 1548 	cp	a, #0x04
                           1549 ; common peephole 163 changed absolute to relative conditional jump.
   07C8 28 11         [12] 1550 	jr	z, 00140$
                           1551 ; common peephole 81 removed jp by using inverse jump logic
                           1552 ; common peephole 159 removed unused label 00353$.
                           1553 ;	skipping generated iCode
                           1554 ;	skipping iCode since result will be rematerialized
                           1555 ;	skipping iCode since result will be rematerialized
                           1556 ;	skipping iCode since result will be rematerialized
                           1557 ;	skipping iCode since result will be rematerialized
                           1558 ;	skipping iCode since result will be rematerialized
                           1559 ;	skipping iCode since result will be rematerialized
                           1560 ;	genIpush
                           1561 ;	genMove_o size 2 result type 2 source type 1 a_dead 1 hl_dead 1 de_dead 1 iy_dead 1 f_dead 1
   07CA 21 32 00      [10] 1562 	ld	hl, #0x0032
   07CD E5            [11] 1563 	push	hl
                           1564 ;	genIpush
                           1565 ;	genMove_o size 2 result type 2 source type 7 a_dead 1 hl_dead 1 de_dead 1 iy_dead 1 f_dead 1
   07CE 21r00s09      [10] 1566 	ld	hl, #___str_2
   07D1 E5            [11] 1567 	push	hl
                           1568 ;	genSend
                           1569 ;	genMove_o size 2 result type 2 source type 7 a_dead 1 hl_dead 1 de_dead 1 iy_dead 1 f_dead 1
   07D2 11r2Bs0A      [10] 1570 	ld	de, #___str_14
                           1571 ;	genSend
                           1572 ;	genMove_o size 2 result type 2 source type 7 a_dead 1 hl_dead 1 de_dead 0 iy_dead 1 f_dead 1
   07D5 21rD8s08      [10] 1573 	ld	hl, #___str_0
                           1574 ;	genCall
   07D8 CDr00s00      [17] 1575 	call	___fail
                           1576 ;	genLabel
   07DB                    1577 00140$:
                           1578 ;cases/bitwidth/bitwidth_type_unsigned_long_long.c:51: ASSERT (stdc_bit_floor(i) == 8);
                           1579 ;	genPlus
                           1580 ;	genMove_o size 2 result type 2 source type 10 a_dead 1 hl_dead 1 de_dead 1 iy_dead 1 f_dead 1
   07DB 2Ar00s00      [16] 1581 	ld	hl, (___numTests)
   07DE 23            [ 6] 1582 	inc	hl
                           1583 ;	genMove_o size 2 result type 10 source type 2 a_dead 1 hl_dead 1 de_dead 1 iy_dead 1 f_dead 1
   07DF 22r00s00      [16] 1584 	ld	(___numTests), hl
                           1585 ;	genIpush
                           1586 ;	genMove_o size 2 result type 2 source type 10 a_dead 1 hl_dead 1 de_dead 1 iy_dead 1 f_dead 1
   07E2 2Ar06s00      [16] 1587 	ld	hl, (_i + 6)
   07E5 E5            [11] 1588 	push	hl
                           1589 ;	genMove_o size 2 result type 2 source type 10 a_dead 1 hl_dead 1 de_dead 1 iy_dead 1 f_dead 1
   07E6 2Ar04s00      [16] 1590 	ld	hl, (_i + 4)
   07E9 E5            [11] 1591 	push	hl
                           1592 ;	genMove_o size 2 result type 2 source type 10 a_dead 1 hl_dead 1 de_dead 1 iy_dead 1 f_dead 1
   07EA 2Ar02s00      [16] 1593 	ld	hl, (_i + 2)
   07ED E5            [11] 1594 	push	hl
                           1595 ;	genMove_o size 2 result type 2 source type 10 a_dead 1 hl_dead 1 de_dead 1 iy_dead 1 f_dead 1
   07EE 2Ar00s00      [16] 1596 	ld	hl, (_i)
   07F1 E5            [11] 1597 	push	hl
                           1598 ;	genCall
   07F2 CDr00s00      [17] 1599 	call	___stdc_bit_width
                           1600 ;	genMove_o size 1 result type 2 source type 2 a_dead 1 hl_dead 1 de_dead 1 iy_dead 1 f_dead 1
   07F5 47            [ 4] 1601 	ld	b, a
                           1602 ;	genMove_o size 0 result type 2 source type 1 a_dead 1 hl_dead 1 de_dead 1 iy_dead 1 f_dead 1
                           1603 ;	genLeftShift
                           1604 ;	genMove_o size 8 result type 6 source type 1 a_dead 1 hl_dead 1 de_dead 1 iy_dead 1 f_dead 1
   07F6 DD 36 F8 01   [19] 1605 	ld	-8 (ix), #0x01
   07FA AF            [ 4] 1606 	xor	a, a
   07FB DD 77 F9      [19] 1607 	ld	-7 (ix), a
   07FE DD 77 FA      [19] 1608 	ld	-6 (ix), a
   0801 DD 77 FB      [19] 1609 	ld	-5 (ix), a
   0804 DD 77 FC      [19] 1610 	ld	-4 (ix), a
   0807 DD 77 FD      [19] 1611 	ld	-3 (ix), a
   080A DD 77 FE      [19] 1612 	ld	-2 (ix), a
   080D DD 77 FF      [19] 1613 	ld	-1 (ix), a
                           1614 ;	genMove_o size 0 result type 6 source type 1 a_dead 1 hl_dead 1 de_dead 1 iy_dead 1 f_dead 1
   0810 04            [ 4] 1615 	inc	b
                           1616 ; common peephole 162 changed absolute to relative unconditional jump.
   0811 18 20         [12] 1617 	jr	00355$
   0813                    1618 00354$:
   0813 DD CB F8 26   [23] 1619 	sla	-8 (ix)
   0817 DD CB F9 16   [23] 1620 	rl	-7 (ix)
   081B DD CB FA 16   [23] 1621 	rl	-6 (ix)
   081F DD CB FB 16   [23] 1622 	rl	-5 (ix)
   0823 DD CB FC 16   [23] 1623 	rl	-4 (ix)
   0827 DD CB FD 16   [23] 1624 	rl	-3 (ix)
   082B DD CB FE 16   [23] 1625 	rl	-2 (ix)
   082F DD CB FF 16   [23] 1626 	rl	-1 (ix)
   0833                    1627 00355$:
   0833 10 DE         [13] 1628 	djnz	00354$
                           1629 ;	genMove_o size 8 result type 6 source type 6 a_dead 1 hl_dead 1 de_dead 1 iy_dead 1 f_dead 1
                           1630 ;	genRightShift
   0835 DD CB FF 3E   [23] 1631 	srl	-1 (ix)
   0839 DD CB FE 1E   [23] 1632 	rr	-2 (ix)
   083D DD CB FD 1E   [23] 1633 	rr	-3 (ix)
   0841 DD CB FC 1E   [23] 1634 	rr	-4 (ix)
   0845 DD CB FB 1E   [23] 1635 	rr	-5 (ix)
   0849 DD CB FA 1E   [23] 1636 	rr	-6 (ix)
   084D DD CB F9 1E   [23] 1637 	rr	-7 (ix)
   0851 DD CB F8 1E   [23] 1638 	rr	-8 (ix)
                           1639 ;	genMove_o size 8 result type 6 source type 6 a_dead 1 hl_dead 1 de_dead 1 iy_dead 1 f_dead 1
                           1640 ;	genCmpEq
                           1641 ;	genMove_o size 1 result type 2 source type 6 a_dead 1 hl_dead 1 de_dead 0 iy_dead 0 f_dead 1
   0855 DD 7E F8      [19] 1642 	ld	a, -8 (ix)
                           1643 ;	genMove_o size 0 result type 2 source type 1 a_dead 1 hl_dead 1 de_dead 0 iy_dead 0 f_dead 1
   0858 D6 08         [ 7] 1644 	sub	a, #0x08
   085A DD B6 F9      [19] 1645 	or	a, -7 (ix)
   085D DD B6 FA      [19] 1646 	or	a, -6 (ix)
   0860 DD B6 FB      [19] 1647 	or	a, -5 (ix)
   0863 DD B6 FC      [19] 1648 	or	a, -4 (ix)
   0866 DD B6 FD      [19] 1649 	or	a, -3 (ix)
   0869 DD B6 FE      [19] 1650 	or	a, -2 (ix)
   086C DD B6 FF      [19] 1651 	or	a, -1 (ix)
                           1652 ; common peephole 163 changed absolute to relative conditional jump.
   086F 28 11         [12] 1653 	jr	z, 00142$
                           1654 ; common peephole 81 removed jp by using inverse jump logic
                           1655 ; common peephole 159 removed unused label 00358$.
                           1656 ;	skipping generated iCode
                           1657 ;	skipping iCode since result will be rematerialized
                           1658 ;	skipping iCode since result will be rematerialized
                           1659 ;	skipping iCode since result will be rematerialized
                           1660 ;	skipping iCode since result will be rematerialized
                           1661 ;	skipping iCode since result will be rematerialized
                           1662 ;	skipping iCode since result will be rematerialized
                           1663 ;	genIpush
                           1664 ;	genMove_o size 2 result type 2 source type 1 a_dead 1 hl_dead 1 de_dead 1 iy_dead 1 f_dead 1
   0871 21 33 00      [10] 1665 	ld	hl, #0x0033
   0874 E5            [11] 1666 	push	hl
                           1667 ;	genIpush
                           1668 ;	genMove_o size 2 result type 2 source type 7 a_dead 1 hl_dead 1 de_dead 1 iy_dead 1 f_dead 1
   0875 21r00s09      [10] 1669 	ld	hl, #___str_2
   0878 E5            [11] 1670 	push	hl
                           1671 ;	genSend
                           1672 ;	genMove_o size 2 result type 2 source type 7 a_dead 1 hl_dead 1 de_dead 1 iy_dead 1 f_dead 1
   0879 11r42s0A      [10] 1673 	ld	de, #___str_15
                           1674 ;	genSend
                           1675 ;	genMove_o size 2 result type 2 source type 7 a_dead 1 hl_dead 1 de_dead 0 iy_dead 1 f_dead 1
   087C 21rD8s08      [10] 1676 	ld	hl, #___str_0
                           1677 ;	genCall
   087F CDr00s00      [17] 1678 	call	___fail
                           1679 ;	genLabel
   0882                    1680 00142$:
                           1681 ;cases/bitwidth/bitwidth_type_unsigned_long_long.c:52: ASSERT (stdc_bit_ceil(i) == 16);
                           1682 ;	genPlus
                           1683 ;	genMove_o size 2 result type 2 source type 10 a_dead 1 hl_dead 1 de_dead 1 iy_dead 1 f_dead 1
   0882 2Ar00s00      [16] 1684 	ld	hl, (___numTests)
   0885 23            [ 6] 1685 	inc	hl
                           1686 ;	genMove_o size 2 result type 10 source type 2 a_dead 1 hl_dead 1 de_dead 1 iy_dead 1 f_dead 1
   0886 22r00s00      [16] 1687 	ld	(___numTests), hl
                           1688 ;	genIpush
                           1689 ;	genMove_o size 2 result type 2 source type 10 a_dead 1 hl_dead 1 de_dead 1 iy_dead 1 f_dead 1
   0889 2Ar06s00      [16] 1690 	ld	hl, (_i + 6)
   088C E5            [11] 1691 	push	hl
                           1692 ;	genMove_o size 2 result type 2 source type 10 a_dead 1 hl_dead 1 de_dead 1 iy_dead 1 f_dead 1
   088D 2Ar04s00      [16] 1693 	ld	hl, (_i + 4)
   0890 E5            [11] 1694 	push	hl
                           1695 ;	genMove_o size 2 result type 2 source type 10 a_dead 1 hl_dead 1 de_dead 1 iy_dead 1 f_dead 1
   0891 2Ar02s00      [16] 1696 	ld	hl, (_i + 2)
   0894 E5            [11] 1697 	push	hl
                           1698 ;	genMove_o size 2 result type 2 source type 10 a_dead 1 hl_dead 1 de_dead 1 iy_dead 1 f_dead 1
   0895 2Ar00s00      [16] 1699 	ld	hl, (_i)
   0898 E5            [11] 1700 	push	hl
                           1701 ;	genCall
   0899 21 08 00      [10] 1702 	ld	hl, #0x0008
   089C 39            [11] 1703 	add	hl, sp
   089D E5            [11] 1704 	push	hl
   089E CDr00s00      [17] 1705 	call	___stdc_bit_ceilull
                           1706 ;	adjustStack by 10
   08A1 21 0A 00      [10] 1707 	ld	hl, #10
   08A4 39            [11] 1708 	add	hl, sp
   08A5 F9            [ 6] 1709 	ld	sp, hl
                           1710 ;	genCmpEq
                           1711 ;	genMove_o size 1 result type 2 source type 6 a_dead 1 hl_dead 1 de_dead 0 iy_dead 0 f_dead 1
   08A6 DD 7E F8      [19] 1712 	ld	a, -8 (ix)
                           1713 ;	genMove_o size 0 result type 2 source type 1 a_dead 1 hl_dead 1 de_dead 0 iy_dead 0 f_dead 1
   08A9 D6 10         [ 7] 1714 	sub	a, #0x10
   08AB DD B6 F9      [19] 1715 	or	a, -7 (ix)
   08AE DD B6 FA      [19] 1716 	or	a, -6 (ix)
   08B1 DD B6 FB      [19] 1717 	or	a, -5 (ix)
   08B4 DD B6 FC      [19] 1718 	or	a, -4 (ix)
   08B7 DD B6 FD      [19] 1719 	or	a, -3 (ix)
   08BA DD B6 FE      [19] 1720 	or	a, -2 (ix)
   08BD DD B6 FF      [19] 1721 	or	a, -1 (ix)
                           1722 ; common peephole 163 changed absolute to relative conditional jump.
   08C0 28 11         [12] 1723 	jr	z, 00101$
                           1724 ; common peephole 81 removed jp by using inverse jump logic
                           1725 ; common peephole 159 removed unused label 00359$.
                           1726 ;	skipping generated iCode
                           1727 ;	skipping iCode since result will be rematerialized
                           1728 ;	skipping iCode since result will be rematerialized
                           1729 ;	skipping iCode since result will be rematerialized
                           1730 ;	skipping iCode since result will be rematerialized
                           1731 ;	skipping iCode since result will be rematerialized
                           1732 ;	skipping iCode since result will be rematerialized
                           1733 ;	genIpush
                           1734 ;	genMove_o size 2 result type 2 source type 1 a_dead 1 hl_dead 1 de_dead 1 iy_dead 1 f_dead 1
   08C2 21 34 00      [10] 1735 	ld	hl, #0x0034
   08C5 E5            [11] 1736 	push	hl
                           1737 ;	genIpush
                           1738 ;	genMove_o size 2 result type 2 source type 7 a_dead 1 hl_dead 1 de_dead 1 iy_dead 1 f_dead 1
   08C6 21r00s09      [10] 1739 	ld	hl, #___str_2
   08C9 E5            [11] 1740 	push	hl
                           1741 ;	genSend
                           1742 ;	genMove_o size 2 result type 2 source type 7 a_dead 1 hl_dead 1 de_dead 1 iy_dead 1 f_dead 1
   08CA 11r59s0A      [10] 1743 	ld	de, #___str_16
                           1744 ;	genSend
                           1745 ;	genMove_o size 2 result type 2 source type 7 a_dead 1 hl_dead 1 de_dead 0 iy_dead 1 f_dead 1
   08CD 21rD8s08      [10] 1746 	ld	hl, #___str_0
                           1747 ;	genCall
   08D0 CDr00s00      [17] 1748 	call	___fail
                           1749 ;	genLabel
   08D3                    1750 00101$:
                           1751 ;cases/bitwidth/bitwidth_type_unsigned_long_long.c:55: }
                           1752 ;	genEndFunction
   08D3 DD F9         [10] 1753 	ld	sp, ix
   08D5 DD E1         [14] 1754 	pop	ix
   08D7 C9            [10] 1755 	ret
                           1756 ;	Total testCount function size at codegen: 5 bytes.
   08D8                    1757 ___str_0:
   08D8 41 73 73 65 72 74  1758 	.ascii "Assertion failed"
        69 6F 6E 20 66 61
        69 6C 65 64
   08E8 00                 1759 	.db 0x00
   08E9                    1760 ___str_1:
   08E9 73 74 64 63 5F 62  1761 	.ascii "stdc_bit_width(i) == 0"
        69 74 5F 77 69 64
        74 68 28 69 29 20
        3D 3D 20 30
   08FF 00                 1762 	.db 0x00
   0900                    1763 ___str_2:
   0900 63 61 73 65 73 2F  1764 	.ascii "cases/bitwidth/bitwidth_type_unsigned_long_long.c"
        62 69 74 77 69 64
        74 68 2F 62 69 74
        77 69 64 74 68 5F
        74 79 70 65 5F 75
        6E 73 69 67 6E 65
        64 5F 6C 6F 6E 67
        5F 6C 6F 6E 67 2E
        63
   0931 00                 1765 	.db 0x00
   0932                    1766 ___str_3:
   0932 73 74 64 63 5F 62  1767 	.ascii "stdc_bit_floor(i) == 0"
        69 74 5F 66 6C 6F
        6F 72 28 69 29 20
        3D 3D 20 30
   0948 00                 1768 	.db 0x00
   0949                    1769 ___str_4:
   0949 73 74 64 63 5F 62  1770 	.ascii "stdc_bit_ceil(i) == 1"
        69 74 5F 63 65 69
        6C 28 69 29 20 3D
        3D 20 31
   095E 00                 1771 	.db 0x00
   095F                    1772 ___str_5:
   095F 73 74 64 63 5F 62  1773 	.ascii "stdc_bit_width(i) == 1"
        69 74 5F 77 69 64
        74 68 28 69 29 20
        3D 3D 20 31
   0975 00                 1774 	.db 0x00
   0976                    1775 ___str_6:
   0976 73 74 64 63 5F 62  1776 	.ascii "stdc_bit_floor(i) == 1"
        69 74 5F 66 6C 6F
        6F 72 28 69 29 20
        3D 3D 20 31
   098C 00                 1777 	.db 0x00
   098D                    1778 ___str_7:
   098D 73 74 64 63 5F 62  1779 	.ascii "stdc_bit_width(i) == 2"
        69 74 5F 77 69 64
        74 68 28 69 29 20
        3D 3D 20 32
   09A3 00                 1780 	.db 0x00
   09A4                    1781 ___str_8:
   09A4 73 74 64 63 5F 62  1782 	.ascii "stdc_bit_floor(i) == 2"
        69 74 5F 66 6C 6F
        6F 72 28 69 29 20
        3D 3D 20 32
   09BA 00                 1783 	.db 0x00
   09BB                    1784 ___str_9:
   09BB 73 74 64 63 5F 62  1785 	.ascii "stdc_bit_ceil(i) == 2"
        69 74 5F 63 65 69
        6C 28 69 29 20 3D
        3D 20 32
   09D0 00                 1786 	.db 0x00
   09D1                    1787 ___str_10:
   09D1 73 74 64 63 5F 62  1788 	.ascii "stdc_bit_ceil(i) == 4"
        69 74 5F 63 65 69
        6C 28 69 29 20 3D
        3D 20 34
   09E6 00                 1789 	.db 0x00
   09E7                    1790 ___str_11:
   09E7 73 74 64 63 5F 62  1791 	.ascii "stdc_bit_width(i) == 3"
        69 74 5F 77 69 64
        74 68 28 69 29 20
        3D 3D 20 33
   09FD 00                 1792 	.db 0x00
   09FE                    1793 ___str_12:
   09FE 73 74 64 63 5F 62  1794 	.ascii "stdc_bit_floor(i) == 4"
        69 74 5F 66 6C 6F
        6F 72 28 69 29 20
        3D 3D 20 34
   0A14 00                 1795 	.db 0x00
   0A15                    1796 ___str_13:
   0A15 73 74 64 63 5F 62  1797 	.ascii "stdc_bit_ceil(i) == 8"
        69 74 5F 63 65 69
        6C 28 69 29 20 3D
        3D 20 38
   0A2A 00                 1798 	.db 0x00
   0A2B                    1799 ___str_14:
   0A2B 73 74 64 63 5F 62  1800 	.ascii "stdc_bit_width(i) == 4"
        69 74 5F 77 69 64
        74 68 28 69 29 20
        3D 3D 20 34
   0A41 00                 1801 	.db 0x00
   0A42                    1802 ___str_15:
   0A42 73 74 64 63 5F 62  1803 	.ascii "stdc_bit_floor(i) == 8"
        69 74 5F 66 6C 6F
        6F 72 28 69 29 20
        3D 3D 20 38
   0A58 00                 1804 	.db 0x00
   0A59                    1805 ___str_16:
   0A59 73 74 64 63 5F 62  1806 	.ascii "stdc_bit_ceil(i) == 16"
        69 74 5F 63 65 69
        6C 28 69 29 20 3D
        3D 20 31 36
   0A6F 00                 1807 	.db 0x00
                           1808 ;cases/bitwidth/bitwidth_type_unsigned_long_long.c:59: __runSuite(void)
                           1809 ;	genLabel
                           1810 ;	genFunction
                           1811 ;	---------------------------------
                           1812 ; Function __runSuite
                           1813 ; ---------------------------------
                           1814 ;	Register assignment is optimal.
                           1815 ; Stack space usage: 0 bytes.
   0A70                    1816 ___runSuite::
                           1817 ;cases/bitwidth/bitwidth_type_unsigned_long_long.c:61: __prints("Running testCount\n");
                           1818 ;	skipping iCode since result will be rematerialized
                           1819 ;	skipping iCode since result will be rematerialized
                           1820 ;	genSend
                           1821 ;	genMove_o size 2 result type 2 source type 7 a_dead 1 hl_dead 1 de_dead 1 iy_dead 1 f_dead 1
   0A70 21r79s0A      [10] 1822 	ld	hl, #___str_17
                           1823 ;	genCall
   0A73 CDr00s00      [17] 1824 	call	___prints
                           1825 ;cases/bitwidth/bitwidth_type_unsigned_long_long.c:62: testCount();
                           1826 ;	genCall
                           1827 ;	genLabel
                           1828 ; common peephole 159 removed unused label 00101$.
                           1829 ;cases/bitwidth/bitwidth_type_unsigned_long_long.c:63: }
                           1830 ;	genEndFunction
   0A76 C3r00s00      [10] 1831 	jp	_testCount
                           1832 ; common peephole 152 removed unused ret.
                           1833 ;	Total __runSuite function size at codegen: 1 bytes.
   0A79                    1834 ___str_17:
   0A79 52 75 6E 6E 69 6E  1835 	.ascii "Running testCount"
        67 20 74 65 73 74
        43 6F 75 6E 74
   0A8A 0A                 1836 	.db 0x0a
   0A8B 00                 1837 	.db 0x00
                           1838 ;cases/bitwidth/bitwidth_type_unsigned_long_long.c:68: __getSuiteName(void)
                           1839 ;	genLabel
                           1840 ;	genFunction
                           1841 ;	---------------------------------
                           1842 ; Function __getSuiteName
                           1843 ; ---------------------------------
                           1844 ;	Register assignment is optimal.
                           1845 ; Stack space usage: 0 bytes.
   0A8C                    1846 ___getSuiteName::
                           1847 ;cases/bitwidth/bitwidth_type_unsigned_long_long.c:70: return "bitwidth_type_unsigned_long_long";
                           1848 ;	skipping iCode since result will be rematerialized
                           1849 ;	skipping iCode since result will be rematerialized
                           1850 ;	genRet
                           1851 ;	genMove_o size 2 result type 2 source type 7 a_dead 1 hl_dead 1 de_dead 1 iy_dead 1 f_dead 1
   0A8C 11r92s0A      [10] 1852 	ld	de, #___str_18
                           1853 ;	genLabel
                           1854 ; common peephole 159 removed unused label 00101$.
                           1855 ;cases/bitwidth/bitwidth_type_unsigned_long_long.c:71: }
                           1856 ;	genEndFunction
   0A8F C9            [10] 1857 	ret
                           1858 ;	Total __getSuiteName function size at codegen: 1 bytes.
   0A90                    1859 ___numCases:
   0A90 01 00              1860 	.dw #0x0001
   0A92                    1861 ___str_18:
   0A92 62 69 74 77 69 64  1862 	.ascii "bitwidth_type_unsigned_long_long"
        74 68 5F 74 79 70
        65 5F 75 6E 73 69
        67 6E 65 64 5F 6C
        6F 6E 67 5F 6C 6F
        6E 67
   0AB2 00                 1863 	.db 0x00
                           1864 	.area _CODE (BANK=_CSEG)
                           1865 	.area _INITIALIZER
                           1866 	.area _CABS (ABS)
