                              1 ;--------------------------------------------------------
                              2 ; File Created by SDCC : free open source ISO C Compiler
                              3 ; Version 4.6.2 #16710 (Linux)
                              4 ;--------------------------------------------------------
                              5 	.module rotate2_size_32_andCase_2_xorLiteral_1_rotateLeft_1_structVar_1
                              6 	
                              7 ;--------------------------------------------------------
                              8 ; Public variables in this module
                              9 ;--------------------------------------------------------
                             10 	.globl _rotate_test_5_xor2
                             11 	.globl _rotate_test_5_xor1
                             12 	.globl _rotate_test_5
                             13 	.globl _rotate_test_load
                             14 	.globl _rotate_test_4_xor2
                             15 	.globl _rotate_test_4_xor1
                             16 	.globl _rotate_test_4
                             17 	.globl _rotate_test_3_xor2
                             18 	.globl _rotate_test_3_xor1
                             19 	.globl _rotate_test_3
                             20 	.globl _rotate_test_2_xor2
                             21 	.globl _rotate_test_2_xor1
                             22 	.globl _rotate_test_2
                             23 	.globl _rotate_test_1_xor2
                             24 	.globl _rotate_test_1_xor1
                             25 	.globl _rotate_test_1
                             26 	.globl ___prints
                             27 	.globl ___fail
                             28 	.globl _rotate_test_struct
                             29 	.globl ___numCases
                             30 	.globl ___runSuite
                             31 	.globl ___getSuiteName
                             32 ;--------------------------------------------------------
                             33 ; special function registers
                             34 ;--------------------------------------------------------
                             35 ;--------------------------------------------------------
                             36 ; ram data
                             37 ;--------------------------------------------------------
                             38 	.area _DATA (BANK=_DSEG)
   0000                      39 _rotate_test_struct::
   0000                      40 	.ds 8
                             41 ;--------------------------------------------------------
                             42 ; ram data
                             43 ;--------------------------------------------------------
                             44 	.area _INITIALIZED
                             45 ;--------------------------------------------------------
                             46 ; absolute ram data
                             47 ;--------------------------------------------------------
                             48 	.area _DABS (ABS)
                             49 	.area _DABS (ABS)
                             50 ;--------------------------------------------------------
                             51 ; global & static initialisations
                             52 ;--------------------------------------------------------
                             53 	.area _HOME
                             54 	.area _GSINIT
                             55 	.area _GSFINAL
                             56 	.area _GSINIT
                             57 ;--------------------------------------------------------
                             58 ; Home
                             59 ;--------------------------------------------------------
                             60 	.area _HOME (BANK=_CSEG)
                             61 	.area _HOME (BANK=_CSEG)
                             62 ;--------------------------------------------------------
                             63 ; code
                             64 ;--------------------------------------------------------
                             65 	.area _CODE (BANK=_CSEG)
                             66 ;cases/rotate2/rotate2_size_32_andCase_2_xorLiteral_1_rotateLeft_1_structVar_1.c:109: TYPE rotate_test_1(TYPE value)
                             67 ;	genLabel
                             68 ;	genFunction
                             69 ;	---------------------------------
                             70 ; Function rotate_test_1
                             71 ; ---------------------------------
                             72 ;	Register assignment might be sub-optimal.
                             73 ; Stack space usage: 0 bytes.
   0000                      74 _rotate_test_1::
                             75 ;	genReceive
                             76 ;	genMove_o size 4 result type 2 source type 2 a_dead 1 hl_dead 1 de_dead 1 iy_dead 1 f_dead 1
                             77 ;cases/rotate2/rotate2_size_32_andCase_2_xorLiteral_1_rotateLeft_1_structVar_1.c:111: return ((value << SHIFT_L) | (value >> SHIFT_R)) AND_OPERATION;
                             78 ;	genRot
                             79 ;	genMove_o size 4 result type 2 source type 2 a_dead 1 hl_dead 1 de_dead 1 iy_dead 1 f_dead 1
   0000 7C            [ 4]   80 	ld	a, h
   0001 17            [ 4]   81 	rla
   0002 CB 13         [ 8]   82 	rl	e
   0004 CB 12         [ 8]   83 	rl	d
   0006 ED 6A         [15]   84 	adc	hl, hl
                             85 ;	genMove_o size 4 result type 2 source type 2 a_dead 1 hl_dead 1 de_dead 1 iy_dead 1 f_dead 1
                             86 ;	genAnd
                             87 ;	genMove_o size 1 result type 2 source type 2 a_dead 1 hl_dead 0 de_dead 0 iy_dead 1 f_dead 1
   0008 CB 82         [ 8]   88 	res	0, d
                             89 ;	genMove_o size 1 result type 2 source type 2 a_dead 1 hl_dead 0 de_dead 0 iy_dead 1 f_dead 1
   000A CB 84         [ 8]   90 	res	0, h
                             91 ;	genRet
                             92 ;	genMove_o size 4 result type 2 source type 2 a_dead 1 hl_dead 1 de_dead 1 iy_dead 1 f_dead 1
                             93 ;	genLabel
                             94 ; common peephole 159 removed unused label 00101$.
                             95 ;cases/rotate2/rotate2_size_32_andCase_2_xorLiteral_1_rotateLeft_1_structVar_1.c:112: }
                             96 ;	genEndFunction
   000C C9            [10]   97 	ret
                             98 ;	Total rotate_test_1 function size at codegen: 1 bytes.
                             99 ;cases/rotate2/rotate2_size_32_andCase_2_xorLiteral_1_rotateLeft_1_structVar_1.c:114: TYPE rotate_test_1_xor1(TYPE value)
                            100 ;	genLabel
                            101 ;	genFunction
                            102 ;	---------------------------------
                            103 ; Function rotate_test_1_xor1
                            104 ; ---------------------------------
                            105 ;	Register assignment might be sub-optimal.
                            106 ; Stack space usage: 0 bytes.
   000D                     107 _rotate_test_1_xor1::
                            108 ;	genReceive
                            109 ;	genMove_o size 4 result type 2 source type 2 a_dead 1 hl_dead 1 de_dead 1 iy_dead 1 f_dead 1
                            110 ;cases/rotate2/rotate2_size_32_andCase_2_xorLiteral_1_rotateLeft_1_structVar_1.c:116: value = value ^ rotate_test_value_xor;
                            111 ;	genXor
   000D 7B            [ 4]  112 	ld	a, e
   000E EE 24         [ 7]  113 	xor	a, #0x24
                            114 ;	genMove_o size 1 result type 2 source type 2 a_dead 1 hl_dead 0 de_dead 0 iy_dead 1 f_dead 1
   0010 5F            [ 4]  115 	ld	e, a
                            116 ;	genMove_o size 0 result type 2 source type 1 a_dead 1 hl_dead 0 de_dead 0 iy_dead 1 f_dead 1
                            117 ;	genMove_o size 3 result type 2 source type 2 a_dead 1 hl_dead 0 de_dead 0 iy_dead 1 f_dead 1
                            118 ;cases/rotate2/rotate2_size_32_andCase_2_xorLiteral_1_rotateLeft_1_structVar_1.c:117: return ((value << SHIFT_L) | (value >> SHIFT_R)) AND_OPERATION;
                            119 ;	genRot
                            120 ;	genMove_o size 4 result type 2 source type 2 a_dead 1 hl_dead 1 de_dead 1 iy_dead 1 f_dead 1
   0011 7C            [ 4]  121 	ld	a, h
   0012 17            [ 4]  122 	rla
   0013 CB 13         [ 8]  123 	rl	e
   0015 CB 12         [ 8]  124 	rl	d
   0017 ED 6A         [15]  125 	adc	hl, hl
                            126 ;	genMove_o size 4 result type 2 source type 2 a_dead 1 hl_dead 1 de_dead 1 iy_dead 1 f_dead 1
                            127 ;	genAnd
                            128 ;	genMove_o size 1 result type 2 source type 2 a_dead 1 hl_dead 0 de_dead 0 iy_dead 1 f_dead 1
   0019 CB 82         [ 8]  129 	res	0, d
                            130 ;	genMove_o size 1 result type 2 source type 2 a_dead 1 hl_dead 0 de_dead 0 iy_dead 1 f_dead 1
   001B CB 84         [ 8]  131 	res	0, h
                            132 ;	genRet
                            133 ;	genMove_o size 4 result type 2 source type 2 a_dead 1 hl_dead 1 de_dead 1 iy_dead 1 f_dead 1
                            134 ;	genLabel
                            135 ; common peephole 159 removed unused label 00101$.
                            136 ;cases/rotate2/rotate2_size_32_andCase_2_xorLiteral_1_rotateLeft_1_structVar_1.c:118: }
                            137 ;	genEndFunction
   001D C9            [10]  138 	ret
                            139 ;	Total rotate_test_1_xor1 function size at codegen: 1 bytes.
                            140 ;cases/rotate2/rotate2_size_32_andCase_2_xorLiteral_1_rotateLeft_1_structVar_1.c:120: TYPE rotate_test_1_xor2(TYPE value)
                            141 ;	genLabel
                            142 ;	genFunction
                            143 ;	---------------------------------
                            144 ; Function rotate_test_1_xor2
                            145 ; ---------------------------------
                            146 ;	Register assignment might be sub-optimal.
                            147 ; Stack space usage: 0 bytes.
   001E                     148 _rotate_test_1_xor2::
                            149 ;	genReceive
                            150 ;	genMove_o size 4 result type 2 source type 2 a_dead 1 hl_dead 1 de_dead 1 iy_dead 1 f_dead 1
                            151 ;cases/rotate2/rotate2_size_32_andCase_2_xorLiteral_1_rotateLeft_1_structVar_1.c:122: return (((value ^ rotate_test_value_xor) << SHIFT_L) | ((value ^ rotate_test_value_xor) >> SHIFT_R)) AND_OPERATION;
                            152 ;	genXor
   001E 7B            [ 4]  153 	ld	a, e
   001F EE 24         [ 7]  154 	xor	a, #0x24
                            155 ;	genMove_o size 1 result type 2 source type 2 a_dead 1 hl_dead 0 de_dead 0 iy_dead 1 f_dead 1
   0021 5F            [ 4]  156 	ld	e, a
                            157 ;	genMove_o size 0 result type 2 source type 1 a_dead 1 hl_dead 0 de_dead 0 iy_dead 1 f_dead 1
                            158 ;	genMove_o size 3 result type 2 source type 2 a_dead 1 hl_dead 0 de_dead 0 iy_dead 1 f_dead 1
                            159 ;	genRot
                            160 ;	genMove_o size 4 result type 2 source type 2 a_dead 1 hl_dead 1 de_dead 1 iy_dead 1 f_dead 1
   0022 7C            [ 4]  161 	ld	a, h
   0023 17            [ 4]  162 	rla
   0024 CB 13         [ 8]  163 	rl	e
   0026 CB 12         [ 8]  164 	rl	d
   0028 ED 6A         [15]  165 	adc	hl, hl
                            166 ;	genMove_o size 4 result type 2 source type 2 a_dead 1 hl_dead 1 de_dead 1 iy_dead 1 f_dead 1
                            167 ;	genAnd
                            168 ;	genMove_o size 1 result type 2 source type 2 a_dead 1 hl_dead 0 de_dead 0 iy_dead 1 f_dead 1
   002A CB 82         [ 8]  169 	res	0, d
                            170 ;	genMove_o size 1 result type 2 source type 2 a_dead 1 hl_dead 0 de_dead 0 iy_dead 1 f_dead 1
   002C CB 84         [ 8]  171 	res	0, h
                            172 ;	genRet
                            173 ;	genMove_o size 4 result type 2 source type 2 a_dead 1 hl_dead 1 de_dead 1 iy_dead 1 f_dead 1
                            174 ;	genLabel
                            175 ; common peephole 159 removed unused label 00101$.
                            176 ;cases/rotate2/rotate2_size_32_andCase_2_xorLiteral_1_rotateLeft_1_structVar_1.c:123: }
                            177 ;	genEndFunction
   002E C9            [10]  178 	ret
                            179 ;	Total rotate_test_1_xor2 function size at codegen: 1 bytes.
                            180 ;cases/rotate2/rotate2_size_32_andCase_2_xorLiteral_1_rotateLeft_1_structVar_1.c:127: TYPE rotate_test_2(TYPE value)
                            181 ;	genLabel
                            182 ;	genFunction
                            183 ;	---------------------------------
                            184 ; Function rotate_test_2
                            185 ; ---------------------------------
                            186 ;	Register assignment might be sub-optimal.
                            187 ; Stack space usage: 0 bytes.
   002F                     188 _rotate_test_2::
                            189 ;	genReceive
                            190 ;	genMove_o size 4 result type 2 source type 2 a_dead 1 hl_dead 1 de_dead 1 iy_dead 1 f_dead 1
                            191 ;cases/rotate2/rotate2_size_32_andCase_2_xorLiteral_1_rotateLeft_1_structVar_1.c:130: return ((value2 << SHIFT_L) | (value2 >> SHIFT_R)) AND_OPERATION;
                            192 ;	genRot
                            193 ;	genMove_o size 4 result type 2 source type 2 a_dead 1 hl_dead 1 de_dead 1 iy_dead 1 f_dead 1
   002F 7C            [ 4]  194 	ld	a, h
   0030 17            [ 4]  195 	rla
   0031 CB 13         [ 8]  196 	rl	e
   0033 CB 12         [ 8]  197 	rl	d
   0035 ED 6A         [15]  198 	adc	hl, hl
                            199 ;	genMove_o size 4 result type 2 source type 2 a_dead 1 hl_dead 1 de_dead 1 iy_dead 1 f_dead 1
                            200 ;	genAnd
                            201 ;	genMove_o size 1 result type 2 source type 2 a_dead 1 hl_dead 0 de_dead 0 iy_dead 1 f_dead 1
   0037 CB 82         [ 8]  202 	res	0, d
                            203 ;	genMove_o size 1 result type 2 source type 2 a_dead 1 hl_dead 0 de_dead 0 iy_dead 1 f_dead 1
   0039 CB 84         [ 8]  204 	res	0, h
                            205 ;	genRet
                            206 ;	genMove_o size 4 result type 2 source type 2 a_dead 1 hl_dead 1 de_dead 1 iy_dead 1 f_dead 1
                            207 ;	genLabel
                            208 ; common peephole 159 removed unused label 00101$.
                            209 ;cases/rotate2/rotate2_size_32_andCase_2_xorLiteral_1_rotateLeft_1_structVar_1.c:131: }
                            210 ;	genEndFunction
   003B C9            [10]  211 	ret
                            212 ;	Total rotate_test_2 function size at codegen: 1 bytes.
                            213 ;cases/rotate2/rotate2_size_32_andCase_2_xorLiteral_1_rotateLeft_1_structVar_1.c:133: TYPE rotate_test_2_xor1(TYPE value)
                            214 ;	genLabel
                            215 ;	genFunction
                            216 ;	---------------------------------
                            217 ; Function rotate_test_2_xor1
                            218 ; ---------------------------------
                            219 ;	Register assignment might be sub-optimal.
                            220 ; Stack space usage: 0 bytes.
   003C                     221 _rotate_test_2_xor1::
                            222 ;	genReceive
                            223 ;	genMove_o size 4 result type 2 source type 2 a_dead 1 hl_dead 1 de_dead 1 iy_dead 1 f_dead 1
                            224 ;cases/rotate2/rotate2_size_32_andCase_2_xorLiteral_1_rotateLeft_1_structVar_1.c:135: TYPE value2 = value ^ rotate_test_value_xor;
                            225 ;	genXor
   003C 7B            [ 4]  226 	ld	a, e
   003D EE 24         [ 7]  227 	xor	a, #0x24
                            228 ;	genMove_o size 1 result type 2 source type 2 a_dead 1 hl_dead 0 de_dead 0 iy_dead 1 f_dead 1
   003F 5F            [ 4]  229 	ld	e, a
                            230 ;	genMove_o size 0 result type 2 source type 1 a_dead 1 hl_dead 0 de_dead 0 iy_dead 1 f_dead 1
                            231 ;	genMove_o size 3 result type 2 source type 2 a_dead 1 hl_dead 0 de_dead 0 iy_dead 1 f_dead 1
                            232 ;cases/rotate2/rotate2_size_32_andCase_2_xorLiteral_1_rotateLeft_1_structVar_1.c:136: return ((value2 << SHIFT_L) | (value2 >> SHIFT_R)) AND_OPERATION;
                            233 ;	genRot
                            234 ;	genMove_o size 4 result type 2 source type 2 a_dead 1 hl_dead 1 de_dead 1 iy_dead 1 f_dead 1
   0040 7C            [ 4]  235 	ld	a, h
   0041 17            [ 4]  236 	rla
   0042 CB 13         [ 8]  237 	rl	e
   0044 CB 12         [ 8]  238 	rl	d
   0046 ED 6A         [15]  239 	adc	hl, hl
                            240 ;	genMove_o size 4 result type 2 source type 2 a_dead 1 hl_dead 1 de_dead 1 iy_dead 1 f_dead 1
                            241 ;	genAnd
                            242 ;	genMove_o size 1 result type 2 source type 2 a_dead 1 hl_dead 0 de_dead 0 iy_dead 1 f_dead 1
   0048 CB 82         [ 8]  243 	res	0, d
                            244 ;	genMove_o size 1 result type 2 source type 2 a_dead 1 hl_dead 0 de_dead 0 iy_dead 1 f_dead 1
   004A CB 84         [ 8]  245 	res	0, h
                            246 ;	genRet
                            247 ;	genMove_o size 4 result type 2 source type 2 a_dead 1 hl_dead 1 de_dead 1 iy_dead 1 f_dead 1
                            248 ;	genLabel
                            249 ; common peephole 159 removed unused label 00101$.
                            250 ;cases/rotate2/rotate2_size_32_andCase_2_xorLiteral_1_rotateLeft_1_structVar_1.c:137: }
                            251 ;	genEndFunction
   004C C9            [10]  252 	ret
                            253 ;	Total rotate_test_2_xor1 function size at codegen: 1 bytes.
                            254 ;cases/rotate2/rotate2_size_32_andCase_2_xorLiteral_1_rotateLeft_1_structVar_1.c:139: TYPE rotate_test_2_xor2(TYPE value)
                            255 ;	genLabel
                            256 ;	genFunction
                            257 ;	---------------------------------
                            258 ; Function rotate_test_2_xor2
                            259 ; ---------------------------------
                            260 ;	Register assignment might be sub-optimal.
                            261 ; Stack space usage: 0 bytes.
   004D                     262 _rotate_test_2_xor2::
                            263 ;	genReceive
                            264 ;	genMove_o size 4 result type 2 source type 2 a_dead 1 hl_dead 1 de_dead 1 iy_dead 1 f_dead 1
                            265 ;cases/rotate2/rotate2_size_32_andCase_2_xorLiteral_1_rotateLeft_1_structVar_1.c:142: return (((value2 ^ rotate_test_value_xor) << SHIFT_L) | ((value2 ^ rotate_test_value_xor) >> SHIFT_R)) AND_OPERATION;
                            266 ;	genXor
   004D 7B            [ 4]  267 	ld	a, e
   004E EE 24         [ 7]  268 	xor	a, #0x24
                            269 ;	genMove_o size 1 result type 2 source type 2 a_dead 1 hl_dead 0 de_dead 0 iy_dead 1 f_dead 1
   0050 5F            [ 4]  270 	ld	e, a
                            271 ;	genMove_o size 0 result type 2 source type 1 a_dead 1 hl_dead 0 de_dead 0 iy_dead 1 f_dead 1
                            272 ;	genMove_o size 3 result type 2 source type 2 a_dead 1 hl_dead 0 de_dead 0 iy_dead 1 f_dead 1
                            273 ;	genRot
                            274 ;	genMove_o size 4 result type 2 source type 2 a_dead 1 hl_dead 1 de_dead 1 iy_dead 1 f_dead 1
   0051 7C            [ 4]  275 	ld	a, h
   0052 17            [ 4]  276 	rla
   0053 CB 13         [ 8]  277 	rl	e
   0055 CB 12         [ 8]  278 	rl	d
   0057 ED 6A         [15]  279 	adc	hl, hl
                            280 ;	genMove_o size 4 result type 2 source type 2 a_dead 1 hl_dead 1 de_dead 1 iy_dead 1 f_dead 1
                            281 ;	genAnd
                            282 ;	genMove_o size 1 result type 2 source type 2 a_dead 1 hl_dead 0 de_dead 0 iy_dead 1 f_dead 1
   0059 CB 82         [ 8]  283 	res	0, d
                            284 ;	genMove_o size 1 result type 2 source type 2 a_dead 1 hl_dead 0 de_dead 0 iy_dead 1 f_dead 1
   005B CB 84         [ 8]  285 	res	0, h
                            286 ;	genRet
                            287 ;	genMove_o size 4 result type 2 source type 2 a_dead 1 hl_dead 1 de_dead 1 iy_dead 1 f_dead 1
                            288 ;	genLabel
                            289 ; common peephole 159 removed unused label 00101$.
                            290 ;cases/rotate2/rotate2_size_32_andCase_2_xorLiteral_1_rotateLeft_1_structVar_1.c:143: }
                            291 ;	genEndFunction
   005D C9            [10]  292 	ret
                            293 ;	Total rotate_test_2_xor2 function size at codegen: 1 bytes.
                            294 ;cases/rotate2/rotate2_size_32_andCase_2_xorLiteral_1_rotateLeft_1_structVar_1.c:145: TYPE rotate_test_3(TYPE value)
                            295 ;	genLabel
                            296 ;	genFunction
                            297 ;	---------------------------------
                            298 ; Function rotate_test_3
                            299 ; ---------------------------------
                            300 ;	Register assignment is optimal.
                            301 ; Stack space usage: 4 bytes.
   005E                     302 _rotate_test_3::
                            303 ;	adjustStack by -4
   005E F5            [11]  304 	push	af
                            305 ;	genReceive
                            306 ;	genMove_o size 4 result type 12 source type 2 a_dead 1 hl_dead 1 de_dead 1 iy_dead 1 f_dead 1
                            307 ; common peephole 50c eliminated dead push/inc sp pair.
   005F D5            [11]  308 	push	de
   0060 7D            [ 4]  309 	ld	a, l
   0061 FD 21 00 00   [14]  310 	ld	iy, #0
   0065 FD 39         [15]  311 	add	iy, sp
   0067 FD 77 02      [19]  312 	ld	2 (iy), a
                            313 ; common peephole 13 loaded h into 3 (iy) directly instead of going through a.
   006A FD 74 03      [19]  314 	ld	3 (iy), h
                            315 ;	genMove_o size 0 result type 12 source type 1 a_dead 1 hl_dead 1 de_dead 1 iy_dead 1 f_dead 1
                            316 ;cases/rotate2/rotate2_size_32_andCase_2_xorLiteral_1_rotateLeft_1_structVar_1.c:148: value2 = ((value2 << SHIFT_L) | (value2 >> SHIFT_R)) AND_OPERATION;
                            317 ;	genRot
                            318 ;	genMove_o size 4 result type 2 source type 12 a_dead 1 hl_dead 1 de_dead 1 iy_dead 1 f_dead 1
   006D C1            [10]  319 	pop	bc
   006E D1            [10]  320 	pop	de
   006F D5            [11]  321 	push	de
   0070 C5            [11]  322 	push	bc
                            323 ;	genMove_o size 0 result type 2 source type 1 a_dead 1 hl_dead 1 de_dead 1 iy_dead 1 f_dead 1
   0071 7A            [ 4]  324 	ld	a, d
   0072 17            [ 4]  325 	rla
   0073 CB 11         [ 8]  326 	rl	c
   0075 CB 10         [ 8]  327 	rl	b
   0077 CB 13         [ 8]  328 	rl	e
   0079 CB 12         [ 8]  329 	rl	d
                            330 ;	genMove_o size 4 result type 2 source type 2 a_dead 1 hl_dead 1 de_dead 1 iy_dead 1 f_dead 1
                            331 ;	genDummyRead
                            332 ; common peephole 7 removed dead load from 0 (iy) into a.
                            333 ; common peephole 7 removed dead load from 1 (iy) into a.
                            334 ; common peephole 7 removed dead load from 2 (iy) into a.
                            335 ; common peephole 7 removed dead load from 3 (iy) into a.
                            336 ;	genAnd
                            337 ;	genMove_o size 1 result type 12 source type 2 a_dead 1 hl_dead 1 de_dead 0 iy_dead 1 f_dead 1
   007B FD 71 00      [19]  338 	ld	0 (iy), c
                            339 ;	genMove_o size 0 result type 12 source type 1 a_dead 1 hl_dead 1 de_dead 0 iy_dead 1 f_dead 1
   007E 78            [ 4]  340 	ld	a, b
   007F E6 FE         [ 7]  341 	and	a, #0xfe
                            342 ;	genMove_o size 1 result type 12 source type 2 a_dead 1 hl_dead 1 de_dead 0 iy_dead 1 f_dead 1
   0081 FD 77 01      [19]  343 	ld	1 (iy), a
                            344 ;	genMove_o size 0 result type 12 source type 1 a_dead 1 hl_dead 1 de_dead 0 iy_dead 1 f_dead 1
                            345 ;	genMove_o size 1 result type 12 source type 2 a_dead 1 hl_dead 1 de_dead 0 iy_dead 1 f_dead 1
   0084 FD 73 02      [19]  346 	ld	2 (iy), e
                            347 ;	genMove_o size 0 result type 12 source type 1 a_dead 1 hl_dead 1 de_dead 0 iy_dead 1 f_dead 1
   0087 7A            [ 4]  348 	ld	a, d
   0088 E6 FE         [ 7]  349 	and	a, #0xfe
                            350 ;	genMove_o size 1 result type 12 source type 2 a_dead 1 hl_dead 1 de_dead 0 iy_dead 1 f_dead 1
   008A FD 77 03      [19]  351 	ld	3 (iy), a
                            352 ;	genMove_o size 0 result type 12 source type 1 a_dead 1 hl_dead 1 de_dead 0 iy_dead 1 f_dead 1
                            353 ;cases/rotate2/rotate2_size_32_andCase_2_xorLiteral_1_rotateLeft_1_structVar_1.c:149: return value2;
                            354 ;	genRet
                            355 ;	genMove_o size 4 result type 2 source type 12 a_dead 1 hl_dead 1 de_dead 1 iy_dead 1 f_dead 1
   008D D1            [10]  356 	pop	de
   008E E1            [10]  357 	pop	hl
                            358 ;	genMove_o size 0 result type 2 source type 1 a_dead 1 hl_dead 1 de_dead 1 iy_dead 1 f_dead 1
                            359 ;	genLabel
                            360 ; common peephole 159 removed unused label 00101$.
                            361 ;cases/rotate2/rotate2_size_32_andCase_2_xorLiteral_1_rotateLeft_1_structVar_1.c:150: }
                            362 ;	genEndFunction
                            363 ;	adjustStack by 4
                            364 ; common peephole 1 removed dead load from d into a.
                            365 ; common peephole 52b replaced push/pop pair by load.
                            366 ; common peephole 1 removed dead load from h into a.
                            367 ; common peephole 52b replaced push/pop pair by load.
   008F C9            [10]  368 	ret
                            369 ;	Total rotate_test_3 function size at codegen: 3 bytes.
                            370 ;cases/rotate2/rotate2_size_32_andCase_2_xorLiteral_1_rotateLeft_1_structVar_1.c:152: TYPE rotate_test_3_xor1(TYPE value)
                            371 ;	genLabel
                            372 ;	genFunction
                            373 ;	---------------------------------
                            374 ; Function rotate_test_3_xor1
                            375 ; ---------------------------------
                            376 ;	Register assignment might be sub-optimal.
                            377 ; Stack space usage: 4 bytes.
   0090                     378 _rotate_test_3_xor1::
                            379 ;	adjustStack by -4
   0090 F5            [11]  380 	push	af
   0091 F5            [11]  381 	push	af
                            382 ;	genReceive
                            383 ;	genMove_o size 4 result type 2 source type 2 a_dead 1 hl_dead 1 de_dead 1 iy_dead 1 f_dead 1
   0092 7B            [ 4]  384 	ld	a, e
   0093 4D            [ 4]  385 	ld	c, l
   0094 44            [ 4]  386 	ld	b, h
                            387 ;	genMove_o size 0 result type 2 source type 1 a_dead 1 hl_dead 1 de_dead 1 iy_dead 1 f_dead 1
                            388 ;cases/rotate2/rotate2_size_32_andCase_2_xorLiteral_1_rotateLeft_1_structVar_1.c:154: volatile TYPE value2 = value ^ rotate_test_value_xor;
                            389 ;	genXor
   0095 EE 24         [ 7]  390 	xor	a, #0x24
                            391 ;	genMove_o size 1 result type 12 source type 2 a_dead 1 hl_dead 1 de_dead 0 iy_dead 1 f_dead 1
   0097 FD 21 00 00   [14]  392 	ld	iy, #0
   009B FD 39         [15]  393 	add	iy, sp
   009D FD 77 00      [19]  394 	ld	0 (iy), a
                            395 ;	genMove_o size 0 result type 12 source type 1 a_dead 1 hl_dead 1 de_dead 0 iy_dead 1 f_dead 1
                            396 ;	genMove_o size 3 result type 12 source type 2 a_dead 1 hl_dead 1 de_dead 0 iy_dead 1 f_dead 1
   00A0 FD 72 01      [19]  397 	ld	1 (iy), d
   00A3 FD 71 02      [19]  398 	ld	2 (iy), c
   00A6 FD 70 03      [19]  399 	ld	3 (iy), b
                            400 ;	genMove_o size 0 result type 12 source type 1 a_dead 1 hl_dead 1 de_dead 0 iy_dead 1 f_dead 1
                            401 ;cases/rotate2/rotate2_size_32_andCase_2_xorLiteral_1_rotateLeft_1_structVar_1.c:155: value2 = ((value2 << SHIFT_L) | (value2 >> SHIFT_R)) AND_OPERATION;
                            402 ;	genRot
                            403 ;	genMove_o size 4 result type 2 source type 12 a_dead 1 hl_dead 1 de_dead 1 iy_dead 1 f_dead 1
   00A9 C1            [10]  404 	pop	bc
   00AA D1            [10]  405 	pop	de
   00AB D5            [11]  406 	push	de
   00AC C5            [11]  407 	push	bc
                            408 ;	genMove_o size 0 result type 2 source type 1 a_dead 1 hl_dead 1 de_dead 1 iy_dead 1 f_dead 1
   00AD 7A            [ 4]  409 	ld	a, d
   00AE 17            [ 4]  410 	rla
   00AF CB 11         [ 8]  411 	rl	c
   00B1 CB 10         [ 8]  412 	rl	b
   00B3 CB 13         [ 8]  413 	rl	e
   00B5 CB 12         [ 8]  414 	rl	d
                            415 ;	genMove_o size 4 result type 2 source type 2 a_dead 1 hl_dead 1 de_dead 1 iy_dead 1 f_dead 1
                            416 ;	genDummyRead
                            417 ; common peephole 7 removed dead load from 0 (iy) into a.
                            418 ; common peephole 7 removed dead load from 1 (iy) into a.
                            419 ; common peephole 7 removed dead load from 2 (iy) into a.
                            420 ; common peephole 7 removed dead load from 3 (iy) into a.
                            421 ;	genAnd
                            422 ;	genMove_o size 1 result type 12 source type 2 a_dead 1 hl_dead 1 de_dead 0 iy_dead 1 f_dead 1
   00B7 FD 71 00      [19]  423 	ld	0 (iy), c
                            424 ;	genMove_o size 0 result type 12 source type 1 a_dead 1 hl_dead 1 de_dead 0 iy_dead 1 f_dead 1
   00BA 78            [ 4]  425 	ld	a, b
   00BB E6 FE         [ 7]  426 	and	a, #0xfe
                            427 ;	genMove_o size 1 result type 12 source type 2 a_dead 1 hl_dead 1 de_dead 0 iy_dead 1 f_dead 1
   00BD FD 77 01      [19]  428 	ld	1 (iy), a
                            429 ;	genMove_o size 0 result type 12 source type 1 a_dead 1 hl_dead 1 de_dead 0 iy_dead 1 f_dead 1
                            430 ;	genMove_o size 1 result type 12 source type 2 a_dead 1 hl_dead 1 de_dead 0 iy_dead 1 f_dead 1
   00C0 FD 73 02      [19]  431 	ld	2 (iy), e
                            432 ;	genMove_o size 0 result type 12 source type 1 a_dead 1 hl_dead 1 de_dead 0 iy_dead 1 f_dead 1
   00C3 7A            [ 4]  433 	ld	a, d
   00C4 E6 FE         [ 7]  434 	and	a, #0xfe
                            435 ;	genMove_o size 1 result type 12 source type 2 a_dead 1 hl_dead 1 de_dead 0 iy_dead 1 f_dead 1
   00C6 FD 77 03      [19]  436 	ld	3 (iy), a
                            437 ;	genMove_o size 0 result type 12 source type 1 a_dead 1 hl_dead 1 de_dead 0 iy_dead 1 f_dead 1
                            438 ;cases/rotate2/rotate2_size_32_andCase_2_xorLiteral_1_rotateLeft_1_structVar_1.c:156: return value2;
                            439 ;	genRet
                            440 ;	genMove_o size 4 result type 2 source type 12 a_dead 1 hl_dead 1 de_dead 1 iy_dead 1 f_dead 1
   00C9 D1            [10]  441 	pop	de
   00CA E1            [10]  442 	pop	hl
                            443 ;	genMove_o size 0 result type 2 source type 1 a_dead 1 hl_dead 1 de_dead 1 iy_dead 1 f_dead 1
                            444 ;	genLabel
                            445 ; common peephole 159 removed unused label 00101$.
                            446 ;cases/rotate2/rotate2_size_32_andCase_2_xorLiteral_1_rotateLeft_1_structVar_1.c:157: }
                            447 ;	genEndFunction
                            448 ;	adjustStack by 4
                            449 ; common peephole 1 removed dead load from d into a.
                            450 ; common peephole 52b replaced push/pop pair by load.
                            451 ; common peephole 1 removed dead load from h into a.
                            452 ; common peephole 52b replaced push/pop pair by load.
   00CB C9            [10]  453 	ret
                            454 ;	Total rotate_test_3_xor1 function size at codegen: 3 bytes.
                            455 ;cases/rotate2/rotate2_size_32_andCase_2_xorLiteral_1_rotateLeft_1_structVar_1.c:159: TYPE rotate_test_3_xor2(TYPE value)
                            456 ;	genLabel
                            457 ;	genFunction
                            458 ;	---------------------------------
                            459 ; Function rotate_test_3_xor2
                            460 ; ---------------------------------
                            461 ;	Register assignment might be sub-optimal.
                            462 ; Stack space usage: 8 bytes.
   00CC                     463 _rotate_test_3_xor2::
   00CC DD E5         [15]  464 	push	ix
   00CE DD 21 00 00   [14]  465 	ld	ix,	#0
   00D2 DD 39         [15]  466 	add	ix, sp
                            467 ;	adjustStack by -8
   00D4 FD 21 F8 FF   [14]  468 	ld	iy, #-8
   00D8 FD 39         [15]  469 	add	iy, sp
   00DA FD F9         [10]  470 	ld	sp, iy
                            471 ;	genReceive
                            472 ;	genMove_o size 4 result type 6 source type 2 a_dead 1 hl_dead 1 de_dead 1 iy_dead 1 f_dead 1
   00DC 33            [ 6]  473 	inc	sp
   00DD 33            [ 6]  474 	inc	sp
   00DE D5            [11]  475 	push	de
   00DF DD 75 FA      [19]  476 	ld	-6 (ix), l
   00E2 DD 74 FB      [19]  477 	ld	-5 (ix), h
                            478 ;	genMove_o size 0 result type 6 source type 1 a_dead 1 hl_dead 1 de_dead 1 iy_dead 1 f_dead 1
                            479 ;cases/rotate2/rotate2_size_32_andCase_2_xorLiteral_1_rotateLeft_1_structVar_1.c:162: value2 = (((value2 ^ rotate_test_value_xor) << SHIFT_L) | ((value2 ^ rotate_test_value_xor) >> SHIFT_R)) AND_OPERATION;
                            480 ;	genXor
   00E5 DD 7E F8      [19]  481 	ld	a, -8 (ix)
   00E8 EE 24         [ 7]  482 	xor	a, #0x24
                            483 ;	genMove_o size 1 result type 2 source type 2 a_dead 1 hl_dead 1 de_dead 1 iy_dead 1 f_dead 1
   00EA 6F            [ 4]  484 	ld	l, a
                            485 ;	genMove_o size 0 result type 2 source type 1 a_dead 1 hl_dead 0 de_dead 1 iy_dead 1 f_dead 1
                            486 ;	genMove_o size 3 result type 2 source type 6 a_dead 1 hl_dead 0 de_dead 1 iy_dead 1 f_dead 1
   00EB DD 66 F9      [19]  487 	ld	h, -7 (ix)
   00EE D1            [10]  488 	pop	de
   00EF C1            [10]  489 	pop	bc
   00F0 C5            [11]  490 	push	bc
   00F1 D5            [11]  491 	push	de
                            492 ;	genMove_o size 0 result type 2 source type 1 a_dead 1 hl_dead 0 de_dead 1 iy_dead 1 f_dead 1
                            493 ;	genLeftShift
                            494 ;	genMove_o size 4 result type 2 source type 2 a_dead 0 hl_dead 1 de_dead 1 iy_dead 1 f_dead 1
                            495 ;	genMove_o size 0 result type 2 source type 1 a_dead 0 hl_dead 0 de_dead 1 iy_dead 1 f_dead 1
   00F2 29            [11]  496 	add	hl, hl
   00F3 CB 11         [ 8]  497 	rl	c
   00F5 CB 10         [ 8]  498 	rl	b
                            499 ;	genMove_o size 4 result type 6 source type 2 a_dead 1 hl_dead 1 de_dead 1 iy_dead 1 f_dead 1
   00F7 DD 75 FC      [19]  500 	ld	-4 (ix), l
   00FA DD 74 FD      [19]  501 	ld	-3 (ix), h
   00FD DD 71 FE      [19]  502 	ld	-2 (ix), c
   0100 DD 70 FF      [19]  503 	ld	-1 (ix), b
                            504 ;	genMove_o size 0 result type 6 source type 1 a_dead 1 hl_dead 1 de_dead 1 iy_dead 1 f_dead 1
                            505 ;	genXor
                            506 ; common peephole 7 removed dead load from -8 (ix) into a.
                            507 ; common peephole 6b removed dead xor a, #0x24
                            508 ;	genMove_o size 1 result type 2 source type 2 a_dead 1 hl_dead 1 de_dead 0 iy_dead 1 f_dead 1
                            509 ; common peephole 1 removed dead load from a into c.
                            510 ;	genMove_o size 0 result type 2 source type 1 a_dead 1 hl_dead 1 de_dead 0 iy_dead 1 f_dead 1
                            511 ;	genMove_o size 3 result type 2 source type 6 a_dead 1 hl_dead 1 de_dead 0 iy_dead 1 f_dead 1
                            512 ; common peephole 7 removed dead load from -7 (ix) into b.
   0103 E1            [10]  513 	pop	hl
   0104 D1            [10]  514 	pop	de
   0105 D5            [11]  515 	push	de
   0106 E5            [11]  516 	push	hl
                            517 ;	genMove_o size 0 result type 2 source type 1 a_dead 1 hl_dead 1 de_dead 1 iy_dead 1 f_dead 1
                            518 ;	genRightShift
                            519 ;	genMove_o size 1 result type 2 source type 2 a_dead 1 hl_dead 1 de_dead 1 iy_dead 1 f_dead 1
   0107 5A            [ 4]  520 	ld	e, d
                            521 ;	genMove_o size 0 result type 2 source type 1 a_dead 1 hl_dead 0 de_dead 0 iy_dead 1 f_dead 1
                            522 ;	genMove_o size 3 result type 2 source type 1 a_dead 1 hl_dead 1 de_dead 0 iy_dead 1 f_dead 1
                            523 ; common peephole 1 removed dead load from #0x00 into d.
                            524 ; common peephole 1 removed dead load from #0x0000 into hl.
   0108 06 07         [ 7]  525 	ld	b, #0x07
   010A                     526 00105$:
   010A CB 3B         [ 8]  527 	srl	e
                            528 ; common peephole 159 removed unused label 00106$.
   010C 10 FC         [13]  529 	djnz	00105$
                            530 ;	genMove_o size 4 result type 2 source type 2 a_dead 1 hl_dead 1 de_dead 1 iy_dead 1 f_dead 1
                            531 ;	genOr
   010E DD 7E FC      [19]  532 	ld	a, -4 (ix)
   0111 B3            [ 4]  533 	or	a, e
                            534 ;	genMove_o size 1 result type 2 source type 2 a_dead 1 hl_dead 0 de_dead 0 iy_dead 1 f_dead 1
   0112 4F            [ 4]  535 	ld	c, a
                            536 ;	genMove_o size 0 result type 2 source type 1 a_dead 1 hl_dead 0 de_dead 0 iy_dead 1 f_dead 1
                            537 ;	genMove_o size 3 result type 2 source type 6 a_dead 1 hl_dead 0 de_dead 0 iy_dead 1 f_dead 1
   0113 DD 46 FD      [19]  538 	ld	b, -3 (ix)
   0116 DD 5E FE      [19]  539 	ld	e, -2 (ix)
   0119 DD 56 FF      [19]  540 	ld	d, -1 (ix)
                            541 ;	genMove_o size 0 result type 2 source type 1 a_dead 1 hl_dead 0 de_dead 1 iy_dead 1 f_dead 1
                            542 ;	genAnd
                            543 ;	genMove_o size 1 result type 6 source type 2 a_dead 1 hl_dead 1 de_dead 0 iy_dead 1 f_dead 1
   011C DD 71 F8      [19]  544 	ld	-8 (ix), c
                            545 ;	genMove_o size 0 result type 6 source type 1 a_dead 1 hl_dead 1 de_dead 0 iy_dead 1 f_dead 1
   011F 78            [ 4]  546 	ld	a, b
   0120 E6 FE         [ 7]  547 	and	a, #0xfe
                            548 ;	genMove_o size 1 result type 6 source type 2 a_dead 1 hl_dead 1 de_dead 0 iy_dead 1 f_dead 1
   0122 DD 77 F9      [19]  549 	ld	-7 (ix), a
                            550 ;	genMove_o size 0 result type 6 source type 1 a_dead 1 hl_dead 1 de_dead 0 iy_dead 1 f_dead 1
                            551 ;	genMove_o size 1 result type 6 source type 2 a_dead 1 hl_dead 1 de_dead 0 iy_dead 1 f_dead 1
   0125 DD 73 FA      [19]  552 	ld	-6 (ix), e
                            553 ;	genMove_o size 0 result type 6 source type 1 a_dead 1 hl_dead 1 de_dead 0 iy_dead 1 f_dead 1
   0128 7A            [ 4]  554 	ld	a, d
   0129 E6 FE         [ 7]  555 	and	a, #0xfe
                            556 ;	genMove_o size 1 result type 6 source type 2 a_dead 1 hl_dead 1 de_dead 0 iy_dead 1 f_dead 1
   012B DD 77 FB      [19]  557 	ld	-5 (ix), a
                            558 ;	genMove_o size 0 result type 6 source type 1 a_dead 1 hl_dead 1 de_dead 0 iy_dead 1 f_dead 1
                            559 ;cases/rotate2/rotate2_size_32_andCase_2_xorLiteral_1_rotateLeft_1_structVar_1.c:163: return value2;
                            560 ;	genRet
                            561 ;	genMove_o size 4 result type 2 source type 6 a_dead 1 hl_dead 1 de_dead 1 iy_dead 1 f_dead 1
   012E D1            [10]  562 	pop	de
   012F E1            [10]  563 	pop	hl
   0130 E5            [11]  564 	push	hl
   0131 D5            [11]  565 	push	de
                            566 ;	genMove_o size 0 result type 2 source type 1 a_dead 1 hl_dead 1 de_dead 1 iy_dead 1 f_dead 1
                            567 ;	genLabel
                            568 ; common peephole 159 removed unused label 00101$.
                            569 ;cases/rotate2/rotate2_size_32_andCase_2_xorLiteral_1_rotateLeft_1_structVar_1.c:164: }
                            570 ;	genEndFunction
   0132 DD F9         [10]  571 	ld	sp, ix
   0134 DD E1         [14]  572 	pop	ix
   0136 C9            [10]  573 	ret
                            574 ;	Total rotate_test_3_xor2 function size at codegen: 5 bytes.
                            575 ;cases/rotate2/rotate2_size_32_andCase_2_xorLiteral_1_rotateLeft_1_structVar_1.c:168: TYPE rotate_test_4(TYPE value)
                            576 ;	genLabel
                            577 ;	genFunction
                            578 ;	---------------------------------
                            579 ; Function rotate_test_4
                            580 ; ---------------------------------
                            581 ;	Register assignment might be sub-optimal.
                            582 ; Stack space usage: 0 bytes.
   0137                     583 _rotate_test_4::
                            584 ;	genReceive
                            585 ;	genMove_o size 4 result type 2 source type 2 a_dead 1 hl_dead 1 de_dead 1 iy_dead 1 f_dead 1
                            586 ;cases/rotate2/rotate2_size_32_andCase_2_xorLiteral_1_rotateLeft_1_structVar_1.c:170: rotate_test_value = value;
                            587 ;	skipping iCode since result will be rematerialized
                            588 ;	genPointerSet
   0137 ED 53r04s00   [20]  589 	ld	((_rotate_test_struct + 4)), de
   013B 22r06s00      [16]  590 	ld	((_rotate_test_struct + 4)+2), hl
                            591 ;cases/rotate2/rotate2_size_32_andCase_2_xorLiteral_1_rotateLeft_1_structVar_1.c:171: rotate_test_value = ((rotate_test_value << SHIFT_L) | (rotate_test_value >> SHIFT_R)) AND_OPERATION;
                            592 ;	genRot
                            593 ;	genMove_o size 4 result type 2 source type 2 a_dead 1 hl_dead 1 de_dead 1 iy_dead 1 f_dead 1
   013E 7C            [ 4]  594 	ld	a, h
   013F 17            [ 4]  595 	rla
   0140 CB 13         [ 8]  596 	rl	e
   0142 CB 12         [ 8]  597 	rl	d
   0144 ED 6A         [15]  598 	adc	hl, hl
                            599 ;	genMove_o size 4 result type 2 source type 2 a_dead 1 hl_dead 1 de_dead 1 iy_dead 1 f_dead 1
                            600 ;	genAnd
                            601 ;	genMove_o size 1 result type 2 source type 2 a_dead 1 hl_dead 0 de_dead 0 iy_dead 1 f_dead 1
   0146 CB 82         [ 8]  602 	res	0, d
                            603 ;	genMove_o size 1 result type 2 source type 2 a_dead 1 hl_dead 0 de_dead 0 iy_dead 1 f_dead 1
   0148 CB 84         [ 8]  604 	res	0, h
                            605 ;	genPointerSet
   014A ED 53r04s00   [20]  606 	ld	((_rotate_test_struct + 4)), de
   014E 22r06s00      [16]  607 	ld	((_rotate_test_struct + 4)+2), hl
                            608 ;cases/rotate2/rotate2_size_32_andCase_2_xorLiteral_1_rotateLeft_1_structVar_1.c:172: return rotate_test_value;
                            609 ;	genRet
                            610 ;	genMove_o size 4 result type 2 source type 2 a_dead 1 hl_dead 1 de_dead 1 iy_dead 1 f_dead 1
                            611 ;	genLabel
                            612 ; common peephole 159 removed unused label 00101$.
                            613 ;cases/rotate2/rotate2_size_32_andCase_2_xorLiteral_1_rotateLeft_1_structVar_1.c:173: }
                            614 ;	genEndFunction
   0151 C9            [10]  615 	ret
                            616 ;	Total rotate_test_4 function size at codegen: 7 bytes.
                            617 ;cases/rotate2/rotate2_size_32_andCase_2_xorLiteral_1_rotateLeft_1_structVar_1.c:175: TYPE rotate_test_4_xor1(TYPE value)
                            618 ;	genLabel
                            619 ;	genFunction
                            620 ;	---------------------------------
                            621 ; Function rotate_test_4_xor1
                            622 ; ---------------------------------
                            623 ;	Register assignment might be sub-optimal.
                            624 ; Stack space usage: 0 bytes.
   0152                     625 _rotate_test_4_xor1::
                            626 ;	genReceive
                            627 ;	genMove_o size 4 result type 2 source type 2 a_dead 1 hl_dead 1 de_dead 1 iy_dead 1 f_dead 1
                            628 ;cases/rotate2/rotate2_size_32_andCase_2_xorLiteral_1_rotateLeft_1_structVar_1.c:177: rotate_test_value = value ^ rotate_test_value_xor;
                            629 ;	skipping iCode since result will be rematerialized
                            630 ;	genXor
   0152 7B            [ 4]  631 	ld	a, e
   0153 EE 24         [ 7]  632 	xor	a, #0x24
                            633 ;	genMove_o size 1 result type 2 source type 2 a_dead 1 hl_dead 0 de_dead 0 iy_dead 1 f_dead 1
   0155 5F            [ 4]  634 	ld	e, a
                            635 ;	genMove_o size 0 result type 2 source type 1 a_dead 1 hl_dead 0 de_dead 0 iy_dead 1 f_dead 1
                            636 ;	genMove_o size 3 result type 2 source type 2 a_dead 1 hl_dead 0 de_dead 0 iy_dead 1 f_dead 1
                            637 ;	genPointerSet
   0156 ED 53r04s00   [20]  638 	ld	((_rotate_test_struct + 4)), de
   015A 22r06s00      [16]  639 	ld	((_rotate_test_struct + 4)+2), hl
                            640 ;cases/rotate2/rotate2_size_32_andCase_2_xorLiteral_1_rotateLeft_1_structVar_1.c:178: rotate_test_value = ((rotate_test_value << SHIFT_L) | (rotate_test_value >> SHIFT_R)) AND_OPERATION;
                            641 ;	genRot
                            642 ;	genMove_o size 4 result type 2 source type 2 a_dead 1 hl_dead 1 de_dead 1 iy_dead 1 f_dead 1
   015D 7C            [ 4]  643 	ld	a, h
   015E 17            [ 4]  644 	rla
   015F CB 13         [ 8]  645 	rl	e
   0161 CB 12         [ 8]  646 	rl	d
   0163 ED 6A         [15]  647 	adc	hl, hl
                            648 ;	genMove_o size 4 result type 2 source type 2 a_dead 1 hl_dead 1 de_dead 1 iy_dead 1 f_dead 1
                            649 ;	genAnd
                            650 ;	genMove_o size 1 result type 2 source type 2 a_dead 1 hl_dead 0 de_dead 0 iy_dead 1 f_dead 1
   0165 CB 82         [ 8]  651 	res	0, d
                            652 ;	genMove_o size 1 result type 2 source type 2 a_dead 1 hl_dead 0 de_dead 0 iy_dead 1 f_dead 1
   0167 CB 84         [ 8]  653 	res	0, h
                            654 ;	genPointerSet
   0169 ED 53r04s00   [20]  655 	ld	((_rotate_test_struct + 4)), de
   016D 22r06s00      [16]  656 	ld	((_rotate_test_struct + 4)+2), hl
                            657 ;cases/rotate2/rotate2_size_32_andCase_2_xorLiteral_1_rotateLeft_1_structVar_1.c:179: return rotate_test_value;
                            658 ;	genRet
                            659 ;	genMove_o size 4 result type 2 source type 2 a_dead 1 hl_dead 1 de_dead 1 iy_dead 1 f_dead 1
                            660 ;	genLabel
                            661 ; common peephole 159 removed unused label 00101$.
                            662 ;cases/rotate2/rotate2_size_32_andCase_2_xorLiteral_1_rotateLeft_1_structVar_1.c:180: }
                            663 ;	genEndFunction
   0170 C9            [10]  664 	ret
                            665 ;	Total rotate_test_4_xor1 function size at codegen: 7 bytes.
                            666 ;cases/rotate2/rotate2_size_32_andCase_2_xorLiteral_1_rotateLeft_1_structVar_1.c:182: TYPE rotate_test_4_xor2(TYPE value)
                            667 ;	genLabel
                            668 ;	genFunction
                            669 ;	---------------------------------
                            670 ; Function rotate_test_4_xor2
                            671 ; ---------------------------------
                            672 ;	Register assignment might be sub-optimal.
                            673 ; Stack space usage: 0 bytes.
   0171                     674 _rotate_test_4_xor2::
                            675 ;	genReceive
                            676 ;	genMove_o size 4 result type 2 source type 2 a_dead 1 hl_dead 1 de_dead 1 iy_dead 1 f_dead 1
                            677 ;cases/rotate2/rotate2_size_32_andCase_2_xorLiteral_1_rotateLeft_1_structVar_1.c:184: rotate_test_value = value;
                            678 ;	skipping iCode since result will be rematerialized
                            679 ;	genPointerSet
   0171 ED 53r04s00   [20]  680 	ld	((_rotate_test_struct + 4)), de
   0175 22r06s00      [16]  681 	ld	((_rotate_test_struct + 4)+2), hl
                            682 ;cases/rotate2/rotate2_size_32_andCase_2_xorLiteral_1_rotateLeft_1_structVar_1.c:185: rotate_test_value = (((rotate_test_value ^ rotate_test_value_xor) << SHIFT_L) | ((rotate_test_value ^ rotate_test_value_xor) >> SHIFT_R)) AND_OPERATION;
                            683 ;	genXor
   0178 7B            [ 4]  684 	ld	a, e
   0179 EE 24         [ 7]  685 	xor	a, #0x24
                            686 ;	genMove_o size 1 result type 2 source type 2 a_dead 1 hl_dead 0 de_dead 0 iy_dead 1 f_dead 1
   017B 5F            [ 4]  687 	ld	e, a
                            688 ;	genMove_o size 0 result type 2 source type 1 a_dead 1 hl_dead 0 de_dead 0 iy_dead 1 f_dead 1
                            689 ;	genMove_o size 3 result type 2 source type 2 a_dead 1 hl_dead 0 de_dead 0 iy_dead 1 f_dead 1
                            690 ;	genRot
                            691 ;	genMove_o size 4 result type 2 source type 2 a_dead 1 hl_dead 1 de_dead 1 iy_dead 1 f_dead 1
   017C 7C            [ 4]  692 	ld	a, h
   017D 17            [ 4]  693 	rla
   017E CB 13         [ 8]  694 	rl	e
   0180 CB 12         [ 8]  695 	rl	d
   0182 ED 6A         [15]  696 	adc	hl, hl
                            697 ;	genMove_o size 4 result type 2 source type 2 a_dead 1 hl_dead 1 de_dead 1 iy_dead 1 f_dead 1
                            698 ;	genAnd
                            699 ;	genMove_o size 1 result type 2 source type 2 a_dead 1 hl_dead 0 de_dead 0 iy_dead 1 f_dead 1
   0184 CB 82         [ 8]  700 	res	0, d
                            701 ;	genMove_o size 1 result type 2 source type 2 a_dead 1 hl_dead 0 de_dead 0 iy_dead 1 f_dead 1
   0186 CB 84         [ 8]  702 	res	0, h
                            703 ;	genPointerSet
   0188 ED 53r04s00   [20]  704 	ld	((_rotate_test_struct + 4)), de
   018C 22r06s00      [16]  705 	ld	((_rotate_test_struct + 4)+2), hl
                            706 ;cases/rotate2/rotate2_size_32_andCase_2_xorLiteral_1_rotateLeft_1_structVar_1.c:186: return rotate_test_value;
                            707 ;	genRet
                            708 ;	genMove_o size 4 result type 2 source type 2 a_dead 1 hl_dead 1 de_dead 1 iy_dead 1 f_dead 1
                            709 ;	genLabel
                            710 ; common peephole 159 removed unused label 00101$.
                            711 ;cases/rotate2/rotate2_size_32_andCase_2_xorLiteral_1_rotateLeft_1_structVar_1.c:187: }
                            712 ;	genEndFunction
   018F C9            [10]  713 	ret
                            714 ;	Total rotate_test_4_xor2 function size at codegen: 7 bytes.
                            715 ;cases/rotate2/rotate2_size_32_andCase_2_xorLiteral_1_rotateLeft_1_structVar_1.c:189: void rotate_test_load(TYPE value)
                            716 ;	genLabel
                            717 ;	genFunction
                            718 ;	---------------------------------
                            719 ; Function rotate_test_load
                            720 ; ---------------------------------
                            721 ;	Register assignment might be sub-optimal.
                            722 ; Stack space usage: 0 bytes.
   0190                     723 _rotate_test_load::
                            724 ;	genReceive
                            725 ;	genMove_o size 4 result type 2 source type 2 a_dead 1 hl_dead 1 de_dead 1 iy_dead 1 f_dead 1
                            726 ;cases/rotate2/rotate2_size_32_andCase_2_xorLiteral_1_rotateLeft_1_structVar_1.c:191: rotate_test_value = value;
                            727 ;	skipping iCode since result will be rematerialized
                            728 ;	genPointerSet
   0190 ED 53r04s00   [20]  729 	ld	((_rotate_test_struct + 4)), de
   0194 22r06s00      [16]  730 	ld	((_rotate_test_struct + 4)+2), hl
                            731 ;	genLabel
                            732 ; common peephole 159 removed unused label 00101$.
                            733 ;cases/rotate2/rotate2_size_32_andCase_2_xorLiteral_1_rotateLeft_1_structVar_1.c:192: }
                            734 ;	genEndFunction
   0197 C9            [10]  735 	ret
                            736 ;	Total rotate_test_load function size at codegen: 8 bytes.
                            737 ;cases/rotate2/rotate2_size_32_andCase_2_xorLiteral_1_rotateLeft_1_structVar_1.c:194: TYPE rotate_test_5(TYPE value)
                            738 ;	genLabel
                            739 ;	genFunction
                            740 ;	---------------------------------
                            741 ; Function rotate_test_5
                            742 ; ---------------------------------
                            743 ;	Register assignment might be sub-optimal.
                            744 ; Stack space usage: 0 bytes.
   0198                     745 _rotate_test_5::
                            746 ;	genReceive
                            747 ;	genMove_o size 4 result type 2 source type 2 a_dead 1 hl_dead 1 de_dead 1 iy_dead 1 f_dead 1
                            748 ;cases/rotate2/rotate2_size_32_andCase_2_xorLiteral_1_rotateLeft_1_structVar_1.c:196: rotate_test_load (value);
                            749 ;	genSend
                            750 ;	genMove_o size 4 result type 2 source type 2 a_dead 1 hl_dead 1 de_dead 1 iy_dead 1 f_dead 1
                            751 ;	genCall
   0198 CDr90s01      [17]  752 	call	_rotate_test_load
                            753 ;cases/rotate2/rotate2_size_32_andCase_2_xorLiteral_1_rotateLeft_1_structVar_1.c:197: rotate_test_value = ((rotate_test_value << SHIFT_L) | (rotate_test_value >> SHIFT_R)) AND_OPERATION;
                            754 ;	skipping iCode since result will be rematerialized
                            755 ;	genPointerGet
   019B ED 5Br04s00   [20]  756 	ld	de, (#(_rotate_test_struct + 4) + 0)
   019F 2Ar06s00      [16]  757 	ld	hl, (#(_rotate_test_struct + 4) + 2)
                            758 ;	genRot
                            759 ;	genMove_o size 4 result type 2 source type 2 a_dead 1 hl_dead 1 de_dead 1 iy_dead 1 f_dead 1
   01A2 7C            [ 4]  760 	ld	a, h
   01A3 17            [ 4]  761 	rla
   01A4 CB 13         [ 8]  762 	rl	e
   01A6 CB 12         [ 8]  763 	rl	d
   01A8 ED 6A         [15]  764 	adc	hl, hl
                            765 ;	genMove_o size 4 result type 2 source type 2 a_dead 1 hl_dead 1 de_dead 1 iy_dead 1 f_dead 1
                            766 ;	genAnd
                            767 ;	genMove_o size 1 result type 2 source type 2 a_dead 1 hl_dead 0 de_dead 0 iy_dead 1 f_dead 1
   01AA CB 82         [ 8]  768 	res	0, d
                            769 ;	genMove_o size 1 result type 2 source type 2 a_dead 1 hl_dead 0 de_dead 0 iy_dead 1 f_dead 1
   01AC CB 84         [ 8]  770 	res	0, h
                            771 ;	genPointerSet
   01AE ED 53r04s00   [20]  772 	ld	((_rotate_test_struct + 4)), de
   01B2 22r06s00      [16]  773 	ld	((_rotate_test_struct + 4)+2), hl
                            774 ;cases/rotate2/rotate2_size_32_andCase_2_xorLiteral_1_rotateLeft_1_structVar_1.c:198: return rotate_test_value;
                            775 ;	genRet
                            776 ;	genMove_o size 4 result type 2 source type 2 a_dead 1 hl_dead 1 de_dead 1 iy_dead 1 f_dead 1
                            777 ;	genLabel
                            778 ; common peephole 159 removed unused label 00101$.
                            779 ;cases/rotate2/rotate2_size_32_andCase_2_xorLiteral_1_rotateLeft_1_structVar_1.c:199: }
                            780 ;	genEndFunction
   01B5 C9            [10]  781 	ret
                            782 ;	Total rotate_test_5 function size at codegen: 4 bytes.
                            783 ;cases/rotate2/rotate2_size_32_andCase_2_xorLiteral_1_rotateLeft_1_structVar_1.c:201: TYPE rotate_test_5_xor1(TYPE value)
                            784 ;	genLabel
                            785 ;	genFunction
                            786 ;	---------------------------------
                            787 ; Function rotate_test_5_xor1
                            788 ; ---------------------------------
                            789 ;	Register assignment might be sub-optimal.
                            790 ; Stack space usage: 0 bytes.
   01B6                     791 _rotate_test_5_xor1::
                            792 ;	genReceive
                            793 ;	genMove_o size 4 result type 2 source type 2 a_dead 1 hl_dead 1 de_dead 1 iy_dead 1 f_dead 1
                            794 ;cases/rotate2/rotate2_size_32_andCase_2_xorLiteral_1_rotateLeft_1_structVar_1.c:203: rotate_test_load (value ^ rotate_test_value_xor);
                            795 ;	genXor
   01B6 7B            [ 4]  796 	ld	a, e
   01B7 EE 24         [ 7]  797 	xor	a, #0x24
                            798 ;	genMove_o size 1 result type 2 source type 2 a_dead 1 hl_dead 0 de_dead 0 iy_dead 1 f_dead 1
                            799 ;	genMove_o size 3 result type 2 source type 2 a_dead 0 hl_dead 0 de_dead 0 iy_dead 1 f_dead 1
                            800 ;	genSend
                            801 ;	genMove_o size 4 result type 2 source type 2 a_dead 1 hl_dead 1 de_dead 1 iy_dead 1 f_dead 1
   01B9 5F            [ 4]  802 	ld	e, a
                            803 ;	genMove_o size 0 result type 2 source type 1 a_dead 1 hl_dead 1 de_dead 1 iy_dead 1 f_dead 1
                            804 ;	genCall
   01BA CDr90s01      [17]  805 	call	_rotate_test_load
                            806 ;cases/rotate2/rotate2_size_32_andCase_2_xorLiteral_1_rotateLeft_1_structVar_1.c:204: rotate_test_value = ((rotate_test_value << SHIFT_L) | (rotate_test_value >> SHIFT_R)) AND_OPERATION;
                            807 ;	skipping iCode since result will be rematerialized
                            808 ;	genPointerGet
   01BD ED 5Br04s00   [20]  809 	ld	de, (#(_rotate_test_struct + 4) + 0)
   01C1 2Ar06s00      [16]  810 	ld	hl, (#(_rotate_test_struct + 4) + 2)
                            811 ;	genRot
                            812 ;	genMove_o size 4 result type 2 source type 2 a_dead 1 hl_dead 1 de_dead 1 iy_dead 1 f_dead 1
   01C4 7C            [ 4]  813 	ld	a, h
   01C5 17            [ 4]  814 	rla
   01C6 CB 13         [ 8]  815 	rl	e
   01C8 CB 12         [ 8]  816 	rl	d
   01CA ED 6A         [15]  817 	adc	hl, hl
                            818 ;	genMove_o size 4 result type 2 source type 2 a_dead 1 hl_dead 1 de_dead 1 iy_dead 1 f_dead 1
                            819 ;	genAnd
                            820 ;	genMove_o size 1 result type 2 source type 2 a_dead 1 hl_dead 0 de_dead 0 iy_dead 1 f_dead 1
   01CC CB 82         [ 8]  821 	res	0, d
                            822 ;	genMove_o size 1 result type 2 source type 2 a_dead 1 hl_dead 0 de_dead 0 iy_dead 1 f_dead 1
   01CE CB 84         [ 8]  823 	res	0, h
                            824 ;	genPointerSet
   01D0 ED 53r04s00   [20]  825 	ld	((_rotate_test_struct + 4)), de
   01D4 22r06s00      [16]  826 	ld	((_rotate_test_struct + 4)+2), hl
                            827 ;cases/rotate2/rotate2_size_32_andCase_2_xorLiteral_1_rotateLeft_1_structVar_1.c:205: return rotate_test_value;
                            828 ;	genRet
                            829 ;	genMove_o size 4 result type 2 source type 2 a_dead 1 hl_dead 1 de_dead 1 iy_dead 1 f_dead 1
                            830 ;	genLabel
                            831 ; common peephole 159 removed unused label 00101$.
                            832 ;cases/rotate2/rotate2_size_32_andCase_2_xorLiteral_1_rotateLeft_1_structVar_1.c:206: }
                            833 ;	genEndFunction
   01D7 C9            [10]  834 	ret
                            835 ;	Total rotate_test_5_xor1 function size at codegen: 4 bytes.
                            836 ;cases/rotate2/rotate2_size_32_andCase_2_xorLiteral_1_rotateLeft_1_structVar_1.c:208: TYPE rotate_test_5_xor2(TYPE value)
                            837 ;	genLabel
                            838 ;	genFunction
                            839 ;	---------------------------------
                            840 ; Function rotate_test_5_xor2
                            841 ; ---------------------------------
                            842 ;	Register assignment might be sub-optimal.
                            843 ; Stack space usage: 0 bytes.
   01D8                     844 _rotate_test_5_xor2::
                            845 ;	genReceive
                            846 ;	genMove_o size 4 result type 2 source type 2 a_dead 1 hl_dead 1 de_dead 1 iy_dead 1 f_dead 1
                            847 ;cases/rotate2/rotate2_size_32_andCase_2_xorLiteral_1_rotateLeft_1_structVar_1.c:210: rotate_test_load (value);
                            848 ;	genSend
                            849 ;	genMove_o size 4 result type 2 source type 2 a_dead 1 hl_dead 1 de_dead 1 iy_dead 1 f_dead 1
                            850 ;	genCall
   01D8 CDr90s01      [17]  851 	call	_rotate_test_load
                            852 ;cases/rotate2/rotate2_size_32_andCase_2_xorLiteral_1_rotateLeft_1_structVar_1.c:211: rotate_test_value = (((rotate_test_value ^ rotate_test_value_xor) << SHIFT_L) | ((rotate_test_value ^ rotate_test_value_xor) >> SHIFT_R)) AND_OPERATION;
                            853 ;	skipping iCode since result will be rematerialized
                            854 ;	genPointerGet
   01DB ED 5Br04s00   [20]  855 	ld	de, (#(_rotate_test_struct + 4) + 0)
   01DF 2Ar06s00      [16]  856 	ld	hl, (#(_rotate_test_struct + 4) + 2)
                            857 ;	genXor
   01E2 7B            [ 4]  858 	ld	a, e
   01E3 EE 24         [ 7]  859 	xor	a, #0x24
                            860 ;	genMove_o size 1 result type 2 source type 2 a_dead 1 hl_dead 0 de_dead 0 iy_dead 1 f_dead 1
   01E5 5F            [ 4]  861 	ld	e, a
                            862 ;	genMove_o size 0 result type 2 source type 1 a_dead 1 hl_dead 0 de_dead 0 iy_dead 1 f_dead 1
                            863 ;	genMove_o size 3 result type 2 source type 2 a_dead 1 hl_dead 0 de_dead 0 iy_dead 1 f_dead 1
                            864 ;	genRot
                            865 ;	genMove_o size 4 result type 2 source type 2 a_dead 1 hl_dead 1 de_dead 1 iy_dead 1 f_dead 1
   01E6 7C            [ 4]  866 	ld	a, h
   01E7 17            [ 4]  867 	rla
   01E8 CB 13         [ 8]  868 	rl	e
   01EA CB 12         [ 8]  869 	rl	d
   01EC ED 6A         [15]  870 	adc	hl, hl
                            871 ;	genMove_o size 4 result type 2 source type 2 a_dead 1 hl_dead 1 de_dead 1 iy_dead 1 f_dead 1
                            872 ;	genAnd
                            873 ;	genMove_o size 1 result type 2 source type 2 a_dead 1 hl_dead 0 de_dead 0 iy_dead 1 f_dead 1
   01EE CB 82         [ 8]  874 	res	0, d
                            875 ;	genMove_o size 1 result type 2 source type 2 a_dead 1 hl_dead 0 de_dead 0 iy_dead 1 f_dead 1
   01F0 CB 84         [ 8]  876 	res	0, h
                            877 ;	genPointerSet
   01F2 ED 53r04s00   [20]  878 	ld	((_rotate_test_struct + 4)), de
   01F6 22r06s00      [16]  879 	ld	((_rotate_test_struct + 4)+2), hl
                            880 ;cases/rotate2/rotate2_size_32_andCase_2_xorLiteral_1_rotateLeft_1_structVar_1.c:212: return rotate_test_value;
                            881 ;	genRet
                            882 ;	genMove_o size 4 result type 2 source type 2 a_dead 1 hl_dead 1 de_dead 1 iy_dead 1 f_dead 1
                            883 ;	genLabel
                            884 ; common peephole 159 removed unused label 00101$.
                            885 ;cases/rotate2/rotate2_size_32_andCase_2_xorLiteral_1_rotateLeft_1_structVar_1.c:213: }
                            886 ;	genEndFunction
   01F9 C9            [10]  887 	ret
                            888 ;	Total rotate_test_5_xor2 function size at codegen: 4 bytes.
                            889 ;cases/rotate2/rotate2_size_32_andCase_2_xorLiteral_1_rotateLeft_1_structVar_1.c:218: testSwaps(void)
                            890 ;	genLabel
                            891 ;	genFunction
                            892 ;	---------------------------------
                            893 ; Function testSwaps
                            894 ; ---------------------------------
                            895 ;	Register assignment might be sub-optimal.
                            896 ; Stack space usage: 8 bytes.
   01FA                     897 _testSwaps:
   01FA DD E5         [15]  898 	push	ix
   01FC DD 21 00 00   [14]  899 	ld	ix,	#0
   0200 DD 39         [15]  900 	add	ix, sp
                            901 ;	adjustStack by -8
   0202 21 F8 FF      [10]  902 	ld	hl, #-8
   0205 39            [11]  903 	add	hl, sp
   0206 F9            [ 6]  904 	ld	sp, hl
                            905 ;cases/rotate2/rotate2_size_32_andCase_2_xorLiteral_1_rotateLeft_1_structVar_1.c:221: volatile TYPE t = TEST_VALUE;
                            906 ;	genAssign
                            907 ;	genMove_o size 4 result type 6 source type 1 a_dead 1 hl_dead 1 de_dead 1 iy_dead 1 f_dead 1
   0207 DD 36 F8 DF   [19]  908 	ld	-8 (ix), #0xdf
   020B DD 36 F9 9B   [19]  909 	ld	-7 (ix), #0x9b
   020F DD 36 FA 57   [19]  910 	ld	-6 (ix), #0x57
   0213 DD 36 FB 13   [19]  911 	ld	-5 (ix), #0x13
                            912 ;cases/rotate2/rotate2_size_32_andCase_2_xorLiteral_1_rotateLeft_1_structVar_1.c:224: u = t;
                            913 ;	genAssign
   0217 21 04 00      [10]  914 	ld	hl, #4
   021A 39            [11]  915 	add	hl, sp
   021B EB            [ 4]  916 	ex	de, hl
   021C 21 00 00      [10]  917 	ld	hl, #0
   021F 39            [11]  918 	add	hl, sp
   0220 01 04 00      [10]  919 	ld	bc, #4
   0223 ED B0         [21]  920 	ldir
                            921 ;cases/rotate2/rotate2_size_32_andCase_2_xorLiteral_1_rotateLeft_1_structVar_1.c:226: ASSERT( rotate_test_1(u)      == ROTATE_RESULT);
                            922 ;	genPlus
                            923 ;	genMove_o size 2 result type 2 source type 10 a_dead 1 hl_dead 1 de_dead 1 iy_dead 1 f_dead 1
   0225 2Ar00s00      [16]  924 	ld	hl, (___numTests)
   0228 23            [ 6]  925 	inc	hl
                            926 ;	genMove_o size 2 result type 10 source type 2 a_dead 1 hl_dead 1 de_dead 1 iy_dead 1 f_dead 1
   0229 22r00s00      [16]  927 	ld	(___numTests), hl
                            928 ;	genSend
                            929 ;	genMove_o size 4 result type 2 source type 6 a_dead 1 hl_dead 1 de_dead 1 iy_dead 1 f_dead 1
   022C DD 5E FC      [19]  930 	ld	e, -4 (ix)
   022F DD 56 FD      [19]  931 	ld	d, -3 (ix)
   0232 DD 6E FE      [19]  932 	ld	l, -2 (ix)
   0235 DD 66 FF      [19]  933 	ld	h, -1 (ix)
                            934 ;	genMove_o size 0 result type 2 source type 1 a_dead 1 hl_dead 1 de_dead 1 iy_dead 1 f_dead 1
                            935 ;	genCall
   0238 CDr00s00      [17]  936 	call	_rotate_test_1
                            937 ;	genMove_o size 4 result type 2 source type 2 a_dead 1 hl_dead 1 de_dead 1 iy_dead 1 f_dead 1
                            938 ;	genCmpEq
                            939 ;	genMove_o size 1 result type 2 source type 2 a_dead 1 hl_dead 0 de_dead 0 iy_dead 0 f_dead 1
   023B 7B            [ 4]  940 	ld	a, e
                            941 ;	genMove_o size 0 result type 2 source type 1 a_dead 1 hl_dead 0 de_dead 0 iy_dead 0 f_dead 1
   023C D6 BE         [ 7]  942 	sub	a, #0xbe
                            943 ; common peephole 163 changed absolute to relative conditional jump.
   023E 20 0D         [12]  944 	jr	nz, 00253$
                            945 ;	genMove_o size 1 result type 2 source type 2 a_dead 1 hl_dead 0 de_dead 0 iy_dead 0 f_dead 1
   0240 7A            [ 4]  946 	ld	a, d
                            947 ;	genMove_o size 0 result type 2 source type 1 a_dead 1 hl_dead 0 de_dead 0 iy_dead 0 f_dead 1
   0241 D6 36         [ 7]  948 	sub	a, #0x36
                            949 ; common peephole 163 changed absolute to relative conditional jump.
   0243 20 08         [12]  950 	jr	nz, 00253$
   0245 11 AF 26      [10]  951 	ld	de, #0x26af
   0248 BF            [ 4]  952 	cp	a, a
   0249 ED 52         [15]  953 	sbc	hl, de
                            954 ; common peephole 163 changed absolute to relative conditional jump.
   024B 28 11         [12]  955 	jr	z, 00104$
                            956 ; common peephole 81 removed jp by using inverse jump logic
   024D                     957 00253$:
                            958 ;	skipping generated iCode
                            959 ;	skipping iCode since result will be rematerialized
                            960 ;	skipping iCode since result will be rematerialized
                            961 ;	skipping iCode since result will be rematerialized
                            962 ;	skipping iCode since result will be rematerialized
                            963 ;	skipping iCode since result will be rematerialized
                            964 ;	skipping iCode since result will be rematerialized
                            965 ;	genIpush
                            966 ;	genMove_o size 2 result type 2 source type 1 a_dead 1 hl_dead 1 de_dead 1 iy_dead 1 f_dead 1
   024D 21 E2 00      [10]  967 	ld	hl, #0x00e2
   0250 E5            [11]  968 	push	hl
                            969 ;	genIpush
                            970 ;	genMove_o size 2 result type 2 source type 7 a_dead 1 hl_dead 1 de_dead 1 iy_dead 1 f_dead 1
   0251 21rB4s05      [10]  971 	ld	hl, #___str_2
   0254 E5            [11]  972 	push	hl
                            973 ;	genSend
                            974 ;	genMove_o size 2 result type 2 source type 7 a_dead 1 hl_dead 1 de_dead 1 iy_dead 1 f_dead 1
   0255 11r92s05      [10]  975 	ld	de, #___str_1
                            976 ;	genSend
                            977 ;	genMove_o size 2 result type 2 source type 7 a_dead 1 hl_dead 1 de_dead 0 iy_dead 1 f_dead 1
   0258 21r81s05      [10]  978 	ld	hl, #___str_0
                            979 ;	genCall
   025B CDr00s00      [17]  980 	call	___fail
                            981 ;	genLabel
   025E                     982 00104$:
                            983 ;cases/rotate2/rotate2_size_32_andCase_2_xorLiteral_1_rotateLeft_1_structVar_1.c:227: ASSERT( rotate_test_1_xor1(u) == ROTATE_RESULT_XOR);
                            984 ;	genPlus
                            985 ;	genMove_o size 2 result type 2 source type 10 a_dead 1 hl_dead 1 de_dead 1 iy_dead 1 f_dead 1
   025E 2Ar00s00      [16]  986 	ld	hl, (___numTests)
   0261 23            [ 6]  987 	inc	hl
                            988 ;	genMove_o size 2 result type 10 source type 2 a_dead 1 hl_dead 1 de_dead 1 iy_dead 1 f_dead 1
   0262 22r00s00      [16]  989 	ld	(___numTests), hl
                            990 ;	genSend
                            991 ;	genMove_o size 4 result type 2 source type 6 a_dead 1 hl_dead 1 de_dead 1 iy_dead 1 f_dead 1
   0265 DD 5E FC      [19]  992 	ld	e, -4 (ix)
   0268 DD 56 FD      [19]  993 	ld	d, -3 (ix)
   026B DD 6E FE      [19]  994 	ld	l, -2 (ix)
   026E DD 66 FF      [19]  995 	ld	h, -1 (ix)
                            996 ;	genMove_o size 0 result type 2 source type 1 a_dead 1 hl_dead 1 de_dead 1 iy_dead 1 f_dead 1
                            997 ;	genCall
   0271 CDr0Ds00      [17]  998 	call	_rotate_test_1_xor1
                            999 ;	genMove_o size 4 result type 2 source type 2 a_dead 1 hl_dead 1 de_dead 1 iy_dead 1 f_dead 1
                           1000 ;	genCmpEq
                           1001 ;	genMove_o size 1 result type 2 source type 2 a_dead 1 hl_dead 0 de_dead 0 iy_dead 0 f_dead 1
   0274 7B            [ 4] 1002 	ld	a, e
                           1003 ;	genMove_o size 0 result type 2 source type 1 a_dead 1 hl_dead 0 de_dead 0 iy_dead 0 f_dead 1
   0275 D6 F6         [ 7] 1004 	sub	a, #0xf6
                           1005 ; common peephole 163 changed absolute to relative conditional jump.
   0277 20 0D         [12] 1006 	jr	nz, 00254$
                           1007 ;	genMove_o size 1 result type 2 source type 2 a_dead 1 hl_dead 0 de_dead 0 iy_dead 0 f_dead 1
   0279 7A            [ 4] 1008 	ld	a, d
                           1009 ;	genMove_o size 0 result type 2 source type 1 a_dead 1 hl_dead 0 de_dead 0 iy_dead 0 f_dead 1
   027A D6 36         [ 7] 1010 	sub	a, #0x36
                           1011 ; common peephole 163 changed absolute to relative conditional jump.
   027C 20 08         [12] 1012 	jr	nz, 00254$
   027E 11 AF 26      [10] 1013 	ld	de, #0x26af
   0281 BF            [ 4] 1014 	cp	a, a
   0282 ED 52         [15] 1015 	sbc	hl, de
                           1016 ; common peephole 163 changed absolute to relative conditional jump.
   0284 28 11         [12] 1017 	jr	z, 00106$
                           1018 ; common peephole 81 removed jp by using inverse jump logic
   0286                    1019 00254$:
                           1020 ;	skipping generated iCode
                           1021 ;	skipping iCode since result will be rematerialized
                           1022 ;	skipping iCode since result will be rematerialized
                           1023 ;	skipping iCode since result will be rematerialized
                           1024 ;	skipping iCode since result will be rematerialized
                           1025 ;	skipping iCode since result will be rematerialized
                           1026 ;	skipping iCode since result will be rematerialized
                           1027 ;	genIpush
                           1028 ;	genMove_o size 2 result type 2 source type 1 a_dead 1 hl_dead 1 de_dead 1 iy_dead 1 f_dead 1
   0286 21 E3 00      [10] 1029 	ld	hl, #0x00e3
   0289 E5            [11] 1030 	push	hl
                           1031 ;	genIpush
                           1032 ;	genMove_o size 2 result type 2 source type 7 a_dead 1 hl_dead 1 de_dead 1 iy_dead 1 f_dead 1
   028A 21rB4s05      [10] 1033 	ld	hl, #___str_2
   028D E5            [11] 1034 	push	hl
                           1035 ;	genSend
                           1036 ;	genMove_o size 2 result type 2 source type 7 a_dead 1 hl_dead 1 de_dead 1 iy_dead 1 f_dead 1
   028E 11r04s06      [10] 1037 	ld	de, #___str_3
                           1038 ;	genSend
                           1039 ;	genMove_o size 2 result type 2 source type 7 a_dead 1 hl_dead 1 de_dead 0 iy_dead 1 f_dead 1
   0291 21r81s05      [10] 1040 	ld	hl, #___str_0
                           1041 ;	genCall
   0294 CDr00s00      [17] 1042 	call	___fail
                           1043 ;	genLabel
   0297                    1044 00106$:
                           1045 ;cases/rotate2/rotate2_size_32_andCase_2_xorLiteral_1_rotateLeft_1_structVar_1.c:228: ASSERT( rotate_test_1_xor2(u) == ROTATE_RESULT_XOR);
                           1046 ;	genPlus
                           1047 ;	genMove_o size 2 result type 2 source type 10 a_dead 1 hl_dead 1 de_dead 1 iy_dead 1 f_dead 1
   0297 2Ar00s00      [16] 1048 	ld	hl, (___numTests)
   029A 23            [ 6] 1049 	inc	hl
                           1050 ;	genMove_o size 2 result type 10 source type 2 a_dead 1 hl_dead 1 de_dead 1 iy_dead 1 f_dead 1
   029B 22r00s00      [16] 1051 	ld	(___numTests), hl
                           1052 ;	genSend
                           1053 ;	genMove_o size 4 result type 2 source type 6 a_dead 1 hl_dead 1 de_dead 1 iy_dead 1 f_dead 1
   029E DD 5E FC      [19] 1054 	ld	e, -4 (ix)
   02A1 DD 56 FD      [19] 1055 	ld	d, -3 (ix)
   02A4 DD 6E FE      [19] 1056 	ld	l, -2 (ix)
   02A7 DD 66 FF      [19] 1057 	ld	h, -1 (ix)
                           1058 ;	genMove_o size 0 result type 2 source type 1 a_dead 1 hl_dead 1 de_dead 1 iy_dead 1 f_dead 1
                           1059 ;	genCall
   02AA CDr1Es00      [17] 1060 	call	_rotate_test_1_xor2
                           1061 ;	genMove_o size 4 result type 2 source type 2 a_dead 1 hl_dead 1 de_dead 1 iy_dead 1 f_dead 1
                           1062 ;	genCmpEq
                           1063 ;	genMove_o size 1 result type 2 source type 2 a_dead 1 hl_dead 0 de_dead 0 iy_dead 0 f_dead 1
   02AD 7B            [ 4] 1064 	ld	a, e
                           1065 ;	genMove_o size 0 result type 2 source type 1 a_dead 1 hl_dead 0 de_dead 0 iy_dead 0 f_dead 1
   02AE D6 F6         [ 7] 1066 	sub	a, #0xf6
                           1067 ; common peephole 163 changed absolute to relative conditional jump.
   02B0 20 0D         [12] 1068 	jr	nz, 00255$
                           1069 ;	genMove_o size 1 result type 2 source type 2 a_dead 1 hl_dead 0 de_dead 0 iy_dead 0 f_dead 1
   02B2 7A            [ 4] 1070 	ld	a, d
                           1071 ;	genMove_o size 0 result type 2 source type 1 a_dead 1 hl_dead 0 de_dead 0 iy_dead 0 f_dead 1
   02B3 D6 36         [ 7] 1072 	sub	a, #0x36
                           1073 ; common peephole 163 changed absolute to relative conditional jump.
   02B5 20 08         [12] 1074 	jr	nz, 00255$
   02B7 11 AF 26      [10] 1075 	ld	de, #0x26af
   02BA BF            [ 4] 1076 	cp	a, a
   02BB ED 52         [15] 1077 	sbc	hl, de
                           1078 ; common peephole 163 changed absolute to relative conditional jump.
   02BD 28 11         [12] 1079 	jr	z, 00108$
                           1080 ; common peephole 81 removed jp by using inverse jump logic
   02BF                    1081 00255$:
                           1082 ;	skipping generated iCode
                           1083 ;	skipping iCode since result will be rematerialized
                           1084 ;	skipping iCode since result will be rematerialized
                           1085 ;	skipping iCode since result will be rematerialized
                           1086 ;	skipping iCode since result will be rematerialized
                           1087 ;	skipping iCode since result will be rematerialized
                           1088 ;	skipping iCode since result will be rematerialized
                           1089 ;	genIpush
                           1090 ;	genMove_o size 2 result type 2 source type 1 a_dead 1 hl_dead 1 de_dead 1 iy_dead 1 f_dead 1
   02BF 21 E4 00      [10] 1091 	ld	hl, #0x00e4
   02C2 E5            [11] 1092 	push	hl
                           1093 ;	genIpush
                           1094 ;	genMove_o size 2 result type 2 source type 7 a_dead 1 hl_dead 1 de_dead 1 iy_dead 1 f_dead 1
   02C3 21rB4s05      [10] 1095 	ld	hl, #___str_2
   02C6 E5            [11] 1096 	push	hl
                           1097 ;	genSend
                           1098 ;	genMove_o size 2 result type 2 source type 7 a_dead 1 hl_dead 1 de_dead 1 iy_dead 1 f_dead 1
   02C7 11r2Fs06      [10] 1099 	ld	de, #___str_4
                           1100 ;	genSend
                           1101 ;	genMove_o size 2 result type 2 source type 7 a_dead 1 hl_dead 1 de_dead 0 iy_dead 1 f_dead 1
   02CA 21r81s05      [10] 1102 	ld	hl, #___str_0
                           1103 ;	genCall
   02CD CDr00s00      [17] 1104 	call	___fail
                           1105 ;	genLabel
   02D0                    1106 00108$:
                           1107 ;cases/rotate2/rotate2_size_32_andCase_2_xorLiteral_1_rotateLeft_1_structVar_1.c:230: ASSERT( rotate_test_2(u)      == ROTATE_RESULT);
                           1108 ;	genPlus
                           1109 ;	genMove_o size 2 result type 2 source type 10 a_dead 1 hl_dead 1 de_dead 1 iy_dead 1 f_dead 1
   02D0 2Ar00s00      [16] 1110 	ld	hl, (___numTests)
   02D3 23            [ 6] 1111 	inc	hl
                           1112 ;	genMove_o size 2 result type 10 source type 2 a_dead 1 hl_dead 1 de_dead 1 iy_dead 1 f_dead 1
   02D4 22r00s00      [16] 1113 	ld	(___numTests), hl
                           1114 ;	genSend
                           1115 ;	genMove_o size 4 result type 2 source type 6 a_dead 1 hl_dead 1 de_dead 1 iy_dead 1 f_dead 1
   02D7 DD 5E FC      [19] 1116 	ld	e, -4 (ix)
   02DA DD 56 FD      [19] 1117 	ld	d, -3 (ix)
   02DD DD 6E FE      [19] 1118 	ld	l, -2 (ix)
   02E0 DD 66 FF      [19] 1119 	ld	h, -1 (ix)
                           1120 ;	genMove_o size 0 result type 2 source type 1 a_dead 1 hl_dead 1 de_dead 1 iy_dead 1 f_dead 1
                           1121 ;	genCall
   02E3 CDr2Fs00      [17] 1122 	call	_rotate_test_2
                           1123 ;	genMove_o size 4 result type 2 source type 2 a_dead 1 hl_dead 1 de_dead 1 iy_dead 1 f_dead 1
                           1124 ;	genCmpEq
                           1125 ;	genMove_o size 1 result type 2 source type 2 a_dead 1 hl_dead 0 de_dead 0 iy_dead 0 f_dead 1
   02E6 7B            [ 4] 1126 	ld	a, e
                           1127 ;	genMove_o size 0 result type 2 source type 1 a_dead 1 hl_dead 0 de_dead 0 iy_dead 0 f_dead 1
   02E7 D6 BE         [ 7] 1128 	sub	a, #0xbe
                           1129 ; common peephole 163 changed absolute to relative conditional jump.
   02E9 20 0D         [12] 1130 	jr	nz, 00256$
                           1131 ;	genMove_o size 1 result type 2 source type 2 a_dead 1 hl_dead 0 de_dead 0 iy_dead 0 f_dead 1
   02EB 7A            [ 4] 1132 	ld	a, d
                           1133 ;	genMove_o size 0 result type 2 source type 1 a_dead 1 hl_dead 0 de_dead 0 iy_dead 0 f_dead 1
   02EC D6 36         [ 7] 1134 	sub	a, #0x36
                           1135 ; common peephole 163 changed absolute to relative conditional jump.
   02EE 20 08         [12] 1136 	jr	nz, 00256$
   02F0 11 AF 26      [10] 1137 	ld	de, #0x26af
   02F3 BF            [ 4] 1138 	cp	a, a
   02F4 ED 52         [15] 1139 	sbc	hl, de
                           1140 ; common peephole 163 changed absolute to relative conditional jump.
   02F6 28 11         [12] 1141 	jr	z, 00110$
                           1142 ; common peephole 81 removed jp by using inverse jump logic
   02F8                    1143 00256$:
                           1144 ;	skipping generated iCode
                           1145 ;	skipping iCode since result will be rematerialized
                           1146 ;	skipping iCode since result will be rematerialized
                           1147 ;	skipping iCode since result will be rematerialized
                           1148 ;	skipping iCode since result will be rematerialized
                           1149 ;	skipping iCode since result will be rematerialized
                           1150 ;	skipping iCode since result will be rematerialized
                           1151 ;	genIpush
                           1152 ;	genMove_o size 2 result type 2 source type 1 a_dead 1 hl_dead 1 de_dead 1 iy_dead 1 f_dead 1
   02F8 21 E6 00      [10] 1153 	ld	hl, #0x00e6
   02FB E5            [11] 1154 	push	hl
                           1155 ;	genIpush
                           1156 ;	genMove_o size 2 result type 2 source type 7 a_dead 1 hl_dead 1 de_dead 1 iy_dead 1 f_dead 1
   02FC 21rB4s05      [10] 1157 	ld	hl, #___str_2
   02FF E5            [11] 1158 	push	hl
                           1159 ;	genSend
                           1160 ;	genMove_o size 2 result type 2 source type 7 a_dead 1 hl_dead 1 de_dead 1 iy_dead 1 f_dead 1
   0300 11r5As06      [10] 1161 	ld	de, #___str_5
                           1162 ;	genSend
                           1163 ;	genMove_o size 2 result type 2 source type 7 a_dead 1 hl_dead 1 de_dead 0 iy_dead 1 f_dead 1
   0303 21r81s05      [10] 1164 	ld	hl, #___str_0
                           1165 ;	genCall
   0306 CDr00s00      [17] 1166 	call	___fail
                           1167 ;	genLabel
   0309                    1168 00110$:
                           1169 ;cases/rotate2/rotate2_size_32_andCase_2_xorLiteral_1_rotateLeft_1_structVar_1.c:231: ASSERT( rotate_test_2_xor1(u) == ROTATE_RESULT_XOR);
                           1170 ;	genPlus
                           1171 ;	genMove_o size 2 result type 2 source type 10 a_dead 1 hl_dead 1 de_dead 1 iy_dead 1 f_dead 1
   0309 2Ar00s00      [16] 1172 	ld	hl, (___numTests)
   030C 23            [ 6] 1173 	inc	hl
                           1174 ;	genMove_o size 2 result type 10 source type 2 a_dead 1 hl_dead 1 de_dead 1 iy_dead 1 f_dead 1
   030D 22r00s00      [16] 1175 	ld	(___numTests), hl
                           1176 ;	genSend
                           1177 ;	genMove_o size 4 result type 2 source type 6 a_dead 1 hl_dead 1 de_dead 1 iy_dead 1 f_dead 1
   0310 DD 5E FC      [19] 1178 	ld	e, -4 (ix)
   0313 DD 56 FD      [19] 1179 	ld	d, -3 (ix)
   0316 DD 6E FE      [19] 1180 	ld	l, -2 (ix)
   0319 DD 66 FF      [19] 1181 	ld	h, -1 (ix)
                           1182 ;	genMove_o size 0 result type 2 source type 1 a_dead 1 hl_dead 1 de_dead 1 iy_dead 1 f_dead 1
                           1183 ;	genCall
   031C CDr3Cs00      [17] 1184 	call	_rotate_test_2_xor1
                           1185 ;	genMove_o size 4 result type 2 source type 2 a_dead 1 hl_dead 1 de_dead 1 iy_dead 1 f_dead 1
                           1186 ;	genCmpEq
                           1187 ;	genMove_o size 1 result type 2 source type 2 a_dead 1 hl_dead 0 de_dead 0 iy_dead 0 f_dead 1
   031F 7B            [ 4] 1188 	ld	a, e
                           1189 ;	genMove_o size 0 result type 2 source type 1 a_dead 1 hl_dead 0 de_dead 0 iy_dead 0 f_dead 1
   0320 D6 F6         [ 7] 1190 	sub	a, #0xf6
                           1191 ; common peephole 163 changed absolute to relative conditional jump.
   0322 20 0D         [12] 1192 	jr	nz, 00257$
                           1193 ;	genMove_o size 1 result type 2 source type 2 a_dead 1 hl_dead 0 de_dead 0 iy_dead 0 f_dead 1
   0324 7A            [ 4] 1194 	ld	a, d
                           1195 ;	genMove_o size 0 result type 2 source type 1 a_dead 1 hl_dead 0 de_dead 0 iy_dead 0 f_dead 1
   0325 D6 36         [ 7] 1196 	sub	a, #0x36
                           1197 ; common peephole 163 changed absolute to relative conditional jump.
   0327 20 08         [12] 1198 	jr	nz, 00257$
   0329 11 AF 26      [10] 1199 	ld	de, #0x26af
   032C BF            [ 4] 1200 	cp	a, a
   032D ED 52         [15] 1201 	sbc	hl, de
                           1202 ; common peephole 163 changed absolute to relative conditional jump.
   032F 28 11         [12] 1203 	jr	z, 00112$
                           1204 ; common peephole 81 removed jp by using inverse jump logic
   0331                    1205 00257$:
                           1206 ;	skipping generated iCode
                           1207 ;	skipping iCode since result will be rematerialized
                           1208 ;	skipping iCode since result will be rematerialized
                           1209 ;	skipping iCode since result will be rematerialized
                           1210 ;	skipping iCode since result will be rematerialized
                           1211 ;	skipping iCode since result will be rematerialized
                           1212 ;	skipping iCode since result will be rematerialized
                           1213 ;	genIpush
                           1214 ;	genMove_o size 2 result type 2 source type 1 a_dead 1 hl_dead 1 de_dead 1 iy_dead 1 f_dead 1
   0331 21 E7 00      [10] 1215 	ld	hl, #0x00e7
   0334 E5            [11] 1216 	push	hl
                           1217 ;	genIpush
                           1218 ;	genMove_o size 2 result type 2 source type 7 a_dead 1 hl_dead 1 de_dead 1 iy_dead 1 f_dead 1
   0335 21rB4s05      [10] 1219 	ld	hl, #___str_2
   0338 E5            [11] 1220 	push	hl
                           1221 ;	genSend
                           1222 ;	genMove_o size 2 result type 2 source type 7 a_dead 1 hl_dead 1 de_dead 1 iy_dead 1 f_dead 1
   0339 11r7Cs06      [10] 1223 	ld	de, #___str_6
                           1224 ;	genSend
                           1225 ;	genMove_o size 2 result type 2 source type 7 a_dead 1 hl_dead 1 de_dead 0 iy_dead 1 f_dead 1
   033C 21r81s05      [10] 1226 	ld	hl, #___str_0
                           1227 ;	genCall
   033F CDr00s00      [17] 1228 	call	___fail
                           1229 ;	genLabel
   0342                    1230 00112$:
                           1231 ;cases/rotate2/rotate2_size_32_andCase_2_xorLiteral_1_rotateLeft_1_structVar_1.c:232: ASSERT( rotate_test_2_xor2(u) == ROTATE_RESULT_XOR);
                           1232 ;	genPlus
                           1233 ;	genMove_o size 2 result type 2 source type 10 a_dead 1 hl_dead 1 de_dead 1 iy_dead 1 f_dead 1
   0342 2Ar00s00      [16] 1234 	ld	hl, (___numTests)
   0345 23            [ 6] 1235 	inc	hl
                           1236 ;	genMove_o size 2 result type 10 source type 2 a_dead 1 hl_dead 1 de_dead 1 iy_dead 1 f_dead 1
   0346 22r00s00      [16] 1237 	ld	(___numTests), hl
                           1238 ;	genSend
                           1239 ;	genMove_o size 4 result type 2 source type 6 a_dead 1 hl_dead 1 de_dead 1 iy_dead 1 f_dead 1
   0349 DD 5E FC      [19] 1240 	ld	e, -4 (ix)
   034C DD 56 FD      [19] 1241 	ld	d, -3 (ix)
   034F DD 6E FE      [19] 1242 	ld	l, -2 (ix)
   0352 DD 66 FF      [19] 1243 	ld	h, -1 (ix)
                           1244 ;	genMove_o size 0 result type 2 source type 1 a_dead 1 hl_dead 1 de_dead 1 iy_dead 1 f_dead 1
                           1245 ;	genCall
   0355 CDr4Ds00      [17] 1246 	call	_rotate_test_2_xor2
                           1247 ;	genMove_o size 4 result type 2 source type 2 a_dead 1 hl_dead 1 de_dead 1 iy_dead 1 f_dead 1
                           1248 ;	genCmpEq
                           1249 ;	genMove_o size 1 result type 2 source type 2 a_dead 1 hl_dead 0 de_dead 0 iy_dead 0 f_dead 1
   0358 7B            [ 4] 1250 	ld	a, e
                           1251 ;	genMove_o size 0 result type 2 source type 1 a_dead 1 hl_dead 0 de_dead 0 iy_dead 0 f_dead 1
   0359 D6 F6         [ 7] 1252 	sub	a, #0xf6
                           1253 ; common peephole 163 changed absolute to relative conditional jump.
   035B 20 0D         [12] 1254 	jr	nz, 00258$
                           1255 ;	genMove_o size 1 result type 2 source type 2 a_dead 1 hl_dead 0 de_dead 0 iy_dead 0 f_dead 1
   035D 7A            [ 4] 1256 	ld	a, d
                           1257 ;	genMove_o size 0 result type 2 source type 1 a_dead 1 hl_dead 0 de_dead 0 iy_dead 0 f_dead 1
   035E D6 36         [ 7] 1258 	sub	a, #0x36
                           1259 ; common peephole 163 changed absolute to relative conditional jump.
   0360 20 08         [12] 1260 	jr	nz, 00258$
   0362 11 AF 26      [10] 1261 	ld	de, #0x26af
   0365 BF            [ 4] 1262 	cp	a, a
   0366 ED 52         [15] 1263 	sbc	hl, de
                           1264 ; common peephole 163 changed absolute to relative conditional jump.
   0368 28 11         [12] 1265 	jr	z, 00114$
                           1266 ; common peephole 81 removed jp by using inverse jump logic
   036A                    1267 00258$:
                           1268 ;	skipping generated iCode
                           1269 ;	skipping iCode since result will be rematerialized
                           1270 ;	skipping iCode since result will be rematerialized
                           1271 ;	skipping iCode since result will be rematerialized
                           1272 ;	skipping iCode since result will be rematerialized
                           1273 ;	skipping iCode since result will be rematerialized
                           1274 ;	skipping iCode since result will be rematerialized
                           1275 ;	genIpush
                           1276 ;	genMove_o size 2 result type 2 source type 1 a_dead 1 hl_dead 1 de_dead 1 iy_dead 1 f_dead 1
   036A 21 E8 00      [10] 1277 	ld	hl, #0x00e8
   036D E5            [11] 1278 	push	hl
                           1279 ;	genIpush
                           1280 ;	genMove_o size 2 result type 2 source type 7 a_dead 1 hl_dead 1 de_dead 1 iy_dead 1 f_dead 1
   036E 21rB4s05      [10] 1281 	ld	hl, #___str_2
   0371 E5            [11] 1282 	push	hl
                           1283 ;	genSend
                           1284 ;	genMove_o size 2 result type 2 source type 7 a_dead 1 hl_dead 1 de_dead 1 iy_dead 1 f_dead 1
   0372 11rA7s06      [10] 1285 	ld	de, #___str_7
                           1286 ;	genSend
                           1287 ;	genMove_o size 2 result type 2 source type 7 a_dead 1 hl_dead 1 de_dead 0 iy_dead 1 f_dead 1
   0375 21r81s05      [10] 1288 	ld	hl, #___str_0
                           1289 ;	genCall
   0378 CDr00s00      [17] 1290 	call	___fail
                           1291 ;	genLabel
   037B                    1292 00114$:
                           1293 ;cases/rotate2/rotate2_size_32_andCase_2_xorLiteral_1_rotateLeft_1_structVar_1.c:234: ASSERT( rotate_test_3(u)      == ROTATE_RESULT);
                           1294 ;	genPlus
                           1295 ;	genMove_o size 2 result type 2 source type 10 a_dead 1 hl_dead 1 de_dead 1 iy_dead 1 f_dead 1
   037B 2Ar00s00      [16] 1296 	ld	hl, (___numTests)
   037E 23            [ 6] 1297 	inc	hl
                           1298 ;	genMove_o size 2 result type 10 source type 2 a_dead 1 hl_dead 1 de_dead 1 iy_dead 1 f_dead 1
   037F 22r00s00      [16] 1299 	ld	(___numTests), hl
                           1300 ;	genSend
                           1301 ;	genMove_o size 4 result type 2 source type 6 a_dead 1 hl_dead 1 de_dead 1 iy_dead 1 f_dead 1
   0382 DD 5E FC      [19] 1302 	ld	e, -4 (ix)
   0385 DD 56 FD      [19] 1303 	ld	d, -3 (ix)
   0388 DD 6E FE      [19] 1304 	ld	l, -2 (ix)
   038B DD 66 FF      [19] 1305 	ld	h, -1 (ix)
                           1306 ;	genMove_o size 0 result type 2 source type 1 a_dead 1 hl_dead 1 de_dead 1 iy_dead 1 f_dead 1
                           1307 ;	genCall
   038E CDr5Es00      [17] 1308 	call	_rotate_test_3
                           1309 ;	genMove_o size 4 result type 2 source type 2 a_dead 1 hl_dead 1 de_dead 1 iy_dead 1 f_dead 1
                           1310 ;	genCmpEq
                           1311 ;	genMove_o size 1 result type 2 source type 2 a_dead 1 hl_dead 0 de_dead 0 iy_dead 0 f_dead 1
   0391 7B            [ 4] 1312 	ld	a, e
                           1313 ;	genMove_o size 0 result type 2 source type 1 a_dead 1 hl_dead 0 de_dead 0 iy_dead 0 f_dead 1
   0392 D6 BE         [ 7] 1314 	sub	a, #0xbe
                           1315 ; common peephole 163 changed absolute to relative conditional jump.
   0394 20 0D         [12] 1316 	jr	nz, 00259$
                           1317 ;	genMove_o size 1 result type 2 source type 2 a_dead 1 hl_dead 0 de_dead 0 iy_dead 0 f_dead 1
   0396 7A            [ 4] 1318 	ld	a, d
                           1319 ;	genMove_o size 0 result type 2 source type 1 a_dead 1 hl_dead 0 de_dead 0 iy_dead 0 f_dead 1
   0397 D6 36         [ 7] 1320 	sub	a, #0x36
                           1321 ; common peephole 163 changed absolute to relative conditional jump.
   0399 20 08         [12] 1322 	jr	nz, 00259$
   039B 11 AF 26      [10] 1323 	ld	de, #0x26af
   039E BF            [ 4] 1324 	cp	a, a
   039F ED 52         [15] 1325 	sbc	hl, de
                           1326 ; common peephole 163 changed absolute to relative conditional jump.
   03A1 28 11         [12] 1327 	jr	z, 00116$
                           1328 ; common peephole 81 removed jp by using inverse jump logic
   03A3                    1329 00259$:
                           1330 ;	skipping generated iCode
                           1331 ;	skipping iCode since result will be rematerialized
                           1332 ;	skipping iCode since result will be rematerialized
                           1333 ;	skipping iCode since result will be rematerialized
                           1334 ;	skipping iCode since result will be rematerialized
                           1335 ;	skipping iCode since result will be rematerialized
                           1336 ;	skipping iCode since result will be rematerialized
                           1337 ;	genIpush
                           1338 ;	genMove_o size 2 result type 2 source type 1 a_dead 1 hl_dead 1 de_dead 1 iy_dead 1 f_dead 1
   03A3 21 EA 00      [10] 1339 	ld	hl, #0x00ea
   03A6 E5            [11] 1340 	push	hl
                           1341 ;	genIpush
                           1342 ;	genMove_o size 2 result type 2 source type 7 a_dead 1 hl_dead 1 de_dead 1 iy_dead 1 f_dead 1
   03A7 21rB4s05      [10] 1343 	ld	hl, #___str_2
   03AA E5            [11] 1344 	push	hl
                           1345 ;	genSend
                           1346 ;	genMove_o size 2 result type 2 source type 7 a_dead 1 hl_dead 1 de_dead 1 iy_dead 1 f_dead 1
   03AB 11rD2s06      [10] 1347 	ld	de, #___str_8
                           1348 ;	genSend
                           1349 ;	genMove_o size 2 result type 2 source type 7 a_dead 1 hl_dead 1 de_dead 0 iy_dead 1 f_dead 1
   03AE 21r81s05      [10] 1350 	ld	hl, #___str_0
                           1351 ;	genCall
   03B1 CDr00s00      [17] 1352 	call	___fail
                           1353 ;	genLabel
   03B4                    1354 00116$:
                           1355 ;cases/rotate2/rotate2_size_32_andCase_2_xorLiteral_1_rotateLeft_1_structVar_1.c:235: ASSERT( rotate_test_3_xor1(u) == ROTATE_RESULT_XOR);
                           1356 ;	genPlus
                           1357 ;	genMove_o size 2 result type 2 source type 10 a_dead 1 hl_dead 1 de_dead 1 iy_dead 1 f_dead 1
   03B4 2Ar00s00      [16] 1358 	ld	hl, (___numTests)
   03B7 23            [ 6] 1359 	inc	hl
                           1360 ;	genMove_o size 2 result type 10 source type 2 a_dead 1 hl_dead 1 de_dead 1 iy_dead 1 f_dead 1
   03B8 22r00s00      [16] 1361 	ld	(___numTests), hl
                           1362 ;	genSend
                           1363 ;	genMove_o size 4 result type 2 source type 6 a_dead 1 hl_dead 1 de_dead 1 iy_dead 1 f_dead 1
   03BB DD 5E FC      [19] 1364 	ld	e, -4 (ix)
   03BE DD 56 FD      [19] 1365 	ld	d, -3 (ix)
   03C1 DD 6E FE      [19] 1366 	ld	l, -2 (ix)
   03C4 DD 66 FF      [19] 1367 	ld	h, -1 (ix)
                           1368 ;	genMove_o size 0 result type 2 source type 1 a_dead 1 hl_dead 1 de_dead 1 iy_dead 1 f_dead 1
                           1369 ;	genCall
   03C7 CDr90s00      [17] 1370 	call	_rotate_test_3_xor1
                           1371 ;	genMove_o size 4 result type 2 source type 2 a_dead 1 hl_dead 1 de_dead 1 iy_dead 1 f_dead 1
                           1372 ;	genCmpEq
                           1373 ;	genMove_o size 1 result type 2 source type 2 a_dead 1 hl_dead 0 de_dead 0 iy_dead 0 f_dead 1
   03CA 7B            [ 4] 1374 	ld	a, e
                           1375 ;	genMove_o size 0 result type 2 source type 1 a_dead 1 hl_dead 0 de_dead 0 iy_dead 0 f_dead 1
   03CB D6 F6         [ 7] 1376 	sub	a, #0xf6
                           1377 ; common peephole 163 changed absolute to relative conditional jump.
   03CD 20 0D         [12] 1378 	jr	nz, 00260$
                           1379 ;	genMove_o size 1 result type 2 source type 2 a_dead 1 hl_dead 0 de_dead 0 iy_dead 0 f_dead 1
   03CF 7A            [ 4] 1380 	ld	a, d
                           1381 ;	genMove_o size 0 result type 2 source type 1 a_dead 1 hl_dead 0 de_dead 0 iy_dead 0 f_dead 1
   03D0 D6 36         [ 7] 1382 	sub	a, #0x36
                           1383 ; common peephole 163 changed absolute to relative conditional jump.
   03D2 20 08         [12] 1384 	jr	nz, 00260$
   03D4 11 AF 26      [10] 1385 	ld	de, #0x26af
   03D7 BF            [ 4] 1386 	cp	a, a
   03D8 ED 52         [15] 1387 	sbc	hl, de
                           1388 ; common peephole 163 changed absolute to relative conditional jump.
   03DA 28 11         [12] 1389 	jr	z, 00118$
                           1390 ; common peephole 81 removed jp by using inverse jump logic
   03DC                    1391 00260$:
                           1392 ;	skipping generated iCode
                           1393 ;	skipping iCode since result will be rematerialized
                           1394 ;	skipping iCode since result will be rematerialized
                           1395 ;	skipping iCode since result will be rematerialized
                           1396 ;	skipping iCode since result will be rematerialized
                           1397 ;	skipping iCode since result will be rematerialized
                           1398 ;	skipping iCode since result will be rematerialized
                           1399 ;	genIpush
                           1400 ;	genMove_o size 2 result type 2 source type 1 a_dead 1 hl_dead 1 de_dead 1 iy_dead 1 f_dead 1
   03DC 21 EB 00      [10] 1401 	ld	hl, #0x00eb
   03DF E5            [11] 1402 	push	hl
                           1403 ;	genIpush
                           1404 ;	genMove_o size 2 result type 2 source type 7 a_dead 1 hl_dead 1 de_dead 1 iy_dead 1 f_dead 1
   03E0 21rB4s05      [10] 1405 	ld	hl, #___str_2
   03E3 E5            [11] 1406 	push	hl
                           1407 ;	genSend
                           1408 ;	genMove_o size 2 result type 2 source type 7 a_dead 1 hl_dead 1 de_dead 1 iy_dead 1 f_dead 1
   03E4 11rF4s06      [10] 1409 	ld	de, #___str_9
                           1410 ;	genSend
                           1411 ;	genMove_o size 2 result type 2 source type 7 a_dead 1 hl_dead 1 de_dead 0 iy_dead 1 f_dead 1
   03E7 21r81s05      [10] 1412 	ld	hl, #___str_0
                           1413 ;	genCall
   03EA CDr00s00      [17] 1414 	call	___fail
                           1415 ;	genLabel
   03ED                    1416 00118$:
                           1417 ;cases/rotate2/rotate2_size_32_andCase_2_xorLiteral_1_rotateLeft_1_structVar_1.c:236: ASSERT( rotate_test_3_xor2(u) == ROTATE_RESULT_XOR);
                           1418 ;	genPlus
                           1419 ;	genMove_o size 2 result type 2 source type 10 a_dead 1 hl_dead 1 de_dead 1 iy_dead 1 f_dead 1
   03ED 2Ar00s00      [16] 1420 	ld	hl, (___numTests)
   03F0 23            [ 6] 1421 	inc	hl
                           1422 ;	genMove_o size 2 result type 10 source type 2 a_dead 1 hl_dead 1 de_dead 1 iy_dead 1 f_dead 1
   03F1 22r00s00      [16] 1423 	ld	(___numTests), hl
                           1424 ;	genSend
                           1425 ;	genMove_o size 4 result type 2 source type 6 a_dead 1 hl_dead 1 de_dead 1 iy_dead 1 f_dead 1
   03F4 DD 5E FC      [19] 1426 	ld	e, -4 (ix)
   03F7 DD 56 FD      [19] 1427 	ld	d, -3 (ix)
   03FA DD 6E FE      [19] 1428 	ld	l, -2 (ix)
   03FD DD 66 FF      [19] 1429 	ld	h, -1 (ix)
                           1430 ;	genMove_o size 0 result type 2 source type 1 a_dead 1 hl_dead 1 de_dead 1 iy_dead 1 f_dead 1
                           1431 ;	genCall
   0400 CDrCCs00      [17] 1432 	call	_rotate_test_3_xor2
                           1433 ;	genMove_o size 4 result type 2 source type 2 a_dead 1 hl_dead 1 de_dead 1 iy_dead 1 f_dead 1
                           1434 ;	genCmpEq
                           1435 ;	genMove_o size 1 result type 2 source type 2 a_dead 1 hl_dead 0 de_dead 0 iy_dead 0 f_dead 1
   0403 7B            [ 4] 1436 	ld	a, e
                           1437 ;	genMove_o size 0 result type 2 source type 1 a_dead 1 hl_dead 0 de_dead 0 iy_dead 0 f_dead 1
   0404 D6 F6         [ 7] 1438 	sub	a, #0xf6
                           1439 ; common peephole 163 changed absolute to relative conditional jump.
   0406 20 0D         [12] 1440 	jr	nz, 00261$
                           1441 ;	genMove_o size 1 result type 2 source type 2 a_dead 1 hl_dead 0 de_dead 0 iy_dead 0 f_dead 1
   0408 7A            [ 4] 1442 	ld	a, d
                           1443 ;	genMove_o size 0 result type 2 source type 1 a_dead 1 hl_dead 0 de_dead 0 iy_dead 0 f_dead 1
   0409 D6 36         [ 7] 1444 	sub	a, #0x36
                           1445 ; common peephole 163 changed absolute to relative conditional jump.
   040B 20 08         [12] 1446 	jr	nz, 00261$
   040D 11 AF 26      [10] 1447 	ld	de, #0x26af
   0410 BF            [ 4] 1448 	cp	a, a
   0411 ED 52         [15] 1449 	sbc	hl, de
                           1450 ; common peephole 163 changed absolute to relative conditional jump.
   0413 28 11         [12] 1451 	jr	z, 00120$
                           1452 ; common peephole 81 removed jp by using inverse jump logic
   0415                    1453 00261$:
                           1454 ;	skipping generated iCode
                           1455 ;	skipping iCode since result will be rematerialized
                           1456 ;	skipping iCode since result will be rematerialized
                           1457 ;	skipping iCode since result will be rematerialized
                           1458 ;	skipping iCode since result will be rematerialized
                           1459 ;	skipping iCode since result will be rematerialized
                           1460 ;	skipping iCode since result will be rematerialized
                           1461 ;	genIpush
                           1462 ;	genMove_o size 2 result type 2 source type 1 a_dead 1 hl_dead 1 de_dead 1 iy_dead 1 f_dead 1
   0415 21 EC 00      [10] 1463 	ld	hl, #0x00ec
   0418 E5            [11] 1464 	push	hl
                           1465 ;	genIpush
                           1466 ;	genMove_o size 2 result type 2 source type 7 a_dead 1 hl_dead 1 de_dead 1 iy_dead 1 f_dead 1
   0419 21rB4s05      [10] 1467 	ld	hl, #___str_2
   041C E5            [11] 1468 	push	hl
                           1469 ;	genSend
                           1470 ;	genMove_o size 2 result type 2 source type 7 a_dead 1 hl_dead 1 de_dead 1 iy_dead 1 f_dead 1
   041D 11r1Fs07      [10] 1471 	ld	de, #___str_10
                           1472 ;	genSend
                           1473 ;	genMove_o size 2 result type 2 source type 7 a_dead 1 hl_dead 1 de_dead 0 iy_dead 1 f_dead 1
   0420 21r81s05      [10] 1474 	ld	hl, #___str_0
                           1475 ;	genCall
   0423 CDr00s00      [17] 1476 	call	___fail
                           1477 ;	genLabel
   0426                    1478 00120$:
                           1479 ;cases/rotate2/rotate2_size_32_andCase_2_xorLiteral_1_rotateLeft_1_structVar_1.c:239: ASSERT( rotate_test_4(u)      == ROTATE_RESULT);
                           1480 ;	genPlus
                           1481 ;	genMove_o size 2 result type 2 source type 10 a_dead 1 hl_dead 1 de_dead 1 iy_dead 1 f_dead 1
   0426 2Ar00s00      [16] 1482 	ld	hl, (___numTests)
   0429 23            [ 6] 1483 	inc	hl
                           1484 ;	genMove_o size 2 result type 10 source type 2 a_dead 1 hl_dead 1 de_dead 1 iy_dead 1 f_dead 1
   042A 22r00s00      [16] 1485 	ld	(___numTests), hl
                           1486 ;	genSend
                           1487 ;	genMove_o size 4 result type 2 source type 6 a_dead 1 hl_dead 1 de_dead 1 iy_dead 1 f_dead 1
   042D DD 5E FC      [19] 1488 	ld	e, -4 (ix)
   0430 DD 56 FD      [19] 1489 	ld	d, -3 (ix)
   0433 DD 6E FE      [19] 1490 	ld	l, -2 (ix)
   0436 DD 66 FF      [19] 1491 	ld	h, -1 (ix)
                           1492 ;	genMove_o size 0 result type 2 source type 1 a_dead 1 hl_dead 1 de_dead 1 iy_dead 1 f_dead 1
                           1493 ;	genCall
   0439 CDr37s01      [17] 1494 	call	_rotate_test_4
                           1495 ;	genMove_o size 4 result type 2 source type 2 a_dead 1 hl_dead 1 de_dead 1 iy_dead 1 f_dead 1
                           1496 ;	genCmpEq
                           1497 ;	genMove_o size 1 result type 2 source type 2 a_dead 1 hl_dead 0 de_dead 0 iy_dead 0 f_dead 1
   043C 7B            [ 4] 1498 	ld	a, e
                           1499 ;	genMove_o size 0 result type 2 source type 1 a_dead 1 hl_dead 0 de_dead 0 iy_dead 0 f_dead 1
   043D D6 BE         [ 7] 1500 	sub	a, #0xbe
                           1501 ; common peephole 163 changed absolute to relative conditional jump.
   043F 20 0D         [12] 1502 	jr	nz, 00262$
                           1503 ;	genMove_o size 1 result type 2 source type 2 a_dead 1 hl_dead 0 de_dead 0 iy_dead 0 f_dead 1
   0441 7A            [ 4] 1504 	ld	a, d
                           1505 ;	genMove_o size 0 result type 2 source type 1 a_dead 1 hl_dead 0 de_dead 0 iy_dead 0 f_dead 1
   0442 D6 36         [ 7] 1506 	sub	a, #0x36
                           1507 ; common peephole 163 changed absolute to relative conditional jump.
   0444 20 08         [12] 1508 	jr	nz, 00262$
   0446 11 AF 26      [10] 1509 	ld	de, #0x26af
   0449 BF            [ 4] 1510 	cp	a, a
   044A ED 52         [15] 1511 	sbc	hl, de
                           1512 ; common peephole 163 changed absolute to relative conditional jump.
   044C 28 11         [12] 1513 	jr	z, 00122$
                           1514 ; common peephole 81 removed jp by using inverse jump logic
   044E                    1515 00262$:
                           1516 ;	skipping generated iCode
                           1517 ;	skipping iCode since result will be rematerialized
                           1518 ;	skipping iCode since result will be rematerialized
                           1519 ;	skipping iCode since result will be rematerialized
                           1520 ;	skipping iCode since result will be rematerialized
                           1521 ;	skipping iCode since result will be rematerialized
                           1522 ;	skipping iCode since result will be rematerialized
                           1523 ;	genIpush
                           1524 ;	genMove_o size 2 result type 2 source type 1 a_dead 1 hl_dead 1 de_dead 1 iy_dead 1 f_dead 1
   044E 21 EF 00      [10] 1525 	ld	hl, #0x00ef
   0451 E5            [11] 1526 	push	hl
                           1527 ;	genIpush
                           1528 ;	genMove_o size 2 result type 2 source type 7 a_dead 1 hl_dead 1 de_dead 1 iy_dead 1 f_dead 1
   0452 21rB4s05      [10] 1529 	ld	hl, #___str_2
   0455 E5            [11] 1530 	push	hl
                           1531 ;	genSend
                           1532 ;	genMove_o size 2 result type 2 source type 7 a_dead 1 hl_dead 1 de_dead 1 iy_dead 1 f_dead 1
   0456 11r4As07      [10] 1533 	ld	de, #___str_11
                           1534 ;	genSend
                           1535 ;	genMove_o size 2 result type 2 source type 7 a_dead 1 hl_dead 1 de_dead 0 iy_dead 1 f_dead 1
   0459 21r81s05      [10] 1536 	ld	hl, #___str_0
                           1537 ;	genCall
   045C CDr00s00      [17] 1538 	call	___fail
                           1539 ;	genLabel
   045F                    1540 00122$:
                           1541 ;cases/rotate2/rotate2_size_32_andCase_2_xorLiteral_1_rotateLeft_1_structVar_1.c:240: ASSERT( rotate_test_4_xor1(u) == ROTATE_RESULT_XOR);
                           1542 ;	genPlus
                           1543 ;	genMove_o size 2 result type 2 source type 10 a_dead 1 hl_dead 1 de_dead 1 iy_dead 1 f_dead 1
   045F 2Ar00s00      [16] 1544 	ld	hl, (___numTests)
   0462 23            [ 6] 1545 	inc	hl
                           1546 ;	genMove_o size 2 result type 10 source type 2 a_dead 1 hl_dead 1 de_dead 1 iy_dead 1 f_dead 1
   0463 22r00s00      [16] 1547 	ld	(___numTests), hl
                           1548 ;	genSend
                           1549 ;	genMove_o size 4 result type 2 source type 6 a_dead 1 hl_dead 1 de_dead 1 iy_dead 1 f_dead 1
   0466 DD 5E FC      [19] 1550 	ld	e, -4 (ix)
   0469 DD 56 FD      [19] 1551 	ld	d, -3 (ix)
   046C DD 6E FE      [19] 1552 	ld	l, -2 (ix)
   046F DD 66 FF      [19] 1553 	ld	h, -1 (ix)
                           1554 ;	genMove_o size 0 result type 2 source type 1 a_dead 1 hl_dead 1 de_dead 1 iy_dead 1 f_dead 1
                           1555 ;	genCall
   0472 CDr52s01      [17] 1556 	call	_rotate_test_4_xor1
                           1557 ;	genMove_o size 4 result type 2 source type 2 a_dead 1 hl_dead 1 de_dead 1 iy_dead 1 f_dead 1
                           1558 ;	genCmpEq
                           1559 ;	genMove_o size 1 result type 2 source type 2 a_dead 1 hl_dead 0 de_dead 0 iy_dead 0 f_dead 1
   0475 7B            [ 4] 1560 	ld	a, e
                           1561 ;	genMove_o size 0 result type 2 source type 1 a_dead 1 hl_dead 0 de_dead 0 iy_dead 0 f_dead 1
   0476 D6 F6         [ 7] 1562 	sub	a, #0xf6
                           1563 ; common peephole 163 changed absolute to relative conditional jump.
   0478 20 0D         [12] 1564 	jr	nz, 00263$
                           1565 ;	genMove_o size 1 result type 2 source type 2 a_dead 1 hl_dead 0 de_dead 0 iy_dead 0 f_dead 1
   047A 7A            [ 4] 1566 	ld	a, d
                           1567 ;	genMove_o size 0 result type 2 source type 1 a_dead 1 hl_dead 0 de_dead 0 iy_dead 0 f_dead 1
   047B D6 36         [ 7] 1568 	sub	a, #0x36
                           1569 ; common peephole 163 changed absolute to relative conditional jump.
   047D 20 08         [12] 1570 	jr	nz, 00263$
   047F 11 AF 26      [10] 1571 	ld	de, #0x26af
   0482 BF            [ 4] 1572 	cp	a, a
   0483 ED 52         [15] 1573 	sbc	hl, de
                           1574 ; common peephole 163 changed absolute to relative conditional jump.
   0485 28 11         [12] 1575 	jr	z, 00124$
                           1576 ; common peephole 81 removed jp by using inverse jump logic
   0487                    1577 00263$:
                           1578 ;	skipping generated iCode
                           1579 ;	skipping iCode since result will be rematerialized
                           1580 ;	skipping iCode since result will be rematerialized
                           1581 ;	skipping iCode since result will be rematerialized
                           1582 ;	skipping iCode since result will be rematerialized
                           1583 ;	skipping iCode since result will be rematerialized
                           1584 ;	skipping iCode since result will be rematerialized
                           1585 ;	genIpush
                           1586 ;	genMove_o size 2 result type 2 source type 1 a_dead 1 hl_dead 1 de_dead 1 iy_dead 1 f_dead 1
   0487 21 F0 00      [10] 1587 	ld	hl, #0x00f0
   048A E5            [11] 1588 	push	hl
                           1589 ;	genIpush
                           1590 ;	genMove_o size 2 result type 2 source type 7 a_dead 1 hl_dead 1 de_dead 1 iy_dead 1 f_dead 1
   048B 21rB4s05      [10] 1591 	ld	hl, #___str_2
   048E E5            [11] 1592 	push	hl
                           1593 ;	genSend
                           1594 ;	genMove_o size 2 result type 2 source type 7 a_dead 1 hl_dead 1 de_dead 1 iy_dead 1 f_dead 1
   048F 11r6Cs07      [10] 1595 	ld	de, #___str_12
                           1596 ;	genSend
                           1597 ;	genMove_o size 2 result type 2 source type 7 a_dead 1 hl_dead 1 de_dead 0 iy_dead 1 f_dead 1
   0492 21r81s05      [10] 1598 	ld	hl, #___str_0
                           1599 ;	genCall
   0495 CDr00s00      [17] 1600 	call	___fail
                           1601 ;	genLabel
   0498                    1602 00124$:
                           1603 ;cases/rotate2/rotate2_size_32_andCase_2_xorLiteral_1_rotateLeft_1_structVar_1.c:241: ASSERT( rotate_test_4_xor2(u) == ROTATE_RESULT_XOR);
                           1604 ;	genPlus
                           1605 ;	genMove_o size 2 result type 2 source type 10 a_dead 1 hl_dead 1 de_dead 1 iy_dead 1 f_dead 1
   0498 2Ar00s00      [16] 1606 	ld	hl, (___numTests)
   049B 23            [ 6] 1607 	inc	hl
                           1608 ;	genMove_o size 2 result type 10 source type 2 a_dead 1 hl_dead 1 de_dead 1 iy_dead 1 f_dead 1
   049C 22r00s00      [16] 1609 	ld	(___numTests), hl
                           1610 ;	genSend
                           1611 ;	genMove_o size 4 result type 2 source type 6 a_dead 1 hl_dead 1 de_dead 1 iy_dead 1 f_dead 1
   049F DD 5E FC      [19] 1612 	ld	e, -4 (ix)
   04A2 DD 56 FD      [19] 1613 	ld	d, -3 (ix)
   04A5 DD 6E FE      [19] 1614 	ld	l, -2 (ix)
   04A8 DD 66 FF      [19] 1615 	ld	h, -1 (ix)
                           1616 ;	genMove_o size 0 result type 2 source type 1 a_dead 1 hl_dead 1 de_dead 1 iy_dead 1 f_dead 1
                           1617 ;	genCall
   04AB CDr71s01      [17] 1618 	call	_rotate_test_4_xor2
                           1619 ;	genMove_o size 4 result type 2 source type 2 a_dead 1 hl_dead 1 de_dead 1 iy_dead 1 f_dead 1
                           1620 ;	genCmpEq
                           1621 ;	genMove_o size 1 result type 2 source type 2 a_dead 1 hl_dead 0 de_dead 0 iy_dead 0 f_dead 1
   04AE 7B            [ 4] 1622 	ld	a, e
                           1623 ;	genMove_o size 0 result type 2 source type 1 a_dead 1 hl_dead 0 de_dead 0 iy_dead 0 f_dead 1
   04AF D6 F6         [ 7] 1624 	sub	a, #0xf6
                           1625 ; common peephole 163 changed absolute to relative conditional jump.
   04B1 20 0D         [12] 1626 	jr	nz, 00264$
                           1627 ;	genMove_o size 1 result type 2 source type 2 a_dead 1 hl_dead 0 de_dead 0 iy_dead 0 f_dead 1
   04B3 7A            [ 4] 1628 	ld	a, d
                           1629 ;	genMove_o size 0 result type 2 source type 1 a_dead 1 hl_dead 0 de_dead 0 iy_dead 0 f_dead 1
   04B4 D6 36         [ 7] 1630 	sub	a, #0x36
                           1631 ; common peephole 163 changed absolute to relative conditional jump.
   04B6 20 08         [12] 1632 	jr	nz, 00264$
   04B8 11 AF 26      [10] 1633 	ld	de, #0x26af
   04BB BF            [ 4] 1634 	cp	a, a
   04BC ED 52         [15] 1635 	sbc	hl, de
                           1636 ; common peephole 163 changed absolute to relative conditional jump.
   04BE 28 11         [12] 1637 	jr	z, 00126$
                           1638 ; common peephole 81 removed jp by using inverse jump logic
   04C0                    1639 00264$:
                           1640 ;	skipping generated iCode
                           1641 ;	skipping iCode since result will be rematerialized
                           1642 ;	skipping iCode since result will be rematerialized
                           1643 ;	skipping iCode since result will be rematerialized
                           1644 ;	skipping iCode since result will be rematerialized
                           1645 ;	skipping iCode since result will be rematerialized
                           1646 ;	skipping iCode since result will be rematerialized
                           1647 ;	genIpush
                           1648 ;	genMove_o size 2 result type 2 source type 1 a_dead 1 hl_dead 1 de_dead 1 iy_dead 1 f_dead 1
   04C0 21 F1 00      [10] 1649 	ld	hl, #0x00f1
   04C3 E5            [11] 1650 	push	hl
                           1651 ;	genIpush
                           1652 ;	genMove_o size 2 result type 2 source type 7 a_dead 1 hl_dead 1 de_dead 1 iy_dead 1 f_dead 1
   04C4 21rB4s05      [10] 1653 	ld	hl, #___str_2
   04C7 E5            [11] 1654 	push	hl
                           1655 ;	genSend
                           1656 ;	genMove_o size 2 result type 2 source type 7 a_dead 1 hl_dead 1 de_dead 1 iy_dead 1 f_dead 1
   04C8 11r97s07      [10] 1657 	ld	de, #___str_13
                           1658 ;	genSend
                           1659 ;	genMove_o size 2 result type 2 source type 7 a_dead 1 hl_dead 1 de_dead 0 iy_dead 1 f_dead 1
   04CB 21r81s05      [10] 1660 	ld	hl, #___str_0
                           1661 ;	genCall
   04CE CDr00s00      [17] 1662 	call	___fail
                           1663 ;	genLabel
   04D1                    1664 00126$:
                           1665 ;cases/rotate2/rotate2_size_32_andCase_2_xorLiteral_1_rotateLeft_1_structVar_1.c:243: ASSERT( rotate_test_5(u)      == ROTATE_RESULT);
                           1666 ;	genPlus
                           1667 ;	genMove_o size 2 result type 2 source type 10 a_dead 1 hl_dead 1 de_dead 1 iy_dead 1 f_dead 1
   04D1 2Ar00s00      [16] 1668 	ld	hl, (___numTests)
   04D4 23            [ 6] 1669 	inc	hl
                           1670 ;	genMove_o size 2 result type 10 source type 2 a_dead 1 hl_dead 1 de_dead 1 iy_dead 1 f_dead 1
   04D5 22r00s00      [16] 1671 	ld	(___numTests), hl
                           1672 ;	genSend
                           1673 ;	genMove_o size 4 result type 2 source type 6 a_dead 1 hl_dead 1 de_dead 1 iy_dead 1 f_dead 1
   04D8 DD 5E FC      [19] 1674 	ld	e, -4 (ix)
   04DB DD 56 FD      [19] 1675 	ld	d, -3 (ix)
   04DE DD 6E FE      [19] 1676 	ld	l, -2 (ix)
   04E1 DD 66 FF      [19] 1677 	ld	h, -1 (ix)
                           1678 ;	genMove_o size 0 result type 2 source type 1 a_dead 1 hl_dead 1 de_dead 1 iy_dead 1 f_dead 1
                           1679 ;	genCall
   04E4 CDr98s01      [17] 1680 	call	_rotate_test_5
                           1681 ;	genMove_o size 4 result type 2 source type 2 a_dead 1 hl_dead 1 de_dead 1 iy_dead 1 f_dead 1
                           1682 ;	genCmpEq
                           1683 ;	genMove_o size 1 result type 2 source type 2 a_dead 1 hl_dead 0 de_dead 0 iy_dead 0 f_dead 1
   04E7 7B            [ 4] 1684 	ld	a, e
                           1685 ;	genMove_o size 0 result type 2 source type 1 a_dead 1 hl_dead 0 de_dead 0 iy_dead 0 f_dead 1
   04E8 D6 BE         [ 7] 1686 	sub	a, #0xbe
                           1687 ; common peephole 163 changed absolute to relative conditional jump.
   04EA 20 0D         [12] 1688 	jr	nz, 00265$
                           1689 ;	genMove_o size 1 result type 2 source type 2 a_dead 1 hl_dead 0 de_dead 0 iy_dead 0 f_dead 1
   04EC 7A            [ 4] 1690 	ld	a, d
                           1691 ;	genMove_o size 0 result type 2 source type 1 a_dead 1 hl_dead 0 de_dead 0 iy_dead 0 f_dead 1
   04ED D6 36         [ 7] 1692 	sub	a, #0x36
                           1693 ; common peephole 163 changed absolute to relative conditional jump.
   04EF 20 08         [12] 1694 	jr	nz, 00265$
   04F1 11 AF 26      [10] 1695 	ld	de, #0x26af
   04F4 BF            [ 4] 1696 	cp	a, a
   04F5 ED 52         [15] 1697 	sbc	hl, de
                           1698 ; common peephole 163 changed absolute to relative conditional jump.
   04F7 28 11         [12] 1699 	jr	z, 00128$
                           1700 ; common peephole 81 removed jp by using inverse jump logic
   04F9                    1701 00265$:
                           1702 ;	skipping generated iCode
                           1703 ;	skipping iCode since result will be rematerialized
                           1704 ;	skipping iCode since result will be rematerialized
                           1705 ;	skipping iCode since result will be rematerialized
                           1706 ;	skipping iCode since result will be rematerialized
                           1707 ;	skipping iCode since result will be rematerialized
                           1708 ;	skipping iCode since result will be rematerialized
                           1709 ;	genIpush
                           1710 ;	genMove_o size 2 result type 2 source type 1 a_dead 1 hl_dead 1 de_dead 1 iy_dead 1 f_dead 1
   04F9 21 F3 00      [10] 1711 	ld	hl, #0x00f3
   04FC E5            [11] 1712 	push	hl
                           1713 ;	genIpush
                           1714 ;	genMove_o size 2 result type 2 source type 7 a_dead 1 hl_dead 1 de_dead 1 iy_dead 1 f_dead 1
   04FD 21rB4s05      [10] 1715 	ld	hl, #___str_2
   0500 E5            [11] 1716 	push	hl
                           1717 ;	genSend
                           1718 ;	genMove_o size 2 result type 2 source type 7 a_dead 1 hl_dead 1 de_dead 1 iy_dead 1 f_dead 1
   0501 11rC2s07      [10] 1719 	ld	de, #___str_14
                           1720 ;	genSend
                           1721 ;	genMove_o size 2 result type 2 source type 7 a_dead 1 hl_dead 1 de_dead 0 iy_dead 1 f_dead 1
   0504 21r81s05      [10] 1722 	ld	hl, #___str_0
                           1723 ;	genCall
   0507 CDr00s00      [17] 1724 	call	___fail
                           1725 ;	genLabel
   050A                    1726 00128$:
                           1727 ;cases/rotate2/rotate2_size_32_andCase_2_xorLiteral_1_rotateLeft_1_structVar_1.c:244: ASSERT( rotate_test_5_xor1(u) == ROTATE_RESULT_XOR);
                           1728 ;	genPlus
                           1729 ;	genMove_o size 2 result type 2 source type 10 a_dead 1 hl_dead 1 de_dead 1 iy_dead 1 f_dead 1
   050A 2Ar00s00      [16] 1730 	ld	hl, (___numTests)
   050D 23            [ 6] 1731 	inc	hl
                           1732 ;	genMove_o size 2 result type 10 source type 2 a_dead 1 hl_dead 1 de_dead 1 iy_dead 1 f_dead 1
   050E 22r00s00      [16] 1733 	ld	(___numTests), hl
                           1734 ;	genSend
                           1735 ;	genMove_o size 4 result type 2 source type 6 a_dead 1 hl_dead 1 de_dead 1 iy_dead 1 f_dead 1
   0511 DD 5E FC      [19] 1736 	ld	e, -4 (ix)
   0514 DD 56 FD      [19] 1737 	ld	d, -3 (ix)
   0517 DD 6E FE      [19] 1738 	ld	l, -2 (ix)
   051A DD 66 FF      [19] 1739 	ld	h, -1 (ix)
                           1740 ;	genMove_o size 0 result type 2 source type 1 a_dead 1 hl_dead 1 de_dead 1 iy_dead 1 f_dead 1
                           1741 ;	genCall
   051D CDrB6s01      [17] 1742 	call	_rotate_test_5_xor1
                           1743 ;	genMove_o size 4 result type 2 source type 2 a_dead 1 hl_dead 1 de_dead 1 iy_dead 1 f_dead 1
                           1744 ;	genCmpEq
                           1745 ;	genMove_o size 1 result type 2 source type 2 a_dead 1 hl_dead 0 de_dead 0 iy_dead 0 f_dead 1
   0520 7B            [ 4] 1746 	ld	a, e
                           1747 ;	genMove_o size 0 result type 2 source type 1 a_dead 1 hl_dead 0 de_dead 0 iy_dead 0 f_dead 1
   0521 D6 F6         [ 7] 1748 	sub	a, #0xf6
                           1749 ; common peephole 163 changed absolute to relative conditional jump.
   0523 20 0D         [12] 1750 	jr	nz, 00266$
                           1751 ;	genMove_o size 1 result type 2 source type 2 a_dead 1 hl_dead 0 de_dead 0 iy_dead 0 f_dead 1
   0525 7A            [ 4] 1752 	ld	a, d
                           1753 ;	genMove_o size 0 result type 2 source type 1 a_dead 1 hl_dead 0 de_dead 0 iy_dead 0 f_dead 1
   0526 D6 36         [ 7] 1754 	sub	a, #0x36
                           1755 ; common peephole 163 changed absolute to relative conditional jump.
   0528 20 08         [12] 1756 	jr	nz, 00266$
   052A 11 AF 26      [10] 1757 	ld	de, #0x26af
   052D BF            [ 4] 1758 	cp	a, a
   052E ED 52         [15] 1759 	sbc	hl, de
                           1760 ; common peephole 163 changed absolute to relative conditional jump.
   0530 28 11         [12] 1761 	jr	z, 00130$
                           1762 ; common peephole 81 removed jp by using inverse jump logic
   0532                    1763 00266$:
                           1764 ;	skipping generated iCode
                           1765 ;	skipping iCode since result will be rematerialized
                           1766 ;	skipping iCode since result will be rematerialized
                           1767 ;	skipping iCode since result will be rematerialized
                           1768 ;	skipping iCode since result will be rematerialized
                           1769 ;	skipping iCode since result will be rematerialized
                           1770 ;	skipping iCode since result will be rematerialized
                           1771 ;	genIpush
                           1772 ;	genMove_o size 2 result type 2 source type 1 a_dead 1 hl_dead 1 de_dead 1 iy_dead 1 f_dead 1
   0532 21 F4 00      [10] 1773 	ld	hl, #0x00f4
   0535 E5            [11] 1774 	push	hl
                           1775 ;	genIpush
                           1776 ;	genMove_o size 2 result type 2 source type 7 a_dead 1 hl_dead 1 de_dead 1 iy_dead 1 f_dead 1
   0536 21rB4s05      [10] 1777 	ld	hl, #___str_2
   0539 E5            [11] 1778 	push	hl
                           1779 ;	genSend
                           1780 ;	genMove_o size 2 result type 2 source type 7 a_dead 1 hl_dead 1 de_dead 1 iy_dead 1 f_dead 1
   053A 11rE4s07      [10] 1781 	ld	de, #___str_15
                           1782 ;	genSend
                           1783 ;	genMove_o size 2 result type 2 source type 7 a_dead 1 hl_dead 1 de_dead 0 iy_dead 1 f_dead 1
   053D 21r81s05      [10] 1784 	ld	hl, #___str_0
                           1785 ;	genCall
   0540 CDr00s00      [17] 1786 	call	___fail
                           1787 ;	genLabel
   0543                    1788 00130$:
                           1789 ;cases/rotate2/rotate2_size_32_andCase_2_xorLiteral_1_rotateLeft_1_structVar_1.c:245: ASSERT( rotate_test_5_xor2(u) == ROTATE_RESULT_XOR);
                           1790 ;	genPlus
                           1791 ;	genMove_o size 2 result type 2 source type 10 a_dead 1 hl_dead 1 de_dead 1 iy_dead 1 f_dead 1
   0543 2Ar00s00      [16] 1792 	ld	hl, (___numTests)
   0546 23            [ 6] 1793 	inc	hl
                           1794 ;	genMove_o size 2 result type 10 source type 2 a_dead 1 hl_dead 1 de_dead 1 iy_dead 1 f_dead 1
   0547 22r00s00      [16] 1795 	ld	(___numTests), hl
                           1796 ;	genSend
                           1797 ;	genMove_o size 4 result type 2 source type 6 a_dead 1 hl_dead 1 de_dead 1 iy_dead 1 f_dead 1
   054A DD 5E FC      [19] 1798 	ld	e, -4 (ix)
   054D DD 56 FD      [19] 1799 	ld	d, -3 (ix)
   0550 DD 6E FE      [19] 1800 	ld	l, -2 (ix)
   0553 DD 66 FF      [19] 1801 	ld	h, -1 (ix)
                           1802 ;	genMove_o size 0 result type 2 source type 1 a_dead 1 hl_dead 1 de_dead 1 iy_dead 1 f_dead 1
                           1803 ;	genCall
   0556 CDrD8s01      [17] 1804 	call	_rotate_test_5_xor2
                           1805 ;	genMove_o size 4 result type 2 source type 2 a_dead 1 hl_dead 1 de_dead 1 iy_dead 1 f_dead 1
                           1806 ;	genCmpEq
                           1807 ;	genMove_o size 1 result type 2 source type 2 a_dead 1 hl_dead 0 de_dead 0 iy_dead 0 f_dead 1
   0559 7B            [ 4] 1808 	ld	a, e
                           1809 ;	genMove_o size 0 result type 2 source type 1 a_dead 1 hl_dead 0 de_dead 0 iy_dead 0 f_dead 1
   055A D6 F6         [ 7] 1810 	sub	a, #0xf6
                           1811 ; common peephole 163 changed absolute to relative conditional jump.
   055C 20 0D         [12] 1812 	jr	nz, 00267$
                           1813 ;	genMove_o size 1 result type 2 source type 2 a_dead 1 hl_dead 0 de_dead 0 iy_dead 0 f_dead 1
   055E 7A            [ 4] 1814 	ld	a, d
                           1815 ;	genMove_o size 0 result type 2 source type 1 a_dead 1 hl_dead 0 de_dead 0 iy_dead 0 f_dead 1
   055F D6 36         [ 7] 1816 	sub	a, #0x36
                           1817 ; common peephole 163 changed absolute to relative conditional jump.
   0561 20 08         [12] 1818 	jr	nz, 00267$
   0563 11 AF 26      [10] 1819 	ld	de, #0x26af
   0566 BF            [ 4] 1820 	cp	a, a
   0567 ED 52         [15] 1821 	sbc	hl, de
                           1822 ; common peephole 163 changed absolute to relative conditional jump.
   0569 28 11         [12] 1823 	jr	z, 00101$
                           1824 ; common peephole 81 removed jp by using inverse jump logic
   056B                    1825 00267$:
                           1826 ;	skipping generated iCode
                           1827 ;	skipping iCode since result will be rematerialized
                           1828 ;	skipping iCode since result will be rematerialized
                           1829 ;	skipping iCode since result will be rematerialized
                           1830 ;	skipping iCode since result will be rematerialized
                           1831 ;	skipping iCode since result will be rematerialized
                           1832 ;	skipping iCode since result will be rematerialized
                           1833 ;	genIpush
                           1834 ;	genMove_o size 2 result type 2 source type 1 a_dead 1 hl_dead 1 de_dead 1 iy_dead 1 f_dead 1
   056B 21 F5 00      [10] 1835 	ld	hl, #0x00f5
   056E E5            [11] 1836 	push	hl
                           1837 ;	genIpush
                           1838 ;	genMove_o size 2 result type 2 source type 7 a_dead 1 hl_dead 1 de_dead 1 iy_dead 1 f_dead 1
   056F 21rB4s05      [10] 1839 	ld	hl, #___str_2
   0572 E5            [11] 1840 	push	hl
                           1841 ;	genSend
                           1842 ;	genMove_o size 2 result type 2 source type 7 a_dead 1 hl_dead 1 de_dead 1 iy_dead 1 f_dead 1
   0573 11r0Fs08      [10] 1843 	ld	de, #___str_16
                           1844 ;	genSend
                           1845 ;	genMove_o size 2 result type 2 source type 7 a_dead 1 hl_dead 1 de_dead 0 iy_dead 1 f_dead 1
   0576 21r81s05      [10] 1846 	ld	hl, #___str_0
                           1847 ;	genCall
   0579 CDr00s00      [17] 1848 	call	___fail
                           1849 ;	genLabel
   057C                    1850 00101$:
                           1851 ;cases/rotate2/rotate2_size_32_andCase_2_xorLiteral_1_rotateLeft_1_structVar_1.c:248: }
                           1852 ;	genEndFunction
   057C DD F9         [10] 1853 	ld	sp, ix
   057E DD E1         [14] 1854 	pop	ix
   0580 C9            [10] 1855 	ret
                           1856 ;	Total testSwaps function size at codegen: 18 bytes.
   0581                    1857 ___str_0:
   0581 41 73 73 65 72 74  1858 	.ascii "Assertion failed"
        69 6F 6E 20 66 61
        69 6C 65 64
   0591 00                 1859 	.db 0x00
   0592                    1860 ___str_1:
   0592 72 6F 74 61 74 65  1861 	.ascii "rotate_test_1(u) == ROTATE_RESULT"
        5F 74 65 73 74 5F
        31 28 75 29 20 3D
        3D 20 52 4F 54 41
        54 45 5F 52 45 53
        55 4C 54
   05B3 00                 1862 	.db 0x00
   05B4                    1863 ___str_2:
   05B4 63 61 73 65 73 2F  1864 	.ascii "cases/rotate2/rotate2_size_32_andCase_2_xorLiteral_1_rotateL"
        72 6F 74 61 74 65
        32 2F 72 6F 74 61
        74 65 32 5F 73 69
        7A 65 5F 33 32 5F
        61 6E 64 43 61 73
        65 5F 32 5F 78 6F
        72 4C 69 74 65 72
        61 6C 5F 31 5F 72
        6F 74 61 74 65 4C
   05F0 65 66 74 5F 31 5F  1865 	.ascii "eft_1_structVar_1.c"
        73 74 72 75 63 74
        56 61 72 5F 31 2E
        63
   0603 00                 1866 	.db 0x00
   0604                    1867 ___str_3:
   0604 72 6F 74 61 74 65  1868 	.ascii "rotate_test_1_xor1(u) == ROTATE_RESULT_XOR"
        5F 74 65 73 74 5F
        31 5F 78 6F 72 31
        28 75 29 20 3D 3D
        20 52 4F 54 41 54
        45 5F 52 45 53 55
        4C 54 5F 58 4F 52
   062E 00                 1869 	.db 0x00
   062F                    1870 ___str_4:
   062F 72 6F 74 61 74 65  1871 	.ascii "rotate_test_1_xor2(u) == ROTATE_RESULT_XOR"
        5F 74 65 73 74 5F
        31 5F 78 6F 72 32
        28 75 29 20 3D 3D
        20 52 4F 54 41 54
        45 5F 52 45 53 55
        4C 54 5F 58 4F 52
   0659 00                 1872 	.db 0x00
   065A                    1873 ___str_5:
   065A 72 6F 74 61 74 65  1874 	.ascii "rotate_test_2(u) == ROTATE_RESULT"
        5F 74 65 73 74 5F
        32 28 75 29 20 3D
        3D 20 52 4F 54 41
        54 45 5F 52 45 53
        55 4C 54
   067B 00                 1875 	.db 0x00
   067C                    1876 ___str_6:
   067C 72 6F 74 61 74 65  1877 	.ascii "rotate_test_2_xor1(u) == ROTATE_RESULT_XOR"
        5F 74 65 73 74 5F
        32 5F 78 6F 72 31
        28 75 29 20 3D 3D
        20 52 4F 54 41 54
        45 5F 52 45 53 55
        4C 54 5F 58 4F 52
   06A6 00                 1878 	.db 0x00
   06A7                    1879 ___str_7:
   06A7 72 6F 74 61 74 65  1880 	.ascii "rotate_test_2_xor2(u) == ROTATE_RESULT_XOR"
        5F 74 65 73 74 5F
        32 5F 78 6F 72 32
        28 75 29 20 3D 3D
        20 52 4F 54 41 54
        45 5F 52 45 53 55
        4C 54 5F 58 4F 52
   06D1 00                 1881 	.db 0x00
   06D2                    1882 ___str_8:
   06D2 72 6F 74 61 74 65  1883 	.ascii "rotate_test_3(u) == ROTATE_RESULT"
        5F 74 65 73 74 5F
        33 28 75 29 20 3D
        3D 20 52 4F 54 41
        54 45 5F 52 45 53
        55 4C 54
   06F3 00                 1884 	.db 0x00
   06F4                    1885 ___str_9:
   06F4 72 6F 74 61 74 65  1886 	.ascii "rotate_test_3_xor1(u) == ROTATE_RESULT_XOR"
        5F 74 65 73 74 5F
        33 5F 78 6F 72 31
        28 75 29 20 3D 3D
        20 52 4F 54 41 54
        45 5F 52 45 53 55
        4C 54 5F 58 4F 52
   071E 00                 1887 	.db 0x00
   071F                    1888 ___str_10:
   071F 72 6F 74 61 74 65  1889 	.ascii "rotate_test_3_xor2(u) == ROTATE_RESULT_XOR"
        5F 74 65 73 74 5F
        33 5F 78 6F 72 32
        28 75 29 20 3D 3D
        20 52 4F 54 41 54
        45 5F 52 45 53 55
        4C 54 5F 58 4F 52
   0749 00                 1890 	.db 0x00
   074A                    1891 ___str_11:
   074A 72 6F 74 61 74 65  1892 	.ascii "rotate_test_4(u) == ROTATE_RESULT"
        5F 74 65 73 74 5F
        34 28 75 29 20 3D
        3D 20 52 4F 54 41
        54 45 5F 52 45 53
        55 4C 54
   076B 00                 1893 	.db 0x00
   076C                    1894 ___str_12:
   076C 72 6F 74 61 74 65  1895 	.ascii "rotate_test_4_xor1(u) == ROTATE_RESULT_XOR"
        5F 74 65 73 74 5F
        34 5F 78 6F 72 31
        28 75 29 20 3D 3D
        20 52 4F 54 41 54
        45 5F 52 45 53 55
        4C 54 5F 58 4F 52
   0796 00                 1896 	.db 0x00
   0797                    1897 ___str_13:
   0797 72 6F 74 61 74 65  1898 	.ascii "rotate_test_4_xor2(u) == ROTATE_RESULT_XOR"
        5F 74 65 73 74 5F
        34 5F 78 6F 72 32
        28 75 29 20 3D 3D
        20 52 4F 54 41 54
        45 5F 52 45 53 55
        4C 54 5F 58 4F 52
   07C1 00                 1899 	.db 0x00
   07C2                    1900 ___str_14:
   07C2 72 6F 74 61 74 65  1901 	.ascii "rotate_test_5(u) == ROTATE_RESULT"
        5F 74 65 73 74 5F
        35 28 75 29 20 3D
        3D 20 52 4F 54 41
        54 45 5F 52 45 53
        55 4C 54
   07E3 00                 1902 	.db 0x00
   07E4                    1903 ___str_15:
   07E4 72 6F 74 61 74 65  1904 	.ascii "rotate_test_5_xor1(u) == ROTATE_RESULT_XOR"
        5F 74 65 73 74 5F
        35 5F 78 6F 72 31
        28 75 29 20 3D 3D
        20 52 4F 54 41 54
        45 5F 52 45 53 55
        4C 54 5F 58 4F 52
   080E 00                 1905 	.db 0x00
   080F                    1906 ___str_16:
   080F 72 6F 74 61 74 65  1907 	.ascii "rotate_test_5_xor2(u) == ROTATE_RESULT_XOR"
        5F 74 65 73 74 5F
        35 5F 78 6F 72 32
        28 75 29 20 3D 3D
        20 52 4F 54 41 54
        45 5F 52 45 53 55
        4C 54 5F 58 4F 52
   0839 00                 1908 	.db 0x00
                           1909 ;cases/rotate2/rotate2_size_32_andCase_2_xorLiteral_1_rotateLeft_1_structVar_1.c:252: __runSuite(void)
                           1910 ;	genLabel
                           1911 ;	genFunction
                           1912 ;	---------------------------------
                           1913 ; Function __runSuite
                           1914 ; ---------------------------------
                           1915 ;	Register assignment is optimal.
                           1916 ; Stack space usage: 0 bytes.
   083A                    1917 ___runSuite::
                           1918 ;cases/rotate2/rotate2_size_32_andCase_2_xorLiteral_1_rotateLeft_1_structVar_1.c:254: __prints("Running testSwaps\n");
                           1919 ;	skipping iCode since result will be rematerialized
                           1920 ;	skipping iCode since result will be rematerialized
                           1921 ;	genSend
                           1922 ;	genMove_o size 2 result type 2 source type 7 a_dead 1 hl_dead 1 de_dead 1 iy_dead 1 f_dead 1
   083A 21r43s08      [10] 1923 	ld	hl, #___str_17
                           1924 ;	genCall
   083D CDr00s00      [17] 1925 	call	___prints
                           1926 ;cases/rotate2/rotate2_size_32_andCase_2_xorLiteral_1_rotateLeft_1_structVar_1.c:255: testSwaps();
                           1927 ;	genCall
                           1928 ;	genLabel
                           1929 ; common peephole 159 removed unused label 00101$.
                           1930 ;cases/rotate2/rotate2_size_32_andCase_2_xorLiteral_1_rotateLeft_1_structVar_1.c:256: }
                           1931 ;	genEndFunction
   0840 C3rFAs01      [10] 1932 	jp	_testSwaps
                           1933 ; common peephole 152 removed unused ret.
                           1934 ;	Total __runSuite function size at codegen: 1 bytes.
   0843                    1935 ___str_17:
   0843 52 75 6E 6E 69 6E  1936 	.ascii "Running testSwaps"
        67 20 74 65 73 74
        53 77 61 70 73
   0854 0A                 1937 	.db 0x0a
   0855 00                 1938 	.db 0x00
                           1939 ;cases/rotate2/rotate2_size_32_andCase_2_xorLiteral_1_rotateLeft_1_structVar_1.c:261: __getSuiteName(void)
                           1940 ;	genLabel
                           1941 ;	genFunction
                           1942 ;	---------------------------------
                           1943 ; Function __getSuiteName
                           1944 ; ---------------------------------
                           1945 ;	Register assignment is optimal.
                           1946 ; Stack space usage: 0 bytes.
   0856                    1947 ___getSuiteName::
                           1948 ;cases/rotate2/rotate2_size_32_andCase_2_xorLiteral_1_rotateLeft_1_structVar_1.c:263: return "rotate2_size_32_andCase_2_xorLiteral_1_rotateLeft_1_structVar_1";
                           1949 ;	skipping iCode since result will be rematerialized
                           1950 ;	skipping iCode since result will be rematerialized
                           1951 ;	genRet
                           1952 ;	genMove_o size 2 result type 2 source type 7 a_dead 1 hl_dead 1 de_dead 1 iy_dead 1 f_dead 1
   0856 11r5Cs08      [10] 1953 	ld	de, #___str_18
                           1954 ;	genLabel
                           1955 ; common peephole 159 removed unused label 00101$.
                           1956 ;cases/rotate2/rotate2_size_32_andCase_2_xorLiteral_1_rotateLeft_1_structVar_1.c:264: }
                           1957 ;	genEndFunction
   0859 C9            [10] 1958 	ret
                           1959 ;	Total __getSuiteName function size at codegen: 1 bytes.
   085A                    1960 ___numCases:
   085A 01 00              1961 	.dw #0x0001
   085C                    1962 ___str_18:
   085C 72 6F 74 61 74 65  1963 	.ascii "rotate2_size_32_andCase_2_xorLiteral_1_rotateLeft_1_structVa"
        32 5F 73 69 7A 65
        5F 33 32 5F 61 6E
        64 43 61 73 65 5F
        32 5F 78 6F 72 4C
        69 74 65 72 61 6C
        5F 31 5F 72 6F 74
        61 74 65 4C 65 66
        74 5F 31 5F 73 74
        72 75 63 74 56 61
   0898 72 5F 31           1964 	.ascii "r_1"
   089B 00                 1965 	.db 0x00
                           1966 	.area _CODE (BANK=_CSEG)
                           1967 	.area _INITIALIZER
                           1968 	.area _CABS (ABS)
