                              1 ;--------------------------------------------------------
                              2 ; File Created by SDCC : free open source ISO C Compiler
                              3 ; Version 4.6.2 #16710 (Linux)
                              4 ;--------------------------------------------------------
                              5 	.module rotate2_size_8_andCase_2_xorLiteral_0_rotateLeft_0_structVar_0
                              6 	
                              7 ;--------------------------------------------------------
                              8 ; Public variables in this module
                              9 ;--------------------------------------------------------
                             10 	.globl _rotate_test_5_xor2
                             11 	.globl _rotate_test_5_xor1
                             12 	.globl _rotate_test_5
                             13 	.globl _rotate_test_load
                             14 	.globl _rotate_test_4_xor2
                             15 	.globl _rotate_test_4_xor1
                             16 	.globl _rotate_test_4
                             17 	.globl _rotate_test_3_xor2
                             18 	.globl _rotate_test_3_xor1
                             19 	.globl _rotate_test_3
                             20 	.globl _rotate_test_2_xor2
                             21 	.globl _rotate_test_2_xor1
                             22 	.globl _rotate_test_2
                             23 	.globl _rotate_test_1_xor2
                             24 	.globl _rotate_test_1_xor1
                             25 	.globl _rotate_test_1
                             26 	.globl ___prints
                             27 	.globl ___fail
                             28 	.globl _rotate_test_value_xor
                             29 	.globl _rotate_test_value
                             30 	.globl ___numCases
                             31 	.globl ___runSuite
                             32 	.globl ___getSuiteName
                             33 ;--------------------------------------------------------
                             34 ; special function registers
                             35 ;--------------------------------------------------------
                             36 ;--------------------------------------------------------
                             37 ; ram data
                             38 ;--------------------------------------------------------
                             39 	.area _DATA (BANK=_DSEG)
   0000                      40 _rotate_test_value::
   0000                      41 	.ds 1
                             42 ;--------------------------------------------------------
                             43 ; ram data
                             44 ;--------------------------------------------------------
                             45 	.area _INITIALIZED
   0000                      46 _rotate_test_value_xor::
   0000                      47 	.ds 1
                             48 ;--------------------------------------------------------
                             49 ; absolute ram data
                             50 ;--------------------------------------------------------
                             51 	.area _DABS (ABS)
                             52 	.area _DABS (ABS)
                             53 ;--------------------------------------------------------
                             54 ; global & static initialisations
                             55 ;--------------------------------------------------------
                             56 	.area _HOME
                             57 	.area _GSINIT
                             58 	.area _GSFINAL
                             59 	.area _GSINIT
                             60 ;--------------------------------------------------------
                             61 ; Home
                             62 ;--------------------------------------------------------
                             63 	.area _HOME (BANK=_CSEG)
                             64 	.area _HOME (BANK=_CSEG)
                             65 ;--------------------------------------------------------
                             66 ; code
                             67 ;--------------------------------------------------------
                             68 	.area _CODE (BANK=_CSEG)
                             69 ;cases/rotate2/rotate2_size_8_andCase_2_xorLiteral_0_rotateLeft_0_structVar_0.c:109: TYPE rotate_test_1(TYPE value)
                             70 ;	genLabel
                             71 ;	genFunction
                             72 ;	---------------------------------
                             73 ; Function rotate_test_1
                             74 ; ---------------------------------
                             75 ;	Register assignment is optimal.
                             76 ; Stack space usage: 0 bytes.
   0000                      77 _rotate_test_1::
                             78 ;	genReceive
                             79 ;	genMove_o size 1 result type 2 source type 2 a_dead 1 hl_dead 1 de_dead 1 iy_dead 1 f_dead 1
                             80 ;cases/rotate2/rotate2_size_8_andCase_2_xorLiteral_0_rotateLeft_0_structVar_0.c:111: return ((value << SHIFT_L) | (value >> SHIFT_R)) AND_OPERATION;
                             81 ;	genRot
   0000 07            [ 4]   82 	rlca
   0001 07            [ 4]   83 	rlca
   0002 07            [ 4]   84 	rlca
   0003 07            [ 4]   85 	rlca
                             86 ;	genAnd
   0004 CB 87         [ 8]   87 	res	0, a
                             88 ;	genRet
                             89 ;	genMove_o size 1 result type 2 source type 2 a_dead 1 hl_dead 1 de_dead 1 iy_dead 1 f_dead 1
                             90 ;	genLabel
                             91 ; common peephole 159 removed unused label 00101$.
                             92 ;cases/rotate2/rotate2_size_8_andCase_2_xorLiteral_0_rotateLeft_0_structVar_0.c:112: }
                             93 ;	genEndFunction
   0006 C9            [10]   94 	ret
                             95 ;	Total rotate_test_1 function size at codegen: 1 bytes.
                             96 ;cases/rotate2/rotate2_size_8_andCase_2_xorLiteral_0_rotateLeft_0_structVar_0.c:114: TYPE rotate_test_1_xor1(TYPE value)
                             97 ;	genLabel
                             98 ;	genFunction
                             99 ;	---------------------------------
                            100 ; Function rotate_test_1_xor1
                            101 ; ---------------------------------
                            102 ;	Register assignment is optimal.
                            103 ; Stack space usage: 0 bytes.
   0007                     104 _rotate_test_1_xor1::
                            105 ;	genReceive
                            106 ;	genMove_o size 1 result type 2 source type 2 a_dead 1 hl_dead 1 de_dead 1 iy_dead 1 f_dead 1
                            107 ;cases/rotate2/rotate2_size_8_andCase_2_xorLiteral_0_rotateLeft_0_structVar_0.c:116: value = value ^ rotate_test_value_xor;
                            108 ;	genXor
                            109 ; common peephole 54 used hl instead of iy.
                            110 ; common peephole 130a removed unnecessary +0 from constant
   0007 21r00s00      [10]  111 	ld	hl, #_rotate_test_value_xor
   000A AE            [ 7]  112 	xor	a, (hl)
                            113 ;	genMove_o size 1 result type 2 source type 2 a_dead 1 hl_dead 1 de_dead 1 iy_dead 1 f_dead 1
                            114 ;cases/rotate2/rotate2_size_8_andCase_2_xorLiteral_0_rotateLeft_0_structVar_0.c:117: return ((value << SHIFT_L) | (value >> SHIFT_R)) AND_OPERATION;
                            115 ;	genRot
   000B 07            [ 4]  116 	rlca
   000C 07            [ 4]  117 	rlca
   000D 07            [ 4]  118 	rlca
   000E 07            [ 4]  119 	rlca
                            120 ;	genAnd
   000F CB 87         [ 8]  121 	res	0, a
                            122 ;	genRet
                            123 ;	genMove_o size 1 result type 2 source type 2 a_dead 1 hl_dead 1 de_dead 1 iy_dead 1 f_dead 1
                            124 ;	genLabel
                            125 ; common peephole 159 removed unused label 00101$.
                            126 ;cases/rotate2/rotate2_size_8_andCase_2_xorLiteral_0_rotateLeft_0_structVar_0.c:118: }
                            127 ;	genEndFunction
   0011 C9            [10]  128 	ret
                            129 ;	Total rotate_test_1_xor1 function size at codegen: 1 bytes.
                            130 ;cases/rotate2/rotate2_size_8_andCase_2_xorLiteral_0_rotateLeft_0_structVar_0.c:120: TYPE rotate_test_1_xor2(TYPE value)
                            131 ;	genLabel
                            132 ;	genFunction
                            133 ;	---------------------------------
                            134 ; Function rotate_test_1_xor2
                            135 ; ---------------------------------
                            136 ;	Register assignment might be sub-optimal.
                            137 ; Stack space usage: 0 bytes.
   0012                     138 _rotate_test_1_xor2::
                            139 ;	genReceive
                            140 ;	genMove_o size 1 result type 2 source type 2 a_dead 1 hl_dead 1 de_dead 1 iy_dead 1 f_dead 1
                            141 ;cases/rotate2/rotate2_size_8_andCase_2_xorLiteral_0_rotateLeft_0_structVar_0.c:122: return (((value ^ rotate_test_value_xor) << SHIFT_L) | ((value ^ rotate_test_value_xor) >> SHIFT_R)) AND_OPERATION;
                            142 ;	genXor
   0012 F5            [11]  143 	push	af
   0013 FD 21r00s00   [14]  144 	ld	iy, #_rotate_test_value_xor
   0017 FD AE 00      [19]  145 	xor	a, 0 (iy)
                            146 ;	genMove_o size 1 result type 2 source type 2 a_dead 1 hl_dead 1 de_dead 1 iy_dead 1 f_dead 1
   001A 6F            [ 4]  147 	ld	l, a
                            148 ;	genMove_o size 0 result type 2 source type 1 a_dead 1 hl_dead 1 de_dead 1 iy_dead 1 f_dead 1
   001B F1            [10]  149 	pop	af
                            150 ;	genLeftShift
   001C 29            [11]  151 	add	hl, hl
   001D 29            [11]  152 	add	hl, hl
   001E 29            [11]  153 	add	hl, hl
   001F 29            [11]  154 	add	hl, hl
                            155 ;	genXor
   0020 FD AE 00      [19]  156 	xor	a, 0 (iy)
                            157 ;	genMove_o size 1 result type 2 source type 2 a_dead 1 hl_dead 0 de_dead 1 iy_dead 1 f_dead 1
                            158 ;	genRightShift
   0023 07            [ 4]  159 	rlca
   0024 07            [ 4]  160 	rlca
   0025 07            [ 4]  161 	rlca
   0026 07            [ 4]  162 	rlca
   0027 E6 0F         [ 7]  163 	and	a, #0x0f
                            164 ;	genOr
   0029 B5            [ 4]  165 	or	a, l
                            166 ;	genMove_o size 1 result type 2 source type 2 a_dead 1 hl_dead 1 de_dead 1 iy_dead 1 f_dead 1
                            167 ;	genAnd
   002A CB 87         [ 8]  168 	res	0, a
                            169 ;	genRet
                            170 ;	genMove_o size 1 result type 2 source type 2 a_dead 1 hl_dead 1 de_dead 1 iy_dead 1 f_dead 1
                            171 ;	genLabel
                            172 ; common peephole 159 removed unused label 00101$.
                            173 ;cases/rotate2/rotate2_size_8_andCase_2_xorLiteral_0_rotateLeft_0_structVar_0.c:123: }
                            174 ;	genEndFunction
   002C C9            [10]  175 	ret
                            176 ;	Total rotate_test_1_xor2 function size at codegen: 1 bytes.
                            177 ;cases/rotate2/rotate2_size_8_andCase_2_xorLiteral_0_rotateLeft_0_structVar_0.c:127: TYPE rotate_test_2(TYPE value)
                            178 ;	genLabel
                            179 ;	genFunction
                            180 ;	---------------------------------
                            181 ; Function rotate_test_2
                            182 ; ---------------------------------
                            183 ;	Register assignment is optimal.
                            184 ; Stack space usage: 0 bytes.
   002D                     185 _rotate_test_2::
                            186 ;	genReceive
                            187 ;	genMove_o size 1 result type 2 source type 2 a_dead 1 hl_dead 1 de_dead 1 iy_dead 1 f_dead 1
                            188 ;cases/rotate2/rotate2_size_8_andCase_2_xorLiteral_0_rotateLeft_0_structVar_0.c:130: return ((value2 << SHIFT_L) | (value2 >> SHIFT_R)) AND_OPERATION;
                            189 ;	genRot
   002D 07            [ 4]  190 	rlca
   002E 07            [ 4]  191 	rlca
   002F 07            [ 4]  192 	rlca
   0030 07            [ 4]  193 	rlca
                            194 ;	genAnd
   0031 CB 87         [ 8]  195 	res	0, a
                            196 ;	genRet
                            197 ;	genMove_o size 1 result type 2 source type 2 a_dead 1 hl_dead 1 de_dead 1 iy_dead 1 f_dead 1
                            198 ;	genLabel
                            199 ; common peephole 159 removed unused label 00101$.
                            200 ;cases/rotate2/rotate2_size_8_andCase_2_xorLiteral_0_rotateLeft_0_structVar_0.c:131: }
                            201 ;	genEndFunction
   0033 C9            [10]  202 	ret
                            203 ;	Total rotate_test_2 function size at codegen: 1 bytes.
                            204 ;cases/rotate2/rotate2_size_8_andCase_2_xorLiteral_0_rotateLeft_0_structVar_0.c:133: TYPE rotate_test_2_xor1(TYPE value)
                            205 ;	genLabel
                            206 ;	genFunction
                            207 ;	---------------------------------
                            208 ; Function rotate_test_2_xor1
                            209 ; ---------------------------------
                            210 ;	Register assignment is optimal.
                            211 ; Stack space usage: 0 bytes.
   0034                     212 _rotate_test_2_xor1::
                            213 ;	genReceive
                            214 ;	genMove_o size 1 result type 2 source type 2 a_dead 1 hl_dead 1 de_dead 1 iy_dead 1 f_dead 1
                            215 ;cases/rotate2/rotate2_size_8_andCase_2_xorLiteral_0_rotateLeft_0_structVar_0.c:135: TYPE value2 = value ^ rotate_test_value_xor;
                            216 ;	genXor
                            217 ; common peephole 54 used hl instead of iy.
                            218 ; common peephole 130a removed unnecessary +0 from constant
   0034 21r00s00      [10]  219 	ld	hl, #_rotate_test_value_xor
   0037 AE            [ 7]  220 	xor	a, (hl)
                            221 ;	genMove_o size 1 result type 2 source type 2 a_dead 1 hl_dead 1 de_dead 1 iy_dead 1 f_dead 1
                            222 ;cases/rotate2/rotate2_size_8_andCase_2_xorLiteral_0_rotateLeft_0_structVar_0.c:136: return ((value2 << SHIFT_L) | (value2 >> SHIFT_R)) AND_OPERATION;
                            223 ;	genRot
   0038 07            [ 4]  224 	rlca
   0039 07            [ 4]  225 	rlca
   003A 07            [ 4]  226 	rlca
   003B 07            [ 4]  227 	rlca
                            228 ;	genAnd
   003C CB 87         [ 8]  229 	res	0, a
                            230 ;	genRet
                            231 ;	genMove_o size 1 result type 2 source type 2 a_dead 1 hl_dead 1 de_dead 1 iy_dead 1 f_dead 1
                            232 ;	genLabel
                            233 ; common peephole 159 removed unused label 00101$.
                            234 ;cases/rotate2/rotate2_size_8_andCase_2_xorLiteral_0_rotateLeft_0_structVar_0.c:137: }
                            235 ;	genEndFunction
   003E C9            [10]  236 	ret
                            237 ;	Total rotate_test_2_xor1 function size at codegen: 1 bytes.
                            238 ;cases/rotate2/rotate2_size_8_andCase_2_xorLiteral_0_rotateLeft_0_structVar_0.c:139: TYPE rotate_test_2_xor2(TYPE value)
                            239 ;	genLabel
                            240 ;	genFunction
                            241 ;	---------------------------------
                            242 ; Function rotate_test_2_xor2
                            243 ; ---------------------------------
                            244 ;	Register assignment might be sub-optimal.
                            245 ; Stack space usage: 0 bytes.
   003F                     246 _rotate_test_2_xor2::
                            247 ;	genReceive
                            248 ;	genMove_o size 1 result type 2 source type 2 a_dead 1 hl_dead 1 de_dead 1 iy_dead 1 f_dead 1
                            249 ;cases/rotate2/rotate2_size_8_andCase_2_xorLiteral_0_rotateLeft_0_structVar_0.c:142: return (((value2 ^ rotate_test_value_xor) << SHIFT_L) | ((value2 ^ rotate_test_value_xor) >> SHIFT_R)) AND_OPERATION;
                            250 ;	genXor
   003F F5            [11]  251 	push	af
   0040 FD 21r00s00   [14]  252 	ld	iy, #_rotate_test_value_xor
   0044 FD AE 00      [19]  253 	xor	a, 0 (iy)
                            254 ;	genMove_o size 1 result type 2 source type 2 a_dead 1 hl_dead 1 de_dead 1 iy_dead 1 f_dead 1
   0047 6F            [ 4]  255 	ld	l, a
                            256 ;	genMove_o size 0 result type 2 source type 1 a_dead 1 hl_dead 1 de_dead 1 iy_dead 1 f_dead 1
   0048 F1            [10]  257 	pop	af
                            258 ;	genLeftShift
   0049 29            [11]  259 	add	hl, hl
   004A 29            [11]  260 	add	hl, hl
   004B 29            [11]  261 	add	hl, hl
   004C 29            [11]  262 	add	hl, hl
                            263 ;	genXor
   004D FD AE 00      [19]  264 	xor	a, 0 (iy)
                            265 ;	genMove_o size 1 result type 2 source type 2 a_dead 1 hl_dead 0 de_dead 1 iy_dead 1 f_dead 1
                            266 ;	genRightShift
   0050 07            [ 4]  267 	rlca
   0051 07            [ 4]  268 	rlca
   0052 07            [ 4]  269 	rlca
   0053 07            [ 4]  270 	rlca
   0054 E6 0F         [ 7]  271 	and	a, #0x0f
                            272 ;	genOr
   0056 B5            [ 4]  273 	or	a, l
                            274 ;	genMove_o size 1 result type 2 source type 2 a_dead 1 hl_dead 1 de_dead 1 iy_dead 1 f_dead 1
                            275 ;	genAnd
   0057 CB 87         [ 8]  276 	res	0, a
                            277 ;	genRet
                            278 ;	genMove_o size 1 result type 2 source type 2 a_dead 1 hl_dead 1 de_dead 1 iy_dead 1 f_dead 1
                            279 ;	genLabel
                            280 ; common peephole 159 removed unused label 00101$.
                            281 ;cases/rotate2/rotate2_size_8_andCase_2_xorLiteral_0_rotateLeft_0_structVar_0.c:143: }
                            282 ;	genEndFunction
   0059 C9            [10]  283 	ret
                            284 ;	Total rotate_test_2_xor2 function size at codegen: 1 bytes.
                            285 ;cases/rotate2/rotate2_size_8_andCase_2_xorLiteral_0_rotateLeft_0_structVar_0.c:145: TYPE rotate_test_3(TYPE value)
                            286 ;	genLabel
                            287 ;	genFunction
                            288 ;	---------------------------------
                            289 ; Function rotate_test_3
                            290 ; ---------------------------------
                            291 ;	Register assignment is optimal.
                            292 ; Stack space usage: 1 bytes.
   005A                     293 _rotate_test_3::
                            294 ;	adjustStack by -1
   005A 3B            [ 6]  295 	dec	sp
                            296 ;	genReceive
                            297 ;	genMove_o size 1 result type 12 source type 2 a_dead 1 hl_dead 1 de_dead 1 iy_dead 1 f_dead 1
   005B FD 21 00 00   [14]  298 	ld	iy, #0
   005F FD 39         [15]  299 	add	iy, sp
                            300 ;	genMove_o size 0 result type 12 source type 1 a_dead 1 hl_dead 1 de_dead 1 iy_dead 1 f_dead 1
                            301 ;cases/rotate2/rotate2_size_8_andCase_2_xorLiteral_0_rotateLeft_0_structVar_0.c:148: value2 = ((value2 << SHIFT_L) | (value2 >> SHIFT_R)) AND_OPERATION;
                            302 ;	genRot
                            303 ; common peephole 33 loaded a from a instead of going through 0 (iy).
   0061 FD 77 00      [19]  304 	ld	0 (iy), a
                            305 ; common peephole 0a removed redundant load from a into a.
   0064 07            [ 4]  306 	rlca
   0065 07            [ 4]  307 	rlca
   0066 07            [ 4]  308 	rlca
   0067 07            [ 4]  309 	rlca
                            310 ;	genDummyRead
                            311 ; common peephole 7 removed dead load from 0 (iy) into a.
                            312 ;	genAnd
                            313 ; common peephole 9 loaded a from a directly instead of going through c.
                            314 ; common peephole 0a removed redundant load from a into a.
   0068 E6 FE         [ 7]  315 	and	a, #0xfe
                            316 ;	genMove_o size 1 result type 12 source type 2 a_dead 1 hl_dead 1 de_dead 1 iy_dead 1 f_dead 1
                            317 ;	genMove_o size 0 result type 12 source type 1 a_dead 1 hl_dead 1 de_dead 1 iy_dead 1 f_dead 1
                            318 ;cases/rotate2/rotate2_size_8_andCase_2_xorLiteral_0_rotateLeft_0_structVar_0.c:149: return value2;
                            319 ;	genRet
                            320 ;	genMove_o size 1 result type 2 source type 12 a_dead 1 hl_dead 1 de_dead 1 iy_dead 1 f_dead 1
                            321 ; common peephole 33 loaded a from a instead of going through 0 (iy).
   006A FD 77 00      [19]  322 	ld	0 (iy), a
                            323 ; common peephole 0a removed redundant load from a into a.
                            324 ;	genMove_o size 0 result type 2 source type 1 a_dead 1 hl_dead 1 de_dead 1 iy_dead 1 f_dead 1
                            325 ;	genLabel
                            326 ; common peephole 159 removed unused label 00101$.
                            327 ;cases/rotate2/rotate2_size_8_andCase_2_xorLiteral_0_rotateLeft_0_structVar_0.c:150: }
                            328 ;	genEndFunction
                            329 ;	adjustStack by 1
   006D 33            [ 6]  330 	inc	sp
   006E C9            [10]  331 	ret
                            332 ;	Total rotate_test_3 function size at codegen: 2 bytes.
                            333 ;cases/rotate2/rotate2_size_8_andCase_2_xorLiteral_0_rotateLeft_0_structVar_0.c:152: TYPE rotate_test_3_xor1(TYPE value)
                            334 ;	genLabel
                            335 ;	genFunction
                            336 ;	---------------------------------
                            337 ; Function rotate_test_3_xor1
                            338 ; ---------------------------------
                            339 ;	Register assignment is optimal.
                            340 ; Stack space usage: 1 bytes.
   006F                     341 _rotate_test_3_xor1::
                            342 ;	adjustStack by -1
   006F 3B            [ 6]  343 	dec	sp
                            344 ;	genReceive
                            345 ;	genMove_o size 1 result type 2 source type 2 a_dead 1 hl_dead 1 de_dead 1 iy_dead 1 f_dead 1
                            346 ;cases/rotate2/rotate2_size_8_andCase_2_xorLiteral_0_rotateLeft_0_structVar_0.c:154: volatile TYPE value2 = value ^ rotate_test_value_xor;
                            347 ;	genXor
                            348 ; common peephole 54 used hl instead of iy.
                            349 ; common peephole 130a removed unnecessary +0 from constant
   0070 21r00s00      [10]  350 	ld	hl, #_rotate_test_value_xor
   0073 AE            [ 7]  351 	xor	a, (hl)
                            352 ;	genMove_o size 1 result type 12 source type 2 a_dead 1 hl_dead 1 de_dead 1 iy_dead 1 f_dead 1
   0074 FD 21 00 00   [14]  353 	ld	iy, #0
   0078 FD 39         [15]  354 	add	iy, sp
                            355 ;	genMove_o size 0 result type 12 source type 1 a_dead 1 hl_dead 1 de_dead 1 iy_dead 1 f_dead 1
                            356 ;cases/rotate2/rotate2_size_8_andCase_2_xorLiteral_0_rotateLeft_0_structVar_0.c:155: value2 = ((value2 << SHIFT_L) | (value2 >> SHIFT_R)) AND_OPERATION;
                            357 ;	genRot
                            358 ; common peephole 33 loaded a from a instead of going through 0 (iy).
   007A FD 77 00      [19]  359 	ld	0 (iy), a
                            360 ; common peephole 0a removed redundant load from a into a.
   007D 07            [ 4]  361 	rlca
   007E 07            [ 4]  362 	rlca
   007F 07            [ 4]  363 	rlca
   0080 07            [ 4]  364 	rlca
                            365 ;	genDummyRead
                            366 ; common peephole 7 removed dead load from 0 (iy) into a.
                            367 ;	genAnd
                            368 ; common peephole 9 loaded a from a directly instead of going through c.
                            369 ; common peephole 0a removed redundant load from a into a.
   0081 E6 FE         [ 7]  370 	and	a, #0xfe
                            371 ;	genMove_o size 1 result type 12 source type 2 a_dead 1 hl_dead 1 de_dead 1 iy_dead 1 f_dead 1
                            372 ;	genMove_o size 0 result type 12 source type 1 a_dead 1 hl_dead 1 de_dead 1 iy_dead 1 f_dead 1
                            373 ;cases/rotate2/rotate2_size_8_andCase_2_xorLiteral_0_rotateLeft_0_structVar_0.c:156: return value2;
                            374 ;	genRet
                            375 ;	genMove_o size 1 result type 2 source type 12 a_dead 1 hl_dead 1 de_dead 1 iy_dead 1 f_dead 1
                            376 ; common peephole 33 loaded a from a instead of going through 0 (iy).
   0083 FD 77 00      [19]  377 	ld	0 (iy), a
                            378 ; common peephole 0a removed redundant load from a into a.
                            379 ;	genMove_o size 0 result type 2 source type 1 a_dead 1 hl_dead 1 de_dead 1 iy_dead 1 f_dead 1
                            380 ;	genLabel
                            381 ; common peephole 159 removed unused label 00101$.
                            382 ;cases/rotate2/rotate2_size_8_andCase_2_xorLiteral_0_rotateLeft_0_structVar_0.c:157: }
                            383 ;	genEndFunction
                            384 ;	adjustStack by 1
   0086 33            [ 6]  385 	inc	sp
   0087 C9            [10]  386 	ret
                            387 ;	Total rotate_test_3_xor1 function size at codegen: 2 bytes.
                            388 ;cases/rotate2/rotate2_size_8_andCase_2_xorLiteral_0_rotateLeft_0_structVar_0.c:159: TYPE rotate_test_3_xor2(TYPE value)
                            389 ;	genLabel
                            390 ;	genFunction
                            391 ;	---------------------------------
                            392 ; Function rotate_test_3_xor2
                            393 ; ---------------------------------
                            394 ;	Register assignment might be sub-optimal.
                            395 ; Stack space usage: 1 bytes.
   0088                     396 _rotate_test_3_xor2::
                            397 ;	adjustStack by -1
   0088 3B            [ 6]  398 	dec	sp
                            399 ;	genReceive
                            400 ;	genMove_o size 1 result type 12 source type 2 a_dead 1 hl_dead 1 de_dead 1 iy_dead 1 f_dead 1
   0089 FD 21 00 00   [14]  401 	ld	iy, #0
   008D FD 39         [15]  402 	add	iy, sp
                            403 ;	genMove_o size 0 result type 12 source type 1 a_dead 1 hl_dead 1 de_dead 1 iy_dead 1 f_dead 1
                            404 ;cases/rotate2/rotate2_size_8_andCase_2_xorLiteral_0_rotateLeft_0_structVar_0.c:162: value2 = (((value2 ^ rotate_test_value_xor) << SHIFT_L) | ((value2 ^ rotate_test_value_xor) >> SHIFT_R)) AND_OPERATION;
                            405 ;	genXor
                            406 ; common peephole 33 loaded a from a instead of going through 0 (iy).
   008F FD 77 00      [19]  407 	ld	0 (iy), a
                            408 ; common peephole 0a removed redundant load from a into a.
                            409 ; common peephole 54 used hl instead of iy.
                            410 ; common peephole 130a removed unnecessary +0 from constant
   0092 21r00s00      [10]  411 	ld	hl, #_rotate_test_value_xor
   0095 AE            [ 7]  412 	xor	a, (hl)
                            413 ;	genMove_o size 1 result type 2 source type 2 a_dead 1 hl_dead 1 de_dead 1 iy_dead 1 f_dead 1
                            414 ;	genLeftShift
   0096 87            [ 4]  415 	add	a, a
   0097 87            [ 4]  416 	add	a, a
   0098 87            [ 4]  417 	add	a, a
   0099 87            [ 4]  418 	add	a, a
   009A 4F            [ 4]  419 	ld	c, a
                            420 ;	genXor
                            421 ; common peephole 63 used hl instead of iy.
                            422 ; common peephole 130a removed unnecessary +0 from constant
   009B 21 00 00      [10]  423 	ld	hl, #0
   009E 39            [11]  424 	add	hl, sp
   009F 7E            [ 7]  425 	ld	a, (hl)
                            426 ; common peephole 54 used hl instead of iy.
                            427 ; common peephole 130a removed unnecessary +0 from constant
   00A0 21r00s00      [10]  428 	ld	hl, #_rotate_test_value_xor
   00A3 AE            [ 7]  429 	xor	a, (hl)
                            430 ;	genMove_o size 1 result type 2 source type 2 a_dead 1 hl_dead 1 de_dead 1 iy_dead 1 f_dead 1
                            431 ;	genRightShift
   00A4 07            [ 4]  432 	rlca
   00A5 07            [ 4]  433 	rlca
   00A6 07            [ 4]  434 	rlca
   00A7 07            [ 4]  435 	rlca
   00A8 E6 0F         [ 7]  436 	and	a, #0x0f
                            437 ;	genOr
   00AA B1            [ 4]  438 	or	a, c
                            439 ;	genMove_o size 1 result type 2 source type 2 a_dead 1 hl_dead 1 de_dead 1 iy_dead 1 f_dead 1
                            440 ;	genAnd
   00AB E6 FE         [ 7]  441 	and	a, #0xfe
                            442 ;	genMove_o size 1 result type 12 source type 2 a_dead 1 hl_dead 1 de_dead 1 iy_dead 1 f_dead 1
   00AD FD 21 00 00   [14]  443 	ld	iy, #0
   00B1 FD 39         [15]  444 	add	iy, sp
                            445 ;	genMove_o size 0 result type 12 source type 1 a_dead 1 hl_dead 1 de_dead 1 iy_dead 1 f_dead 1
                            446 ;cases/rotate2/rotate2_size_8_andCase_2_xorLiteral_0_rotateLeft_0_structVar_0.c:163: return value2;
                            447 ;	genRet
                            448 ;	genMove_o size 1 result type 2 source type 12 a_dead 1 hl_dead 1 de_dead 1 iy_dead 1 f_dead 1
                            449 ; common peephole 33 loaded a from a instead of going through 0 (iy).
   00B3 FD 77 00      [19]  450 	ld	0 (iy), a
                            451 ; common peephole 0a removed redundant load from a into a.
                            452 ;	genMove_o size 0 result type 2 source type 1 a_dead 1 hl_dead 1 de_dead 1 iy_dead 1 f_dead 1
                            453 ;	genLabel
                            454 ; common peephole 159 removed unused label 00101$.
                            455 ;cases/rotate2/rotate2_size_8_andCase_2_xorLiteral_0_rotateLeft_0_structVar_0.c:164: }
                            456 ;	genEndFunction
                            457 ;	adjustStack by 1
   00B6 33            [ 6]  458 	inc	sp
   00B7 C9            [10]  459 	ret
                            460 ;	Total rotate_test_3_xor2 function size at codegen: 2 bytes.
                            461 ;cases/rotate2/rotate2_size_8_andCase_2_xorLiteral_0_rotateLeft_0_structVar_0.c:168: TYPE rotate_test_4(TYPE value)
                            462 ;	genLabel
                            463 ;	genFunction
                            464 ;	---------------------------------
                            465 ; Function rotate_test_4
                            466 ; ---------------------------------
                            467 ;	Register assignment is optimal.
                            468 ; Stack space usage: 0 bytes.
   00B8                     469 _rotate_test_4::
                            470 ;	genReceive
                            471 ;	genMove_o size 1 result type 11 source type 2 a_dead 1 hl_dead 1 de_dead 1 iy_dead 1 f_dead 1
   00B8 21r00s00      [10]  472 	ld	hl, #_rotate_test_value
   00BB 77            [ 7]  473 	ld	(hl), a
                            474 ;cases/rotate2/rotate2_size_8_andCase_2_xorLiteral_0_rotateLeft_0_structVar_0.c:171: rotate_test_value = ((rotate_test_value << SHIFT_L) | (rotate_test_value >> SHIFT_R)) AND_OPERATION;
                            475 ;	genRot
   00BC 3Ar00s00      [13]  476 	ld	a, (_rotate_test_value+0)
   00BF 07            [ 4]  477 	rlca
   00C0 07            [ 4]  478 	rlca
   00C1 07            [ 4]  479 	rlca
   00C2 07            [ 4]  480 	rlca
                            481 ;	genAnd
   00C3 E6 FE         [ 7]  482 	and	a, #0xfe
                            483 ;	genMove_o size 1 result type 11 source type 2 a_dead 1 hl_dead 1 de_dead 1 iy_dead 1 f_dead 1
   00C5 77            [ 7]  484 	ld	(hl), a
                            485 ;cases/rotate2/rotate2_size_8_andCase_2_xorLiteral_0_rotateLeft_0_structVar_0.c:172: return rotate_test_value;
                            486 ;	genRet
                            487 ;	genMove_o size 1 result type 2 source type 10 a_dead 1 hl_dead 1 de_dead 1 iy_dead 1 f_dead 1
   00C6 3Ar00s00      [13]  488 	ld	a, (_rotate_test_value)
                            489 ;	genLabel
                            490 ; common peephole 159 removed unused label 00101$.
                            491 ;cases/rotate2/rotate2_size_8_andCase_2_xorLiteral_0_rotateLeft_0_structVar_0.c:173: }
                            492 ;	genEndFunction
   00C9 C9            [10]  493 	ret
                            494 ;	Total rotate_test_4 function size at codegen: 1 bytes.
                            495 ;cases/rotate2/rotate2_size_8_andCase_2_xorLiteral_0_rotateLeft_0_structVar_0.c:175: TYPE rotate_test_4_xor1(TYPE value)
                            496 ;	genLabel
                            497 ;	genFunction
                            498 ;	---------------------------------
                            499 ; Function rotate_test_4_xor1
                            500 ; ---------------------------------
                            501 ;	Register assignment is optimal.
                            502 ; Stack space usage: 0 bytes.
   00CA                     503 _rotate_test_4_xor1::
                            504 ;	genReceive
                            505 ;	genMove_o size 1 result type 2 source type 2 a_dead 1 hl_dead 1 de_dead 1 iy_dead 1 f_dead 1
                            506 ;cases/rotate2/rotate2_size_8_andCase_2_xorLiteral_0_rotateLeft_0_structVar_0.c:177: rotate_test_value = value ^ rotate_test_value_xor;
                            507 ;	genXor
                            508 ; common peephole 54 used hl instead of iy.
                            509 ; common peephole 130a removed unnecessary +0 from constant
   00CA 21r00s00      [10]  510 	ld	hl, #_rotate_test_value_xor
   00CD AE            [ 7]  511 	xor	a, (hl)
                            512 ;	genMove_o size 1 result type 11 source type 2 a_dead 1 hl_dead 1 de_dead 1 iy_dead 1 f_dead 1
   00CE 21r00s00      [10]  513 	ld	hl, #_rotate_test_value
   00D1 77            [ 7]  514 	ld	(hl), a
                            515 ;cases/rotate2/rotate2_size_8_andCase_2_xorLiteral_0_rotateLeft_0_structVar_0.c:178: rotate_test_value = ((rotate_test_value << SHIFT_L) | (rotate_test_value >> SHIFT_R)) AND_OPERATION;
                            516 ;	genRot
   00D2 3Ar00s00      [13]  517 	ld	a, (_rotate_test_value+0)
   00D5 07            [ 4]  518 	rlca
   00D6 07            [ 4]  519 	rlca
   00D7 07            [ 4]  520 	rlca
   00D8 07            [ 4]  521 	rlca
                            522 ;	genAnd
   00D9 E6 FE         [ 7]  523 	and	a, #0xfe
                            524 ;	genMove_o size 1 result type 11 source type 2 a_dead 1 hl_dead 1 de_dead 1 iy_dead 1 f_dead 1
   00DB 77            [ 7]  525 	ld	(hl), a
                            526 ;cases/rotate2/rotate2_size_8_andCase_2_xorLiteral_0_rotateLeft_0_structVar_0.c:179: return rotate_test_value;
                            527 ;	genRet
                            528 ;	genMove_o size 1 result type 2 source type 10 a_dead 1 hl_dead 1 de_dead 1 iy_dead 1 f_dead 1
   00DC 3Ar00s00      [13]  529 	ld	a, (_rotate_test_value)
                            530 ;	genLabel
                            531 ; common peephole 159 removed unused label 00101$.
                            532 ;cases/rotate2/rotate2_size_8_andCase_2_xorLiteral_0_rotateLeft_0_structVar_0.c:180: }
                            533 ;	genEndFunction
   00DF C9            [10]  534 	ret
                            535 ;	Total rotate_test_4_xor1 function size at codegen: 1 bytes.
                            536 ;cases/rotate2/rotate2_size_8_andCase_2_xorLiteral_0_rotateLeft_0_structVar_0.c:182: TYPE rotate_test_4_xor2(TYPE value)
                            537 ;	genLabel
                            538 ;	genFunction
                            539 ;	---------------------------------
                            540 ; Function rotate_test_4_xor2
                            541 ; ---------------------------------
                            542 ;	Register assignment might be sub-optimal.
                            543 ; Stack space usage: 0 bytes.
   00E0                     544 _rotate_test_4_xor2::
                            545 ;	genReceive
                            546 ;	genMove_o size 1 result type 11 source type 2 a_dead 1 hl_dead 1 de_dead 1 iy_dead 1 f_dead 1
   00E0 21r00s00      [10]  547 	ld	hl, #_rotate_test_value
   00E3 77            [ 7]  548 	ld	(hl), a
                            549 ;cases/rotate2/rotate2_size_8_andCase_2_xorLiteral_0_rotateLeft_0_structVar_0.c:185: rotate_test_value = (((rotate_test_value ^ rotate_test_value_xor) << SHIFT_L) | ((rotate_test_value ^ rotate_test_value_xor) >> SHIFT_R)) AND_OPERATION;
                            550 ;	genXor
   00E4 3Ar00s00      [13]  551 	ld	a, (_rotate_test_value+0)
   00E7 FD 21r00s00   [14]  552 	ld	iy, #_rotate_test_value_xor
   00EB FD AE 00      [19]  553 	xor	a, 0 (iy)
                            554 ;	genMove_o size 1 result type 2 source type 2 a_dead 1 hl_dead 1 de_dead 1 iy_dead 1 f_dead 1
                            555 ;	genLeftShift
   00EE 87            [ 4]  556 	add	a, a
   00EF 87            [ 4]  557 	add	a, a
   00F0 87            [ 4]  558 	add	a, a
   00F1 87            [ 4]  559 	add	a, a
   00F2 4F            [ 4]  560 	ld	c, a
                            561 ;	genXor
   00F3 3Ar00s00      [13]  562 	ld	a, (_rotate_test_value+0)
   00F6 FD AE 00      [19]  563 	xor	a, 0 (iy)
                            564 ;	genMove_o size 1 result type 2 source type 2 a_dead 1 hl_dead 1 de_dead 1 iy_dead 1 f_dead 1
                            565 ;	genRightShift
   00F9 07            [ 4]  566 	rlca
   00FA 07            [ 4]  567 	rlca
   00FB 07            [ 4]  568 	rlca
   00FC 07            [ 4]  569 	rlca
   00FD E6 0F         [ 7]  570 	and	a, #0x0f
                            571 ;	genOr
   00FF B1            [ 4]  572 	or	a, c
                            573 ;	genMove_o size 1 result type 2 source type 2 a_dead 1 hl_dead 1 de_dead 1 iy_dead 1 f_dead 1
                            574 ;	genAnd
   0100 E6 FE         [ 7]  575 	and	a, #0xfe
                            576 ;	genMove_o size 1 result type 11 source type 2 a_dead 1 hl_dead 1 de_dead 1 iy_dead 1 f_dead 1
   0102 77            [ 7]  577 	ld	(hl), a
                            578 ;cases/rotate2/rotate2_size_8_andCase_2_xorLiteral_0_rotateLeft_0_structVar_0.c:186: return rotate_test_value;
                            579 ;	genRet
                            580 ;	genMove_o size 1 result type 2 source type 10 a_dead 1 hl_dead 1 de_dead 1 iy_dead 1 f_dead 1
   0103 3Ar00s00      [13]  581 	ld	a, (_rotate_test_value)
                            582 ;	genLabel
                            583 ; common peephole 159 removed unused label 00101$.
                            584 ;cases/rotate2/rotate2_size_8_andCase_2_xorLiteral_0_rotateLeft_0_structVar_0.c:187: }
                            585 ;	genEndFunction
   0106 C9            [10]  586 	ret
                            587 ;	Total rotate_test_4_xor2 function size at codegen: 1 bytes.
                            588 ;cases/rotate2/rotate2_size_8_andCase_2_xorLiteral_0_rotateLeft_0_structVar_0.c:189: void rotate_test_load(TYPE value)
                            589 ;	genLabel
                            590 ;	genFunction
                            591 ;	---------------------------------
                            592 ; Function rotate_test_load
                            593 ; ---------------------------------
                            594 ;	Register assignment is optimal.
                            595 ; Stack space usage: 0 bytes.
   0107                     596 _rotate_test_load::
                            597 ;	genReceive
                            598 ;	genMove_o size 1 result type 11 source type 2 a_dead 1 hl_dead 1 de_dead 1 iy_dead 1 f_dead 1
   0107 32r00s00      [13]  599 	ld	(#_rotate_test_value), a
                            600 ; common peephole 19 loaded (#_rotate_test_value) from a directly instead of using hl.
                            601 ;cases/rotate2/rotate2_size_8_andCase_2_xorLiteral_0_rotateLeft_0_structVar_0.c:191: rotate_test_value = value;
                            602 ;	genLabel
                            603 ; common peephole 159 removed unused label 00101$.
                            604 ;cases/rotate2/rotate2_size_8_andCase_2_xorLiteral_0_rotateLeft_0_structVar_0.c:192: }
                            605 ;	genEndFunction
   010A C9            [10]  606 	ret
                            607 ;	Total rotate_test_load function size at codegen: 1 bytes.
                            608 ;cases/rotate2/rotate2_size_8_andCase_2_xorLiteral_0_rotateLeft_0_structVar_0.c:194: TYPE rotate_test_5(TYPE value)
                            609 ;	genLabel
                            610 ;	genFunction
                            611 ;	---------------------------------
                            612 ; Function rotate_test_5
                            613 ; ---------------------------------
                            614 ;	Register assignment is optimal.
                            615 ; Stack space usage: 0 bytes.
   010B                     616 _rotate_test_5::
                            617 ;	genReceive
                            618 ;	genMove_o size 1 result type 2 source type 2 a_dead 1 hl_dead 1 de_dead 1 iy_dead 1 f_dead 1
                            619 ;cases/rotate2/rotate2_size_8_andCase_2_xorLiteral_0_rotateLeft_0_structVar_0.c:196: rotate_test_load (value);
                            620 ;	genSend
                            621 ;	genMove_o size 1 result type 2 source type 2 a_dead 1 hl_dead 1 de_dead 1 iy_dead 1 f_dead 1
                            622 ;	genCall
   010B CDr07s01      [17]  623 	call	_rotate_test_load
                            624 ;cases/rotate2/rotate2_size_8_andCase_2_xorLiteral_0_rotateLeft_0_structVar_0.c:197: rotate_test_value = ((rotate_test_value << SHIFT_L) | (rotate_test_value >> SHIFT_R)) AND_OPERATION;
                            625 ;	genRot
   010E 3Ar00s00      [13]  626 	ld	a, (_rotate_test_value+0)
   0111 07            [ 4]  627 	rlca
   0112 07            [ 4]  628 	rlca
   0113 07            [ 4]  629 	rlca
   0114 07            [ 4]  630 	rlca
                            631 ;	genAnd
   0115 E6 FE         [ 7]  632 	and	a, #0xfe
                            633 ;	genMove_o size 1 result type 11 source type 2 a_dead 1 hl_dead 1 de_dead 1 iy_dead 1 f_dead 1
   0117 32r00s00      [13]  634 	ld	(#_rotate_test_value), a
                            635 ; common peephole 19 loaded (#_rotate_test_value) from a directly instead of using hl.
                            636 ;cases/rotate2/rotate2_size_8_andCase_2_xorLiteral_0_rotateLeft_0_structVar_0.c:198: return rotate_test_value;
                            637 ;	genRet
                            638 ;	genMove_o size 1 result type 2 source type 10 a_dead 1 hl_dead 1 de_dead 1 iy_dead 1 f_dead 1
   011A 3Ar00s00      [13]  639 	ld	a, (_rotate_test_value)
                            640 ;	genLabel
                            641 ; common peephole 159 removed unused label 00101$.
                            642 ;cases/rotate2/rotate2_size_8_andCase_2_xorLiteral_0_rotateLeft_0_structVar_0.c:199: }
                            643 ;	genEndFunction
   011D C9            [10]  644 	ret
                            645 ;	Total rotate_test_5 function size at codegen: 1 bytes.
                            646 ;cases/rotate2/rotate2_size_8_andCase_2_xorLiteral_0_rotateLeft_0_structVar_0.c:201: TYPE rotate_test_5_xor1(TYPE value)
                            647 ;	genLabel
                            648 ;	genFunction
                            649 ;	---------------------------------
                            650 ; Function rotate_test_5_xor1
                            651 ; ---------------------------------
                            652 ;	Register assignment is optimal.
                            653 ; Stack space usage: 0 bytes.
   011E                     654 _rotate_test_5_xor1::
                            655 ;	genReceive
                            656 ;	genMove_o size 1 result type 2 source type 2 a_dead 1 hl_dead 1 de_dead 1 iy_dead 1 f_dead 1
                            657 ;cases/rotate2/rotate2_size_8_andCase_2_xorLiteral_0_rotateLeft_0_structVar_0.c:203: rotate_test_load (value ^ rotate_test_value_xor);
                            658 ;	genXor
                            659 ; common peephole 54 used hl instead of iy.
                            660 ; common peephole 130a removed unnecessary +0 from constant
   011E 21r00s00      [10]  661 	ld	hl, #_rotate_test_value_xor
   0121 AE            [ 7]  662 	xor	a, (hl)
                            663 ;	genMove_o size 1 result type 2 source type 2 a_dead 1 hl_dead 1 de_dead 1 iy_dead 1 f_dead 1
                            664 ;	genSend
                            665 ;	genMove_o size 1 result type 2 source type 2 a_dead 1 hl_dead 1 de_dead 1 iy_dead 1 f_dead 1
                            666 ;	genCall
   0122 CDr07s01      [17]  667 	call	_rotate_test_load
                            668 ;cases/rotate2/rotate2_size_8_andCase_2_xorLiteral_0_rotateLeft_0_structVar_0.c:204: rotate_test_value = ((rotate_test_value << SHIFT_L) | (rotate_test_value >> SHIFT_R)) AND_OPERATION;
                            669 ;	genRot
   0125 3Ar00s00      [13]  670 	ld	a, (_rotate_test_value+0)
   0128 07            [ 4]  671 	rlca
   0129 07            [ 4]  672 	rlca
   012A 07            [ 4]  673 	rlca
   012B 07            [ 4]  674 	rlca
                            675 ;	genAnd
   012C E6 FE         [ 7]  676 	and	a, #0xfe
                            677 ;	genMove_o size 1 result type 11 source type 2 a_dead 1 hl_dead 1 de_dead 1 iy_dead 1 f_dead 1
   012E 32r00s00      [13]  678 	ld	(#_rotate_test_value), a
                            679 ; common peephole 19 loaded (#_rotate_test_value) from a directly instead of using hl.
                            680 ;cases/rotate2/rotate2_size_8_andCase_2_xorLiteral_0_rotateLeft_0_structVar_0.c:205: return rotate_test_value;
                            681 ;	genRet
                            682 ;	genMove_o size 1 result type 2 source type 10 a_dead 1 hl_dead 1 de_dead 1 iy_dead 1 f_dead 1
   0131 3Ar00s00      [13]  683 	ld	a, (_rotate_test_value)
                            684 ;	genLabel
                            685 ; common peephole 159 removed unused label 00101$.
                            686 ;cases/rotate2/rotate2_size_8_andCase_2_xorLiteral_0_rotateLeft_0_structVar_0.c:206: }
                            687 ;	genEndFunction
   0134 C9            [10]  688 	ret
                            689 ;	Total rotate_test_5_xor1 function size at codegen: 1 bytes.
                            690 ;cases/rotate2/rotate2_size_8_andCase_2_xorLiteral_0_rotateLeft_0_structVar_0.c:208: TYPE rotate_test_5_xor2(TYPE value)
                            691 ;	genLabel
                            692 ;	genFunction
                            693 ;	---------------------------------
                            694 ; Function rotate_test_5_xor2
                            695 ; ---------------------------------
                            696 ;	Register assignment might be sub-optimal.
                            697 ; Stack space usage: 0 bytes.
   0135                     698 _rotate_test_5_xor2::
                            699 ;	genReceive
                            700 ;	genMove_o size 1 result type 2 source type 2 a_dead 1 hl_dead 1 de_dead 1 iy_dead 1 f_dead 1
                            701 ;cases/rotate2/rotate2_size_8_andCase_2_xorLiteral_0_rotateLeft_0_structVar_0.c:210: rotate_test_load (value);
                            702 ;	genSend
                            703 ;	genMove_o size 1 result type 2 source type 2 a_dead 1 hl_dead 1 de_dead 1 iy_dead 1 f_dead 1
                            704 ;	genCall
   0135 CDr07s01      [17]  705 	call	_rotate_test_load
                            706 ;cases/rotate2/rotate2_size_8_andCase_2_xorLiteral_0_rotateLeft_0_structVar_0.c:211: rotate_test_value = (((rotate_test_value ^ rotate_test_value_xor) << SHIFT_L) | ((rotate_test_value ^ rotate_test_value_xor) >> SHIFT_R)) AND_OPERATION;
                            707 ;	genXor
   0138 3Ar00s00      [13]  708 	ld	a, (_rotate_test_value+0)
   013B FD 21r00s00   [14]  709 	ld	iy, #_rotate_test_value_xor
   013F FD AE 00      [19]  710 	xor	a, 0 (iy)
                            711 ;	genMove_o size 1 result type 2 source type 2 a_dead 1 hl_dead 1 de_dead 1 iy_dead 1 f_dead 1
                            712 ;	genLeftShift
   0142 87            [ 4]  713 	add	a, a
   0143 87            [ 4]  714 	add	a, a
   0144 87            [ 4]  715 	add	a, a
   0145 87            [ 4]  716 	add	a, a
   0146 4F            [ 4]  717 	ld	c, a
                            718 ;	genXor
   0147 3Ar00s00      [13]  719 	ld	a, (_rotate_test_value+0)
   014A FD AE 00      [19]  720 	xor	a, 0 (iy)
                            721 ;	genMove_o size 1 result type 2 source type 2 a_dead 1 hl_dead 1 de_dead 1 iy_dead 1 f_dead 1
                            722 ;	genRightShift
   014D 07            [ 4]  723 	rlca
   014E 07            [ 4]  724 	rlca
   014F 07            [ 4]  725 	rlca
   0150 07            [ 4]  726 	rlca
   0151 E6 0F         [ 7]  727 	and	a, #0x0f
                            728 ;	genOr
   0153 B1            [ 4]  729 	or	a, c
                            730 ;	genMove_o size 1 result type 2 source type 2 a_dead 1 hl_dead 1 de_dead 1 iy_dead 1 f_dead 1
                            731 ;	genAnd
   0154 E6 FE         [ 7]  732 	and	a, #0xfe
                            733 ;	genMove_o size 1 result type 11 source type 2 a_dead 1 hl_dead 1 de_dead 1 iy_dead 1 f_dead 1
   0156 32r00s00      [13]  734 	ld	(#_rotate_test_value), a
                            735 ; common peephole 19 loaded (#_rotate_test_value) from a directly instead of using hl.
                            736 ;cases/rotate2/rotate2_size_8_andCase_2_xorLiteral_0_rotateLeft_0_structVar_0.c:212: return rotate_test_value;
                            737 ;	genRet
                            738 ;	genMove_o size 1 result type 2 source type 10 a_dead 1 hl_dead 1 de_dead 1 iy_dead 1 f_dead 1
   0159 3Ar00s00      [13]  739 	ld	a, (_rotate_test_value)
                            740 ;	genLabel
                            741 ; common peephole 159 removed unused label 00101$.
                            742 ;cases/rotate2/rotate2_size_8_andCase_2_xorLiteral_0_rotateLeft_0_structVar_0.c:213: }
                            743 ;	genEndFunction
   015C C9            [10]  744 	ret
                            745 ;	Total rotate_test_5_xor2 function size at codegen: 1 bytes.
                            746 ;cases/rotate2/rotate2_size_8_andCase_2_xorLiteral_0_rotateLeft_0_structVar_0.c:218: testSwaps(void)
                            747 ;	genLabel
                            748 ;	genFunction
                            749 ;	---------------------------------
                            750 ; Function testSwaps
                            751 ; ---------------------------------
                            752 ;	Register assignment might be sub-optimal.
                            753 ; Stack space usage: 2 bytes.
   015D                     754 _testSwaps:
   015D DD E5         [15]  755 	push	ix
   015F DD 21 00 00   [14]  756 	ld	ix,	#0
   0163 DD 39         [15]  757 	add	ix, sp
                            758 ;	adjustStack by -2
   0165 F5            [11]  759 	push	af
                            760 ;cases/rotate2/rotate2_size_8_andCase_2_xorLiteral_0_rotateLeft_0_structVar_0.c:221: volatile TYPE t = TEST_VALUE;
                            761 ;	genAssign
                            762 ;	genMove_o size 1 result type 6 source type 1 a_dead 1 hl_dead 1 de_dead 1 iy_dead 1 f_dead 1
                            763 ;cases/rotate2/rotate2_size_8_andCase_2_xorLiteral_0_rotateLeft_0_structVar_0.c:224: u = t;
                            764 ;	genAssign
                            765 ;	genMove_o size 1 result type 6 source type 6 a_dead 1 hl_dead 1 de_dead 1 iy_dead 1 f_dead 1
                            766 ; common peephole 33 loaded a from #0x5b instead of going through -2 (ix).
   0166 DD 36 FE 5B   [19]  767 	ld	-2 (ix), #0x5b
                            768 ; common peephole 13 loaded #0x5b into -1 (ix) directly instead of going through a.
   016A DD 36 FF 5B   [19]  769 	ld	-1 (ix), #0x5b
                            770 ;	genMove_o size 0 result type 6 source type 1 a_dead 1 hl_dead 1 de_dead 1 iy_dead 1 f_dead 1
                            771 ;cases/rotate2/rotate2_size_8_andCase_2_xorLiteral_0_rotateLeft_0_structVar_0.c:226: ASSERT( rotate_test_1(u)      == ROTATE_RESULT);
                            772 ;	genPlus
                            773 ;	genMove_o size 2 result type 2 source type 10 a_dead 1 hl_dead 1 de_dead 1 iy_dead 1 f_dead 1
   016E 2Ar00s00      [16]  774 	ld	hl, (___numTests)
   0171 23            [ 6]  775 	inc	hl
                            776 ;	genMove_o size 2 result type 10 source type 2 a_dead 1 hl_dead 1 de_dead 1 iy_dead 1 f_dead 1
   0172 22r00s00      [16]  777 	ld	(___numTests), hl
                            778 ;	genSend
                            779 ;	genMove_o size 1 result type 2 source type 6 a_dead 1 hl_dead 1 de_dead 1 iy_dead 1 f_dead 1
   0175 DD 7E FF      [19]  780 	ld	a, -1 (ix)
                            781 ;	genMove_o size 0 result type 2 source type 1 a_dead 1 hl_dead 1 de_dead 1 iy_dead 1 f_dead 1
                            782 ;	genCall
   0178 CDr00s00      [17]  783 	call	_rotate_test_1
                            784 ;	genMove_o size 1 result type 2 source type 2 a_dead 1 hl_dead 1 de_dead 1 iy_dead 1 f_dead 1
                            785 ;	genCmpEq
   017B FE B4         [ 7]  786 	cp	a, #0xb4
                            787 ; common peephole 163 changed absolute to relative conditional jump.
   017D 28 11         [12]  788 	jr	z, 00104$
                            789 ; common peephole 81 removed jp by using inverse jump logic
                            790 ; common peephole 159 removed unused label 00253$.
                            791 ;	skipping generated iCode
                            792 ;	skipping iCode since result will be rematerialized
                            793 ;	skipping iCode since result will be rematerialized
                            794 ;	skipping iCode since result will be rematerialized
                            795 ;	skipping iCode since result will be rematerialized
                            796 ;	skipping iCode since result will be rematerialized
                            797 ;	skipping iCode since result will be rematerialized
                            798 ;	genIpush
                            799 ;	genMove_o size 2 result type 2 source type 1 a_dead 1 hl_dead 1 de_dead 1 iy_dead 1 f_dead 1
   017F 21 E2 00      [10]  800 	ld	hl, #0x00e2
   0182 E5            [11]  801 	push	hl
                            802 ;	genIpush
                            803 ;	genMove_o size 2 result type 2 source type 7 a_dead 1 hl_dead 1 de_dead 1 iy_dead 1 f_dead 1
   0183 21rA4s03      [10]  804 	ld	hl, #___str_2
   0186 E5            [11]  805 	push	hl
                            806 ;	genSend
                            807 ;	genMove_o size 2 result type 2 source type 7 a_dead 1 hl_dead 1 de_dead 1 iy_dead 1 f_dead 1
   0187 11r82s03      [10]  808 	ld	de, #___str_1
                            809 ;	genSend
                            810 ;	genMove_o size 2 result type 2 source type 7 a_dead 1 hl_dead 1 de_dead 0 iy_dead 1 f_dead 1
   018A 21r71s03      [10]  811 	ld	hl, #___str_0
                            812 ;	genCall
   018D CDr00s00      [17]  813 	call	___fail
                            814 ;	genLabel
   0190                     815 00104$:
                            816 ;cases/rotate2/rotate2_size_8_andCase_2_xorLiteral_0_rotateLeft_0_structVar_0.c:227: ASSERT( rotate_test_1_xor1(u) == ROTATE_RESULT_XOR);
                            817 ;	genPlus
                            818 ;	genMove_o size 2 result type 2 source type 10 a_dead 1 hl_dead 1 de_dead 1 iy_dead 1 f_dead 1
   0190 2Ar00s00      [16]  819 	ld	hl, (___numTests)
   0193 23            [ 6]  820 	inc	hl
                            821 ;	genMove_o size 2 result type 10 source type 2 a_dead 1 hl_dead 1 de_dead 1 iy_dead 1 f_dead 1
   0194 22r00s00      [16]  822 	ld	(___numTests), hl
                            823 ;	genSend
                            824 ;	genMove_o size 1 result type 2 source type 6 a_dead 1 hl_dead 1 de_dead 1 iy_dead 1 f_dead 1
   0197 DD 7E FF      [19]  825 	ld	a, -1 (ix)
                            826 ;	genMove_o size 0 result type 2 source type 1 a_dead 1 hl_dead 1 de_dead 1 iy_dead 1 f_dead 1
                            827 ;	genCall
   019A CDr07s00      [17]  828 	call	_rotate_test_1_xor1
                            829 ;	genMove_o size 1 result type 2 source type 2 a_dead 1 hl_dead 1 de_dead 1 iy_dead 1 f_dead 1
                            830 ;	genCmpEq
   019D FE F6         [ 7]  831 	cp	a, #0xf6
                            832 ; common peephole 163 changed absolute to relative conditional jump.
   019F 28 11         [12]  833 	jr	z, 00106$
                            834 ; common peephole 81 removed jp by using inverse jump logic
                            835 ; common peephole 159 removed unused label 00254$.
                            836 ;	skipping generated iCode
                            837 ;	skipping iCode since result will be rematerialized
                            838 ;	skipping iCode since result will be rematerialized
                            839 ;	skipping iCode since result will be rematerialized
                            840 ;	skipping iCode since result will be rematerialized
                            841 ;	skipping iCode since result will be rematerialized
                            842 ;	skipping iCode since result will be rematerialized
                            843 ;	genIpush
                            844 ;	genMove_o size 2 result type 2 source type 1 a_dead 1 hl_dead 1 de_dead 1 iy_dead 1 f_dead 1
   01A1 21 E3 00      [10]  845 	ld	hl, #0x00e3
   01A4 E5            [11]  846 	push	hl
                            847 ;	genIpush
                            848 ;	genMove_o size 2 result type 2 source type 7 a_dead 1 hl_dead 1 de_dead 1 iy_dead 1 f_dead 1
   01A5 21rA4s03      [10]  849 	ld	hl, #___str_2
   01A8 E5            [11]  850 	push	hl
                            851 ;	genSend
                            852 ;	genMove_o size 2 result type 2 source type 7 a_dead 1 hl_dead 1 de_dead 1 iy_dead 1 f_dead 1
   01A9 11rF3s03      [10]  853 	ld	de, #___str_3
                            854 ;	genSend
                            855 ;	genMove_o size 2 result type 2 source type 7 a_dead 1 hl_dead 1 de_dead 0 iy_dead 1 f_dead 1
   01AC 21r71s03      [10]  856 	ld	hl, #___str_0
                            857 ;	genCall
   01AF CDr00s00      [17]  858 	call	___fail
                            859 ;	genLabel
   01B2                     860 00106$:
                            861 ;cases/rotate2/rotate2_size_8_andCase_2_xorLiteral_0_rotateLeft_0_structVar_0.c:228: ASSERT( rotate_test_1_xor2(u) == ROTATE_RESULT_XOR);
                            862 ;	genPlus
                            863 ;	genMove_o size 2 result type 2 source type 10 a_dead 1 hl_dead 1 de_dead 1 iy_dead 1 f_dead 1
   01B2 2Ar00s00      [16]  864 	ld	hl, (___numTests)
   01B5 23            [ 6]  865 	inc	hl
                            866 ;	genMove_o size 2 result type 10 source type 2 a_dead 1 hl_dead 1 de_dead 1 iy_dead 1 f_dead 1
   01B6 22r00s00      [16]  867 	ld	(___numTests), hl
                            868 ;	genSend
                            869 ;	genMove_o size 1 result type 2 source type 6 a_dead 1 hl_dead 1 de_dead 1 iy_dead 1 f_dead 1
   01B9 DD 7E FF      [19]  870 	ld	a, -1 (ix)
                            871 ;	genMove_o size 0 result type 2 source type 1 a_dead 1 hl_dead 1 de_dead 1 iy_dead 1 f_dead 1
                            872 ;	genCall
   01BC CDr12s00      [17]  873 	call	_rotate_test_1_xor2
                            874 ;	genMove_o size 1 result type 2 source type 2 a_dead 1 hl_dead 1 de_dead 1 iy_dead 1 f_dead 1
                            875 ;	genCmpEq
   01BF FE F6         [ 7]  876 	cp	a, #0xf6
                            877 ; common peephole 163 changed absolute to relative conditional jump.
   01C1 28 11         [12]  878 	jr	z, 00108$
                            879 ; common peephole 81 removed jp by using inverse jump logic
                            880 ; common peephole 159 removed unused label 00255$.
                            881 ;	skipping generated iCode
                            882 ;	skipping iCode since result will be rematerialized
                            883 ;	skipping iCode since result will be rematerialized
                            884 ;	skipping iCode since result will be rematerialized
                            885 ;	skipping iCode since result will be rematerialized
                            886 ;	skipping iCode since result will be rematerialized
                            887 ;	skipping iCode since result will be rematerialized
                            888 ;	genIpush
                            889 ;	genMove_o size 2 result type 2 source type 1 a_dead 1 hl_dead 1 de_dead 1 iy_dead 1 f_dead 1
   01C3 21 E4 00      [10]  890 	ld	hl, #0x00e4
   01C6 E5            [11]  891 	push	hl
                            892 ;	genIpush
                            893 ;	genMove_o size 2 result type 2 source type 7 a_dead 1 hl_dead 1 de_dead 1 iy_dead 1 f_dead 1
   01C7 21rA4s03      [10]  894 	ld	hl, #___str_2
   01CA E5            [11]  895 	push	hl
                            896 ;	genSend
                            897 ;	genMove_o size 2 result type 2 source type 7 a_dead 1 hl_dead 1 de_dead 1 iy_dead 1 f_dead 1
   01CB 11r1Es04      [10]  898 	ld	de, #___str_4
                            899 ;	genSend
                            900 ;	genMove_o size 2 result type 2 source type 7 a_dead 1 hl_dead 1 de_dead 0 iy_dead 1 f_dead 1
   01CE 21r71s03      [10]  901 	ld	hl, #___str_0
                            902 ;	genCall
   01D1 CDr00s00      [17]  903 	call	___fail
                            904 ;	genLabel
   01D4                     905 00108$:
                            906 ;cases/rotate2/rotate2_size_8_andCase_2_xorLiteral_0_rotateLeft_0_structVar_0.c:230: ASSERT( rotate_test_2(u)      == ROTATE_RESULT);
                            907 ;	genPlus
                            908 ;	genMove_o size 2 result type 2 source type 10 a_dead 1 hl_dead 1 de_dead 1 iy_dead 1 f_dead 1
   01D4 2Ar00s00      [16]  909 	ld	hl, (___numTests)
   01D7 23            [ 6]  910 	inc	hl
                            911 ;	genMove_o size 2 result type 10 source type 2 a_dead 1 hl_dead 1 de_dead 1 iy_dead 1 f_dead 1
   01D8 22r00s00      [16]  912 	ld	(___numTests), hl
                            913 ;	genSend
                            914 ;	genMove_o size 1 result type 2 source type 6 a_dead 1 hl_dead 1 de_dead 1 iy_dead 1 f_dead 1
   01DB DD 7E FF      [19]  915 	ld	a, -1 (ix)
                            916 ;	genMove_o size 0 result type 2 source type 1 a_dead 1 hl_dead 1 de_dead 1 iy_dead 1 f_dead 1
                            917 ;	genCall
   01DE CDr2Ds00      [17]  918 	call	_rotate_test_2
                            919 ;	genMove_o size 1 result type 2 source type 2 a_dead 1 hl_dead 1 de_dead 1 iy_dead 1 f_dead 1
                            920 ;	genCmpEq
   01E1 FE B4         [ 7]  921 	cp	a, #0xb4
                            922 ; common peephole 163 changed absolute to relative conditional jump.
   01E3 28 11         [12]  923 	jr	z, 00110$
                            924 ; common peephole 81 removed jp by using inverse jump logic
                            925 ; common peephole 159 removed unused label 00256$.
                            926 ;	skipping generated iCode
                            927 ;	skipping iCode since result will be rematerialized
                            928 ;	skipping iCode since result will be rematerialized
                            929 ;	skipping iCode since result will be rematerialized
                            930 ;	skipping iCode since result will be rematerialized
                            931 ;	skipping iCode since result will be rematerialized
                            932 ;	skipping iCode since result will be rematerialized
                            933 ;	genIpush
                            934 ;	genMove_o size 2 result type 2 source type 1 a_dead 1 hl_dead 1 de_dead 1 iy_dead 1 f_dead 1
   01E5 21 E6 00      [10]  935 	ld	hl, #0x00e6
   01E8 E5            [11]  936 	push	hl
                            937 ;	genIpush
                            938 ;	genMove_o size 2 result type 2 source type 7 a_dead 1 hl_dead 1 de_dead 1 iy_dead 1 f_dead 1
   01E9 21rA4s03      [10]  939 	ld	hl, #___str_2
   01EC E5            [11]  940 	push	hl
                            941 ;	genSend
                            942 ;	genMove_o size 2 result type 2 source type 7 a_dead 1 hl_dead 1 de_dead 1 iy_dead 1 f_dead 1
   01ED 11r49s04      [10]  943 	ld	de, #___str_5
                            944 ;	genSend
                            945 ;	genMove_o size 2 result type 2 source type 7 a_dead 1 hl_dead 1 de_dead 0 iy_dead 1 f_dead 1
   01F0 21r71s03      [10]  946 	ld	hl, #___str_0
                            947 ;	genCall
   01F3 CDr00s00      [17]  948 	call	___fail
                            949 ;	genLabel
   01F6                     950 00110$:
                            951 ;cases/rotate2/rotate2_size_8_andCase_2_xorLiteral_0_rotateLeft_0_structVar_0.c:231: ASSERT( rotate_test_2_xor1(u) == ROTATE_RESULT_XOR);
                            952 ;	genPlus
                            953 ;	genMove_o size 2 result type 2 source type 10 a_dead 1 hl_dead 1 de_dead 1 iy_dead 1 f_dead 1
   01F6 2Ar00s00      [16]  954 	ld	hl, (___numTests)
   01F9 23            [ 6]  955 	inc	hl
                            956 ;	genMove_o size 2 result type 10 source type 2 a_dead 1 hl_dead 1 de_dead 1 iy_dead 1 f_dead 1
   01FA 22r00s00      [16]  957 	ld	(___numTests), hl
                            958 ;	genSend
                            959 ;	genMove_o size 1 result type 2 source type 6 a_dead 1 hl_dead 1 de_dead 1 iy_dead 1 f_dead 1
   01FD DD 7E FF      [19]  960 	ld	a, -1 (ix)
                            961 ;	genMove_o size 0 result type 2 source type 1 a_dead 1 hl_dead 1 de_dead 1 iy_dead 1 f_dead 1
                            962 ;	genCall
   0200 CDr34s00      [17]  963 	call	_rotate_test_2_xor1
                            964 ;	genMove_o size 1 result type 2 source type 2 a_dead 1 hl_dead 1 de_dead 1 iy_dead 1 f_dead 1
                            965 ;	genCmpEq
   0203 FE F6         [ 7]  966 	cp	a, #0xf6
                            967 ; common peephole 163 changed absolute to relative conditional jump.
   0205 28 11         [12]  968 	jr	z, 00112$
                            969 ; common peephole 81 removed jp by using inverse jump logic
                            970 ; common peephole 159 removed unused label 00257$.
                            971 ;	skipping generated iCode
                            972 ;	skipping iCode since result will be rematerialized
                            973 ;	skipping iCode since result will be rematerialized
                            974 ;	skipping iCode since result will be rematerialized
                            975 ;	skipping iCode since result will be rematerialized
                            976 ;	skipping iCode since result will be rematerialized
                            977 ;	skipping iCode since result will be rematerialized
                            978 ;	genIpush
                            979 ;	genMove_o size 2 result type 2 source type 1 a_dead 1 hl_dead 1 de_dead 1 iy_dead 1 f_dead 1
   0207 21 E7 00      [10]  980 	ld	hl, #0x00e7
   020A E5            [11]  981 	push	hl
                            982 ;	genIpush
                            983 ;	genMove_o size 2 result type 2 source type 7 a_dead 1 hl_dead 1 de_dead 1 iy_dead 1 f_dead 1
   020B 21rA4s03      [10]  984 	ld	hl, #___str_2
   020E E5            [11]  985 	push	hl
                            986 ;	genSend
                            987 ;	genMove_o size 2 result type 2 source type 7 a_dead 1 hl_dead 1 de_dead 1 iy_dead 1 f_dead 1
   020F 11r6Bs04      [10]  988 	ld	de, #___str_6
                            989 ;	genSend
                            990 ;	genMove_o size 2 result type 2 source type 7 a_dead 1 hl_dead 1 de_dead 0 iy_dead 1 f_dead 1
   0212 21r71s03      [10]  991 	ld	hl, #___str_0
                            992 ;	genCall
   0215 CDr00s00      [17]  993 	call	___fail
                            994 ;	genLabel
   0218                     995 00112$:
                            996 ;cases/rotate2/rotate2_size_8_andCase_2_xorLiteral_0_rotateLeft_0_structVar_0.c:232: ASSERT( rotate_test_2_xor2(u) == ROTATE_RESULT_XOR);
                            997 ;	genPlus
                            998 ;	genMove_o size 2 result type 2 source type 10 a_dead 1 hl_dead 1 de_dead 1 iy_dead 1 f_dead 1
   0218 2Ar00s00      [16]  999 	ld	hl, (___numTests)
   021B 23            [ 6] 1000 	inc	hl
                           1001 ;	genMove_o size 2 result type 10 source type 2 a_dead 1 hl_dead 1 de_dead 1 iy_dead 1 f_dead 1
   021C 22r00s00      [16] 1002 	ld	(___numTests), hl
                           1003 ;	genSend
                           1004 ;	genMove_o size 1 result type 2 source type 6 a_dead 1 hl_dead 1 de_dead 1 iy_dead 1 f_dead 1
   021F DD 7E FF      [19] 1005 	ld	a, -1 (ix)
                           1006 ;	genMove_o size 0 result type 2 source type 1 a_dead 1 hl_dead 1 de_dead 1 iy_dead 1 f_dead 1
                           1007 ;	genCall
   0222 CDr3Fs00      [17] 1008 	call	_rotate_test_2_xor2
                           1009 ;	genMove_o size 1 result type 2 source type 2 a_dead 1 hl_dead 1 de_dead 1 iy_dead 1 f_dead 1
                           1010 ;	genCmpEq
   0225 FE F6         [ 7] 1011 	cp	a, #0xf6
                           1012 ; common peephole 163 changed absolute to relative conditional jump.
   0227 28 11         [12] 1013 	jr	z, 00114$
                           1014 ; common peephole 81 removed jp by using inverse jump logic
                           1015 ; common peephole 159 removed unused label 00258$.
                           1016 ;	skipping generated iCode
                           1017 ;	skipping iCode since result will be rematerialized
                           1018 ;	skipping iCode since result will be rematerialized
                           1019 ;	skipping iCode since result will be rematerialized
                           1020 ;	skipping iCode since result will be rematerialized
                           1021 ;	skipping iCode since result will be rematerialized
                           1022 ;	skipping iCode since result will be rematerialized
                           1023 ;	genIpush
                           1024 ;	genMove_o size 2 result type 2 source type 1 a_dead 1 hl_dead 1 de_dead 1 iy_dead 1 f_dead 1
   0229 21 E8 00      [10] 1025 	ld	hl, #0x00e8
   022C E5            [11] 1026 	push	hl
                           1027 ;	genIpush
                           1028 ;	genMove_o size 2 result type 2 source type 7 a_dead 1 hl_dead 1 de_dead 1 iy_dead 1 f_dead 1
   022D 21rA4s03      [10] 1029 	ld	hl, #___str_2
   0230 E5            [11] 1030 	push	hl
                           1031 ;	genSend
                           1032 ;	genMove_o size 2 result type 2 source type 7 a_dead 1 hl_dead 1 de_dead 1 iy_dead 1 f_dead 1
   0231 11r96s04      [10] 1033 	ld	de, #___str_7
                           1034 ;	genSend
                           1035 ;	genMove_o size 2 result type 2 source type 7 a_dead 1 hl_dead 1 de_dead 0 iy_dead 1 f_dead 1
   0234 21r71s03      [10] 1036 	ld	hl, #___str_0
                           1037 ;	genCall
   0237 CDr00s00      [17] 1038 	call	___fail
                           1039 ;	genLabel
   023A                    1040 00114$:
                           1041 ;cases/rotate2/rotate2_size_8_andCase_2_xorLiteral_0_rotateLeft_0_structVar_0.c:234: ASSERT( rotate_test_3(u)      == ROTATE_RESULT);
                           1042 ;	genPlus
                           1043 ;	genMove_o size 2 result type 2 source type 10 a_dead 1 hl_dead 1 de_dead 1 iy_dead 1 f_dead 1
   023A 2Ar00s00      [16] 1044 	ld	hl, (___numTests)
   023D 23            [ 6] 1045 	inc	hl
                           1046 ;	genMove_o size 2 result type 10 source type 2 a_dead 1 hl_dead 1 de_dead 1 iy_dead 1 f_dead 1
   023E 22r00s00      [16] 1047 	ld	(___numTests), hl
                           1048 ;	genSend
                           1049 ;	genMove_o size 1 result type 2 source type 6 a_dead 1 hl_dead 1 de_dead 1 iy_dead 1 f_dead 1
   0241 DD 7E FF      [19] 1050 	ld	a, -1 (ix)
                           1051 ;	genMove_o size 0 result type 2 source type 1 a_dead 1 hl_dead 1 de_dead 1 iy_dead 1 f_dead 1
                           1052 ;	genCall
   0244 CDr5As00      [17] 1053 	call	_rotate_test_3
                           1054 ;	genMove_o size 1 result type 2 source type 2 a_dead 1 hl_dead 1 de_dead 1 iy_dead 1 f_dead 1
                           1055 ;	genCmpEq
   0247 FE B4         [ 7] 1056 	cp	a, #0xb4
                           1057 ; common peephole 163 changed absolute to relative conditional jump.
   0249 28 11         [12] 1058 	jr	z, 00116$
                           1059 ; common peephole 81 removed jp by using inverse jump logic
                           1060 ; common peephole 159 removed unused label 00259$.
                           1061 ;	skipping generated iCode
                           1062 ;	skipping iCode since result will be rematerialized
                           1063 ;	skipping iCode since result will be rematerialized
                           1064 ;	skipping iCode since result will be rematerialized
                           1065 ;	skipping iCode since result will be rematerialized
                           1066 ;	skipping iCode since result will be rematerialized
                           1067 ;	skipping iCode since result will be rematerialized
                           1068 ;	genIpush
                           1069 ;	genMove_o size 2 result type 2 source type 1 a_dead 1 hl_dead 1 de_dead 1 iy_dead 1 f_dead 1
   024B 21 EA 00      [10] 1070 	ld	hl, #0x00ea
   024E E5            [11] 1071 	push	hl
                           1072 ;	genIpush
                           1073 ;	genMove_o size 2 result type 2 source type 7 a_dead 1 hl_dead 1 de_dead 1 iy_dead 1 f_dead 1
   024F 21rA4s03      [10] 1074 	ld	hl, #___str_2
   0252 E5            [11] 1075 	push	hl
                           1076 ;	genSend
                           1077 ;	genMove_o size 2 result type 2 source type 7 a_dead 1 hl_dead 1 de_dead 1 iy_dead 1 f_dead 1
   0253 11rC1s04      [10] 1078 	ld	de, #___str_8
                           1079 ;	genSend
                           1080 ;	genMove_o size 2 result type 2 source type 7 a_dead 1 hl_dead 1 de_dead 0 iy_dead 1 f_dead 1
   0256 21r71s03      [10] 1081 	ld	hl, #___str_0
                           1082 ;	genCall
   0259 CDr00s00      [17] 1083 	call	___fail
                           1084 ;	genLabel
   025C                    1085 00116$:
                           1086 ;cases/rotate2/rotate2_size_8_andCase_2_xorLiteral_0_rotateLeft_0_structVar_0.c:235: ASSERT( rotate_test_3_xor1(u) == ROTATE_RESULT_XOR);
                           1087 ;	genPlus
                           1088 ;	genMove_o size 2 result type 2 source type 10 a_dead 1 hl_dead 1 de_dead 1 iy_dead 1 f_dead 1
   025C 2Ar00s00      [16] 1089 	ld	hl, (___numTests)
   025F 23            [ 6] 1090 	inc	hl
                           1091 ;	genMove_o size 2 result type 10 source type 2 a_dead 1 hl_dead 1 de_dead 1 iy_dead 1 f_dead 1
   0260 22r00s00      [16] 1092 	ld	(___numTests), hl
                           1093 ;	genSend
                           1094 ;	genMove_o size 1 result type 2 source type 6 a_dead 1 hl_dead 1 de_dead 1 iy_dead 1 f_dead 1
   0263 DD 7E FF      [19] 1095 	ld	a, -1 (ix)
                           1096 ;	genMove_o size 0 result type 2 source type 1 a_dead 1 hl_dead 1 de_dead 1 iy_dead 1 f_dead 1
                           1097 ;	genCall
   0266 CDr6Fs00      [17] 1098 	call	_rotate_test_3_xor1
                           1099 ;	genMove_o size 1 result type 2 source type 2 a_dead 1 hl_dead 1 de_dead 1 iy_dead 1 f_dead 1
                           1100 ;	genCmpEq
   0269 FE F6         [ 7] 1101 	cp	a, #0xf6
                           1102 ; common peephole 163 changed absolute to relative conditional jump.
   026B 28 11         [12] 1103 	jr	z, 00118$
                           1104 ; common peephole 81 removed jp by using inverse jump logic
                           1105 ; common peephole 159 removed unused label 00260$.
                           1106 ;	skipping generated iCode
                           1107 ;	skipping iCode since result will be rematerialized
                           1108 ;	skipping iCode since result will be rematerialized
                           1109 ;	skipping iCode since result will be rematerialized
                           1110 ;	skipping iCode since result will be rematerialized
                           1111 ;	skipping iCode since result will be rematerialized
                           1112 ;	skipping iCode since result will be rematerialized
                           1113 ;	genIpush
                           1114 ;	genMove_o size 2 result type 2 source type 1 a_dead 1 hl_dead 1 de_dead 1 iy_dead 1 f_dead 1
   026D 21 EB 00      [10] 1115 	ld	hl, #0x00eb
   0270 E5            [11] 1116 	push	hl
                           1117 ;	genIpush
                           1118 ;	genMove_o size 2 result type 2 source type 7 a_dead 1 hl_dead 1 de_dead 1 iy_dead 1 f_dead 1
   0271 21rA4s03      [10] 1119 	ld	hl, #___str_2
   0274 E5            [11] 1120 	push	hl
                           1121 ;	genSend
                           1122 ;	genMove_o size 2 result type 2 source type 7 a_dead 1 hl_dead 1 de_dead 1 iy_dead 1 f_dead 1
   0275 11rE3s04      [10] 1123 	ld	de, #___str_9
                           1124 ;	genSend
                           1125 ;	genMove_o size 2 result type 2 source type 7 a_dead 1 hl_dead 1 de_dead 0 iy_dead 1 f_dead 1
   0278 21r71s03      [10] 1126 	ld	hl, #___str_0
                           1127 ;	genCall
   027B CDr00s00      [17] 1128 	call	___fail
                           1129 ;	genLabel
   027E                    1130 00118$:
                           1131 ;cases/rotate2/rotate2_size_8_andCase_2_xorLiteral_0_rotateLeft_0_structVar_0.c:236: ASSERT( rotate_test_3_xor2(u) == ROTATE_RESULT_XOR);
                           1132 ;	genPlus
                           1133 ;	genMove_o size 2 result type 2 source type 10 a_dead 1 hl_dead 1 de_dead 1 iy_dead 1 f_dead 1
   027E 2Ar00s00      [16] 1134 	ld	hl, (___numTests)
   0281 23            [ 6] 1135 	inc	hl
                           1136 ;	genMove_o size 2 result type 10 source type 2 a_dead 1 hl_dead 1 de_dead 1 iy_dead 1 f_dead 1
   0282 22r00s00      [16] 1137 	ld	(___numTests), hl
                           1138 ;	genSend
                           1139 ;	genMove_o size 1 result type 2 source type 6 a_dead 1 hl_dead 1 de_dead 1 iy_dead 1 f_dead 1
   0285 DD 7E FF      [19] 1140 	ld	a, -1 (ix)
                           1141 ;	genMove_o size 0 result type 2 source type 1 a_dead 1 hl_dead 1 de_dead 1 iy_dead 1 f_dead 1
                           1142 ;	genCall
   0288 CDr88s00      [17] 1143 	call	_rotate_test_3_xor2
                           1144 ;	genMove_o size 1 result type 2 source type 2 a_dead 1 hl_dead 1 de_dead 1 iy_dead 1 f_dead 1
                           1145 ;	genCmpEq
   028B FE F6         [ 7] 1146 	cp	a, #0xf6
                           1147 ; common peephole 163 changed absolute to relative conditional jump.
   028D 28 11         [12] 1148 	jr	z, 00120$
                           1149 ; common peephole 81 removed jp by using inverse jump logic
                           1150 ; common peephole 159 removed unused label 00261$.
                           1151 ;	skipping generated iCode
                           1152 ;	skipping iCode since result will be rematerialized
                           1153 ;	skipping iCode since result will be rematerialized
                           1154 ;	skipping iCode since result will be rematerialized
                           1155 ;	skipping iCode since result will be rematerialized
                           1156 ;	skipping iCode since result will be rematerialized
                           1157 ;	skipping iCode since result will be rematerialized
                           1158 ;	genIpush
                           1159 ;	genMove_o size 2 result type 2 source type 1 a_dead 1 hl_dead 1 de_dead 1 iy_dead 1 f_dead 1
   028F 21 EC 00      [10] 1160 	ld	hl, #0x00ec
   0292 E5            [11] 1161 	push	hl
                           1162 ;	genIpush
                           1163 ;	genMove_o size 2 result type 2 source type 7 a_dead 1 hl_dead 1 de_dead 1 iy_dead 1 f_dead 1
   0293 21rA4s03      [10] 1164 	ld	hl, #___str_2
   0296 E5            [11] 1165 	push	hl
                           1166 ;	genSend
                           1167 ;	genMove_o size 2 result type 2 source type 7 a_dead 1 hl_dead 1 de_dead 1 iy_dead 1 f_dead 1
   0297 11r0Es05      [10] 1168 	ld	de, #___str_10
                           1169 ;	genSend
                           1170 ;	genMove_o size 2 result type 2 source type 7 a_dead 1 hl_dead 1 de_dead 0 iy_dead 1 f_dead 1
   029A 21r71s03      [10] 1171 	ld	hl, #___str_0
                           1172 ;	genCall
   029D CDr00s00      [17] 1173 	call	___fail
                           1174 ;	genLabel
   02A0                    1175 00120$:
                           1176 ;cases/rotate2/rotate2_size_8_andCase_2_xorLiteral_0_rotateLeft_0_structVar_0.c:239: ASSERT( rotate_test_4(u)      == ROTATE_RESULT);
                           1177 ;	genPlus
                           1178 ;	genMove_o size 2 result type 2 source type 10 a_dead 1 hl_dead 1 de_dead 1 iy_dead 1 f_dead 1
   02A0 2Ar00s00      [16] 1179 	ld	hl, (___numTests)
   02A3 23            [ 6] 1180 	inc	hl
                           1181 ;	genMove_o size 2 result type 10 source type 2 a_dead 1 hl_dead 1 de_dead 1 iy_dead 1 f_dead 1
   02A4 22r00s00      [16] 1182 	ld	(___numTests), hl
                           1183 ;	genSend
                           1184 ;	genMove_o size 1 result type 2 source type 6 a_dead 1 hl_dead 1 de_dead 1 iy_dead 1 f_dead 1
   02A7 DD 7E FF      [19] 1185 	ld	a, -1 (ix)
                           1186 ;	genMove_o size 0 result type 2 source type 1 a_dead 1 hl_dead 1 de_dead 1 iy_dead 1 f_dead 1
                           1187 ;	genCall
   02AA CDrB8s00      [17] 1188 	call	_rotate_test_4
                           1189 ;	genMove_o size 1 result type 2 source type 2 a_dead 1 hl_dead 1 de_dead 1 iy_dead 1 f_dead 1
                           1190 ;	genCmpEq
   02AD FE B4         [ 7] 1191 	cp	a, #0xb4
                           1192 ; common peephole 163 changed absolute to relative conditional jump.
   02AF 28 11         [12] 1193 	jr	z, 00122$
                           1194 ; common peephole 81 removed jp by using inverse jump logic
                           1195 ; common peephole 159 removed unused label 00262$.
                           1196 ;	skipping generated iCode
                           1197 ;	skipping iCode since result will be rematerialized
                           1198 ;	skipping iCode since result will be rematerialized
                           1199 ;	skipping iCode since result will be rematerialized
                           1200 ;	skipping iCode since result will be rematerialized
                           1201 ;	skipping iCode since result will be rematerialized
                           1202 ;	skipping iCode since result will be rematerialized
                           1203 ;	genIpush
                           1204 ;	genMove_o size 2 result type 2 source type 1 a_dead 1 hl_dead 1 de_dead 1 iy_dead 1 f_dead 1
   02B1 21 EF 00      [10] 1205 	ld	hl, #0x00ef
   02B4 E5            [11] 1206 	push	hl
                           1207 ;	genIpush
                           1208 ;	genMove_o size 2 result type 2 source type 7 a_dead 1 hl_dead 1 de_dead 1 iy_dead 1 f_dead 1
   02B5 21rA4s03      [10] 1209 	ld	hl, #___str_2
   02B8 E5            [11] 1210 	push	hl
                           1211 ;	genSend
                           1212 ;	genMove_o size 2 result type 2 source type 7 a_dead 1 hl_dead 1 de_dead 1 iy_dead 1 f_dead 1
   02B9 11r39s05      [10] 1213 	ld	de, #___str_11
                           1214 ;	genSend
                           1215 ;	genMove_o size 2 result type 2 source type 7 a_dead 1 hl_dead 1 de_dead 0 iy_dead 1 f_dead 1
   02BC 21r71s03      [10] 1216 	ld	hl, #___str_0
                           1217 ;	genCall
   02BF CDr00s00      [17] 1218 	call	___fail
                           1219 ;	genLabel
   02C2                    1220 00122$:
                           1221 ;cases/rotate2/rotate2_size_8_andCase_2_xorLiteral_0_rotateLeft_0_structVar_0.c:240: ASSERT( rotate_test_4_xor1(u) == ROTATE_RESULT_XOR);
                           1222 ;	genPlus
                           1223 ;	genMove_o size 2 result type 2 source type 10 a_dead 1 hl_dead 1 de_dead 1 iy_dead 1 f_dead 1
   02C2 2Ar00s00      [16] 1224 	ld	hl, (___numTests)
   02C5 23            [ 6] 1225 	inc	hl
                           1226 ;	genMove_o size 2 result type 10 source type 2 a_dead 1 hl_dead 1 de_dead 1 iy_dead 1 f_dead 1
   02C6 22r00s00      [16] 1227 	ld	(___numTests), hl
                           1228 ;	genSend
                           1229 ;	genMove_o size 1 result type 2 source type 6 a_dead 1 hl_dead 1 de_dead 1 iy_dead 1 f_dead 1
   02C9 DD 7E FF      [19] 1230 	ld	a, -1 (ix)
                           1231 ;	genMove_o size 0 result type 2 source type 1 a_dead 1 hl_dead 1 de_dead 1 iy_dead 1 f_dead 1
                           1232 ;	genCall
   02CC CDrCAs00      [17] 1233 	call	_rotate_test_4_xor1
                           1234 ;	genMove_o size 1 result type 2 source type 2 a_dead 1 hl_dead 1 de_dead 1 iy_dead 1 f_dead 1
                           1235 ;	genCmpEq
   02CF FE F6         [ 7] 1236 	cp	a, #0xf6
                           1237 ; common peephole 163 changed absolute to relative conditional jump.
   02D1 28 11         [12] 1238 	jr	z, 00124$
                           1239 ; common peephole 81 removed jp by using inverse jump logic
                           1240 ; common peephole 159 removed unused label 00263$.
                           1241 ;	skipping generated iCode
                           1242 ;	skipping iCode since result will be rematerialized
                           1243 ;	skipping iCode since result will be rematerialized
                           1244 ;	skipping iCode since result will be rematerialized
                           1245 ;	skipping iCode since result will be rematerialized
                           1246 ;	skipping iCode since result will be rematerialized
                           1247 ;	skipping iCode since result will be rematerialized
                           1248 ;	genIpush
                           1249 ;	genMove_o size 2 result type 2 source type 1 a_dead 1 hl_dead 1 de_dead 1 iy_dead 1 f_dead 1
   02D3 21 F0 00      [10] 1250 	ld	hl, #0x00f0
   02D6 E5            [11] 1251 	push	hl
                           1252 ;	genIpush
                           1253 ;	genMove_o size 2 result type 2 source type 7 a_dead 1 hl_dead 1 de_dead 1 iy_dead 1 f_dead 1
   02D7 21rA4s03      [10] 1254 	ld	hl, #___str_2
   02DA E5            [11] 1255 	push	hl
                           1256 ;	genSend
                           1257 ;	genMove_o size 2 result type 2 source type 7 a_dead 1 hl_dead 1 de_dead 1 iy_dead 1 f_dead 1
   02DB 11r5Bs05      [10] 1258 	ld	de, #___str_12
                           1259 ;	genSend
                           1260 ;	genMove_o size 2 result type 2 source type 7 a_dead 1 hl_dead 1 de_dead 0 iy_dead 1 f_dead 1
   02DE 21r71s03      [10] 1261 	ld	hl, #___str_0
                           1262 ;	genCall
   02E1 CDr00s00      [17] 1263 	call	___fail
                           1264 ;	genLabel
   02E4                    1265 00124$:
                           1266 ;cases/rotate2/rotate2_size_8_andCase_2_xorLiteral_0_rotateLeft_0_structVar_0.c:241: ASSERT( rotate_test_4_xor2(u) == ROTATE_RESULT_XOR);
                           1267 ;	genPlus
                           1268 ;	genMove_o size 2 result type 2 source type 10 a_dead 1 hl_dead 1 de_dead 1 iy_dead 1 f_dead 1
   02E4 2Ar00s00      [16] 1269 	ld	hl, (___numTests)
   02E7 23            [ 6] 1270 	inc	hl
                           1271 ;	genMove_o size 2 result type 10 source type 2 a_dead 1 hl_dead 1 de_dead 1 iy_dead 1 f_dead 1
   02E8 22r00s00      [16] 1272 	ld	(___numTests), hl
                           1273 ;	genSend
                           1274 ;	genMove_o size 1 result type 2 source type 6 a_dead 1 hl_dead 1 de_dead 1 iy_dead 1 f_dead 1
   02EB DD 7E FF      [19] 1275 	ld	a, -1 (ix)
                           1276 ;	genMove_o size 0 result type 2 source type 1 a_dead 1 hl_dead 1 de_dead 1 iy_dead 1 f_dead 1
                           1277 ;	genCall
   02EE CDrE0s00      [17] 1278 	call	_rotate_test_4_xor2
                           1279 ;	genMove_o size 1 result type 2 source type 2 a_dead 1 hl_dead 1 de_dead 1 iy_dead 1 f_dead 1
                           1280 ;	genCmpEq
   02F1 FE F6         [ 7] 1281 	cp	a, #0xf6
                           1282 ; common peephole 163 changed absolute to relative conditional jump.
   02F3 28 11         [12] 1283 	jr	z, 00126$
                           1284 ; common peephole 81 removed jp by using inverse jump logic
                           1285 ; common peephole 159 removed unused label 00264$.
                           1286 ;	skipping generated iCode
                           1287 ;	skipping iCode since result will be rematerialized
                           1288 ;	skipping iCode since result will be rematerialized
                           1289 ;	skipping iCode since result will be rematerialized
                           1290 ;	skipping iCode since result will be rematerialized
                           1291 ;	skipping iCode since result will be rematerialized
                           1292 ;	skipping iCode since result will be rematerialized
                           1293 ;	genIpush
                           1294 ;	genMove_o size 2 result type 2 source type 1 a_dead 1 hl_dead 1 de_dead 1 iy_dead 1 f_dead 1
   02F5 21 F1 00      [10] 1295 	ld	hl, #0x00f1
   02F8 E5            [11] 1296 	push	hl
                           1297 ;	genIpush
                           1298 ;	genMove_o size 2 result type 2 source type 7 a_dead 1 hl_dead 1 de_dead 1 iy_dead 1 f_dead 1
   02F9 21rA4s03      [10] 1299 	ld	hl, #___str_2
   02FC E5            [11] 1300 	push	hl
                           1301 ;	genSend
                           1302 ;	genMove_o size 2 result type 2 source type 7 a_dead 1 hl_dead 1 de_dead 1 iy_dead 1 f_dead 1
   02FD 11r86s05      [10] 1303 	ld	de, #___str_13
                           1304 ;	genSend
                           1305 ;	genMove_o size 2 result type 2 source type 7 a_dead 1 hl_dead 1 de_dead 0 iy_dead 1 f_dead 1
   0300 21r71s03      [10] 1306 	ld	hl, #___str_0
                           1307 ;	genCall
   0303 CDr00s00      [17] 1308 	call	___fail
                           1309 ;	genLabel
   0306                    1310 00126$:
                           1311 ;cases/rotate2/rotate2_size_8_andCase_2_xorLiteral_0_rotateLeft_0_structVar_0.c:243: ASSERT( rotate_test_5(u)      == ROTATE_RESULT);
                           1312 ;	genPlus
                           1313 ;	genMove_o size 2 result type 2 source type 10 a_dead 1 hl_dead 1 de_dead 1 iy_dead 1 f_dead 1
   0306 2Ar00s00      [16] 1314 	ld	hl, (___numTests)
   0309 23            [ 6] 1315 	inc	hl
                           1316 ;	genMove_o size 2 result type 10 source type 2 a_dead 1 hl_dead 1 de_dead 1 iy_dead 1 f_dead 1
   030A 22r00s00      [16] 1317 	ld	(___numTests), hl
                           1318 ;	genSend
                           1319 ;	genMove_o size 1 result type 2 source type 6 a_dead 1 hl_dead 1 de_dead 1 iy_dead 1 f_dead 1
   030D DD 7E FF      [19] 1320 	ld	a, -1 (ix)
                           1321 ;	genMove_o size 0 result type 2 source type 1 a_dead 1 hl_dead 1 de_dead 1 iy_dead 1 f_dead 1
                           1322 ;	genCall
   0310 CDr0Bs01      [17] 1323 	call	_rotate_test_5
                           1324 ;	genMove_o size 1 result type 2 source type 2 a_dead 1 hl_dead 1 de_dead 1 iy_dead 1 f_dead 1
                           1325 ;	genCmpEq
   0313 FE B4         [ 7] 1326 	cp	a, #0xb4
                           1327 ; common peephole 163 changed absolute to relative conditional jump.
   0315 28 11         [12] 1328 	jr	z, 00128$
                           1329 ; common peephole 81 removed jp by using inverse jump logic
                           1330 ; common peephole 159 removed unused label 00265$.
                           1331 ;	skipping generated iCode
                           1332 ;	skipping iCode since result will be rematerialized
                           1333 ;	skipping iCode since result will be rematerialized
                           1334 ;	skipping iCode since result will be rematerialized
                           1335 ;	skipping iCode since result will be rematerialized
                           1336 ;	skipping iCode since result will be rematerialized
                           1337 ;	skipping iCode since result will be rematerialized
                           1338 ;	genIpush
                           1339 ;	genMove_o size 2 result type 2 source type 1 a_dead 1 hl_dead 1 de_dead 1 iy_dead 1 f_dead 1
   0317 21 F3 00      [10] 1340 	ld	hl, #0x00f3
   031A E5            [11] 1341 	push	hl
                           1342 ;	genIpush
                           1343 ;	genMove_o size 2 result type 2 source type 7 a_dead 1 hl_dead 1 de_dead 1 iy_dead 1 f_dead 1
   031B 21rA4s03      [10] 1344 	ld	hl, #___str_2
   031E E5            [11] 1345 	push	hl
                           1346 ;	genSend
                           1347 ;	genMove_o size 2 result type 2 source type 7 a_dead 1 hl_dead 1 de_dead 1 iy_dead 1 f_dead 1
   031F 11rB1s05      [10] 1348 	ld	de, #___str_14
                           1349 ;	genSend
                           1350 ;	genMove_o size 2 result type 2 source type 7 a_dead 1 hl_dead 1 de_dead 0 iy_dead 1 f_dead 1
   0322 21r71s03      [10] 1351 	ld	hl, #___str_0
                           1352 ;	genCall
   0325 CDr00s00      [17] 1353 	call	___fail
                           1354 ;	genLabel
   0328                    1355 00128$:
                           1356 ;cases/rotate2/rotate2_size_8_andCase_2_xorLiteral_0_rotateLeft_0_structVar_0.c:244: ASSERT( rotate_test_5_xor1(u) == ROTATE_RESULT_XOR);
                           1357 ;	genPlus
                           1358 ;	genMove_o size 2 result type 2 source type 10 a_dead 1 hl_dead 1 de_dead 1 iy_dead 1 f_dead 1
   0328 2Ar00s00      [16] 1359 	ld	hl, (___numTests)
   032B 23            [ 6] 1360 	inc	hl
                           1361 ;	genMove_o size 2 result type 10 source type 2 a_dead 1 hl_dead 1 de_dead 1 iy_dead 1 f_dead 1
   032C 22r00s00      [16] 1362 	ld	(___numTests), hl
                           1363 ;	genSend
                           1364 ;	genMove_o size 1 result type 2 source type 6 a_dead 1 hl_dead 1 de_dead 1 iy_dead 1 f_dead 1
   032F DD 7E FF      [19] 1365 	ld	a, -1 (ix)
                           1366 ;	genMove_o size 0 result type 2 source type 1 a_dead 1 hl_dead 1 de_dead 1 iy_dead 1 f_dead 1
                           1367 ;	genCall
   0332 CDr1Es01      [17] 1368 	call	_rotate_test_5_xor1
                           1369 ;	genMove_o size 1 result type 2 source type 2 a_dead 1 hl_dead 1 de_dead 1 iy_dead 1 f_dead 1
                           1370 ;	genCmpEq
   0335 FE F6         [ 7] 1371 	cp	a, #0xf6
                           1372 ; common peephole 163 changed absolute to relative conditional jump.
   0337 28 11         [12] 1373 	jr	z, 00130$
                           1374 ; common peephole 81 removed jp by using inverse jump logic
                           1375 ; common peephole 159 removed unused label 00266$.
                           1376 ;	skipping generated iCode
                           1377 ;	skipping iCode since result will be rematerialized
                           1378 ;	skipping iCode since result will be rematerialized
                           1379 ;	skipping iCode since result will be rematerialized
                           1380 ;	skipping iCode since result will be rematerialized
                           1381 ;	skipping iCode since result will be rematerialized
                           1382 ;	skipping iCode since result will be rematerialized
                           1383 ;	genIpush
                           1384 ;	genMove_o size 2 result type 2 source type 1 a_dead 1 hl_dead 1 de_dead 1 iy_dead 1 f_dead 1
   0339 21 F4 00      [10] 1385 	ld	hl, #0x00f4
   033C E5            [11] 1386 	push	hl
                           1387 ;	genIpush
                           1388 ;	genMove_o size 2 result type 2 source type 7 a_dead 1 hl_dead 1 de_dead 1 iy_dead 1 f_dead 1
   033D 21rA4s03      [10] 1389 	ld	hl, #___str_2
   0340 E5            [11] 1390 	push	hl
                           1391 ;	genSend
                           1392 ;	genMove_o size 2 result type 2 source type 7 a_dead 1 hl_dead 1 de_dead 1 iy_dead 1 f_dead 1
   0341 11rD3s05      [10] 1393 	ld	de, #___str_15
                           1394 ;	genSend
                           1395 ;	genMove_o size 2 result type 2 source type 7 a_dead 1 hl_dead 1 de_dead 0 iy_dead 1 f_dead 1
   0344 21r71s03      [10] 1396 	ld	hl, #___str_0
                           1397 ;	genCall
   0347 CDr00s00      [17] 1398 	call	___fail
                           1399 ;	genLabel
   034A                    1400 00130$:
                           1401 ;cases/rotate2/rotate2_size_8_andCase_2_xorLiteral_0_rotateLeft_0_structVar_0.c:245: ASSERT( rotate_test_5_xor2(u) == ROTATE_RESULT_XOR);
                           1402 ;	genPlus
                           1403 ;	genMove_o size 2 result type 2 source type 10 a_dead 1 hl_dead 1 de_dead 1 iy_dead 1 f_dead 1
   034A 2Ar00s00      [16] 1404 	ld	hl, (___numTests)
   034D 23            [ 6] 1405 	inc	hl
                           1406 ;	genMove_o size 2 result type 10 source type 2 a_dead 1 hl_dead 1 de_dead 1 iy_dead 1 f_dead 1
   034E 22r00s00      [16] 1407 	ld	(___numTests), hl
                           1408 ;	genSend
                           1409 ;	genMove_o size 1 result type 2 source type 6 a_dead 1 hl_dead 1 de_dead 1 iy_dead 1 f_dead 1
   0351 DD 7E FF      [19] 1410 	ld	a, -1 (ix)
                           1411 ;	genMove_o size 0 result type 2 source type 1 a_dead 1 hl_dead 1 de_dead 1 iy_dead 1 f_dead 1
                           1412 ;	genCall
   0354 CDr35s01      [17] 1413 	call	_rotate_test_5_xor2
                           1414 ;	genMove_o size 1 result type 2 source type 2 a_dead 1 hl_dead 1 de_dead 1 iy_dead 1 f_dead 1
                           1415 ;	genCmpEq
   0357 FE F6         [ 7] 1416 	cp	a, #0xf6
                           1417 ; common peephole 163 changed absolute to relative conditional jump.
   0359 28 11         [12] 1418 	jr	z, 00101$
                           1419 ; common peephole 81 removed jp by using inverse jump logic
                           1420 ; common peephole 159 removed unused label 00267$.
                           1421 ;	skipping generated iCode
                           1422 ;	skipping iCode since result will be rematerialized
                           1423 ;	skipping iCode since result will be rematerialized
                           1424 ;	skipping iCode since result will be rematerialized
                           1425 ;	skipping iCode since result will be rematerialized
                           1426 ;	skipping iCode since result will be rematerialized
                           1427 ;	skipping iCode since result will be rematerialized
                           1428 ;	genIpush
                           1429 ;	genMove_o size 2 result type 2 source type 1 a_dead 1 hl_dead 1 de_dead 1 iy_dead 1 f_dead 1
   035B 21 F5 00      [10] 1430 	ld	hl, #0x00f5
   035E E5            [11] 1431 	push	hl
                           1432 ;	genIpush
                           1433 ;	genMove_o size 2 result type 2 source type 7 a_dead 1 hl_dead 1 de_dead 1 iy_dead 1 f_dead 1
   035F 21rA4s03      [10] 1434 	ld	hl, #___str_2
   0362 E5            [11] 1435 	push	hl
                           1436 ;	genSend
                           1437 ;	genMove_o size 2 result type 2 source type 7 a_dead 1 hl_dead 1 de_dead 1 iy_dead 1 f_dead 1
   0363 11rFEs05      [10] 1438 	ld	de, #___str_16
                           1439 ;	genSend
                           1440 ;	genMove_o size 2 result type 2 source type 7 a_dead 1 hl_dead 1 de_dead 0 iy_dead 1 f_dead 1
   0366 21r71s03      [10] 1441 	ld	hl, #___str_0
                           1442 ;	genCall
   0369 CDr00s00      [17] 1443 	call	___fail
                           1444 ;	genLabel
   036C                    1445 00101$:
                           1446 ;cases/rotate2/rotate2_size_8_andCase_2_xorLiteral_0_rotateLeft_0_structVar_0.c:248: }
                           1447 ;	genEndFunction
   036C DD F9         [10] 1448 	ld	sp, ix
   036E DD E1         [14] 1449 	pop	ix
   0370 C9            [10] 1450 	ret
                           1451 ;	Total testSwaps function size at codegen: 5 bytes.
   0371                    1452 ___str_0:
   0371 41 73 73 65 72 74  1453 	.ascii "Assertion failed"
        69 6F 6E 20 66 61
        69 6C 65 64
   0381 00                 1454 	.db 0x00
   0382                    1455 ___str_1:
   0382 72 6F 74 61 74 65  1456 	.ascii "rotate_test_1(u) == ROTATE_RESULT"
        5F 74 65 73 74 5F
        31 28 75 29 20 3D
        3D 20 52 4F 54 41
        54 45 5F 52 45 53
        55 4C 54
   03A3 00                 1457 	.db 0x00
   03A4                    1458 ___str_2:
   03A4 63 61 73 65 73 2F  1459 	.ascii "cases/rotate2/rotate2_size_8_andCase_2_xorLiteral_0_rotateLe"
        72 6F 74 61 74 65
        32 2F 72 6F 74 61
        74 65 32 5F 73 69
        7A 65 5F 38 5F 61
        6E 64 43 61 73 65
        5F 32 5F 78 6F 72
        4C 69 74 65 72 61
        6C 5F 30 5F 72 6F
        74 61 74 65 4C 65
   03E0 66 74 5F 30 5F 73  1460 	.ascii "ft_0_structVar_0.c"
        74 72 75 63 74 56
        61 72 5F 30 2E 63
   03F2 00                 1461 	.db 0x00
   03F3                    1462 ___str_3:
   03F3 72 6F 74 61 74 65  1463 	.ascii "rotate_test_1_xor1(u) == ROTATE_RESULT_XOR"
        5F 74 65 73 74 5F
        31 5F 78 6F 72 31
        28 75 29 20 3D 3D
        20 52 4F 54 41 54
        45 5F 52 45 53 55
        4C 54 5F 58 4F 52
   041D 00                 1464 	.db 0x00
   041E                    1465 ___str_4:
   041E 72 6F 74 61 74 65  1466 	.ascii "rotate_test_1_xor2(u) == ROTATE_RESULT_XOR"
        5F 74 65 73 74 5F
        31 5F 78 6F 72 32
        28 75 29 20 3D 3D
        20 52 4F 54 41 54
        45 5F 52 45 53 55
        4C 54 5F 58 4F 52
   0448 00                 1467 	.db 0x00
   0449                    1468 ___str_5:
   0449 72 6F 74 61 74 65  1469 	.ascii "rotate_test_2(u) == ROTATE_RESULT"
        5F 74 65 73 74 5F
        32 28 75 29 20 3D
        3D 20 52 4F 54 41
        54 45 5F 52 45 53
        55 4C 54
   046A 00                 1470 	.db 0x00
   046B                    1471 ___str_6:
   046B 72 6F 74 61 74 65  1472 	.ascii "rotate_test_2_xor1(u) == ROTATE_RESULT_XOR"
        5F 74 65 73 74 5F
        32 5F 78 6F 72 31
        28 75 29 20 3D 3D
        20 52 4F 54 41 54
        45 5F 52 45 53 55
        4C 54 5F 58 4F 52
   0495 00                 1473 	.db 0x00
   0496                    1474 ___str_7:
   0496 72 6F 74 61 74 65  1475 	.ascii "rotate_test_2_xor2(u) == ROTATE_RESULT_XOR"
        5F 74 65 73 74 5F
        32 5F 78 6F 72 32
        28 75 29 20 3D 3D
        20 52 4F 54 41 54
        45 5F 52 45 53 55
        4C 54 5F 58 4F 52
   04C0 00                 1476 	.db 0x00
   04C1                    1477 ___str_8:
   04C1 72 6F 74 61 74 65  1478 	.ascii "rotate_test_3(u) == ROTATE_RESULT"
        5F 74 65 73 74 5F
        33 28 75 29 20 3D
        3D 20 52 4F 54 41
        54 45 5F 52 45 53
        55 4C 54
   04E2 00                 1479 	.db 0x00
   04E3                    1480 ___str_9:
   04E3 72 6F 74 61 74 65  1481 	.ascii "rotate_test_3_xor1(u) == ROTATE_RESULT_XOR"
        5F 74 65 73 74 5F
        33 5F 78 6F 72 31
        28 75 29 20 3D 3D
        20 52 4F 54 41 54
        45 5F 52 45 53 55
        4C 54 5F 58 4F 52
   050D 00                 1482 	.db 0x00
   050E                    1483 ___str_10:
   050E 72 6F 74 61 74 65  1484 	.ascii "rotate_test_3_xor2(u) == ROTATE_RESULT_XOR"
        5F 74 65 73 74 5F
        33 5F 78 6F 72 32
        28 75 29 20 3D 3D
        20 52 4F 54 41 54
        45 5F 52 45 53 55
        4C 54 5F 58 4F 52
   0538 00                 1485 	.db 0x00
   0539                    1486 ___str_11:
   0539 72 6F 74 61 74 65  1487 	.ascii "rotate_test_4(u) == ROTATE_RESULT"
        5F 74 65 73 74 5F
        34 28 75 29 20 3D
        3D 20 52 4F 54 41
        54 45 5F 52 45 53
        55 4C 54
   055A 00                 1488 	.db 0x00
   055B                    1489 ___str_12:
   055B 72 6F 74 61 74 65  1490 	.ascii "rotate_test_4_xor1(u) == ROTATE_RESULT_XOR"
        5F 74 65 73 74 5F
        34 5F 78 6F 72 31
        28 75 29 20 3D 3D
        20 52 4F 54 41 54
        45 5F 52 45 53 55
        4C 54 5F 58 4F 52
   0585 00                 1491 	.db 0x00
   0586                    1492 ___str_13:
   0586 72 6F 74 61 74 65  1493 	.ascii "rotate_test_4_xor2(u) == ROTATE_RESULT_XOR"
        5F 74 65 73 74 5F
        34 5F 78 6F 72 32
        28 75 29 20 3D 3D
        20 52 4F 54 41 54
        45 5F 52 45 53 55
        4C 54 5F 58 4F 52
   05B0 00                 1494 	.db 0x00
   05B1                    1495 ___str_14:
   05B1 72 6F 74 61 74 65  1496 	.ascii "rotate_test_5(u) == ROTATE_RESULT"
        5F 74 65 73 74 5F
        35 28 75 29 20 3D
        3D 20 52 4F 54 41
        54 45 5F 52 45 53
        55 4C 54
   05D2 00                 1497 	.db 0x00
   05D3                    1498 ___str_15:
   05D3 72 6F 74 61 74 65  1499 	.ascii "rotate_test_5_xor1(u) == ROTATE_RESULT_XOR"
        5F 74 65 73 74 5F
        35 5F 78 6F 72 31
        28 75 29 20 3D 3D
        20 52 4F 54 41 54
        45 5F 52 45 53 55
        4C 54 5F 58 4F 52
   05FD 00                 1500 	.db 0x00
   05FE                    1501 ___str_16:
   05FE 72 6F 74 61 74 65  1502 	.ascii "rotate_test_5_xor2(u) == ROTATE_RESULT_XOR"
        5F 74 65 73 74 5F
        35 5F 78 6F 72 32
        28 75 29 20 3D 3D
        20 52 4F 54 41 54
        45 5F 52 45 53 55
        4C 54 5F 58 4F 52
   0628 00                 1503 	.db 0x00
                           1504 ;cases/rotate2/rotate2_size_8_andCase_2_xorLiteral_0_rotateLeft_0_structVar_0.c:252: __runSuite(void)
                           1505 ;	genLabel
                           1506 ;	genFunction
                           1507 ;	---------------------------------
                           1508 ; Function __runSuite
                           1509 ; ---------------------------------
                           1510 ;	Register assignment is optimal.
                           1511 ; Stack space usage: 0 bytes.
   0629                    1512 ___runSuite::
                           1513 ;cases/rotate2/rotate2_size_8_andCase_2_xorLiteral_0_rotateLeft_0_structVar_0.c:254: __prints("Running testSwaps\n");
                           1514 ;	skipping iCode since result will be rematerialized
                           1515 ;	skipping iCode since result will be rematerialized
                           1516 ;	genSend
                           1517 ;	genMove_o size 2 result type 2 source type 7 a_dead 1 hl_dead 1 de_dead 1 iy_dead 1 f_dead 1
   0629 21r32s06      [10] 1518 	ld	hl, #___str_17
                           1519 ;	genCall
   062C CDr00s00      [17] 1520 	call	___prints
                           1521 ;cases/rotate2/rotate2_size_8_andCase_2_xorLiteral_0_rotateLeft_0_structVar_0.c:255: testSwaps();
                           1522 ;	genCall
                           1523 ;	genLabel
                           1524 ; common peephole 159 removed unused label 00101$.
                           1525 ;cases/rotate2/rotate2_size_8_andCase_2_xorLiteral_0_rotateLeft_0_structVar_0.c:256: }
                           1526 ;	genEndFunction
   062F C3r5Ds01      [10] 1527 	jp	_testSwaps
                           1528 ; common peephole 152 removed unused ret.
                           1529 ;	Total __runSuite function size at codegen: 1 bytes.
   0632                    1530 ___str_17:
   0632 52 75 6E 6E 69 6E  1531 	.ascii "Running testSwaps"
        67 20 74 65 73 74
        53 77 61 70 73
   0643 0A                 1532 	.db 0x0a
   0644 00                 1533 	.db 0x00
                           1534 ;cases/rotate2/rotate2_size_8_andCase_2_xorLiteral_0_rotateLeft_0_structVar_0.c:261: __getSuiteName(void)
                           1535 ;	genLabel
                           1536 ;	genFunction
                           1537 ;	---------------------------------
                           1538 ; Function __getSuiteName
                           1539 ; ---------------------------------
                           1540 ;	Register assignment is optimal.
                           1541 ; Stack space usage: 0 bytes.
   0645                    1542 ___getSuiteName::
                           1543 ;cases/rotate2/rotate2_size_8_andCase_2_xorLiteral_0_rotateLeft_0_structVar_0.c:263: return "rotate2_size_8_andCase_2_xorLiteral_0_rotateLeft_0_structVar_0";
                           1544 ;	skipping iCode since result will be rematerialized
                           1545 ;	skipping iCode since result will be rematerialized
                           1546 ;	genRet
                           1547 ;	genMove_o size 2 result type 2 source type 7 a_dead 1 hl_dead 1 de_dead 1 iy_dead 1 f_dead 1
   0645 11r4Bs06      [10] 1548 	ld	de, #___str_18
                           1549 ;	genLabel
                           1550 ; common peephole 159 removed unused label 00101$.
                           1551 ;cases/rotate2/rotate2_size_8_andCase_2_xorLiteral_0_rotateLeft_0_structVar_0.c:264: }
                           1552 ;	genEndFunction
   0648 C9            [10] 1553 	ret
                           1554 ;	Total __getSuiteName function size at codegen: 1 bytes.
   0649                    1555 ___numCases:
   0649 01 00              1556 	.dw #0x0001
   064B                    1557 ___str_18:
   064B 72 6F 74 61 74 65  1558 	.ascii "rotate2_size_8_andCase_2_xorLiteral_0_rotateLeft_0_structVar"
        32 5F 73 69 7A 65
        5F 38 5F 61 6E 64
        43 61 73 65 5F 32
        5F 78 6F 72 4C 69
        74 65 72 61 6C 5F
        30 5F 72 6F 74 61
        74 65 4C 65 66 74
        5F 30 5F 73 74 72
        75 63 74 56 61 72
   0687 5F 30              1559 	.ascii "_0"
   0689 00                 1560 	.db 0x00
                           1561 	.area _CODE (BANK=_CSEG)
                           1562 	.area _INITIALIZER
   0000                    1563 __xinit__rotate_test_value_xor:
   0000 24                 1564 	.db #0x24	; 36
                           1565 	.area _CABS (ABS)
