                              1 ;--------------------------------------------------------
                              2 ; File Created by SDCC : free open source ISO C Compiler
                              3 ; Version 4.6.2 #16710 (Linux)
                              4 ;--------------------------------------------------------
                              5 	.module tinyaes_mode_CTR_keylen_192
                              6 	
                              7 ;--------------------------------------------------------
                              8 ; Public variables in this module
                              9 ;--------------------------------------------------------
                             10 	.globl _testAES
                             11 	.globl _decrypt_ctr
                             12 	.globl _encrypt_ctr
                             13 	.globl _memcmp
                             14 	.globl ___prints
                             15 	.globl ___fail
                             16 	.globl ___numCases
                             17 	.globl _AES_init_ctx
                             18 	.globl _AES_init_ctx_iv
                             19 	.globl _AES_ctx_set_iv
                             20 	.globl _AES_CTR_xcrypt_buffer
                             21 	.globl _xcrypt_ctr
                             22 	.globl ___runSuite
                             23 	.globl ___getSuiteName
                             24 ;--------------------------------------------------------
                             25 ; special function registers
                             26 ;--------------------------------------------------------
                             27 ;--------------------------------------------------------
                             28 ; ram data
                             29 ;--------------------------------------------------------
                             30 	.area _DATA (BANK=_DSEG)
                             31 ;--------------------------------------------------------
                             32 ; ram data
                             33 ;--------------------------------------------------------
                             34 	.area _INITIALIZED
                             35 ;--------------------------------------------------------
                             36 ; absolute ram data
                             37 ;--------------------------------------------------------
                             38 	.area _DABS (ABS)
                             39 	.area _DABS (ABS)
                             40 ;--------------------------------------------------------
                             41 ; global & static initialisations
                             42 ;--------------------------------------------------------
                             43 	.area _HOME
                             44 	.area _GSINIT
                             45 	.area _GSFINAL
                             46 	.area _GSINIT
                             47 ;--------------------------------------------------------
                             48 ; Home
                             49 ;--------------------------------------------------------
                             50 	.area _HOME (BANK=_CSEG)
                             51 	.area _HOME (BANK=_CSEG)
                             52 ;--------------------------------------------------------
                             53 ; code
                             54 ;--------------------------------------------------------
                             55 	.area _CODE (BANK=_CSEG)
                             56 ;cases/tinyaes/tinyaes_mode_CTR_keylen_192.c:212: static void KeyExpansion(uint8_t* RoundKey, const uint8_t* Key)
                             57 ;	genLabel
                             58 ;	genFunction
                             59 ;	---------------------------------
                             60 ; Function KeyExpansion
                             61 ; ---------------------------------
                             62 ;	Register assignment might be sub-optimal.
                             63 ; Stack space usage: 8 bytes.
   0000                      64 _KeyExpansion:
   0000 DD E5         [15]   65 	push	ix
   0002 DD 21 00 00   [14]   66 	ld	ix,	#0
   0006 DD 39         [15]   67 	add	ix, sp
                             68 ;	adjustStack by -8
   0008 FD 21 F8 FF   [14]   69 	ld	iy, #-8
   000C FD 39         [15]   70 	add	iy, sp
   000E FD F9         [10]   71 	ld	sp, iy
                             72 ;	genReceive
                             73 ;	genMove_o size 2 result type 6 source type 2 a_dead 1 hl_dead 1 de_dead 0 iy_dead 1 f_dead 1
   0010 DD 75 FE      [19]   74 	ld	-2 (ix), l
   0013 DD 74 FF      [19]   75 	ld	-1 (ix), h
                             76 ;	genMove_o size 0 result type 6 source type 1 a_dead 1 hl_dead 1 de_dead 0 iy_dead 1 f_dead 1
                             77 ;	genReceive
                             78 ;	genMove_o size 2 result type 2 source type 2 a_dead 1 hl_dead 1 de_dead 1 iy_dead 1 f_dead 1
                             79 ;cases/tinyaes/tinyaes_mode_CTR_keylen_192.c:218: for (i = 0; i < Nk; ++i)
                             80 ;	genAssign
                             81 ;	genMove_o size 2 result type 2 source type 1 a_dead 1 hl_dead 1 de_dead 0 iy_dead 1 f_dead 1
   0016 01 00 00      [10]   82 	ld	bc, #0x0000
                             83 ;	genLabel
   0019                      84 00105$:
                             85 ;cases/tinyaes/tinyaes_mode_CTR_keylen_192.c:220: RoundKey[(i * 4) + 0] = Key[(i * 4) + 0];
                             86 ;	genLeftShift
                             87 ;	genMove_o size 2 result type 2 source type 2 a_dead 1 hl_dead 1 de_dead 0 iy_dead 1 f_dead 1
   0019 C5            [11]   88 	push	bc
   001A FD E1         [14]   89 	pop	iy
                             90 ;	genMove_o size 0 result type 2 source type 1 a_dead 1 hl_dead 1 de_dead 0 iy_dead 1 f_dead 1
   001C FD 29         [15]   91 	add	iy, iy
   001E FD 29         [15]   92 	add	iy, iy
                             93 ;	genPlus
   0020 FD E5         [15]   94 	push	iy
   0022 DD 7E F6      [19]   95 	ld	a, -10 (ix)
   0025 FD E1         [14]   96 	pop	iy
   0027 DD 86 FE      [19]   97 	add	a, -2 (ix)
   002A DD 77 FC      [19]   98 	ld	-4 (ix), a
   002D FD E5         [15]   99 	push	iy
   002F DD 7E F7      [19]  100 	ld	a, -9 (ix)
   0032 FD E1         [14]  101 	pop	iy
   0034 DD 8E FF      [19]  102 	adc	a, -1 (ix)
   0037 DD 77 FD      [19]  103 	ld	-3 (ix), a
                            104 ;	genPlus
                            105 ;	genMove_o size 2 result type 2 source type 2 a_dead 1 hl_dead 1 de_dead 0 iy_dead 0 f_dead 1
   003A FD E5         [15]  106 	push	iy
   003C E1            [10]  107 	pop	hl
                            108 ;	genMove_o size 0 result type 2 source type 1 a_dead 1 hl_dead 1 de_dead 0 iy_dead 0 f_dead 1
   003D 19            [11]  109 	add	hl, de
                            110 ;	genPointerGet
   003E 7E            [ 7]  111 	ld	a, (hl)
                            112 ;	genPointerSet
                            113 ;	genMove_o size 2 result type 2 source type 6 a_dead 0 hl_dead 1 de_dead 0 iy_dead 0 f_dead 1
   003F DD 6E FC      [19]  114 	ld	l, -4 (ix)
   0042 DD 66 FD      [19]  115 	ld	h, -3 (ix)
                            116 ;	genMove_o size 0 result type 2 source type 1 a_dead 0 hl_dead 1 de_dead 0 iy_dead 0 f_dead 1
   0045 77            [ 7]  117 	ld	(hl), a
                            118 ;cases/tinyaes/tinyaes_mode_CTR_keylen_192.c:221: RoundKey[(i * 4) + 1] = Key[(i * 4) + 1];
                            119 ;	genPlus
                            120 ;	genMove_o size 2 result type 2 source type 2 a_dead 1 hl_dead 1 de_dead 0 iy_dead 1 f_dead 1
   0046 FD E5         [15]  121 	push	iy
   0048 E1            [10]  122 	pop	hl
                            123 ;	genMove_o size 0 result type 2 source type 1 a_dead 1 hl_dead 1 de_dead 0 iy_dead 1 f_dead 1
   0049 23            [ 6]  124 	inc	hl
                            125 ;	genPlus
   004A DD 7E FE      [19]  126 	ld	a, -2 (ix)
   004D 85            [ 4]  127 	add	a, l
   004E DD 77 FC      [19]  128 	ld	-4 (ix), a
   0051 DD 7E FF      [19]  129 	ld	a, -1 (ix)
   0054 8C            [ 4]  130 	adc	a, h
   0055 DD 77 FD      [19]  131 	ld	-3 (ix), a
                            132 ;	genPlus
   0058 19            [11]  133 	add	hl, de
                            134 ;	genPointerGet
   0059 7E            [ 7]  135 	ld	a, (hl)
                            136 ;	genPointerSet
                            137 ;	genMove_o size 2 result type 2 source type 6 a_dead 0 hl_dead 1 de_dead 0 iy_dead 0 f_dead 1
   005A DD 6E FC      [19]  138 	ld	l, -4 (ix)
   005D DD 66 FD      [19]  139 	ld	h, -3 (ix)
                            140 ;	genMove_o size 0 result type 2 source type 1 a_dead 0 hl_dead 1 de_dead 0 iy_dead 0 f_dead 1
   0060 77            [ 7]  141 	ld	(hl), a
                            142 ;cases/tinyaes/tinyaes_mode_CTR_keylen_192.c:222: RoundKey[(i * 4) + 2] = Key[(i * 4) + 2];
                            143 ;	genPlus
                            144 ;	genMove_o size 2 result type 2 source type 2 a_dead 1 hl_dead 1 de_dead 0 iy_dead 1 f_dead 1
   0061 FD E5         [15]  145 	push	iy
   0063 E1            [10]  146 	pop	hl
                            147 ;	genMove_o size 0 result type 2 source type 1 a_dead 1 hl_dead 1 de_dead 0 iy_dead 1 f_dead 1
   0064 23            [ 6]  148 	inc	hl
   0065 23            [ 6]  149 	inc	hl
                            150 ;	genPlus
   0066 DD 7E FE      [19]  151 	ld	a, -2 (ix)
   0069 85            [ 4]  152 	add	a, l
   006A DD 77 FC      [19]  153 	ld	-4 (ix), a
   006D DD 7E FF      [19]  154 	ld	a, -1 (ix)
   0070 8C            [ 4]  155 	adc	a, h
   0071 DD 77 FD      [19]  156 	ld	-3 (ix), a
                            157 ;	genPlus
   0074 19            [11]  158 	add	hl, de
                            159 ;	genPointerGet
   0075 7E            [ 7]  160 	ld	a, (hl)
                            161 ;	genPointerSet
                            162 ;	genMove_o size 2 result type 2 source type 6 a_dead 0 hl_dead 1 de_dead 0 iy_dead 0 f_dead 1
   0076 DD 6E FC      [19]  163 	ld	l, -4 (ix)
   0079 DD 66 FD      [19]  164 	ld	h, -3 (ix)
                            165 ;	genMove_o size 0 result type 2 source type 1 a_dead 0 hl_dead 1 de_dead 0 iy_dead 0 f_dead 1
   007C 77            [ 7]  166 	ld	(hl), a
                            167 ;cases/tinyaes/tinyaes_mode_CTR_keylen_192.c:223: RoundKey[(i * 4) + 3] = Key[(i * 4) + 3];
                            168 ;	genPlus
                            169 ;	genMove_o size 2 result type 2 source type 2 a_dead 1 hl_dead 1 de_dead 0 iy_dead 1 f_dead 1
   007D FD E5         [15]  170 	push	iy
   007F E1            [10]  171 	pop	hl
                            172 ;	genMove_o size 0 result type 2 source type 1 a_dead 1 hl_dead 1 de_dead 0 iy_dead 1 f_dead 1
   0080 23            [ 6]  173 	inc	hl
   0081 23            [ 6]  174 	inc	hl
   0082 23            [ 6]  175 	inc	hl
                            176 ;	genPlus
   0083 7D            [ 4]  177 	ld	a, l
   0084 DD 86 FE      [19]  178 	add	a, -2 (ix)
   0087 DD 77 FC      [19]  179 	ld	-4 (ix), a
   008A 7C            [ 4]  180 	ld	a, h
   008B DD 8E FF      [19]  181 	adc	a, -1 (ix)
   008E DD 77 FD      [19]  182 	ld	-3 (ix), a
                            183 ;	genPlus
   0091 19            [11]  184 	add	hl, de
                            185 ;	genPointerGet
   0092 7E            [ 7]  186 	ld	a, (hl)
                            187 ;	genPointerSet
                            188 ;	genMove_o size 2 result type 2 source type 6 a_dead 0 hl_dead 1 de_dead 0 iy_dead 1 f_dead 1
   0093 DD 6E FC      [19]  189 	ld	l, -4 (ix)
   0096 DD 66 FD      [19]  190 	ld	h, -3 (ix)
                            191 ;	genMove_o size 0 result type 2 source type 1 a_dead 0 hl_dead 1 de_dead 0 iy_dead 1 f_dead 1
   0099 77            [ 7]  192 	ld	(hl), a
                            193 ;cases/tinyaes/tinyaes_mode_CTR_keylen_192.c:218: for (i = 0; i < Nk; ++i)
                            194 ;	genPlus
   009A 03            [ 6]  195 	inc	bc
                            196 ;	genCmpLt
   009B 79            [ 4]  197 	ld	a, c
   009C D6 06         [ 7]  198 	sub	a, #0x06
   009E DAr19s00      [10]  199 	jp	c, 00105$
                            200 ;	skipping generated iCode
                            201 ;cases/tinyaes/tinyaes_mode_CTR_keylen_192.c:227: for (i = Nk; i < Nb * (Nr + 1); ++i)
                            202 ;	skipping iCode since result will be rematerialized
                            203 ;	skipping iCode since result will be rematerialized
                            204 ;	genAssign
                            205 ;	genMove_o size 1 result type 2 source type 1 a_dead 1 hl_dead 1 de_dead 1 iy_dead 1 f_dead 1
   00A1 0E 06         [ 7]  206 	ld	c, #0x06
                            207 ;	genLabel
   00A3                     208 00107$:
                            209 ;cases/tinyaes/tinyaes_mode_CTR_keylen_192.c:277: j = i * 4; k=(i - Nk) * 4;
                            210 ;	genCast
                            211 ;	genMove_o size 1 result type 6 source type 2 a_dead 1 hl_dead 1 de_dead 1 iy_dead 1 f_dead 1
                            212 ;	genMove_o size 0 result type 6 source type 1 a_dead 1 hl_dead 1 de_dead 1 iy_dead 1 f_dead 1
                            213 ;cases/tinyaes/tinyaes_mode_CTR_keylen_192.c:230: k = (i - 1) * 4;
                            214 ;	genMinus
                            215 ; common peephole 33 loaded a from c instead of going through -4 (ix).
   00A3 DD 71 FC      [19]  216 	ld	-4 (ix), c
   00A6 79            [ 4]  217 	ld	a, c
   00A7 3D            [ 4]  218 	dec	a
                            219 ;	genLeftShift
   00A8 87            [ 4]  220 	add	a, a
   00A9 87            [ 4]  221 	add	a, a
   00AA 5F            [ 4]  222 	ld	e, a
                            223 ;cases/tinyaes/tinyaes_mode_CTR_keylen_192.c:231: tempa[0]=RoundKey[k + 0];
                            224 ;	skipping iCode since result will be rematerialized
                            225 ;	genPlus
                            226 ;fetchPairLong
   00AB DD 6E FE      [19]  227 	ld	l, -2 (ix)
   00AE DD 66 FF      [19]  228 	ld	h, -1 (ix)
   00B1 16 00         [ 7]  229 	ld	d, #0x00
   00B3 19            [11]  230 	add	hl, de
                            231 ;	genPointerGet
   00B4 7E            [ 7]  232 	ld	a, (hl)
                            233 ;	genPointerSet
                            234 ;	genMove_o size 1 result type 6 source type 2 a_dead 1 hl_dead 1 de_dead 0 iy_dead 1 f_dead 1
   00B5 DD 77 F8      [19]  235 	ld	-8 (ix), a
                            236 ;	genMove_o size 0 result type 6 source type 1 a_dead 1 hl_dead 1 de_dead 0 iy_dead 1 f_dead 1
                            237 ;cases/tinyaes/tinyaes_mode_CTR_keylen_192.c:232: tempa[1]=RoundKey[k + 1];
                            238 ;	skipping iCode since result will be rematerialized
                            239 ;	genPlus
   00B8 7B            [ 4]  240 	ld	a, e
   00B9 3C            [ 4]  241 	inc	a
                            242 ;	genPlus
   00BA DD 86 FE      [19]  243 	add	a, -2 (ix)
   00BD 6F            [ 4]  244 	ld	l, a
   00BE 3E 00         [ 7]  245 	ld	a, #0x00
   00C0 DD 8E FF      [19]  246 	adc	a, -1 (ix)
                            247 ;	genPointerGet
                            248 ;fetchPairLong
   00C3 67            [ 4]  249 	ld	h, a
                            250 ;	_moveFrom_tpair_()
   00C4 7E            [ 7]  251 	ld	a, (hl)
                            252 ;	genPointerSet
                            253 ;	genMove_o size 1 result type 6 source type 2 a_dead 1 hl_dead 1 de_dead 0 iy_dead 1 f_dead 1
   00C5 DD 77 F9      [19]  254 	ld	-7 (ix), a
                            255 ;	genMove_o size 0 result type 6 source type 1 a_dead 1 hl_dead 1 de_dead 0 iy_dead 1 f_dead 1
                            256 ;cases/tinyaes/tinyaes_mode_CTR_keylen_192.c:233: tempa[2]=RoundKey[k + 2];
                            257 ;	skipping iCode since result will be rematerialized
                            258 ;	genPlus
   00C8 7B            [ 4]  259 	ld	a, e
   00C9 3C            [ 4]  260 	inc	a
   00CA 3C            [ 4]  261 	inc	a
                            262 ;	genPlus
   00CB DD 86 FE      [19]  263 	add	a, -2 (ix)
   00CE 6F            [ 4]  264 	ld	l, a
   00CF 3E 00         [ 7]  265 	ld	a, #0x00
   00D1 DD 8E FF      [19]  266 	adc	a, -1 (ix)
                            267 ;	genPointerGet
                            268 ;fetchPairLong
   00D4 67            [ 4]  269 	ld	h, a
                            270 ;	_moveFrom_tpair_()
   00D5 7E            [ 7]  271 	ld	a, (hl)
                            272 ;	genPointerSet
                            273 ;	genMove_o size 1 result type 6 source type 2 a_dead 1 hl_dead 1 de_dead 0 iy_dead 1 f_dead 1
   00D6 DD 77 FA      [19]  274 	ld	-6 (ix), a
                            275 ;	genMove_o size 0 result type 6 source type 1 a_dead 1 hl_dead 1 de_dead 0 iy_dead 1 f_dead 1
                            276 ;cases/tinyaes/tinyaes_mode_CTR_keylen_192.c:234: tempa[3]=RoundKey[k + 3];
                            277 ;	skipping iCode since result will be rematerialized
                            278 ;	genPlus
   00D9 1C            [ 4]  279 	inc	e
   00DA 1C            [ 4]  280 	inc	e
   00DB 1C            [ 4]  281 	inc	e
                            282 ;	genPlus
                            283 ;fetchPairLong
   00DC DD 6E FE      [19]  284 	ld	l, -2 (ix)
   00DF DD 66 FF      [19]  285 	ld	h, -1 (ix)
   00E2 16 00         [ 7]  286 	ld	d, #0x00
   00E4 19            [11]  287 	add	hl, de
                            288 ;	genPointerGet
   00E5 7E            [ 7]  289 	ld	a, (hl)
                            290 ;	genPointerSet
                            291 ;	genMove_o size 1 result type 6 source type 2 a_dead 1 hl_dead 1 de_dead 1 iy_dead 1 f_dead 1
   00E6 DD 77 FB      [19]  292 	ld	-5 (ix), a
                            293 ;	genMove_o size 0 result type 6 source type 1 a_dead 1 hl_dead 1 de_dead 1 iy_dead 1 f_dead 1
                            294 ;cases/tinyaes/tinyaes_mode_CTR_keylen_192.c:238: if (i % Nk == 0)
                            295 ;	genCast
                            296 ;	genMove_o size 1 result type 2 source type 2 a_dead 1 hl_dead 1 de_dead 1 iy_dead 1 f_dead 1
   00E9 41            [ 4]  297 	ld	b, c
                            298 ;	genMove_o size 0 result type 2 source type 1 a_dead 1 hl_dead 1 de_dead 1 iy_dead 1 f_dead 1
                            299 ;	genSend
   00EA C5            [11]  300 	push	bc
                            301 ;	genMove_o size 1 result type 2 source type 1 a_dead 1 hl_dead 1 de_dead 1 iy_dead 1 f_dead 1
   00EB 2E 06         [ 7]  302 	ld	l, #0x06
                            303 ;	genSend
                            304 ;	genMove_o size 1 result type 2 source type 2 a_dead 1 hl_dead 0 de_dead 1 iy_dead 1 f_dead 1
   00ED 78            [ 4]  305 	ld	a, b
                            306 ;	genMove_o size 0 result type 2 source type 1 a_dead 1 hl_dead 0 de_dead 1 iy_dead 1 f_dead 1
                            307 ;	genCall
   00EE CDr00s00      [17]  308 	call	__moduchar
                            309 ;	genMove_o size 1 result type 2 source type 2 a_dead 1 hl_dead 1 de_dead 1 iy_dead 1 f_dead 1
   00F1 7B            [ 4]  310 	ld	a, e
                            311 ;	genMove_o size 0 result type 2 source type 1 a_dead 1 hl_dead 1 de_dead 1 iy_dead 1 f_dead 1
   00F2 C1            [10]  312 	pop	bc
                            313 ;	genCast
                            314 ;	(locations are the same)
                            315 ;	genIfx
   00F3 B7            [ 4]  316 	or	a, a
                            317 ; common peephole 163 changed absolute to relative conditional jump.
   00F4 20 67         [12]  318 	jr	nz, 00103$
                            319 ;cases/tinyaes/tinyaes_mode_CTR_keylen_192.c:245: const uint8_t u8tmp = tempa[0];
                            320 ;	genPointerGet
                            321 ;	genMove_o size 1 result type 2 source type 6 a_dead 1 hl_dead 1 de_dead 1 iy_dead 1 f_dead 1
   00F6 DD 7E F8      [19]  322 	ld	a, -8 (ix)
                            323 ;	genMove_o size 0 result type 2 source type 1 a_dead 1 hl_dead 1 de_dead 1 iy_dead 1 f_dead 1
                            324 ;cases/tinyaes/tinyaes_mode_CTR_keylen_192.c:246: tempa[0] = tempa[1];
                            325 ;	genPointerGet
                            326 ;	genMove_o size 1 result type 2 source type 6 a_dead 0 hl_dead 1 de_dead 1 iy_dead 1 f_dead 1
   00F9 DD 5E F9      [19]  327 	ld	e, -7 (ix)
                            328 ;	genMove_o size 0 result type 2 source type 1 a_dead 0 hl_dead 1 de_dead 1 iy_dead 1 f_dead 1
                            329 ;	genPointerSet
                            330 ;	genMove_o size 1 result type 6 source type 2 a_dead 0 hl_dead 1 de_dead 1 iy_dead 1 f_dead 1
   00FC DD 73 F8      [19]  331 	ld	-8 (ix), e
                            332 ;	genMove_o size 0 result type 6 source type 1 a_dead 0 hl_dead 1 de_dead 1 iy_dead 1 f_dead 1
                            333 ;cases/tinyaes/tinyaes_mode_CTR_keylen_192.c:247: tempa[1] = tempa[2];
                            334 ;	genPointerGet
                            335 ;	genMove_o size 1 result type 2 source type 6 a_dead 0 hl_dead 1 de_dead 1 iy_dead 1 f_dead 1
   00FF DD 5E FA      [19]  336 	ld	e, -6 (ix)
                            337 ;	genMove_o size 0 result type 2 source type 1 a_dead 0 hl_dead 1 de_dead 1 iy_dead 1 f_dead 1
                            338 ;	genPointerSet
                            339 ;	genMove_o size 1 result type 6 source type 2 a_dead 0 hl_dead 1 de_dead 1 iy_dead 1 f_dead 1
   0102 DD 73 F9      [19]  340 	ld	-7 (ix), e
                            341 ;	genMove_o size 0 result type 6 source type 1 a_dead 0 hl_dead 1 de_dead 1 iy_dead 1 f_dead 1
                            342 ;cases/tinyaes/tinyaes_mode_CTR_keylen_192.c:248: tempa[2] = tempa[3];
                            343 ;	genPointerGet
                            344 ;	genMove_o size 1 result type 2 source type 6 a_dead 0 hl_dead 1 de_dead 1 iy_dead 1 f_dead 1
   0105 DD 5E FB      [19]  345 	ld	e, -5 (ix)
                            346 ;	genMove_o size 0 result type 2 source type 1 a_dead 0 hl_dead 1 de_dead 1 iy_dead 1 f_dead 1
                            347 ;	genPointerSet
                            348 ;	genMove_o size 1 result type 6 source type 2 a_dead 0 hl_dead 1 de_dead 1 iy_dead 1 f_dead 1
   0108 DD 73 FA      [19]  349 	ld	-6 (ix), e
                            350 ;	genMove_o size 0 result type 6 source type 1 a_dead 0 hl_dead 1 de_dead 1 iy_dead 1 f_dead 1
                            351 ;cases/tinyaes/tinyaes_mode_CTR_keylen_192.c:249: tempa[3] = u8tmp;
                            352 ;	genPointerSet
                            353 ;	genMove_o size 1 result type 6 source type 2 a_dead 1 hl_dead 1 de_dead 1 iy_dead 1 f_dead 1
   010B DD 77 FB      [19]  354 	ld	-5 (ix), a
                            355 ;	genMove_o size 0 result type 6 source type 1 a_dead 1 hl_dead 1 de_dead 1 iy_dead 1 f_dead 1
                            356 ;cases/tinyaes/tinyaes_mode_CTR_keylen_192.c:257: tempa[0] = getSBoxValue(tempa[0]);
                            357 ;	genPointerGet
                            358 ;	genMove_o size 1 result type 2 source type 6 a_dead 1 hl_dead 1 de_dead 1 iy_dead 1 f_dead 1
   010E DD 6E F8      [19]  359 	ld	l, -8 (ix)
                            360 ;	genMove_o size 0 result type 2 source type 1 a_dead 1 hl_dead 1 de_dead 1 iy_dead 1 f_dead 1
                            361 ;	genPlus
                            362 ;	genMove_o size 2 result type 2 source type 2 a_dead 1 hl_dead 1 de_dead 1 iy_dead 1 f_dead 1
                            363 ;	genMove_o size 1 result type 2 source type 1 a_dead 1 hl_dead 0 de_dead 1 iy_dead 1 f_dead 1
   0111 26 00         [ 7]  364 	ld	h, #0x00
                            365 ;	genMove_o size 2 result type 2 source type 7 a_dead 1 hl_dead 0 de_dead 1 iy_dead 1 f_dead 1
   0113 11rFDs01      [10]  366 	ld	de, #_sbox
   0116 19            [11]  367 	add	hl, de
                            368 ;	genPointerGet
   0117 7E            [ 7]  369 	ld	a, (hl)
                            370 ;	genPointerSet
                            371 ;	genMove_o size 1 result type 6 source type 2 a_dead 1 hl_dead 1 de_dead 1 iy_dead 1 f_dead 1
   0118 DD 77 F8      [19]  372 	ld	-8 (ix), a
                            373 ;	genMove_o size 0 result type 6 source type 1 a_dead 1 hl_dead 1 de_dead 1 iy_dead 1 f_dead 1
                            374 ;cases/tinyaes/tinyaes_mode_CTR_keylen_192.c:258: tempa[1] = getSBoxValue(tempa[1]);
                            375 ;	genPointerGet
                            376 ;	genMove_o size 1 result type 2 source type 6 a_dead 1 hl_dead 1 de_dead 1 iy_dead 1 f_dead 1
   011B DD 6E F9      [19]  377 	ld	l, -7 (ix)
                            378 ;	genMove_o size 0 result type 2 source type 1 a_dead 1 hl_dead 1 de_dead 1 iy_dead 1 f_dead 1
                            379 ;	genPlus
                            380 ;	genMove_o size 2 result type 2 source type 2 a_dead 1 hl_dead 1 de_dead 1 iy_dead 1 f_dead 1
                            381 ;	genMove_o size 1 result type 2 source type 1 a_dead 1 hl_dead 0 de_dead 1 iy_dead 1 f_dead 1
   011E 26 00         [ 7]  382 	ld	h, #0x00
                            383 ;	genMove_o size 2 result type 2 source type 7 a_dead 1 hl_dead 0 de_dead 1 iy_dead 1 f_dead 1
   0120 11rFDs01      [10]  384 	ld	de, #_sbox
   0123 19            [11]  385 	add	hl, de
                            386 ;	genPointerGet
   0124 7E            [ 7]  387 	ld	a, (hl)
                            388 ;	genPointerSet
                            389 ;	genMove_o size 1 result type 6 source type 2 a_dead 1 hl_dead 1 de_dead 1 iy_dead 1 f_dead 1
   0125 DD 77 F9      [19]  390 	ld	-7 (ix), a
                            391 ;	genMove_o size 0 result type 6 source type 1 a_dead 1 hl_dead 1 de_dead 1 iy_dead 1 f_dead 1
                            392 ;cases/tinyaes/tinyaes_mode_CTR_keylen_192.c:259: tempa[2] = getSBoxValue(tempa[2]);
                            393 ;	genPointerGet
                            394 ;	genMove_o size 1 result type 2 source type 6 a_dead 1 hl_dead 1 de_dead 1 iy_dead 1 f_dead 1
   0128 DD 6E FA      [19]  395 	ld	l, -6 (ix)
                            396 ;	genMove_o size 0 result type 2 source type 1 a_dead 1 hl_dead 1 de_dead 1 iy_dead 1 f_dead 1
                            397 ;	genPlus
                            398 ;	genMove_o size 2 result type 2 source type 2 a_dead 1 hl_dead 1 de_dead 1 iy_dead 1 f_dead 1
                            399 ;	genMove_o size 1 result type 2 source type 1 a_dead 1 hl_dead 0 de_dead 1 iy_dead 1 f_dead 1
   012B 26 00         [ 7]  400 	ld	h, #0x00
                            401 ;	genMove_o size 2 result type 2 source type 7 a_dead 1 hl_dead 0 de_dead 1 iy_dead 1 f_dead 1
   012D 11rFDs01      [10]  402 	ld	de, #_sbox
   0130 19            [11]  403 	add	hl, de
                            404 ;	genPointerGet
   0131 7E            [ 7]  405 	ld	a, (hl)
                            406 ;	genPointerSet
                            407 ;	genMove_o size 1 result type 6 source type 2 a_dead 1 hl_dead 1 de_dead 1 iy_dead 1 f_dead 1
   0132 DD 77 FA      [19]  408 	ld	-6 (ix), a
                            409 ;	genMove_o size 0 result type 6 source type 1 a_dead 1 hl_dead 1 de_dead 1 iy_dead 1 f_dead 1
                            410 ;cases/tinyaes/tinyaes_mode_CTR_keylen_192.c:260: tempa[3] = getSBoxValue(tempa[3]);
                            411 ;	genPointerGet
                            412 ;	genMove_o size 1 result type 2 source type 6 a_dead 1 hl_dead 1 de_dead 1 iy_dead 1 f_dead 1
   0135 DD 6E FB      [19]  413 	ld	l, -5 (ix)
                            414 ;	genMove_o size 0 result type 2 source type 1 a_dead 1 hl_dead 1 de_dead 1 iy_dead 1 f_dead 1
                            415 ;	genPlus
                            416 ;	genMove_o size 2 result type 2 source type 2 a_dead 1 hl_dead 1 de_dead 1 iy_dead 1 f_dead 1
                            417 ;	genMove_o size 1 result type 2 source type 1 a_dead 1 hl_dead 0 de_dead 1 iy_dead 1 f_dead 1
   0138 26 00         [ 7]  418 	ld	h, #0x00
                            419 ;	genMove_o size 2 result type 2 source type 7 a_dead 1 hl_dead 0 de_dead 1 iy_dead 1 f_dead 1
   013A 11rFDs01      [10]  420 	ld	de, #_sbox
   013D 19            [11]  421 	add	hl, de
                            422 ;	genPointerGet
   013E 7E            [ 7]  423 	ld	a, (hl)
                            424 ;	genPointerSet
                            425 ;	genMove_o size 1 result type 6 source type 2 a_dead 1 hl_dead 1 de_dead 1 iy_dead 1 f_dead 1
   013F DD 77 FB      [19]  426 	ld	-5 (ix), a
                            427 ;	genMove_o size 0 result type 6 source type 1 a_dead 1 hl_dead 1 de_dead 1 iy_dead 1 f_dead 1
                            428 ;cases/tinyaes/tinyaes_mode_CTR_keylen_192.c:263: tempa[0] = tempa[0] ^ Rcon[i/Nk];
                            429 ;	genPointerGet
                            430 ;	genMove_o size 1 result type 2 source type 6 a_dead 1 hl_dead 1 de_dead 1 iy_dead 1 f_dead 1
   0142 DD 5E F8      [19]  431 	ld	e, -8 (ix)
                            432 ;	genMove_o size 0 result type 2 source type 1 a_dead 1 hl_dead 1 de_dead 1 iy_dead 1 f_dead 1
                            433 ;	genSend
   0145 C5            [11]  434 	push	bc
   0146 D5            [11]  435 	push	de
                            436 ;	genMove_o size 1 result type 2 source type 1 a_dead 1 hl_dead 1 de_dead 0 iy_dead 1 f_dead 1
   0147 2E 06         [ 7]  437 	ld	l, #0x06
                            438 ;	genSend
                            439 ;	genMove_o size 1 result type 2 source type 2 a_dead 1 hl_dead 0 de_dead 0 iy_dead 1 f_dead 1
   0149 78            [ 4]  440 	ld	a, b
                            441 ;	genMove_o size 0 result type 2 source type 1 a_dead 1 hl_dead 0 de_dead 0 iy_dead 1 f_dead 1
                            442 ;	genCall
   014A CDr00s00      [17]  443 	call	__divuchar
                            444 ;	genMove_o size 1 result type 2 source type 2 a_dead 1 hl_dead 1 de_dead 1 iy_dead 1 f_dead 1
   014D 7B            [ 4]  445 	ld	a, e
                            446 ;	genMove_o size 0 result type 2 source type 1 a_dead 1 hl_dead 1 de_dead 1 iy_dead 1 f_dead 1
   014E D1            [10]  447 	pop	de
   014F C1            [10]  448 	pop	bc
                            449 ;	genCast
                            450 ;	(locations are the same)
                            451 ;	genPlus
   0150 C6rFD         [ 7]  452 	add	a, #<(_Rcon)
   0152 6F            [ 4]  453 	ld	l, a
   0153 3E 00         [ 7]  454 	ld	a, #0x00
   0155 CEs02         [ 7]  455 	adc	a, #>(_Rcon)
                            456 ;	genPointerGet
                            457 ;fetchPairLong
   0157 67            [ 4]  458 	ld	h, a
                            459 ;	_moveFrom_tpair_()
   0158 7E            [ 7]  460 	ld	a, (hl)
                            461 ;	genXor
   0159 AB            [ 4]  462 	xor	a, e
                            463 ;	genMove_o size 1 result type 2 source type 2 a_dead 1 hl_dead 1 de_dead 0 iy_dead 1 f_dead 1
                            464 ;	genPointerSet
                            465 ;	genMove_o size 1 result type 6 source type 2 a_dead 1 hl_dead 1 de_dead 1 iy_dead 1 f_dead 1
   015A DD 77 F8      [19]  466 	ld	-8 (ix), a
                            467 ;	genMove_o size 0 result type 6 source type 1 a_dead 1 hl_dead 1 de_dead 1 iy_dead 1 f_dead 1
                            468 ;	genLabel
   015D                     469 00103$:
                            470 ;cases/tinyaes/tinyaes_mode_CTR_keylen_192.c:277: j = i * 4; k=(i - Nk) * 4;
                            471 ;	genLeftShift
   015D DD 7E FC      [19]  472 	ld	a, -4 (ix)
   0160 87            [ 4]  473 	add	a, a
   0161 87            [ 4]  474 	add	a, a
   0162 DD 77 FD      [19]  475 	ld	-3 (ix), a
                            476 ;	genMinus
   0165 DD 7E FC      [19]  477 	ld	a, -4 (ix)
   0168 C6 FA         [ 7]  478 	add	a, #0xfa
                            479 ;	genLeftShift
   016A 87            [ 4]  480 	add	a, a
   016B 87            [ 4]  481 	add	a, a
   016C 47            [ 4]  482 	ld	b, a
                            483 ;cases/tinyaes/tinyaes_mode_CTR_keylen_192.c:278: RoundKey[j + 0] = RoundKey[k + 0] ^ tempa[0];
                            484 ;	genPlus
   016D DD 7E FE      [19]  485 	ld	a, -2 (ix)
   0170 DD 86 FD      [19]  486 	add	a, -3 (ix)
   0173 5F            [ 4]  487 	ld	e, a
   0174 DD 7E FF      [19]  488 	ld	a, -1 (ix)
   0177 CE 00         [ 7]  489 	adc	a, #0x00
   0179 57            [ 4]  490 	ld	d, a
                            491 ;	genPlus
   017A DD 7E FE      [19]  492 	ld	a, -2 (ix)
   017D 80            [ 4]  493 	add	a, b
   017E 6F            [ 4]  494 	ld	l, a
   017F DD 7E FF      [19]  495 	ld	a, -1 (ix)
   0182 CE 00         [ 7]  496 	adc	a, #0x00
                            497 ;	genPointerGet
                            498 ;fetchPairLong
   0184 67            [ 4]  499 	ld	h, a
                            500 ;	_moveFrom_tpair_()
   0185 7E            [ 7]  501 	ld	a, (hl)
                            502 ;	genPointerGet
                            503 ;	genMove_o size 1 result type 2 source type 6 a_dead 0 hl_dead 1 de_dead 0 iy_dead 1 f_dead 1
   0186 DD 6E F8      [19]  504 	ld	l, -8 (ix)
                            505 ;	genMove_o size 0 result type 2 source type 1 a_dead 0 hl_dead 1 de_dead 0 iy_dead 1 f_dead 1
                            506 ;	genXor
   0189 AD            [ 4]  507 	xor	a, l
                            508 ;	genMove_o size 1 result type 2 source type 2 a_dead 1 hl_dead 1 de_dead 0 iy_dead 1 f_dead 1
                            509 ;	genPointerSet
                            510 ;	genMove_o size 1 result type 2 source type 2 a_dead 1 hl_dead 1 de_dead 0 iy_dead 1 f_dead 1
   018A 12            [ 7]  511 	ld	(de), a
                            512 ;cases/tinyaes/tinyaes_mode_CTR_keylen_192.c:279: RoundKey[j + 1] = RoundKey[k + 1] ^ tempa[1];
                            513 ;	genPlus
   018B DD 7E FD      [19]  514 	ld	a, -3 (ix)
   018E 3C            [ 4]  515 	inc	a
                            516 ;	genPlus
   018F DD 86 FE      [19]  517 	add	a, -2 (ix)
   0192 5F            [ 4]  518 	ld	e, a
   0193 3E 00         [ 7]  519 	ld	a, #0x00
   0195 DD 8E FF      [19]  520 	adc	a, -1 (ix)
   0198 57            [ 4]  521 	ld	d, a
                            522 ;	genPlus
   0199 78            [ 4]  523 	ld	a, b
   019A 3C            [ 4]  524 	inc	a
                            525 ;	genPlus
   019B DD 86 FE      [19]  526 	add	a, -2 (ix)
   019E 6F            [ 4]  527 	ld	l, a
   019F 3E 00         [ 7]  528 	ld	a, #0x00
   01A1 DD 8E FF      [19]  529 	adc	a, -1 (ix)
                            530 ;	genPointerGet
                            531 ;fetchPairLong
   01A4 67            [ 4]  532 	ld	h, a
                            533 ;	_moveFrom_tpair_()
   01A5 7E            [ 7]  534 	ld	a, (hl)
                            535 ;	genPointerGet
                            536 ;	genMove_o size 1 result type 2 source type 6 a_dead 0 hl_dead 1 de_dead 0 iy_dead 1 f_dead 1
   01A6 DD 6E F9      [19]  537 	ld	l, -7 (ix)
                            538 ;	genMove_o size 0 result type 2 source type 1 a_dead 0 hl_dead 1 de_dead 0 iy_dead 1 f_dead 1
                            539 ;	genXor
   01A9 AD            [ 4]  540 	xor	a, l
                            541 ;	genMove_o size 1 result type 2 source type 2 a_dead 1 hl_dead 1 de_dead 0 iy_dead 1 f_dead 1
                            542 ;	genPointerSet
                            543 ;	genMove_o size 1 result type 2 source type 2 a_dead 1 hl_dead 1 de_dead 0 iy_dead 1 f_dead 1
   01AA 12            [ 7]  544 	ld	(de), a
                            545 ;cases/tinyaes/tinyaes_mode_CTR_keylen_192.c:280: RoundKey[j + 2] = RoundKey[k + 2] ^ tempa[2];
                            546 ;	genPlus
   01AB DD 7E FD      [19]  547 	ld	a, -3 (ix)
   01AE 3C            [ 4]  548 	inc	a
   01AF 3C            [ 4]  549 	inc	a
                            550 ;	genPlus
   01B0 DD 86 FE      [19]  551 	add	a, -2 (ix)
   01B3 5F            [ 4]  552 	ld	e, a
   01B4 3E 00         [ 7]  553 	ld	a, #0x00
   01B6 DD 8E FF      [19]  554 	adc	a, -1 (ix)
   01B9 57            [ 4]  555 	ld	d, a
                            556 ;	genPlus
   01BA 78            [ 4]  557 	ld	a, b
   01BB 3C            [ 4]  558 	inc	a
   01BC 3C            [ 4]  559 	inc	a
                            560 ;	genPlus
   01BD DD 86 FE      [19]  561 	add	a, -2 (ix)
   01C0 6F            [ 4]  562 	ld	l, a
   01C1 3E 00         [ 7]  563 	ld	a, #0x00
   01C3 DD 8E FF      [19]  564 	adc	a, -1 (ix)
                            565 ;	genPointerGet
                            566 ;fetchPairLong
   01C6 67            [ 4]  567 	ld	h, a
                            568 ;	_moveFrom_tpair_()
   01C7 7E            [ 7]  569 	ld	a, (hl)
                            570 ;	genPointerGet
                            571 ;	genMove_o size 1 result type 2 source type 6 a_dead 0 hl_dead 1 de_dead 0 iy_dead 1 f_dead 1
   01C8 DD 6E FA      [19]  572 	ld	l, -6 (ix)
                            573 ;	genMove_o size 0 result type 2 source type 1 a_dead 0 hl_dead 1 de_dead 0 iy_dead 1 f_dead 1
                            574 ;	genXor
   01CB AD            [ 4]  575 	xor	a, l
                            576 ;	genMove_o size 1 result type 2 source type 2 a_dead 1 hl_dead 1 de_dead 0 iy_dead 1 f_dead 1
                            577 ;	genPointerSet
                            578 ;	genMove_o size 1 result type 2 source type 2 a_dead 1 hl_dead 1 de_dead 0 iy_dead 1 f_dead 1
   01CC 12            [ 7]  579 	ld	(de), a
                            580 ;cases/tinyaes/tinyaes_mode_CTR_keylen_192.c:281: RoundKey[j + 3] = RoundKey[k + 3] ^ tempa[3];
                            581 ;	genPlus
   01CD DD 7E FD      [19]  582 	ld	a, -3 (ix)
   01D0 3C            [ 4]  583 	inc	a
   01D1 3C            [ 4]  584 	inc	a
   01D2 3C            [ 4]  585 	inc	a
                            586 ;	genPlus
   01D3 DD 86 FE      [19]  587 	add	a, -2 (ix)
   01D6 5F            [ 4]  588 	ld	e, a
   01D7 3E 00         [ 7]  589 	ld	a, #0x00
   01D9 DD 8E FF      [19]  590 	adc	a, -1 (ix)
   01DC 57            [ 4]  591 	ld	d, a
                            592 ;	genPlus
   01DD 78            [ 4]  593 	ld	a, b
   01DE 3C            [ 4]  594 	inc	a
   01DF 3C            [ 4]  595 	inc	a
   01E0 3C            [ 4]  596 	inc	a
                            597 ;	genPlus
   01E1 DD 86 FE      [19]  598 	add	a, -2 (ix)
   01E4 6F            [ 4]  599 	ld	l, a
   01E5 3E 00         [ 7]  600 	ld	a, #0x00
   01E7 DD 8E FF      [19]  601 	adc	a, -1 (ix)
                            602 ;	genPointerGet
                            603 ;fetchPairLong
   01EA 67            [ 4]  604 	ld	h, a
                            605 ;	_moveFrom_tpair_()
   01EB 7E            [ 7]  606 	ld	a, (hl)
                            607 ;	genPointerGet
                            608 ;	genMove_o size 1 result type 2 source type 6 a_dead 0 hl_dead 1 de_dead 0 iy_dead 1 f_dead 1
   01EC DD 46 FB      [19]  609 	ld	b, -5 (ix)
                            610 ;	genMove_o size 0 result type 2 source type 1 a_dead 0 hl_dead 1 de_dead 0 iy_dead 1 f_dead 1
                            611 ;	genXor
   01EF A8            [ 4]  612 	xor	a, b
                            613 ;	genMove_o size 1 result type 2 source type 2 a_dead 1 hl_dead 1 de_dead 0 iy_dead 1 f_dead 1
                            614 ;	genPointerSet
                            615 ;	genMove_o size 1 result type 2 source type 2 a_dead 1 hl_dead 1 de_dead 0 iy_dead 1 f_dead 1
   01F0 12            [ 7]  616 	ld	(de), a
                            617 ;cases/tinyaes/tinyaes_mode_CTR_keylen_192.c:227: for (i = Nk; i < Nb * (Nr + 1); ++i)
                            618 ;	genPlus
   01F1 0C            [ 4]  619 	inc	c
                            620 ;	genCmpLt
   01F2 79            [ 4]  621 	ld	a, c
   01F3 D6 34         [ 7]  622 	sub	a, #0x34
   01F5 DArA3s00      [10]  623 	jp	c, 00107$
                            624 ;	skipping generated iCode
                            625 ;	genLabel
                            626 ; common peephole 159 removed unused label 00109$.
                            627 ;cases/tinyaes/tinyaes_mode_CTR_keylen_192.c:283: }
                            628 ;	genEndFunction
   01F8 DD F9         [10]  629 	ld	sp, ix
   01FA DD E1         [14]  630 	pop	ix
   01FC C9            [10]  631 	ret
                            632 ;	Total KeyExpansion function size at codegen: 5 bytes.
   01FD                     633 _sbox:
   01FD 63                  634 	.db #0x63	; 99	'c'
   01FE 7C                  635 	.db #0x7c	; 124
   01FF 77                  636 	.db #0x77	; 119	'w'
   0200 7B                  637 	.db #0x7b	; 123
   0201 F2                  638 	.db #0xf2	; 242
   0202 6B                  639 	.db #0x6b	; 107	'k'
   0203 6F                  640 	.db #0x6f	; 111	'o'
   0204 C5                  641 	.db #0xc5	; 197
   0205 30                  642 	.db #0x30	; 48	'0'
   0206 01                  643 	.db #0x01	; 1
   0207 67                  644 	.db #0x67	; 103	'g'
   0208 2B                  645 	.db #0x2b	; 43
   0209 FE                  646 	.db #0xfe	; 254
   020A D7                  647 	.db #0xd7	; 215
   020B AB                  648 	.db #0xab	; 171
   020C 76                  649 	.db #0x76	; 118	'v'
   020D CA                  650 	.db #0xca	; 202
   020E 82                  651 	.db #0x82	; 130
   020F C9                  652 	.db #0xc9	; 201
   0210 7D                  653 	.db #0x7d	; 125
   0211 FA                  654 	.db #0xfa	; 250
   0212 59                  655 	.db #0x59	; 89	'Y'
   0213 47                  656 	.db #0x47	; 71	'G'
   0214 F0                  657 	.db #0xf0	; 240
   0215 AD                  658 	.db #0xad	; 173
   0216 D4                  659 	.db #0xd4	; 212
   0217 A2                  660 	.db #0xa2	; 162
   0218 AF                  661 	.db #0xaf	; 175
   0219 9C                  662 	.db #0x9c	; 156
   021A A4                  663 	.db #0xa4	; 164
   021B 72                  664 	.db #0x72	; 114	'r'
   021C C0                  665 	.db #0xc0	; 192
   021D B7                  666 	.db #0xb7	; 183
   021E FD                  667 	.db #0xfd	; 253
   021F 93                  668 	.db #0x93	; 147
   0220 26                  669 	.db #0x26	; 38
   0221 36                  670 	.db #0x36	; 54	'6'
   0222 3F                  671 	.db #0x3f	; 63
   0223 F7                  672 	.db #0xf7	; 247
   0224 CC                  673 	.db #0xcc	; 204
   0225 34                  674 	.db #0x34	; 52	'4'
   0226 A5                  675 	.db #0xa5	; 165
   0227 E5                  676 	.db #0xe5	; 229
   0228 F1                  677 	.db #0xf1	; 241
   0229 71                  678 	.db #0x71	; 113	'q'
   022A D8                  679 	.db #0xd8	; 216
   022B 31                  680 	.db #0x31	; 49	'1'
   022C 15                  681 	.db #0x15	; 21
   022D 04                  682 	.db #0x04	; 4
   022E C7                  683 	.db #0xc7	; 199
   022F 23                  684 	.db #0x23	; 35
   0230 C3                  685 	.db #0xc3	; 195
   0231 18                  686 	.db #0x18	; 24
   0232 96                  687 	.db #0x96	; 150
   0233 05                  688 	.db #0x05	; 5
   0234 9A                  689 	.db #0x9a	; 154
   0235 07                  690 	.db #0x07	; 7
   0236 12                  691 	.db #0x12	; 18
   0237 80                  692 	.db #0x80	; 128
   0238 E2                  693 	.db #0xe2	; 226
   0239 EB                  694 	.db #0xeb	; 235
   023A 27                  695 	.db #0x27	; 39
   023B B2                  696 	.db #0xb2	; 178
   023C 75                  697 	.db #0x75	; 117	'u'
   023D 09                  698 	.db #0x09	; 9
   023E 83                  699 	.db #0x83	; 131
   023F 2C                  700 	.db #0x2c	; 44
   0240 1A                  701 	.db #0x1a	; 26
   0241 1B                  702 	.db #0x1b	; 27
   0242 6E                  703 	.db #0x6e	; 110	'n'
   0243 5A                  704 	.db #0x5a	; 90	'Z'
   0244 A0                  705 	.db #0xa0	; 160
   0245 52                  706 	.db #0x52	; 82	'R'
   0246 3B                  707 	.db #0x3b	; 59
   0247 D6                  708 	.db #0xd6	; 214
   0248 B3                  709 	.db #0xb3	; 179
   0249 29                  710 	.db #0x29	; 41
   024A E3                  711 	.db #0xe3	; 227
   024B 2F                  712 	.db #0x2f	; 47
   024C 84                  713 	.db #0x84	; 132
   024D 53                  714 	.db #0x53	; 83	'S'
   024E D1                  715 	.db #0xd1	; 209
   024F 00                  716 	.db #0x00	; 0
   0250 ED                  717 	.db #0xed	; 237
   0251 20                  718 	.db #0x20	; 32
   0252 FC                  719 	.db #0xfc	; 252
   0253 B1                  720 	.db #0xb1	; 177
   0254 5B                  721 	.db #0x5b	; 91
   0255 6A                  722 	.db #0x6a	; 106	'j'
   0256 CB                  723 	.db #0xcb	; 203
   0257 BE                  724 	.db #0xbe	; 190
   0258 39                  725 	.db #0x39	; 57	'9'
   0259 4A                  726 	.db #0x4a	; 74	'J'
   025A 4C                  727 	.db #0x4c	; 76	'L'
   025B 58                  728 	.db #0x58	; 88	'X'
   025C CF                  729 	.db #0xcf	; 207
   025D D0                  730 	.db #0xd0	; 208
   025E EF                  731 	.db #0xef	; 239
   025F AA                  732 	.db #0xaa	; 170
   0260 FB                  733 	.db #0xfb	; 251
   0261 43                  734 	.db #0x43	; 67	'C'
   0262 4D                  735 	.db #0x4d	; 77	'M'
   0263 33                  736 	.db #0x33	; 51	'3'
   0264 85                  737 	.db #0x85	; 133
   0265 45                  738 	.db #0x45	; 69	'E'
   0266 F9                  739 	.db #0xf9	; 249
   0267 02                  740 	.db #0x02	; 2
   0268 7F                  741 	.db #0x7f	; 127
   0269 50                  742 	.db #0x50	; 80	'P'
   026A 3C                  743 	.db #0x3c	; 60
   026B 9F                  744 	.db #0x9f	; 159
   026C A8                  745 	.db #0xa8	; 168
   026D 51                  746 	.db #0x51	; 81	'Q'
   026E A3                  747 	.db #0xa3	; 163
   026F 40                  748 	.db #0x40	; 64
   0270 8F                  749 	.db #0x8f	; 143
   0271 92                  750 	.db #0x92	; 146
   0272 9D                  751 	.db #0x9d	; 157
   0273 38                  752 	.db #0x38	; 56	'8'
   0274 F5                  753 	.db #0xf5	; 245
   0275 BC                  754 	.db #0xbc	; 188
   0276 B6                  755 	.db #0xb6	; 182
   0277 DA                  756 	.db #0xda	; 218
   0278 21                  757 	.db #0x21	; 33
   0279 10                  758 	.db #0x10	; 16
   027A FF                  759 	.db #0xff	; 255
   027B F3                  760 	.db #0xf3	; 243
   027C D2                  761 	.db #0xd2	; 210
   027D CD                  762 	.db #0xcd	; 205
   027E 0C                  763 	.db #0x0c	; 12
   027F 13                  764 	.db #0x13	; 19
   0280 EC                  765 	.db #0xec	; 236
   0281 5F                  766 	.db #0x5f	; 95
   0282 97                  767 	.db #0x97	; 151
   0283 44                  768 	.db #0x44	; 68	'D'
   0284 17                  769 	.db #0x17	; 23
   0285 C4                  770 	.db #0xc4	; 196
   0286 A7                  771 	.db #0xa7	; 167
   0287 7E                  772 	.db #0x7e	; 126
   0288 3D                  773 	.db #0x3d	; 61
   0289 64                  774 	.db #0x64	; 100	'd'
   028A 5D                  775 	.db #0x5d	; 93
   028B 19                  776 	.db #0x19	; 25
   028C 73                  777 	.db #0x73	; 115	's'
   028D 60                  778 	.db #0x60	; 96
   028E 81                  779 	.db #0x81	; 129
   028F 4F                  780 	.db #0x4f	; 79	'O'
   0290 DC                  781 	.db #0xdc	; 220
   0291 22                  782 	.db #0x22	; 34
   0292 2A                  783 	.db #0x2a	; 42
   0293 90                  784 	.db #0x90	; 144
   0294 88                  785 	.db #0x88	; 136
   0295 46                  786 	.db #0x46	; 70	'F'
   0296 EE                  787 	.db #0xee	; 238
   0297 B8                  788 	.db #0xb8	; 184
   0298 14                  789 	.db #0x14	; 20
   0299 DE                  790 	.db #0xde	; 222
   029A 5E                  791 	.db #0x5e	; 94
   029B 0B                  792 	.db #0x0b	; 11
   029C DB                  793 	.db #0xdb	; 219
   029D E0                  794 	.db #0xe0	; 224
   029E 32                  795 	.db #0x32	; 50	'2'
   029F 3A                  796 	.db #0x3a	; 58
   02A0 0A                  797 	.db #0x0a	; 10
   02A1 49                  798 	.db #0x49	; 73	'I'
   02A2 06                  799 	.db #0x06	; 6
   02A3 24                  800 	.db #0x24	; 36
   02A4 5C                  801 	.db #0x5c	; 92
   02A5 C2                  802 	.db #0xc2	; 194
   02A6 D3                  803 	.db #0xd3	; 211
   02A7 AC                  804 	.db #0xac	; 172
   02A8 62                  805 	.db #0x62	; 98	'b'
   02A9 91                  806 	.db #0x91	; 145
   02AA 95                  807 	.db #0x95	; 149
   02AB E4                  808 	.db #0xe4	; 228
   02AC 79                  809 	.db #0x79	; 121	'y'
   02AD E7                  810 	.db #0xe7	; 231
   02AE C8                  811 	.db #0xc8	; 200
   02AF 37                  812 	.db #0x37	; 55	'7'
   02B0 6D                  813 	.db #0x6d	; 109	'm'
   02B1 8D                  814 	.db #0x8d	; 141
   02B2 D5                  815 	.db #0xd5	; 213
   02B3 4E                  816 	.db #0x4e	; 78	'N'
   02B4 A9                  817 	.db #0xa9	; 169
   02B5 6C                  818 	.db #0x6c	; 108	'l'
   02B6 56                  819 	.db #0x56	; 86	'V'
   02B7 F4                  820 	.db #0xf4	; 244
   02B8 EA                  821 	.db #0xea	; 234
   02B9 65                  822 	.db #0x65	; 101	'e'
   02BA 7A                  823 	.db #0x7a	; 122	'z'
   02BB AE                  824 	.db #0xae	; 174
   02BC 08                  825 	.db #0x08	; 8
   02BD BA                  826 	.db #0xba	; 186
   02BE 78                  827 	.db #0x78	; 120	'x'
   02BF 25                  828 	.db #0x25	; 37
   02C0 2E                  829 	.db #0x2e	; 46
   02C1 1C                  830 	.db #0x1c	; 28
   02C2 A6                  831 	.db #0xa6	; 166
   02C3 B4                  832 	.db #0xb4	; 180
   02C4 C6                  833 	.db #0xc6	; 198
   02C5 E8                  834 	.db #0xe8	; 232
   02C6 DD                  835 	.db #0xdd	; 221
   02C7 74                  836 	.db #0x74	; 116	't'
   02C8 1F                  837 	.db #0x1f	; 31
   02C9 4B                  838 	.db #0x4b	; 75	'K'
   02CA BD                  839 	.db #0xbd	; 189
   02CB 8B                  840 	.db #0x8b	; 139
   02CC 8A                  841 	.db #0x8a	; 138
   02CD 70                  842 	.db #0x70	; 112	'p'
   02CE 3E                  843 	.db #0x3e	; 62
   02CF B5                  844 	.db #0xb5	; 181
   02D0 66                  845 	.db #0x66	; 102	'f'
   02D1 48                  846 	.db #0x48	; 72	'H'
   02D2 03                  847 	.db #0x03	; 3
   02D3 F6                  848 	.db #0xf6	; 246
   02D4 0E                  849 	.db #0x0e	; 14
   02D5 61                  850 	.db #0x61	; 97	'a'
   02D6 35                  851 	.db #0x35	; 53	'5'
   02D7 57                  852 	.db #0x57	; 87	'W'
   02D8 B9                  853 	.db #0xb9	; 185
   02D9 86                  854 	.db #0x86	; 134
   02DA C1                  855 	.db #0xc1	; 193
   02DB 1D                  856 	.db #0x1d	; 29
   02DC 9E                  857 	.db #0x9e	; 158
   02DD E1                  858 	.db #0xe1	; 225
   02DE F8                  859 	.db #0xf8	; 248
   02DF 98                  860 	.db #0x98	; 152
   02E0 11                  861 	.db #0x11	; 17
   02E1 69                  862 	.db #0x69	; 105	'i'
   02E2 D9                  863 	.db #0xd9	; 217
   02E3 8E                  864 	.db #0x8e	; 142
   02E4 94                  865 	.db #0x94	; 148
   02E5 9B                  866 	.db #0x9b	; 155
   02E6 1E                  867 	.db #0x1e	; 30
   02E7 87                  868 	.db #0x87	; 135
   02E8 E9                  869 	.db #0xe9	; 233
   02E9 CE                  870 	.db #0xce	; 206
   02EA 55                  871 	.db #0x55	; 85	'U'
   02EB 28                  872 	.db #0x28	; 40
   02EC DF                  873 	.db #0xdf	; 223
   02ED 8C                  874 	.db #0x8c	; 140
   02EE A1                  875 	.db #0xa1	; 161
   02EF 89                  876 	.db #0x89	; 137
   02F0 0D                  877 	.db #0x0d	; 13
   02F1 BF                  878 	.db #0xbf	; 191
   02F2 E6                  879 	.db #0xe6	; 230
   02F3 42                  880 	.db #0x42	; 66	'B'
   02F4 68                  881 	.db #0x68	; 104	'h'
   02F5 41                  882 	.db #0x41	; 65	'A'
   02F6 99                  883 	.db #0x99	; 153
   02F7 2D                  884 	.db #0x2d	; 45
   02F8 0F                  885 	.db #0x0f	; 15
   02F9 B0                  886 	.db #0xb0	; 176
   02FA 54                  887 	.db #0x54	; 84	'T'
   02FB BB                  888 	.db #0xbb	; 187
   02FC 16                  889 	.db #0x16	; 22
   02FD                     890 _Rcon:
   02FD 8D                  891 	.db #0x8d	; 141
   02FE 01                  892 	.db #0x01	; 1
   02FF 02                  893 	.db #0x02	; 2
   0300 04                  894 	.db #0x04	; 4
   0301 08                  895 	.db #0x08	; 8
   0302 10                  896 	.db #0x10	; 16
   0303 20                  897 	.db #0x20	; 32
   0304 40                  898 	.db #0x40	; 64
   0305 80                  899 	.db #0x80	; 128
   0306 1B                  900 	.db #0x1b	; 27
   0307 36                  901 	.db #0x36	; 54	'6'
                            902 ;cases/tinyaes/tinyaes_mode_CTR_keylen_192.c:285: void AES_init_ctx(struct AES_ctx* ctx, const uint8_t* key)
                            903 ;	genLabel
                            904 ;	genFunction
                            905 ;	---------------------------------
                            906 ; Function AES_init_ctx
                            907 ; ---------------------------------
                            908 ;	Register assignment might be sub-optimal.
                            909 ; Stack space usage: 0 bytes.
   0308                     910 _AES_init_ctx::
                            911 ;	genReceive
                            912 ;	genMove_o size 2 result type 2 source type 2 a_dead 1 hl_dead 1 de_dead 0 iy_dead 1 f_dead 1
                            913 ;	genReceive
                            914 ;	genMove_o size 2 result type 2 source type 2 a_dead 1 hl_dead 0 de_dead 1 iy_dead 1 f_dead 1
                            915 ;cases/tinyaes/tinyaes_mode_CTR_keylen_192.c:287: KeyExpansion(ctx->RoundKey, key);
                            916 ;	genCast
                            917 ;	(locations are the same)
                            918 ;	genSend
                            919 ;	genMove_o size 2 result type 2 source type 2 a_dead 1 hl_dead 0 de_dead 1 iy_dead 1 f_dead 1
                            920 ;	genSend
                            921 ;	genMove_o size 2 result type 2 source type 2 a_dead 1 hl_dead 1 de_dead 0 iy_dead 1 f_dead 1
                            922 ;	genCall
                            923 ;	genLabel
                            924 ; common peephole 159 removed unused label 00101$.
                            925 ;cases/tinyaes/tinyaes_mode_CTR_keylen_192.c:288: }
                            926 ;	genEndFunction
   0308 C3r00s00      [10]  927 	jp	_KeyExpansion
                            928 ; common peephole 152 removed unused ret.
                            929 ;	Total AES_init_ctx function size at codegen: 1 bytes.
                            930 ;cases/tinyaes/tinyaes_mode_CTR_keylen_192.c:290: void AES_init_ctx_iv(struct AES_ctx* ctx, const uint8_t* key, const uint8_t* iv)
                            931 ;	genLabel
                            932 ;	genFunction
                            933 ;	---------------------------------
                            934 ; Function AES_init_ctx_iv
                            935 ; ---------------------------------
                            936 ;	Register assignment might be sub-optimal.
                            937 ; Stack space usage: 0 bytes.
   030B                     938 _AES_init_ctx_iv::
   030B DD E5         [15]  939 	push	ix
   030D DD 21 00 00   [14]  940 	ld	ix,	#0
   0311 DD 39         [15]  941 	add	ix, sp
                            942 ;	genReceive
                            943 ;	genMove_o size 2 result type 2 source type 2 a_dead 1 hl_dead 1 de_dead 0 iy_dead 1 f_dead 1
                            944 ;	genMove_o size 0 result type 2 source type 1 a_dead 1 hl_dead 1 de_dead 0 iy_dead 1 f_dead 1
                            945 ;	genReceive
                            946 ;	genMove_o size 2 result type 2 source type 2 a_dead 1 hl_dead 1 de_dead 1 iy_dead 1 f_dead 1
                            947 ;cases/tinyaes/tinyaes_mode_CTR_keylen_192.c:292: KeyExpansion(ctx->RoundKey, key);
                            948 ;	genCast
                            949 ;	genMove_o size 2 result type 2 source type 2 a_dead 1 hl_dead 1 de_dead 0 iy_dead 1 f_dead 1
                            950 ; common peephole 104 removed redundant load from bc into hl
                            951 ;	genMove_o size 0 result type 2 source type 1 a_dead 1 hl_dead 1 de_dead 0 iy_dead 1 f_dead 1
                            952 ;	genSend
                            953 ; common peephole 173 eliminated assignment by pushing hl
   0313 E5            [11]  954 	push	hl
                            955 ;	genMove_o size 2 result type 2 source type 2 a_dead 1 hl_dead 0 de_dead 1 iy_dead 1 f_dead 1
                            956 ;	genSend
                            957 ;	genMove_o size 2 result type 2 source type 2 a_dead 1 hl_dead 1 de_dead 0 iy_dead 1 f_dead 1
                            958 ;	genCall
   0314 CDr00s00      [17]  959 	call	_KeyExpansion
   0317 C1            [10]  960 	pop	bc
                            961 ;cases/tinyaes/tinyaes_mode_CTR_keylen_192.c:293: memcpy (ctx->Iv, iv, AES_BLOCKLEN);
                            962 ;	genPlus
                            963 ;	genMove_o size 2 result type 2 source type 1 a_dead 1 hl_dead 1 de_dead 1 iy_dead 1 f_dead 1
   0318 21 D0 00      [10]  964 	ld	hl, #0x00d0
   031B 09            [11]  965 	add	hl, bc
                            966 ;	genMove_o size 2 result type 2 source type 2 a_dead 1 hl_dead 1 de_dead 1 iy_dead 1 f_dead 1
   031C EB            [ 4]  967 	ex	de, hl
                            968 ;	genMove_o size 0 result type 2 source type 1 a_dead 1 hl_dead 1 de_dead 1 iy_dead 1 f_dead 1
                            969 ;	genCast
                            970 ;	genMove_o size 2 result type 2 source type 6 a_dead 1 hl_dead 1 de_dead 0 iy_dead 1 f_dead 1
   031D DD 6E 04      [19]  971 	ld	l, 4 (ix)
   0320 DD 66 05      [19]  972 	ld	h, 5 (ix)
                            973 ;	genMove_o size 0 result type 2 source type 1 a_dead 1 hl_dead 1 de_dead 0 iy_dead 1 f_dead 1
                            974 ;	genBuiltIn
                            975 ;fetchPairLong
   0323 01 10 00      [10]  976 	ld	bc, #0x0010
   0326 ED B0         [21]  977 	ldir
                            978 ;	skipping generated iCode
                            979 ;	skipping generated iCode
                            980 ;	skipping generated iCode
                            981 ;	genLabel
                            982 ; common peephole 159 removed unused label 00101$.
                            983 ;cases/tinyaes/tinyaes_mode_CTR_keylen_192.c:294: }
                            984 ;	genEndFunction
   0328 DD E1         [14]  985 	pop	ix
   032A E1            [10]  986 	pop	hl
                            987 ;	adjustStack by 2
   032B F1            [10]  988 	pop	af
   032C E9            [ 4]  989 	jp	(hl)
                            990 ;	Total AES_init_ctx_iv function size at codegen: 9 bytes.
                            991 ;cases/tinyaes/tinyaes_mode_CTR_keylen_192.c:295: void AES_ctx_set_iv(struct AES_ctx* ctx, const uint8_t* iv)
                            992 ;	genLabel
                            993 ;	genFunction
                            994 ;	---------------------------------
                            995 ; Function AES_ctx_set_iv
                            996 ; ---------------------------------
                            997 ;	Register assignment might be sub-optimal.
                            998 ; Stack space usage: 0 bytes.
   032D                     999 _AES_ctx_set_iv::
                           1000 ;	genReceive
                           1001 ;	genMove_o size 2 result type 2 source type 2 a_dead 1 hl_dead 1 de_dead 0 iy_dead 1 f_dead 1
                           1002 ;	genReceive
                           1003 ;	genMove_o size 2 result type 2 source type 2 a_dead 1 hl_dead 0 de_dead 1 iy_dead 1 f_dead 1
                           1004 ;cases/tinyaes/tinyaes_mode_CTR_keylen_192.c:297: memcpy (ctx->Iv, iv, AES_BLOCKLEN);
                           1005 ;	genPlus
                           1006 ;fetchPairLong
   032D 01 D0 00      [10] 1007 	ld	bc, #0x00d0
   0330 09            [11] 1008 	add	hl, bc
                           1009 ;	genCast
                           1010 ;	(locations are the same)
                           1011 ;	genBuiltIn
   0331 EB            [ 4] 1012 	ex	de, hl
                           1013 ;fetchPairLong
   0332 01 10 00      [10] 1014 	ld	bc, #0x0010
   0335 ED B0         [21] 1015 	ldir
                           1016 ;	skipping generated iCode
                           1017 ;	skipping generated iCode
                           1018 ;	skipping generated iCode
                           1019 ;	genLabel
                           1020 ; common peephole 159 removed unused label 00101$.
                           1021 ;cases/tinyaes/tinyaes_mode_CTR_keylen_192.c:298: }
                           1022 ;	genEndFunction
   0337 C9            [10] 1023 	ret
                           1024 ;	Total AES_ctx_set_iv function size at codegen: 5 bytes.
                           1025 ;cases/tinyaes/tinyaes_mode_CTR_keylen_192.c:303: static void AddRoundKey(uint8_t round, state_t* state, const uint8_t* RoundKey)
                           1026 ;	genLabel
                           1027 ;	genFunction
                           1028 ;	---------------------------------
                           1029 ; Function AddRoundKey
                           1030 ; ---------------------------------
                           1031 ;	Register assignment might be sub-optimal.
                           1032 ; Stack space usage: 5 bytes.
   0338                    1033 _AddRoundKey:
   0338 DD E5         [15] 1034 	push	ix
   033A DD 21 00 00   [14] 1035 	ld	ix,	#0
   033E DD 39         [15] 1036 	add	ix, sp
                           1037 ;	adjustStack by -5
   0340 21 FB FF      [10] 1038 	ld	hl, #-5
   0343 39            [11] 1039 	add	hl, sp
   0344 F9            [ 6] 1040 	ld	sp, hl
                           1041 ;	genReceive
                           1042 ;	genMove_o size 1 result type 6 source type 2 a_dead 1 hl_dead 1 de_dead 0 iy_dead 1 f_dead 1
   0345 DD 77 FD      [19] 1043 	ld	-3 (ix), a
                           1044 ;	genMove_o size 0 result type 6 source type 1 a_dead 1 hl_dead 1 de_dead 0 iy_dead 1 f_dead 1
                           1045 ;	genReceive
                           1046 ;	genMove_o size 2 result type 2 source type 2 a_dead 1 hl_dead 1 de_dead 1 iy_dead 1 f_dead 1
                           1047 ;cases/tinyaes/tinyaes_mode_CTR_keylen_192.c:306: for (i = 0; i < 4; ++i)
                           1048 ;	genAssign
                           1049 ;	genMove_o size 1 result type 6 source type 1 a_dead 1 hl_dead 1 de_dead 0 iy_dead 1 f_dead 1
   0348 DD 36 FE 00   [19] 1050 	ld	-2 (ix), #0x00
                           1051 ;cases/tinyaes/tinyaes_mode_CTR_keylen_192.c:308: for (j = 0; j < 4; ++j)
                           1052 ;	genLabel
   034C                    1053 00112$:
                           1054 ;	genLeftShift
   034C DD 7E FE      [19] 1055 	ld	a, -2 (ix)
   034F 87            [ 4] 1056 	add	a, a
   0350 87            [ 4] 1057 	add	a, a
                           1058 ;	genPlus
   0351 83            [ 4] 1059 	add	a, e
   0352 DD 77 FB      [19] 1060 	ld	-5 (ix), a
   0355 3E 00         [ 7] 1061 	ld	a, #0x00
   0357 8A            [ 4] 1062 	adc	a, d
   0358 DD 77 FC      [19] 1063 	ld	-4 (ix), a
                           1064 ;	genAssign
                           1065 ;	genMove_o size 1 result type 6 source type 1 a_dead 1 hl_dead 1 de_dead 0 iy_dead 1 f_dead 1
   035B DD 36 FF 00   [19] 1066 	ld	-1 (ix), #0x00
                           1067 ;	genLabel
   035F                    1068 00103$:
                           1069 ;cases/tinyaes/tinyaes_mode_CTR_keylen_192.c:310: (*state)[i][j] ^= RoundKey[(round * Nb * 4) + (i * Nb) + j];
                           1070 ;	genPlus
   035F DD 7E FB      [19] 1071 	ld	a, -5 (ix)
   0362 DD 86 FF      [19] 1072 	add	a, -1 (ix)
   0365 6F            [ 4] 1073 	ld	l, a
   0366 DD 7E FC      [19] 1074 	ld	a, -4 (ix)
   0369 CE 00         [ 7] 1075 	adc	a, #0x00
   036B 67            [ 4] 1076 	ld	h, a
                           1077 ;	genCast
                           1078 ;	genMove_o size 1 result type 2 source type 6 a_dead 1 hl_dead 0 de_dead 0 iy_dead 1 f_dead 1
   036C DD 4E FD      [19] 1079 	ld	c, -3 (ix)
                           1080 ;	genMove_o size 0 result type 2 source type 1 a_dead 1 hl_dead 0 de_dead 0 iy_dead 1 f_dead 1
                           1081 ;	genMove_o size 1 result type 2 source type 1 a_dead 1 hl_dead 0 de_dead 0 iy_dead 0 f_dead 1
   036F 06 00         [ 7] 1082 	ld	b, #0x00
                           1083 ;	genLeftShift
                           1084 ;	genMove_o size 2 result type 2 source type 2 a_dead 1 hl_dead 0 de_dead 0 iy_dead 1 f_dead 1
   0371 C5            [11] 1085 	push	bc
   0372 FD E1         [14] 1086 	pop	iy
                           1087 ;	genMove_o size 0 result type 2 source type 1 a_dead 1 hl_dead 0 de_dead 0 iy_dead 1 f_dead 1
   0374 FD 29         [15] 1088 	add	iy, iy
   0376 FD 29         [15] 1089 	add	iy, iy
   0378 FD 29         [15] 1090 	add	iy, iy
   037A FD 29         [15] 1091 	add	iy, iy
                           1092 ;	genCast
                           1093 ;	genMove_o size 1 result type 2 source type 6 a_dead 1 hl_dead 0 de_dead 0 iy_dead 0 f_dead 1
   037C DD 7E FE      [19] 1094 	ld	a, -2 (ix)
                           1095 ;	genMove_o size 0 result type 2 source type 1 a_dead 1 hl_dead 0 de_dead 0 iy_dead 0 f_dead 1
                           1096 ;	genMove_o size 1 result type 2 source type 1 a_dead 0 hl_dead 0 de_dead 0 iy_dead 0 f_dead 1
   037F 06 00         [ 7] 1097 	ld	b, #0x00
                           1098 ;	genLeftShift
                           1099 ;	genMove_o size 2 result type 2 source type 2 a_dead 1 hl_dead 0 de_dead 0 iy_dead 1 f_dead 1
   0381 87            [ 4] 1100 	add	a, a
   0382 CB 10         [ 8] 1101 	rl	b
   0384 87            [ 4] 1102 	add	a, a
   0385 CB 10         [ 8] 1103 	rl	b
                           1104 ;	genPlus
                           1105 ;	genMove_o size 2 result type 2 source type 2 a_dead 1 hl_dead 0 de_dead 0 iy_dead 1 f_dead 1
                           1106 ;	genMove_o size 2 result type 2 source type 2 a_dead 1 hl_dead 0 de_dead 0 iy_dead 1 f_dead 1
   0387 4F            [ 4] 1107 	ld	c, a
                           1108 ;	genMove_o size 0 result type 2 source type 1 a_dead 1 hl_dead 0 de_dead 0 iy_dead 1 f_dead 1
   0388 FD 09         [15] 1109 	add	iy, bc
                           1110 ;	genCast
                           1111 ;	genMove_o size 1 result type 2 source type 6 a_dead 1 hl_dead 0 de_dead 0 iy_dead 0 f_dead 1
   038A DD 4E FF      [19] 1112 	ld	c, -1 (ix)
                           1113 ;	genMove_o size 0 result type 2 source type 1 a_dead 1 hl_dead 0 de_dead 0 iy_dead 0 f_dead 1
                           1114 ;	genMove_o size 1 result type 2 source type 1 a_dead 1 hl_dead 0 de_dead 0 iy_dead 0 f_dead 1
   038D 06 00         [ 7] 1115 	ld	b, #0x00
                           1116 ;	genPlus
   038F FD E5         [15] 1117 	push	iy
   0391 DD 7E F9      [19] 1118 	ld	a, -7 (ix)
   0394 FD E1         [14] 1119 	pop	iy
   0396 81            [ 4] 1120 	add	a, c
   0397 4F            [ 4] 1121 	ld	c, a
   0398 FD E5         [15] 1122 	push	iy
   039A DD 7E FA      [19] 1123 	ld	a, -6 (ix)
   039D FD E1         [14] 1124 	pop	iy
   039F 88            [ 4] 1125 	adc	a, b
   03A0 47            [ 4] 1126 	ld	b, a
                           1127 ;	genPlus
   03A1 79            [ 4] 1128 	ld	a, c
   03A2 DD 86 04      [19] 1129 	add	a, 4 (ix)
   03A5 4F            [ 4] 1130 	ld	c, a
   03A6 78            [ 4] 1131 	ld	a, b
   03A7 DD 8E 05      [19] 1132 	adc	a, 5 (ix)
   03AA 47            [ 4] 1133 	ld	b, a
                           1134 ;	genPointerGet
   03AB 0A            [ 7] 1135 	ld	a, (bc)
                           1136 ;	genMove_o size 1 result type 2 source type 2 a_dead 1 hl_dead 0 de_dead 0 iy_dead 1 f_dead 1
                           1137 ;	genPointerGet
   03AC 4E            [ 7] 1138 	ld	c, (hl)
                           1139 ;	genXor
   03AD A9            [ 4] 1140 	xor	a, c
                           1141 ;	genMove_o size 1 result type 2 source type 2 a_dead 1 hl_dead 0 de_dead 0 iy_dead 1 f_dead 1
                           1142 ;	genPointerSet
   03AE 77            [ 7] 1143 	ld	(hl), a
                           1144 ;cases/tinyaes/tinyaes_mode_CTR_keylen_192.c:308: for (j = 0; j < 4; ++j)
                           1145 ;	genPlus
   03AF DD 34 FF      [23] 1146 	inc	-1 (ix)
                           1147 ;	genCmpLt
   03B2 DD 7E FF      [19] 1148 	ld	a, -1 (ix)
   03B5 D6 04         [ 7] 1149 	sub	a, #0x04
                           1150 ; common peephole 163 changed absolute to relative conditional jump.
   03B7 38 A6         [12] 1151 	jr	c, 00103$
                           1152 ;	skipping generated iCode
                           1153 ;cases/tinyaes/tinyaes_mode_CTR_keylen_192.c:306: for (i = 0; i < 4; ++i)
                           1154 ;	genPlus
   03B9 DD 34 FE      [23] 1155 	inc	-2 (ix)
                           1156 ;	genCmpLt
   03BC DD 7E FE      [19] 1157 	ld	a, -2 (ix)
   03BF D6 04         [ 7] 1158 	sub	a, #0x04
                           1159 ; common peephole 163 changed absolute to relative conditional jump.
   03C1 38 89         [12] 1160 	jr	c, 00112$
                           1161 ;	skipping generated iCode
                           1162 ;	genLabel
                           1163 ; common peephole 159 removed unused label 00107$.
                           1164 ;cases/tinyaes/tinyaes_mode_CTR_keylen_192.c:313: }
                           1165 ;	genEndFunction
   03C3 DD F9         [10] 1166 	ld	sp, ix
   03C5 DD E1         [14] 1167 	pop	ix
   03C7 E1            [10] 1168 	pop	hl
                           1169 ;	adjustStack by 2
   03C8 F1            [10] 1170 	pop	af
   03C9 E9            [ 4] 1171 	jp	(hl)
                           1172 ;	Total AddRoundKey function size at codegen: 7 bytes.
                           1173 ;cases/tinyaes/tinyaes_mode_CTR_keylen_192.c:317: static void SubBytes(state_t* state)
                           1174 ;	genLabel
                           1175 ;	genFunction
                           1176 ;	---------------------------------
                           1177 ; Function SubBytes
                           1178 ; ---------------------------------
                           1179 ;	Register assignment might be sub-optimal.
                           1180 ; Stack space usage: 2 bytes.
   03CA                    1181 _SubBytes:
   03CA DD E5         [15] 1182 	push	ix
   03CC DD 21 00 00   [14] 1183 	ld	ix,	#0
   03D0 DD 39         [15] 1184 	add	ix, sp
                           1185 ;	adjustStack by -2
   03D2 F5            [11] 1186 	push	af
                           1187 ;	genReceive
                           1188 ;	genMove_o size 2 result type 2 source type 2 a_dead 1 hl_dead 1 de_dead 1 iy_dead 1 f_dead 1
   03D3 EB            [ 4] 1189 	ex	de, hl
                           1190 ;	genMove_o size 0 result type 2 source type 1 a_dead 1 hl_dead 1 de_dead 1 iy_dead 1 f_dead 1
                           1191 ;cases/tinyaes/tinyaes_mode_CTR_keylen_192.c:320: for (i = 0; i < 4; ++i)
                           1192 ;	skipping iCode since result will be rematerialized
                           1193 ;	genAssign
                           1194 ;	genMove_o size 1 result type 2 source type 1 a_dead 1 hl_dead 1 de_dead 0 iy_dead 1 f_dead 1
   03D4 0E 00         [ 7] 1195 	ld	c, #0x00
                           1196 ;cases/tinyaes/tinyaes_mode_CTR_keylen_192.c:322: for (j = 0; j < 4; ++j)
                           1197 ;	genLabel
   03D6                    1198 00112$:
                           1199 ;	genAssign
                           1200 ;	genMove_o size 1 result type 2 source type 1 a_dead 1 hl_dead 1 de_dead 0 iy_dead 1 f_dead 1
   03D6 06 00         [ 7] 1201 	ld	b, #0x00
                           1202 ;	genLabel
   03D8                    1203 00103$:
                           1204 ;cases/tinyaes/tinyaes_mode_CTR_keylen_192.c:324: (*state)[j][i] = getSBoxValue((*state)[j][i]);
                           1205 ;	genLeftShift
   03D8 78            [ 4] 1206 	ld	a, b
   03D9 87            [ 4] 1207 	add	a, a
   03DA 87            [ 4] 1208 	add	a, a
                           1209 ;	genPlus
                           1210 ;	genMove_o size 2 result type 2 source type 2 a_dead 1 hl_dead 1 de_dead 0 iy_dead 1 f_dead 1
   03DB 6F            [ 4] 1211 	ld	l, a
                           1212 ;	genMove_o size 1 result type 2 source type 1 a_dead 1 hl_dead 0 de_dead 0 iy_dead 1 f_dead 1
   03DC 26 00         [ 7] 1213 	ld	h, #0x00
   03DE 19            [11] 1214 	add	hl, de
                           1215 ;	genPlus
   03DF 7D            [ 4] 1216 	ld	a, l
   03E0 81            [ 4] 1217 	add	a, c
   03E1 DD 77 FE      [19] 1218 	ld	-2 (ix), a
   03E4 7C            [ 4] 1219 	ld	a, h
   03E5 CE 00         [ 7] 1220 	adc	a, #0x00
   03E7 DD 77 FF      [19] 1221 	ld	-1 (ix), a
                           1222 ;	genPointerGet
                           1223 ;fetchPairLong
   03EA E1            [10] 1224 	pop	hl
   03EB E5            [11] 1225 	push	hl
                           1226 ;	_moveFrom_tpair_()
   03EC 7E            [ 7] 1227 	ld	a, (hl)
                           1228 ;	genPlus
   03ED C6rFD         [ 7] 1229 	add	a, #<(_sbox)
   03EF 6F            [ 4] 1230 	ld	l, a
   03F0 3E 00         [ 7] 1231 	ld	a, #0x00
   03F2 CEs01         [ 7] 1232 	adc	a, #>(_sbox)
                           1233 ;	genPointerGet
                           1234 ;fetchPairLong
   03F4 67            [ 4] 1235 	ld	h, a
                           1236 ;	_moveFrom_tpair_()
   03F5 7E            [ 7] 1237 	ld	a, (hl)
                           1238 ;	genPointerSet
                           1239 ;	genMove_o size 2 result type 2 source type 6 a_dead 0 hl_dead 1 de_dead 0 iy_dead 1 f_dead 1
   03F6 E1            [10] 1240 	pop	hl
   03F7 E5            [11] 1241 	push	hl
                           1242 ;	genMove_o size 0 result type 2 source type 1 a_dead 0 hl_dead 1 de_dead 0 iy_dead 1 f_dead 1
   03F8 77            [ 7] 1243 	ld	(hl), a
                           1244 ;cases/tinyaes/tinyaes_mode_CTR_keylen_192.c:322: for (j = 0; j < 4; ++j)
                           1245 ;	genPlus
   03F9 04            [ 4] 1246 	inc	b
                           1247 ;	genCmpLt
   03FA 78            [ 4] 1248 	ld	a, b
   03FB D6 04         [ 7] 1249 	sub	a, #0x04
                           1250 ; common peephole 163 changed absolute to relative conditional jump.
   03FD 38 D9         [12] 1251 	jr	c, 00103$
                           1252 ;	skipping generated iCode
                           1253 ;cases/tinyaes/tinyaes_mode_CTR_keylen_192.c:320: for (i = 0; i < 4; ++i)
                           1254 ;	genPlus
   03FF 0C            [ 4] 1255 	inc	c
                           1256 ;	genCmpLt
   0400 79            [ 4] 1257 	ld	a, c
   0401 D6 04         [ 7] 1258 	sub	a, #0x04
                           1259 ; common peephole 163 changed absolute to relative conditional jump.
   0403 38 D1         [12] 1260 	jr	c, 00112$
                           1261 ;	skipping generated iCode
                           1262 ;	genLabel
                           1263 ; common peephole 159 removed unused label 00107$.
                           1264 ;cases/tinyaes/tinyaes_mode_CTR_keylen_192.c:327: }
                           1265 ;	genEndFunction
   0405 DD F9         [10] 1266 	ld	sp, ix
   0407 DD E1         [14] 1267 	pop	ix
   0409 C9            [10] 1268 	ret
                           1269 ;	Total SubBytes function size at codegen: 5 bytes.
                           1270 ;cases/tinyaes/tinyaes_mode_CTR_keylen_192.c:332: static void ShiftRows(state_t* state)
                           1271 ;	genLabel
                           1272 ;	genFunction
                           1273 ;	---------------------------------
                           1274 ; Function ShiftRows
                           1275 ; ---------------------------------
                           1276 ;	Register assignment might be sub-optimal.
                           1277 ; Stack space usage: 1 bytes.
   040A                    1278 _ShiftRows:
   040A DD E5         [15] 1279 	push	ix
   040C DD 21 00 00   [14] 1280 	ld	ix,	#0
   0410 DD 39         [15] 1281 	add	ix, sp
                           1282 ;	adjustStack by -1
   0412 3B            [ 6] 1283 	dec	sp
                           1284 ;	genReceive
                           1285 ;	genMove_o size 2 result type 2 source type 2 a_dead 1 hl_dead 1 de_dead 1 iy_dead 1 f_dead 1
   0413 EB            [ 4] 1286 	ex	de, hl
                           1287 ;	genMove_o size 0 result type 2 source type 1 a_dead 1 hl_dead 1 de_dead 1 iy_dead 1 f_dead 1
                           1288 ;cases/tinyaes/tinyaes_mode_CTR_keylen_192.c:337: temp           = (*state)[0][1];
                           1289 ;	genPlus
                           1290 ;	genMove_o size 2 result type 2 source type 2 a_dead 1 hl_dead 1 de_dead 0 iy_dead 1 f_dead 1
   0414 4B            [ 4] 1291 	ld	c, e
   0415 42            [ 4] 1292 	ld	b, d
                           1293 ;	genMove_o size 0 result type 2 source type 1 a_dead 1 hl_dead 1 de_dead 0 iy_dead 1 f_dead 1
   0416 03            [ 6] 1294 	inc	bc
                           1295 ;	genPointerGet
   0417 0A            [ 7] 1296 	ld	a, (bc)
                           1297 ;	genMove_o size 1 result type 6 source type 2 a_dead 1 hl_dead 1 de_dead 0 iy_dead 1 f_dead 1
   0418 DD 77 FF      [19] 1298 	ld	-1 (ix), a
                           1299 ;	genMove_o size 0 result type 6 source type 1 a_dead 1 hl_dead 1 de_dead 0 iy_dead 1 f_dead 1
                           1300 ;cases/tinyaes/tinyaes_mode_CTR_keylen_192.c:338: (*state)[0][1] = (*state)[1][1];
                           1301 ;	genPlus
                           1302 ;fetchPairLong
   041B 21 05 00      [10] 1303 	ld	hl, #0x0005
   041E 19            [11] 1304 	add	hl, de
                           1305 ;	genPointerGet
   041F 7E            [ 7] 1306 	ld	a, (hl)
                           1307 ;	genPointerSet
                           1308 ;	genMove_o size 1 result type 2 source type 2 a_dead 1 hl_dead 0 de_dead 0 iy_dead 1 f_dead 1
   0420 02            [ 7] 1309 	ld	(bc), a
                           1310 ;cases/tinyaes/tinyaes_mode_CTR_keylen_192.c:339: (*state)[1][1] = (*state)[2][1];
                           1311 ;	genPlus
   0421 7B            [ 4] 1312 	ld	a, e
   0422 C6 09         [ 7] 1313 	add	a, #0x09
   0424 4F            [ 4] 1314 	ld	c, a
   0425 7A            [ 4] 1315 	ld	a, d
   0426 CE 00         [ 7] 1316 	adc	a, #0x00
   0428 47            [ 4] 1317 	ld	b, a
                           1318 ;	genPointerGet
   0429 0A            [ 7] 1319 	ld	a, (bc)
                           1320 ;	genMove_o size 1 result type 2 source type 2 a_dead 1 hl_dead 0 de_dead 0 iy_dead 1 f_dead 1
                           1321 ;	genPointerSet
   042A 77            [ 7] 1322 	ld	(hl), a
                           1323 ;cases/tinyaes/tinyaes_mode_CTR_keylen_192.c:340: (*state)[2][1] = (*state)[3][1];
                           1324 ;	genPlus
                           1325 ;fetchPairLong
   042B 21 0D 00      [10] 1326 	ld	hl, #0x000d
   042E 19            [11] 1327 	add	hl, de
                           1328 ;	genPointerGet
   042F 7E            [ 7] 1329 	ld	a, (hl)
                           1330 ;	genPointerSet
                           1331 ;	genMove_o size 1 result type 2 source type 2 a_dead 1 hl_dead 0 de_dead 0 iy_dead 1 f_dead 1
   0430 02            [ 7] 1332 	ld	(bc), a
                           1333 ;cases/tinyaes/tinyaes_mode_CTR_keylen_192.c:341: (*state)[3][1] = temp;
                           1334 ;	genPointerSet
                           1335 ;	genMove_o size 1 result type 2 source type 6 a_dead 1 hl_dead 0 de_dead 0 iy_dead 1 f_dead 1
   0431 DD 7E FF      [19] 1336 	ld	a, -1 (ix)
                           1337 ;	genMove_o size 0 result type 2 source type 1 a_dead 1 hl_dead 0 de_dead 0 iy_dead 1 f_dead 1
   0434 77            [ 7] 1338 	ld	(hl), a
                           1339 ;cases/tinyaes/tinyaes_mode_CTR_keylen_192.c:344: temp           = (*state)[0][2];
                           1340 ;	genPlus
                           1341 ;	genMove_o size 2 result type 2 source type 2 a_dead 1 hl_dead 1 de_dead 0 iy_dead 1 f_dead 1
   0435 4B            [ 4] 1342 	ld	c, e
   0436 42            [ 4] 1343 	ld	b, d
                           1344 ;	genMove_o size 0 result type 2 source type 1 a_dead 1 hl_dead 1 de_dead 0 iy_dead 1 f_dead 1
   0437 03            [ 6] 1345 	inc	bc
   0438 03            [ 6] 1346 	inc	bc
                           1347 ;	genPointerGet
   0439 0A            [ 7] 1348 	ld	a, (bc)
                           1349 ;	genMove_o size 1 result type 6 source type 2 a_dead 1 hl_dead 1 de_dead 0 iy_dead 1 f_dead 1
   043A DD 77 FF      [19] 1350 	ld	-1 (ix), a
                           1351 ;	genMove_o size 0 result type 6 source type 1 a_dead 1 hl_dead 1 de_dead 0 iy_dead 1 f_dead 1
                           1352 ;cases/tinyaes/tinyaes_mode_CTR_keylen_192.c:345: (*state)[0][2] = (*state)[2][2];
                           1353 ;	genPlus
                           1354 ;fetchPairLong
   043D 21 0A 00      [10] 1355 	ld	hl, #0x000a
   0440 19            [11] 1356 	add	hl, de
                           1357 ;	genPointerGet
   0441 7E            [ 7] 1358 	ld	a, (hl)
                           1359 ;	genPointerSet
                           1360 ;	genMove_o size 1 result type 2 source type 2 a_dead 1 hl_dead 0 de_dead 0 iy_dead 1 f_dead 1
   0442 02            [ 7] 1361 	ld	(bc), a
                           1362 ;cases/tinyaes/tinyaes_mode_CTR_keylen_192.c:346: (*state)[2][2] = temp;
                           1363 ;	genPointerSet
                           1364 ;	genMove_o size 1 result type 2 source type 6 a_dead 1 hl_dead 0 de_dead 0 iy_dead 1 f_dead 1
   0443 DD 7E FF      [19] 1365 	ld	a, -1 (ix)
                           1366 ;	genMove_o size 0 result type 2 source type 1 a_dead 1 hl_dead 0 de_dead 0 iy_dead 1 f_dead 1
   0446 77            [ 7] 1367 	ld	(hl), a
                           1368 ;cases/tinyaes/tinyaes_mode_CTR_keylen_192.c:348: temp           = (*state)[1][2];
                           1369 ;	genPlus
                           1370 ;	genMove_o size 2 result type 2 source type 1 a_dead 1 hl_dead 1 de_dead 0 iy_dead 1 f_dead 1
   0447 21 06 00      [10] 1371 	ld	hl, #0x0006
   044A 19            [11] 1372 	add	hl, de
                           1373 ;	genMove_o size 2 result type 2 source type 2 a_dead 1 hl_dead 1 de_dead 0 iy_dead 1 f_dead 1
   044B 4D            [ 4] 1374 	ld	c, l
   044C 44            [ 4] 1375 	ld	b, h
                           1376 ;	genMove_o size 0 result type 2 source type 1 a_dead 1 hl_dead 1 de_dead 0 iy_dead 1 f_dead 1
                           1377 ;	genPointerGet
   044D 0A            [ 7] 1378 	ld	a, (bc)
                           1379 ;	genMove_o size 1 result type 6 source type 2 a_dead 1 hl_dead 1 de_dead 0 iy_dead 1 f_dead 1
   044E DD 77 FF      [19] 1380 	ld	-1 (ix), a
                           1381 ;	genMove_o size 0 result type 6 source type 1 a_dead 1 hl_dead 1 de_dead 0 iy_dead 1 f_dead 1
                           1382 ;cases/tinyaes/tinyaes_mode_CTR_keylen_192.c:349: (*state)[1][2] = (*state)[3][2];
                           1383 ;	genPlus
                           1384 ;fetchPairLong
   0451 21 0E 00      [10] 1385 	ld	hl, #0x000e
   0454 19            [11] 1386 	add	hl, de
                           1387 ;	genPointerGet
   0455 7E            [ 7] 1388 	ld	a, (hl)
                           1389 ;	genPointerSet
                           1390 ;	genMove_o size 1 result type 2 source type 2 a_dead 1 hl_dead 0 de_dead 0 iy_dead 1 f_dead 1
   0456 02            [ 7] 1391 	ld	(bc), a
                           1392 ;cases/tinyaes/tinyaes_mode_CTR_keylen_192.c:350: (*state)[3][2] = temp;
                           1393 ;	genPointerSet
                           1394 ;	genMove_o size 1 result type 2 source type 6 a_dead 1 hl_dead 0 de_dead 0 iy_dead 1 f_dead 1
   0457 DD 7E FF      [19] 1395 	ld	a, -1 (ix)
                           1396 ;	genMove_o size 0 result type 2 source type 1 a_dead 1 hl_dead 0 de_dead 0 iy_dead 1 f_dead 1
   045A 77            [ 7] 1397 	ld	(hl), a
                           1398 ;cases/tinyaes/tinyaes_mode_CTR_keylen_192.c:353: temp           = (*state)[0][3];
                           1399 ;	genPlus
                           1400 ;	genMove_o size 2 result type 2 source type 2 a_dead 1 hl_dead 1 de_dead 0 iy_dead 1 f_dead 1
   045B 4B            [ 4] 1401 	ld	c, e
   045C 42            [ 4] 1402 	ld	b, d
                           1403 ;	genMove_o size 0 result type 2 source type 1 a_dead 1 hl_dead 1 de_dead 0 iy_dead 1 f_dead 1
   045D 03            [ 6] 1404 	inc	bc
   045E 03            [ 6] 1405 	inc	bc
   045F 03            [ 6] 1406 	inc	bc
                           1407 ;	genPointerGet
   0460 0A            [ 7] 1408 	ld	a, (bc)
                           1409 ;	genMove_o size 1 result type 6 source type 2 a_dead 1 hl_dead 1 de_dead 0 iy_dead 1 f_dead 1
   0461 DD 77 FF      [19] 1410 	ld	-1 (ix), a
                           1411 ;	genMove_o size 0 result type 6 source type 1 a_dead 1 hl_dead 1 de_dead 0 iy_dead 1 f_dead 1
                           1412 ;cases/tinyaes/tinyaes_mode_CTR_keylen_192.c:354: (*state)[0][3] = (*state)[3][3];
                           1413 ;	genPlus
                           1414 ;fetchPairLong
   0464 21 0F 00      [10] 1415 	ld	hl, #0x000f
   0467 19            [11] 1416 	add	hl, de
                           1417 ;	genPointerGet
   0468 7E            [ 7] 1418 	ld	a, (hl)
                           1419 ;	genPointerSet
                           1420 ;	genMove_o size 1 result type 2 source type 2 a_dead 1 hl_dead 0 de_dead 0 iy_dead 1 f_dead 1
   0469 02            [ 7] 1421 	ld	(bc), a
                           1422 ;cases/tinyaes/tinyaes_mode_CTR_keylen_192.c:355: (*state)[3][3] = (*state)[2][3];
                           1423 ;	genPlus
   046A 7B            [ 4] 1424 	ld	a, e
   046B C6 0B         [ 7] 1425 	add	a, #0x0b
   046D 4F            [ 4] 1426 	ld	c, a
   046E 7A            [ 4] 1427 	ld	a, d
   046F CE 00         [ 7] 1428 	adc	a, #0x00
   0471 47            [ 4] 1429 	ld	b, a
                           1430 ;	genPointerGet
   0472 0A            [ 7] 1431 	ld	a, (bc)
                           1432 ;	genMove_o size 1 result type 2 source type 2 a_dead 1 hl_dead 0 de_dead 0 iy_dead 1 f_dead 1
                           1433 ;	genPointerSet
   0473 77            [ 7] 1434 	ld	(hl), a
                           1435 ;cases/tinyaes/tinyaes_mode_CTR_keylen_192.c:356: (*state)[2][3] = (*state)[1][3];
                           1436 ;	genPlus
                           1437 ;fetchPairLong
   0474 21 07 00      [10] 1438 	ld	hl, #0x0007
   0477 19            [11] 1439 	add	hl, de
                           1440 ;	genPointerGet
   0478 7E            [ 7] 1441 	ld	a, (hl)
                           1442 ;	genPointerSet
                           1443 ;	genMove_o size 1 result type 2 source type 2 a_dead 1 hl_dead 0 de_dead 0 iy_dead 1 f_dead 1
   0479 02            [ 7] 1444 	ld	(bc), a
                           1445 ;cases/tinyaes/tinyaes_mode_CTR_keylen_192.c:357: (*state)[1][3] = temp;
                           1446 ;	genPointerSet
                           1447 ;	genMove_o size 1 result type 2 source type 6 a_dead 1 hl_dead 0 de_dead 0 iy_dead 1 f_dead 1
   047A DD 7E FF      [19] 1448 	ld	a, -1 (ix)
                           1449 ;	genMove_o size 0 result type 2 source type 1 a_dead 1 hl_dead 0 de_dead 0 iy_dead 1 f_dead 1
   047D 77            [ 7] 1450 	ld	(hl), a
                           1451 ;	genLabel
                           1452 ; common peephole 159 removed unused label 00101$.
                           1453 ;cases/tinyaes/tinyaes_mode_CTR_keylen_192.c:358: }
                           1454 ;	genEndFunction
                           1455 ;	adjustStack by 1
   047E 33            [ 6] 1456 	inc	sp
   047F DD E1         [14] 1457 	pop	ix
   0481 C9            [10] 1458 	ret
                           1459 ;	Total ShiftRows function size at codegen: 4 bytes.
                           1460 ;cases/tinyaes/tinyaes_mode_CTR_keylen_192.c:360: static uint8_t xtime(uint8_t x)
                           1461 ;	genLabel
                           1462 ;	genFunction
                           1463 ;	---------------------------------
                           1464 ; Function xtime
                           1465 ; ---------------------------------
                           1466 ;	Register assignment might be sub-optimal.
                           1467 ; Stack space usage: 0 bytes.
   0482                    1468 _xtime:
                           1469 ;	genReceive
                           1470 ;	genMove_o size 1 result type 2 source type 2 a_dead 1 hl_dead 1 de_dead 1 iy_dead 1 f_dead 1
                           1471 ;cases/tinyaes/tinyaes_mode_CTR_keylen_192.c:362: return ((x<<1) ^ (((x>>7) & 1) * 0x1b));
                           1472 ;	genLeftShift
   0482 4F            [ 4] 1473 	ld	c, a
   0483 CB 21         [ 8] 1474 	sla	c
                           1475 ;	genGetAbit
   0485 07            [ 4] 1476 	rlca
   0486 E6 01         [ 7] 1477 	and	a, #0x01
                           1478 ;	genMove_o size 0 result type 2 source type 1 a_dead 1 hl_dead 0 de_dead 0 iy_dead 1 f_dead 1
                           1479 ;	genMult
   0488 5F            [ 4] 1480 	ld	e, a
   0489 87            [ 4] 1481 	add	a, a
   048A 87            [ 4] 1482 	add	a, a
   048B 87            [ 4] 1483 	add	a, a
   048C 93            [ 4] 1484 	sub	a, e
   048D 87            [ 4] 1485 	add	a, a
   048E 87            [ 4] 1486 	add	a, a
   048F 93            [ 4] 1487 	sub	a, e
                           1488 ;	genMove_o size 1 result type 2 source type 2 a_dead 1 hl_dead 1 de_dead 1 iy_dead 1 f_dead 1
                           1489 ;	genXor
   0490 A9            [ 4] 1490 	xor	a, c
                           1491 ;	genMove_o size 1 result type 2 source type 2 a_dead 1 hl_dead 1 de_dead 1 iy_dead 1 f_dead 1
                           1492 ;	genRet
                           1493 ;	genMove_o size 1 result type 2 source type 2 a_dead 1 hl_dead 1 de_dead 1 iy_dead 1 f_dead 1
                           1494 ;	genLabel
                           1495 ; common peephole 159 removed unused label 00101$.
                           1496 ;cases/tinyaes/tinyaes_mode_CTR_keylen_192.c:363: }
                           1497 ;	genEndFunction
   0491 C9            [10] 1498 	ret
                           1499 ;	Total xtime function size at codegen: 1 bytes.
                           1500 ;cases/tinyaes/tinyaes_mode_CTR_keylen_192.c:366: static void MixColumns(state_t* state)
                           1501 ;	genLabel
                           1502 ;	genFunction
                           1503 ;	---------------------------------
                           1504 ; Function MixColumns
                           1505 ; ---------------------------------
                           1506 ;	Register assignment might be sub-optimal.
                           1507 ; Stack space usage: 12 bytes.
   0492                    1508 _MixColumns:
   0492 DD E5         [15] 1509 	push	ix
   0494 DD 21 00 00   [14] 1510 	ld	ix,	#0
   0498 DD 39         [15] 1511 	add	ix, sp
                           1512 ;	adjustStack by -12
   049A FD 21 F4 FF   [14] 1513 	ld	iy, #-12
   049E FD 39         [15] 1514 	add	iy, sp
   04A0 FD F9         [10] 1515 	ld	sp, iy
                           1516 ;	genReceive
                           1517 ;	genMove_o size 2 result type 6 source type 2 a_dead 1 hl_dead 1 de_dead 1 iy_dead 1 f_dead 1
   04A2 DD 75 FD      [19] 1518 	ld	-3 (ix), l
   04A5 DD 74 FE      [19] 1519 	ld	-2 (ix), h
                           1520 ;	genMove_o size 0 result type 6 source type 1 a_dead 1 hl_dead 1 de_dead 1 iy_dead 1 f_dead 1
                           1521 ;cases/tinyaes/tinyaes_mode_CTR_keylen_192.c:370: for (i = 0; i < 4; ++i)
                           1522 ;	genAssign
                           1523 ;	genMove_o size 1 result type 6 source type 1 a_dead 1 hl_dead 1 de_dead 1 iy_dead 1 f_dead 1
   04A8 DD 36 FF 00   [19] 1524 	ld	-1 (ix), #0x00
                           1525 ;	genLabel
   04AC                    1526 00102$:
                           1527 ;cases/tinyaes/tinyaes_mode_CTR_keylen_192.c:372: t   = (*state)[i][0];
                           1528 ;	genLeftShift
   04AC DD 7E FF      [19] 1529 	ld	a, -1 (ix)
   04AF 87            [ 4] 1530 	add	a, a
   04B0 87            [ 4] 1531 	add	a, a
   04B1 DD 77 FC      [19] 1532 	ld	-4 (ix), a
                           1533 ;	genPlus
                           1534 ;	genMove_o size 2 result type 2 source type 6 a_dead 0 hl_dead 1 de_dead 0 iy_dead 0 f_dead 1
   04B4 DD 5E FD      [19] 1535 	ld	e, -3 (ix)
   04B7 DD 56 FE      [19] 1536 	ld	d, -2 (ix)
                           1537 ;	genMove_o size 0 result type 2 source type 1 a_dead 0 hl_dead 1 de_dead 1 iy_dead 0 f_dead 1
                           1538 ;	genMove_o size 2 result type 2 source type 6 a_dead 1 hl_dead 1 de_dead 0 iy_dead 0 f_dead 1
   04BA DD 6E FC      [19] 1539 	ld	l, -4 (ix)
                           1540 ;	genMove_o size 1 result type 2 source type 1 a_dead 1 hl_dead 0 de_dead 0 iy_dead 0 f_dead 1
   04BD 26 00         [ 7] 1541 	ld	h, #0x00
   04BF 19            [11] 1542 	add	hl, de
                           1543 ;	genMove_o size 2 result type 6 source type 2 a_dead 1 hl_dead 1 de_dead 0 iy_dead 0 f_dead 0
   04C0 E3            [19] 1544 	ex	(sp), hl
                           1545 ;	genMove_o size 0 result type 6 source type 1 a_dead 1 hl_dead 1 de_dead 0 iy_dead 0 f_dead 0
                           1546 ;	genCast
                           1547 ;	genMove_o size 2 result type 6 source type 6 a_dead 1 hl_dead 1 de_dead 1 iy_dead 1 f_dead 1
   04C1 DD 7E F4      [19] 1548 	ld	a, -12 (ix)
   04C4 DD 77 F6      [19] 1549 	ld	-10 (ix), a
   04C7 DD 7E F5      [19] 1550 	ld	a, -11 (ix)
   04CA DD 77 F7      [19] 1551 	ld	-9 (ix), a
                           1552 ;	genMove_o size 0 result type 6 source type 1 a_dead 1 hl_dead 1 de_dead 1 iy_dead 1 f_dead 1
                           1553 ;	genPointerGet
                           1554 ;fetchPairLong
   04CD C1            [10] 1555 	pop	bc
   04CE E1            [10] 1556 	pop	hl
   04CF E5            [11] 1557 	push	hl
   04D0 C5            [11] 1558 	push	bc
                           1559 ;	_moveFrom_tpair_()
   04D1 7E            [ 7] 1560 	ld	a, (hl)
                           1561 ;	genAssign
                           1562 ;	genMove_o size 1 result type 6 source type 6 a_dead 1 hl_dead 1 de_dead 1 iy_dead 1 f_dead 1
                           1563 ; common peephole 33 loaded a from a instead of going through -8 (ix).
   04D2 DD 77 F8      [19] 1564 	ld	-8 (ix), a
                           1565 ; common peephole 0a removed redundant load from a into a.
   04D5 DD 77 F9      [19] 1566 	ld	-7 (ix), a
                           1567 ;	genMove_o size 0 result type 6 source type 1 a_dead 1 hl_dead 1 de_dead 1 iy_dead 1 f_dead 1
                           1568 ;cases/tinyaes/tinyaes_mode_CTR_keylen_192.c:373: Tmp = (*state)[i][0] ^ (*state)[i][1] ^ (*state)[i][2] ^ (*state)[i][3] ;
                           1569 ;	genPlus
                           1570 ;	genMove_o size 2 result type 2 source type 6 a_dead 1 hl_dead 1 de_dead 0 iy_dead 0 f_dead 0
   04D8 E1            [10] 1571 	pop	hl
   04D9 E5            [11] 1572 	push	hl
                           1573 ;	genMove_o size 0 result type 2 source type 1 a_dead 1 hl_dead 1 de_dead 0 iy_dead 0 f_dead 0
   04DA 23            [ 6] 1574 	inc	hl
                           1575 ;	genMove_o size 2 result type 6 source type 2 a_dead 1 hl_dead 1 de_dead 0 iy_dead 0 f_dead 0
                           1576 ;	genMove_o size 0 result type 6 source type 1 a_dead 1 hl_dead 1 de_dead 0 iy_dead 0 f_dead 0
                           1577 ;	genPointerGet
                           1578 ;fetchPairLong
   04DB DD 75 FA      [19] 1579 	ld	-6 (ix), l
   04DE DD 74 FB      [19] 1580 	ld	-5 (ix), h
                           1581 ; common peephole 11 loaded lh from lh directly instead of going through -6 (ix) -5 (ix).
                           1582 ; common peephole 0a removed redundant load from l into l.
                           1583 ; common peephole 0a removed redundant load from h into h.
                           1584 ;	_moveFrom_tpair_()
   04E1 7E            [ 7] 1585 	ld	a, (hl)
                           1586 ;	genXor
   04E2 DD AE F8      [19] 1587 	xor	a, -8 (ix)
                           1588 ;	genMove_o size 1 result type 2 source type 2 a_dead 1 hl_dead 1 de_dead 1 iy_dead 1 f_dead 1
   04E5 6F            [ 4] 1589 	ld	l, a
                           1590 ;	genMove_o size 0 result type 2 source type 1 a_dead 1 hl_dead 1 de_dead 1 iy_dead 1 f_dead 1
                           1591 ;	genPlus
                           1592 ;	genMove_o size 2 result type 2 source type 6 a_dead 1 hl_dead 0 de_dead 1 iy_dead 1 f_dead 1
   04E6 D1            [10] 1593 	pop	de
   04E7 D5            [11] 1594 	push	de
                           1595 ;	genMove_o size 0 result type 2 source type 1 a_dead 1 hl_dead 0 de_dead 1 iy_dead 1 f_dead 1
   04E8 13            [ 6] 1596 	inc	de
   04E9 13            [ 6] 1597 	inc	de
                           1598 ;	genPointerGet
   04EA 1A            [ 7] 1599 	ld	a, (de)
                           1600 ;	genMove_o size 1 result type 2 source type 2 a_dead 1 hl_dead 0 de_dead 0 iy_dead 1 f_dead 1
                           1601 ;	genXor
   04EB AD            [ 4] 1602 	xor	a, l
                           1603 ;	genMove_o size 1 result type 2 source type 2 a_dead 1 hl_dead 0 de_dead 0 iy_dead 1 f_dead 1
   04EC 67            [ 4] 1604 	ld	h, a
                           1605 ;	genMove_o size 0 result type 2 source type 1 a_dead 1 hl_dead 0 de_dead 0 iy_dead 1 f_dead 1
                           1606 ;	genPlus
                           1607 ;	genMove_o size 2 result type 2 source type 6 a_dead 1 hl_dead 0 de_dead 0 iy_dead 1 f_dead 1
   04ED C1            [10] 1608 	pop	bc
   04EE C5            [11] 1609 	push	bc
                           1610 ;	genMove_o size 0 result type 2 source type 1 a_dead 1 hl_dead 0 de_dead 0 iy_dead 1 f_dead 1
   04EF 03            [ 6] 1611 	inc	bc
   04F0 03            [ 6] 1612 	inc	bc
   04F1 03            [ 6] 1613 	inc	bc
                           1614 ;	genPointerGet
   04F2 0A            [ 7] 1615 	ld	a, (bc)
                           1616 ;	genMove_o size 1 result type 2 source type 2 a_dead 1 hl_dead 0 de_dead 0 iy_dead 1 f_dead 1
                           1617 ;	genXor
   04F3 AC            [ 4] 1618 	xor	a, h
                           1619 ;	genMove_o size 1 result type 6 source type 2 a_dead 1 hl_dead 0 de_dead 0 iy_dead 1 f_dead 1
   04F4 DD 77 FC      [19] 1620 	ld	-4 (ix), a
                           1621 ;	genMove_o size 0 result type 6 source type 1 a_dead 1 hl_dead 0 de_dead 0 iy_dead 1 f_dead 1
                           1622 ;cases/tinyaes/tinyaes_mode_CTR_keylen_192.c:374: Tm  = (*state)[i][0] ^ (*state)[i][1] ; Tm = xtime(Tm);  (*state)[i][0] ^= Tm ^ Tmp ;
                           1623 ;	genAssign
                           1624 ;	genMove_o size 1 result type 2 source type 2 a_dead 1 hl_dead 1 de_dead 0 iy_dead 1 f_dead 1
   04F7 7D            [ 4] 1625 	ld	a, l
                           1626 ;	genMove_o size 0 result type 2 source type 1 a_dead 1 hl_dead 1 de_dead 0 iy_dead 1 f_dead 1
                           1627 ;	genSend
   04F8 C5            [11] 1628 	push	bc
   04F9 D5            [11] 1629 	push	de
                           1630 ;	genMove_o size 1 result type 2 source type 2 a_dead 1 hl_dead 1 de_dead 0 iy_dead 1 f_dead 1
                           1631 ;	genCall
   04FA CDr82s04      [17] 1632 	call	_xtime
                           1633 ;	genMove_o size 1 result type 2 source type 2 a_dead 1 hl_dead 1 de_dead 1 iy_dead 1 f_dead 1
   04FD D1            [10] 1634 	pop	de
   04FE C1            [10] 1635 	pop	bc
                           1636 ;	genXor
   04FF DD AE FC      [19] 1637 	xor	a, -4 (ix)
                           1638 ;	genMove_o size 1 result type 2 source type 2 a_dead 1 hl_dead 1 de_dead 0 iy_dead 1 f_dead 1
                           1639 ;	genXor
   0502 DD AE F8      [19] 1640 	xor	a, -8 (ix)
                           1641 ;	genMove_o size 1 result type 2 source type 2 a_dead 1 hl_dead 1 de_dead 0 iy_dead 1 f_dead 1
                           1642 ;	genPointerSet
                           1643 ;	genMove_o size 2 result type 2 source type 6 a_dead 0 hl_dead 1 de_dead 0 iy_dead 1 f_dead 1
   0505 DD 6E F6      [19] 1644 	ld	l, -10 (ix)
   0508 DD 66 F7      [19] 1645 	ld	h, -9 (ix)
                           1646 ;	genMove_o size 0 result type 2 source type 1 a_dead 0 hl_dead 1 de_dead 0 iy_dead 1 f_dead 1
   050B 77            [ 7] 1647 	ld	(hl), a
                           1648 ;cases/tinyaes/tinyaes_mode_CTR_keylen_192.c:375: Tm  = (*state)[i][1] ^ (*state)[i][2] ; Tm = xtime(Tm);  (*state)[i][1] ^= Tm ^ Tmp ;
                           1649 ;	genPointerGet
   050C 1A            [ 7] 1650 	ld	a, (de)
                           1651 ;	genMove_o size 1 result type 2 source type 2 a_dead 1 hl_dead 1 de_dead 0 iy_dead 1 f_dead 1
                           1652 ;	genPointerGet
                           1653 ;fetchPairLong
   050D DD 6E FA      [19] 1654 	ld	l, -6 (ix)
   0510 DD 66 FB      [19] 1655 	ld	h, -5 (ix)
                           1656 ;	_moveFrom_tpair_()
   0513 6E            [ 7] 1657 	ld	l, (hl)
                           1658 ;	genXor
   0514 AD            [ 4] 1659 	xor	a, l
                           1660 ;	genMove_o size 1 result type 2 source type 2 a_dead 1 hl_dead 0 de_dead 0 iy_dead 1 f_dead 1
                           1661 ;	genSend
   0515 E5            [11] 1662 	push	hl
   0516 C5            [11] 1663 	push	bc
   0517 D5            [11] 1664 	push	de
                           1665 ;	genMove_o size 1 result type 2 source type 2 a_dead 1 hl_dead 0 de_dead 0 iy_dead 1 f_dead 1
                           1666 ;	genCall
   0518 CDr82s04      [17] 1667 	call	_xtime
                           1668 ;	genMove_o size 1 result type 2 source type 2 a_dead 1 hl_dead 1 de_dead 1 iy_dead 1 f_dead 1
   051B D1            [10] 1669 	pop	de
   051C C1            [10] 1670 	pop	bc
   051D E1            [10] 1671 	pop	hl
                           1672 ;	genXor
   051E DD AE FC      [19] 1673 	xor	a, -4 (ix)
                           1674 ;	genMove_o size 1 result type 2 source type 2 a_dead 1 hl_dead 0 de_dead 0 iy_dead 1 f_dead 1
                           1675 ;	genXor
   0521 AD            [ 4] 1676 	xor	a, l
                           1677 ;	genMove_o size 1 result type 2 source type 2 a_dead 1 hl_dead 1 de_dead 0 iy_dead 1 f_dead 1
                           1678 ;	genPointerSet
                           1679 ;	genMove_o size 2 result type 2 source type 6 a_dead 0 hl_dead 1 de_dead 0 iy_dead 1 f_dead 1
   0522 DD 6E FA      [19] 1680 	ld	l, -6 (ix)
   0525 DD 66 FB      [19] 1681 	ld	h, -5 (ix)
                           1682 ;	genMove_o size 0 result type 2 source type 1 a_dead 0 hl_dead 1 de_dead 0 iy_dead 1 f_dead 1
   0528 77            [ 7] 1683 	ld	(hl), a
                           1684 ;cases/tinyaes/tinyaes_mode_CTR_keylen_192.c:376: Tm  = (*state)[i][2] ^ (*state)[i][3] ; Tm = xtime(Tm);  (*state)[i][2] ^= Tm ^ Tmp ;
                           1685 ;	genPointerGet
   0529 0A            [ 7] 1686 	ld	a, (bc)
                           1687 ;	genMove_o size 1 result type 2 source type 2 a_dead 1 hl_dead 1 de_dead 0 iy_dead 1 f_dead 1
   052A 67            [ 4] 1688 	ld	h, a
                           1689 ;	genMove_o size 0 result type 2 source type 1 a_dead 1 hl_dead 1 de_dead 0 iy_dead 1 f_dead 1
                           1690 ;	genPointerGet
   052B 1A            [ 7] 1691 	ld	a, (de)
                           1692 ;	genMove_o size 1 result type 2 source type 2 a_dead 1 hl_dead 0 de_dead 0 iy_dead 1 f_dead 1
                           1693 ;	genMove_o size 0 result type 2 source type 1 a_dead 1 hl_dead 0 de_dead 0 iy_dead 1 f_dead 1
                           1694 ;	genXor
   052C 6F            [ 4] 1695 	ld	l, a
                           1696 ; common peephole 98 removed redundant load from l into a.
   052D AC            [ 4] 1697 	xor	a, h
                           1698 ;	genMove_o size 1 result type 2 source type 2 a_dead 1 hl_dead 0 de_dead 0 iy_dead 1 f_dead 1
                           1699 ;	genSend
   052E E5            [11] 1700 	push	hl
   052F C5            [11] 1701 	push	bc
   0530 D5            [11] 1702 	push	de
                           1703 ;	genMove_o size 1 result type 2 source type 2 a_dead 1 hl_dead 0 de_dead 0 iy_dead 1 f_dead 1
                           1704 ;	genCall
   0531 CDr82s04      [17] 1705 	call	_xtime
                           1706 ;	genMove_o size 1 result type 2 source type 2 a_dead 1 hl_dead 1 de_dead 1 iy_dead 1 f_dead 1
   0534 D1            [10] 1707 	pop	de
   0535 C1            [10] 1708 	pop	bc
   0536 E1            [10] 1709 	pop	hl
                           1710 ;	genXor
   0537 DD AE FC      [19] 1711 	xor	a, -4 (ix)
                           1712 ;	genMove_o size 1 result type 2 source type 2 a_dead 1 hl_dead 0 de_dead 0 iy_dead 1 f_dead 1
                           1713 ;	genXor
   053A AD            [ 4] 1714 	xor	a, l
                           1715 ;	genMove_o size 1 result type 2 source type 2 a_dead 1 hl_dead 1 de_dead 0 iy_dead 1 f_dead 1
                           1716 ;	genPointerSet
                           1717 ;	genMove_o size 1 result type 2 source type 2 a_dead 1 hl_dead 1 de_dead 0 iy_dead 1 f_dead 1
   053B 12            [ 7] 1718 	ld	(de), a
                           1719 ;cases/tinyaes/tinyaes_mode_CTR_keylen_192.c:377: Tm  = (*state)[i][3] ^ t ;              Tm = xtime(Tm);  (*state)[i][3] ^= Tm ^ Tmp ;
                           1720 ;	genPointerGet
   053C 0A            [ 7] 1721 	ld	a, (bc)
                           1722 ;	genMove_o size 1 result type 2 source type 2 a_dead 1 hl_dead 1 de_dead 1 iy_dead 1 f_dead 1
                           1723 ;	genMove_o size 0 result type 2 source type 1 a_dead 1 hl_dead 1 de_dead 1 iy_dead 1 f_dead 1
                           1724 ;	genXor
   053D 5F            [ 4] 1725 	ld	e, a
                           1726 ; common peephole 98 removed redundant load from e into a.
   053E DD AE F9      [19] 1727 	xor	a, -7 (ix)
                           1728 ;	genMove_o size 1 result type 2 source type 2 a_dead 1 hl_dead 1 de_dead 0 iy_dead 1 f_dead 1
                           1729 ;	genSend
   0541 C5            [11] 1730 	push	bc
   0542 D5            [11] 1731 	push	de
                           1732 ;	genMove_o size 1 result type 2 source type 2 a_dead 1 hl_dead 1 de_dead 0 iy_dead 1 f_dead 1
                           1733 ;	genCall
   0543 CDr82s04      [17] 1734 	call	_xtime
                           1735 ;	genMove_o size 1 result type 2 source type 2 a_dead 1 hl_dead 1 de_dead 1 iy_dead 1 f_dead 1
   0546 D1            [10] 1736 	pop	de
   0547 C1            [10] 1737 	pop	bc
                           1738 ;	genXor
   0548 DD AE FC      [19] 1739 	xor	a, -4 (ix)
                           1740 ;	genMove_o size 1 result type 2 source type 2 a_dead 1 hl_dead 1 de_dead 0 iy_dead 1 f_dead 1
                           1741 ;	genXor
   054B AB            [ 4] 1742 	xor	a, e
                           1743 ;	genMove_o size 1 result type 2 source type 2 a_dead 1 hl_dead 1 de_dead 0 iy_dead 1 f_dead 1
                           1744 ;	genPointerSet
                           1745 ;	genMove_o size 1 result type 2 source type 2 a_dead 1 hl_dead 1 de_dead 0 iy_dead 1 f_dead 1
   054C 02            [ 7] 1746 	ld	(bc), a
                           1747 ;cases/tinyaes/tinyaes_mode_CTR_keylen_192.c:370: for (i = 0; i < 4; ++i)
                           1748 ;	genPlus
   054D DD 34 FF      [23] 1749 	inc	-1 (ix)
                           1750 ;	genCmpLt
   0550 DD 7E FF      [19] 1751 	ld	a, -1 (ix)
   0553 D6 04         [ 7] 1752 	sub	a, #0x04
   0555 DArACs04      [10] 1753 	jp	c, 00102$
                           1754 ;	skipping generated iCode
                           1755 ;	genLabel
                           1756 ; common peephole 159 removed unused label 00104$.
                           1757 ;cases/tinyaes/tinyaes_mode_CTR_keylen_192.c:379: }
                           1758 ;	genEndFunction
   0558 DD F9         [10] 1759 	ld	sp, ix
   055A DD E1         [14] 1760 	pop	ix
   055C C9            [10] 1761 	ret
                           1762 ;	Total MixColumns function size at codegen: 5 bytes.
                           1763 ;cases/tinyaes/tinyaes_mode_CTR_keylen_192.c:479: static void Cipher(state_t* state, const uint8_t* RoundKey)
                           1764 ;	genLabel
                           1765 ;	genFunction
                           1766 ;	---------------------------------
                           1767 ; Function Cipher
                           1768 ; ---------------------------------
                           1769 ;	Register assignment might be sub-optimal.
                           1770 ; Stack space usage: 2 bytes.
   055D                    1771 _Cipher:
                           1772 ;	adjustStack by -2
   055D F5            [11] 1773 	push	af
                           1774 ;	genReceive
                           1775 ;	genMove_o size 2 result type 2 source type 2 a_dead 1 hl_dead 1 de_dead 0 iy_dead 1 f_dead 1
   055E 4D            [ 4] 1776 	ld	c, l
                           1777 ;	genMove_o size 0 result type 2 source type 1 a_dead 1 hl_dead 1 de_dead 0 iy_dead 1 f_dead 1
                           1778 ;	genReceive
                           1779 ;	genMove_o size 2 result type 12 source type 2 a_dead 1 hl_dead 0 de_dead 1 iy_dead 1 f_dead 1
   055F 33            [ 6] 1780 	inc	sp
   0560 33            [ 6] 1781 	inc	sp
   0561 D5            [11] 1782 	push	de
                           1783 ;	genMove_o size 0 result type 12 source type 1 a_dead 1 hl_dead 0 de_dead 1 iy_dead 1 f_dead 1
                           1784 ;cases/tinyaes/tinyaes_mode_CTR_keylen_192.c:484: AddRoundKey(0, state, RoundKey);
                           1785 ;	genIpush
   0562 E5            [11] 1786 	push	hl
   0563 C5            [11] 1787 	push	bc
                           1788 ;	genMove_o size 2 result type 2 source type 12 a_dead 1 hl_dead 0 de_dead 1 iy_dead 1 f_dead 1
   0564 FD 21 04 00   [14] 1789 	ld	iy, #4
   0568 FD 39         [15] 1790 	add	iy, sp
   056A FD 5E 00      [19] 1791 	ld	e, 0 (iy)
   056D FD 56 01      [19] 1792 	ld	d, 1 (iy)
                           1793 ;	genMove_o size 0 result type 2 source type 1 a_dead 1 hl_dead 0 de_dead 1 iy_dead 1 f_dead 1
   0570 D5            [11] 1794 	push	de
                           1795 ;	genSend
                           1796 ;	genMove_o size 2 result type 2 source type 2 a_dead 1 hl_dead 0 de_dead 1 iy_dead 1 f_dead 1
   0571 59            [ 4] 1797 	ld	e, c
   0572 54            [ 4] 1798 	ld	d, h
                           1799 ;	genMove_o size 0 result type 2 source type 1 a_dead 1 hl_dead 0 de_dead 1 iy_dead 1 f_dead 1
                           1800 ;	genSend
                           1801 ;	genMove_o size 1 result type 2 source type 1 a_dead 1 hl_dead 0 de_dead 0 iy_dead 1 f_dead 1
   0573 AF            [ 4] 1802 	xor	a, a
                           1803 ;	genCall
   0574 CDr38s03      [17] 1804 	call	_AddRoundKey
   0577 C1            [10] 1805 	pop	bc
   0578 E1            [10] 1806 	pop	hl
                           1807 ;cases/tinyaes/tinyaes_mode_CTR_keylen_192.c:490: for (round = 1; ; ++round)
                           1808 ;	genAssign
                           1809 ;	genMove_o size 1 result type 2 source type 1 a_dead 1 hl_dead 0 de_dead 1 iy_dead 1 f_dead 1
   0579 06 01         [ 7] 1810 	ld	b, #0x01
                           1811 ;	genLabel
   057B                    1812 00104$:
                           1813 ;cases/tinyaes/tinyaes_mode_CTR_keylen_192.c:492: SubBytes(state);
                           1814 ;	genSend
   057B E5            [11] 1815 	push	hl
   057C C5            [11] 1816 	push	bc
                           1817 ;	genMove_o size 2 result type 2 source type 2 a_dead 1 hl_dead 0 de_dead 1 iy_dead 1 f_dead 1
   057D 69            [ 4] 1818 	ld	l, c
                           1819 ;	genMove_o size 0 result type 2 source type 1 a_dead 1 hl_dead 1 de_dead 1 iy_dead 1 f_dead 1
                           1820 ;	genCall
   057E CDrCAs03      [17] 1821 	call	_SubBytes
   0581 C1            [10] 1822 	pop	bc
   0582 E1            [10] 1823 	pop	hl
                           1824 ;cases/tinyaes/tinyaes_mode_CTR_keylen_192.c:493: ShiftRows(state);
                           1825 ;	genSend
   0583 E5            [11] 1826 	push	hl
   0584 C5            [11] 1827 	push	bc
                           1828 ;	genMove_o size 2 result type 2 source type 2 a_dead 1 hl_dead 0 de_dead 1 iy_dead 1 f_dead 1
   0585 69            [ 4] 1829 	ld	l, c
                           1830 ;	genMove_o size 0 result type 2 source type 1 a_dead 1 hl_dead 1 de_dead 1 iy_dead 1 f_dead 1
                           1831 ;	genCall
   0586 CDr0As04      [17] 1832 	call	_ShiftRows
   0589 C1            [10] 1833 	pop	bc
   058A E1            [10] 1834 	pop	hl
                           1835 ;cases/tinyaes/tinyaes_mode_CTR_keylen_192.c:494: if (round == Nr) {
                           1836 ;	genCmpEq
                           1837 ;	genMove_o size 1 result type 2 source type 2 a_dead 1 hl_dead 0 de_dead 0 iy_dead 0 f_dead 1
   058B 78            [ 4] 1838 	ld	a, b
                           1839 ;	genMove_o size 0 result type 2 source type 1 a_dead 1 hl_dead 0 de_dead 0 iy_dead 0 f_dead 1
   058C D6 0C         [ 7] 1840 	sub	a, #0x0c
                           1841 ; common peephole 163 changed absolute to relative conditional jump.
   058E 28 22         [12] 1842 	jr	z, 00103$
                           1843 ; common peephole 81 removed jp by using inverse jump logic
                           1844 ; common peephole 159 removed unused label 00125$.
                           1845 ;	skipping generated iCode
                           1846 ;cases/tinyaes/tinyaes_mode_CTR_keylen_192.c:497: MixColumns(state);
                           1847 ;	genSend
   0590 E5            [11] 1848 	push	hl
   0591 C5            [11] 1849 	push	bc
                           1850 ;	genMove_o size 2 result type 2 source type 2 a_dead 1 hl_dead 0 de_dead 1 iy_dead 1 f_dead 1
   0592 69            [ 4] 1851 	ld	l, c
                           1852 ;	genMove_o size 0 result type 2 source type 1 a_dead 1 hl_dead 1 de_dead 1 iy_dead 1 f_dead 1
                           1853 ;	genCall
   0593 CDr92s04      [17] 1854 	call	_MixColumns
   0596 C1            [10] 1855 	pop	bc
   0597 E1            [10] 1856 	pop	hl
                           1857 ;cases/tinyaes/tinyaes_mode_CTR_keylen_192.c:498: AddRoundKey(round, state, RoundKey);
                           1858 ;	genIpush
   0598 E5            [11] 1859 	push	hl
   0599 C5            [11] 1860 	push	bc
                           1861 ;	genMove_o size 2 result type 2 source type 12 a_dead 1 hl_dead 0 de_dead 1 iy_dead 1 f_dead 1
   059A FD 21 04 00   [14] 1862 	ld	iy, #4
   059E FD 39         [15] 1863 	add	iy, sp
   05A0 FD 5E 00      [19] 1864 	ld	e, 0 (iy)
   05A3 FD 56 01      [19] 1865 	ld	d, 1 (iy)
                           1866 ;	genMove_o size 0 result type 2 source type 1 a_dead 1 hl_dead 0 de_dead 1 iy_dead 1 f_dead 1
   05A6 D5            [11] 1867 	push	de
                           1868 ;	genSend
                           1869 ;	genMove_o size 2 result type 2 source type 2 a_dead 1 hl_dead 0 de_dead 1 iy_dead 1 f_dead 1
   05A7 59            [ 4] 1870 	ld	e, c
   05A8 54            [ 4] 1871 	ld	d, h
                           1872 ;	genMove_o size 0 result type 2 source type 1 a_dead 1 hl_dead 0 de_dead 1 iy_dead 1 f_dead 1
                           1873 ;	genSend
                           1874 ;	genMove_o size 1 result type 2 source type 2 a_dead 1 hl_dead 0 de_dead 0 iy_dead 1 f_dead 1
   05A9 78            [ 4] 1875 	ld	a, b
                           1876 ;	genMove_o size 0 result type 2 source type 1 a_dead 1 hl_dead 0 de_dead 0 iy_dead 1 f_dead 1
                           1877 ;	genCall
   05AA CDr38s03      [17] 1878 	call	_AddRoundKey
   05AD C1            [10] 1879 	pop	bc
   05AE E1            [10] 1880 	pop	hl
                           1881 ;cases/tinyaes/tinyaes_mode_CTR_keylen_192.c:490: for (round = 1; ; ++round)
                           1882 ;	genPlus
   05AF 04            [ 4] 1883 	inc	b
                           1884 ;	genGoto
                           1885 ; common peephole 162 changed absolute to relative unconditional jump.
   05B0 18 C9         [12] 1886 	jr	00104$
                           1887 ;	genLabel
   05B2                    1888 00103$:
                           1889 ;cases/tinyaes/tinyaes_mode_CTR_keylen_192.c:501: AddRoundKey(Nr, state, RoundKey);
                           1890 ;	genIpush
                           1891 ;	genMove_o size 2 result type 2 source type 12 a_dead 1 hl_dead 0 de_dead 1 iy_dead 1 f_dead 1
   05B2 D1            [10] 1892 	pop	de
   05B3 D5            [11] 1893 	push	de
                           1894 ;	genMove_o size 0 result type 2 source type 1 a_dead 1 hl_dead 0 de_dead 1 iy_dead 1 f_dead 1
   05B4 D5            [11] 1895 	push	de
                           1896 ;	genSend
                           1897 ;	genMove_o size 2 result type 2 source type 2 a_dead 1 hl_dead 1 de_dead 1 iy_dead 1 f_dead 1
   05B5 59            [ 4] 1898 	ld	e, c
   05B6 54            [ 4] 1899 	ld	d, h
                           1900 ;	genMove_o size 0 result type 2 source type 1 a_dead 1 hl_dead 1 de_dead 1 iy_dead 1 f_dead 1
                           1901 ;	genSend
                           1902 ;	genMove_o size 1 result type 2 source type 1 a_dead 1 hl_dead 1 de_dead 0 iy_dead 1 f_dead 1
   05B7 3E 0C         [ 7] 1903 	ld	a, #0x0c
                           1904 ;	genCall
   05B9 CDr38s03      [17] 1905 	call	_AddRoundKey
                           1906 ;	genLabel
                           1907 ; common peephole 159 removed unused label 00106$.
                           1908 ;cases/tinyaes/tinyaes_mode_CTR_keylen_192.c:502: }
                           1909 ;	genEndFunction
                           1910 ;	adjustStack by 2
   05BC F1            [10] 1911 	pop	af
   05BD C9            [10] 1912 	ret
                           1913 ;	Total Cipher function size at codegen: 2 bytes.
                           1914 ;cases/tinyaes/tinyaes_mode_CTR_keylen_192.c:604: void AES_CTR_xcrypt_buffer(struct AES_ctx* ctx, uint8_t* buf, size_t length)
                           1915 ;	genLabel
                           1916 ;	genFunction
                           1917 ;	---------------------------------
                           1918 ; Function AES_CTR_xcrypt_buffer
                           1919 ; ---------------------------------
                           1920 ;	Register assignment might be sub-optimal.
                           1921 ; Stack space usage: 28 bytes.
   05BE                    1922 _AES_CTR_xcrypt_buffer::
   05BE DD E5         [15] 1923 	push	ix
   05C0 DD 21 00 00   [14] 1924 	ld	ix,	#0
   05C4 DD 39         [15] 1925 	add	ix, sp
                           1926 ;	adjustStack by -28
   05C6 FD 21 E4 FF   [14] 1927 	ld	iy, #-28
   05CA FD 39         [15] 1928 	add	iy, sp
   05CC FD F9         [10] 1929 	ld	sp, iy
                           1930 ;	genReceive
                           1931 ;	genMove_o size 2 result type 6 source type 2 a_dead 1 hl_dead 1 de_dead 0 iy_dead 1 f_dead 1
   05CE DD 75 FA      [19] 1932 	ld	-6 (ix), l
   05D1 DD 74 FB      [19] 1933 	ld	-5 (ix), h
                           1934 ;	genMove_o size 0 result type 6 source type 1 a_dead 1 hl_dead 1 de_dead 0 iy_dead 1 f_dead 1
                           1935 ;	genReceive
                           1936 ;	genMove_o size 2 result type 6 source type 2 a_dead 1 hl_dead 1 de_dead 1 iy_dead 1 f_dead 1
   05D4 DD 73 F8      [19] 1937 	ld	-8 (ix), e
   05D7 DD 72 F9      [19] 1938 	ld	-7 (ix), d
                           1939 ;	genMove_o size 0 result type 6 source type 1 a_dead 1 hl_dead 1 de_dead 1 iy_dead 1 f_dead 1
                           1940 ;cases/tinyaes/tinyaes_mode_CTR_keylen_192.c:610: for (i = 0, bi = AES_BLOCKLEN; i < length; ++i, ++bi)
                           1941 ;	genAssign
                           1942 ;	genMove_o size 2 result type 2 source type 1 a_dead 1 hl_dead 1 de_dead 1 iy_dead 1 f_dead 1
   05DA 01 10 00      [10] 1943 	ld	bc, #0x0010
                           1944 ;	skipping iCode since result will be rematerialized
                           1945 ;	skipping iCode since result will be rematerialized
                           1946 ;	genPlus
                           1947 ;	genMove_o size 2 result type 2 source type 1 a_dead 0 hl_dead 1 de_dead 0 iy_dead 0 f_dead 1
   05DD 11 D0 00      [10] 1948 	ld	de, #0x00d0
                           1949 ;	genMove_o size 2 result type 2 source type 6 a_dead 1 hl_dead 1 de_dead 0 iy_dead 0 f_dead 1
   05E0 DD 6E FA      [19] 1950 	ld	l, -6 (ix)
   05E3 DD 66 FB      [19] 1951 	ld	h, -5 (ix)
                           1952 ;	genMove_o size 0 result type 2 source type 1 a_dead 1 hl_dead 1 de_dead 0 iy_dead 0 f_dead 1
   05E6 19            [11] 1953 	add	hl, de
                           1954 ;	genMove_o size 2 result type 6 source type 2 a_dead 1 hl_dead 1 de_dead 0 iy_dead 0 f_dead 0
   05E7 DD 75 F4      [19] 1955 	ld	-12 (ix), l
   05EA DD 74 F5      [19] 1956 	ld	-11 (ix), h
                           1957 ;	genMove_o size 0 result type 6 source type 1 a_dead 1 hl_dead 1 de_dead 0 iy_dead 0 f_dead 0
                           1958 ;	skipping iCode since result will be rematerialized
                           1959 ;	genAssign
                           1960 ;	genMove_o size 2 result type 6 source type 1 a_dead 1 hl_dead 1 de_dead 1 iy_dead 1 f_dead 1
   05ED AF            [ 4] 1961 	xor	a, a
   05EE DD 77 FC      [19] 1962 	ld	-4 (ix), a
   05F1 DD 77 FD      [19] 1963 	ld	-3 (ix), a
                           1964 ;	genLabel
   05F4                    1965 00110$:
                           1966 ;	genCmpLt
   05F4 DD 7E FC      [19] 1967 	ld	a, -4 (ix)
   05F7 DD 96 04      [19] 1968 	sub	a, 4 (ix)
   05FA DD 7E FD      [19] 1969 	ld	a, -3 (ix)
   05FD DD 9E 05      [19] 1970 	sbc	a, 5 (ix)
   0600 D2r9Bs06      [10] 1971 	jp	nc, 00112$
                           1972 ;	skipping generated iCode
                           1973 ;cases/tinyaes/tinyaes_mode_CTR_keylen_192.c:612: if (bi == AES_BLOCKLEN) /* we need to regen xor compliment in buffer */
                           1974 ;	genCmpEq
                           1975 ;	genMove_o size 1 result type 2 source type 2 a_dead 1 hl_dead 1 de_dead 0 iy_dead 0 f_dead 1
   0603 79            [ 4] 1976 	ld	a, c
                           1977 ;	genMove_o size 0 result type 2 source type 1 a_dead 1 hl_dead 1 de_dead 0 iy_dead 0 f_dead 1
   0604 D6 10         [ 7] 1978 	sub	a, #0x10
   0606 B0            [ 4] 1979 	or	a, b
                           1980 ; common peephole 81 removed jp by using inverse jump logic
                           1981 ; common peephole 159 removed unused label 00155$.
                           1982 ; common peephole 163 changed absolute to relative conditional jump.
   0607 20 6A         [12] 1983 	jr	nz, 00106$
                           1984 ; common peephole 82 removed jp by using inverse jump logic
                           1985 ; common peephole 159 removed unused label 00156$.
                           1986 ;	skipping generated iCode
                           1987 ;cases/tinyaes/tinyaes_mode_CTR_keylen_192.c:615: memcpy(buffer, ctx->Iv, AES_BLOCKLEN);
                           1988 ;	genCast
                           1989 ;	genMove_o size 2 result type 2 source type 8 a_dead 1 hl_dead 1 de_dead 1 iy_dead 1 f_dead 1
   0609 21 00 00      [10] 1990 	ld	hl, #0
   060C 39            [11] 1991 	add	hl, sp
   060D EB            [ 4] 1992 	ex	de, hl
                           1993 ;	genPlus
                           1994 ;	genMove_o size 2 result type 2 source type 6 a_dead 1 hl_dead 1 de_dead 0 iy_dead 1 f_dead 1
   060E DD 6E FA      [19] 1995 	ld	l, -6 (ix)
   0611 DD 66 FB      [19] 1996 	ld	h, -5 (ix)
                           1997 ;	genMove_o size 0 result type 2 source type 1 a_dead 1 hl_dead 1 de_dead 0 iy_dead 1 f_dead 1
                           1998 ;	genMove_o size 2 result type 2 source type 1 a_dead 1 hl_dead 0 de_dead 0 iy_dead 1 f_dead 1
   0614 01 D0 00      [10] 1999 	ld	bc, #0x00d0
   0617 09            [11] 2000 	add	hl, bc
                           2001 ;	genBuiltIn
                           2002 ;fetchPairLong
   0618 01 10 00      [10] 2003 	ld	bc, #0x0010
   061B ED B0         [21] 2004 	ldir
                           2005 ;	skipping generated iCode
                           2006 ;	skipping generated iCode
                           2007 ;	skipping generated iCode
                           2008 ;cases/tinyaes/tinyaes_mode_CTR_keylen_192.c:616: Cipher((state_t*)buffer,ctx->RoundKey);
                           2009 ;	genCast
                           2010 ;	genMove_o size 2 result type 2 source type 6 a_dead 1 hl_dead 1 de_dead 1 iy_dead 1 f_dead 1
   061D DD 5E FA      [19] 2011 	ld	e, -6 (ix)
   0620 DD 56 FB      [19] 2012 	ld	d, -5 (ix)
                           2013 ;	genMove_o size 0 result type 2 source type 1 a_dead 1 hl_dead 1 de_dead 1 iy_dead 1 f_dead 1
                           2014 ;	skipping iCode since result will be rematerialized
                           2015 ;	genSend
                           2016 ;	genMove_o size 2 result type 2 source type 2 a_dead 1 hl_dead 1 de_dead 1 iy_dead 1 f_dead 1
                           2017 ;	genSend
                           2018 ;	genMove_o size 2 result type 2 source type 8 a_dead 1 hl_dead 1 de_dead 0 iy_dead 1 f_dead 1
   0623 21 00 00      [10] 2019 	ld	hl, #0
   0626 39            [11] 2020 	add	hl, sp
                           2021 ;	genMove_o size 2 result type 2 source type 2 a_dead 1 hl_dead 1 de_dead 0 iy_dead 1 f_dead 1
                           2022 ;	genCall
   0627 CDr5Ds05      [17] 2023 	call	_Cipher
                           2024 ;cases/tinyaes/tinyaes_mode_CTR_keylen_192.c:619: for (bi = (AES_BLOCKLEN - 1); bi >= 0; --bi)
                           2025 ;	genAssign
                           2026 ;	genMove_o size 2 result type 6 source type 1 a_dead 1 hl_dead 1 de_dead 1 iy_dead 1 f_dead 1
   062A DD 36 FE 0F   [19] 2027 	ld	-2 (ix), #0x0f
   062E DD 36 FF 00   [19] 2028 	ld	-1 (ix), #0
                           2029 ; peephole 178 direct load zero constant to memory addressed by index register
                           2030 ;	genLabel
   0632                    2031 00108$:
                           2032 ;cases/tinyaes/tinyaes_mode_CTR_keylen_192.c:622: if (ctx->Iv[bi] == 255)
                           2033 ;	genPlus
                           2034 ;	genMove_o size 2 result type 2 source type 6 a_dead 0 hl_dead 1 de_dead 0 iy_dead 0 f_dead 1
   0632 DD 5E FE      [19] 2035 	ld	e, -2 (ix)
   0635 16 00         [ 7] 2036 	ld	d, #0x00
                           2037 ;	genMove_o size 0 result type 2 source type 1 a_dead 0 hl_dead 1 de_dead 1 iy_dead 0 f_dead 1
                           2038 ;	genMove_o size 2 result type 2 source type 6 a_dead 1 hl_dead 1 de_dead 0 iy_dead 0 f_dead 1
   0637 DD 6E F4      [19] 2039 	ld	l, -12 (ix)
   063A DD 66 F5      [19] 2040 	ld	h, -11 (ix)
                           2041 ;	genMove_o size 0 result type 2 source type 1 a_dead 1 hl_dead 1 de_dead 0 iy_dead 0 f_dead 1
   063D 19            [11] 2042 	add	hl, de
                           2043 ;	genMove_o size 2 result type 6 source type 2 a_dead 1 hl_dead 1 de_dead 0 iy_dead 0 f_dead 0
                           2044 ;	genMove_o size 0 result type 6 source type 1 a_dead 1 hl_dead 1 de_dead 0 iy_dead 0 f_dead 0
                           2045 ;	genPointerGet
                           2046 ;fetchPairLong
   063E DD 75 F6      [19] 2047 	ld	-10 (ix), l
   0641 DD 74 F7      [19] 2048 	ld	-9 (ix), h
                           2049 ; common peephole 11 loaded lh from lh directly instead of going through -10 (ix) -9 (ix).
                           2050 ; common peephole 0a removed redundant load from l into l.
                           2051 ; common peephole 0a removed redundant load from h into h.
                           2052 ;	_moveFrom_tpair_()
   0644 7E            [ 7] 2053 	ld	a, (hl)
                           2054 ;	genCmpEq
   0645 FE FF         [ 7] 2055 	cp	a, #0xff
                           2056 ; common peephole 81 removed jp by using inverse jump logic
                           2057 ; common peephole 159 removed unused label 00157$.
                           2058 ; common peephole 163 changed absolute to relative conditional jump.
   0647 20 0A         [12] 2059 	jr	nz, 00102$
                           2060 ; common peephole 82 removed jp by using inverse jump logic
                           2061 ; common peephole 159 removed unused label 00158$.
                           2062 ;	skipping generated iCode
                           2063 ;cases/tinyaes/tinyaes_mode_CTR_keylen_192.c:624: ctx->Iv[bi] = 0;
                           2064 ;	genPointerSet
                           2065 ;	genMove_o size 2 result type 2 source type 6 a_dead 1 hl_dead 1 de_dead 1 iy_dead 1 f_dead 1
   0649 DD 6E F6      [19] 2066 	ld	l, -10 (ix)
   064C DD 66 F7      [19] 2067 	ld	h, -9 (ix)
                           2068 ;	genMove_o size 0 result type 2 source type 1 a_dead 1 hl_dead 1 de_dead 1 iy_dead 1 f_dead 1
   064F 36 00         [10] 2069 	ld	(hl), #0x00
                           2070 ;cases/tinyaes/tinyaes_mode_CTR_keylen_192.c:625: continue;
                           2071 ;	genGoto
                           2072 ; common peephole 162 changed absolute to relative unconditional jump.
   0651 18 0A         [12] 2073 	jr	00103$
                           2074 ;	genLabel
   0653                    2075 00102$:
                           2076 ;cases/tinyaes/tinyaes_mode_CTR_keylen_192.c:627: ctx->Iv[bi] += 1;
                           2077 ;	genCast
                           2078 ;	(locations are the same)
                           2079 ;	genPlus
   0653 3C            [ 4] 2080 	inc	a
                           2081 ;	genPointerSet
                           2082 ;	genMove_o size 2 result type 2 source type 6 a_dead 0 hl_dead 1 de_dead 1 iy_dead 1 f_dead 1
   0654 DD 6E F6      [19] 2083 	ld	l, -10 (ix)
   0657 DD 66 F7      [19] 2084 	ld	h, -9 (ix)
                           2085 ;	genMove_o size 0 result type 2 source type 1 a_dead 0 hl_dead 1 de_dead 1 iy_dead 1 f_dead 1
   065A 77            [ 7] 2086 	ld	(hl), a
                           2087 ;cases/tinyaes/tinyaes_mode_CTR_keylen_192.c:628: break;   
                           2088 ;	genGoto
                           2089 ; common peephole 162 changed absolute to relative unconditional jump.
   065B 18 13         [12] 2090 	jr	00104$
                           2091 ;	genLabel
   065D                    2092 00103$:
                           2093 ;cases/tinyaes/tinyaes_mode_CTR_keylen_192.c:619: for (bi = (AES_BLOCKLEN - 1); bi >= 0; --bi)
                           2094 ;	genMinus
                           2095 ;fetchPairLong
   065D DD 6E FE      [19] 2096 	ld	l, -2 (ix)
   0660 DD 66 FF      [19] 2097 	ld	h, -1 (ix)
   0663 2B            [ 6] 2098 	dec	hl
   0664 DD 75 FE      [19] 2099 	ld	-2 (ix), l
   0667 DD 74 FF      [19] 2100 	ld	-1 (ix), h
                           2101 ;	genCmpLt
   066A DD CB FF 7E   [20] 2102 	bit	7, -1 (ix)
                           2103 ; common peephole 163 changed absolute to relative conditional jump.
   066E 28 C2         [12] 2104 	jr	z, 00108$
                           2105 ;	skipping generated iCode
                           2106 ;	genLabel
   0670                    2107 00104$:
                           2108 ;cases/tinyaes/tinyaes_mode_CTR_keylen_192.c:630: bi = 0;
                           2109 ;	genAssign
                           2110 ;	genMove_o size 2 result type 2 source type 1 a_dead 1 hl_dead 1 de_dead 1 iy_dead 1 f_dead 1
   0670 01 00 00      [10] 2111 	ld	bc, #0x0000
                           2112 ;	genLabel
   0673                    2113 00106$:
                           2114 ;cases/tinyaes/tinyaes_mode_CTR_keylen_192.c:633: buf[i] = (buf[i] ^ buffer[bi]);
                           2115 ;	genPlus
   0673 DD 7E F8      [19] 2116 	ld	a, -8 (ix)
   0676 DD 86 FC      [19] 2117 	add	a, -4 (ix)
   0679 5F            [ 4] 2118 	ld	e, a
   067A DD 7E F9      [19] 2119 	ld	a, -7 (ix)
   067D DD 8E FD      [19] 2120 	adc	a, -3 (ix)
   0680 57            [ 4] 2121 	ld	d, a
                           2122 ;	genPointerGet
   0681 1A            [ 7] 2123 	ld	a, (de)
                           2124 ;	genMove_o size 1 result type 6 source type 2 a_dead 1 hl_dead 1 de_dead 0 iy_dead 1 f_dead 1
   0682 DD 77 FF      [19] 2125 	ld	-1 (ix), a
                           2126 ;	genMove_o size 0 result type 6 source type 1 a_dead 1 hl_dead 1 de_dead 0 iy_dead 1 f_dead 1
                           2127 ;	genPlus
                           2128 ;	genMove_o size 2 result type 2 source type 8 a_dead 1 hl_dead 1 de_dead 0 iy_dead 1 f_dead 1
   0685 21 00 00      [10] 2129 	ld	hl, #0
   0688 39            [11] 2130 	add	hl, sp
                           2131 ;	genMove_o size 2 result type 2 source type 2 a_dead 1 hl_dead 1 de_dead 0 iy_dead 1 f_dead 1
   0689 09            [11] 2132 	add	hl, bc
                           2133 ;	genPointerGet
   068A 7E            [ 7] 2134 	ld	a, (hl)
                           2135 ;	genXor
   068B DD AE FF      [19] 2136 	xor	a, -1 (ix)
                           2137 ;	genMove_o size 1 result type 2 source type 2 a_dead 1 hl_dead 1 de_dead 0 iy_dead 1 f_dead 1
                           2138 ;	genPointerSet
                           2139 ;	genMove_o size 1 result type 2 source type 2 a_dead 1 hl_dead 1 de_dead 0 iy_dead 1 f_dead 1
   068E 12            [ 7] 2140 	ld	(de), a
                           2141 ;cases/tinyaes/tinyaes_mode_CTR_keylen_192.c:610: for (i = 0, bi = AES_BLOCKLEN; i < length; ++i, ++bi)
                           2142 ;	genPlus
   068F DD 34 FC      [23] 2143 	inc	-4 (ix)
                           2144 ; common peephole 163 changed absolute to relative conditional jump.
   0692 20 03         [12] 2145 	jr	nz, 00159$
   0694 DD 34 FD      [23] 2146 	inc	-3 (ix)
   0697                    2147 00159$:
                           2148 ;	genPlus
   0697 03            [ 6] 2149 	inc	bc
                           2150 ;	genGoto
   0698 C3rF4s05      [10] 2151 	jp	00110$
                           2152 ;	genLabel
   069B                    2153 00112$:
                           2154 ;cases/tinyaes/tinyaes_mode_CTR_keylen_192.c:635: }
                           2155 ;	genEndFunction
   069B DD F9         [10] 2156 	ld	sp, ix
   069D DD E1         [14] 2157 	pop	ix
   069F E1            [10] 2158 	pop	hl
                           2159 ;	adjustStack by 2
   06A0 F1            [10] 2160 	pop	af
   06A1 E9            [ 4] 2161 	jp	(hl)
                           2162 ;	Total AES_CTR_xcrypt_buffer function size at codegen: 9 bytes.
                           2163 ;cases/tinyaes/tinyaes_mode_CTR_keylen_192.c:741: void encrypt_ctr(void)
                           2164 ;	genLabel
                           2165 ;	genFunction
                           2166 ;	---------------------------------
                           2167 ; Function encrypt_ctr
                           2168 ; ---------------------------------
                           2169 ;	Register assignment is optimal.
                           2170 ; Stack space usage: 0 bytes.
   06A2                    2171 _encrypt_ctr::
                           2172 ;cases/tinyaes/tinyaes_mode_CTR_keylen_192.c:743: return xcrypt_ctr();
                           2173 ;	genCall
                           2174 ;	genRet
                           2175 ;	genLabel
                           2176 ; common peephole 159 removed unused label 00101$.
                           2177 ;cases/tinyaes/tinyaes_mode_CTR_keylen_192.c:744: }
                           2178 ;	genEndFunction
   06A2 C3rA8s06      [10] 2179 	jp  _xcrypt_ctr
                           2180 ; common peephole 135 replaced call at end of function by jump (tail call optimization).
                           2181 ;	Total encrypt_ctr function size at codegen: 1 bytes.
                           2182 ;cases/tinyaes/tinyaes_mode_CTR_keylen_192.c:746: void decrypt_ctr(void)
                           2183 ;	genLabel
                           2184 ;	genFunction
                           2185 ;	---------------------------------
                           2186 ; Function decrypt_ctr
                           2187 ; ---------------------------------
                           2188 ;	Register assignment is optimal.
                           2189 ; Stack space usage: 0 bytes.
   06A5                    2190 _decrypt_ctr::
                           2191 ;cases/tinyaes/tinyaes_mode_CTR_keylen_192.c:748: return xcrypt_ctr();
                           2192 ;	genCall
                           2193 ;	genRet
                           2194 ;	genLabel
                           2195 ; common peephole 159 removed unused label 00101$.
                           2196 ;cases/tinyaes/tinyaes_mode_CTR_keylen_192.c:749: }
                           2197 ;	genEndFunction
   06A5 C3rA8s06      [10] 2198 	jp  _xcrypt_ctr
                           2199 ; common peephole 135 replaced call at end of function by jump (tail call optimization).
                           2200 ;	Total decrypt_ctr function size at codegen: 1 bytes.
                           2201 ;cases/tinyaes/tinyaes_mode_CTR_keylen_192.c:751: void xcrypt_ctr(void)
                           2202 ;	genLabel
                           2203 ;	genFunction
                           2204 ;	---------------------------------
                           2205 ; Function xcrypt_ctr
                           2206 ; ---------------------------------
                           2207 ;	Register assignment might be sub-optimal.
                           2208 ; Stack space usage: 392 bytes.
   06A8                    2209 _xcrypt_ctr::
   06A8 DD E5         [15] 2210 	push	ix
   06AA DD 21 00 00   [14] 2211 	ld	ix,	#0
   06AE DD 39         [15] 2212 	add	ix, sp
                           2213 ;	adjustStack by -392
   06B0 21 78 FE      [10] 2214 	ld	hl, #-392
   06B3 39            [11] 2215 	add	hl, sp
                           2216 ;cases/tinyaes/tinyaes_mode_CTR_keylen_192.c:761: uint8_t key[24] = { 0x8e, 0x73, 0xb0, 0xf7, 0xda, 0x0e, 0x64, 0x52, 0xc8, 0x10, 0xf3, 0x2b, 0x80, 0x90, 0x79, 0xe5, 
                           2217 ;	genAddrOf
   06B4 F9            [ 6] 2218 	ld	sp, hl
                           2219 ; common peephole 9c reused value still in hl.
   06B5 EB            [ 4] 2220 	ex	de, hl
                           2221 ;	genPointerSet
                           2222 ;	genMove_o size 1 result type 2 source type 1 a_dead 1 hl_dead 0 de_dead 0 iy_dead 1 f_dead 1
   06B6 3E 8E         [ 7] 2223 	ld	a, #0x8e
   06B8 12            [ 7] 2224 	ld	(de), a
                           2225 ;	skipping iCode since result will be rematerialized
                           2226 ;	genPointerSet
                           2227 ;	genMove_o size 1 result type 12 source type 1 a_dead 1 hl_dead 1 de_dead 0 iy_dead 1 f_dead 1
   06B9 FD 21 01 00   [14] 2228 	ld	iy, #1
   06BD FD 39         [15] 2229 	add	iy, sp
   06BF FD 36 00 73   [19] 2230 	ld	0 (iy), #0x73
                           2231 ;	skipping iCode since result will be rematerialized
                           2232 ;	genPointerSet
                           2233 ;	genMove_o size 1 result type 12 source type 1 a_dead 1 hl_dead 1 de_dead 0 iy_dead 1 f_dead 1
   06C3 FD 23         [10] 2234 	inc	iy
   06C5 FD 36 00 B0   [19] 2235 	ld	0 (iy), #0xb0
                           2236 ;	skipping iCode since result will be rematerialized
                           2237 ;	genPointerSet
                           2238 ;	genMove_o size 1 result type 12 source type 1 a_dead 1 hl_dead 1 de_dead 0 iy_dead 1 f_dead 1
   06C9 FD 23         [10] 2239 	inc	iy
   06CB FD 36 00 F7   [19] 2240 	ld	0 (iy), #0xf7
                           2241 ;	skipping iCode since result will be rematerialized
                           2242 ;	genPointerSet
                           2243 ;	genMove_o size 1 result type 12 source type 1 a_dead 1 hl_dead 1 de_dead 0 iy_dead 1 f_dead 1
   06CF FD 23         [10] 2244 	inc	iy
   06D1 FD 36 00 DA   [19] 2245 	ld	0 (iy), #0xda
                           2246 ;	skipping iCode since result will be rematerialized
                           2247 ;	genPointerSet
                           2248 ;	genMove_o size 1 result type 12 source type 1 a_dead 1 hl_dead 1 de_dead 0 iy_dead 1 f_dead 1
   06D5 FD 23         [10] 2249 	inc	iy
   06D7 FD 36 00 0E   [19] 2250 	ld	0 (iy), #0x0e
                           2251 ;	skipping iCode since result will be rematerialized
                           2252 ;	genPointerSet
                           2253 ;	genMove_o size 1 result type 12 source type 1 a_dead 1 hl_dead 1 de_dead 0 iy_dead 1 f_dead 1
   06DB FD 23         [10] 2254 	inc	iy
   06DD FD 36 00 64   [19] 2255 	ld	0 (iy), #0x64
                           2256 ;	skipping iCode since result will be rematerialized
                           2257 ;	genPointerSet
                           2258 ;	genMove_o size 1 result type 12 source type 1 a_dead 1 hl_dead 1 de_dead 0 iy_dead 1 f_dead 1
   06E1 FD 23         [10] 2259 	inc	iy
   06E3 FD 36 00 52   [19] 2260 	ld	0 (iy), #0x52
                           2261 ;	skipping iCode since result will be rematerialized
                           2262 ;	genPointerSet
                           2263 ;	genMove_o size 1 result type 12 source type 1 a_dead 1 hl_dead 1 de_dead 0 iy_dead 1 f_dead 1
   06E7 FD 23         [10] 2264 	inc	iy
   06E9 FD 36 00 C8   [19] 2265 	ld	0 (iy), #0xc8
                           2266 ;	skipping iCode since result will be rematerialized
                           2267 ;	genPointerSet
                           2268 ;	genMove_o size 1 result type 12 source type 1 a_dead 1 hl_dead 1 de_dead 0 iy_dead 1 f_dead 1
   06ED FD 23         [10] 2269 	inc	iy
   06EF FD 36 00 10   [19] 2270 	ld	0 (iy), #0x10
                           2271 ;	skipping iCode since result will be rematerialized
                           2272 ;	genPointerSet
                           2273 ;	genMove_o size 1 result type 12 source type 1 a_dead 1 hl_dead 1 de_dead 0 iy_dead 1 f_dead 1
   06F3 FD 23         [10] 2274 	inc	iy
   06F5 FD 36 00 F3   [19] 2275 	ld	0 (iy), #0xf3
                           2276 ;	skipping iCode since result will be rematerialized
                           2277 ;	genPointerSet
                           2278 ;	genMove_o size 1 result type 12 source type 1 a_dead 1 hl_dead 1 de_dead 0 iy_dead 1 f_dead 1
   06F9 FD 23         [10] 2279 	inc	iy
   06FB FD 36 00 2B   [19] 2280 	ld	0 (iy), #0x2b
                           2281 ;	skipping iCode since result will be rematerialized
                           2282 ;	genPointerSet
                           2283 ;	genMove_o size 1 result type 12 source type 1 a_dead 1 hl_dead 1 de_dead 0 iy_dead 1 f_dead 1
   06FF FD 23         [10] 2284 	inc	iy
   0701 FD 36 00 80   [19] 2285 	ld	0 (iy), #0x80
                           2286 ;	skipping iCode since result will be rematerialized
                           2287 ;	genPointerSet
                           2288 ;	genMove_o size 1 result type 12 source type 1 a_dead 1 hl_dead 1 de_dead 0 iy_dead 1 f_dead 1
   0705 FD 23         [10] 2289 	inc	iy
   0707 FD 36 00 90   [19] 2290 	ld	0 (iy), #0x90
                           2291 ;	skipping iCode since result will be rematerialized
                           2292 ;	genPointerSet
                           2293 ;	genMove_o size 1 result type 12 source type 1 a_dead 1 hl_dead 1 de_dead 0 iy_dead 1 f_dead 1
   070B FD 23         [10] 2294 	inc	iy
   070D FD 36 00 79   [19] 2295 	ld	0 (iy), #0x79
                           2296 ;	skipping iCode since result will be rematerialized
                           2297 ;	genPointerSet
                           2298 ;	genMove_o size 1 result type 12 source type 1 a_dead 1 hl_dead 1 de_dead 0 iy_dead 1 f_dead 1
   0711 FD 23         [10] 2299 	inc	iy
   0713 FD 36 00 E5   [19] 2300 	ld	0 (iy), #0xe5
                           2301 ;	skipping iCode since result will be rematerialized
                           2302 ;	genPointerSet
                           2303 ;	genMove_o size 1 result type 12 source type 1 a_dead 1 hl_dead 1 de_dead 0 iy_dead 1 f_dead 1
   0717 FD 23         [10] 2304 	inc	iy
   0719 FD 36 00 62   [19] 2305 	ld	0 (iy), #0x62
                           2306 ;	skipping iCode since result will be rematerialized
                           2307 ;	genPointerSet
                           2308 ;	genMove_o size 1 result type 12 source type 1 a_dead 1 hl_dead 1 de_dead 0 iy_dead 1 f_dead 1
   071D FD 23         [10] 2309 	inc	iy
   071F FD 36 00 F8   [19] 2310 	ld	0 (iy), #0xf8
                           2311 ;	skipping iCode since result will be rematerialized
                           2312 ;	genPointerSet
                           2313 ;	genMove_o size 1 result type 12 source type 1 a_dead 1 hl_dead 1 de_dead 0 iy_dead 1 f_dead 1
   0723 FD 23         [10] 2314 	inc	iy
   0725 FD 36 00 EA   [19] 2315 	ld	0 (iy), #0xea
                           2316 ;	skipping iCode since result will be rematerialized
                           2317 ;	genPointerSet
                           2318 ;	genMove_o size 1 result type 12 source type 1 a_dead 1 hl_dead 1 de_dead 0 iy_dead 1 f_dead 1
   0729 FD 23         [10] 2319 	inc	iy
   072B FD 36 00 D2   [19] 2320 	ld	0 (iy), #0xd2
                           2321 ;	skipping iCode since result will be rematerialized
                           2322 ;	genPointerSet
                           2323 ;	genMove_o size 1 result type 12 source type 1 a_dead 1 hl_dead 1 de_dead 0 iy_dead 1 f_dead 1
   072F FD 23         [10] 2324 	inc	iy
   0731 FD 36 00 52   [19] 2325 	ld	0 (iy), #0x52
                           2326 ;	skipping iCode since result will be rematerialized
                           2327 ;	genPointerSet
                           2328 ;	genMove_o size 1 result type 12 source type 1 a_dead 1 hl_dead 1 de_dead 0 iy_dead 1 f_dead 1
   0735 FD 23         [10] 2329 	inc	iy
   0737 FD 36 00 2C   [19] 2330 	ld	0 (iy), #0x2c
                           2331 ;	skipping iCode since result will be rematerialized
                           2332 ;	genPointerSet
                           2333 ;	genMove_o size 1 result type 12 source type 1 a_dead 1 hl_dead 1 de_dead 0 iy_dead 1 f_dead 1
   073B FD 23         [10] 2334 	inc	iy
   073D FD 36 00 6B   [19] 2335 	ld	0 (iy), #0x6b
                           2336 ;	skipping iCode since result will be rematerialized
                           2337 ;	genPointerSet
                           2338 ;	genMove_o size 1 result type 12 source type 1 a_dead 1 hl_dead 1 de_dead 0 iy_dead 1 f_dead 1
   0741 FD 23         [10] 2339 	inc	iy
   0743 FD 36 00 7B   [19] 2340 	ld	0 (iy), #0x7b
                           2341 ;cases/tinyaes/tinyaes_mode_CTR_keylen_192.c:763: uint8_t in[64]  = { 0x1a, 0xbc, 0x93, 0x24, 0x17, 0x52, 0x1c, 0xa2, 0x4f, 0x2b, 0x04, 0x59, 0xfe, 0x7e, 0x6e, 0x0b, 
                           2342 ;	skipping iCode since result will be rematerialized
                           2343 ;	genPointerSet
                           2344 ;	genMove_o size 1 result type 12 source type 1 a_dead 1 hl_dead 1 de_dead 0 iy_dead 1 f_dead 1
   0747 FD 23         [10] 2345 	inc	iy
   0749 FD 36 00 1A   [19] 2346 	ld	0 (iy), #0x1a
                           2347 ;	skipping iCode since result will be rematerialized
                           2348 ;	genPointerSet
                           2349 ;	genMove_o size 1 result type 12 source type 1 a_dead 1 hl_dead 1 de_dead 0 iy_dead 1 f_dead 1
   074D FD 23         [10] 2350 	inc	iy
   074F FD 36 00 BC   [19] 2351 	ld	0 (iy), #0xbc
                           2352 ;	skipping iCode since result will be rematerialized
                           2353 ;	genPointerSet
                           2354 ;	genMove_o size 1 result type 12 source type 1 a_dead 1 hl_dead 1 de_dead 0 iy_dead 1 f_dead 1
   0753 FD 23         [10] 2355 	inc	iy
   0755 FD 36 00 93   [19] 2356 	ld	0 (iy), #0x93
                           2357 ;	skipping iCode since result will be rematerialized
                           2358 ;	genPointerSet
                           2359 ;	genMove_o size 1 result type 12 source type 1 a_dead 1 hl_dead 1 de_dead 0 iy_dead 1 f_dead 1
   0759 FD 23         [10] 2360 	inc	iy
   075B FD 36 00 24   [19] 2361 	ld	0 (iy), #0x24
                           2362 ;	skipping iCode since result will be rematerialized
                           2363 ;	genPointerSet
                           2364 ;	genMove_o size 1 result type 12 source type 1 a_dead 1 hl_dead 1 de_dead 0 iy_dead 1 f_dead 1
   075F FD 23         [10] 2365 	inc	iy
   0761 FD 36 00 17   [19] 2366 	ld	0 (iy), #0x17
                           2367 ;	skipping iCode since result will be rematerialized
                           2368 ;	genPointerSet
                           2369 ;	genMove_o size 1 result type 12 source type 1 a_dead 1 hl_dead 1 de_dead 0 iy_dead 1 f_dead 1
   0765 FD 23         [10] 2370 	inc	iy
   0767 FD 36 00 52   [19] 2371 	ld	0 (iy), #0x52
                           2372 ;	skipping iCode since result will be rematerialized
                           2373 ;	genPointerSet
                           2374 ;	genMove_o size 1 result type 12 source type 1 a_dead 1 hl_dead 1 de_dead 0 iy_dead 1 f_dead 1
   076B FD 23         [10] 2375 	inc	iy
   076D FD 36 00 1C   [19] 2376 	ld	0 (iy), #0x1c
                           2377 ;	skipping iCode since result will be rematerialized
                           2378 ;	genPointerSet
                           2379 ;	genMove_o size 1 result type 12 source type 1 a_dead 1 hl_dead 1 de_dead 0 iy_dead 1 f_dead 1
   0771 FD 23         [10] 2380 	inc	iy
   0773 FD 36 00 A2   [19] 2381 	ld	0 (iy), #0xa2
                           2382 ;	skipping iCode since result will be rematerialized
                           2383 ;	genPointerSet
                           2384 ;	genMove_o size 1 result type 12 source type 1 a_dead 1 hl_dead 1 de_dead 0 iy_dead 1 f_dead 1
   0777 FD 23         [10] 2385 	inc	iy
   0779 FD 36 00 4F   [19] 2386 	ld	0 (iy), #0x4f
                           2387 ;	skipping iCode since result will be rematerialized
                           2388 ;	genPointerSet
                           2389 ;	genMove_o size 1 result type 12 source type 1 a_dead 1 hl_dead 1 de_dead 0 iy_dead 1 f_dead 1
   077D FD 23         [10] 2390 	inc	iy
   077F FD 36 00 2B   [19] 2391 	ld	0 (iy), #0x2b
                           2392 ;	skipping iCode since result will be rematerialized
                           2393 ;	genPointerSet
                           2394 ;	genMove_o size 1 result type 12 source type 1 a_dead 1 hl_dead 1 de_dead 0 iy_dead 1 f_dead 1
   0783 FD 23         [10] 2395 	inc	iy
   0785 FD 36 00 04   [19] 2396 	ld	0 (iy), #0x04
                           2397 ;	skipping iCode since result will be rematerialized
                           2398 ;	genPointerSet
                           2399 ;	genMove_o size 1 result type 12 source type 1 a_dead 1 hl_dead 1 de_dead 0 iy_dead 1 f_dead 1
   0789 FD 23         [10] 2400 	inc	iy
   078B FD 36 00 59   [19] 2401 	ld	0 (iy), #0x59
                           2402 ;	skipping iCode since result will be rematerialized
                           2403 ;	genPointerSet
                           2404 ;	genMove_o size 1 result type 12 source type 1 a_dead 1 hl_dead 1 de_dead 0 iy_dead 1 f_dead 1
   078F FD 23         [10] 2405 	inc	iy
   0791 FD 36 00 FE   [19] 2406 	ld	0 (iy), #0xfe
                           2407 ;	skipping iCode since result will be rematerialized
                           2408 ;	genPointerSet
                           2409 ;	genMove_o size 1 result type 12 source type 1 a_dead 1 hl_dead 1 de_dead 0 iy_dead 1 f_dead 1
   0795 FD 23         [10] 2410 	inc	iy
   0797 FD 36 00 7E   [19] 2411 	ld	0 (iy), #0x7e
                           2412 ;	skipping iCode since result will be rematerialized
                           2413 ;	genPointerSet
                           2414 ;	genMove_o size 1 result type 12 source type 1 a_dead 1 hl_dead 1 de_dead 0 iy_dead 1 f_dead 1
   079B FD 23         [10] 2415 	inc	iy
   079D FD 36 00 6E   [19] 2416 	ld	0 (iy), #0x6e
                           2417 ;	skipping iCode since result will be rematerialized
                           2418 ;	genPointerSet
                           2419 ;	genMove_o size 1 result type 12 source type 1 a_dead 1 hl_dead 1 de_dead 0 iy_dead 1 f_dead 1
   07A1 FD 23         [10] 2420 	inc	iy
   07A3 FD 36 00 0B   [19] 2421 	ld	0 (iy), #0x0b
                           2422 ;	skipping iCode since result will be rematerialized
                           2423 ;	genPointerSet
                           2424 ;	genMove_o size 1 result type 12 source type 1 a_dead 1 hl_dead 1 de_dead 0 iy_dead 1 f_dead 1
   07A7 FD 23         [10] 2425 	inc	iy
   07A9 FD 36 00 09   [19] 2426 	ld	0 (iy), #0x09
                           2427 ;	skipping iCode since result will be rematerialized
                           2428 ;	genPointerSet
                           2429 ;	genMove_o size 1 result type 12 source type 1 a_dead 1 hl_dead 1 de_dead 0 iy_dead 1 f_dead 1
   07AD FD 23         [10] 2430 	inc	iy
   07AF FD 36 00 03   [19] 2431 	ld	0 (iy), #0x03
                           2432 ;	skipping iCode since result will be rematerialized
                           2433 ;	genPointerSet
                           2434 ;	genMove_o size 1 result type 12 source type 1 a_dead 1 hl_dead 1 de_dead 0 iy_dead 1 f_dead 1
   07B3 FD 23         [10] 2435 	inc	iy
   07B5 FD 36 00 39   [19] 2436 	ld	0 (iy), #0x39
                           2437 ;	skipping iCode since result will be rematerialized
                           2438 ;	genPointerSet
                           2439 ;	genMove_o size 1 result type 12 source type 1 a_dead 1 hl_dead 1 de_dead 0 iy_dead 1 f_dead 1
   07B9 FD 23         [10] 2440 	inc	iy
   07BB FD 36 00 EC   [19] 2441 	ld	0 (iy), #0xec
                           2442 ;	skipping iCode since result will be rematerialized
                           2443 ;	genPointerSet
                           2444 ;	genMove_o size 1 result type 12 source type 1 a_dead 1 hl_dead 1 de_dead 0 iy_dead 1 f_dead 1
   07BF FD 23         [10] 2445 	inc	iy
   07C1 FD 36 00 0A   [19] 2446 	ld	0 (iy), #0x0a
                           2447 ;	skipping iCode since result will be rematerialized
                           2448 ;	genPointerSet
                           2449 ;	genMove_o size 1 result type 12 source type 1 a_dead 1 hl_dead 1 de_dead 0 iy_dead 1 f_dead 1
   07C5 FD 23         [10] 2450 	inc	iy
   07C7 FD 36 00 A6   [19] 2451 	ld	0 (iy), #0xa6
                           2452 ;	skipping iCode since result will be rematerialized
                           2453 ;	genPointerSet
                           2454 ;	genMove_o size 1 result type 12 source type 1 a_dead 1 hl_dead 1 de_dead 0 iy_dead 1 f_dead 1
   07CB FD 23         [10] 2455 	inc	iy
   07CD FD 36 00 FA   [19] 2456 	ld	0 (iy), #0xfa
                           2457 ;	skipping iCode since result will be rematerialized
                           2458 ;	genPointerSet
                           2459 ;	genMove_o size 1 result type 12 source type 1 a_dead 1 hl_dead 1 de_dead 0 iy_dead 1 f_dead 1
   07D1 FD 23         [10] 2460 	inc	iy
   07D3 FD 36 00 EF   [19] 2461 	ld	0 (iy), #0xef
                           2462 ;	skipping iCode since result will be rematerialized
                           2463 ;	genPointerSet
                           2464 ;	genMove_o size 1 result type 12 source type 1 a_dead 1 hl_dead 1 de_dead 0 iy_dead 1 f_dead 1
   07D7 FD 23         [10] 2465 	inc	iy
   07D9 FD 36 00 D5   [19] 2466 	ld	0 (iy), #0xd5
                           2467 ;	skipping iCode since result will be rematerialized
                           2468 ;	genPointerSet
                           2469 ;	genMove_o size 1 result type 12 source type 1 a_dead 1 hl_dead 1 de_dead 0 iy_dead 1 f_dead 1
   07DD FD 23         [10] 2470 	inc	iy
   07DF FD 36 00 CC   [19] 2471 	ld	0 (iy), #0xcc
                           2472 ;	skipping iCode since result will be rematerialized
                           2473 ;	genPointerSet
                           2474 ;	genMove_o size 1 result type 12 source type 1 a_dead 1 hl_dead 1 de_dead 0 iy_dead 1 f_dead 1
   07E3 FD 23         [10] 2475 	inc	iy
   07E5 FD 36 00 C2   [19] 2476 	ld	0 (iy), #0xc2
                           2477 ;	skipping iCode since result will be rematerialized
                           2478 ;	genPointerSet
                           2479 ;	genMove_o size 1 result type 12 source type 1 a_dead 1 hl_dead 1 de_dead 0 iy_dead 1 f_dead 1
   07E9 FD 23         [10] 2480 	inc	iy
   07EB FD 36 00 C6   [19] 2481 	ld	0 (iy), #0xc6
                           2482 ;	skipping iCode since result will be rematerialized
                           2483 ;	genPointerSet
                           2484 ;	genMove_o size 1 result type 12 source type 1 a_dead 1 hl_dead 1 de_dead 0 iy_dead 1 f_dead 1
   07EF FD 23         [10] 2485 	inc	iy
   07F1 FD 36 00 F4   [19] 2486 	ld	0 (iy), #0xf4
                           2487 ;	skipping iCode since result will be rematerialized
                           2488 ;	genPointerSet
                           2489 ;	genMove_o size 1 result type 12 source type 1 a_dead 1 hl_dead 1 de_dead 0 iy_dead 1 f_dead 1
   07F5 FD 23         [10] 2490 	inc	iy
   07F7 FD 36 00 CE   [19] 2491 	ld	0 (iy), #0xce
                           2492 ;	skipping iCode since result will be rematerialized
                           2493 ;	genPointerSet
                           2494 ;	genMove_o size 1 result type 12 source type 1 a_dead 1 hl_dead 1 de_dead 0 iy_dead 1 f_dead 1
   07FB FD 23         [10] 2495 	inc	iy
   07FD FD 36 00 8E   [19] 2496 	ld	0 (iy), #0x8e
                           2497 ;	skipping iCode since result will be rematerialized
                           2498 ;	genPointerSet
                           2499 ;	genMove_o size 1 result type 12 source type 1 a_dead 1 hl_dead 1 de_dead 0 iy_dead 1 f_dead 1
   0801 FD 23         [10] 2500 	inc	iy
   0803 FD 36 00 94   [19] 2501 	ld	0 (iy), #0x94
                           2502 ;	skipping iCode since result will be rematerialized
                           2503 ;	genPointerSet
                           2504 ;	genMove_o size 1 result type 12 source type 1 a_dead 1 hl_dead 1 de_dead 0 iy_dead 1 f_dead 1
   0807 FD 23         [10] 2505 	inc	iy
   0809 FD 36 00 1E   [19] 2506 	ld	0 (iy), #0x1e
                           2507 ;	skipping iCode since result will be rematerialized
                           2508 ;	genPointerSet
                           2509 ;	genMove_o size 1 result type 12 source type 1 a_dead 1 hl_dead 1 de_dead 0 iy_dead 1 f_dead 1
   080D FD 23         [10] 2510 	inc	iy
   080F FD 36 00 36   [19] 2511 	ld	0 (iy), #0x36
                           2512 ;	skipping iCode since result will be rematerialized
                           2513 ;	genPointerSet
                           2514 ;	genMove_o size 1 result type 12 source type 1 a_dead 1 hl_dead 1 de_dead 0 iy_dead 1 f_dead 1
   0813 FD 23         [10] 2515 	inc	iy
   0815 FD 36 00 B2   [19] 2516 	ld	0 (iy), #0xb2
                           2517 ;	skipping iCode since result will be rematerialized
                           2518 ;	genPointerSet
                           2519 ;	genMove_o size 1 result type 12 source type 1 a_dead 1 hl_dead 1 de_dead 0 iy_dead 1 f_dead 1
   0819 FD 23         [10] 2520 	inc	iy
   081B FD 36 00 6B   [19] 2521 	ld	0 (iy), #0x6b
                           2522 ;	skipping iCode since result will be rematerialized
                           2523 ;	genPointerSet
                           2524 ;	genMove_o size 1 result type 12 source type 1 a_dead 1 hl_dead 1 de_dead 0 iy_dead 1 f_dead 1
   081F FD 23         [10] 2525 	inc	iy
   0821 FD 36 00 D1   [19] 2526 	ld	0 (iy), #0xd1
                           2527 ;	skipping iCode since result will be rematerialized
                           2528 ;	genPointerSet
                           2529 ;	genMove_o size 1 result type 12 source type 1 a_dead 1 hl_dead 1 de_dead 0 iy_dead 1 f_dead 1
   0825 FD 23         [10] 2530 	inc	iy
   0827 FD 36 00 EB   [19] 2531 	ld	0 (iy), #0xeb
                           2532 ;	skipping iCode since result will be rematerialized
                           2533 ;	genPointerSet
                           2534 ;	genMove_o size 1 result type 12 source type 1 a_dead 1 hl_dead 1 de_dead 0 iy_dead 1 f_dead 1
   082B FD 23         [10] 2535 	inc	iy
   082D FD 36 00 C6   [19] 2536 	ld	0 (iy), #0xc6
                           2537 ;	skipping iCode since result will be rematerialized
                           2538 ;	genPointerSet
                           2539 ;	genMove_o size 1 result type 12 source type 1 a_dead 1 hl_dead 1 de_dead 0 iy_dead 1 f_dead 1
   0831 FD 23         [10] 2540 	inc	iy
   0833 FD 36 00 70   [19] 2541 	ld	0 (iy), #0x70
                           2542 ;	skipping iCode since result will be rematerialized
                           2543 ;	genPointerSet
                           2544 ;	genMove_o size 1 result type 12 source type 1 a_dead 1 hl_dead 1 de_dead 0 iy_dead 1 f_dead 1
   0837 FD 23         [10] 2545 	inc	iy
   0839 FD 36 00 D1   [19] 2546 	ld	0 (iy), #0xd1
                           2547 ;	skipping iCode since result will be rematerialized
                           2548 ;	genPointerSet
                           2549 ;	genMove_o size 1 result type 12 source type 1 a_dead 1 hl_dead 1 de_dead 0 iy_dead 1 f_dead 1
   083D FD 23         [10] 2550 	inc	iy
   083F FD 36 00 BD   [19] 2551 	ld	0 (iy), #0xbd
                           2552 ;	skipping iCode since result will be rematerialized
                           2553 ;	genPointerSet
                           2554 ;	genMove_o size 1 result type 12 source type 1 a_dead 1 hl_dead 1 de_dead 0 iy_dead 1 f_dead 1
   0843 FD 23         [10] 2555 	inc	iy
   0845 FD 36 00 1D   [19] 2556 	ld	0 (iy), #0x1d
                           2557 ;	skipping iCode since result will be rematerialized
                           2558 ;	genPointerSet
                           2559 ;	genMove_o size 1 result type 12 source type 1 a_dead 1 hl_dead 1 de_dead 0 iy_dead 1 f_dead 1
   0849 FD 23         [10] 2560 	inc	iy
   084B FD 36 00 66   [19] 2561 	ld	0 (iy), #0x66
                           2562 ;	skipping iCode since result will be rematerialized
                           2563 ;	genPointerSet
                           2564 ;	genMove_o size 1 result type 12 source type 1 a_dead 1 hl_dead 1 de_dead 0 iy_dead 1 f_dead 1
   084F FD 23         [10] 2565 	inc	iy
   0851 FD 36 00 56   [19] 2566 	ld	0 (iy), #0x56
                           2567 ;	skipping iCode since result will be rematerialized
                           2568 ;	genPointerSet
                           2569 ;	genMove_o size 1 result type 12 source type 1 a_dead 1 hl_dead 1 de_dead 0 iy_dead 1 f_dead 1
   0855 FD 23         [10] 2570 	inc	iy
   0857 FD 36 00 20   [19] 2571 	ld	0 (iy), #0x20
                           2572 ;	skipping iCode since result will be rematerialized
                           2573 ;	genPointerSet
                           2574 ;	genMove_o size 1 result type 12 source type 1 a_dead 1 hl_dead 1 de_dead 0 iy_dead 1 f_dead 1
   085B FD 23         [10] 2575 	inc	iy
   085D FD 36 00 AB   [19] 2576 	ld	0 (iy), #0xab
                           2577 ;	skipping iCode since result will be rematerialized
                           2578 ;	genPointerSet
                           2579 ;	genMove_o size 1 result type 12 source type 1 a_dead 1 hl_dead 1 de_dead 0 iy_dead 1 f_dead 1
   0861 FD 23         [10] 2580 	inc	iy
   0863 FD 36 00 F7   [19] 2581 	ld	0 (iy), #0xf7
                           2582 ;	skipping iCode since result will be rematerialized
                           2583 ;	genPointerSet
                           2584 ;	genMove_o size 1 result type 12 source type 1 a_dead 1 hl_dead 1 de_dead 0 iy_dead 1 f_dead 1
   0867 FD 23         [10] 2585 	inc	iy
   0869 FD 36 00 4F   [19] 2586 	ld	0 (iy), #0x4f
                           2587 ;	skipping iCode since result will be rematerialized
                           2588 ;	genPointerSet
                           2589 ;	genMove_o size 1 result type 12 source type 1 a_dead 1 hl_dead 1 de_dead 0 iy_dead 1 f_dead 1
   086D FD 23         [10] 2590 	inc	iy
   086F FD 36 00 78   [19] 2591 	ld	0 (iy), #0x78
                           2592 ;	skipping iCode since result will be rematerialized
                           2593 ;	genPointerSet
                           2594 ;	genMove_o size 1 result type 12 source type 1 a_dead 1 hl_dead 1 de_dead 0 iy_dead 1 f_dead 1
   0873 FD 23         [10] 2595 	inc	iy
   0875 FD 36 00 A7   [19] 2596 	ld	0 (iy), #0xa7
                           2597 ;	skipping iCode since result will be rematerialized
                           2598 ;	genPointerSet
                           2599 ;	genMove_o size 1 result type 12 source type 1 a_dead 1 hl_dead 1 de_dead 0 iy_dead 1 f_dead 1
   0879 FD 23         [10] 2600 	inc	iy
   087B FD 36 00 F6   [19] 2601 	ld	0 (iy), #0xf6
                           2602 ;	skipping iCode since result will be rematerialized
                           2603 ;	genPointerSet
                           2604 ;	genMove_o size 1 result type 12 source type 1 a_dead 1 hl_dead 1 de_dead 0 iy_dead 1 f_dead 1
   087F FD 23         [10] 2605 	inc	iy
   0881 FD 36 00 D2   [19] 2606 	ld	0 (iy), #0xd2
                           2607 ;	skipping iCode since result will be rematerialized
                           2608 ;	genPointerSet
                           2609 ;	genMove_o size 1 result type 12 source type 1 a_dead 1 hl_dead 1 de_dead 0 iy_dead 1 f_dead 1
   0885 FD 23         [10] 2610 	inc	iy
   0887 FD 36 00 98   [19] 2611 	ld	0 (iy), #0x98
                           2612 ;	skipping iCode since result will be rematerialized
                           2613 ;	genPointerSet
                           2614 ;	genMove_o size 1 result type 12 source type 1 a_dead 1 hl_dead 1 de_dead 0 iy_dead 1 f_dead 1
   088B FD 23         [10] 2615 	inc	iy
   088D FD 36 00 09   [19] 2616 	ld	0 (iy), #0x09
                           2617 ;	skipping iCode since result will be rematerialized
                           2618 ;	genPointerSet
                           2619 ;	genMove_o size 1 result type 12 source type 1 a_dead 1 hl_dead 1 de_dead 0 iy_dead 1 f_dead 1
   0891 FD 23         [10] 2620 	inc	iy
   0893 FD 36 00 58   [19] 2621 	ld	0 (iy), #0x58
                           2622 ;	skipping iCode since result will be rematerialized
                           2623 ;	genPointerSet
                           2624 ;	genMove_o size 1 result type 12 source type 1 a_dead 1 hl_dead 1 de_dead 0 iy_dead 1 f_dead 1
   0897 FD 23         [10] 2625 	inc	iy
   0899 FD 36 00 5A   [19] 2626 	ld	0 (iy), #0x5a
                           2627 ;	skipping iCode since result will be rematerialized
                           2628 ;	genPointerSet
                           2629 ;	genMove_o size 1 result type 12 source type 1 a_dead 1 hl_dead 1 de_dead 0 iy_dead 1 f_dead 1
   089D FD 23         [10] 2630 	inc	iy
   089F FD 36 00 97   [19] 2631 	ld	0 (iy), #0x97
                           2632 ;	skipping iCode since result will be rematerialized
                           2633 ;	genPointerSet
                           2634 ;	genMove_o size 1 result type 12 source type 1 a_dead 1 hl_dead 1 de_dead 0 iy_dead 1 f_dead 1
   08A3 FD 23         [10] 2635 	inc	iy
   08A5 FD 36 00 DA   [19] 2636 	ld	0 (iy), #0xda
                           2637 ;	skipping iCode since result will be rematerialized
                           2638 ;	genPointerSet
                           2639 ;	genMove_o size 1 result type 12 source type 1 a_dead 1 hl_dead 1 de_dead 0 iy_dead 1 f_dead 1
   08A9 FD 23         [10] 2640 	inc	iy
   08AB FD 36 00 EC   [19] 2641 	ld	0 (iy), #0xec
                           2642 ;	skipping iCode since result will be rematerialized
                           2643 ;	genPointerSet
                           2644 ;	genMove_o size 1 result type 12 source type 1 a_dead 1 hl_dead 1 de_dead 0 iy_dead 1 f_dead 1
   08AF FD 23         [10] 2645 	inc	iy
   08B1 FD 36 00 58   [19] 2646 	ld	0 (iy), #0x58
                           2647 ;	skipping iCode since result will be rematerialized
                           2648 ;	genPointerSet
                           2649 ;	genMove_o size 1 result type 12 source type 1 a_dead 1 hl_dead 1 de_dead 0 iy_dead 1 f_dead 1
   08B5 FD 23         [10] 2650 	inc	iy
   08B7 FD 36 00 C6   [19] 2651 	ld	0 (iy), #0xc6
                           2652 ;	skipping iCode since result will be rematerialized
                           2653 ;	genPointerSet
                           2654 ;	genMove_o size 1 result type 12 source type 1 a_dead 1 hl_dead 1 de_dead 0 iy_dead 1 f_dead 1
   08BB FD 23         [10] 2655 	inc	iy
   08BD FD 36 00 B0   [19] 2656 	ld	0 (iy), #0xb0
                           2657 ;	skipping iCode since result will be rematerialized
                           2658 ;	genPointerSet
                           2659 ;	genMove_o size 1 result type 12 source type 1 a_dead 1 hl_dead 1 de_dead 0 iy_dead 1 f_dead 1
   08C1 FD 23         [10] 2660 	inc	iy
   08C3 FD 36 00 50   [19] 2661 	ld	0 (iy), #0x50
                           2662 ;cases/tinyaes/tinyaes_mode_CTR_keylen_192.c:774: uint8_t iv[16]  = { 0xf0, 0xf1, 0xf2, 0xf3, 0xf4, 0xf5, 0xf6, 0xf7, 0xf8, 0xf9, 0xfa, 0xfb, 0xfc, 0xfd, 0xfe, 0xff };
                           2663 ;	skipping iCode since result will be rematerialized
                           2664 ;	genPointerSet
                           2665 ;	genMove_o size 1 result type 12 source type 1 a_dead 1 hl_dead 1 de_dead 0 iy_dead 1 f_dead 1
   08C7 FD 23         [10] 2666 	inc	iy
   08C9 FD 36 00 F0   [19] 2667 	ld	0 (iy), #0xf0
                           2668 ;	skipping iCode since result will be rematerialized
                           2669 ;	genPointerSet
                           2670 ;	genMove_o size 1 result type 12 source type 1 a_dead 1 hl_dead 1 de_dead 0 iy_dead 1 f_dead 1
   08CD FD 23         [10] 2671 	inc	iy
   08CF FD 36 00 F1   [19] 2672 	ld	0 (iy), #0xf1
                           2673 ;	skipping iCode since result will be rematerialized
                           2674 ;	genPointerSet
                           2675 ;	genMove_o size 1 result type 12 source type 1 a_dead 1 hl_dead 1 de_dead 0 iy_dead 1 f_dead 1
   08D3 FD 23         [10] 2676 	inc	iy
   08D5 FD 36 00 F2   [19] 2677 	ld	0 (iy), #0xf2
                           2678 ;	skipping iCode since result will be rematerialized
                           2679 ;	genPointerSet
                           2680 ;	genMove_o size 1 result type 12 source type 1 a_dead 1 hl_dead 1 de_dead 0 iy_dead 1 f_dead 1
   08D9 FD 23         [10] 2681 	inc	iy
   08DB FD 36 00 F3   [19] 2682 	ld	0 (iy), #0xf3
                           2683 ;	skipping iCode since result will be rematerialized
                           2684 ;	genPointerSet
                           2685 ;	genMove_o size 1 result type 12 source type 1 a_dead 1 hl_dead 1 de_dead 0 iy_dead 1 f_dead 1
   08DF FD 23         [10] 2686 	inc	iy
   08E1 FD 36 00 F4   [19] 2687 	ld	0 (iy), #0xf4
                           2688 ;	skipping iCode since result will be rematerialized
                           2689 ;	genPointerSet
                           2690 ;	genMove_o size 1 result type 12 source type 1 a_dead 1 hl_dead 1 de_dead 0 iy_dead 1 f_dead 1
   08E5 FD 23         [10] 2691 	inc	iy
   08E7 FD 36 00 F5   [19] 2692 	ld	0 (iy), #0xf5
                           2693 ;	skipping iCode since result will be rematerialized
                           2694 ;	genPointerSet
                           2695 ;	genMove_o size 1 result type 12 source type 1 a_dead 1 hl_dead 1 de_dead 0 iy_dead 1 f_dead 1
   08EB FD 23         [10] 2696 	inc	iy
   08ED FD 36 00 F6   [19] 2697 	ld	0 (iy), #0xf6
                           2698 ;	skipping iCode since result will be rematerialized
                           2699 ;	genPointerSet
                           2700 ;	genMove_o size 1 result type 12 source type 1 a_dead 1 hl_dead 1 de_dead 0 iy_dead 1 f_dead 1
   08F1 FD 23         [10] 2701 	inc	iy
   08F3 FD 36 00 F7   [19] 2702 	ld	0 (iy), #0xf7
                           2703 ;	skipping iCode since result will be rematerialized
                           2704 ;	genPointerSet
                           2705 ;	genMove_o size 1 result type 12 source type 1 a_dead 1 hl_dead 1 de_dead 0 iy_dead 1 f_dead 1
   08F7 FD 23         [10] 2706 	inc	iy
   08F9 FD 36 00 F8   [19] 2707 	ld	0 (iy), #0xf8
                           2708 ;	skipping iCode since result will be rematerialized
                           2709 ;	genPointerSet
                           2710 ;	genMove_o size 1 result type 12 source type 1 a_dead 1 hl_dead 1 de_dead 0 iy_dead 1 f_dead 1
   08FD FD 23         [10] 2711 	inc	iy
   08FF FD 36 00 F9   [19] 2712 	ld	0 (iy), #0xf9
                           2713 ;	skipping iCode since result will be rematerialized
                           2714 ;	genPointerSet
                           2715 ;	genMove_o size 1 result type 12 source type 1 a_dead 1 hl_dead 1 de_dead 0 iy_dead 1 f_dead 1
   0903 FD 23         [10] 2716 	inc	iy
   0905 FD 36 00 FA   [19] 2717 	ld	0 (iy), #0xfa
                           2718 ;	skipping iCode since result will be rematerialized
                           2719 ;	genPointerSet
                           2720 ;	genMove_o size 1 result type 12 source type 1 a_dead 1 hl_dead 1 de_dead 0 iy_dead 1 f_dead 1
   0909 FD 23         [10] 2721 	inc	iy
   090B FD 36 00 FB   [19] 2722 	ld	0 (iy), #0xfb
                           2723 ;	skipping iCode since result will be rematerialized
                           2724 ;	genPointerSet
                           2725 ;	genMove_o size 1 result type 12 source type 1 a_dead 1 hl_dead 1 de_dead 0 iy_dead 1 f_dead 1
   090F FD 23         [10] 2726 	inc	iy
   0911 FD 36 00 FC   [19] 2727 	ld	0 (iy), #0xfc
                           2728 ;	skipping iCode since result will be rematerialized
                           2729 ;	genPointerSet
                           2730 ;	genMove_o size 1 result type 12 source type 1 a_dead 1 hl_dead 1 de_dead 0 iy_dead 1 f_dead 1
   0915 FD 23         [10] 2731 	inc	iy
   0917 FD 36 00 FD   [19] 2732 	ld	0 (iy), #0xfd
                           2733 ;	skipping iCode since result will be rematerialized
                           2734 ;	genPointerSet
                           2735 ;	genMove_o size 1 result type 12 source type 1 a_dead 1 hl_dead 1 de_dead 0 iy_dead 1 f_dead 1
   091B FD 23         [10] 2736 	inc	iy
   091D FD 36 00 FE   [19] 2737 	ld	0 (iy), #0xfe
                           2738 ;	skipping iCode since result will be rematerialized
                           2739 ;	genPointerSet
                           2740 ;	genMove_o size 1 result type 12 source type 1 a_dead 1 hl_dead 1 de_dead 0 iy_dead 1 f_dead 1
   0921 FD 23         [10] 2741 	inc	iy
   0923 FD 36 00 FF   [19] 2742 	ld	0 (iy), #0xff
                           2743 ;cases/tinyaes/tinyaes_mode_CTR_keylen_192.c:775: uint8_t out[64] = { 0x6b, 0xc1, 0xbe, 0xe2, 0x2e, 0x40, 0x9f, 0x96, 0xe9, 0x3d, 0x7e, 0x11, 0x73, 0x93, 0x17, 0x2a,
                           2744 ;	skipping iCode since result will be rematerialized
                           2745 ;	genPointerSet
                           2746 ;	genMove_o size 1 result type 12 source type 1 a_dead 1 hl_dead 1 de_dead 0 iy_dead 1 f_dead 1
   0927 FD 23         [10] 2747 	inc	iy
   0929 FD 36 00 6B   [19] 2748 	ld	0 (iy), #0x6b
                           2749 ;	skipping iCode since result will be rematerialized
                           2750 ;	genPointerSet
                           2751 ;	genMove_o size 1 result type 12 source type 1 a_dead 1 hl_dead 1 de_dead 0 iy_dead 1 f_dead 1
   092D FD 23         [10] 2752 	inc	iy
   092F FD 36 00 C1   [19] 2753 	ld	0 (iy), #0xc1
                           2754 ;	skipping iCode since result will be rematerialized
                           2755 ;	genPointerSet
                           2756 ;	genMove_o size 1 result type 12 source type 1 a_dead 1 hl_dead 1 de_dead 0 iy_dead 1 f_dead 1
   0933 FD 23         [10] 2757 	inc	iy
   0935 FD 36 00 BE   [19] 2758 	ld	0 (iy), #0xbe
                           2759 ;	skipping iCode since result will be rematerialized
                           2760 ;	genPointerSet
                           2761 ;	genMove_o size 1 result type 12 source type 1 a_dead 1 hl_dead 1 de_dead 0 iy_dead 1 f_dead 1
   0939 FD 23         [10] 2762 	inc	iy
   093B FD 36 00 E2   [19] 2763 	ld	0 (iy), #0xe2
                           2764 ;	skipping iCode since result will be rematerialized
                           2765 ;	genPointerSet
                           2766 ;	genMove_o size 1 result type 12 source type 1 a_dead 1 hl_dead 1 de_dead 0 iy_dead 1 f_dead 1
   093F FD 23         [10] 2767 	inc	iy
   0941 FD 36 00 2E   [19] 2768 	ld	0 (iy), #0x2e
                           2769 ;	skipping iCode since result will be rematerialized
                           2770 ;	genPointerSet
                           2771 ;	genMove_o size 1 result type 12 source type 1 a_dead 1 hl_dead 1 de_dead 0 iy_dead 1 f_dead 1
   0945 FD 23         [10] 2772 	inc	iy
   0947 FD 36 00 40   [19] 2773 	ld	0 (iy), #0x40
                           2774 ;	skipping iCode since result will be rematerialized
                           2775 ;	genPointerSet
                           2776 ;	genMove_o size 1 result type 12 source type 1 a_dead 1 hl_dead 1 de_dead 0 iy_dead 1 f_dead 1
   094B FD 23         [10] 2777 	inc	iy
   094D FD 36 00 9F   [19] 2778 	ld	0 (iy), #0x9f
                           2779 ;	skipping iCode since result will be rematerialized
                           2780 ;	genPointerSet
                           2781 ;	genMove_o size 1 result type 12 source type 1 a_dead 1 hl_dead 1 de_dead 0 iy_dead 1 f_dead 1
   0951 FD 23         [10] 2782 	inc	iy
   0953 FD 36 00 96   [19] 2783 	ld	0 (iy), #0x96
                           2784 ;	skipping iCode since result will be rematerialized
                           2785 ;	genPointerSet
                           2786 ;	genMove_o size 1 result type 12 source type 1 a_dead 1 hl_dead 1 de_dead 0 iy_dead 1 f_dead 1
   0957 FD 23         [10] 2787 	inc	iy
   0959 FD 36 00 E9   [19] 2788 	ld	0 (iy), #0xe9
                           2789 ;	skipping iCode since result will be rematerialized
                           2790 ;	genPointerSet
                           2791 ;	genMove_o size 1 result type 12 source type 1 a_dead 1 hl_dead 1 de_dead 0 iy_dead 1 f_dead 1
   095D FD 23         [10] 2792 	inc	iy
   095F FD 36 00 3D   [19] 2793 	ld	0 (iy), #0x3d
                           2794 ;	skipping iCode since result will be rematerialized
                           2795 ;	genPointerSet
                           2796 ;	genMove_o size 1 result type 12 source type 1 a_dead 1 hl_dead 1 de_dead 0 iy_dead 1 f_dead 1
   0963 FD 23         [10] 2797 	inc	iy
   0965 FD 36 00 7E   [19] 2798 	ld	0 (iy), #0x7e
                           2799 ;	skipping iCode since result will be rematerialized
                           2800 ;	genPointerSet
                           2801 ;	genMove_o size 1 result type 12 source type 1 a_dead 1 hl_dead 1 de_dead 0 iy_dead 1 f_dead 1
   0969 FD 23         [10] 2802 	inc	iy
   096B FD 36 00 11   [19] 2803 	ld	0 (iy), #0x11
                           2804 ;	skipping iCode since result will be rematerialized
                           2805 ;	genPointerSet
                           2806 ;	genMove_o size 1 result type 12 source type 1 a_dead 1 hl_dead 1 de_dead 0 iy_dead 1 f_dead 1
   096F FD 23         [10] 2807 	inc	iy
   0971 FD 36 00 73   [19] 2808 	ld	0 (iy), #0x73
                           2809 ;	skipping iCode since result will be rematerialized
                           2810 ;	genPointerSet
                           2811 ;	genMove_o size 1 result type 12 source type 1 a_dead 1 hl_dead 1 de_dead 0 iy_dead 1 f_dead 1
   0975 FD 23         [10] 2812 	inc	iy
   0977 FD 36 00 93   [19] 2813 	ld	0 (iy), #0x93
                           2814 ;	skipping iCode since result will be rematerialized
                           2815 ;	genPointerSet
                           2816 ;	genMove_o size 1 result type 12 source type 1 a_dead 1 hl_dead 1 de_dead 0 iy_dead 1 f_dead 1
   097B FD 23         [10] 2817 	inc	iy
   097D FD 36 00 17   [19] 2818 	ld	0 (iy), #0x17
                           2819 ;	skipping iCode since result will be rematerialized
                           2820 ;	genPointerSet
                           2821 ;	genMove_o size 1 result type 12 source type 1 a_dead 1 hl_dead 1 de_dead 0 iy_dead 1 f_dead 1
   0981 FD 23         [10] 2822 	inc	iy
   0983 FD 36 00 2A   [19] 2823 	ld	0 (iy), #0x2a
                           2824 ;	skipping iCode since result will be rematerialized
                           2825 ;	genPointerSet
                           2826 ;	genMove_o size 1 result type 12 source type 1 a_dead 1 hl_dead 1 de_dead 0 iy_dead 1 f_dead 1
   0987 FD 23         [10] 2827 	inc	iy
   0989 FD 36 00 AE   [19] 2828 	ld	0 (iy), #0xae
                           2829 ;	skipping iCode since result will be rematerialized
                           2830 ;	genPointerSet
                           2831 ;	genMove_o size 1 result type 12 source type 1 a_dead 1 hl_dead 1 de_dead 0 iy_dead 1 f_dead 1
   098D FD 23         [10] 2832 	inc	iy
   098F FD 36 00 2D   [19] 2833 	ld	0 (iy), #0x2d
                           2834 ;	skipping iCode since result will be rematerialized
                           2835 ;	genPointerSet
                           2836 ;	genMove_o size 1 result type 12 source type 1 a_dead 1 hl_dead 1 de_dead 0 iy_dead 1 f_dead 1
   0993 FD 23         [10] 2837 	inc	iy
   0995 FD 36 00 8A   [19] 2838 	ld	0 (iy), #0x8a
                           2839 ;	skipping iCode since result will be rematerialized
                           2840 ;	genPointerSet
                           2841 ;	genMove_o size 1 result type 12 source type 1 a_dead 1 hl_dead 1 de_dead 0 iy_dead 1 f_dead 1
   0999 FD 23         [10] 2842 	inc	iy
   099B FD 36 00 57   [19] 2843 	ld	0 (iy), #0x57
                           2844 ;	skipping iCode since result will be rematerialized
                           2845 ;	genPointerSet
                           2846 ;	genMove_o size 1 result type 12 source type 1 a_dead 1 hl_dead 1 de_dead 0 iy_dead 1 f_dead 1
   099F FD 23         [10] 2847 	inc	iy
   09A1 FD 36 00 1E   [19] 2848 	ld	0 (iy), #0x1e
                           2849 ;	skipping iCode since result will be rematerialized
                           2850 ;	genPointerSet
                           2851 ;	genMove_o size 1 result type 12 source type 1 a_dead 1 hl_dead 1 de_dead 0 iy_dead 1 f_dead 1
   09A5 FD 23         [10] 2852 	inc	iy
   09A7 FD 36 00 03   [19] 2853 	ld	0 (iy), #0x03
                           2854 ;	skipping iCode since result will be rematerialized
                           2855 ;	genPointerSet
                           2856 ;	genMove_o size 1 result type 12 source type 1 a_dead 1 hl_dead 1 de_dead 0 iy_dead 1 f_dead 1
   09AB FD 23         [10] 2857 	inc	iy
   09AD FD 36 00 AC   [19] 2858 	ld	0 (iy), #0xac
                           2859 ;	skipping iCode since result will be rematerialized
                           2860 ;	genPointerSet
                           2861 ;	genMove_o size 1 result type 12 source type 1 a_dead 1 hl_dead 1 de_dead 0 iy_dead 1 f_dead 1
   09B1 FD 23         [10] 2862 	inc	iy
   09B3 FD 36 00 9C   [19] 2863 	ld	0 (iy), #0x9c
                           2864 ;	skipping iCode since result will be rematerialized
                           2865 ;	genPointerSet
                           2866 ;	genMove_o size 1 result type 12 source type 1 a_dead 1 hl_dead 1 de_dead 0 iy_dead 1 f_dead 1
   09B7 FD 23         [10] 2867 	inc	iy
   09B9 FD 36 00 9E   [19] 2868 	ld	0 (iy), #0x9e
                           2869 ;	skipping iCode since result will be rematerialized
                           2870 ;	genPointerSet
                           2871 ;	genMove_o size 1 result type 12 source type 1 a_dead 1 hl_dead 1 de_dead 0 iy_dead 1 f_dead 1
   09BD FD 23         [10] 2872 	inc	iy
   09BF FD 36 00 B7   [19] 2873 	ld	0 (iy), #0xb7
                           2874 ;	skipping iCode since result will be rematerialized
                           2875 ;	genPointerSet
                           2876 ;	genMove_o size 1 result type 12 source type 1 a_dead 1 hl_dead 1 de_dead 0 iy_dead 1 f_dead 1
   09C3 FD 23         [10] 2877 	inc	iy
   09C5 FD 36 00 6F   [19] 2878 	ld	0 (iy), #0x6f
                           2879 ;	skipping iCode since result will be rematerialized
                           2880 ;	genPointerSet
                           2881 ;	genMove_o size 1 result type 12 source type 1 a_dead 1 hl_dead 1 de_dead 0 iy_dead 1 f_dead 1
   09C9 FD 23         [10] 2882 	inc	iy
   09CB FD 36 00 AC   [19] 2883 	ld	0 (iy), #0xac
                           2884 ;	skipping iCode since result will be rematerialized
                           2885 ;	genPointerSet
                           2886 ;	genMove_o size 1 result type 12 source type 1 a_dead 1 hl_dead 1 de_dead 0 iy_dead 1 f_dead 1
   09CF FD 23         [10] 2887 	inc	iy
   09D1 FD 36 00 45   [19] 2888 	ld	0 (iy), #0x45
                           2889 ;	skipping iCode since result will be rematerialized
                           2890 ;	genPointerSet
                           2891 ;	genMove_o size 1 result type 12 source type 1 a_dead 1 hl_dead 1 de_dead 0 iy_dead 1 f_dead 1
   09D5 FD 23         [10] 2892 	inc	iy
   09D7 FD 36 00 AF   [19] 2893 	ld	0 (iy), #0xaf
                           2894 ;	skipping iCode since result will be rematerialized
                           2895 ;	genPointerSet
                           2896 ;	genMove_o size 1 result type 12 source type 1 a_dead 1 hl_dead 1 de_dead 0 iy_dead 1 f_dead 1
   09DB FD 23         [10] 2897 	inc	iy
   09DD FD 36 00 8E   [19] 2898 	ld	0 (iy), #0x8e
                           2899 ;	skipping iCode since result will be rematerialized
                           2900 ;	genPointerSet
                           2901 ;	genMove_o size 1 result type 12 source type 1 a_dead 1 hl_dead 1 de_dead 0 iy_dead 1 f_dead 1
   09E1 FD 23         [10] 2902 	inc	iy
   09E3 FD 36 00 51   [19] 2903 	ld	0 (iy), #0x51
                           2904 ;	skipping iCode since result will be rematerialized
                           2905 ;	genPointerSet
                           2906 ;	genMove_o size 1 result type 12 source type 1 a_dead 1 hl_dead 1 de_dead 0 iy_dead 1 f_dead 1
   09E7 FD 23         [10] 2907 	inc	iy
   09E9 FD 36 00 30   [19] 2908 	ld	0 (iy), #0x30
                           2909 ;	skipping iCode since result will be rematerialized
                           2910 ;	genPointerSet
                           2911 ;	genMove_o size 1 result type 12 source type 1 a_dead 1 hl_dead 1 de_dead 0 iy_dead 1 f_dead 1
   09ED FD 23         [10] 2912 	inc	iy
   09EF FD 36 00 C8   [19] 2913 	ld	0 (iy), #0xc8
                           2914 ;	skipping iCode since result will be rematerialized
                           2915 ;	genPointerSet
                           2916 ;	genMove_o size 1 result type 12 source type 1 a_dead 1 hl_dead 1 de_dead 0 iy_dead 1 f_dead 1
   09F3 FD 23         [10] 2917 	inc	iy
   09F5 FD 36 00 1C   [19] 2918 	ld	0 (iy), #0x1c
                           2919 ;	skipping iCode since result will be rematerialized
                           2920 ;	genPointerSet
                           2921 ;	genMove_o size 1 result type 12 source type 1 a_dead 1 hl_dead 1 de_dead 0 iy_dead 1 f_dead 1
   09F9 FD 23         [10] 2922 	inc	iy
   09FB FD 36 00 46   [19] 2923 	ld	0 (iy), #0x46
                           2924 ;	skipping iCode since result will be rematerialized
                           2925 ;	genPointerSet
                           2926 ;	genMove_o size 1 result type 12 source type 1 a_dead 1 hl_dead 1 de_dead 0 iy_dead 1 f_dead 1
   09FF FD 23         [10] 2927 	inc	iy
   0A01 FD 36 00 A3   [19] 2928 	ld	0 (iy), #0xa3
                           2929 ;	skipping iCode since result will be rematerialized
                           2930 ;	genPointerSet
                           2931 ;	genMove_o size 1 result type 12 source type 1 a_dead 1 hl_dead 1 de_dead 0 iy_dead 1 f_dead 1
   0A05 FD 23         [10] 2932 	inc	iy
   0A07 FD 36 00 5C   [19] 2933 	ld	0 (iy), #0x5c
                           2934 ;	skipping iCode since result will be rematerialized
                           2935 ;	genPointerSet
                           2936 ;	genMove_o size 1 result type 12 source type 1 a_dead 1 hl_dead 1 de_dead 0 iy_dead 1 f_dead 1
   0A0B FD 23         [10] 2937 	inc	iy
   0A0D FD 36 00 E4   [19] 2938 	ld	0 (iy), #0xe4
                           2939 ;	skipping iCode since result will be rematerialized
                           2940 ;	genPointerSet
                           2941 ;	genMove_o size 1 result type 12 source type 1 a_dead 1 hl_dead 1 de_dead 0 iy_dead 1 f_dead 1
   0A11 FD 23         [10] 2942 	inc	iy
   0A13 FD 36 00 11   [19] 2943 	ld	0 (iy), #0x11
                           2944 ;	skipping iCode since result will be rematerialized
                           2945 ;	genPointerSet
                           2946 ;	genMove_o size 1 result type 12 source type 1 a_dead 1 hl_dead 1 de_dead 0 iy_dead 1 f_dead 1
   0A17 FD 23         [10] 2947 	inc	iy
   0A19 FD 36 00 E5   [19] 2948 	ld	0 (iy), #0xe5
                           2949 ;	skipping iCode since result will be rematerialized
                           2950 ;	genPointerSet
                           2951 ;	genMove_o size 1 result type 12 source type 1 a_dead 1 hl_dead 1 de_dead 0 iy_dead 1 f_dead 1
   0A1D FD 23         [10] 2952 	inc	iy
   0A1F FD 36 00 FB   [19] 2953 	ld	0 (iy), #0xfb
                           2954 ;	skipping iCode since result will be rematerialized
                           2955 ;	genPointerSet
                           2956 ;	genMove_o size 1 result type 12 source type 1 a_dead 1 hl_dead 1 de_dead 0 iy_dead 1 f_dead 1
   0A23 FD 23         [10] 2957 	inc	iy
   0A25 FD 36 00 C1   [19] 2958 	ld	0 (iy), #0xc1
                           2959 ;	skipping iCode since result will be rematerialized
                           2960 ;	genPointerSet
                           2961 ;	genMove_o size 1 result type 12 source type 1 a_dead 1 hl_dead 1 de_dead 0 iy_dead 1 f_dead 1
   0A29 FD 23         [10] 2962 	inc	iy
   0A2B FD 36 00 19   [19] 2963 	ld	0 (iy), #0x19
                           2964 ;	skipping iCode since result will be rematerialized
                           2965 ;	genPointerSet
                           2966 ;	genMove_o size 1 result type 12 source type 1 a_dead 1 hl_dead 1 de_dead 0 iy_dead 1 f_dead 1
   0A2F FD 23         [10] 2967 	inc	iy
   0A31 FD 36 00 1A   [19] 2968 	ld	0 (iy), #0x1a
                           2969 ;	skipping iCode since result will be rematerialized
                           2970 ;	genPointerSet
                           2971 ;	genMove_o size 1 result type 12 source type 1 a_dead 1 hl_dead 1 de_dead 0 iy_dead 1 f_dead 1
   0A35 FD 23         [10] 2972 	inc	iy
   0A37 FD 36 00 0A   [19] 2973 	ld	0 (iy), #0x0a
                           2974 ;	skipping iCode since result will be rematerialized
                           2975 ;	genPointerSet
                           2976 ;	genMove_o size 1 result type 12 source type 1 a_dead 1 hl_dead 1 de_dead 0 iy_dead 1 f_dead 1
   0A3B FD 23         [10] 2977 	inc	iy
   0A3D FD 36 00 52   [19] 2978 	ld	0 (iy), #0x52
                           2979 ;	skipping iCode since result will be rematerialized
                           2980 ;	genPointerSet
                           2981 ;	genMove_o size 1 result type 12 source type 1 a_dead 1 hl_dead 1 de_dead 0 iy_dead 1 f_dead 1
   0A41 FD 23         [10] 2982 	inc	iy
   0A43 FD 36 00 EF   [19] 2983 	ld	0 (iy), #0xef
                           2984 ;	skipping iCode since result will be rematerialized
                           2985 ;	genPointerSet
                           2986 ;	genMove_o size 1 result type 12 source type 1 a_dead 1 hl_dead 1 de_dead 0 iy_dead 1 f_dead 1
   0A47 FD 23         [10] 2987 	inc	iy
   0A49 FD 36 00 F6   [19] 2988 	ld	0 (iy), #0xf6
                           2989 ;	skipping iCode since result will be rematerialized
                           2990 ;	genPointerSet
                           2991 ;	genMove_o size 1 result type 12 source type 1 a_dead 1 hl_dead 1 de_dead 0 iy_dead 1 f_dead 1
   0A4D FD 23         [10] 2992 	inc	iy
   0A4F FD 36 00 9F   [19] 2993 	ld	0 (iy), #0x9f
                           2994 ;	skipping iCode since result will be rematerialized
                           2995 ;	genPointerSet
                           2996 ;	genMove_o size 1 result type 12 source type 1 a_dead 1 hl_dead 1 de_dead 0 iy_dead 1 f_dead 1
   0A53 FD 23         [10] 2997 	inc	iy
   0A55 FD 36 00 24   [19] 2998 	ld	0 (iy), #0x24
                           2999 ;	skipping iCode since result will be rematerialized
                           3000 ;	genPointerSet
                           3001 ;	genMove_o size 1 result type 12 source type 1 a_dead 1 hl_dead 1 de_dead 0 iy_dead 1 f_dead 1
   0A59 FD 23         [10] 3002 	inc	iy
   0A5B FD 36 00 45   [19] 3003 	ld	0 (iy), #0x45
                           3004 ;	skipping iCode since result will be rematerialized
                           3005 ;	genPointerSet
                           3006 ;	genMove_o size 1 result type 12 source type 1 a_dead 1 hl_dead 1 de_dead 0 iy_dead 1 f_dead 1
   0A5F FD 23         [10] 3007 	inc	iy
   0A61 FD 36 00 DF   [19] 3008 	ld	0 (iy), #0xdf
                           3009 ;	skipping iCode since result will be rematerialized
                           3010 ;	genPointerSet
                           3011 ;	genMove_o size 1 result type 12 source type 1 a_dead 1 hl_dead 1 de_dead 0 iy_dead 1 f_dead 1
   0A65 FD 23         [10] 3012 	inc	iy
   0A67 FD 36 00 4F   [19] 3013 	ld	0 (iy), #0x4f
                           3014 ;	skipping iCode since result will be rematerialized
                           3015 ;	genPointerSet
                           3016 ;	genMove_o size 1 result type 12 source type 1 a_dead 1 hl_dead 1 de_dead 0 iy_dead 1 f_dead 1
   0A6B FD 23         [10] 3017 	inc	iy
   0A6D FD 36 00 9B   [19] 3018 	ld	0 (iy), #0x9b
                           3019 ;	skipping iCode since result will be rematerialized
                           3020 ;	genPointerSet
                           3021 ;	genMove_o size 1 result type 12 source type 1 a_dead 1 hl_dead 1 de_dead 0 iy_dead 1 f_dead 1
   0A71 FD 23         [10] 3022 	inc	iy
   0A73 FD 36 00 17   [19] 3023 	ld	0 (iy), #0x17
                           3024 ;	skipping iCode since result will be rematerialized
                           3025 ;	genPointerSet
                           3026 ;	genMove_o size 1 result type 12 source type 1 a_dead 1 hl_dead 1 de_dead 0 iy_dead 1 f_dead 1
   0A77 FD 23         [10] 3027 	inc	iy
   0A79 FD 36 00 AD   [19] 3028 	ld	0 (iy), #0xad
                           3029 ;	skipping iCode since result will be rematerialized
                           3030 ;	genPointerSet
                           3031 ;	genMove_o size 1 result type 12 source type 1 a_dead 1 hl_dead 1 de_dead 0 iy_dead 1 f_dead 1
   0A7D FD 23         [10] 3032 	inc	iy
   0A7F FD 36 00 2B   [19] 3033 	ld	0 (iy), #0x2b
                           3034 ;	skipping iCode since result will be rematerialized
                           3035 ;	genPointerSet
                           3036 ;	genMove_o size 1 result type 12 source type 1 a_dead 1 hl_dead 1 de_dead 0 iy_dead 1 f_dead 1
   0A83 FD 23         [10] 3037 	inc	iy
   0A85 FD 36 00 41   [19] 3038 	ld	0 (iy), #0x41
                           3039 ;	skipping iCode since result will be rematerialized
                           3040 ;	genPointerSet
                           3041 ;	genMove_o size 1 result type 12 source type 1 a_dead 1 hl_dead 1 de_dead 0 iy_dead 1 f_dead 1
   0A89 FD 23         [10] 3042 	inc	iy
   0A8B FD 36 00 7B   [19] 3043 	ld	0 (iy), #0x7b
                           3044 ;	skipping iCode since result will be rematerialized
                           3045 ;	genPointerSet
                           3046 ;	genMove_o size 1 result type 12 source type 1 a_dead 1 hl_dead 1 de_dead 0 iy_dead 1 f_dead 1
   0A8F FD 23         [10] 3047 	inc	iy
   0A91 FD 36 00 E6   [19] 3048 	ld	0 (iy), #0xe6
                           3049 ;	skipping iCode since result will be rematerialized
                           3050 ;	genPointerSet
                           3051 ;	genMove_o size 1 result type 12 source type 1 a_dead 1 hl_dead 1 de_dead 0 iy_dead 1 f_dead 1
   0A95 FD 23         [10] 3052 	inc	iy
   0A97 FD 36 00 6C   [19] 3053 	ld	0 (iy), #0x6c
                           3054 ;	skipping iCode since result will be rematerialized
                           3055 ;	genPointerSet
                           3056 ;	genMove_o size 1 result type 12 source type 1 a_dead 1 hl_dead 1 de_dead 0 iy_dead 1 f_dead 1
   0A9B FD 23         [10] 3057 	inc	iy
   0A9D FD 36 00 37   [19] 3058 	ld	0 (iy), #0x37
                           3059 ;	skipping iCode since result will be rematerialized
                           3060 ;	genPointerSet
                           3061 ;	genMove_o size 1 result type 12 source type 1 a_dead 1 hl_dead 1 de_dead 0 iy_dead 1 f_dead 1
                           3062 ; common peephole 157b merged offset into storage instruction.
   0AA1 FD 36 01 10   [19] 3063 	ld	1 (iy), #0x10
                           3064 ;cases/tinyaes/tinyaes_mode_CTR_keylen_192.c:781: AES_init_ctx_iv(&ctx, key, iv);
                           3065 ;	genCast
                           3066 ;	genMove_o size 2 result type 2 source type 8 a_dead 1 hl_dead 1 de_dead 0 iy_dead 1 f_dead 1
   0AA5 21 58 00      [10] 3067 	ld	hl, #88
   0AA8 39            [11] 3068 	add	hl, sp
                           3069 ;	genMove_o size 2 result type 2 source type 2 a_dead 1 hl_dead 1 de_dead 0 iy_dead 1 f_dead 1
                           3070 ;	genCast
                           3071 ;	(locations are the same)
                           3072 ;	skipping iCode since result will be rematerialized
                           3073 ;	skipping iCode since result will be rematerialized
                           3074 ;	genIpush
   0AA9 E5            [11] 3075 	push	hl
                           3076 ;	genSend
                           3077 ;	genMove_o size 2 result type 2 source type 2 a_dead 1 hl_dead 1 de_dead 1 iy_dead 1 f_dead 1
                           3078 ;	genSend
                           3079 ;	genMove_o size 2 result type 2 source type 8 a_dead 1 hl_dead 1 de_dead 0 iy_dead 1 f_dead 1
   0AAA 21 AA 00      [10] 3080 	ld	hl, #170
   0AAD 39            [11] 3081 	add	hl, sp
                           3082 ;	genMove_o size 2 result type 2 source type 2 a_dead 1 hl_dead 1 de_dead 0 iy_dead 1 f_dead 1
                           3083 ;	genCall
   0AAE CDr0Bs03      [17] 3084 	call	_AES_init_ctx_iv
                           3085 ;cases/tinyaes/tinyaes_mode_CTR_keylen_192.c:782: AES_CTR_xcrypt_buffer(&ctx, in, 64);
                           3086 ;	skipping iCode since result will be rematerialized
                           3087 ;	genIpush
                           3088 ;	genMove_o size 2 result type 2 source type 1 a_dead 1 hl_dead 1 de_dead 1 iy_dead 1 f_dead 1
   0AB1 21 40 00      [10] 3089 	ld	hl, #0x0040
   0AB4 E5            [11] 3090 	push	hl
                           3091 ;	genSend
                           3092 ;	genMove_o size 2 result type 2 source type 8 a_dead 1 hl_dead 1 de_dead 1 iy_dead 1 f_dead 1
   0AB5 21 1A 00      [10] 3093 	ld	hl, #26
   0AB8 39            [11] 3094 	add	hl, sp
   0AB9 EB            [ 4] 3095 	ex	de, hl
                           3096 ;	genSend
                           3097 ;	genMove_o size 2 result type 2 source type 8 a_dead 1 hl_dead 1 de_dead 0 iy_dead 1 f_dead 1
   0ABA 21 AA 00      [10] 3098 	ld	hl, #170
   0ABD 39            [11] 3099 	add	hl, sp
                           3100 ;	genMove_o size 2 result type 2 source type 2 a_dead 1 hl_dead 1 de_dead 0 iy_dead 1 f_dead 1
                           3101 ;	genCall
   0ABE CDrBEs05      [17] 3102 	call	_AES_CTR_xcrypt_buffer
                           3103 ;cases/tinyaes/tinyaes_mode_CTR_keylen_192.c:784: ASSERT (0 == memcmp((char *) out, (char *) in, 64));
                           3104 ;	genPlus
                           3105 ;	genMove_o size 2 result type 2 source type 10 a_dead 1 hl_dead 1 de_dead 1 iy_dead 1 f_dead 1
   0AC1 2Ar00s00      [16] 3106 	ld	hl, (___numTests)
   0AC4 23            [ 6] 3107 	inc	hl
                           3108 ;	genMove_o size 2 result type 10 source type 2 a_dead 1 hl_dead 1 de_dead 1 iy_dead 1 f_dead 1
   0AC5 22r00s00      [16] 3109 	ld	(___numTests), hl
                           3110 ;	skipping iCode since result will be rematerialized
                           3111 ;	skipping iCode since result will be rematerialized
                           3112 ;	genIpush
                           3113 ;	genMove_o size 2 result type 2 source type 1 a_dead 1 hl_dead 1 de_dead 1 iy_dead 1 f_dead 1
   0AC8 21 40 00      [10] 3114 	ld	hl, #0x0040
   0ACB E5            [11] 3115 	push	hl
                           3116 ;	genSend
                           3117 ;	genMove_o size 2 result type 2 source type 8 a_dead 1 hl_dead 1 de_dead 1 iy_dead 1 f_dead 1
   0ACC 21 1A 00      [10] 3118 	ld	hl, #26
   0ACF 39            [11] 3119 	add	hl, sp
   0AD0 EB            [ 4] 3120 	ex	de, hl
                           3121 ;	genSend
                           3122 ;	genMove_o size 2 result type 2 source type 8 a_dead 1 hl_dead 1 de_dead 0 iy_dead 1 f_dead 1
   0AD1 21 6A 00      [10] 3123 	ld	hl, #106
   0AD4 39            [11] 3124 	add	hl, sp
                           3125 ;	genMove_o size 2 result type 2 source type 2 a_dead 1 hl_dead 1 de_dead 0 iy_dead 1 f_dead 1
                           3126 ;	genCall
   0AD5 CDr00s00      [17] 3127 	call	_memcmp
                           3128 ;	genMove_o size 2 result type 2 source type 2 a_dead 1 hl_dead 1 de_dead 1 iy_dead 1 f_dead 1
                           3129 ;	genIfx
   0AD8 7A            [ 4] 3130 	ld	a, d
   0AD9 B3            [ 4] 3131 	or	a, e
                           3132 ; common peephole 163 changed absolute to relative conditional jump.
   0ADA 28 11         [12] 3133 	jr	z, 00101$
                           3134 ;	skipping iCode since result will be rematerialized
                           3135 ;	skipping iCode since result will be rematerialized
                           3136 ;	skipping iCode since result will be rematerialized
                           3137 ;	skipping iCode since result will be rematerialized
                           3138 ;	skipping iCode since result will be rematerialized
                           3139 ;	skipping iCode since result will be rematerialized
                           3140 ;	genIpush
                           3141 ;	genMove_o size 2 result type 2 source type 1 a_dead 1 hl_dead 1 de_dead 1 iy_dead 1 f_dead 1
   0ADC 21 10 03      [10] 3142 	ld	hl, #0x0310
   0ADF E5            [11] 3143 	push	hl
                           3144 ;	genIpush
                           3145 ;	genMove_o size 2 result type 2 source type 7 a_dead 1 hl_dead 1 de_dead 1 iy_dead 1 f_dead 1
   0AE0 21r2Es0B      [10] 3146 	ld	hl, #___str_2
   0AE3 E5            [11] 3147 	push	hl
                           3148 ;	genSend
                           3149 ;	genMove_o size 2 result type 2 source type 7 a_dead 1 hl_dead 1 de_dead 1 iy_dead 1 f_dead 1
   0AE4 11r03s0B      [10] 3150 	ld	de, #___str_1
                           3151 ;	genSend
                           3152 ;	genMove_o size 2 result type 2 source type 7 a_dead 1 hl_dead 1 de_dead 0 iy_dead 1 f_dead 1
   0AE7 21rF2s0A      [10] 3153 	ld	hl, #___str_0
                           3154 ;	genCall
   0AEA CDr00s00      [17] 3155 	call	___fail
                           3156 ;	genLabel
   0AED                    3157 00101$:
                           3158 ;cases/tinyaes/tinyaes_mode_CTR_keylen_192.c:785: }
                           3159 ;	genEndFunction
   0AED DD F9         [10] 3160 	ld	sp, ix
   0AEF DD E1         [14] 3161 	pop	ix
   0AF1 C9            [10] 3162 	ret
                           3163 ;	Total xcrypt_ctr function size at codegen: 5 bytes.
   0AF2                    3164 ___str_0:
   0AF2 41 73 73 65 72 74  3165 	.ascii "Assertion failed"
        69 6F 6E 20 66 61
        69 6C 65 64
   0B02 00                 3166 	.db 0x00
   0B03                    3167 ___str_1:
   0B03 30 20 3D 3D 20 6D  3168 	.ascii "0 == memcmp((char *) out, (char *) in, 64)"
        65 6D 63 6D 70 28
        28 63 68 61 72 20
        2A 29 20 6F 75 74
        2C 20 28 63 68 61
        72 20 2A 29 20 69
        6E 2C 20 36 34 29
   0B2D 00                 3169 	.db 0x00
   0B2E                    3170 ___str_2:
   0B2E 63 61 73 65 73 2F  3171 	.ascii "cases/tinyaes/tinyaes_mode_CTR_keylen_192.c"
        74 69 6E 79 61 65
        73 2F 74 69 6E 79
        61 65 73 5F 6D 6F
        64 65 5F 43 54 52
        5F 6B 65 79 6C 65
        6E 5F 31 39 32 2E
        63
   0B59 00                 3172 	.db 0x00
                           3173 ;cases/tinyaes/tinyaes_mode_CTR_keylen_192.c:817: testAES (void)
                           3174 ;	genLabel
                           3175 ;	genFunction
                           3176 ;	---------------------------------
                           3177 ; Function testAES
                           3178 ; ---------------------------------
                           3179 ;	Register assignment is optimal.
                           3180 ; Stack space usage: 0 bytes.
   0B5A                    3181 _testAES::
                           3182 ;cases/tinyaes/tinyaes_mode_CTR_keylen_192.c:830: encrypt_ctr();
                           3183 ;	genCall
   0B5A CDrA2s06      [17] 3184 	call	_encrypt_ctr
                           3185 ;cases/tinyaes/tinyaes_mode_CTR_keylen_192.c:831: decrypt_ctr();
                           3186 ;	genCall
                           3187 ;	genLabel
                           3188 ; common peephole 159 removed unused label 00101$.
                           3189 ;cases/tinyaes/tinyaes_mode_CTR_keylen_192.c:833: }
                           3190 ;	genEndFunction
   0B5D C3rA5s06      [10] 3191 	jp	_decrypt_ctr
                           3192 ; common peephole 152 removed unused ret.
                           3193 ;	Total testAES function size at codegen: 1 bytes.
                           3194 ;cases/tinyaes/tinyaes_mode_CTR_keylen_192.c:837: __runSuite(void)
                           3195 ;	genLabel
                           3196 ;	genFunction
                           3197 ;	---------------------------------
                           3198 ; Function __runSuite
                           3199 ; ---------------------------------
                           3200 ;	Register assignment is optimal.
                           3201 ; Stack space usage: 0 bytes.
   0B60                    3202 ___runSuite::
                           3203 ;cases/tinyaes/tinyaes_mode_CTR_keylen_192.c:839: __prints("Running testAES\n");
                           3204 ;	skipping iCode since result will be rematerialized
                           3205 ;	skipping iCode since result will be rematerialized
                           3206 ;	genSend
                           3207 ;	genMove_o size 2 result type 2 source type 7 a_dead 1 hl_dead 1 de_dead 1 iy_dead 1 f_dead 1
   0B60 21r69s0B      [10] 3208 	ld	hl, #___str_3
                           3209 ;	genCall
   0B63 CDr00s00      [17] 3210 	call	___prints
                           3211 ;cases/tinyaes/tinyaes_mode_CTR_keylen_192.c:840: testAES();
                           3212 ;	genCall
                           3213 ;	genLabel
                           3214 ; common peephole 159 removed unused label 00101$.
                           3215 ;cases/tinyaes/tinyaes_mode_CTR_keylen_192.c:841: }
                           3216 ;	genEndFunction
   0B66 C3r5As0B      [10] 3217 	jp	_testAES
                           3218 ; common peephole 152 removed unused ret.
                           3219 ;	Total __runSuite function size at codegen: 1 bytes.
   0B69                    3220 ___str_3:
   0B69 52 75 6E 6E 69 6E  3221 	.ascii "Running testAES"
        67 20 74 65 73 74
        41 45 53
   0B78 0A                 3222 	.db 0x0a
   0B79 00                 3223 	.db 0x00
                           3224 ;cases/tinyaes/tinyaes_mode_CTR_keylen_192.c:846: __getSuiteName(void)
                           3225 ;	genLabel
                           3226 ;	genFunction
                           3227 ;	---------------------------------
                           3228 ; Function __getSuiteName
                           3229 ; ---------------------------------
                           3230 ;	Register assignment is optimal.
                           3231 ; Stack space usage: 0 bytes.
   0B7A                    3232 ___getSuiteName::
                           3233 ;cases/tinyaes/tinyaes_mode_CTR_keylen_192.c:848: return "tinyaes_mode_CTR_keylen_192";
                           3234 ;	skipping iCode since result will be rematerialized
                           3235 ;	skipping iCode since result will be rematerialized
                           3236 ;	genRet
                           3237 ;	genMove_o size 2 result type 2 source type 7 a_dead 1 hl_dead 1 de_dead 1 iy_dead 1 f_dead 1
   0B7A 11r80s0B      [10] 3238 	ld	de, #___str_4
                           3239 ;	genLabel
                           3240 ; common peephole 159 removed unused label 00101$.
                           3241 ;cases/tinyaes/tinyaes_mode_CTR_keylen_192.c:849: }
                           3242 ;	genEndFunction
   0B7D C9            [10] 3243 	ret
                           3244 ;	Total __getSuiteName function size at codegen: 1 bytes.
   0B7E                    3245 ___numCases:
   0B7E 01 00              3246 	.dw #0x0001
   0B80                    3247 ___str_4:
   0B80 74 69 6E 79 61 65  3248 	.ascii "tinyaes_mode_CTR_keylen_192"
        73 5F 6D 6F 64 65
        5F 43 54 52 5F 6B
        65 79 6C 65 6E 5F
        31 39 32
   0B9B 00                 3249 	.db 0x00
                           3250 	.area _CODE (BANK=_CSEG)
                           3251 	.area _INITIALIZER
                           3252 	.area _CABS (ABS)
