                              1 ;--------------------------------------------------------
                              2 ; File Created by SDCC : free open source ISO C Compiler
                              3 ; Version 4.6.2 #16710 (Linux)
                              4 ;--------------------------------------------------------
                              5 	.module tinyaes_mode_CTR_keylen_128
                              6 	
                              7 ;--------------------------------------------------------
                              8 ; Public variables in this module
                              9 ;--------------------------------------------------------
                             10 	.globl _testAES
                             11 	.globl _decrypt_ctr
                             12 	.globl _encrypt_ctr
                             13 	.globl _memcmp
                             14 	.globl ___prints
                             15 	.globl ___fail
                             16 	.globl ___numCases
                             17 	.globl _AES_init_ctx
                             18 	.globl _AES_init_ctx_iv
                             19 	.globl _AES_ctx_set_iv
                             20 	.globl _AES_CTR_xcrypt_buffer
                             21 	.globl _xcrypt_ctr
                             22 	.globl ___runSuite
                             23 	.globl ___getSuiteName
                             24 ;--------------------------------------------------------
                             25 ; special function registers
                             26 ;--------------------------------------------------------
                             27 ;--------------------------------------------------------
                             28 ; ram data
                             29 ;--------------------------------------------------------
                             30 	.area _DATA (BANK=_DSEG)
                             31 ;--------------------------------------------------------
                             32 ; ram data
                             33 ;--------------------------------------------------------
                             34 	.area _INITIALIZED
                             35 ;--------------------------------------------------------
                             36 ; absolute ram data
                             37 ;--------------------------------------------------------
                             38 	.area _DABS (ABS)
                             39 	.area _DABS (ABS)
                             40 ;--------------------------------------------------------
                             41 ; global & static initialisations
                             42 ;--------------------------------------------------------
                             43 	.area _HOME
                             44 	.area _GSINIT
                             45 	.area _GSFINAL
                             46 	.area _GSINIT
                             47 ;--------------------------------------------------------
                             48 ; Home
                             49 ;--------------------------------------------------------
                             50 	.area _HOME (BANK=_CSEG)
                             51 	.area _HOME (BANK=_CSEG)
                             52 ;--------------------------------------------------------
                             53 ; code
                             54 ;--------------------------------------------------------
                             55 	.area _CODE (BANK=_CSEG)
                             56 ;cases/tinyaes/tinyaes_mode_CTR_keylen_128.c:212: static void KeyExpansion(uint8_t* RoundKey, const uint8_t* Key)
                             57 ;	genLabel
                             58 ;	genFunction
                             59 ;	---------------------------------
                             60 ; Function KeyExpansion
                             61 ; ---------------------------------
                             62 ;	Register assignment might be sub-optimal.
                             63 ; Stack space usage: 8 bytes.
   0000                      64 _KeyExpansion:
   0000 DD E5         [15]   65 	push	ix
   0002 DD 21 00 00   [14]   66 	ld	ix,	#0
   0006 DD 39         [15]   67 	add	ix, sp
                             68 ;	adjustStack by -8
   0008 FD 21 F8 FF   [14]   69 	ld	iy, #-8
   000C FD 39         [15]   70 	add	iy, sp
   000E FD F9         [10]   71 	ld	sp, iy
                             72 ;	genReceive
                             73 ;	genMove_o size 2 result type 6 source type 2 a_dead 1 hl_dead 1 de_dead 0 iy_dead 1 f_dead 1
   0010 DD 75 FE      [19]   74 	ld	-2 (ix), l
   0013 DD 74 FF      [19]   75 	ld	-1 (ix), h
                             76 ;	genMove_o size 0 result type 6 source type 1 a_dead 1 hl_dead 1 de_dead 0 iy_dead 1 f_dead 1
                             77 ;	genReceive
                             78 ;	genMove_o size 2 result type 2 source type 2 a_dead 1 hl_dead 1 de_dead 1 iy_dead 1 f_dead 1
                             79 ;cases/tinyaes/tinyaes_mode_CTR_keylen_128.c:218: for (i = 0; i < Nk; ++i)
                             80 ;	genAssign
                             81 ;	genMove_o size 2 result type 2 source type 1 a_dead 1 hl_dead 1 de_dead 0 iy_dead 1 f_dead 1
   0016 01 00 00      [10]   82 	ld	bc, #0x0000
                             83 ;	genLabel
   0019                      84 00105$:
                             85 ;cases/tinyaes/tinyaes_mode_CTR_keylen_128.c:220: RoundKey[(i * 4) + 0] = Key[(i * 4) + 0];
                             86 ;	genLeftShift
                             87 ;	genMove_o size 2 result type 2 source type 2 a_dead 1 hl_dead 1 de_dead 0 iy_dead 1 f_dead 1
   0019 C5            [11]   88 	push	bc
   001A FD E1         [14]   89 	pop	iy
                             90 ;	genMove_o size 0 result type 2 source type 1 a_dead 1 hl_dead 1 de_dead 0 iy_dead 1 f_dead 1
   001C FD 29         [15]   91 	add	iy, iy
   001E FD 29         [15]   92 	add	iy, iy
                             93 ;	genPlus
   0020 FD E5         [15]   94 	push	iy
   0022 DD 7E F6      [19]   95 	ld	a, -10 (ix)
   0025 FD E1         [14]   96 	pop	iy
   0027 DD 86 FE      [19]   97 	add	a, -2 (ix)
   002A DD 77 FC      [19]   98 	ld	-4 (ix), a
   002D FD E5         [15]   99 	push	iy
   002F DD 7E F7      [19]  100 	ld	a, -9 (ix)
   0032 FD E1         [14]  101 	pop	iy
   0034 DD 8E FF      [19]  102 	adc	a, -1 (ix)
   0037 DD 77 FD      [19]  103 	ld	-3 (ix), a
                            104 ;	genPlus
                            105 ;	genMove_o size 2 result type 2 source type 2 a_dead 1 hl_dead 1 de_dead 0 iy_dead 0 f_dead 1
   003A FD E5         [15]  106 	push	iy
   003C E1            [10]  107 	pop	hl
                            108 ;	genMove_o size 0 result type 2 source type 1 a_dead 1 hl_dead 1 de_dead 0 iy_dead 0 f_dead 1
   003D 19            [11]  109 	add	hl, de
                            110 ;	genPointerGet
   003E 7E            [ 7]  111 	ld	a, (hl)
                            112 ;	genPointerSet
                            113 ;	genMove_o size 2 result type 2 source type 6 a_dead 0 hl_dead 1 de_dead 0 iy_dead 0 f_dead 1
   003F DD 6E FC      [19]  114 	ld	l, -4 (ix)
   0042 DD 66 FD      [19]  115 	ld	h, -3 (ix)
                            116 ;	genMove_o size 0 result type 2 source type 1 a_dead 0 hl_dead 1 de_dead 0 iy_dead 0 f_dead 1
   0045 77            [ 7]  117 	ld	(hl), a
                            118 ;cases/tinyaes/tinyaes_mode_CTR_keylen_128.c:221: RoundKey[(i * 4) + 1] = Key[(i * 4) + 1];
                            119 ;	genPlus
                            120 ;	genMove_o size 2 result type 2 source type 2 a_dead 1 hl_dead 1 de_dead 0 iy_dead 1 f_dead 1
   0046 FD E5         [15]  121 	push	iy
   0048 E1            [10]  122 	pop	hl
                            123 ;	genMove_o size 0 result type 2 source type 1 a_dead 1 hl_dead 1 de_dead 0 iy_dead 1 f_dead 1
   0049 23            [ 6]  124 	inc	hl
                            125 ;	genPlus
   004A DD 7E FE      [19]  126 	ld	a, -2 (ix)
   004D 85            [ 4]  127 	add	a, l
   004E DD 77 FC      [19]  128 	ld	-4 (ix), a
   0051 DD 7E FF      [19]  129 	ld	a, -1 (ix)
   0054 8C            [ 4]  130 	adc	a, h
   0055 DD 77 FD      [19]  131 	ld	-3 (ix), a
                            132 ;	genPlus
   0058 19            [11]  133 	add	hl, de
                            134 ;	genPointerGet
   0059 7E            [ 7]  135 	ld	a, (hl)
                            136 ;	genPointerSet
                            137 ;	genMove_o size 2 result type 2 source type 6 a_dead 0 hl_dead 1 de_dead 0 iy_dead 0 f_dead 1
   005A DD 6E FC      [19]  138 	ld	l, -4 (ix)
   005D DD 66 FD      [19]  139 	ld	h, -3 (ix)
                            140 ;	genMove_o size 0 result type 2 source type 1 a_dead 0 hl_dead 1 de_dead 0 iy_dead 0 f_dead 1
   0060 77            [ 7]  141 	ld	(hl), a
                            142 ;cases/tinyaes/tinyaes_mode_CTR_keylen_128.c:222: RoundKey[(i * 4) + 2] = Key[(i * 4) + 2];
                            143 ;	genPlus
                            144 ;	genMove_o size 2 result type 2 source type 2 a_dead 1 hl_dead 1 de_dead 0 iy_dead 1 f_dead 1
   0061 FD E5         [15]  145 	push	iy
   0063 E1            [10]  146 	pop	hl
                            147 ;	genMove_o size 0 result type 2 source type 1 a_dead 1 hl_dead 1 de_dead 0 iy_dead 1 f_dead 1
   0064 23            [ 6]  148 	inc	hl
   0065 23            [ 6]  149 	inc	hl
                            150 ;	genPlus
   0066 DD 7E FE      [19]  151 	ld	a, -2 (ix)
   0069 85            [ 4]  152 	add	a, l
   006A DD 77 FC      [19]  153 	ld	-4 (ix), a
   006D DD 7E FF      [19]  154 	ld	a, -1 (ix)
   0070 8C            [ 4]  155 	adc	a, h
   0071 DD 77 FD      [19]  156 	ld	-3 (ix), a
                            157 ;	genPlus
   0074 19            [11]  158 	add	hl, de
                            159 ;	genPointerGet
   0075 7E            [ 7]  160 	ld	a, (hl)
                            161 ;	genPointerSet
                            162 ;	genMove_o size 2 result type 2 source type 6 a_dead 0 hl_dead 1 de_dead 0 iy_dead 0 f_dead 1
   0076 DD 6E FC      [19]  163 	ld	l, -4 (ix)
   0079 DD 66 FD      [19]  164 	ld	h, -3 (ix)
                            165 ;	genMove_o size 0 result type 2 source type 1 a_dead 0 hl_dead 1 de_dead 0 iy_dead 0 f_dead 1
   007C 77            [ 7]  166 	ld	(hl), a
                            167 ;cases/tinyaes/tinyaes_mode_CTR_keylen_128.c:223: RoundKey[(i * 4) + 3] = Key[(i * 4) + 3];
                            168 ;	genPlus
                            169 ;	genMove_o size 2 result type 2 source type 2 a_dead 1 hl_dead 1 de_dead 0 iy_dead 1 f_dead 1
   007D FD E5         [15]  170 	push	iy
   007F E1            [10]  171 	pop	hl
                            172 ;	genMove_o size 0 result type 2 source type 1 a_dead 1 hl_dead 1 de_dead 0 iy_dead 1 f_dead 1
   0080 23            [ 6]  173 	inc	hl
   0081 23            [ 6]  174 	inc	hl
   0082 23            [ 6]  175 	inc	hl
                            176 ;	genPlus
   0083 7D            [ 4]  177 	ld	a, l
   0084 DD 86 FE      [19]  178 	add	a, -2 (ix)
   0087 DD 77 FC      [19]  179 	ld	-4 (ix), a
   008A 7C            [ 4]  180 	ld	a, h
   008B DD 8E FF      [19]  181 	adc	a, -1 (ix)
   008E DD 77 FD      [19]  182 	ld	-3 (ix), a
                            183 ;	genPlus
   0091 19            [11]  184 	add	hl, de
                            185 ;	genPointerGet
   0092 7E            [ 7]  186 	ld	a, (hl)
                            187 ;	genPointerSet
                            188 ;	genMove_o size 2 result type 2 source type 6 a_dead 0 hl_dead 1 de_dead 0 iy_dead 1 f_dead 1
   0093 DD 6E FC      [19]  189 	ld	l, -4 (ix)
   0096 DD 66 FD      [19]  190 	ld	h, -3 (ix)
                            191 ;	genMove_o size 0 result type 2 source type 1 a_dead 0 hl_dead 1 de_dead 0 iy_dead 1 f_dead 1
   0099 77            [ 7]  192 	ld	(hl), a
                            193 ;cases/tinyaes/tinyaes_mode_CTR_keylen_128.c:218: for (i = 0; i < Nk; ++i)
                            194 ;	genPlus
   009A 03            [ 6]  195 	inc	bc
                            196 ;	genCmpLt
   009B 79            [ 4]  197 	ld	a, c
   009C D6 04         [ 7]  198 	sub	a, #0x04
   009E DAr19s00      [10]  199 	jp	c, 00105$
                            200 ;	skipping generated iCode
                            201 ;cases/tinyaes/tinyaes_mode_CTR_keylen_128.c:227: for (i = Nk; i < Nb * (Nr + 1); ++i)
                            202 ;	skipping iCode since result will be rematerialized
                            203 ;	skipping iCode since result will be rematerialized
                            204 ;	genAssign
                            205 ;	genMove_o size 2 result type 2 source type 1 a_dead 1 hl_dead 1 de_dead 1 iy_dead 1 f_dead 1
   00A1 01 04 00      [10]  206 	ld	bc, #0x0004
                            207 ;	genLabel
   00A4                     208 00107$:
                            209 ;cases/tinyaes/tinyaes_mode_CTR_keylen_128.c:277: j = i * 4; k=(i - Nk) * 4;
                            210 ;	genCast
                            211 ;	genMove_o size 1 result type 6 source type 2 a_dead 1 hl_dead 1 de_dead 1 iy_dead 1 f_dead 1
                            212 ;	genMove_o size 0 result type 6 source type 1 a_dead 1 hl_dead 1 de_dead 1 iy_dead 1 f_dead 1
                            213 ;cases/tinyaes/tinyaes_mode_CTR_keylen_128.c:230: k = (i - 1) * 4;
                            214 ;	genMinus
                            215 ; common peephole 33 loaded a from c instead of going through -3 (ix).
   00A4 DD 71 FD      [19]  216 	ld	-3 (ix), c
   00A7 79            [ 4]  217 	ld	a, c
   00A8 3D            [ 4]  218 	dec	a
                            219 ;	genLeftShift
   00A9 87            [ 4]  220 	add	a, a
   00AA 87            [ 4]  221 	add	a, a
   00AB 5F            [ 4]  222 	ld	e, a
                            223 ;cases/tinyaes/tinyaes_mode_CTR_keylen_128.c:231: tempa[0]=RoundKey[k + 0];
                            224 ;	skipping iCode since result will be rematerialized
                            225 ;	genPlus
                            226 ;fetchPairLong
   00AC DD 6E FE      [19]  227 	ld	l, -2 (ix)
   00AF DD 66 FF      [19]  228 	ld	h, -1 (ix)
   00B2 16 00         [ 7]  229 	ld	d, #0x00
   00B4 19            [11]  230 	add	hl, de
                            231 ;	genPointerGet
   00B5 7E            [ 7]  232 	ld	a, (hl)
                            233 ;	genPointerSet
                            234 ;	genMove_o size 1 result type 6 source type 2 a_dead 1 hl_dead 1 de_dead 0 iy_dead 1 f_dead 1
   00B6 DD 77 F8      [19]  235 	ld	-8 (ix), a
                            236 ;	genMove_o size 0 result type 6 source type 1 a_dead 1 hl_dead 1 de_dead 0 iy_dead 1 f_dead 1
                            237 ;cases/tinyaes/tinyaes_mode_CTR_keylen_128.c:232: tempa[1]=RoundKey[k + 1];
                            238 ;	skipping iCode since result will be rematerialized
                            239 ;	genPlus
   00B9 7B            [ 4]  240 	ld	a, e
   00BA 3C            [ 4]  241 	inc	a
                            242 ;	genPlus
   00BB DD 86 FE      [19]  243 	add	a, -2 (ix)
   00BE 6F            [ 4]  244 	ld	l, a
   00BF 3E 00         [ 7]  245 	ld	a, #0x00
   00C1 DD 8E FF      [19]  246 	adc	a, -1 (ix)
                            247 ;	genPointerGet
                            248 ;fetchPairLong
   00C4 67            [ 4]  249 	ld	h, a
                            250 ;	_moveFrom_tpair_()
   00C5 7E            [ 7]  251 	ld	a, (hl)
                            252 ;	genPointerSet
                            253 ;	genMove_o size 1 result type 6 source type 2 a_dead 1 hl_dead 1 de_dead 0 iy_dead 1 f_dead 1
   00C6 DD 77 F9      [19]  254 	ld	-7 (ix), a
                            255 ;	genMove_o size 0 result type 6 source type 1 a_dead 1 hl_dead 1 de_dead 0 iy_dead 1 f_dead 1
                            256 ;cases/tinyaes/tinyaes_mode_CTR_keylen_128.c:233: tempa[2]=RoundKey[k + 2];
                            257 ;	skipping iCode since result will be rematerialized
                            258 ;	genPlus
   00C9 7B            [ 4]  259 	ld	a, e
   00CA 3C            [ 4]  260 	inc	a
   00CB 3C            [ 4]  261 	inc	a
                            262 ;	genPlus
   00CC DD 86 FE      [19]  263 	add	a, -2 (ix)
   00CF 6F            [ 4]  264 	ld	l, a
   00D0 3E 00         [ 7]  265 	ld	a, #0x00
   00D2 DD 8E FF      [19]  266 	adc	a, -1 (ix)
                            267 ;	genPointerGet
                            268 ;fetchPairLong
   00D5 67            [ 4]  269 	ld	h, a
                            270 ;	_moveFrom_tpair_()
   00D6 7E            [ 7]  271 	ld	a, (hl)
                            272 ;	genPointerSet
                            273 ;	genMove_o size 1 result type 6 source type 2 a_dead 1 hl_dead 1 de_dead 0 iy_dead 1 f_dead 1
   00D7 DD 77 FA      [19]  274 	ld	-6 (ix), a
                            275 ;	genMove_o size 0 result type 6 source type 1 a_dead 1 hl_dead 1 de_dead 0 iy_dead 1 f_dead 1
                            276 ;cases/tinyaes/tinyaes_mode_CTR_keylen_128.c:234: tempa[3]=RoundKey[k + 3];
                            277 ;	skipping iCode since result will be rematerialized
                            278 ;	genPlus
   00DA 1C            [ 4]  279 	inc	e
   00DB 1C            [ 4]  280 	inc	e
   00DC 1C            [ 4]  281 	inc	e
                            282 ;	genPlus
                            283 ;fetchPairLong
   00DD DD 6E FE      [19]  284 	ld	l, -2 (ix)
   00E0 DD 66 FF      [19]  285 	ld	h, -1 (ix)
   00E3 16 00         [ 7]  286 	ld	d, #0x00
   00E5 19            [11]  287 	add	hl, de
                            288 ;	genPointerGet
   00E6 7E            [ 7]  289 	ld	a, (hl)
                            290 ;	genPointerSet
                            291 ;	genMove_o size 1 result type 6 source type 2 a_dead 1 hl_dead 1 de_dead 1 iy_dead 1 f_dead 1
   00E7 DD 77 FB      [19]  292 	ld	-5 (ix), a
                            293 ;	genMove_o size 0 result type 6 source type 1 a_dead 1 hl_dead 1 de_dead 1 iy_dead 1 f_dead 1
                            294 ;cases/tinyaes/tinyaes_mode_CTR_keylen_128.c:238: if (i % Nk == 0)
                            295 ;	genCast
                            296 ;	genMove_o size 1 result type 2 source type 2 a_dead 1 hl_dead 1 de_dead 1 iy_dead 1 f_dead 1
   00EA 79            [ 4]  297 	ld	a, c
                            298 ;	genMove_o size 0 result type 2 source type 1 a_dead 1 hl_dead 1 de_dead 1 iy_dead 1 f_dead 1
                            299 ;	genAnd
                            300 ;	genMove_o size 1 result type 2 source type 2 a_dead 1 hl_dead 1 de_dead 1 iy_dead 1 f_dead 1
                            301 ;	genCast
                            302 ;	(locations are the same)
                            303 ;	genIfx
   00EB E6 03         [ 7]  304 	and	a, #0x03
                            305 ; common peephole 100 removed redundant or after and.
                            306 ; common peephole 163 changed absolute to relative conditional jump.
   00ED 20 64         [12]  307 	jr	nz, 00103$
                            308 ;cases/tinyaes/tinyaes_mode_CTR_keylen_128.c:245: const uint8_t u8tmp = tempa[0];
                            309 ;	genPointerGet
                            310 ;	genMove_o size 1 result type 2 source type 6 a_dead 1 hl_dead 1 de_dead 1 iy_dead 1 f_dead 1
   00EF DD 7E F8      [19]  311 	ld	a, -8 (ix)
                            312 ;	genMove_o size 0 result type 2 source type 1 a_dead 1 hl_dead 1 de_dead 1 iy_dead 1 f_dead 1
                            313 ;cases/tinyaes/tinyaes_mode_CTR_keylen_128.c:246: tempa[0] = tempa[1];
                            314 ;	genPointerGet
                            315 ;	genMove_o size 1 result type 2 source type 6 a_dead 0 hl_dead 1 de_dead 1 iy_dead 1 f_dead 1
   00F2 DD 5E F9      [19]  316 	ld	e, -7 (ix)
                            317 ;	genMove_o size 0 result type 2 source type 1 a_dead 0 hl_dead 1 de_dead 1 iy_dead 1 f_dead 1
                            318 ;	genPointerSet
                            319 ;	genMove_o size 1 result type 6 source type 2 a_dead 0 hl_dead 1 de_dead 1 iy_dead 1 f_dead 1
   00F5 DD 73 F8      [19]  320 	ld	-8 (ix), e
                            321 ;	genMove_o size 0 result type 6 source type 1 a_dead 0 hl_dead 1 de_dead 1 iy_dead 1 f_dead 1
                            322 ;cases/tinyaes/tinyaes_mode_CTR_keylen_128.c:247: tempa[1] = tempa[2];
                            323 ;	genPointerGet
                            324 ;	genMove_o size 1 result type 2 source type 6 a_dead 0 hl_dead 1 de_dead 1 iy_dead 1 f_dead 1
   00F8 DD 5E FA      [19]  325 	ld	e, -6 (ix)
                            326 ;	genMove_o size 0 result type 2 source type 1 a_dead 0 hl_dead 1 de_dead 1 iy_dead 1 f_dead 1
                            327 ;	genPointerSet
                            328 ;	genMove_o size 1 result type 6 source type 2 a_dead 0 hl_dead 1 de_dead 1 iy_dead 1 f_dead 1
   00FB DD 73 F9      [19]  329 	ld	-7 (ix), e
                            330 ;	genMove_o size 0 result type 6 source type 1 a_dead 0 hl_dead 1 de_dead 1 iy_dead 1 f_dead 1
                            331 ;cases/tinyaes/tinyaes_mode_CTR_keylen_128.c:248: tempa[2] = tempa[3];
                            332 ;	genPointerGet
                            333 ;	genMove_o size 1 result type 2 source type 6 a_dead 0 hl_dead 1 de_dead 1 iy_dead 1 f_dead 1
   00FE DD 5E FB      [19]  334 	ld	e, -5 (ix)
                            335 ;	genMove_o size 0 result type 2 source type 1 a_dead 0 hl_dead 1 de_dead 1 iy_dead 1 f_dead 1
                            336 ;	genPointerSet
                            337 ;	genMove_o size 1 result type 6 source type 2 a_dead 0 hl_dead 1 de_dead 1 iy_dead 1 f_dead 1
   0101 DD 73 FA      [19]  338 	ld	-6 (ix), e
                            339 ;	genMove_o size 0 result type 6 source type 1 a_dead 0 hl_dead 1 de_dead 1 iy_dead 1 f_dead 1
                            340 ;cases/tinyaes/tinyaes_mode_CTR_keylen_128.c:249: tempa[3] = u8tmp;
                            341 ;	genPointerSet
                            342 ;	genMove_o size 1 result type 6 source type 2 a_dead 1 hl_dead 1 de_dead 1 iy_dead 1 f_dead 1
   0104 DD 77 FB      [19]  343 	ld	-5 (ix), a
                            344 ;	genMove_o size 0 result type 6 source type 1 a_dead 1 hl_dead 1 de_dead 1 iy_dead 1 f_dead 1
                            345 ;cases/tinyaes/tinyaes_mode_CTR_keylen_128.c:257: tempa[0] = getSBoxValue(tempa[0]);
                            346 ;	genPointerGet
                            347 ;	genMove_o size 1 result type 2 source type 6 a_dead 1 hl_dead 1 de_dead 1 iy_dead 1 f_dead 1
   0107 DD 6E F8      [19]  348 	ld	l, -8 (ix)
                            349 ;	genMove_o size 0 result type 2 source type 1 a_dead 1 hl_dead 1 de_dead 1 iy_dead 1 f_dead 1
                            350 ;	genPlus
                            351 ;	genMove_o size 2 result type 2 source type 2 a_dead 1 hl_dead 1 de_dead 1 iy_dead 1 f_dead 1
                            352 ;	genMove_o size 1 result type 2 source type 1 a_dead 1 hl_dead 0 de_dead 1 iy_dead 1 f_dead 1
   010A 26 00         [ 7]  353 	ld	h, #0x00
                            354 ;	genMove_o size 2 result type 2 source type 7 a_dead 1 hl_dead 0 de_dead 1 iy_dead 1 f_dead 1
   010C 11rFDs01      [10]  355 	ld	de, #_sbox
   010F 19            [11]  356 	add	hl, de
                            357 ;	genPointerGet
   0110 7E            [ 7]  358 	ld	a, (hl)
                            359 ;	genPointerSet
                            360 ;	genMove_o size 1 result type 6 source type 2 a_dead 1 hl_dead 1 de_dead 1 iy_dead 1 f_dead 1
   0111 DD 77 F8      [19]  361 	ld	-8 (ix), a
                            362 ;	genMove_o size 0 result type 6 source type 1 a_dead 1 hl_dead 1 de_dead 1 iy_dead 1 f_dead 1
                            363 ;cases/tinyaes/tinyaes_mode_CTR_keylen_128.c:258: tempa[1] = getSBoxValue(tempa[1]);
                            364 ;	genPointerGet
                            365 ;	genMove_o size 1 result type 2 source type 6 a_dead 1 hl_dead 1 de_dead 1 iy_dead 1 f_dead 1
   0114 DD 6E F9      [19]  366 	ld	l, -7 (ix)
                            367 ;	genMove_o size 0 result type 2 source type 1 a_dead 1 hl_dead 1 de_dead 1 iy_dead 1 f_dead 1
                            368 ;	genPlus
                            369 ;	genMove_o size 2 result type 2 source type 2 a_dead 1 hl_dead 1 de_dead 1 iy_dead 1 f_dead 1
                            370 ;	genMove_o size 1 result type 2 source type 1 a_dead 1 hl_dead 0 de_dead 1 iy_dead 1 f_dead 1
   0117 26 00         [ 7]  371 	ld	h, #0x00
                            372 ;	genMove_o size 2 result type 2 source type 7 a_dead 1 hl_dead 0 de_dead 1 iy_dead 1 f_dead 1
   0119 11rFDs01      [10]  373 	ld	de, #_sbox
   011C 19            [11]  374 	add	hl, de
                            375 ;	genPointerGet
   011D 7E            [ 7]  376 	ld	a, (hl)
                            377 ;	genPointerSet
                            378 ;	genMove_o size 1 result type 6 source type 2 a_dead 1 hl_dead 1 de_dead 1 iy_dead 1 f_dead 1
   011E DD 77 F9      [19]  379 	ld	-7 (ix), a
                            380 ;	genMove_o size 0 result type 6 source type 1 a_dead 1 hl_dead 1 de_dead 1 iy_dead 1 f_dead 1
                            381 ;cases/tinyaes/tinyaes_mode_CTR_keylen_128.c:259: tempa[2] = getSBoxValue(tempa[2]);
                            382 ;	genPointerGet
                            383 ;	genMove_o size 1 result type 2 source type 6 a_dead 1 hl_dead 1 de_dead 1 iy_dead 1 f_dead 1
   0121 DD 6E FA      [19]  384 	ld	l, -6 (ix)
                            385 ;	genMove_o size 0 result type 2 source type 1 a_dead 1 hl_dead 1 de_dead 1 iy_dead 1 f_dead 1
                            386 ;	genPlus
                            387 ;	genMove_o size 2 result type 2 source type 2 a_dead 1 hl_dead 1 de_dead 1 iy_dead 1 f_dead 1
                            388 ;	genMove_o size 1 result type 2 source type 1 a_dead 1 hl_dead 0 de_dead 1 iy_dead 1 f_dead 1
   0124 26 00         [ 7]  389 	ld	h, #0x00
                            390 ;	genMove_o size 2 result type 2 source type 7 a_dead 1 hl_dead 0 de_dead 1 iy_dead 1 f_dead 1
   0126 11rFDs01      [10]  391 	ld	de, #_sbox
   0129 19            [11]  392 	add	hl, de
                            393 ;	genPointerGet
   012A 7E            [ 7]  394 	ld	a, (hl)
                            395 ;	genPointerSet
                            396 ;	genMove_o size 1 result type 6 source type 2 a_dead 1 hl_dead 1 de_dead 1 iy_dead 1 f_dead 1
   012B DD 77 FA      [19]  397 	ld	-6 (ix), a
                            398 ;	genMove_o size 0 result type 6 source type 1 a_dead 1 hl_dead 1 de_dead 1 iy_dead 1 f_dead 1
                            399 ;cases/tinyaes/tinyaes_mode_CTR_keylen_128.c:260: tempa[3] = getSBoxValue(tempa[3]);
                            400 ;	genPointerGet
                            401 ;	genMove_o size 1 result type 2 source type 6 a_dead 1 hl_dead 1 de_dead 1 iy_dead 1 f_dead 1
   012E DD 6E FB      [19]  402 	ld	l, -5 (ix)
                            403 ;	genMove_o size 0 result type 2 source type 1 a_dead 1 hl_dead 1 de_dead 1 iy_dead 1 f_dead 1
                            404 ;	genPlus
                            405 ;	genMove_o size 2 result type 2 source type 2 a_dead 1 hl_dead 1 de_dead 1 iy_dead 1 f_dead 1
                            406 ;	genMove_o size 1 result type 2 source type 1 a_dead 1 hl_dead 0 de_dead 1 iy_dead 1 f_dead 1
   0131 26 00         [ 7]  407 	ld	h, #0x00
                            408 ;	genMove_o size 2 result type 2 source type 7 a_dead 1 hl_dead 0 de_dead 1 iy_dead 1 f_dead 1
   0133 11rFDs01      [10]  409 	ld	de, #_sbox
   0136 19            [11]  410 	add	hl, de
                            411 ;	genPointerGet
   0137 7E            [ 7]  412 	ld	a, (hl)
                            413 ;	genPointerSet
                            414 ;	genMove_o size 1 result type 6 source type 2 a_dead 1 hl_dead 1 de_dead 1 iy_dead 1 f_dead 1
   0138 DD 77 FB      [19]  415 	ld	-5 (ix), a
                            416 ;	genMove_o size 0 result type 6 source type 1 a_dead 1 hl_dead 1 de_dead 1 iy_dead 1 f_dead 1
                            417 ;cases/tinyaes/tinyaes_mode_CTR_keylen_128.c:263: tempa[0] = tempa[0] ^ Rcon[i/Nk];
                            418 ;	genPointerGet
                            419 ;	genMove_o size 1 result type 2 source type 6 a_dead 1 hl_dead 1 de_dead 1 iy_dead 1 f_dead 1
   013B DD 5E F8      [19]  420 	ld	e, -8 (ix)
                            421 ;	genMove_o size 0 result type 2 source type 1 a_dead 1 hl_dead 1 de_dead 1 iy_dead 1 f_dead 1
                            422 ;	genRightShift
                            423 ;fetchPairLong
   013E 69            [ 4]  424 	ld	l, c
   013F 60            [ 4]  425 	ld	h, b
   0140 CB 3C         [ 8]  426 	srl	h
   0142 CB 1D         [ 8]  427 	rr	l
   0144 CB 3C         [ 8]  428 	srl	h
   0146 CB 1D         [ 8]  429 	rr	l
                            430 ;	genPlus
   0148 D5            [11]  431 	push	de
                            432 ;fetchPairLong
   0149 11rFDs02      [10]  433 	ld	de, #_Rcon
   014C 19            [11]  434 	add	hl, de
   014D D1            [10]  435 	pop	de
                            436 ;	genPointerGet
   014E 7E            [ 7]  437 	ld	a, (hl)
                            438 ;	genXor
   014F AB            [ 4]  439 	xor	a, e
                            440 ;	genMove_o size 1 result type 2 source type 2 a_dead 1 hl_dead 1 de_dead 0 iy_dead 1 f_dead 1
                            441 ;	genPointerSet
                            442 ;	genMove_o size 1 result type 6 source type 2 a_dead 1 hl_dead 1 de_dead 1 iy_dead 1 f_dead 1
   0150 DD 77 F8      [19]  443 	ld	-8 (ix), a
                            444 ;	genMove_o size 0 result type 6 source type 1 a_dead 1 hl_dead 1 de_dead 1 iy_dead 1 f_dead 1
                            445 ;	genLabel
   0153                     446 00103$:
                            447 ;cases/tinyaes/tinyaes_mode_CTR_keylen_128.c:277: j = i * 4; k=(i - Nk) * 4;
                            448 ;	genLeftShift
   0153 DD 7E FD      [19]  449 	ld	a, -3 (ix)
   0156 87            [ 4]  450 	add	a, a
   0157 87            [ 4]  451 	add	a, a
   0158 DD 77 FC      [19]  452 	ld	-4 (ix), a
                            453 ;	genMinus
   015B DD 7E FD      [19]  454 	ld	a, -3 (ix)
   015E C6 FC         [ 7]  455 	add	a, #0xfc
                            456 ;	genLeftShift
   0160 87            [ 4]  457 	add	a, a
   0161 87            [ 4]  458 	add	a, a
   0162 DD 77 FD      [19]  459 	ld	-3 (ix), a
                            460 ;cases/tinyaes/tinyaes_mode_CTR_keylen_128.c:278: RoundKey[j + 0] = RoundKey[k + 0] ^ tempa[0];
                            461 ;	genPlus
   0165 DD 7E FC      [19]  462 	ld	a, -4 (ix)
   0168 DD 86 FE      [19]  463 	add	a, -2 (ix)
   016B 5F            [ 4]  464 	ld	e, a
   016C 3E 00         [ 7]  465 	ld	a, #0x00
   016E DD 8E FF      [19]  466 	adc	a, -1 (ix)
   0171 57            [ 4]  467 	ld	d, a
                            468 ;	genPlus
   0172 DD 7E FD      [19]  469 	ld	a, -3 (ix)
   0175 DD 86 FE      [19]  470 	add	a, -2 (ix)
   0178 6F            [ 4]  471 	ld	l, a
   0179 3E 00         [ 7]  472 	ld	a, #0x00
   017B DD 8E FF      [19]  473 	adc	a, -1 (ix)
                            474 ;	genPointerGet
                            475 ;fetchPairLong
   017E 67            [ 4]  476 	ld	h, a
                            477 ;	_moveFrom_tpair_()
   017F 7E            [ 7]  478 	ld	a, (hl)
                            479 ;	genPointerGet
                            480 ;	genMove_o size 1 result type 2 source type 6 a_dead 0 hl_dead 1 de_dead 0 iy_dead 1 f_dead 1
   0180 DD 6E F8      [19]  481 	ld	l, -8 (ix)
                            482 ;	genMove_o size 0 result type 2 source type 1 a_dead 0 hl_dead 1 de_dead 0 iy_dead 1 f_dead 1
                            483 ;	genXor
   0183 AD            [ 4]  484 	xor	a, l
                            485 ;	genMove_o size 1 result type 2 source type 2 a_dead 1 hl_dead 1 de_dead 0 iy_dead 1 f_dead 1
                            486 ;	genPointerSet
                            487 ;	genMove_o size 1 result type 2 source type 2 a_dead 1 hl_dead 1 de_dead 0 iy_dead 1 f_dead 1
   0184 12            [ 7]  488 	ld	(de), a
                            489 ;cases/tinyaes/tinyaes_mode_CTR_keylen_128.c:279: RoundKey[j + 1] = RoundKey[k + 1] ^ tempa[1];
                            490 ;	genPlus
   0185 DD 7E FC      [19]  491 	ld	a, -4 (ix)
   0188 3C            [ 4]  492 	inc	a
                            493 ;	genPlus
   0189 DD 86 FE      [19]  494 	add	a, -2 (ix)
   018C 5F            [ 4]  495 	ld	e, a
   018D 3E 00         [ 7]  496 	ld	a, #0x00
   018F DD 8E FF      [19]  497 	adc	a, -1 (ix)
   0192 57            [ 4]  498 	ld	d, a
                            499 ;	genPlus
   0193 DD 7E FD      [19]  500 	ld	a, -3 (ix)
   0196 3C            [ 4]  501 	inc	a
                            502 ;	genPlus
   0197 DD 86 FE      [19]  503 	add	a, -2 (ix)
   019A 6F            [ 4]  504 	ld	l, a
   019B 3E 00         [ 7]  505 	ld	a, #0x00
   019D DD 8E FF      [19]  506 	adc	a, -1 (ix)
                            507 ;	genPointerGet
                            508 ;fetchPairLong
   01A0 67            [ 4]  509 	ld	h, a
                            510 ;	_moveFrom_tpair_()
   01A1 7E            [ 7]  511 	ld	a, (hl)
                            512 ;	genPointerGet
                            513 ;	genMove_o size 1 result type 2 source type 6 a_dead 0 hl_dead 1 de_dead 0 iy_dead 1 f_dead 1
   01A2 DD 6E F9      [19]  514 	ld	l, -7 (ix)
                            515 ;	genMove_o size 0 result type 2 source type 1 a_dead 0 hl_dead 1 de_dead 0 iy_dead 1 f_dead 1
                            516 ;	genXor
   01A5 AD            [ 4]  517 	xor	a, l
                            518 ;	genMove_o size 1 result type 2 source type 2 a_dead 1 hl_dead 1 de_dead 0 iy_dead 1 f_dead 1
                            519 ;	genPointerSet
                            520 ;	genMove_o size 1 result type 2 source type 2 a_dead 1 hl_dead 1 de_dead 0 iy_dead 1 f_dead 1
   01A6 12            [ 7]  521 	ld	(de), a
                            522 ;cases/tinyaes/tinyaes_mode_CTR_keylen_128.c:280: RoundKey[j + 2] = RoundKey[k + 2] ^ tempa[2];
                            523 ;	genPlus
   01A7 DD 7E FC      [19]  524 	ld	a, -4 (ix)
   01AA 3C            [ 4]  525 	inc	a
   01AB 3C            [ 4]  526 	inc	a
                            527 ;	genPlus
   01AC DD 86 FE      [19]  528 	add	a, -2 (ix)
   01AF 5F            [ 4]  529 	ld	e, a
   01B0 3E 00         [ 7]  530 	ld	a, #0x00
   01B2 DD 8E FF      [19]  531 	adc	a, -1 (ix)
   01B5 57            [ 4]  532 	ld	d, a
                            533 ;	genPlus
   01B6 DD 7E FD      [19]  534 	ld	a, -3 (ix)
   01B9 3C            [ 4]  535 	inc	a
   01BA 3C            [ 4]  536 	inc	a
                            537 ;	genPlus
   01BB DD 86 FE      [19]  538 	add	a, -2 (ix)
   01BE 6F            [ 4]  539 	ld	l, a
   01BF 3E 00         [ 7]  540 	ld	a, #0x00
   01C1 DD 8E FF      [19]  541 	adc	a, -1 (ix)
                            542 ;	genPointerGet
                            543 ;fetchPairLong
   01C4 67            [ 4]  544 	ld	h, a
                            545 ;	_moveFrom_tpair_()
   01C5 7E            [ 7]  546 	ld	a, (hl)
                            547 ;	genPointerGet
                            548 ;	genMove_o size 1 result type 2 source type 6 a_dead 0 hl_dead 1 de_dead 0 iy_dead 1 f_dead 1
   01C6 DD 6E FA      [19]  549 	ld	l, -6 (ix)
                            550 ;	genMove_o size 0 result type 2 source type 1 a_dead 0 hl_dead 1 de_dead 0 iy_dead 1 f_dead 1
                            551 ;	genXor
   01C9 AD            [ 4]  552 	xor	a, l
                            553 ;	genMove_o size 1 result type 2 source type 2 a_dead 1 hl_dead 1 de_dead 0 iy_dead 1 f_dead 1
                            554 ;	genPointerSet
                            555 ;	genMove_o size 1 result type 2 source type 2 a_dead 1 hl_dead 1 de_dead 0 iy_dead 1 f_dead 1
   01CA 12            [ 7]  556 	ld	(de), a
                            557 ;cases/tinyaes/tinyaes_mode_CTR_keylen_128.c:281: RoundKey[j + 3] = RoundKey[k + 3] ^ tempa[3];
                            558 ;	genPlus
   01CB DD 7E FC      [19]  559 	ld	a, -4 (ix)
   01CE 3C            [ 4]  560 	inc	a
   01CF 3C            [ 4]  561 	inc	a
   01D0 3C            [ 4]  562 	inc	a
                            563 ;	genPlus
   01D1 DD 86 FE      [19]  564 	add	a, -2 (ix)
   01D4 5F            [ 4]  565 	ld	e, a
   01D5 3E 00         [ 7]  566 	ld	a, #0x00
   01D7 DD 8E FF      [19]  567 	adc	a, -1 (ix)
   01DA 57            [ 4]  568 	ld	d, a
                            569 ;	genPlus
   01DB DD 7E FD      [19]  570 	ld	a, -3 (ix)
   01DE 3C            [ 4]  571 	inc	a
   01DF 3C            [ 4]  572 	inc	a
   01E0 3C            [ 4]  573 	inc	a
                            574 ;	genPlus
   01E1 DD 86 FE      [19]  575 	add	a, -2 (ix)
   01E4 6F            [ 4]  576 	ld	l, a
   01E5 3E 00         [ 7]  577 	ld	a, #0x00
   01E7 DD 8E FF      [19]  578 	adc	a, -1 (ix)
                            579 ;	genPointerGet
                            580 ;fetchPairLong
   01EA 67            [ 4]  581 	ld	h, a
                            582 ;	_moveFrom_tpair_()
   01EB 7E            [ 7]  583 	ld	a, (hl)
                            584 ;	genPointerGet
                            585 ;	genMove_o size 1 result type 2 source type 6 a_dead 0 hl_dead 1 de_dead 0 iy_dead 1 f_dead 1
   01EC DD 6E FB      [19]  586 	ld	l, -5 (ix)
                            587 ;	genMove_o size 0 result type 2 source type 1 a_dead 0 hl_dead 1 de_dead 0 iy_dead 1 f_dead 1
                            588 ;	genXor
   01EF AD            [ 4]  589 	xor	a, l
                            590 ;	genMove_o size 1 result type 2 source type 2 a_dead 1 hl_dead 1 de_dead 0 iy_dead 1 f_dead 1
                            591 ;	genPointerSet
                            592 ;	genMove_o size 1 result type 2 source type 2 a_dead 1 hl_dead 1 de_dead 0 iy_dead 1 f_dead 1
   01F0 12            [ 7]  593 	ld	(de), a
                            594 ;cases/tinyaes/tinyaes_mode_CTR_keylen_128.c:227: for (i = Nk; i < Nb * (Nr + 1); ++i)
                            595 ;	genPlus
   01F1 03            [ 6]  596 	inc	bc
                            597 ;	genCmpLt
   01F2 79            [ 4]  598 	ld	a, c
   01F3 D6 2C         [ 7]  599 	sub	a, #0x2c
   01F5 DArA4s00      [10]  600 	jp	c, 00107$
                            601 ;	skipping generated iCode
                            602 ;	genLabel
                            603 ; common peephole 159 removed unused label 00109$.
                            604 ;cases/tinyaes/tinyaes_mode_CTR_keylen_128.c:283: }
                            605 ;	genEndFunction
   01F8 DD F9         [10]  606 	ld	sp, ix
   01FA DD E1         [14]  607 	pop	ix
   01FC C9            [10]  608 	ret
                            609 ;	Total KeyExpansion function size at codegen: 5 bytes.
   01FD                     610 _sbox:
   01FD 63                  611 	.db #0x63	; 99	'c'
   01FE 7C                  612 	.db #0x7c	; 124
   01FF 77                  613 	.db #0x77	; 119	'w'
   0200 7B                  614 	.db #0x7b	; 123
   0201 F2                  615 	.db #0xf2	; 242
   0202 6B                  616 	.db #0x6b	; 107	'k'
   0203 6F                  617 	.db #0x6f	; 111	'o'
   0204 C5                  618 	.db #0xc5	; 197
   0205 30                  619 	.db #0x30	; 48	'0'
   0206 01                  620 	.db #0x01	; 1
   0207 67                  621 	.db #0x67	; 103	'g'
   0208 2B                  622 	.db #0x2b	; 43
   0209 FE                  623 	.db #0xfe	; 254
   020A D7                  624 	.db #0xd7	; 215
   020B AB                  625 	.db #0xab	; 171
   020C 76                  626 	.db #0x76	; 118	'v'
   020D CA                  627 	.db #0xca	; 202
   020E 82                  628 	.db #0x82	; 130
   020F C9                  629 	.db #0xc9	; 201
   0210 7D                  630 	.db #0x7d	; 125
   0211 FA                  631 	.db #0xfa	; 250
   0212 59                  632 	.db #0x59	; 89	'Y'
   0213 47                  633 	.db #0x47	; 71	'G'
   0214 F0                  634 	.db #0xf0	; 240
   0215 AD                  635 	.db #0xad	; 173
   0216 D4                  636 	.db #0xd4	; 212
   0217 A2                  637 	.db #0xa2	; 162
   0218 AF                  638 	.db #0xaf	; 175
   0219 9C                  639 	.db #0x9c	; 156
   021A A4                  640 	.db #0xa4	; 164
   021B 72                  641 	.db #0x72	; 114	'r'
   021C C0                  642 	.db #0xc0	; 192
   021D B7                  643 	.db #0xb7	; 183
   021E FD                  644 	.db #0xfd	; 253
   021F 93                  645 	.db #0x93	; 147
   0220 26                  646 	.db #0x26	; 38
   0221 36                  647 	.db #0x36	; 54	'6'
   0222 3F                  648 	.db #0x3f	; 63
   0223 F7                  649 	.db #0xf7	; 247
   0224 CC                  650 	.db #0xcc	; 204
   0225 34                  651 	.db #0x34	; 52	'4'
   0226 A5                  652 	.db #0xa5	; 165
   0227 E5                  653 	.db #0xe5	; 229
   0228 F1                  654 	.db #0xf1	; 241
   0229 71                  655 	.db #0x71	; 113	'q'
   022A D8                  656 	.db #0xd8	; 216
   022B 31                  657 	.db #0x31	; 49	'1'
   022C 15                  658 	.db #0x15	; 21
   022D 04                  659 	.db #0x04	; 4
   022E C7                  660 	.db #0xc7	; 199
   022F 23                  661 	.db #0x23	; 35
   0230 C3                  662 	.db #0xc3	; 195
   0231 18                  663 	.db #0x18	; 24
   0232 96                  664 	.db #0x96	; 150
   0233 05                  665 	.db #0x05	; 5
   0234 9A                  666 	.db #0x9a	; 154
   0235 07                  667 	.db #0x07	; 7
   0236 12                  668 	.db #0x12	; 18
   0237 80                  669 	.db #0x80	; 128
   0238 E2                  670 	.db #0xe2	; 226
   0239 EB                  671 	.db #0xeb	; 235
   023A 27                  672 	.db #0x27	; 39
   023B B2                  673 	.db #0xb2	; 178
   023C 75                  674 	.db #0x75	; 117	'u'
   023D 09                  675 	.db #0x09	; 9
   023E 83                  676 	.db #0x83	; 131
   023F 2C                  677 	.db #0x2c	; 44
   0240 1A                  678 	.db #0x1a	; 26
   0241 1B                  679 	.db #0x1b	; 27
   0242 6E                  680 	.db #0x6e	; 110	'n'
   0243 5A                  681 	.db #0x5a	; 90	'Z'
   0244 A0                  682 	.db #0xa0	; 160
   0245 52                  683 	.db #0x52	; 82	'R'
   0246 3B                  684 	.db #0x3b	; 59
   0247 D6                  685 	.db #0xd6	; 214
   0248 B3                  686 	.db #0xb3	; 179
   0249 29                  687 	.db #0x29	; 41
   024A E3                  688 	.db #0xe3	; 227
   024B 2F                  689 	.db #0x2f	; 47
   024C 84                  690 	.db #0x84	; 132
   024D 53                  691 	.db #0x53	; 83	'S'
   024E D1                  692 	.db #0xd1	; 209
   024F 00                  693 	.db #0x00	; 0
   0250 ED                  694 	.db #0xed	; 237
   0251 20                  695 	.db #0x20	; 32
   0252 FC                  696 	.db #0xfc	; 252
   0253 B1                  697 	.db #0xb1	; 177
   0254 5B                  698 	.db #0x5b	; 91
   0255 6A                  699 	.db #0x6a	; 106	'j'
   0256 CB                  700 	.db #0xcb	; 203
   0257 BE                  701 	.db #0xbe	; 190
   0258 39                  702 	.db #0x39	; 57	'9'
   0259 4A                  703 	.db #0x4a	; 74	'J'
   025A 4C                  704 	.db #0x4c	; 76	'L'
   025B 58                  705 	.db #0x58	; 88	'X'
   025C CF                  706 	.db #0xcf	; 207
   025D D0                  707 	.db #0xd0	; 208
   025E EF                  708 	.db #0xef	; 239
   025F AA                  709 	.db #0xaa	; 170
   0260 FB                  710 	.db #0xfb	; 251
   0261 43                  711 	.db #0x43	; 67	'C'
   0262 4D                  712 	.db #0x4d	; 77	'M'
   0263 33                  713 	.db #0x33	; 51	'3'
   0264 85                  714 	.db #0x85	; 133
   0265 45                  715 	.db #0x45	; 69	'E'
   0266 F9                  716 	.db #0xf9	; 249
   0267 02                  717 	.db #0x02	; 2
   0268 7F                  718 	.db #0x7f	; 127
   0269 50                  719 	.db #0x50	; 80	'P'
   026A 3C                  720 	.db #0x3c	; 60
   026B 9F                  721 	.db #0x9f	; 159
   026C A8                  722 	.db #0xa8	; 168
   026D 51                  723 	.db #0x51	; 81	'Q'
   026E A3                  724 	.db #0xa3	; 163
   026F 40                  725 	.db #0x40	; 64
   0270 8F                  726 	.db #0x8f	; 143
   0271 92                  727 	.db #0x92	; 146
   0272 9D                  728 	.db #0x9d	; 157
   0273 38                  729 	.db #0x38	; 56	'8'
   0274 F5                  730 	.db #0xf5	; 245
   0275 BC                  731 	.db #0xbc	; 188
   0276 B6                  732 	.db #0xb6	; 182
   0277 DA                  733 	.db #0xda	; 218
   0278 21                  734 	.db #0x21	; 33
   0279 10                  735 	.db #0x10	; 16
   027A FF                  736 	.db #0xff	; 255
   027B F3                  737 	.db #0xf3	; 243
   027C D2                  738 	.db #0xd2	; 210
   027D CD                  739 	.db #0xcd	; 205
   027E 0C                  740 	.db #0x0c	; 12
   027F 13                  741 	.db #0x13	; 19
   0280 EC                  742 	.db #0xec	; 236
   0281 5F                  743 	.db #0x5f	; 95
   0282 97                  744 	.db #0x97	; 151
   0283 44                  745 	.db #0x44	; 68	'D'
   0284 17                  746 	.db #0x17	; 23
   0285 C4                  747 	.db #0xc4	; 196
   0286 A7                  748 	.db #0xa7	; 167
   0287 7E                  749 	.db #0x7e	; 126
   0288 3D                  750 	.db #0x3d	; 61
   0289 64                  751 	.db #0x64	; 100	'd'
   028A 5D                  752 	.db #0x5d	; 93
   028B 19                  753 	.db #0x19	; 25
   028C 73                  754 	.db #0x73	; 115	's'
   028D 60                  755 	.db #0x60	; 96
   028E 81                  756 	.db #0x81	; 129
   028F 4F                  757 	.db #0x4f	; 79	'O'
   0290 DC                  758 	.db #0xdc	; 220
   0291 22                  759 	.db #0x22	; 34
   0292 2A                  760 	.db #0x2a	; 42
   0293 90                  761 	.db #0x90	; 144
   0294 88                  762 	.db #0x88	; 136
   0295 46                  763 	.db #0x46	; 70	'F'
   0296 EE                  764 	.db #0xee	; 238
   0297 B8                  765 	.db #0xb8	; 184
   0298 14                  766 	.db #0x14	; 20
   0299 DE                  767 	.db #0xde	; 222
   029A 5E                  768 	.db #0x5e	; 94
   029B 0B                  769 	.db #0x0b	; 11
   029C DB                  770 	.db #0xdb	; 219
   029D E0                  771 	.db #0xe0	; 224
   029E 32                  772 	.db #0x32	; 50	'2'
   029F 3A                  773 	.db #0x3a	; 58
   02A0 0A                  774 	.db #0x0a	; 10
   02A1 49                  775 	.db #0x49	; 73	'I'
   02A2 06                  776 	.db #0x06	; 6
   02A3 24                  777 	.db #0x24	; 36
   02A4 5C                  778 	.db #0x5c	; 92
   02A5 C2                  779 	.db #0xc2	; 194
   02A6 D3                  780 	.db #0xd3	; 211
   02A7 AC                  781 	.db #0xac	; 172
   02A8 62                  782 	.db #0x62	; 98	'b'
   02A9 91                  783 	.db #0x91	; 145
   02AA 95                  784 	.db #0x95	; 149
   02AB E4                  785 	.db #0xe4	; 228
   02AC 79                  786 	.db #0x79	; 121	'y'
   02AD E7                  787 	.db #0xe7	; 231
   02AE C8                  788 	.db #0xc8	; 200
   02AF 37                  789 	.db #0x37	; 55	'7'
   02B0 6D                  790 	.db #0x6d	; 109	'm'
   02B1 8D                  791 	.db #0x8d	; 141
   02B2 D5                  792 	.db #0xd5	; 213
   02B3 4E                  793 	.db #0x4e	; 78	'N'
   02B4 A9                  794 	.db #0xa9	; 169
   02B5 6C                  795 	.db #0x6c	; 108	'l'
   02B6 56                  796 	.db #0x56	; 86	'V'
   02B7 F4                  797 	.db #0xf4	; 244
   02B8 EA                  798 	.db #0xea	; 234
   02B9 65                  799 	.db #0x65	; 101	'e'
   02BA 7A                  800 	.db #0x7a	; 122	'z'
   02BB AE                  801 	.db #0xae	; 174
   02BC 08                  802 	.db #0x08	; 8
   02BD BA                  803 	.db #0xba	; 186
   02BE 78                  804 	.db #0x78	; 120	'x'
   02BF 25                  805 	.db #0x25	; 37
   02C0 2E                  806 	.db #0x2e	; 46
   02C1 1C                  807 	.db #0x1c	; 28
   02C2 A6                  808 	.db #0xa6	; 166
   02C3 B4                  809 	.db #0xb4	; 180
   02C4 C6                  810 	.db #0xc6	; 198
   02C5 E8                  811 	.db #0xe8	; 232
   02C6 DD                  812 	.db #0xdd	; 221
   02C7 74                  813 	.db #0x74	; 116	't'
   02C8 1F                  814 	.db #0x1f	; 31
   02C9 4B                  815 	.db #0x4b	; 75	'K'
   02CA BD                  816 	.db #0xbd	; 189
   02CB 8B                  817 	.db #0x8b	; 139
   02CC 8A                  818 	.db #0x8a	; 138
   02CD 70                  819 	.db #0x70	; 112	'p'
   02CE 3E                  820 	.db #0x3e	; 62
   02CF B5                  821 	.db #0xb5	; 181
   02D0 66                  822 	.db #0x66	; 102	'f'
   02D1 48                  823 	.db #0x48	; 72	'H'
   02D2 03                  824 	.db #0x03	; 3
   02D3 F6                  825 	.db #0xf6	; 246
   02D4 0E                  826 	.db #0x0e	; 14
   02D5 61                  827 	.db #0x61	; 97	'a'
   02D6 35                  828 	.db #0x35	; 53	'5'
   02D7 57                  829 	.db #0x57	; 87	'W'
   02D8 B9                  830 	.db #0xb9	; 185
   02D9 86                  831 	.db #0x86	; 134
   02DA C1                  832 	.db #0xc1	; 193
   02DB 1D                  833 	.db #0x1d	; 29
   02DC 9E                  834 	.db #0x9e	; 158
   02DD E1                  835 	.db #0xe1	; 225
   02DE F8                  836 	.db #0xf8	; 248
   02DF 98                  837 	.db #0x98	; 152
   02E0 11                  838 	.db #0x11	; 17
   02E1 69                  839 	.db #0x69	; 105	'i'
   02E2 D9                  840 	.db #0xd9	; 217
   02E3 8E                  841 	.db #0x8e	; 142
   02E4 94                  842 	.db #0x94	; 148
   02E5 9B                  843 	.db #0x9b	; 155
   02E6 1E                  844 	.db #0x1e	; 30
   02E7 87                  845 	.db #0x87	; 135
   02E8 E9                  846 	.db #0xe9	; 233
   02E9 CE                  847 	.db #0xce	; 206
   02EA 55                  848 	.db #0x55	; 85	'U'
   02EB 28                  849 	.db #0x28	; 40
   02EC DF                  850 	.db #0xdf	; 223
   02ED 8C                  851 	.db #0x8c	; 140
   02EE A1                  852 	.db #0xa1	; 161
   02EF 89                  853 	.db #0x89	; 137
   02F0 0D                  854 	.db #0x0d	; 13
   02F1 BF                  855 	.db #0xbf	; 191
   02F2 E6                  856 	.db #0xe6	; 230
   02F3 42                  857 	.db #0x42	; 66	'B'
   02F4 68                  858 	.db #0x68	; 104	'h'
   02F5 41                  859 	.db #0x41	; 65	'A'
   02F6 99                  860 	.db #0x99	; 153
   02F7 2D                  861 	.db #0x2d	; 45
   02F8 0F                  862 	.db #0x0f	; 15
   02F9 B0                  863 	.db #0xb0	; 176
   02FA 54                  864 	.db #0x54	; 84	'T'
   02FB BB                  865 	.db #0xbb	; 187
   02FC 16                  866 	.db #0x16	; 22
   02FD                     867 _Rcon:
   02FD 8D                  868 	.db #0x8d	; 141
   02FE 01                  869 	.db #0x01	; 1
   02FF 02                  870 	.db #0x02	; 2
   0300 04                  871 	.db #0x04	; 4
   0301 08                  872 	.db #0x08	; 8
   0302 10                  873 	.db #0x10	; 16
   0303 20                  874 	.db #0x20	; 32
   0304 40                  875 	.db #0x40	; 64
   0305 80                  876 	.db #0x80	; 128
   0306 1B                  877 	.db #0x1b	; 27
   0307 36                  878 	.db #0x36	; 54	'6'
                            879 ;cases/tinyaes/tinyaes_mode_CTR_keylen_128.c:285: void AES_init_ctx(struct AES_ctx* ctx, const uint8_t* key)
                            880 ;	genLabel
                            881 ;	genFunction
                            882 ;	---------------------------------
                            883 ; Function AES_init_ctx
                            884 ; ---------------------------------
                            885 ;	Register assignment might be sub-optimal.
                            886 ; Stack space usage: 0 bytes.
   0308                     887 _AES_init_ctx::
                            888 ;	genReceive
                            889 ;	genMove_o size 2 result type 2 source type 2 a_dead 1 hl_dead 1 de_dead 0 iy_dead 1 f_dead 1
                            890 ;	genReceive
                            891 ;	genMove_o size 2 result type 2 source type 2 a_dead 1 hl_dead 0 de_dead 1 iy_dead 1 f_dead 1
                            892 ;cases/tinyaes/tinyaes_mode_CTR_keylen_128.c:287: KeyExpansion(ctx->RoundKey, key);
                            893 ;	genCast
                            894 ;	(locations are the same)
                            895 ;	genSend
                            896 ;	genMove_o size 2 result type 2 source type 2 a_dead 1 hl_dead 0 de_dead 1 iy_dead 1 f_dead 1
                            897 ;	genSend
                            898 ;	genMove_o size 2 result type 2 source type 2 a_dead 1 hl_dead 1 de_dead 0 iy_dead 1 f_dead 1
                            899 ;	genCall
                            900 ;	genLabel
                            901 ; common peephole 159 removed unused label 00101$.
                            902 ;cases/tinyaes/tinyaes_mode_CTR_keylen_128.c:288: }
                            903 ;	genEndFunction
   0308 C3r00s00      [10]  904 	jp	_KeyExpansion
                            905 ; common peephole 152 removed unused ret.
                            906 ;	Total AES_init_ctx function size at codegen: 1 bytes.
                            907 ;cases/tinyaes/tinyaes_mode_CTR_keylen_128.c:290: void AES_init_ctx_iv(struct AES_ctx* ctx, const uint8_t* key, const uint8_t* iv)
                            908 ;	genLabel
                            909 ;	genFunction
                            910 ;	---------------------------------
                            911 ; Function AES_init_ctx_iv
                            912 ; ---------------------------------
                            913 ;	Register assignment might be sub-optimal.
                            914 ; Stack space usage: 0 bytes.
   030B                     915 _AES_init_ctx_iv::
   030B DD E5         [15]  916 	push	ix
   030D DD 21 00 00   [14]  917 	ld	ix,	#0
   0311 DD 39         [15]  918 	add	ix, sp
                            919 ;	genReceive
                            920 ;	genMove_o size 2 result type 2 source type 2 a_dead 1 hl_dead 1 de_dead 0 iy_dead 1 f_dead 1
                            921 ;	genMove_o size 0 result type 2 source type 1 a_dead 1 hl_dead 1 de_dead 0 iy_dead 1 f_dead 1
                            922 ;	genReceive
                            923 ;	genMove_o size 2 result type 2 source type 2 a_dead 1 hl_dead 1 de_dead 1 iy_dead 1 f_dead 1
                            924 ;cases/tinyaes/tinyaes_mode_CTR_keylen_128.c:292: KeyExpansion(ctx->RoundKey, key);
                            925 ;	genCast
                            926 ;	genMove_o size 2 result type 2 source type 2 a_dead 1 hl_dead 1 de_dead 0 iy_dead 1 f_dead 1
                            927 ; common peephole 104 removed redundant load from bc into hl
                            928 ;	genMove_o size 0 result type 2 source type 1 a_dead 1 hl_dead 1 de_dead 0 iy_dead 1 f_dead 1
                            929 ;	genSend
                            930 ; common peephole 173 eliminated assignment by pushing hl
   0313 E5            [11]  931 	push	hl
                            932 ;	genMove_o size 2 result type 2 source type 2 a_dead 1 hl_dead 0 de_dead 1 iy_dead 1 f_dead 1
                            933 ;	genSend
                            934 ;	genMove_o size 2 result type 2 source type 2 a_dead 1 hl_dead 1 de_dead 0 iy_dead 1 f_dead 1
                            935 ;	genCall
   0314 CDr00s00      [17]  936 	call	_KeyExpansion
   0317 C1            [10]  937 	pop	bc
                            938 ;cases/tinyaes/tinyaes_mode_CTR_keylen_128.c:293: memcpy (ctx->Iv, iv, AES_BLOCKLEN);
                            939 ;	genPlus
                            940 ;	genMove_o size 2 result type 2 source type 1 a_dead 1 hl_dead 1 de_dead 1 iy_dead 1 f_dead 1
   0318 21 B0 00      [10]  941 	ld	hl, #0x00b0
   031B 09            [11]  942 	add	hl, bc
                            943 ;	genMove_o size 2 result type 2 source type 2 a_dead 1 hl_dead 1 de_dead 1 iy_dead 1 f_dead 1
   031C EB            [ 4]  944 	ex	de, hl
                            945 ;	genMove_o size 0 result type 2 source type 1 a_dead 1 hl_dead 1 de_dead 1 iy_dead 1 f_dead 1
                            946 ;	genCast
                            947 ;	genMove_o size 2 result type 2 source type 6 a_dead 1 hl_dead 1 de_dead 0 iy_dead 1 f_dead 1
   031D DD 6E 04      [19]  948 	ld	l, 4 (ix)
   0320 DD 66 05      [19]  949 	ld	h, 5 (ix)
                            950 ;	genMove_o size 0 result type 2 source type 1 a_dead 1 hl_dead 1 de_dead 0 iy_dead 1 f_dead 1
                            951 ;	genBuiltIn
                            952 ;fetchPairLong
   0323 01 10 00      [10]  953 	ld	bc, #0x0010
   0326 ED B0         [21]  954 	ldir
                            955 ;	skipping generated iCode
                            956 ;	skipping generated iCode
                            957 ;	skipping generated iCode
                            958 ;	genLabel
                            959 ; common peephole 159 removed unused label 00101$.
                            960 ;cases/tinyaes/tinyaes_mode_CTR_keylen_128.c:294: }
                            961 ;	genEndFunction
   0328 DD E1         [14]  962 	pop	ix
   032A E1            [10]  963 	pop	hl
                            964 ;	adjustStack by 2
   032B F1            [10]  965 	pop	af
   032C E9            [ 4]  966 	jp	(hl)
                            967 ;	Total AES_init_ctx_iv function size at codegen: 9 bytes.
                            968 ;cases/tinyaes/tinyaes_mode_CTR_keylen_128.c:295: void AES_ctx_set_iv(struct AES_ctx* ctx, const uint8_t* iv)
                            969 ;	genLabel
                            970 ;	genFunction
                            971 ;	---------------------------------
                            972 ; Function AES_ctx_set_iv
                            973 ; ---------------------------------
                            974 ;	Register assignment might be sub-optimal.
                            975 ; Stack space usage: 0 bytes.
   032D                     976 _AES_ctx_set_iv::
                            977 ;	genReceive
                            978 ;	genMove_o size 2 result type 2 source type 2 a_dead 1 hl_dead 1 de_dead 0 iy_dead 1 f_dead 1
                            979 ;	genReceive
                            980 ;	genMove_o size 2 result type 2 source type 2 a_dead 1 hl_dead 0 de_dead 1 iy_dead 1 f_dead 1
                            981 ;cases/tinyaes/tinyaes_mode_CTR_keylen_128.c:297: memcpy (ctx->Iv, iv, AES_BLOCKLEN);
                            982 ;	genPlus
                            983 ;fetchPairLong
   032D 01 B0 00      [10]  984 	ld	bc, #0x00b0
   0330 09            [11]  985 	add	hl, bc
                            986 ;	genCast
                            987 ;	(locations are the same)
                            988 ;	genBuiltIn
   0331 EB            [ 4]  989 	ex	de, hl
                            990 ;fetchPairLong
   0332 01 10 00      [10]  991 	ld	bc, #0x0010
   0335 ED B0         [21]  992 	ldir
                            993 ;	skipping generated iCode
                            994 ;	skipping generated iCode
                            995 ;	skipping generated iCode
                            996 ;	genLabel
                            997 ; common peephole 159 removed unused label 00101$.
                            998 ;cases/tinyaes/tinyaes_mode_CTR_keylen_128.c:298: }
                            999 ;	genEndFunction
   0337 C9            [10] 1000 	ret
                           1001 ;	Total AES_ctx_set_iv function size at codegen: 5 bytes.
                           1002 ;cases/tinyaes/tinyaes_mode_CTR_keylen_128.c:303: static void AddRoundKey(uint8_t round, state_t* state, const uint8_t* RoundKey)
                           1003 ;	genLabel
                           1004 ;	genFunction
                           1005 ;	---------------------------------
                           1006 ; Function AddRoundKey
                           1007 ; ---------------------------------
                           1008 ;	Register assignment might be sub-optimal.
                           1009 ; Stack space usage: 5 bytes.
   0338                    1010 _AddRoundKey:
   0338 DD E5         [15] 1011 	push	ix
   033A DD 21 00 00   [14] 1012 	ld	ix,	#0
   033E DD 39         [15] 1013 	add	ix, sp
                           1014 ;	adjustStack by -5
   0340 21 FB FF      [10] 1015 	ld	hl, #-5
   0343 39            [11] 1016 	add	hl, sp
   0344 F9            [ 6] 1017 	ld	sp, hl
                           1018 ;	genReceive
                           1019 ;	genMove_o size 1 result type 6 source type 2 a_dead 1 hl_dead 1 de_dead 0 iy_dead 1 f_dead 1
   0345 DD 77 FD      [19] 1020 	ld	-3 (ix), a
                           1021 ;	genMove_o size 0 result type 6 source type 1 a_dead 1 hl_dead 1 de_dead 0 iy_dead 1 f_dead 1
                           1022 ;	genReceive
                           1023 ;	genMove_o size 2 result type 2 source type 2 a_dead 1 hl_dead 1 de_dead 1 iy_dead 1 f_dead 1
                           1024 ;cases/tinyaes/tinyaes_mode_CTR_keylen_128.c:306: for (i = 0; i < 4; ++i)
                           1025 ;	genAssign
                           1026 ;	genMove_o size 1 result type 6 source type 1 a_dead 1 hl_dead 1 de_dead 0 iy_dead 1 f_dead 1
   0348 DD 36 FE 00   [19] 1027 	ld	-2 (ix), #0x00
                           1028 ;cases/tinyaes/tinyaes_mode_CTR_keylen_128.c:308: for (j = 0; j < 4; ++j)
                           1029 ;	genLabel
   034C                    1030 00112$:
                           1031 ;	genLeftShift
   034C DD 7E FE      [19] 1032 	ld	a, -2 (ix)
   034F 87            [ 4] 1033 	add	a, a
   0350 87            [ 4] 1034 	add	a, a
                           1035 ;	genPlus
   0351 83            [ 4] 1036 	add	a, e
   0352 DD 77 FB      [19] 1037 	ld	-5 (ix), a
   0355 3E 00         [ 7] 1038 	ld	a, #0x00
   0357 8A            [ 4] 1039 	adc	a, d
   0358 DD 77 FC      [19] 1040 	ld	-4 (ix), a
                           1041 ;	genAssign
                           1042 ;	genMove_o size 1 result type 6 source type 1 a_dead 1 hl_dead 1 de_dead 0 iy_dead 1 f_dead 1
   035B DD 36 FF 00   [19] 1043 	ld	-1 (ix), #0x00
                           1044 ;	genLabel
   035F                    1045 00103$:
                           1046 ;cases/tinyaes/tinyaes_mode_CTR_keylen_128.c:310: (*state)[i][j] ^= RoundKey[(round * Nb * 4) + (i * Nb) + j];
                           1047 ;	genPlus
   035F DD 7E FB      [19] 1048 	ld	a, -5 (ix)
   0362 DD 86 FF      [19] 1049 	add	a, -1 (ix)
   0365 6F            [ 4] 1050 	ld	l, a
   0366 DD 7E FC      [19] 1051 	ld	a, -4 (ix)
   0369 CE 00         [ 7] 1052 	adc	a, #0x00
   036B 67            [ 4] 1053 	ld	h, a
                           1054 ;	genCast
                           1055 ;	genMove_o size 1 result type 2 source type 6 a_dead 1 hl_dead 0 de_dead 0 iy_dead 1 f_dead 1
   036C DD 4E FD      [19] 1056 	ld	c, -3 (ix)
                           1057 ;	genMove_o size 0 result type 2 source type 1 a_dead 1 hl_dead 0 de_dead 0 iy_dead 1 f_dead 1
                           1058 ;	genMove_o size 1 result type 2 source type 1 a_dead 1 hl_dead 0 de_dead 0 iy_dead 0 f_dead 1
   036F 06 00         [ 7] 1059 	ld	b, #0x00
                           1060 ;	genLeftShift
                           1061 ;	genMove_o size 2 result type 2 source type 2 a_dead 1 hl_dead 0 de_dead 0 iy_dead 1 f_dead 1
   0371 C5            [11] 1062 	push	bc
   0372 FD E1         [14] 1063 	pop	iy
                           1064 ;	genMove_o size 0 result type 2 source type 1 a_dead 1 hl_dead 0 de_dead 0 iy_dead 1 f_dead 1
   0374 FD 29         [15] 1065 	add	iy, iy
   0376 FD 29         [15] 1066 	add	iy, iy
   0378 FD 29         [15] 1067 	add	iy, iy
   037A FD 29         [15] 1068 	add	iy, iy
                           1069 ;	genCast
                           1070 ;	genMove_o size 1 result type 2 source type 6 a_dead 1 hl_dead 0 de_dead 0 iy_dead 0 f_dead 1
   037C DD 7E FE      [19] 1071 	ld	a, -2 (ix)
                           1072 ;	genMove_o size 0 result type 2 source type 1 a_dead 1 hl_dead 0 de_dead 0 iy_dead 0 f_dead 1
                           1073 ;	genMove_o size 1 result type 2 source type 1 a_dead 0 hl_dead 0 de_dead 0 iy_dead 0 f_dead 1
   037F 06 00         [ 7] 1074 	ld	b, #0x00
                           1075 ;	genLeftShift
                           1076 ;	genMove_o size 2 result type 2 source type 2 a_dead 1 hl_dead 0 de_dead 0 iy_dead 1 f_dead 1
   0381 87            [ 4] 1077 	add	a, a
   0382 CB 10         [ 8] 1078 	rl	b
   0384 87            [ 4] 1079 	add	a, a
   0385 CB 10         [ 8] 1080 	rl	b
                           1081 ;	genPlus
                           1082 ;	genMove_o size 2 result type 2 source type 2 a_dead 1 hl_dead 0 de_dead 0 iy_dead 1 f_dead 1
                           1083 ;	genMove_o size 2 result type 2 source type 2 a_dead 1 hl_dead 0 de_dead 0 iy_dead 1 f_dead 1
   0387 4F            [ 4] 1084 	ld	c, a
                           1085 ;	genMove_o size 0 result type 2 source type 1 a_dead 1 hl_dead 0 de_dead 0 iy_dead 1 f_dead 1
   0388 FD 09         [15] 1086 	add	iy, bc
                           1087 ;	genCast
                           1088 ;	genMove_o size 1 result type 2 source type 6 a_dead 1 hl_dead 0 de_dead 0 iy_dead 0 f_dead 1
   038A DD 4E FF      [19] 1089 	ld	c, -1 (ix)
                           1090 ;	genMove_o size 0 result type 2 source type 1 a_dead 1 hl_dead 0 de_dead 0 iy_dead 0 f_dead 1
                           1091 ;	genMove_o size 1 result type 2 source type 1 a_dead 1 hl_dead 0 de_dead 0 iy_dead 0 f_dead 1
   038D 06 00         [ 7] 1092 	ld	b, #0x00
                           1093 ;	genPlus
   038F FD E5         [15] 1094 	push	iy
   0391 DD 7E F9      [19] 1095 	ld	a, -7 (ix)
   0394 FD E1         [14] 1096 	pop	iy
   0396 81            [ 4] 1097 	add	a, c
   0397 4F            [ 4] 1098 	ld	c, a
   0398 FD E5         [15] 1099 	push	iy
   039A DD 7E FA      [19] 1100 	ld	a, -6 (ix)
   039D FD E1         [14] 1101 	pop	iy
   039F 88            [ 4] 1102 	adc	a, b
   03A0 47            [ 4] 1103 	ld	b, a
                           1104 ;	genPlus
   03A1 79            [ 4] 1105 	ld	a, c
   03A2 DD 86 04      [19] 1106 	add	a, 4 (ix)
   03A5 4F            [ 4] 1107 	ld	c, a
   03A6 78            [ 4] 1108 	ld	a, b
   03A7 DD 8E 05      [19] 1109 	adc	a, 5 (ix)
   03AA 47            [ 4] 1110 	ld	b, a
                           1111 ;	genPointerGet
   03AB 0A            [ 7] 1112 	ld	a, (bc)
                           1113 ;	genMove_o size 1 result type 2 source type 2 a_dead 1 hl_dead 0 de_dead 0 iy_dead 1 f_dead 1
                           1114 ;	genPointerGet
   03AC 4E            [ 7] 1115 	ld	c, (hl)
                           1116 ;	genXor
   03AD A9            [ 4] 1117 	xor	a, c
                           1118 ;	genMove_o size 1 result type 2 source type 2 a_dead 1 hl_dead 0 de_dead 0 iy_dead 1 f_dead 1
                           1119 ;	genPointerSet
   03AE 77            [ 7] 1120 	ld	(hl), a
                           1121 ;cases/tinyaes/tinyaes_mode_CTR_keylen_128.c:308: for (j = 0; j < 4; ++j)
                           1122 ;	genPlus
   03AF DD 34 FF      [23] 1123 	inc	-1 (ix)
                           1124 ;	genCmpLt
   03B2 DD 7E FF      [19] 1125 	ld	a, -1 (ix)
   03B5 D6 04         [ 7] 1126 	sub	a, #0x04
                           1127 ; common peephole 163 changed absolute to relative conditional jump.
   03B7 38 A6         [12] 1128 	jr	c, 00103$
                           1129 ;	skipping generated iCode
                           1130 ;cases/tinyaes/tinyaes_mode_CTR_keylen_128.c:306: for (i = 0; i < 4; ++i)
                           1131 ;	genPlus
   03B9 DD 34 FE      [23] 1132 	inc	-2 (ix)
                           1133 ;	genCmpLt
   03BC DD 7E FE      [19] 1134 	ld	a, -2 (ix)
   03BF D6 04         [ 7] 1135 	sub	a, #0x04
                           1136 ; common peephole 163 changed absolute to relative conditional jump.
   03C1 38 89         [12] 1137 	jr	c, 00112$
                           1138 ;	skipping generated iCode
                           1139 ;	genLabel
                           1140 ; common peephole 159 removed unused label 00107$.
                           1141 ;cases/tinyaes/tinyaes_mode_CTR_keylen_128.c:313: }
                           1142 ;	genEndFunction
   03C3 DD F9         [10] 1143 	ld	sp, ix
   03C5 DD E1         [14] 1144 	pop	ix
   03C7 E1            [10] 1145 	pop	hl
                           1146 ;	adjustStack by 2
   03C8 F1            [10] 1147 	pop	af
   03C9 E9            [ 4] 1148 	jp	(hl)
                           1149 ;	Total AddRoundKey function size at codegen: 7 bytes.
                           1150 ;cases/tinyaes/tinyaes_mode_CTR_keylen_128.c:317: static void SubBytes(state_t* state)
                           1151 ;	genLabel
                           1152 ;	genFunction
                           1153 ;	---------------------------------
                           1154 ; Function SubBytes
                           1155 ; ---------------------------------
                           1156 ;	Register assignment might be sub-optimal.
                           1157 ; Stack space usage: 2 bytes.
   03CA                    1158 _SubBytes:
   03CA DD E5         [15] 1159 	push	ix
   03CC DD 21 00 00   [14] 1160 	ld	ix,	#0
   03D0 DD 39         [15] 1161 	add	ix, sp
                           1162 ;	adjustStack by -2
   03D2 F5            [11] 1163 	push	af
                           1164 ;	genReceive
                           1165 ;	genMove_o size 2 result type 2 source type 2 a_dead 1 hl_dead 1 de_dead 1 iy_dead 1 f_dead 1
   03D3 EB            [ 4] 1166 	ex	de, hl
                           1167 ;	genMove_o size 0 result type 2 source type 1 a_dead 1 hl_dead 1 de_dead 1 iy_dead 1 f_dead 1
                           1168 ;cases/tinyaes/tinyaes_mode_CTR_keylen_128.c:320: for (i = 0; i < 4; ++i)
                           1169 ;	skipping iCode since result will be rematerialized
                           1170 ;	genAssign
                           1171 ;	genMove_o size 1 result type 2 source type 1 a_dead 1 hl_dead 1 de_dead 0 iy_dead 1 f_dead 1
   03D4 0E 00         [ 7] 1172 	ld	c, #0x00
                           1173 ;cases/tinyaes/tinyaes_mode_CTR_keylen_128.c:322: for (j = 0; j < 4; ++j)
                           1174 ;	genLabel
   03D6                    1175 00112$:
                           1176 ;	genAssign
                           1177 ;	genMove_o size 1 result type 2 source type 1 a_dead 1 hl_dead 1 de_dead 0 iy_dead 1 f_dead 1
   03D6 06 00         [ 7] 1178 	ld	b, #0x00
                           1179 ;	genLabel
   03D8                    1180 00103$:
                           1181 ;cases/tinyaes/tinyaes_mode_CTR_keylen_128.c:324: (*state)[j][i] = getSBoxValue((*state)[j][i]);
                           1182 ;	genLeftShift
   03D8 78            [ 4] 1183 	ld	a, b
   03D9 87            [ 4] 1184 	add	a, a
   03DA 87            [ 4] 1185 	add	a, a
                           1186 ;	genPlus
                           1187 ;	genMove_o size 2 result type 2 source type 2 a_dead 1 hl_dead 1 de_dead 0 iy_dead 1 f_dead 1
   03DB 6F            [ 4] 1188 	ld	l, a
                           1189 ;	genMove_o size 1 result type 2 source type 1 a_dead 1 hl_dead 0 de_dead 0 iy_dead 1 f_dead 1
   03DC 26 00         [ 7] 1190 	ld	h, #0x00
   03DE 19            [11] 1191 	add	hl, de
                           1192 ;	genPlus
   03DF 7D            [ 4] 1193 	ld	a, l
   03E0 81            [ 4] 1194 	add	a, c
   03E1 DD 77 FE      [19] 1195 	ld	-2 (ix), a
   03E4 7C            [ 4] 1196 	ld	a, h
   03E5 CE 00         [ 7] 1197 	adc	a, #0x00
   03E7 DD 77 FF      [19] 1198 	ld	-1 (ix), a
                           1199 ;	genPointerGet
                           1200 ;fetchPairLong
   03EA E1            [10] 1201 	pop	hl
   03EB E5            [11] 1202 	push	hl
                           1203 ;	_moveFrom_tpair_()
   03EC 7E            [ 7] 1204 	ld	a, (hl)
                           1205 ;	genPlus
   03ED C6rFD         [ 7] 1206 	add	a, #<(_sbox)
   03EF 6F            [ 4] 1207 	ld	l, a
   03F0 3E 00         [ 7] 1208 	ld	a, #0x00
   03F2 CEs01         [ 7] 1209 	adc	a, #>(_sbox)
                           1210 ;	genPointerGet
                           1211 ;fetchPairLong
   03F4 67            [ 4] 1212 	ld	h, a
                           1213 ;	_moveFrom_tpair_()
   03F5 7E            [ 7] 1214 	ld	a, (hl)
                           1215 ;	genPointerSet
                           1216 ;	genMove_o size 2 result type 2 source type 6 a_dead 0 hl_dead 1 de_dead 0 iy_dead 1 f_dead 1
   03F6 E1            [10] 1217 	pop	hl
   03F7 E5            [11] 1218 	push	hl
                           1219 ;	genMove_o size 0 result type 2 source type 1 a_dead 0 hl_dead 1 de_dead 0 iy_dead 1 f_dead 1
   03F8 77            [ 7] 1220 	ld	(hl), a
                           1221 ;cases/tinyaes/tinyaes_mode_CTR_keylen_128.c:322: for (j = 0; j < 4; ++j)
                           1222 ;	genPlus
   03F9 04            [ 4] 1223 	inc	b
                           1224 ;	genCmpLt
   03FA 78            [ 4] 1225 	ld	a, b
   03FB D6 04         [ 7] 1226 	sub	a, #0x04
                           1227 ; common peephole 163 changed absolute to relative conditional jump.
   03FD 38 D9         [12] 1228 	jr	c, 00103$
                           1229 ;	skipping generated iCode
                           1230 ;cases/tinyaes/tinyaes_mode_CTR_keylen_128.c:320: for (i = 0; i < 4; ++i)
                           1231 ;	genPlus
   03FF 0C            [ 4] 1232 	inc	c
                           1233 ;	genCmpLt
   0400 79            [ 4] 1234 	ld	a, c
   0401 D6 04         [ 7] 1235 	sub	a, #0x04
                           1236 ; common peephole 163 changed absolute to relative conditional jump.
   0403 38 D1         [12] 1237 	jr	c, 00112$
                           1238 ;	skipping generated iCode
                           1239 ;	genLabel
                           1240 ; common peephole 159 removed unused label 00107$.
                           1241 ;cases/tinyaes/tinyaes_mode_CTR_keylen_128.c:327: }
                           1242 ;	genEndFunction
   0405 DD F9         [10] 1243 	ld	sp, ix
   0407 DD E1         [14] 1244 	pop	ix
   0409 C9            [10] 1245 	ret
                           1246 ;	Total SubBytes function size at codegen: 5 bytes.
                           1247 ;cases/tinyaes/tinyaes_mode_CTR_keylen_128.c:332: static void ShiftRows(state_t* state)
                           1248 ;	genLabel
                           1249 ;	genFunction
                           1250 ;	---------------------------------
                           1251 ; Function ShiftRows
                           1252 ; ---------------------------------
                           1253 ;	Register assignment might be sub-optimal.
                           1254 ; Stack space usage: 1 bytes.
   040A                    1255 _ShiftRows:
   040A DD E5         [15] 1256 	push	ix
   040C DD 21 00 00   [14] 1257 	ld	ix,	#0
   0410 DD 39         [15] 1258 	add	ix, sp
                           1259 ;	adjustStack by -1
   0412 3B            [ 6] 1260 	dec	sp
                           1261 ;	genReceive
                           1262 ;	genMove_o size 2 result type 2 source type 2 a_dead 1 hl_dead 1 de_dead 1 iy_dead 1 f_dead 1
   0413 EB            [ 4] 1263 	ex	de, hl
                           1264 ;	genMove_o size 0 result type 2 source type 1 a_dead 1 hl_dead 1 de_dead 1 iy_dead 1 f_dead 1
                           1265 ;cases/tinyaes/tinyaes_mode_CTR_keylen_128.c:337: temp           = (*state)[0][1];
                           1266 ;	genPlus
                           1267 ;	genMove_o size 2 result type 2 source type 2 a_dead 1 hl_dead 1 de_dead 0 iy_dead 1 f_dead 1
   0414 4B            [ 4] 1268 	ld	c, e
   0415 42            [ 4] 1269 	ld	b, d
                           1270 ;	genMove_o size 0 result type 2 source type 1 a_dead 1 hl_dead 1 de_dead 0 iy_dead 1 f_dead 1
   0416 03            [ 6] 1271 	inc	bc
                           1272 ;	genPointerGet
   0417 0A            [ 7] 1273 	ld	a, (bc)
                           1274 ;	genMove_o size 1 result type 6 source type 2 a_dead 1 hl_dead 1 de_dead 0 iy_dead 1 f_dead 1
   0418 DD 77 FF      [19] 1275 	ld	-1 (ix), a
                           1276 ;	genMove_o size 0 result type 6 source type 1 a_dead 1 hl_dead 1 de_dead 0 iy_dead 1 f_dead 1
                           1277 ;cases/tinyaes/tinyaes_mode_CTR_keylen_128.c:338: (*state)[0][1] = (*state)[1][1];
                           1278 ;	genPlus
                           1279 ;fetchPairLong
   041B 21 05 00      [10] 1280 	ld	hl, #0x0005
   041E 19            [11] 1281 	add	hl, de
                           1282 ;	genPointerGet
   041F 7E            [ 7] 1283 	ld	a, (hl)
                           1284 ;	genPointerSet
                           1285 ;	genMove_o size 1 result type 2 source type 2 a_dead 1 hl_dead 0 de_dead 0 iy_dead 1 f_dead 1
   0420 02            [ 7] 1286 	ld	(bc), a
                           1287 ;cases/tinyaes/tinyaes_mode_CTR_keylen_128.c:339: (*state)[1][1] = (*state)[2][1];
                           1288 ;	genPlus
   0421 7B            [ 4] 1289 	ld	a, e
   0422 C6 09         [ 7] 1290 	add	a, #0x09
   0424 4F            [ 4] 1291 	ld	c, a
   0425 7A            [ 4] 1292 	ld	a, d
   0426 CE 00         [ 7] 1293 	adc	a, #0x00
   0428 47            [ 4] 1294 	ld	b, a
                           1295 ;	genPointerGet
   0429 0A            [ 7] 1296 	ld	a, (bc)
                           1297 ;	genMove_o size 1 result type 2 source type 2 a_dead 1 hl_dead 0 de_dead 0 iy_dead 1 f_dead 1
                           1298 ;	genPointerSet
   042A 77            [ 7] 1299 	ld	(hl), a
                           1300 ;cases/tinyaes/tinyaes_mode_CTR_keylen_128.c:340: (*state)[2][1] = (*state)[3][1];
                           1301 ;	genPlus
                           1302 ;fetchPairLong
   042B 21 0D 00      [10] 1303 	ld	hl, #0x000d
   042E 19            [11] 1304 	add	hl, de
                           1305 ;	genPointerGet
   042F 7E            [ 7] 1306 	ld	a, (hl)
                           1307 ;	genPointerSet
                           1308 ;	genMove_o size 1 result type 2 source type 2 a_dead 1 hl_dead 0 de_dead 0 iy_dead 1 f_dead 1
   0430 02            [ 7] 1309 	ld	(bc), a
                           1310 ;cases/tinyaes/tinyaes_mode_CTR_keylen_128.c:341: (*state)[3][1] = temp;
                           1311 ;	genPointerSet
                           1312 ;	genMove_o size 1 result type 2 source type 6 a_dead 1 hl_dead 0 de_dead 0 iy_dead 1 f_dead 1
   0431 DD 7E FF      [19] 1313 	ld	a, -1 (ix)
                           1314 ;	genMove_o size 0 result type 2 source type 1 a_dead 1 hl_dead 0 de_dead 0 iy_dead 1 f_dead 1
   0434 77            [ 7] 1315 	ld	(hl), a
                           1316 ;cases/tinyaes/tinyaes_mode_CTR_keylen_128.c:344: temp           = (*state)[0][2];
                           1317 ;	genPlus
                           1318 ;	genMove_o size 2 result type 2 source type 2 a_dead 1 hl_dead 1 de_dead 0 iy_dead 1 f_dead 1
   0435 4B            [ 4] 1319 	ld	c, e
   0436 42            [ 4] 1320 	ld	b, d
                           1321 ;	genMove_o size 0 result type 2 source type 1 a_dead 1 hl_dead 1 de_dead 0 iy_dead 1 f_dead 1
   0437 03            [ 6] 1322 	inc	bc
   0438 03            [ 6] 1323 	inc	bc
                           1324 ;	genPointerGet
   0439 0A            [ 7] 1325 	ld	a, (bc)
                           1326 ;	genMove_o size 1 result type 6 source type 2 a_dead 1 hl_dead 1 de_dead 0 iy_dead 1 f_dead 1
   043A DD 77 FF      [19] 1327 	ld	-1 (ix), a
                           1328 ;	genMove_o size 0 result type 6 source type 1 a_dead 1 hl_dead 1 de_dead 0 iy_dead 1 f_dead 1
                           1329 ;cases/tinyaes/tinyaes_mode_CTR_keylen_128.c:345: (*state)[0][2] = (*state)[2][2];
                           1330 ;	genPlus
                           1331 ;fetchPairLong
   043D 21 0A 00      [10] 1332 	ld	hl, #0x000a
   0440 19            [11] 1333 	add	hl, de
                           1334 ;	genPointerGet
   0441 7E            [ 7] 1335 	ld	a, (hl)
                           1336 ;	genPointerSet
                           1337 ;	genMove_o size 1 result type 2 source type 2 a_dead 1 hl_dead 0 de_dead 0 iy_dead 1 f_dead 1
   0442 02            [ 7] 1338 	ld	(bc), a
                           1339 ;cases/tinyaes/tinyaes_mode_CTR_keylen_128.c:346: (*state)[2][2] = temp;
                           1340 ;	genPointerSet
                           1341 ;	genMove_o size 1 result type 2 source type 6 a_dead 1 hl_dead 0 de_dead 0 iy_dead 1 f_dead 1
   0443 DD 7E FF      [19] 1342 	ld	a, -1 (ix)
                           1343 ;	genMove_o size 0 result type 2 source type 1 a_dead 1 hl_dead 0 de_dead 0 iy_dead 1 f_dead 1
   0446 77            [ 7] 1344 	ld	(hl), a
                           1345 ;cases/tinyaes/tinyaes_mode_CTR_keylen_128.c:348: temp           = (*state)[1][2];
                           1346 ;	genPlus
                           1347 ;	genMove_o size 2 result type 2 source type 1 a_dead 1 hl_dead 1 de_dead 0 iy_dead 1 f_dead 1
   0447 21 06 00      [10] 1348 	ld	hl, #0x0006
   044A 19            [11] 1349 	add	hl, de
                           1350 ;	genMove_o size 2 result type 2 source type 2 a_dead 1 hl_dead 1 de_dead 0 iy_dead 1 f_dead 1
   044B 4D            [ 4] 1351 	ld	c, l
   044C 44            [ 4] 1352 	ld	b, h
                           1353 ;	genMove_o size 0 result type 2 source type 1 a_dead 1 hl_dead 1 de_dead 0 iy_dead 1 f_dead 1
                           1354 ;	genPointerGet
   044D 0A            [ 7] 1355 	ld	a, (bc)
                           1356 ;	genMove_o size 1 result type 6 source type 2 a_dead 1 hl_dead 1 de_dead 0 iy_dead 1 f_dead 1
   044E DD 77 FF      [19] 1357 	ld	-1 (ix), a
                           1358 ;	genMove_o size 0 result type 6 source type 1 a_dead 1 hl_dead 1 de_dead 0 iy_dead 1 f_dead 1
                           1359 ;cases/tinyaes/tinyaes_mode_CTR_keylen_128.c:349: (*state)[1][2] = (*state)[3][2];
                           1360 ;	genPlus
                           1361 ;fetchPairLong
   0451 21 0E 00      [10] 1362 	ld	hl, #0x000e
   0454 19            [11] 1363 	add	hl, de
                           1364 ;	genPointerGet
   0455 7E            [ 7] 1365 	ld	a, (hl)
                           1366 ;	genPointerSet
                           1367 ;	genMove_o size 1 result type 2 source type 2 a_dead 1 hl_dead 0 de_dead 0 iy_dead 1 f_dead 1
   0456 02            [ 7] 1368 	ld	(bc), a
                           1369 ;cases/tinyaes/tinyaes_mode_CTR_keylen_128.c:350: (*state)[3][2] = temp;
                           1370 ;	genPointerSet
                           1371 ;	genMove_o size 1 result type 2 source type 6 a_dead 1 hl_dead 0 de_dead 0 iy_dead 1 f_dead 1
   0457 DD 7E FF      [19] 1372 	ld	a, -1 (ix)
                           1373 ;	genMove_o size 0 result type 2 source type 1 a_dead 1 hl_dead 0 de_dead 0 iy_dead 1 f_dead 1
   045A 77            [ 7] 1374 	ld	(hl), a
                           1375 ;cases/tinyaes/tinyaes_mode_CTR_keylen_128.c:353: temp           = (*state)[0][3];
                           1376 ;	genPlus
                           1377 ;	genMove_o size 2 result type 2 source type 2 a_dead 1 hl_dead 1 de_dead 0 iy_dead 1 f_dead 1
   045B 4B            [ 4] 1378 	ld	c, e
   045C 42            [ 4] 1379 	ld	b, d
                           1380 ;	genMove_o size 0 result type 2 source type 1 a_dead 1 hl_dead 1 de_dead 0 iy_dead 1 f_dead 1
   045D 03            [ 6] 1381 	inc	bc
   045E 03            [ 6] 1382 	inc	bc
   045F 03            [ 6] 1383 	inc	bc
                           1384 ;	genPointerGet
   0460 0A            [ 7] 1385 	ld	a, (bc)
                           1386 ;	genMove_o size 1 result type 6 source type 2 a_dead 1 hl_dead 1 de_dead 0 iy_dead 1 f_dead 1
   0461 DD 77 FF      [19] 1387 	ld	-1 (ix), a
                           1388 ;	genMove_o size 0 result type 6 source type 1 a_dead 1 hl_dead 1 de_dead 0 iy_dead 1 f_dead 1
                           1389 ;cases/tinyaes/tinyaes_mode_CTR_keylen_128.c:354: (*state)[0][3] = (*state)[3][3];
                           1390 ;	genPlus
                           1391 ;fetchPairLong
   0464 21 0F 00      [10] 1392 	ld	hl, #0x000f
   0467 19            [11] 1393 	add	hl, de
                           1394 ;	genPointerGet
   0468 7E            [ 7] 1395 	ld	a, (hl)
                           1396 ;	genPointerSet
                           1397 ;	genMove_o size 1 result type 2 source type 2 a_dead 1 hl_dead 0 de_dead 0 iy_dead 1 f_dead 1
   0469 02            [ 7] 1398 	ld	(bc), a
                           1399 ;cases/tinyaes/tinyaes_mode_CTR_keylen_128.c:355: (*state)[3][3] = (*state)[2][3];
                           1400 ;	genPlus
   046A 7B            [ 4] 1401 	ld	a, e
   046B C6 0B         [ 7] 1402 	add	a, #0x0b
   046D 4F            [ 4] 1403 	ld	c, a
   046E 7A            [ 4] 1404 	ld	a, d
   046F CE 00         [ 7] 1405 	adc	a, #0x00
   0471 47            [ 4] 1406 	ld	b, a
                           1407 ;	genPointerGet
   0472 0A            [ 7] 1408 	ld	a, (bc)
                           1409 ;	genMove_o size 1 result type 2 source type 2 a_dead 1 hl_dead 0 de_dead 0 iy_dead 1 f_dead 1
                           1410 ;	genPointerSet
   0473 77            [ 7] 1411 	ld	(hl), a
                           1412 ;cases/tinyaes/tinyaes_mode_CTR_keylen_128.c:356: (*state)[2][3] = (*state)[1][3];
                           1413 ;	genPlus
                           1414 ;fetchPairLong
   0474 21 07 00      [10] 1415 	ld	hl, #0x0007
   0477 19            [11] 1416 	add	hl, de
                           1417 ;	genPointerGet
   0478 7E            [ 7] 1418 	ld	a, (hl)
                           1419 ;	genPointerSet
                           1420 ;	genMove_o size 1 result type 2 source type 2 a_dead 1 hl_dead 0 de_dead 0 iy_dead 1 f_dead 1
   0479 02            [ 7] 1421 	ld	(bc), a
                           1422 ;cases/tinyaes/tinyaes_mode_CTR_keylen_128.c:357: (*state)[1][3] = temp;
                           1423 ;	genPointerSet
                           1424 ;	genMove_o size 1 result type 2 source type 6 a_dead 1 hl_dead 0 de_dead 0 iy_dead 1 f_dead 1
   047A DD 7E FF      [19] 1425 	ld	a, -1 (ix)
                           1426 ;	genMove_o size 0 result type 2 source type 1 a_dead 1 hl_dead 0 de_dead 0 iy_dead 1 f_dead 1
   047D 77            [ 7] 1427 	ld	(hl), a
                           1428 ;	genLabel
                           1429 ; common peephole 159 removed unused label 00101$.
                           1430 ;cases/tinyaes/tinyaes_mode_CTR_keylen_128.c:358: }
                           1431 ;	genEndFunction
                           1432 ;	adjustStack by 1
   047E 33            [ 6] 1433 	inc	sp
   047F DD E1         [14] 1434 	pop	ix
   0481 C9            [10] 1435 	ret
                           1436 ;	Total ShiftRows function size at codegen: 4 bytes.
                           1437 ;cases/tinyaes/tinyaes_mode_CTR_keylen_128.c:360: static uint8_t xtime(uint8_t x)
                           1438 ;	genLabel
                           1439 ;	genFunction
                           1440 ;	---------------------------------
                           1441 ; Function xtime
                           1442 ; ---------------------------------
                           1443 ;	Register assignment might be sub-optimal.
                           1444 ; Stack space usage: 0 bytes.
   0482                    1445 _xtime:
                           1446 ;	genReceive
                           1447 ;	genMove_o size 1 result type 2 source type 2 a_dead 1 hl_dead 1 de_dead 1 iy_dead 1 f_dead 1
                           1448 ;cases/tinyaes/tinyaes_mode_CTR_keylen_128.c:362: return ((x<<1) ^ (((x>>7) & 1) * 0x1b));
                           1449 ;	genLeftShift
   0482 4F            [ 4] 1450 	ld	c, a
   0483 CB 21         [ 8] 1451 	sla	c
                           1452 ;	genGetAbit
   0485 07            [ 4] 1453 	rlca
   0486 E6 01         [ 7] 1454 	and	a, #0x01
                           1455 ;	genMove_o size 0 result type 2 source type 1 a_dead 1 hl_dead 0 de_dead 0 iy_dead 1 f_dead 1
                           1456 ;	genMult
   0488 5F            [ 4] 1457 	ld	e, a
   0489 87            [ 4] 1458 	add	a, a
   048A 87            [ 4] 1459 	add	a, a
   048B 87            [ 4] 1460 	add	a, a
   048C 93            [ 4] 1461 	sub	a, e
   048D 87            [ 4] 1462 	add	a, a
   048E 87            [ 4] 1463 	add	a, a
   048F 93            [ 4] 1464 	sub	a, e
                           1465 ;	genMove_o size 1 result type 2 source type 2 a_dead 1 hl_dead 1 de_dead 1 iy_dead 1 f_dead 1
                           1466 ;	genXor
   0490 A9            [ 4] 1467 	xor	a, c
                           1468 ;	genMove_o size 1 result type 2 source type 2 a_dead 1 hl_dead 1 de_dead 1 iy_dead 1 f_dead 1
                           1469 ;	genRet
                           1470 ;	genMove_o size 1 result type 2 source type 2 a_dead 1 hl_dead 1 de_dead 1 iy_dead 1 f_dead 1
                           1471 ;	genLabel
                           1472 ; common peephole 159 removed unused label 00101$.
                           1473 ;cases/tinyaes/tinyaes_mode_CTR_keylen_128.c:363: }
                           1474 ;	genEndFunction
   0491 C9            [10] 1475 	ret
                           1476 ;	Total xtime function size at codegen: 1 bytes.
                           1477 ;cases/tinyaes/tinyaes_mode_CTR_keylen_128.c:366: static void MixColumns(state_t* state)
                           1478 ;	genLabel
                           1479 ;	genFunction
                           1480 ;	---------------------------------
                           1481 ; Function MixColumns
                           1482 ; ---------------------------------
                           1483 ;	Register assignment might be sub-optimal.
                           1484 ; Stack space usage: 12 bytes.
   0492                    1485 _MixColumns:
   0492 DD E5         [15] 1486 	push	ix
   0494 DD 21 00 00   [14] 1487 	ld	ix,	#0
   0498 DD 39         [15] 1488 	add	ix, sp
                           1489 ;	adjustStack by -12
   049A FD 21 F4 FF   [14] 1490 	ld	iy, #-12
   049E FD 39         [15] 1491 	add	iy, sp
   04A0 FD F9         [10] 1492 	ld	sp, iy
                           1493 ;	genReceive
                           1494 ;	genMove_o size 2 result type 6 source type 2 a_dead 1 hl_dead 1 de_dead 1 iy_dead 1 f_dead 1
   04A2 DD 75 FD      [19] 1495 	ld	-3 (ix), l
   04A5 DD 74 FE      [19] 1496 	ld	-2 (ix), h
                           1497 ;	genMove_o size 0 result type 6 source type 1 a_dead 1 hl_dead 1 de_dead 1 iy_dead 1 f_dead 1
                           1498 ;cases/tinyaes/tinyaes_mode_CTR_keylen_128.c:370: for (i = 0; i < 4; ++i)
                           1499 ;	genAssign
                           1500 ;	genMove_o size 1 result type 6 source type 1 a_dead 1 hl_dead 1 de_dead 1 iy_dead 1 f_dead 1
   04A8 DD 36 FF 00   [19] 1501 	ld	-1 (ix), #0x00
                           1502 ;	genLabel
   04AC                    1503 00102$:
                           1504 ;cases/tinyaes/tinyaes_mode_CTR_keylen_128.c:372: t   = (*state)[i][0];
                           1505 ;	genLeftShift
   04AC DD 7E FF      [19] 1506 	ld	a, -1 (ix)
   04AF 87            [ 4] 1507 	add	a, a
   04B0 87            [ 4] 1508 	add	a, a
   04B1 DD 77 FC      [19] 1509 	ld	-4 (ix), a
                           1510 ;	genPlus
                           1511 ;	genMove_o size 2 result type 2 source type 6 a_dead 0 hl_dead 1 de_dead 0 iy_dead 0 f_dead 1
   04B4 DD 5E FD      [19] 1512 	ld	e, -3 (ix)
   04B7 DD 56 FE      [19] 1513 	ld	d, -2 (ix)
                           1514 ;	genMove_o size 0 result type 2 source type 1 a_dead 0 hl_dead 1 de_dead 1 iy_dead 0 f_dead 1
                           1515 ;	genMove_o size 2 result type 2 source type 6 a_dead 1 hl_dead 1 de_dead 0 iy_dead 0 f_dead 1
   04BA DD 6E FC      [19] 1516 	ld	l, -4 (ix)
                           1517 ;	genMove_o size 1 result type 2 source type 1 a_dead 1 hl_dead 0 de_dead 0 iy_dead 0 f_dead 1
   04BD 26 00         [ 7] 1518 	ld	h, #0x00
   04BF 19            [11] 1519 	add	hl, de
                           1520 ;	genMove_o size 2 result type 6 source type 2 a_dead 1 hl_dead 1 de_dead 0 iy_dead 0 f_dead 0
   04C0 E3            [19] 1521 	ex	(sp), hl
                           1522 ;	genMove_o size 0 result type 6 source type 1 a_dead 1 hl_dead 1 de_dead 0 iy_dead 0 f_dead 0
                           1523 ;	genCast
                           1524 ;	genMove_o size 2 result type 6 source type 6 a_dead 1 hl_dead 1 de_dead 1 iy_dead 1 f_dead 1
   04C1 DD 7E F4      [19] 1525 	ld	a, -12 (ix)
   04C4 DD 77 F6      [19] 1526 	ld	-10 (ix), a
   04C7 DD 7E F5      [19] 1527 	ld	a, -11 (ix)
   04CA DD 77 F7      [19] 1528 	ld	-9 (ix), a
                           1529 ;	genMove_o size 0 result type 6 source type 1 a_dead 1 hl_dead 1 de_dead 1 iy_dead 1 f_dead 1
                           1530 ;	genPointerGet
                           1531 ;fetchPairLong
   04CD C1            [10] 1532 	pop	bc
   04CE E1            [10] 1533 	pop	hl
   04CF E5            [11] 1534 	push	hl
   04D0 C5            [11] 1535 	push	bc
                           1536 ;	_moveFrom_tpair_()
   04D1 7E            [ 7] 1537 	ld	a, (hl)
                           1538 ;	genAssign
                           1539 ;	genMove_o size 1 result type 6 source type 6 a_dead 1 hl_dead 1 de_dead 1 iy_dead 1 f_dead 1
                           1540 ; common peephole 33 loaded a from a instead of going through -8 (ix).
   04D2 DD 77 F8      [19] 1541 	ld	-8 (ix), a
                           1542 ; common peephole 0a removed redundant load from a into a.
   04D5 DD 77 F9      [19] 1543 	ld	-7 (ix), a
                           1544 ;	genMove_o size 0 result type 6 source type 1 a_dead 1 hl_dead 1 de_dead 1 iy_dead 1 f_dead 1
                           1545 ;cases/tinyaes/tinyaes_mode_CTR_keylen_128.c:373: Tmp = (*state)[i][0] ^ (*state)[i][1] ^ (*state)[i][2] ^ (*state)[i][3] ;
                           1546 ;	genPlus
                           1547 ;	genMove_o size 2 result type 2 source type 6 a_dead 1 hl_dead 1 de_dead 0 iy_dead 0 f_dead 0
   04D8 E1            [10] 1548 	pop	hl
   04D9 E5            [11] 1549 	push	hl
                           1550 ;	genMove_o size 0 result type 2 source type 1 a_dead 1 hl_dead 1 de_dead 0 iy_dead 0 f_dead 0
   04DA 23            [ 6] 1551 	inc	hl
                           1552 ;	genMove_o size 2 result type 6 source type 2 a_dead 1 hl_dead 1 de_dead 0 iy_dead 0 f_dead 0
                           1553 ;	genMove_o size 0 result type 6 source type 1 a_dead 1 hl_dead 1 de_dead 0 iy_dead 0 f_dead 0
                           1554 ;	genPointerGet
                           1555 ;fetchPairLong
   04DB DD 75 FA      [19] 1556 	ld	-6 (ix), l
   04DE DD 74 FB      [19] 1557 	ld	-5 (ix), h
                           1558 ; common peephole 11 loaded lh from lh directly instead of going through -6 (ix) -5 (ix).
                           1559 ; common peephole 0a removed redundant load from l into l.
                           1560 ; common peephole 0a removed redundant load from h into h.
                           1561 ;	_moveFrom_tpair_()
   04E1 7E            [ 7] 1562 	ld	a, (hl)
                           1563 ;	genXor
   04E2 DD AE F8      [19] 1564 	xor	a, -8 (ix)
                           1565 ;	genMove_o size 1 result type 2 source type 2 a_dead 1 hl_dead 1 de_dead 1 iy_dead 1 f_dead 1
   04E5 6F            [ 4] 1566 	ld	l, a
                           1567 ;	genMove_o size 0 result type 2 source type 1 a_dead 1 hl_dead 1 de_dead 1 iy_dead 1 f_dead 1
                           1568 ;	genPlus
                           1569 ;	genMove_o size 2 result type 2 source type 6 a_dead 1 hl_dead 0 de_dead 1 iy_dead 1 f_dead 1
   04E6 D1            [10] 1570 	pop	de
   04E7 D5            [11] 1571 	push	de
                           1572 ;	genMove_o size 0 result type 2 source type 1 a_dead 1 hl_dead 0 de_dead 1 iy_dead 1 f_dead 1
   04E8 13            [ 6] 1573 	inc	de
   04E9 13            [ 6] 1574 	inc	de
                           1575 ;	genPointerGet
   04EA 1A            [ 7] 1576 	ld	a, (de)
                           1577 ;	genMove_o size 1 result type 2 source type 2 a_dead 1 hl_dead 0 de_dead 0 iy_dead 1 f_dead 1
                           1578 ;	genXor
   04EB AD            [ 4] 1579 	xor	a, l
                           1580 ;	genMove_o size 1 result type 2 source type 2 a_dead 1 hl_dead 0 de_dead 0 iy_dead 1 f_dead 1
   04EC 67            [ 4] 1581 	ld	h, a
                           1582 ;	genMove_o size 0 result type 2 source type 1 a_dead 1 hl_dead 0 de_dead 0 iy_dead 1 f_dead 1
                           1583 ;	genPlus
                           1584 ;	genMove_o size 2 result type 2 source type 6 a_dead 1 hl_dead 0 de_dead 0 iy_dead 1 f_dead 1
   04ED C1            [10] 1585 	pop	bc
   04EE C5            [11] 1586 	push	bc
                           1587 ;	genMove_o size 0 result type 2 source type 1 a_dead 1 hl_dead 0 de_dead 0 iy_dead 1 f_dead 1
   04EF 03            [ 6] 1588 	inc	bc
   04F0 03            [ 6] 1589 	inc	bc
   04F1 03            [ 6] 1590 	inc	bc
                           1591 ;	genPointerGet
   04F2 0A            [ 7] 1592 	ld	a, (bc)
                           1593 ;	genMove_o size 1 result type 2 source type 2 a_dead 1 hl_dead 0 de_dead 0 iy_dead 1 f_dead 1
                           1594 ;	genXor
   04F3 AC            [ 4] 1595 	xor	a, h
                           1596 ;	genMove_o size 1 result type 6 source type 2 a_dead 1 hl_dead 0 de_dead 0 iy_dead 1 f_dead 1
   04F4 DD 77 FC      [19] 1597 	ld	-4 (ix), a
                           1598 ;	genMove_o size 0 result type 6 source type 1 a_dead 1 hl_dead 0 de_dead 0 iy_dead 1 f_dead 1
                           1599 ;cases/tinyaes/tinyaes_mode_CTR_keylen_128.c:374: Tm  = (*state)[i][0] ^ (*state)[i][1] ; Tm = xtime(Tm);  (*state)[i][0] ^= Tm ^ Tmp ;
                           1600 ;	genAssign
                           1601 ;	genMove_o size 1 result type 2 source type 2 a_dead 1 hl_dead 1 de_dead 0 iy_dead 1 f_dead 1
   04F7 7D            [ 4] 1602 	ld	a, l
                           1603 ;	genMove_o size 0 result type 2 source type 1 a_dead 1 hl_dead 1 de_dead 0 iy_dead 1 f_dead 1
                           1604 ;	genSend
   04F8 C5            [11] 1605 	push	bc
   04F9 D5            [11] 1606 	push	de
                           1607 ;	genMove_o size 1 result type 2 source type 2 a_dead 1 hl_dead 1 de_dead 0 iy_dead 1 f_dead 1
                           1608 ;	genCall
   04FA CDr82s04      [17] 1609 	call	_xtime
                           1610 ;	genMove_o size 1 result type 2 source type 2 a_dead 1 hl_dead 1 de_dead 1 iy_dead 1 f_dead 1
   04FD D1            [10] 1611 	pop	de
   04FE C1            [10] 1612 	pop	bc
                           1613 ;	genXor
   04FF DD AE FC      [19] 1614 	xor	a, -4 (ix)
                           1615 ;	genMove_o size 1 result type 2 source type 2 a_dead 1 hl_dead 1 de_dead 0 iy_dead 1 f_dead 1
                           1616 ;	genXor
   0502 DD AE F8      [19] 1617 	xor	a, -8 (ix)
                           1618 ;	genMove_o size 1 result type 2 source type 2 a_dead 1 hl_dead 1 de_dead 0 iy_dead 1 f_dead 1
                           1619 ;	genPointerSet
                           1620 ;	genMove_o size 2 result type 2 source type 6 a_dead 0 hl_dead 1 de_dead 0 iy_dead 1 f_dead 1
   0505 DD 6E F6      [19] 1621 	ld	l, -10 (ix)
   0508 DD 66 F7      [19] 1622 	ld	h, -9 (ix)
                           1623 ;	genMove_o size 0 result type 2 source type 1 a_dead 0 hl_dead 1 de_dead 0 iy_dead 1 f_dead 1
   050B 77            [ 7] 1624 	ld	(hl), a
                           1625 ;cases/tinyaes/tinyaes_mode_CTR_keylen_128.c:375: Tm  = (*state)[i][1] ^ (*state)[i][2] ; Tm = xtime(Tm);  (*state)[i][1] ^= Tm ^ Tmp ;
                           1626 ;	genPointerGet
   050C 1A            [ 7] 1627 	ld	a, (de)
                           1628 ;	genMove_o size 1 result type 2 source type 2 a_dead 1 hl_dead 1 de_dead 0 iy_dead 1 f_dead 1
                           1629 ;	genPointerGet
                           1630 ;fetchPairLong
   050D DD 6E FA      [19] 1631 	ld	l, -6 (ix)
   0510 DD 66 FB      [19] 1632 	ld	h, -5 (ix)
                           1633 ;	_moveFrom_tpair_()
   0513 6E            [ 7] 1634 	ld	l, (hl)
                           1635 ;	genXor
   0514 AD            [ 4] 1636 	xor	a, l
                           1637 ;	genMove_o size 1 result type 2 source type 2 a_dead 1 hl_dead 0 de_dead 0 iy_dead 1 f_dead 1
                           1638 ;	genSend
   0515 E5            [11] 1639 	push	hl
   0516 C5            [11] 1640 	push	bc
   0517 D5            [11] 1641 	push	de
                           1642 ;	genMove_o size 1 result type 2 source type 2 a_dead 1 hl_dead 0 de_dead 0 iy_dead 1 f_dead 1
                           1643 ;	genCall
   0518 CDr82s04      [17] 1644 	call	_xtime
                           1645 ;	genMove_o size 1 result type 2 source type 2 a_dead 1 hl_dead 1 de_dead 1 iy_dead 1 f_dead 1
   051B D1            [10] 1646 	pop	de
   051C C1            [10] 1647 	pop	bc
   051D E1            [10] 1648 	pop	hl
                           1649 ;	genXor
   051E DD AE FC      [19] 1650 	xor	a, -4 (ix)
                           1651 ;	genMove_o size 1 result type 2 source type 2 a_dead 1 hl_dead 0 de_dead 0 iy_dead 1 f_dead 1
                           1652 ;	genXor
   0521 AD            [ 4] 1653 	xor	a, l
                           1654 ;	genMove_o size 1 result type 2 source type 2 a_dead 1 hl_dead 1 de_dead 0 iy_dead 1 f_dead 1
                           1655 ;	genPointerSet
                           1656 ;	genMove_o size 2 result type 2 source type 6 a_dead 0 hl_dead 1 de_dead 0 iy_dead 1 f_dead 1
   0522 DD 6E FA      [19] 1657 	ld	l, -6 (ix)
   0525 DD 66 FB      [19] 1658 	ld	h, -5 (ix)
                           1659 ;	genMove_o size 0 result type 2 source type 1 a_dead 0 hl_dead 1 de_dead 0 iy_dead 1 f_dead 1
   0528 77            [ 7] 1660 	ld	(hl), a
                           1661 ;cases/tinyaes/tinyaes_mode_CTR_keylen_128.c:376: Tm  = (*state)[i][2] ^ (*state)[i][3] ; Tm = xtime(Tm);  (*state)[i][2] ^= Tm ^ Tmp ;
                           1662 ;	genPointerGet
   0529 0A            [ 7] 1663 	ld	a, (bc)
                           1664 ;	genMove_o size 1 result type 2 source type 2 a_dead 1 hl_dead 1 de_dead 0 iy_dead 1 f_dead 1
   052A 67            [ 4] 1665 	ld	h, a
                           1666 ;	genMove_o size 0 result type 2 source type 1 a_dead 1 hl_dead 1 de_dead 0 iy_dead 1 f_dead 1
                           1667 ;	genPointerGet
   052B 1A            [ 7] 1668 	ld	a, (de)
                           1669 ;	genMove_o size 1 result type 2 source type 2 a_dead 1 hl_dead 0 de_dead 0 iy_dead 1 f_dead 1
                           1670 ;	genMove_o size 0 result type 2 source type 1 a_dead 1 hl_dead 0 de_dead 0 iy_dead 1 f_dead 1
                           1671 ;	genXor
   052C 6F            [ 4] 1672 	ld	l, a
                           1673 ; common peephole 98 removed redundant load from l into a.
   052D AC            [ 4] 1674 	xor	a, h
                           1675 ;	genMove_o size 1 result type 2 source type 2 a_dead 1 hl_dead 0 de_dead 0 iy_dead 1 f_dead 1
                           1676 ;	genSend
   052E E5            [11] 1677 	push	hl
   052F C5            [11] 1678 	push	bc
   0530 D5            [11] 1679 	push	de
                           1680 ;	genMove_o size 1 result type 2 source type 2 a_dead 1 hl_dead 0 de_dead 0 iy_dead 1 f_dead 1
                           1681 ;	genCall
   0531 CDr82s04      [17] 1682 	call	_xtime
                           1683 ;	genMove_o size 1 result type 2 source type 2 a_dead 1 hl_dead 1 de_dead 1 iy_dead 1 f_dead 1
   0534 D1            [10] 1684 	pop	de
   0535 C1            [10] 1685 	pop	bc
   0536 E1            [10] 1686 	pop	hl
                           1687 ;	genXor
   0537 DD AE FC      [19] 1688 	xor	a, -4 (ix)
                           1689 ;	genMove_o size 1 result type 2 source type 2 a_dead 1 hl_dead 0 de_dead 0 iy_dead 1 f_dead 1
                           1690 ;	genXor
   053A AD            [ 4] 1691 	xor	a, l
                           1692 ;	genMove_o size 1 result type 2 source type 2 a_dead 1 hl_dead 1 de_dead 0 iy_dead 1 f_dead 1
                           1693 ;	genPointerSet
                           1694 ;	genMove_o size 1 result type 2 source type 2 a_dead 1 hl_dead 1 de_dead 0 iy_dead 1 f_dead 1
   053B 12            [ 7] 1695 	ld	(de), a
                           1696 ;cases/tinyaes/tinyaes_mode_CTR_keylen_128.c:377: Tm  = (*state)[i][3] ^ t ;              Tm = xtime(Tm);  (*state)[i][3] ^= Tm ^ Tmp ;
                           1697 ;	genPointerGet
   053C 0A            [ 7] 1698 	ld	a, (bc)
                           1699 ;	genMove_o size 1 result type 2 source type 2 a_dead 1 hl_dead 1 de_dead 1 iy_dead 1 f_dead 1
                           1700 ;	genMove_o size 0 result type 2 source type 1 a_dead 1 hl_dead 1 de_dead 1 iy_dead 1 f_dead 1
                           1701 ;	genXor
   053D 5F            [ 4] 1702 	ld	e, a
                           1703 ; common peephole 98 removed redundant load from e into a.
   053E DD AE F9      [19] 1704 	xor	a, -7 (ix)
                           1705 ;	genMove_o size 1 result type 2 source type 2 a_dead 1 hl_dead 1 de_dead 0 iy_dead 1 f_dead 1
                           1706 ;	genSend
   0541 C5            [11] 1707 	push	bc
   0542 D5            [11] 1708 	push	de
                           1709 ;	genMove_o size 1 result type 2 source type 2 a_dead 1 hl_dead 1 de_dead 0 iy_dead 1 f_dead 1
                           1710 ;	genCall
   0543 CDr82s04      [17] 1711 	call	_xtime
                           1712 ;	genMove_o size 1 result type 2 source type 2 a_dead 1 hl_dead 1 de_dead 1 iy_dead 1 f_dead 1
   0546 D1            [10] 1713 	pop	de
   0547 C1            [10] 1714 	pop	bc
                           1715 ;	genXor
   0548 DD AE FC      [19] 1716 	xor	a, -4 (ix)
                           1717 ;	genMove_o size 1 result type 2 source type 2 a_dead 1 hl_dead 1 de_dead 0 iy_dead 1 f_dead 1
                           1718 ;	genXor
   054B AB            [ 4] 1719 	xor	a, e
                           1720 ;	genMove_o size 1 result type 2 source type 2 a_dead 1 hl_dead 1 de_dead 0 iy_dead 1 f_dead 1
                           1721 ;	genPointerSet
                           1722 ;	genMove_o size 1 result type 2 source type 2 a_dead 1 hl_dead 1 de_dead 0 iy_dead 1 f_dead 1
   054C 02            [ 7] 1723 	ld	(bc), a
                           1724 ;cases/tinyaes/tinyaes_mode_CTR_keylen_128.c:370: for (i = 0; i < 4; ++i)
                           1725 ;	genPlus
   054D DD 34 FF      [23] 1726 	inc	-1 (ix)
                           1727 ;	genCmpLt
   0550 DD 7E FF      [19] 1728 	ld	a, -1 (ix)
   0553 D6 04         [ 7] 1729 	sub	a, #0x04
   0555 DArACs04      [10] 1730 	jp	c, 00102$
                           1731 ;	skipping generated iCode
                           1732 ;	genLabel
                           1733 ; common peephole 159 removed unused label 00104$.
                           1734 ;cases/tinyaes/tinyaes_mode_CTR_keylen_128.c:379: }
                           1735 ;	genEndFunction
   0558 DD F9         [10] 1736 	ld	sp, ix
   055A DD E1         [14] 1737 	pop	ix
   055C C9            [10] 1738 	ret
                           1739 ;	Total MixColumns function size at codegen: 5 bytes.
                           1740 ;cases/tinyaes/tinyaes_mode_CTR_keylen_128.c:479: static void Cipher(state_t* state, const uint8_t* RoundKey)
                           1741 ;	genLabel
                           1742 ;	genFunction
                           1743 ;	---------------------------------
                           1744 ; Function Cipher
                           1745 ; ---------------------------------
                           1746 ;	Register assignment might be sub-optimal.
                           1747 ; Stack space usage: 2 bytes.
   055D                    1748 _Cipher:
                           1749 ;	adjustStack by -2
   055D F5            [11] 1750 	push	af
                           1751 ;	genReceive
                           1752 ;	genMove_o size 2 result type 2 source type 2 a_dead 1 hl_dead 1 de_dead 0 iy_dead 1 f_dead 1
   055E 4D            [ 4] 1753 	ld	c, l
                           1754 ;	genMove_o size 0 result type 2 source type 1 a_dead 1 hl_dead 1 de_dead 0 iy_dead 1 f_dead 1
                           1755 ;	genReceive
                           1756 ;	genMove_o size 2 result type 12 source type 2 a_dead 1 hl_dead 0 de_dead 1 iy_dead 1 f_dead 1
   055F 33            [ 6] 1757 	inc	sp
   0560 33            [ 6] 1758 	inc	sp
   0561 D5            [11] 1759 	push	de
                           1760 ;	genMove_o size 0 result type 12 source type 1 a_dead 1 hl_dead 0 de_dead 1 iy_dead 1 f_dead 1
                           1761 ;cases/tinyaes/tinyaes_mode_CTR_keylen_128.c:484: AddRoundKey(0, state, RoundKey);
                           1762 ;	genIpush
   0562 E5            [11] 1763 	push	hl
   0563 C5            [11] 1764 	push	bc
                           1765 ;	genMove_o size 2 result type 2 source type 12 a_dead 1 hl_dead 0 de_dead 1 iy_dead 1 f_dead 1
   0564 FD 21 04 00   [14] 1766 	ld	iy, #4
   0568 FD 39         [15] 1767 	add	iy, sp
   056A FD 5E 00      [19] 1768 	ld	e, 0 (iy)
   056D FD 56 01      [19] 1769 	ld	d, 1 (iy)
                           1770 ;	genMove_o size 0 result type 2 source type 1 a_dead 1 hl_dead 0 de_dead 1 iy_dead 1 f_dead 1
   0570 D5            [11] 1771 	push	de
                           1772 ;	genSend
                           1773 ;	genMove_o size 2 result type 2 source type 2 a_dead 1 hl_dead 0 de_dead 1 iy_dead 1 f_dead 1
   0571 59            [ 4] 1774 	ld	e, c
   0572 54            [ 4] 1775 	ld	d, h
                           1776 ;	genMove_o size 0 result type 2 source type 1 a_dead 1 hl_dead 0 de_dead 1 iy_dead 1 f_dead 1
                           1777 ;	genSend
                           1778 ;	genMove_o size 1 result type 2 source type 1 a_dead 1 hl_dead 0 de_dead 0 iy_dead 1 f_dead 1
   0573 AF            [ 4] 1779 	xor	a, a
                           1780 ;	genCall
   0574 CDr38s03      [17] 1781 	call	_AddRoundKey
   0577 C1            [10] 1782 	pop	bc
   0578 E1            [10] 1783 	pop	hl
                           1784 ;cases/tinyaes/tinyaes_mode_CTR_keylen_128.c:490: for (round = 1; ; ++round)
                           1785 ;	genAssign
                           1786 ;	genMove_o size 1 result type 2 source type 1 a_dead 1 hl_dead 0 de_dead 1 iy_dead 1 f_dead 1
   0579 06 01         [ 7] 1787 	ld	b, #0x01
                           1788 ;	genLabel
   057B                    1789 00104$:
                           1790 ;cases/tinyaes/tinyaes_mode_CTR_keylen_128.c:492: SubBytes(state);
                           1791 ;	genSend
   057B E5            [11] 1792 	push	hl
   057C C5            [11] 1793 	push	bc
                           1794 ;	genMove_o size 2 result type 2 source type 2 a_dead 1 hl_dead 0 de_dead 1 iy_dead 1 f_dead 1
   057D 69            [ 4] 1795 	ld	l, c
                           1796 ;	genMove_o size 0 result type 2 source type 1 a_dead 1 hl_dead 1 de_dead 1 iy_dead 1 f_dead 1
                           1797 ;	genCall
   057E CDrCAs03      [17] 1798 	call	_SubBytes
   0581 C1            [10] 1799 	pop	bc
   0582 E1            [10] 1800 	pop	hl
                           1801 ;cases/tinyaes/tinyaes_mode_CTR_keylen_128.c:493: ShiftRows(state);
                           1802 ;	genSend
   0583 E5            [11] 1803 	push	hl
   0584 C5            [11] 1804 	push	bc
                           1805 ;	genMove_o size 2 result type 2 source type 2 a_dead 1 hl_dead 0 de_dead 1 iy_dead 1 f_dead 1
   0585 69            [ 4] 1806 	ld	l, c
                           1807 ;	genMove_o size 0 result type 2 source type 1 a_dead 1 hl_dead 1 de_dead 1 iy_dead 1 f_dead 1
                           1808 ;	genCall
   0586 CDr0As04      [17] 1809 	call	_ShiftRows
   0589 C1            [10] 1810 	pop	bc
   058A E1            [10] 1811 	pop	hl
                           1812 ;cases/tinyaes/tinyaes_mode_CTR_keylen_128.c:494: if (round == Nr) {
                           1813 ;	genCmpEq
                           1814 ;	genMove_o size 1 result type 2 source type 2 a_dead 1 hl_dead 0 de_dead 0 iy_dead 0 f_dead 1
   058B 78            [ 4] 1815 	ld	a, b
                           1816 ;	genMove_o size 0 result type 2 source type 1 a_dead 1 hl_dead 0 de_dead 0 iy_dead 0 f_dead 1
   058C D6 0A         [ 7] 1817 	sub	a, #0x0a
                           1818 ; common peephole 163 changed absolute to relative conditional jump.
   058E 28 22         [12] 1819 	jr	z, 00103$
                           1820 ; common peephole 81 removed jp by using inverse jump logic
                           1821 ; common peephole 159 removed unused label 00125$.
                           1822 ;	skipping generated iCode
                           1823 ;cases/tinyaes/tinyaes_mode_CTR_keylen_128.c:497: MixColumns(state);
                           1824 ;	genSend
   0590 E5            [11] 1825 	push	hl
   0591 C5            [11] 1826 	push	bc
                           1827 ;	genMove_o size 2 result type 2 source type 2 a_dead 1 hl_dead 0 de_dead 1 iy_dead 1 f_dead 1
   0592 69            [ 4] 1828 	ld	l, c
                           1829 ;	genMove_o size 0 result type 2 source type 1 a_dead 1 hl_dead 1 de_dead 1 iy_dead 1 f_dead 1
                           1830 ;	genCall
   0593 CDr92s04      [17] 1831 	call	_MixColumns
   0596 C1            [10] 1832 	pop	bc
   0597 E1            [10] 1833 	pop	hl
                           1834 ;cases/tinyaes/tinyaes_mode_CTR_keylen_128.c:498: AddRoundKey(round, state, RoundKey);
                           1835 ;	genIpush
   0598 E5            [11] 1836 	push	hl
   0599 C5            [11] 1837 	push	bc
                           1838 ;	genMove_o size 2 result type 2 source type 12 a_dead 1 hl_dead 0 de_dead 1 iy_dead 1 f_dead 1
   059A FD 21 04 00   [14] 1839 	ld	iy, #4
   059E FD 39         [15] 1840 	add	iy, sp
   05A0 FD 5E 00      [19] 1841 	ld	e, 0 (iy)
   05A3 FD 56 01      [19] 1842 	ld	d, 1 (iy)
                           1843 ;	genMove_o size 0 result type 2 source type 1 a_dead 1 hl_dead 0 de_dead 1 iy_dead 1 f_dead 1
   05A6 D5            [11] 1844 	push	de
                           1845 ;	genSend
                           1846 ;	genMove_o size 2 result type 2 source type 2 a_dead 1 hl_dead 0 de_dead 1 iy_dead 1 f_dead 1
   05A7 59            [ 4] 1847 	ld	e, c
   05A8 54            [ 4] 1848 	ld	d, h
                           1849 ;	genMove_o size 0 result type 2 source type 1 a_dead 1 hl_dead 0 de_dead 1 iy_dead 1 f_dead 1
                           1850 ;	genSend
                           1851 ;	genMove_o size 1 result type 2 source type 2 a_dead 1 hl_dead 0 de_dead 0 iy_dead 1 f_dead 1
   05A9 78            [ 4] 1852 	ld	a, b
                           1853 ;	genMove_o size 0 result type 2 source type 1 a_dead 1 hl_dead 0 de_dead 0 iy_dead 1 f_dead 1
                           1854 ;	genCall
   05AA CDr38s03      [17] 1855 	call	_AddRoundKey
   05AD C1            [10] 1856 	pop	bc
   05AE E1            [10] 1857 	pop	hl
                           1858 ;cases/tinyaes/tinyaes_mode_CTR_keylen_128.c:490: for (round = 1; ; ++round)
                           1859 ;	genPlus
   05AF 04            [ 4] 1860 	inc	b
                           1861 ;	genGoto
                           1862 ; common peephole 162 changed absolute to relative unconditional jump.
   05B0 18 C9         [12] 1863 	jr	00104$
                           1864 ;	genLabel
   05B2                    1865 00103$:
                           1866 ;cases/tinyaes/tinyaes_mode_CTR_keylen_128.c:501: AddRoundKey(Nr, state, RoundKey);
                           1867 ;	genIpush
                           1868 ;	genMove_o size 2 result type 2 source type 12 a_dead 1 hl_dead 0 de_dead 1 iy_dead 1 f_dead 1
   05B2 D1            [10] 1869 	pop	de
   05B3 D5            [11] 1870 	push	de
                           1871 ;	genMove_o size 0 result type 2 source type 1 a_dead 1 hl_dead 0 de_dead 1 iy_dead 1 f_dead 1
   05B4 D5            [11] 1872 	push	de
                           1873 ;	genSend
                           1874 ;	genMove_o size 2 result type 2 source type 2 a_dead 1 hl_dead 1 de_dead 1 iy_dead 1 f_dead 1
   05B5 59            [ 4] 1875 	ld	e, c
   05B6 54            [ 4] 1876 	ld	d, h
                           1877 ;	genMove_o size 0 result type 2 source type 1 a_dead 1 hl_dead 1 de_dead 1 iy_dead 1 f_dead 1
                           1878 ;	genSend
                           1879 ;	genMove_o size 1 result type 2 source type 1 a_dead 1 hl_dead 1 de_dead 0 iy_dead 1 f_dead 1
   05B7 3E 0A         [ 7] 1880 	ld	a, #0x0a
                           1881 ;	genCall
   05B9 CDr38s03      [17] 1882 	call	_AddRoundKey
                           1883 ;	genLabel
                           1884 ; common peephole 159 removed unused label 00106$.
                           1885 ;cases/tinyaes/tinyaes_mode_CTR_keylen_128.c:502: }
                           1886 ;	genEndFunction
                           1887 ;	adjustStack by 2
   05BC F1            [10] 1888 	pop	af
   05BD C9            [10] 1889 	ret
                           1890 ;	Total Cipher function size at codegen: 2 bytes.
                           1891 ;cases/tinyaes/tinyaes_mode_CTR_keylen_128.c:604: void AES_CTR_xcrypt_buffer(struct AES_ctx* ctx, uint8_t* buf, size_t length)
                           1892 ;	genLabel
                           1893 ;	genFunction
                           1894 ;	---------------------------------
                           1895 ; Function AES_CTR_xcrypt_buffer
                           1896 ; ---------------------------------
                           1897 ;	Register assignment might be sub-optimal.
                           1898 ; Stack space usage: 28 bytes.
   05BE                    1899 _AES_CTR_xcrypt_buffer::
   05BE DD E5         [15] 1900 	push	ix
   05C0 DD 21 00 00   [14] 1901 	ld	ix,	#0
   05C4 DD 39         [15] 1902 	add	ix, sp
                           1903 ;	adjustStack by -28
   05C6 FD 21 E4 FF   [14] 1904 	ld	iy, #-28
   05CA FD 39         [15] 1905 	add	iy, sp
   05CC FD F9         [10] 1906 	ld	sp, iy
                           1907 ;	genReceive
                           1908 ;	genMove_o size 2 result type 6 source type 2 a_dead 1 hl_dead 1 de_dead 0 iy_dead 1 f_dead 1
   05CE DD 75 FA      [19] 1909 	ld	-6 (ix), l
   05D1 DD 74 FB      [19] 1910 	ld	-5 (ix), h
                           1911 ;	genMove_o size 0 result type 6 source type 1 a_dead 1 hl_dead 1 de_dead 0 iy_dead 1 f_dead 1
                           1912 ;	genReceive
                           1913 ;	genMove_o size 2 result type 6 source type 2 a_dead 1 hl_dead 1 de_dead 1 iy_dead 1 f_dead 1
   05D4 DD 73 F8      [19] 1914 	ld	-8 (ix), e
   05D7 DD 72 F9      [19] 1915 	ld	-7 (ix), d
                           1916 ;	genMove_o size 0 result type 6 source type 1 a_dead 1 hl_dead 1 de_dead 1 iy_dead 1 f_dead 1
                           1917 ;cases/tinyaes/tinyaes_mode_CTR_keylen_128.c:610: for (i = 0, bi = AES_BLOCKLEN; i < length; ++i, ++bi)
                           1918 ;	genAssign
                           1919 ;	genMove_o size 2 result type 2 source type 1 a_dead 1 hl_dead 1 de_dead 1 iy_dead 1 f_dead 1
   05DA 01 10 00      [10] 1920 	ld	bc, #0x0010
                           1921 ;	skipping iCode since result will be rematerialized
                           1922 ;	skipping iCode since result will be rematerialized
                           1923 ;	genPlus
                           1924 ;	genMove_o size 2 result type 2 source type 1 a_dead 0 hl_dead 1 de_dead 0 iy_dead 0 f_dead 1
   05DD 11 B0 00      [10] 1925 	ld	de, #0x00b0
                           1926 ;	genMove_o size 2 result type 2 source type 6 a_dead 1 hl_dead 1 de_dead 0 iy_dead 0 f_dead 1
   05E0 DD 6E FA      [19] 1927 	ld	l, -6 (ix)
   05E3 DD 66 FB      [19] 1928 	ld	h, -5 (ix)
                           1929 ;	genMove_o size 0 result type 2 source type 1 a_dead 1 hl_dead 1 de_dead 0 iy_dead 0 f_dead 1
   05E6 19            [11] 1930 	add	hl, de
                           1931 ;	genMove_o size 2 result type 6 source type 2 a_dead 1 hl_dead 1 de_dead 0 iy_dead 0 f_dead 0
   05E7 DD 75 F4      [19] 1932 	ld	-12 (ix), l
   05EA DD 74 F5      [19] 1933 	ld	-11 (ix), h
                           1934 ;	genMove_o size 0 result type 6 source type 1 a_dead 1 hl_dead 1 de_dead 0 iy_dead 0 f_dead 0
                           1935 ;	skipping iCode since result will be rematerialized
                           1936 ;	genAssign
                           1937 ;	genMove_o size 2 result type 6 source type 1 a_dead 1 hl_dead 1 de_dead 1 iy_dead 1 f_dead 1
   05ED AF            [ 4] 1938 	xor	a, a
   05EE DD 77 FC      [19] 1939 	ld	-4 (ix), a
   05F1 DD 77 FD      [19] 1940 	ld	-3 (ix), a
                           1941 ;	genLabel
   05F4                    1942 00110$:
                           1943 ;	genCmpLt
   05F4 DD 7E FC      [19] 1944 	ld	a, -4 (ix)
   05F7 DD 96 04      [19] 1945 	sub	a, 4 (ix)
   05FA DD 7E FD      [19] 1946 	ld	a, -3 (ix)
   05FD DD 9E 05      [19] 1947 	sbc	a, 5 (ix)
   0600 D2r9Bs06      [10] 1948 	jp	nc, 00112$
                           1949 ;	skipping generated iCode
                           1950 ;cases/tinyaes/tinyaes_mode_CTR_keylen_128.c:612: if (bi == AES_BLOCKLEN) /* we need to regen xor compliment in buffer */
                           1951 ;	genCmpEq
                           1952 ;	genMove_o size 1 result type 2 source type 2 a_dead 1 hl_dead 1 de_dead 0 iy_dead 0 f_dead 1
   0603 79            [ 4] 1953 	ld	a, c
                           1954 ;	genMove_o size 0 result type 2 source type 1 a_dead 1 hl_dead 1 de_dead 0 iy_dead 0 f_dead 1
   0604 D6 10         [ 7] 1955 	sub	a, #0x10
   0606 B0            [ 4] 1956 	or	a, b
                           1957 ; common peephole 81 removed jp by using inverse jump logic
                           1958 ; common peephole 159 removed unused label 00155$.
                           1959 ; common peephole 163 changed absolute to relative conditional jump.
   0607 20 6A         [12] 1960 	jr	nz, 00106$
                           1961 ; common peephole 82 removed jp by using inverse jump logic
                           1962 ; common peephole 159 removed unused label 00156$.
                           1963 ;	skipping generated iCode
                           1964 ;cases/tinyaes/tinyaes_mode_CTR_keylen_128.c:615: memcpy(buffer, ctx->Iv, AES_BLOCKLEN);
                           1965 ;	genCast
                           1966 ;	genMove_o size 2 result type 2 source type 8 a_dead 1 hl_dead 1 de_dead 1 iy_dead 1 f_dead 1
   0609 21 00 00      [10] 1967 	ld	hl, #0
   060C 39            [11] 1968 	add	hl, sp
   060D EB            [ 4] 1969 	ex	de, hl
                           1970 ;	genPlus
                           1971 ;	genMove_o size 2 result type 2 source type 6 a_dead 1 hl_dead 1 de_dead 0 iy_dead 1 f_dead 1
   060E DD 6E FA      [19] 1972 	ld	l, -6 (ix)
   0611 DD 66 FB      [19] 1973 	ld	h, -5 (ix)
                           1974 ;	genMove_o size 0 result type 2 source type 1 a_dead 1 hl_dead 1 de_dead 0 iy_dead 1 f_dead 1
                           1975 ;	genMove_o size 2 result type 2 source type 1 a_dead 1 hl_dead 0 de_dead 0 iy_dead 1 f_dead 1
   0614 01 B0 00      [10] 1976 	ld	bc, #0x00b0
   0617 09            [11] 1977 	add	hl, bc
                           1978 ;	genBuiltIn
                           1979 ;fetchPairLong
   0618 01 10 00      [10] 1980 	ld	bc, #0x0010
   061B ED B0         [21] 1981 	ldir
                           1982 ;	skipping generated iCode
                           1983 ;	skipping generated iCode
                           1984 ;	skipping generated iCode
                           1985 ;cases/tinyaes/tinyaes_mode_CTR_keylen_128.c:616: Cipher((state_t*)buffer,ctx->RoundKey);
                           1986 ;	genCast
                           1987 ;	genMove_o size 2 result type 2 source type 6 a_dead 1 hl_dead 1 de_dead 1 iy_dead 1 f_dead 1
   061D DD 5E FA      [19] 1988 	ld	e, -6 (ix)
   0620 DD 56 FB      [19] 1989 	ld	d, -5 (ix)
                           1990 ;	genMove_o size 0 result type 2 source type 1 a_dead 1 hl_dead 1 de_dead 1 iy_dead 1 f_dead 1
                           1991 ;	skipping iCode since result will be rematerialized
                           1992 ;	genSend
                           1993 ;	genMove_o size 2 result type 2 source type 2 a_dead 1 hl_dead 1 de_dead 1 iy_dead 1 f_dead 1
                           1994 ;	genSend
                           1995 ;	genMove_o size 2 result type 2 source type 8 a_dead 1 hl_dead 1 de_dead 0 iy_dead 1 f_dead 1
   0623 21 00 00      [10] 1996 	ld	hl, #0
   0626 39            [11] 1997 	add	hl, sp
                           1998 ;	genMove_o size 2 result type 2 source type 2 a_dead 1 hl_dead 1 de_dead 0 iy_dead 1 f_dead 1
                           1999 ;	genCall
   0627 CDr5Ds05      [17] 2000 	call	_Cipher
                           2001 ;cases/tinyaes/tinyaes_mode_CTR_keylen_128.c:619: for (bi = (AES_BLOCKLEN - 1); bi >= 0; --bi)
                           2002 ;	genAssign
                           2003 ;	genMove_o size 2 result type 6 source type 1 a_dead 1 hl_dead 1 de_dead 1 iy_dead 1 f_dead 1
   062A DD 36 FE 0F   [19] 2004 	ld	-2 (ix), #0x0f
   062E DD 36 FF 00   [19] 2005 	ld	-1 (ix), #0
                           2006 ; peephole 178 direct load zero constant to memory addressed by index register
                           2007 ;	genLabel
   0632                    2008 00108$:
                           2009 ;cases/tinyaes/tinyaes_mode_CTR_keylen_128.c:622: if (ctx->Iv[bi] == 255)
                           2010 ;	genPlus
                           2011 ;	genMove_o size 2 result type 2 source type 6 a_dead 0 hl_dead 1 de_dead 0 iy_dead 0 f_dead 1
   0632 DD 5E FE      [19] 2012 	ld	e, -2 (ix)
   0635 16 00         [ 7] 2013 	ld	d, #0x00
                           2014 ;	genMove_o size 0 result type 2 source type 1 a_dead 0 hl_dead 1 de_dead 1 iy_dead 0 f_dead 1
                           2015 ;	genMove_o size 2 result type 2 source type 6 a_dead 1 hl_dead 1 de_dead 0 iy_dead 0 f_dead 1
   0637 DD 6E F4      [19] 2016 	ld	l, -12 (ix)
   063A DD 66 F5      [19] 2017 	ld	h, -11 (ix)
                           2018 ;	genMove_o size 0 result type 2 source type 1 a_dead 1 hl_dead 1 de_dead 0 iy_dead 0 f_dead 1
   063D 19            [11] 2019 	add	hl, de
                           2020 ;	genMove_o size 2 result type 6 source type 2 a_dead 1 hl_dead 1 de_dead 0 iy_dead 0 f_dead 0
                           2021 ;	genMove_o size 0 result type 6 source type 1 a_dead 1 hl_dead 1 de_dead 0 iy_dead 0 f_dead 0
                           2022 ;	genPointerGet
                           2023 ;fetchPairLong
   063E DD 75 F6      [19] 2024 	ld	-10 (ix), l
   0641 DD 74 F7      [19] 2025 	ld	-9 (ix), h
                           2026 ; common peephole 11 loaded lh from lh directly instead of going through -10 (ix) -9 (ix).
                           2027 ; common peephole 0a removed redundant load from l into l.
                           2028 ; common peephole 0a removed redundant load from h into h.
                           2029 ;	_moveFrom_tpair_()
   0644 7E            [ 7] 2030 	ld	a, (hl)
                           2031 ;	genCmpEq
   0645 FE FF         [ 7] 2032 	cp	a, #0xff
                           2033 ; common peephole 81 removed jp by using inverse jump logic
                           2034 ; common peephole 159 removed unused label 00157$.
                           2035 ; common peephole 163 changed absolute to relative conditional jump.
   0647 20 0A         [12] 2036 	jr	nz, 00102$
                           2037 ; common peephole 82 removed jp by using inverse jump logic
                           2038 ; common peephole 159 removed unused label 00158$.
                           2039 ;	skipping generated iCode
                           2040 ;cases/tinyaes/tinyaes_mode_CTR_keylen_128.c:624: ctx->Iv[bi] = 0;
                           2041 ;	genPointerSet
                           2042 ;	genMove_o size 2 result type 2 source type 6 a_dead 1 hl_dead 1 de_dead 1 iy_dead 1 f_dead 1
   0649 DD 6E F6      [19] 2043 	ld	l, -10 (ix)
   064C DD 66 F7      [19] 2044 	ld	h, -9 (ix)
                           2045 ;	genMove_o size 0 result type 2 source type 1 a_dead 1 hl_dead 1 de_dead 1 iy_dead 1 f_dead 1
   064F 36 00         [10] 2046 	ld	(hl), #0x00
                           2047 ;cases/tinyaes/tinyaes_mode_CTR_keylen_128.c:625: continue;
                           2048 ;	genGoto
                           2049 ; common peephole 162 changed absolute to relative unconditional jump.
   0651 18 0A         [12] 2050 	jr	00103$
                           2051 ;	genLabel
   0653                    2052 00102$:
                           2053 ;cases/tinyaes/tinyaes_mode_CTR_keylen_128.c:627: ctx->Iv[bi] += 1;
                           2054 ;	genCast
                           2055 ;	(locations are the same)
                           2056 ;	genPlus
   0653 3C            [ 4] 2057 	inc	a
                           2058 ;	genPointerSet
                           2059 ;	genMove_o size 2 result type 2 source type 6 a_dead 0 hl_dead 1 de_dead 1 iy_dead 1 f_dead 1
   0654 DD 6E F6      [19] 2060 	ld	l, -10 (ix)
   0657 DD 66 F7      [19] 2061 	ld	h, -9 (ix)
                           2062 ;	genMove_o size 0 result type 2 source type 1 a_dead 0 hl_dead 1 de_dead 1 iy_dead 1 f_dead 1
   065A 77            [ 7] 2063 	ld	(hl), a
                           2064 ;cases/tinyaes/tinyaes_mode_CTR_keylen_128.c:628: break;   
                           2065 ;	genGoto
                           2066 ; common peephole 162 changed absolute to relative unconditional jump.
   065B 18 13         [12] 2067 	jr	00104$
                           2068 ;	genLabel
   065D                    2069 00103$:
                           2070 ;cases/tinyaes/tinyaes_mode_CTR_keylen_128.c:619: for (bi = (AES_BLOCKLEN - 1); bi >= 0; --bi)
                           2071 ;	genMinus
                           2072 ;fetchPairLong
   065D DD 6E FE      [19] 2073 	ld	l, -2 (ix)
   0660 DD 66 FF      [19] 2074 	ld	h, -1 (ix)
   0663 2B            [ 6] 2075 	dec	hl
   0664 DD 75 FE      [19] 2076 	ld	-2 (ix), l
   0667 DD 74 FF      [19] 2077 	ld	-1 (ix), h
                           2078 ;	genCmpLt
   066A DD CB FF 7E   [20] 2079 	bit	7, -1 (ix)
                           2080 ; common peephole 163 changed absolute to relative conditional jump.
   066E 28 C2         [12] 2081 	jr	z, 00108$
                           2082 ;	skipping generated iCode
                           2083 ;	genLabel
   0670                    2084 00104$:
                           2085 ;cases/tinyaes/tinyaes_mode_CTR_keylen_128.c:630: bi = 0;
                           2086 ;	genAssign
                           2087 ;	genMove_o size 2 result type 2 source type 1 a_dead 1 hl_dead 1 de_dead 1 iy_dead 1 f_dead 1
   0670 01 00 00      [10] 2088 	ld	bc, #0x0000
                           2089 ;	genLabel
   0673                    2090 00106$:
                           2091 ;cases/tinyaes/tinyaes_mode_CTR_keylen_128.c:633: buf[i] = (buf[i] ^ buffer[bi]);
                           2092 ;	genPlus
   0673 DD 7E F8      [19] 2093 	ld	a, -8 (ix)
   0676 DD 86 FC      [19] 2094 	add	a, -4 (ix)
   0679 5F            [ 4] 2095 	ld	e, a
   067A DD 7E F9      [19] 2096 	ld	a, -7 (ix)
   067D DD 8E FD      [19] 2097 	adc	a, -3 (ix)
   0680 57            [ 4] 2098 	ld	d, a
                           2099 ;	genPointerGet
   0681 1A            [ 7] 2100 	ld	a, (de)
                           2101 ;	genMove_o size 1 result type 6 source type 2 a_dead 1 hl_dead 1 de_dead 0 iy_dead 1 f_dead 1
   0682 DD 77 FF      [19] 2102 	ld	-1 (ix), a
                           2103 ;	genMove_o size 0 result type 6 source type 1 a_dead 1 hl_dead 1 de_dead 0 iy_dead 1 f_dead 1
                           2104 ;	genPlus
                           2105 ;	genMove_o size 2 result type 2 source type 8 a_dead 1 hl_dead 1 de_dead 0 iy_dead 1 f_dead 1
   0685 21 00 00      [10] 2106 	ld	hl, #0
   0688 39            [11] 2107 	add	hl, sp
                           2108 ;	genMove_o size 2 result type 2 source type 2 a_dead 1 hl_dead 1 de_dead 0 iy_dead 1 f_dead 1
   0689 09            [11] 2109 	add	hl, bc
                           2110 ;	genPointerGet
   068A 7E            [ 7] 2111 	ld	a, (hl)
                           2112 ;	genXor
   068B DD AE FF      [19] 2113 	xor	a, -1 (ix)
                           2114 ;	genMove_o size 1 result type 2 source type 2 a_dead 1 hl_dead 1 de_dead 0 iy_dead 1 f_dead 1
                           2115 ;	genPointerSet
                           2116 ;	genMove_o size 1 result type 2 source type 2 a_dead 1 hl_dead 1 de_dead 0 iy_dead 1 f_dead 1
   068E 12            [ 7] 2117 	ld	(de), a
                           2118 ;cases/tinyaes/tinyaes_mode_CTR_keylen_128.c:610: for (i = 0, bi = AES_BLOCKLEN; i < length; ++i, ++bi)
                           2119 ;	genPlus
   068F DD 34 FC      [23] 2120 	inc	-4 (ix)
                           2121 ; common peephole 163 changed absolute to relative conditional jump.
   0692 20 03         [12] 2122 	jr	nz, 00159$
   0694 DD 34 FD      [23] 2123 	inc	-3 (ix)
   0697                    2124 00159$:
                           2125 ;	genPlus
   0697 03            [ 6] 2126 	inc	bc
                           2127 ;	genGoto
   0698 C3rF4s05      [10] 2128 	jp	00110$
                           2129 ;	genLabel
   069B                    2130 00112$:
                           2131 ;cases/tinyaes/tinyaes_mode_CTR_keylen_128.c:635: }
                           2132 ;	genEndFunction
   069B DD F9         [10] 2133 	ld	sp, ix
   069D DD E1         [14] 2134 	pop	ix
   069F E1            [10] 2135 	pop	hl
                           2136 ;	adjustStack by 2
   06A0 F1            [10] 2137 	pop	af
   06A1 E9            [ 4] 2138 	jp	(hl)
                           2139 ;	Total AES_CTR_xcrypt_buffer function size at codegen: 9 bytes.
                           2140 ;cases/tinyaes/tinyaes_mode_CTR_keylen_128.c:741: void encrypt_ctr(void)
                           2141 ;	genLabel
                           2142 ;	genFunction
                           2143 ;	---------------------------------
                           2144 ; Function encrypt_ctr
                           2145 ; ---------------------------------
                           2146 ;	Register assignment is optimal.
                           2147 ; Stack space usage: 0 bytes.
   06A2                    2148 _encrypt_ctr::
                           2149 ;cases/tinyaes/tinyaes_mode_CTR_keylen_128.c:743: return xcrypt_ctr();
                           2150 ;	genCall
                           2151 ;	genRet
                           2152 ;	genLabel
                           2153 ; common peephole 159 removed unused label 00101$.
                           2154 ;cases/tinyaes/tinyaes_mode_CTR_keylen_128.c:744: }
                           2155 ;	genEndFunction
   06A2 C3rA8s06      [10] 2156 	jp  _xcrypt_ctr
                           2157 ; common peephole 135 replaced call at end of function by jump (tail call optimization).
                           2158 ;	Total encrypt_ctr function size at codegen: 1 bytes.
                           2159 ;cases/tinyaes/tinyaes_mode_CTR_keylen_128.c:746: void decrypt_ctr(void)
                           2160 ;	genLabel
                           2161 ;	genFunction
                           2162 ;	---------------------------------
                           2163 ; Function decrypt_ctr
                           2164 ; ---------------------------------
                           2165 ;	Register assignment is optimal.
                           2166 ; Stack space usage: 0 bytes.
   06A5                    2167 _decrypt_ctr::
                           2168 ;cases/tinyaes/tinyaes_mode_CTR_keylen_128.c:748: return xcrypt_ctr();
                           2169 ;	genCall
                           2170 ;	genRet
                           2171 ;	genLabel
                           2172 ; common peephole 159 removed unused label 00101$.
                           2173 ;cases/tinyaes/tinyaes_mode_CTR_keylen_128.c:749: }
                           2174 ;	genEndFunction
   06A5 C3rA8s06      [10] 2175 	jp  _xcrypt_ctr
                           2176 ; common peephole 135 replaced call at end of function by jump (tail call optimization).
                           2177 ;	Total decrypt_ctr function size at codegen: 1 bytes.
                           2178 ;cases/tinyaes/tinyaes_mode_CTR_keylen_128.c:751: void xcrypt_ctr(void)
                           2179 ;	genLabel
                           2180 ;	genFunction
                           2181 ;	---------------------------------
                           2182 ; Function xcrypt_ctr
                           2183 ; ---------------------------------
                           2184 ;	Register assignment might be sub-optimal.
                           2185 ; Stack space usage: 352 bytes.
   06A8                    2186 _xcrypt_ctr::
   06A8 DD E5         [15] 2187 	push	ix
   06AA DD 21 00 00   [14] 2188 	ld	ix,	#0
   06AE DD 39         [15] 2189 	add	ix, sp
                           2190 ;	adjustStack by -352
   06B0 21 A0 FE      [10] 2191 	ld	hl, #-352
   06B3 39            [11] 2192 	add	hl, sp
                           2193 ;cases/tinyaes/tinyaes_mode_CTR_keylen_128.c:768: uint8_t key[16] = { 0x2b, 0x7e, 0x15, 0x16, 0x28, 0xae, 0xd2, 0xa6, 0xab, 0xf7, 0x15, 0x88, 0x09, 0xcf, 0x4f, 0x3c };
                           2194 ;	genAddrOf
   06B4 F9            [ 6] 2195 	ld	sp, hl
                           2196 ; common peephole 9c reused value still in hl.
   06B5 EB            [ 4] 2197 	ex	de, hl
                           2198 ;	genPointerSet
                           2199 ;	genMove_o size 1 result type 2 source type 1 a_dead 1 hl_dead 0 de_dead 0 iy_dead 1 f_dead 1
   06B6 3E 2B         [ 7] 2200 	ld	a, #0x2b
   06B8 12            [ 7] 2201 	ld	(de), a
                           2202 ;	skipping iCode since result will be rematerialized
                           2203 ;	genPointerSet
                           2204 ;	genMove_o size 1 result type 12 source type 1 a_dead 1 hl_dead 1 de_dead 0 iy_dead 1 f_dead 1
   06B9 FD 21 01 00   [14] 2205 	ld	iy, #1
   06BD FD 39         [15] 2206 	add	iy, sp
   06BF FD 36 00 7E   [19] 2207 	ld	0 (iy), #0x7e
                           2208 ;	skipping iCode since result will be rematerialized
                           2209 ;	genPointerSet
                           2210 ;	genMove_o size 1 result type 12 source type 1 a_dead 1 hl_dead 1 de_dead 0 iy_dead 1 f_dead 1
   06C3 FD 23         [10] 2211 	inc	iy
   06C5 FD 36 00 15   [19] 2212 	ld	0 (iy), #0x15
                           2213 ;	skipping iCode since result will be rematerialized
                           2214 ;	genPointerSet
                           2215 ;	genMove_o size 1 result type 12 source type 1 a_dead 1 hl_dead 1 de_dead 0 iy_dead 1 f_dead 1
   06C9 FD 23         [10] 2216 	inc	iy
   06CB FD 36 00 16   [19] 2217 	ld	0 (iy), #0x16
                           2218 ;	skipping iCode since result will be rematerialized
                           2219 ;	genPointerSet
                           2220 ;	genMove_o size 1 result type 12 source type 1 a_dead 1 hl_dead 1 de_dead 0 iy_dead 1 f_dead 1
   06CF FD 23         [10] 2221 	inc	iy
   06D1 FD 36 00 28   [19] 2222 	ld	0 (iy), #0x28
                           2223 ;	skipping iCode since result will be rematerialized
                           2224 ;	genPointerSet
                           2225 ;	genMove_o size 1 result type 12 source type 1 a_dead 1 hl_dead 1 de_dead 0 iy_dead 1 f_dead 1
   06D5 FD 23         [10] 2226 	inc	iy
   06D7 FD 36 00 AE   [19] 2227 	ld	0 (iy), #0xae
                           2228 ;	skipping iCode since result will be rematerialized
                           2229 ;	genPointerSet
                           2230 ;	genMove_o size 1 result type 12 source type 1 a_dead 1 hl_dead 1 de_dead 0 iy_dead 1 f_dead 1
   06DB FD 23         [10] 2231 	inc	iy
   06DD FD 36 00 D2   [19] 2232 	ld	0 (iy), #0xd2
                           2233 ;	skipping iCode since result will be rematerialized
                           2234 ;	genPointerSet
                           2235 ;	genMove_o size 1 result type 12 source type 1 a_dead 1 hl_dead 1 de_dead 0 iy_dead 1 f_dead 1
   06E1 FD 23         [10] 2236 	inc	iy
   06E3 FD 36 00 A6   [19] 2237 	ld	0 (iy), #0xa6
                           2238 ;	skipping iCode since result will be rematerialized
                           2239 ;	genPointerSet
                           2240 ;	genMove_o size 1 result type 12 source type 1 a_dead 1 hl_dead 1 de_dead 0 iy_dead 1 f_dead 1
   06E7 FD 23         [10] 2241 	inc	iy
   06E9 FD 36 00 AB   [19] 2242 	ld	0 (iy), #0xab
                           2243 ;	skipping iCode since result will be rematerialized
                           2244 ;	genPointerSet
                           2245 ;	genMove_o size 1 result type 12 source type 1 a_dead 1 hl_dead 1 de_dead 0 iy_dead 1 f_dead 1
   06ED FD 23         [10] 2246 	inc	iy
   06EF FD 36 00 F7   [19] 2247 	ld	0 (iy), #0xf7
                           2248 ;	skipping iCode since result will be rematerialized
                           2249 ;	genPointerSet
                           2250 ;	genMove_o size 1 result type 12 source type 1 a_dead 1 hl_dead 1 de_dead 0 iy_dead 1 f_dead 1
   06F3 FD 23         [10] 2251 	inc	iy
   06F5 FD 36 00 15   [19] 2252 	ld	0 (iy), #0x15
                           2253 ;	skipping iCode since result will be rematerialized
                           2254 ;	genPointerSet
                           2255 ;	genMove_o size 1 result type 12 source type 1 a_dead 1 hl_dead 1 de_dead 0 iy_dead 1 f_dead 1
   06F9 FD 23         [10] 2256 	inc	iy
   06FB FD 36 00 88   [19] 2257 	ld	0 (iy), #0x88
                           2258 ;	skipping iCode since result will be rematerialized
                           2259 ;	genPointerSet
                           2260 ;	genMove_o size 1 result type 12 source type 1 a_dead 1 hl_dead 1 de_dead 0 iy_dead 1 f_dead 1
   06FF FD 23         [10] 2261 	inc	iy
   0701 FD 36 00 09   [19] 2262 	ld	0 (iy), #0x09
                           2263 ;	skipping iCode since result will be rematerialized
                           2264 ;	genPointerSet
                           2265 ;	genMove_o size 1 result type 12 source type 1 a_dead 1 hl_dead 1 de_dead 0 iy_dead 1 f_dead 1
   0705 FD 23         [10] 2266 	inc	iy
   0707 FD 36 00 CF   [19] 2267 	ld	0 (iy), #0xcf
                           2268 ;	skipping iCode since result will be rematerialized
                           2269 ;	genPointerSet
                           2270 ;	genMove_o size 1 result type 12 source type 1 a_dead 1 hl_dead 1 de_dead 0 iy_dead 1 f_dead 1
   070B FD 23         [10] 2271 	inc	iy
   070D FD 36 00 4F   [19] 2272 	ld	0 (iy), #0x4f
                           2273 ;	skipping iCode since result will be rematerialized
                           2274 ;	genPointerSet
                           2275 ;	genMove_o size 1 result type 12 source type 1 a_dead 1 hl_dead 1 de_dead 0 iy_dead 1 f_dead 1
   0711 FD 23         [10] 2276 	inc	iy
   0713 FD 36 00 3C   [19] 2277 	ld	0 (iy), #0x3c
                           2278 ;cases/tinyaes/tinyaes_mode_CTR_keylen_128.c:769: uint8_t in[64]  = { 0x87, 0x4d, 0x61, 0x91, 0xb6, 0x20, 0xe3, 0x26, 0x1b, 0xef, 0x68, 0x64, 0x99, 0x0d, 0xb6, 0xce,
                           2279 ;	skipping iCode since result will be rematerialized
                           2280 ;	genPointerSet
                           2281 ;	genMove_o size 1 result type 12 source type 1 a_dead 1 hl_dead 1 de_dead 0 iy_dead 1 f_dead 1
   0717 FD 23         [10] 2282 	inc	iy
   0719 FD 36 00 87   [19] 2283 	ld	0 (iy), #0x87
                           2284 ;	skipping iCode since result will be rematerialized
                           2285 ;	genPointerSet
                           2286 ;	genMove_o size 1 result type 12 source type 1 a_dead 1 hl_dead 1 de_dead 0 iy_dead 1 f_dead 1
   071D FD 23         [10] 2287 	inc	iy
   071F FD 36 00 4D   [19] 2288 	ld	0 (iy), #0x4d
                           2289 ;	skipping iCode since result will be rematerialized
                           2290 ;	genPointerSet
                           2291 ;	genMove_o size 1 result type 12 source type 1 a_dead 1 hl_dead 1 de_dead 0 iy_dead 1 f_dead 1
   0723 FD 23         [10] 2292 	inc	iy
   0725 FD 36 00 61   [19] 2293 	ld	0 (iy), #0x61
                           2294 ;	skipping iCode since result will be rematerialized
                           2295 ;	genPointerSet
                           2296 ;	genMove_o size 1 result type 12 source type 1 a_dead 1 hl_dead 1 de_dead 0 iy_dead 1 f_dead 1
   0729 FD 23         [10] 2297 	inc	iy
   072B FD 36 00 91   [19] 2298 	ld	0 (iy), #0x91
                           2299 ;	skipping iCode since result will be rematerialized
                           2300 ;	genPointerSet
                           2301 ;	genMove_o size 1 result type 12 source type 1 a_dead 1 hl_dead 1 de_dead 0 iy_dead 1 f_dead 1
   072F FD 23         [10] 2302 	inc	iy
   0731 FD 36 00 B6   [19] 2303 	ld	0 (iy), #0xb6
                           2304 ;	skipping iCode since result will be rematerialized
                           2305 ;	genPointerSet
                           2306 ;	genMove_o size 1 result type 12 source type 1 a_dead 1 hl_dead 1 de_dead 0 iy_dead 1 f_dead 1
   0735 FD 23         [10] 2307 	inc	iy
   0737 FD 36 00 20   [19] 2308 	ld	0 (iy), #0x20
                           2309 ;	skipping iCode since result will be rematerialized
                           2310 ;	genPointerSet
                           2311 ;	genMove_o size 1 result type 12 source type 1 a_dead 1 hl_dead 1 de_dead 0 iy_dead 1 f_dead 1
   073B FD 23         [10] 2312 	inc	iy
   073D FD 36 00 E3   [19] 2313 	ld	0 (iy), #0xe3
                           2314 ;	skipping iCode since result will be rematerialized
                           2315 ;	genPointerSet
                           2316 ;	genMove_o size 1 result type 12 source type 1 a_dead 1 hl_dead 1 de_dead 0 iy_dead 1 f_dead 1
   0741 FD 23         [10] 2317 	inc	iy
   0743 FD 36 00 26   [19] 2318 	ld	0 (iy), #0x26
                           2319 ;	skipping iCode since result will be rematerialized
                           2320 ;	genPointerSet
                           2321 ;	genMove_o size 1 result type 12 source type 1 a_dead 1 hl_dead 1 de_dead 0 iy_dead 1 f_dead 1
   0747 FD 23         [10] 2322 	inc	iy
   0749 FD 36 00 1B   [19] 2323 	ld	0 (iy), #0x1b
                           2324 ;	skipping iCode since result will be rematerialized
                           2325 ;	genPointerSet
                           2326 ;	genMove_o size 1 result type 12 source type 1 a_dead 1 hl_dead 1 de_dead 0 iy_dead 1 f_dead 1
   074D FD 23         [10] 2327 	inc	iy
   074F FD 36 00 EF   [19] 2328 	ld	0 (iy), #0xef
                           2329 ;	skipping iCode since result will be rematerialized
                           2330 ;	genPointerSet
                           2331 ;	genMove_o size 1 result type 12 source type 1 a_dead 1 hl_dead 1 de_dead 0 iy_dead 1 f_dead 1
   0753 FD 23         [10] 2332 	inc	iy
   0755 FD 36 00 68   [19] 2333 	ld	0 (iy), #0x68
                           2334 ;	skipping iCode since result will be rematerialized
                           2335 ;	genPointerSet
                           2336 ;	genMove_o size 1 result type 12 source type 1 a_dead 1 hl_dead 1 de_dead 0 iy_dead 1 f_dead 1
   0759 FD 23         [10] 2337 	inc	iy
   075B FD 36 00 64   [19] 2338 	ld	0 (iy), #0x64
                           2339 ;	skipping iCode since result will be rematerialized
                           2340 ;	genPointerSet
                           2341 ;	genMove_o size 1 result type 12 source type 1 a_dead 1 hl_dead 1 de_dead 0 iy_dead 1 f_dead 1
   075F FD 23         [10] 2342 	inc	iy
   0761 FD 36 00 99   [19] 2343 	ld	0 (iy), #0x99
                           2344 ;	skipping iCode since result will be rematerialized
                           2345 ;	genPointerSet
                           2346 ;	genMove_o size 1 result type 12 source type 1 a_dead 1 hl_dead 1 de_dead 0 iy_dead 1 f_dead 1
   0765 FD 23         [10] 2347 	inc	iy
   0767 FD 36 00 0D   [19] 2348 	ld	0 (iy), #0x0d
                           2349 ;	skipping iCode since result will be rematerialized
                           2350 ;	genPointerSet
                           2351 ;	genMove_o size 1 result type 12 source type 1 a_dead 1 hl_dead 1 de_dead 0 iy_dead 1 f_dead 1
   076B FD 23         [10] 2352 	inc	iy
   076D FD 36 00 B6   [19] 2353 	ld	0 (iy), #0xb6
                           2354 ;	skipping iCode since result will be rematerialized
                           2355 ;	genPointerSet
                           2356 ;	genMove_o size 1 result type 12 source type 1 a_dead 1 hl_dead 1 de_dead 0 iy_dead 1 f_dead 1
   0771 FD 23         [10] 2357 	inc	iy
   0773 FD 36 00 CE   [19] 2358 	ld	0 (iy), #0xce
                           2359 ;	skipping iCode since result will be rematerialized
                           2360 ;	genPointerSet
                           2361 ;	genMove_o size 1 result type 12 source type 1 a_dead 1 hl_dead 1 de_dead 0 iy_dead 1 f_dead 1
   0777 FD 23         [10] 2362 	inc	iy
   0779 FD 36 00 98   [19] 2363 	ld	0 (iy), #0x98
                           2364 ;	skipping iCode since result will be rematerialized
                           2365 ;	genPointerSet
                           2366 ;	genMove_o size 1 result type 12 source type 1 a_dead 1 hl_dead 1 de_dead 0 iy_dead 1 f_dead 1
   077D FD 23         [10] 2367 	inc	iy
   077F FD 36 00 06   [19] 2368 	ld	0 (iy), #0x06
                           2369 ;	skipping iCode since result will be rematerialized
                           2370 ;	genPointerSet
                           2371 ;	genMove_o size 1 result type 12 source type 1 a_dead 1 hl_dead 1 de_dead 0 iy_dead 1 f_dead 1
   0783 FD 23         [10] 2372 	inc	iy
   0785 FD 36 00 F6   [19] 2373 	ld	0 (iy), #0xf6
                           2374 ;	skipping iCode since result will be rematerialized
                           2375 ;	genPointerSet
                           2376 ;	genMove_o size 1 result type 12 source type 1 a_dead 1 hl_dead 1 de_dead 0 iy_dead 1 f_dead 1
   0789 FD 23         [10] 2377 	inc	iy
   078B FD 36 00 6B   [19] 2378 	ld	0 (iy), #0x6b
                           2379 ;	skipping iCode since result will be rematerialized
                           2380 ;	genPointerSet
                           2381 ;	genMove_o size 1 result type 12 source type 1 a_dead 1 hl_dead 1 de_dead 0 iy_dead 1 f_dead 1
   078F FD 23         [10] 2382 	inc	iy
   0791 FD 36 00 79   [19] 2383 	ld	0 (iy), #0x79
                           2384 ;	skipping iCode since result will be rematerialized
                           2385 ;	genPointerSet
                           2386 ;	genMove_o size 1 result type 12 source type 1 a_dead 1 hl_dead 1 de_dead 0 iy_dead 1 f_dead 1
   0795 FD 23         [10] 2387 	inc	iy
   0797 FD 36 00 70   [19] 2388 	ld	0 (iy), #0x70
                           2389 ;	skipping iCode since result will be rematerialized
                           2390 ;	genPointerSet
                           2391 ;	genMove_o size 1 result type 12 source type 1 a_dead 1 hl_dead 1 de_dead 0 iy_dead 1 f_dead 1
   079B FD 23         [10] 2392 	inc	iy
   079D FD 36 00 FD   [19] 2393 	ld	0 (iy), #0xfd
                           2394 ;	skipping iCode since result will be rematerialized
                           2395 ;	genPointerSet
                           2396 ;	genMove_o size 1 result type 12 source type 1 a_dead 1 hl_dead 1 de_dead 0 iy_dead 1 f_dead 1
   07A1 FD 23         [10] 2397 	inc	iy
   07A3 FD 36 00 FF   [19] 2398 	ld	0 (iy), #0xff
                           2399 ;	skipping iCode since result will be rematerialized
                           2400 ;	genPointerSet
                           2401 ;	genMove_o size 1 result type 12 source type 1 a_dead 1 hl_dead 1 de_dead 0 iy_dead 1 f_dead 1
   07A7 FD 23         [10] 2402 	inc	iy
   07A9 FD 36 00 86   [19] 2403 	ld	0 (iy), #0x86
                           2404 ;	skipping iCode since result will be rematerialized
                           2405 ;	genPointerSet
                           2406 ;	genMove_o size 1 result type 12 source type 1 a_dead 1 hl_dead 1 de_dead 0 iy_dead 1 f_dead 1
   07AD FD 23         [10] 2407 	inc	iy
   07AF FD 36 00 17   [19] 2408 	ld	0 (iy), #0x17
                           2409 ;	skipping iCode since result will be rematerialized
                           2410 ;	genPointerSet
                           2411 ;	genMove_o size 1 result type 12 source type 1 a_dead 1 hl_dead 1 de_dead 0 iy_dead 1 f_dead 1
   07B3 FD 23         [10] 2412 	inc	iy
   07B5 FD 36 00 18   [19] 2413 	ld	0 (iy), #0x18
                           2414 ;	skipping iCode since result will be rematerialized
                           2415 ;	genPointerSet
                           2416 ;	genMove_o size 1 result type 12 source type 1 a_dead 1 hl_dead 1 de_dead 0 iy_dead 1 f_dead 1
   07B9 FD 23         [10] 2417 	inc	iy
   07BB FD 36 00 7B   [19] 2418 	ld	0 (iy), #0x7b
                           2419 ;	skipping iCode since result will be rematerialized
                           2420 ;	genPointerSet
                           2421 ;	genMove_o size 1 result type 12 source type 1 a_dead 1 hl_dead 1 de_dead 0 iy_dead 1 f_dead 1
   07BF FD 23         [10] 2422 	inc	iy
   07C1 FD 36 00 B9   [19] 2423 	ld	0 (iy), #0xb9
                           2424 ;	skipping iCode since result will be rematerialized
                           2425 ;	genPointerSet
                           2426 ;	genMove_o size 1 result type 12 source type 1 a_dead 1 hl_dead 1 de_dead 0 iy_dead 1 f_dead 1
   07C5 FD 23         [10] 2427 	inc	iy
   07C7 FD 36 00 FF   [19] 2428 	ld	0 (iy), #0xff
                           2429 ;	skipping iCode since result will be rematerialized
                           2430 ;	genPointerSet
                           2431 ;	genMove_o size 1 result type 12 source type 1 a_dead 1 hl_dead 1 de_dead 0 iy_dead 1 f_dead 1
   07CB FD 23         [10] 2432 	inc	iy
   07CD FD 36 00 FD   [19] 2433 	ld	0 (iy), #0xfd
                           2434 ;	skipping iCode since result will be rematerialized
                           2435 ;	genPointerSet
                           2436 ;	genMove_o size 1 result type 12 source type 1 a_dead 1 hl_dead 1 de_dead 0 iy_dead 1 f_dead 1
   07D1 FD 23         [10] 2437 	inc	iy
   07D3 FD 36 00 FF   [19] 2438 	ld	0 (iy), #0xff
                           2439 ;	skipping iCode since result will be rematerialized
                           2440 ;	genPointerSet
                           2441 ;	genMove_o size 1 result type 12 source type 1 a_dead 1 hl_dead 1 de_dead 0 iy_dead 1 f_dead 1
   07D7 FD 23         [10] 2442 	inc	iy
   07D9 FD 36 00 5A   [19] 2443 	ld	0 (iy), #0x5a
                           2444 ;	skipping iCode since result will be rematerialized
                           2445 ;	genPointerSet
                           2446 ;	genMove_o size 1 result type 12 source type 1 a_dead 1 hl_dead 1 de_dead 0 iy_dead 1 f_dead 1
   07DD FD 23         [10] 2447 	inc	iy
   07DF FD 36 00 E4   [19] 2448 	ld	0 (iy), #0xe4
                           2449 ;	skipping iCode since result will be rematerialized
                           2450 ;	genPointerSet
                           2451 ;	genMove_o size 1 result type 12 source type 1 a_dead 1 hl_dead 1 de_dead 0 iy_dead 1 f_dead 1
   07E3 FD 23         [10] 2452 	inc	iy
   07E5 FD 36 00 DF   [19] 2453 	ld	0 (iy), #0xdf
                           2454 ;	skipping iCode since result will be rematerialized
                           2455 ;	genPointerSet
                           2456 ;	genMove_o size 1 result type 12 source type 1 a_dead 1 hl_dead 1 de_dead 0 iy_dead 1 f_dead 1
   07E9 FD 23         [10] 2457 	inc	iy
   07EB FD 36 00 3E   [19] 2458 	ld	0 (iy), #0x3e
                           2459 ;	skipping iCode since result will be rematerialized
                           2460 ;	genPointerSet
                           2461 ;	genMove_o size 1 result type 12 source type 1 a_dead 1 hl_dead 1 de_dead 0 iy_dead 1 f_dead 1
   07EF FD 23         [10] 2462 	inc	iy
   07F1 FD 36 00 DB   [19] 2463 	ld	0 (iy), #0xdb
                           2464 ;	skipping iCode since result will be rematerialized
                           2465 ;	genPointerSet
                           2466 ;	genMove_o size 1 result type 12 source type 1 a_dead 1 hl_dead 1 de_dead 0 iy_dead 1 f_dead 1
   07F5 FD 23         [10] 2467 	inc	iy
   07F7 FD 36 00 D5   [19] 2468 	ld	0 (iy), #0xd5
                           2469 ;	skipping iCode since result will be rematerialized
                           2470 ;	genPointerSet
                           2471 ;	genMove_o size 1 result type 12 source type 1 a_dead 1 hl_dead 1 de_dead 0 iy_dead 1 f_dead 1
   07FB FD 23         [10] 2472 	inc	iy
   07FD FD 36 00 D3   [19] 2473 	ld	0 (iy), #0xd3
                           2474 ;	skipping iCode since result will be rematerialized
                           2475 ;	genPointerSet
                           2476 ;	genMove_o size 1 result type 12 source type 1 a_dead 1 hl_dead 1 de_dead 0 iy_dead 1 f_dead 1
   0801 FD 23         [10] 2477 	inc	iy
   0803 FD 36 00 5E   [19] 2478 	ld	0 (iy), #0x5e
                           2479 ;	skipping iCode since result will be rematerialized
                           2480 ;	genPointerSet
                           2481 ;	genMove_o size 1 result type 12 source type 1 a_dead 1 hl_dead 1 de_dead 0 iy_dead 1 f_dead 1
   0807 FD 23         [10] 2482 	inc	iy
   0809 FD 36 00 5B   [19] 2483 	ld	0 (iy), #0x5b
                           2484 ;	skipping iCode since result will be rematerialized
                           2485 ;	genPointerSet
                           2486 ;	genMove_o size 1 result type 12 source type 1 a_dead 1 hl_dead 1 de_dead 0 iy_dead 1 f_dead 1
   080D FD 23         [10] 2487 	inc	iy
   080F FD 36 00 4F   [19] 2488 	ld	0 (iy), #0x4f
                           2489 ;	skipping iCode since result will be rematerialized
                           2490 ;	genPointerSet
                           2491 ;	genMove_o size 1 result type 12 source type 1 a_dead 1 hl_dead 1 de_dead 0 iy_dead 1 f_dead 1
   0813 FD 23         [10] 2492 	inc	iy
   0815 FD 36 00 09   [19] 2493 	ld	0 (iy), #0x09
                           2494 ;	skipping iCode since result will be rematerialized
                           2495 ;	genPointerSet
                           2496 ;	genMove_o size 1 result type 12 source type 1 a_dead 1 hl_dead 1 de_dead 0 iy_dead 1 f_dead 1
   0819 FD 23         [10] 2497 	inc	iy
   081B FD 36 00 02   [19] 2498 	ld	0 (iy), #0x02
                           2499 ;	skipping iCode since result will be rematerialized
                           2500 ;	genPointerSet
                           2501 ;	genMove_o size 1 result type 12 source type 1 a_dead 1 hl_dead 1 de_dead 0 iy_dead 1 f_dead 1
   081F FD 23         [10] 2502 	inc	iy
   0821 FD 36 00 0D   [19] 2503 	ld	0 (iy), #0x0d
                           2504 ;	skipping iCode since result will be rematerialized
                           2505 ;	genPointerSet
                           2506 ;	genMove_o size 1 result type 12 source type 1 a_dead 1 hl_dead 1 de_dead 0 iy_dead 1 f_dead 1
   0825 FD 23         [10] 2507 	inc	iy
   0827 FD 36 00 B0   [19] 2508 	ld	0 (iy), #0xb0
                           2509 ;	skipping iCode since result will be rematerialized
                           2510 ;	genPointerSet
                           2511 ;	genMove_o size 1 result type 12 source type 1 a_dead 1 hl_dead 1 de_dead 0 iy_dead 1 f_dead 1
   082B FD 23         [10] 2512 	inc	iy
   082D FD 36 00 3E   [19] 2513 	ld	0 (iy), #0x3e
                           2514 ;	skipping iCode since result will be rematerialized
                           2515 ;	genPointerSet
                           2516 ;	genMove_o size 1 result type 12 source type 1 a_dead 1 hl_dead 1 de_dead 0 iy_dead 1 f_dead 1
   0831 FD 23         [10] 2517 	inc	iy
   0833 FD 36 00 AB   [19] 2518 	ld	0 (iy), #0xab
                           2519 ;	skipping iCode since result will be rematerialized
                           2520 ;	genPointerSet
                           2521 ;	genMove_o size 1 result type 12 source type 1 a_dead 1 hl_dead 1 de_dead 0 iy_dead 1 f_dead 1
   0837 FD 23         [10] 2522 	inc	iy
   0839 FD 36 00 1E   [19] 2523 	ld	0 (iy), #0x1e
                           2524 ;	skipping iCode since result will be rematerialized
                           2525 ;	genPointerSet
                           2526 ;	genMove_o size 1 result type 12 source type 1 a_dead 1 hl_dead 1 de_dead 0 iy_dead 1 f_dead 1
   083D FD 23         [10] 2527 	inc	iy
   083F FD 36 00 03   [19] 2528 	ld	0 (iy), #0x03
                           2529 ;	skipping iCode since result will be rematerialized
                           2530 ;	genPointerSet
                           2531 ;	genMove_o size 1 result type 12 source type 1 a_dead 1 hl_dead 1 de_dead 0 iy_dead 1 f_dead 1
   0843 FD 23         [10] 2532 	inc	iy
   0845 FD 36 00 1D   [19] 2533 	ld	0 (iy), #0x1d
                           2534 ;	skipping iCode since result will be rematerialized
                           2535 ;	genPointerSet
                           2536 ;	genMove_o size 1 result type 12 source type 1 a_dead 1 hl_dead 1 de_dead 0 iy_dead 1 f_dead 1
   0849 FD 23         [10] 2537 	inc	iy
   084B FD 36 00 DA   [19] 2538 	ld	0 (iy), #0xda
                           2539 ;	skipping iCode since result will be rematerialized
                           2540 ;	genPointerSet
                           2541 ;	genMove_o size 1 result type 12 source type 1 a_dead 1 hl_dead 1 de_dead 0 iy_dead 1 f_dead 1
   084F FD 23         [10] 2542 	inc	iy
   0851 FD 36 00 2F   [19] 2543 	ld	0 (iy), #0x2f
                           2544 ;	skipping iCode since result will be rematerialized
                           2545 ;	genPointerSet
                           2546 ;	genMove_o size 1 result type 12 source type 1 a_dead 1 hl_dead 1 de_dead 0 iy_dead 1 f_dead 1
   0855 FD 23         [10] 2547 	inc	iy
   0857 FD 36 00 BE   [19] 2548 	ld	0 (iy), #0xbe
                           2549 ;	skipping iCode since result will be rematerialized
                           2550 ;	genPointerSet
                           2551 ;	genMove_o size 1 result type 12 source type 1 a_dead 1 hl_dead 1 de_dead 0 iy_dead 1 f_dead 1
   085B FD 23         [10] 2552 	inc	iy
   085D FD 36 00 03   [19] 2553 	ld	0 (iy), #0x03
                           2554 ;	skipping iCode since result will be rematerialized
                           2555 ;	genPointerSet
                           2556 ;	genMove_o size 1 result type 12 source type 1 a_dead 1 hl_dead 1 de_dead 0 iy_dead 1 f_dead 1
   0861 FD 23         [10] 2557 	inc	iy
   0863 FD 36 00 D1   [19] 2558 	ld	0 (iy), #0xd1
                           2559 ;	skipping iCode since result will be rematerialized
                           2560 ;	genPointerSet
                           2561 ;	genMove_o size 1 result type 12 source type 1 a_dead 1 hl_dead 1 de_dead 0 iy_dead 1 f_dead 1
   0867 FD 23         [10] 2562 	inc	iy
   0869 FD 36 00 79   [19] 2563 	ld	0 (iy), #0x79
                           2564 ;	skipping iCode since result will be rematerialized
                           2565 ;	genPointerSet
                           2566 ;	genMove_o size 1 result type 12 source type 1 a_dead 1 hl_dead 1 de_dead 0 iy_dead 1 f_dead 1
   086D FD 23         [10] 2567 	inc	iy
   086F FD 36 00 21   [19] 2568 	ld	0 (iy), #0x21
                           2569 ;	skipping iCode since result will be rematerialized
                           2570 ;	genPointerSet
                           2571 ;	genMove_o size 1 result type 12 source type 1 a_dead 1 hl_dead 1 de_dead 0 iy_dead 1 f_dead 1
   0873 FD 23         [10] 2572 	inc	iy
   0875 FD 36 00 70   [19] 2573 	ld	0 (iy), #0x70
                           2574 ;	skipping iCode since result will be rematerialized
                           2575 ;	genPointerSet
                           2576 ;	genMove_o size 1 result type 12 source type 1 a_dead 1 hl_dead 1 de_dead 0 iy_dead 1 f_dead 1
   0879 FD 23         [10] 2577 	inc	iy
   087B FD 36 00 A0   [19] 2578 	ld	0 (iy), #0xa0
                           2579 ;	skipping iCode since result will be rematerialized
                           2580 ;	genPointerSet
                           2581 ;	genMove_o size 1 result type 12 source type 1 a_dead 1 hl_dead 1 de_dead 0 iy_dead 1 f_dead 1
   087F FD 23         [10] 2582 	inc	iy
   0881 FD 36 00 F3   [19] 2583 	ld	0 (iy), #0xf3
                           2584 ;	skipping iCode since result will be rematerialized
                           2585 ;	genPointerSet
                           2586 ;	genMove_o size 1 result type 12 source type 1 a_dead 1 hl_dead 1 de_dead 0 iy_dead 1 f_dead 1
   0885 FD 23         [10] 2587 	inc	iy
   0887 FD 36 00 00   [19] 2588 	ld	0 (iy), #0x00
                           2589 ;	skipping iCode since result will be rematerialized
                           2590 ;	genPointerSet
                           2591 ;	genMove_o size 1 result type 12 source type 1 a_dead 1 hl_dead 1 de_dead 0 iy_dead 1 f_dead 1
   088B FD 23         [10] 2592 	inc	iy
   088D FD 36 00 9C   [19] 2593 	ld	0 (iy), #0x9c
                           2594 ;	skipping iCode since result will be rematerialized
                           2595 ;	genPointerSet
                           2596 ;	genMove_o size 1 result type 12 source type 1 a_dead 1 hl_dead 1 de_dead 0 iy_dead 1 f_dead 1
   0891 FD 23         [10] 2597 	inc	iy
   0893 FD 36 00 EE   [19] 2598 	ld	0 (iy), #0xee
                           2599 ;cases/tinyaes/tinyaes_mode_CTR_keylen_128.c:774: uint8_t iv[16]  = { 0xf0, 0xf1, 0xf2, 0xf3, 0xf4, 0xf5, 0xf6, 0xf7, 0xf8, 0xf9, 0xfa, 0xfb, 0xfc, 0xfd, 0xfe, 0xff };
                           2600 ;	skipping iCode since result will be rematerialized
                           2601 ;	genPointerSet
                           2602 ;	genMove_o size 1 result type 12 source type 1 a_dead 1 hl_dead 1 de_dead 0 iy_dead 1 f_dead 1
   0897 FD 23         [10] 2603 	inc	iy
   0899 FD 36 00 F0   [19] 2604 	ld	0 (iy), #0xf0
                           2605 ;	skipping iCode since result will be rematerialized
                           2606 ;	genPointerSet
                           2607 ;	genMove_o size 1 result type 12 source type 1 a_dead 1 hl_dead 1 de_dead 0 iy_dead 1 f_dead 1
   089D FD 23         [10] 2608 	inc	iy
   089F FD 36 00 F1   [19] 2609 	ld	0 (iy), #0xf1
                           2610 ;	skipping iCode since result will be rematerialized
                           2611 ;	genPointerSet
                           2612 ;	genMove_o size 1 result type 12 source type 1 a_dead 1 hl_dead 1 de_dead 0 iy_dead 1 f_dead 1
   08A3 FD 23         [10] 2613 	inc	iy
   08A5 FD 36 00 F2   [19] 2614 	ld	0 (iy), #0xf2
                           2615 ;	skipping iCode since result will be rematerialized
                           2616 ;	genPointerSet
                           2617 ;	genMove_o size 1 result type 12 source type 1 a_dead 1 hl_dead 1 de_dead 0 iy_dead 1 f_dead 1
   08A9 FD 23         [10] 2618 	inc	iy
   08AB FD 36 00 F3   [19] 2619 	ld	0 (iy), #0xf3
                           2620 ;	skipping iCode since result will be rematerialized
                           2621 ;	genPointerSet
                           2622 ;	genMove_o size 1 result type 12 source type 1 a_dead 1 hl_dead 1 de_dead 0 iy_dead 1 f_dead 1
   08AF FD 23         [10] 2623 	inc	iy
   08B1 FD 36 00 F4   [19] 2624 	ld	0 (iy), #0xf4
                           2625 ;	skipping iCode since result will be rematerialized
                           2626 ;	genPointerSet
                           2627 ;	genMove_o size 1 result type 12 source type 1 a_dead 1 hl_dead 1 de_dead 0 iy_dead 1 f_dead 1
   08B5 FD 23         [10] 2628 	inc	iy
   08B7 FD 36 00 F5   [19] 2629 	ld	0 (iy), #0xf5
                           2630 ;	skipping iCode since result will be rematerialized
                           2631 ;	genPointerSet
                           2632 ;	genMove_o size 1 result type 12 source type 1 a_dead 1 hl_dead 1 de_dead 0 iy_dead 1 f_dead 1
   08BB FD 23         [10] 2633 	inc	iy
   08BD FD 36 00 F6   [19] 2634 	ld	0 (iy), #0xf6
                           2635 ;	skipping iCode since result will be rematerialized
                           2636 ;	genPointerSet
                           2637 ;	genMove_o size 1 result type 12 source type 1 a_dead 1 hl_dead 1 de_dead 0 iy_dead 1 f_dead 1
   08C1 FD 23         [10] 2638 	inc	iy
   08C3 FD 36 00 F7   [19] 2639 	ld	0 (iy), #0xf7
                           2640 ;	skipping iCode since result will be rematerialized
                           2641 ;	genPointerSet
                           2642 ;	genMove_o size 1 result type 12 source type 1 a_dead 1 hl_dead 1 de_dead 0 iy_dead 1 f_dead 1
   08C7 FD 23         [10] 2643 	inc	iy
   08C9 FD 36 00 F8   [19] 2644 	ld	0 (iy), #0xf8
                           2645 ;	skipping iCode since result will be rematerialized
                           2646 ;	genPointerSet
                           2647 ;	genMove_o size 1 result type 12 source type 1 a_dead 1 hl_dead 1 de_dead 0 iy_dead 1 f_dead 1
   08CD FD 23         [10] 2648 	inc	iy
   08CF FD 36 00 F9   [19] 2649 	ld	0 (iy), #0xf9
                           2650 ;	skipping iCode since result will be rematerialized
                           2651 ;	genPointerSet
                           2652 ;	genMove_o size 1 result type 12 source type 1 a_dead 1 hl_dead 1 de_dead 0 iy_dead 1 f_dead 1
   08D3 FD 23         [10] 2653 	inc	iy
   08D5 FD 36 00 FA   [19] 2654 	ld	0 (iy), #0xfa
                           2655 ;	skipping iCode since result will be rematerialized
                           2656 ;	genPointerSet
                           2657 ;	genMove_o size 1 result type 12 source type 1 a_dead 1 hl_dead 1 de_dead 0 iy_dead 1 f_dead 1
   08D9 FD 23         [10] 2658 	inc	iy
   08DB FD 36 00 FB   [19] 2659 	ld	0 (iy), #0xfb
                           2660 ;	skipping iCode since result will be rematerialized
                           2661 ;	genPointerSet
                           2662 ;	genMove_o size 1 result type 12 source type 1 a_dead 1 hl_dead 1 de_dead 0 iy_dead 1 f_dead 1
   08DF FD 23         [10] 2663 	inc	iy
   08E1 FD 36 00 FC   [19] 2664 	ld	0 (iy), #0xfc
                           2665 ;	skipping iCode since result will be rematerialized
                           2666 ;	genPointerSet
                           2667 ;	genMove_o size 1 result type 12 source type 1 a_dead 1 hl_dead 1 de_dead 0 iy_dead 1 f_dead 1
   08E5 FD 23         [10] 2668 	inc	iy
   08E7 FD 36 00 FD   [19] 2669 	ld	0 (iy), #0xfd
                           2670 ;	skipping iCode since result will be rematerialized
                           2671 ;	genPointerSet
                           2672 ;	genMove_o size 1 result type 12 source type 1 a_dead 1 hl_dead 1 de_dead 0 iy_dead 1 f_dead 1
   08EB FD 23         [10] 2673 	inc	iy
   08ED FD 36 00 FE   [19] 2674 	ld	0 (iy), #0xfe
                           2675 ;	skipping iCode since result will be rematerialized
                           2676 ;	genPointerSet
                           2677 ;	genMove_o size 1 result type 12 source type 1 a_dead 1 hl_dead 1 de_dead 0 iy_dead 1 f_dead 1
   08F1 FD 23         [10] 2678 	inc	iy
   08F3 FD 36 00 FF   [19] 2679 	ld	0 (iy), #0xff
                           2680 ;cases/tinyaes/tinyaes_mode_CTR_keylen_128.c:775: uint8_t out[64] = { 0x6b, 0xc1, 0xbe, 0xe2, 0x2e, 0x40, 0x9f, 0x96, 0xe9, 0x3d, 0x7e, 0x11, 0x73, 0x93, 0x17, 0x2a,
                           2681 ;	skipping iCode since result will be rematerialized
                           2682 ;	genPointerSet
                           2683 ;	genMove_o size 1 result type 12 source type 1 a_dead 1 hl_dead 1 de_dead 0 iy_dead 1 f_dead 1
   08F7 FD 23         [10] 2684 	inc	iy
   08F9 FD 36 00 6B   [19] 2685 	ld	0 (iy), #0x6b
                           2686 ;	skipping iCode since result will be rematerialized
                           2687 ;	genPointerSet
                           2688 ;	genMove_o size 1 result type 12 source type 1 a_dead 1 hl_dead 1 de_dead 0 iy_dead 1 f_dead 1
   08FD FD 23         [10] 2689 	inc	iy
   08FF FD 36 00 C1   [19] 2690 	ld	0 (iy), #0xc1
                           2691 ;	skipping iCode since result will be rematerialized
                           2692 ;	genPointerSet
                           2693 ;	genMove_o size 1 result type 12 source type 1 a_dead 1 hl_dead 1 de_dead 0 iy_dead 1 f_dead 1
   0903 FD 23         [10] 2694 	inc	iy
   0905 FD 36 00 BE   [19] 2695 	ld	0 (iy), #0xbe
                           2696 ;	skipping iCode since result will be rematerialized
                           2697 ;	genPointerSet
                           2698 ;	genMove_o size 1 result type 12 source type 1 a_dead 1 hl_dead 1 de_dead 0 iy_dead 1 f_dead 1
   0909 FD 23         [10] 2699 	inc	iy
   090B FD 36 00 E2   [19] 2700 	ld	0 (iy), #0xe2
                           2701 ;	skipping iCode since result will be rematerialized
                           2702 ;	genPointerSet
                           2703 ;	genMove_o size 1 result type 12 source type 1 a_dead 1 hl_dead 1 de_dead 0 iy_dead 1 f_dead 1
   090F FD 23         [10] 2704 	inc	iy
   0911 FD 36 00 2E   [19] 2705 	ld	0 (iy), #0x2e
                           2706 ;	skipping iCode since result will be rematerialized
                           2707 ;	genPointerSet
                           2708 ;	genMove_o size 1 result type 12 source type 1 a_dead 1 hl_dead 1 de_dead 0 iy_dead 1 f_dead 1
   0915 FD 23         [10] 2709 	inc	iy
   0917 FD 36 00 40   [19] 2710 	ld	0 (iy), #0x40
                           2711 ;	skipping iCode since result will be rematerialized
                           2712 ;	genPointerSet
                           2713 ;	genMove_o size 1 result type 12 source type 1 a_dead 1 hl_dead 1 de_dead 0 iy_dead 1 f_dead 1
   091B FD 23         [10] 2714 	inc	iy
   091D FD 36 00 9F   [19] 2715 	ld	0 (iy), #0x9f
                           2716 ;	skipping iCode since result will be rematerialized
                           2717 ;	genPointerSet
                           2718 ;	genMove_o size 1 result type 12 source type 1 a_dead 1 hl_dead 1 de_dead 0 iy_dead 1 f_dead 1
   0921 FD 23         [10] 2719 	inc	iy
   0923 FD 36 00 96   [19] 2720 	ld	0 (iy), #0x96
                           2721 ;	skipping iCode since result will be rematerialized
                           2722 ;	genPointerSet
                           2723 ;	genMove_o size 1 result type 12 source type 1 a_dead 1 hl_dead 1 de_dead 0 iy_dead 1 f_dead 1
   0927 FD 23         [10] 2724 	inc	iy
   0929 FD 36 00 E9   [19] 2725 	ld	0 (iy), #0xe9
                           2726 ;	skipping iCode since result will be rematerialized
                           2727 ;	genPointerSet
                           2728 ;	genMove_o size 1 result type 12 source type 1 a_dead 1 hl_dead 1 de_dead 0 iy_dead 1 f_dead 1
   092D FD 23         [10] 2729 	inc	iy
   092F FD 36 00 3D   [19] 2730 	ld	0 (iy), #0x3d
                           2731 ;	skipping iCode since result will be rematerialized
                           2732 ;	genPointerSet
                           2733 ;	genMove_o size 1 result type 12 source type 1 a_dead 1 hl_dead 1 de_dead 0 iy_dead 1 f_dead 1
   0933 FD 23         [10] 2734 	inc	iy
   0935 FD 36 00 7E   [19] 2735 	ld	0 (iy), #0x7e
                           2736 ;	skipping iCode since result will be rematerialized
                           2737 ;	genPointerSet
                           2738 ;	genMove_o size 1 result type 12 source type 1 a_dead 1 hl_dead 1 de_dead 0 iy_dead 1 f_dead 1
   0939 FD 23         [10] 2739 	inc	iy
   093B FD 36 00 11   [19] 2740 	ld	0 (iy), #0x11
                           2741 ;	skipping iCode since result will be rematerialized
                           2742 ;	genPointerSet
                           2743 ;	genMove_o size 1 result type 12 source type 1 a_dead 1 hl_dead 1 de_dead 0 iy_dead 1 f_dead 1
   093F FD 23         [10] 2744 	inc	iy
   0941 FD 36 00 73   [19] 2745 	ld	0 (iy), #0x73
                           2746 ;	skipping iCode since result will be rematerialized
                           2747 ;	genPointerSet
                           2748 ;	genMove_o size 1 result type 12 source type 1 a_dead 1 hl_dead 1 de_dead 0 iy_dead 1 f_dead 1
   0945 FD 23         [10] 2749 	inc	iy
   0947 FD 36 00 93   [19] 2750 	ld	0 (iy), #0x93
                           2751 ;	skipping iCode since result will be rematerialized
                           2752 ;	genPointerSet
                           2753 ;	genMove_o size 1 result type 12 source type 1 a_dead 1 hl_dead 1 de_dead 0 iy_dead 1 f_dead 1
   094B FD 23         [10] 2754 	inc	iy
   094D FD 36 00 17   [19] 2755 	ld	0 (iy), #0x17
                           2756 ;	skipping iCode since result will be rematerialized
                           2757 ;	genPointerSet
                           2758 ;	genMove_o size 1 result type 12 source type 1 a_dead 1 hl_dead 1 de_dead 0 iy_dead 1 f_dead 1
   0951 FD 23         [10] 2759 	inc	iy
   0953 FD 36 00 2A   [19] 2760 	ld	0 (iy), #0x2a
                           2761 ;	skipping iCode since result will be rematerialized
                           2762 ;	genPointerSet
                           2763 ;	genMove_o size 1 result type 12 source type 1 a_dead 1 hl_dead 1 de_dead 0 iy_dead 1 f_dead 1
   0957 FD 23         [10] 2764 	inc	iy
   0959 FD 36 00 AE   [19] 2765 	ld	0 (iy), #0xae
                           2766 ;	skipping iCode since result will be rematerialized
                           2767 ;	genPointerSet
                           2768 ;	genMove_o size 1 result type 12 source type 1 a_dead 1 hl_dead 1 de_dead 0 iy_dead 1 f_dead 1
   095D FD 23         [10] 2769 	inc	iy
   095F FD 36 00 2D   [19] 2770 	ld	0 (iy), #0x2d
                           2771 ;	skipping iCode since result will be rematerialized
                           2772 ;	genPointerSet
                           2773 ;	genMove_o size 1 result type 12 source type 1 a_dead 1 hl_dead 1 de_dead 0 iy_dead 1 f_dead 1
   0963 FD 23         [10] 2774 	inc	iy
   0965 FD 36 00 8A   [19] 2775 	ld	0 (iy), #0x8a
                           2776 ;	skipping iCode since result will be rematerialized
                           2777 ;	genPointerSet
                           2778 ;	genMove_o size 1 result type 12 source type 1 a_dead 1 hl_dead 1 de_dead 0 iy_dead 1 f_dead 1
   0969 FD 23         [10] 2779 	inc	iy
   096B FD 36 00 57   [19] 2780 	ld	0 (iy), #0x57
                           2781 ;	skipping iCode since result will be rematerialized
                           2782 ;	genPointerSet
                           2783 ;	genMove_o size 1 result type 12 source type 1 a_dead 1 hl_dead 1 de_dead 0 iy_dead 1 f_dead 1
   096F FD 23         [10] 2784 	inc	iy
   0971 FD 36 00 1E   [19] 2785 	ld	0 (iy), #0x1e
                           2786 ;	skipping iCode since result will be rematerialized
                           2787 ;	genPointerSet
                           2788 ;	genMove_o size 1 result type 12 source type 1 a_dead 1 hl_dead 1 de_dead 0 iy_dead 1 f_dead 1
   0975 FD 23         [10] 2789 	inc	iy
   0977 FD 36 00 03   [19] 2790 	ld	0 (iy), #0x03
                           2791 ;	skipping iCode since result will be rematerialized
                           2792 ;	genPointerSet
                           2793 ;	genMove_o size 1 result type 12 source type 1 a_dead 1 hl_dead 1 de_dead 0 iy_dead 1 f_dead 1
   097B FD 23         [10] 2794 	inc	iy
   097D FD 36 00 AC   [19] 2795 	ld	0 (iy), #0xac
                           2796 ;	skipping iCode since result will be rematerialized
                           2797 ;	genPointerSet
                           2798 ;	genMove_o size 1 result type 12 source type 1 a_dead 1 hl_dead 1 de_dead 0 iy_dead 1 f_dead 1
   0981 FD 23         [10] 2799 	inc	iy
   0983 FD 36 00 9C   [19] 2800 	ld	0 (iy), #0x9c
                           2801 ;	skipping iCode since result will be rematerialized
                           2802 ;	genPointerSet
                           2803 ;	genMove_o size 1 result type 12 source type 1 a_dead 1 hl_dead 1 de_dead 0 iy_dead 1 f_dead 1
   0987 FD 23         [10] 2804 	inc	iy
   0989 FD 36 00 9E   [19] 2805 	ld	0 (iy), #0x9e
                           2806 ;	skipping iCode since result will be rematerialized
                           2807 ;	genPointerSet
                           2808 ;	genMove_o size 1 result type 12 source type 1 a_dead 1 hl_dead 1 de_dead 0 iy_dead 1 f_dead 1
   098D FD 23         [10] 2809 	inc	iy
   098F FD 36 00 B7   [19] 2810 	ld	0 (iy), #0xb7
                           2811 ;	skipping iCode since result will be rematerialized
                           2812 ;	genPointerSet
                           2813 ;	genMove_o size 1 result type 12 source type 1 a_dead 1 hl_dead 1 de_dead 0 iy_dead 1 f_dead 1
   0993 FD 23         [10] 2814 	inc	iy
   0995 FD 36 00 6F   [19] 2815 	ld	0 (iy), #0x6f
                           2816 ;	skipping iCode since result will be rematerialized
                           2817 ;	genPointerSet
                           2818 ;	genMove_o size 1 result type 12 source type 1 a_dead 1 hl_dead 1 de_dead 0 iy_dead 1 f_dead 1
   0999 FD 23         [10] 2819 	inc	iy
   099B FD 36 00 AC   [19] 2820 	ld	0 (iy), #0xac
                           2821 ;	skipping iCode since result will be rematerialized
                           2822 ;	genPointerSet
                           2823 ;	genMove_o size 1 result type 12 source type 1 a_dead 1 hl_dead 1 de_dead 0 iy_dead 1 f_dead 1
   099F FD 23         [10] 2824 	inc	iy
   09A1 FD 36 00 45   [19] 2825 	ld	0 (iy), #0x45
                           2826 ;	skipping iCode since result will be rematerialized
                           2827 ;	genPointerSet
                           2828 ;	genMove_o size 1 result type 12 source type 1 a_dead 1 hl_dead 1 de_dead 0 iy_dead 1 f_dead 1
   09A5 FD 23         [10] 2829 	inc	iy
   09A7 FD 36 00 AF   [19] 2830 	ld	0 (iy), #0xaf
                           2831 ;	skipping iCode since result will be rematerialized
                           2832 ;	genPointerSet
                           2833 ;	genMove_o size 1 result type 12 source type 1 a_dead 1 hl_dead 1 de_dead 0 iy_dead 1 f_dead 1
   09AB FD 23         [10] 2834 	inc	iy
   09AD FD 36 00 8E   [19] 2835 	ld	0 (iy), #0x8e
                           2836 ;	skipping iCode since result will be rematerialized
                           2837 ;	genPointerSet
                           2838 ;	genMove_o size 1 result type 12 source type 1 a_dead 1 hl_dead 1 de_dead 0 iy_dead 1 f_dead 1
   09B1 FD 23         [10] 2839 	inc	iy
   09B3 FD 36 00 51   [19] 2840 	ld	0 (iy), #0x51
                           2841 ;	skipping iCode since result will be rematerialized
                           2842 ;	genPointerSet
                           2843 ;	genMove_o size 1 result type 12 source type 1 a_dead 1 hl_dead 1 de_dead 0 iy_dead 1 f_dead 1
   09B7 FD 23         [10] 2844 	inc	iy
   09B9 FD 36 00 30   [19] 2845 	ld	0 (iy), #0x30
                           2846 ;	skipping iCode since result will be rematerialized
                           2847 ;	genPointerSet
                           2848 ;	genMove_o size 1 result type 12 source type 1 a_dead 1 hl_dead 1 de_dead 0 iy_dead 1 f_dead 1
   09BD FD 23         [10] 2849 	inc	iy
   09BF FD 36 00 C8   [19] 2850 	ld	0 (iy), #0xc8
                           2851 ;	skipping iCode since result will be rematerialized
                           2852 ;	genPointerSet
                           2853 ;	genMove_o size 1 result type 12 source type 1 a_dead 1 hl_dead 1 de_dead 0 iy_dead 1 f_dead 1
   09C3 FD 23         [10] 2854 	inc	iy
   09C5 FD 36 00 1C   [19] 2855 	ld	0 (iy), #0x1c
                           2856 ;	skipping iCode since result will be rematerialized
                           2857 ;	genPointerSet
                           2858 ;	genMove_o size 1 result type 12 source type 1 a_dead 1 hl_dead 1 de_dead 0 iy_dead 1 f_dead 1
   09C9 FD 23         [10] 2859 	inc	iy
   09CB FD 36 00 46   [19] 2860 	ld	0 (iy), #0x46
                           2861 ;	skipping iCode since result will be rematerialized
                           2862 ;	genPointerSet
                           2863 ;	genMove_o size 1 result type 12 source type 1 a_dead 1 hl_dead 1 de_dead 0 iy_dead 1 f_dead 1
   09CF FD 23         [10] 2864 	inc	iy
   09D1 FD 36 00 A3   [19] 2865 	ld	0 (iy), #0xa3
                           2866 ;	skipping iCode since result will be rematerialized
                           2867 ;	genPointerSet
                           2868 ;	genMove_o size 1 result type 12 source type 1 a_dead 1 hl_dead 1 de_dead 0 iy_dead 1 f_dead 1
   09D5 FD 23         [10] 2869 	inc	iy
   09D7 FD 36 00 5C   [19] 2870 	ld	0 (iy), #0x5c
                           2871 ;	skipping iCode since result will be rematerialized
                           2872 ;	genPointerSet
                           2873 ;	genMove_o size 1 result type 12 source type 1 a_dead 1 hl_dead 1 de_dead 0 iy_dead 1 f_dead 1
   09DB FD 23         [10] 2874 	inc	iy
   09DD FD 36 00 E4   [19] 2875 	ld	0 (iy), #0xe4
                           2876 ;	skipping iCode since result will be rematerialized
                           2877 ;	genPointerSet
                           2878 ;	genMove_o size 1 result type 12 source type 1 a_dead 1 hl_dead 1 de_dead 0 iy_dead 1 f_dead 1
   09E1 FD 23         [10] 2879 	inc	iy
   09E3 FD 36 00 11   [19] 2880 	ld	0 (iy), #0x11
                           2881 ;	skipping iCode since result will be rematerialized
                           2882 ;	genPointerSet
                           2883 ;	genMove_o size 1 result type 12 source type 1 a_dead 1 hl_dead 1 de_dead 0 iy_dead 1 f_dead 1
   09E7 FD 23         [10] 2884 	inc	iy
   09E9 FD 36 00 E5   [19] 2885 	ld	0 (iy), #0xe5
                           2886 ;	skipping iCode since result will be rematerialized
                           2887 ;	genPointerSet
                           2888 ;	genMove_o size 1 result type 12 source type 1 a_dead 1 hl_dead 1 de_dead 0 iy_dead 1 f_dead 1
   09ED FD 23         [10] 2889 	inc	iy
   09EF FD 36 00 FB   [19] 2890 	ld	0 (iy), #0xfb
                           2891 ;	skipping iCode since result will be rematerialized
                           2892 ;	genPointerSet
                           2893 ;	genMove_o size 1 result type 12 source type 1 a_dead 1 hl_dead 1 de_dead 0 iy_dead 1 f_dead 1
   09F3 FD 23         [10] 2894 	inc	iy
   09F5 FD 36 00 C1   [19] 2895 	ld	0 (iy), #0xc1
                           2896 ;	skipping iCode since result will be rematerialized
                           2897 ;	genPointerSet
                           2898 ;	genMove_o size 1 result type 12 source type 1 a_dead 1 hl_dead 1 de_dead 0 iy_dead 1 f_dead 1
   09F9 FD 23         [10] 2899 	inc	iy
   09FB FD 36 00 19   [19] 2900 	ld	0 (iy), #0x19
                           2901 ;	skipping iCode since result will be rematerialized
                           2902 ;	genPointerSet
                           2903 ;	genMove_o size 1 result type 12 source type 1 a_dead 1 hl_dead 1 de_dead 0 iy_dead 1 f_dead 1
   09FF FD 23         [10] 2904 	inc	iy
   0A01 FD 36 00 1A   [19] 2905 	ld	0 (iy), #0x1a
                           2906 ;	skipping iCode since result will be rematerialized
                           2907 ;	genPointerSet
                           2908 ;	genMove_o size 1 result type 12 source type 1 a_dead 1 hl_dead 1 de_dead 0 iy_dead 1 f_dead 1
   0A05 FD 23         [10] 2909 	inc	iy
   0A07 FD 36 00 0A   [19] 2910 	ld	0 (iy), #0x0a
                           2911 ;	skipping iCode since result will be rematerialized
                           2912 ;	genPointerSet
                           2913 ;	genMove_o size 1 result type 12 source type 1 a_dead 1 hl_dead 1 de_dead 0 iy_dead 1 f_dead 1
   0A0B FD 23         [10] 2914 	inc	iy
   0A0D FD 36 00 52   [19] 2915 	ld	0 (iy), #0x52
                           2916 ;	skipping iCode since result will be rematerialized
                           2917 ;	genPointerSet
                           2918 ;	genMove_o size 1 result type 12 source type 1 a_dead 1 hl_dead 1 de_dead 0 iy_dead 1 f_dead 1
   0A11 FD 23         [10] 2919 	inc	iy
   0A13 FD 36 00 EF   [19] 2920 	ld	0 (iy), #0xef
                           2921 ;	skipping iCode since result will be rematerialized
                           2922 ;	genPointerSet
                           2923 ;	genMove_o size 1 result type 12 source type 1 a_dead 1 hl_dead 1 de_dead 0 iy_dead 1 f_dead 1
   0A17 FD 23         [10] 2924 	inc	iy
   0A19 FD 36 00 F6   [19] 2925 	ld	0 (iy), #0xf6
                           2926 ;	skipping iCode since result will be rematerialized
                           2927 ;	genPointerSet
                           2928 ;	genMove_o size 1 result type 12 source type 1 a_dead 1 hl_dead 1 de_dead 0 iy_dead 1 f_dead 1
   0A1D FD 23         [10] 2929 	inc	iy
   0A1F FD 36 00 9F   [19] 2930 	ld	0 (iy), #0x9f
                           2931 ;	skipping iCode since result will be rematerialized
                           2932 ;	genPointerSet
                           2933 ;	genMove_o size 1 result type 12 source type 1 a_dead 1 hl_dead 1 de_dead 0 iy_dead 1 f_dead 1
   0A23 FD 23         [10] 2934 	inc	iy
   0A25 FD 36 00 24   [19] 2935 	ld	0 (iy), #0x24
                           2936 ;	skipping iCode since result will be rematerialized
                           2937 ;	genPointerSet
                           2938 ;	genMove_o size 1 result type 12 source type 1 a_dead 1 hl_dead 1 de_dead 0 iy_dead 1 f_dead 1
   0A29 FD 23         [10] 2939 	inc	iy
   0A2B FD 36 00 45   [19] 2940 	ld	0 (iy), #0x45
                           2941 ;	skipping iCode since result will be rematerialized
                           2942 ;	genPointerSet
                           2943 ;	genMove_o size 1 result type 12 source type 1 a_dead 1 hl_dead 1 de_dead 0 iy_dead 1 f_dead 1
   0A2F FD 23         [10] 2944 	inc	iy
   0A31 FD 36 00 DF   [19] 2945 	ld	0 (iy), #0xdf
                           2946 ;	skipping iCode since result will be rematerialized
                           2947 ;	genPointerSet
                           2948 ;	genMove_o size 1 result type 12 source type 1 a_dead 1 hl_dead 1 de_dead 0 iy_dead 1 f_dead 1
   0A35 FD 23         [10] 2949 	inc	iy
   0A37 FD 36 00 4F   [19] 2950 	ld	0 (iy), #0x4f
                           2951 ;	skipping iCode since result will be rematerialized
                           2952 ;	genPointerSet
                           2953 ;	genMove_o size 1 result type 12 source type 1 a_dead 1 hl_dead 1 de_dead 0 iy_dead 1 f_dead 1
   0A3B FD 23         [10] 2954 	inc	iy
   0A3D FD 36 00 9B   [19] 2955 	ld	0 (iy), #0x9b
                           2956 ;	skipping iCode since result will be rematerialized
                           2957 ;	genPointerSet
                           2958 ;	genMove_o size 1 result type 12 source type 1 a_dead 1 hl_dead 1 de_dead 0 iy_dead 1 f_dead 1
   0A41 FD 23         [10] 2959 	inc	iy
   0A43 FD 36 00 17   [19] 2960 	ld	0 (iy), #0x17
                           2961 ;	skipping iCode since result will be rematerialized
                           2962 ;	genPointerSet
                           2963 ;	genMove_o size 1 result type 12 source type 1 a_dead 1 hl_dead 1 de_dead 0 iy_dead 1 f_dead 1
   0A47 FD 23         [10] 2964 	inc	iy
   0A49 FD 36 00 AD   [19] 2965 	ld	0 (iy), #0xad
                           2966 ;	skipping iCode since result will be rematerialized
                           2967 ;	genPointerSet
                           2968 ;	genMove_o size 1 result type 12 source type 1 a_dead 1 hl_dead 1 de_dead 0 iy_dead 1 f_dead 1
   0A4D FD 23         [10] 2969 	inc	iy
   0A4F FD 36 00 2B   [19] 2970 	ld	0 (iy), #0x2b
                           2971 ;	skipping iCode since result will be rematerialized
                           2972 ;	genPointerSet
                           2973 ;	genMove_o size 1 result type 12 source type 1 a_dead 1 hl_dead 1 de_dead 0 iy_dead 1 f_dead 1
   0A53 FD 23         [10] 2974 	inc	iy
   0A55 FD 36 00 41   [19] 2975 	ld	0 (iy), #0x41
                           2976 ;	skipping iCode since result will be rematerialized
                           2977 ;	genPointerSet
                           2978 ;	genMove_o size 1 result type 12 source type 1 a_dead 1 hl_dead 1 de_dead 0 iy_dead 1 f_dead 1
   0A59 FD 23         [10] 2979 	inc	iy
   0A5B FD 36 00 7B   [19] 2980 	ld	0 (iy), #0x7b
                           2981 ;	skipping iCode since result will be rematerialized
                           2982 ;	genPointerSet
                           2983 ;	genMove_o size 1 result type 12 source type 1 a_dead 1 hl_dead 1 de_dead 0 iy_dead 1 f_dead 1
   0A5F FD 23         [10] 2984 	inc	iy
   0A61 FD 36 00 E6   [19] 2985 	ld	0 (iy), #0xe6
                           2986 ;	skipping iCode since result will be rematerialized
                           2987 ;	genPointerSet
                           2988 ;	genMove_o size 1 result type 12 source type 1 a_dead 1 hl_dead 1 de_dead 0 iy_dead 1 f_dead 1
   0A65 FD 23         [10] 2989 	inc	iy
   0A67 FD 36 00 6C   [19] 2990 	ld	0 (iy), #0x6c
                           2991 ;	skipping iCode since result will be rematerialized
                           2992 ;	genPointerSet
                           2993 ;	genMove_o size 1 result type 12 source type 1 a_dead 1 hl_dead 1 de_dead 0 iy_dead 1 f_dead 1
   0A6B FD 23         [10] 2994 	inc	iy
   0A6D FD 36 00 37   [19] 2995 	ld	0 (iy), #0x37
                           2996 ;	skipping iCode since result will be rematerialized
                           2997 ;	genPointerSet
                           2998 ;	genMove_o size 1 result type 12 source type 1 a_dead 1 hl_dead 1 de_dead 0 iy_dead 1 f_dead 1
                           2999 ; common peephole 157b merged offset into storage instruction.
   0A71 FD 36 01 10   [19] 3000 	ld	1 (iy), #0x10
                           3001 ;cases/tinyaes/tinyaes_mode_CTR_keylen_128.c:781: AES_init_ctx_iv(&ctx, key, iv);
                           3002 ;	genCast
                           3003 ;	genMove_o size 2 result type 2 source type 8 a_dead 1 hl_dead 1 de_dead 0 iy_dead 1 f_dead 1
   0A75 21 50 00      [10] 3004 	ld	hl, #80
   0A78 39            [11] 3005 	add	hl, sp
                           3006 ;	genMove_o size 2 result type 2 source type 2 a_dead 1 hl_dead 1 de_dead 0 iy_dead 1 f_dead 1
                           3007 ;	genCast
                           3008 ;	(locations are the same)
                           3009 ;	skipping iCode since result will be rematerialized
                           3010 ;	skipping iCode since result will be rematerialized
                           3011 ;	genIpush
   0A79 E5            [11] 3012 	push	hl
                           3013 ;	genSend
                           3014 ;	genMove_o size 2 result type 2 source type 2 a_dead 1 hl_dead 1 de_dead 1 iy_dead 1 f_dead 1
                           3015 ;	genSend
                           3016 ;	genMove_o size 2 result type 2 source type 8 a_dead 1 hl_dead 1 de_dead 0 iy_dead 1 f_dead 1
   0A7A 21 A2 00      [10] 3017 	ld	hl, #162
   0A7D 39            [11] 3018 	add	hl, sp
                           3019 ;	genMove_o size 2 result type 2 source type 2 a_dead 1 hl_dead 1 de_dead 0 iy_dead 1 f_dead 1
                           3020 ;	genCall
   0A7E CDr0Bs03      [17] 3021 	call	_AES_init_ctx_iv
                           3022 ;cases/tinyaes/tinyaes_mode_CTR_keylen_128.c:782: AES_CTR_xcrypt_buffer(&ctx, in, 64);
                           3023 ;	skipping iCode since result will be rematerialized
                           3024 ;	genIpush
                           3025 ;	genMove_o size 2 result type 2 source type 1 a_dead 1 hl_dead 1 de_dead 1 iy_dead 1 f_dead 1
   0A81 21 40 00      [10] 3026 	ld	hl, #0x0040
   0A84 E5            [11] 3027 	push	hl
                           3028 ;	genSend
                           3029 ;	genMove_o size 2 result type 2 source type 8 a_dead 1 hl_dead 1 de_dead 1 iy_dead 1 f_dead 1
   0A85 21 12 00      [10] 3030 	ld	hl, #18
   0A88 39            [11] 3031 	add	hl, sp
   0A89 EB            [ 4] 3032 	ex	de, hl
                           3033 ;	genSend
                           3034 ;	genMove_o size 2 result type 2 source type 8 a_dead 1 hl_dead 1 de_dead 0 iy_dead 1 f_dead 1
   0A8A 21 A2 00      [10] 3035 	ld	hl, #162
   0A8D 39            [11] 3036 	add	hl, sp
                           3037 ;	genMove_o size 2 result type 2 source type 2 a_dead 1 hl_dead 1 de_dead 0 iy_dead 1 f_dead 1
                           3038 ;	genCall
   0A8E CDrBEs05      [17] 3039 	call	_AES_CTR_xcrypt_buffer
                           3040 ;cases/tinyaes/tinyaes_mode_CTR_keylen_128.c:784: ASSERT (0 == memcmp((char *) out, (char *) in, 64));
                           3041 ;	genPlus
                           3042 ;	genMove_o size 2 result type 2 source type 10 a_dead 1 hl_dead 1 de_dead 1 iy_dead 1 f_dead 1
   0A91 2Ar00s00      [16] 3043 	ld	hl, (___numTests)
   0A94 23            [ 6] 3044 	inc	hl
                           3045 ;	genMove_o size 2 result type 10 source type 2 a_dead 1 hl_dead 1 de_dead 1 iy_dead 1 f_dead 1
   0A95 22r00s00      [16] 3046 	ld	(___numTests), hl
                           3047 ;	skipping iCode since result will be rematerialized
                           3048 ;	skipping iCode since result will be rematerialized
                           3049 ;	genIpush
                           3050 ;	genMove_o size 2 result type 2 source type 1 a_dead 1 hl_dead 1 de_dead 1 iy_dead 1 f_dead 1
   0A98 21 40 00      [10] 3051 	ld	hl, #0x0040
   0A9B E5            [11] 3052 	push	hl
                           3053 ;	genSend
                           3054 ;	genMove_o size 2 result type 2 source type 8 a_dead 1 hl_dead 1 de_dead 1 iy_dead 1 f_dead 1
   0A9C 21 12 00      [10] 3055 	ld	hl, #18
   0A9F 39            [11] 3056 	add	hl, sp
   0AA0 EB            [ 4] 3057 	ex	de, hl
                           3058 ;	genSend
                           3059 ;	genMove_o size 2 result type 2 source type 8 a_dead 1 hl_dead 1 de_dead 0 iy_dead 1 f_dead 1
   0AA1 21 62 00      [10] 3060 	ld	hl, #98
   0AA4 39            [11] 3061 	add	hl, sp
                           3062 ;	genMove_o size 2 result type 2 source type 2 a_dead 1 hl_dead 1 de_dead 0 iy_dead 1 f_dead 1
                           3063 ;	genCall
   0AA5 CDr00s00      [17] 3064 	call	_memcmp
                           3065 ;	genMove_o size 2 result type 2 source type 2 a_dead 1 hl_dead 1 de_dead 1 iy_dead 1 f_dead 1
                           3066 ;	genIfx
   0AA8 7A            [ 4] 3067 	ld	a, d
   0AA9 B3            [ 4] 3068 	or	a, e
                           3069 ; common peephole 163 changed absolute to relative conditional jump.
   0AAA 28 11         [12] 3070 	jr	z, 00101$
                           3071 ;	skipping iCode since result will be rematerialized
                           3072 ;	skipping iCode since result will be rematerialized
                           3073 ;	skipping iCode since result will be rematerialized
                           3074 ;	skipping iCode since result will be rematerialized
                           3075 ;	skipping iCode since result will be rematerialized
                           3076 ;	skipping iCode since result will be rematerialized
                           3077 ;	genIpush
                           3078 ;	genMove_o size 2 result type 2 source type 1 a_dead 1 hl_dead 1 de_dead 1 iy_dead 1 f_dead 1
   0AAC 21 10 03      [10] 3079 	ld	hl, #0x0310
   0AAF E5            [11] 3080 	push	hl
                           3081 ;	genIpush
                           3082 ;	genMove_o size 2 result type 2 source type 7 a_dead 1 hl_dead 1 de_dead 1 iy_dead 1 f_dead 1
   0AB0 21rFEs0A      [10] 3083 	ld	hl, #___str_2
   0AB3 E5            [11] 3084 	push	hl
                           3085 ;	genSend
                           3086 ;	genMove_o size 2 result type 2 source type 7 a_dead 1 hl_dead 1 de_dead 1 iy_dead 1 f_dead 1
   0AB4 11rD3s0A      [10] 3087 	ld	de, #___str_1
                           3088 ;	genSend
                           3089 ;	genMove_o size 2 result type 2 source type 7 a_dead 1 hl_dead 1 de_dead 0 iy_dead 1 f_dead 1
   0AB7 21rC2s0A      [10] 3090 	ld	hl, #___str_0
                           3091 ;	genCall
   0ABA CDr00s00      [17] 3092 	call	___fail
                           3093 ;	genLabel
   0ABD                    3094 00101$:
                           3095 ;cases/tinyaes/tinyaes_mode_CTR_keylen_128.c:785: }
                           3096 ;	genEndFunction
   0ABD DD F9         [10] 3097 	ld	sp, ix
   0ABF DD E1         [14] 3098 	pop	ix
   0AC1 C9            [10] 3099 	ret
                           3100 ;	Total xcrypt_ctr function size at codegen: 5 bytes.
   0AC2                    3101 ___str_0:
   0AC2 41 73 73 65 72 74  3102 	.ascii "Assertion failed"
        69 6F 6E 20 66 61
        69 6C 65 64
   0AD2 00                 3103 	.db 0x00
   0AD3                    3104 ___str_1:
   0AD3 30 20 3D 3D 20 6D  3105 	.ascii "0 == memcmp((char *) out, (char *) in, 64)"
        65 6D 63 6D 70 28
        28 63 68 61 72 20
        2A 29 20 6F 75 74
        2C 20 28 63 68 61
        72 20 2A 29 20 69
        6E 2C 20 36 34 29
   0AFD 00                 3106 	.db 0x00
   0AFE                    3107 ___str_2:
   0AFE 63 61 73 65 73 2F  3108 	.ascii "cases/tinyaes/tinyaes_mode_CTR_keylen_128.c"
        74 69 6E 79 61 65
        73 2F 74 69 6E 79
        61 65 73 5F 6D 6F
        64 65 5F 43 54 52
        5F 6B 65 79 6C 65
        6E 5F 31 32 38 2E
        63
   0B29 00                 3109 	.db 0x00
                           3110 ;cases/tinyaes/tinyaes_mode_CTR_keylen_128.c:817: testAES (void)
                           3111 ;	genLabel
                           3112 ;	genFunction
                           3113 ;	---------------------------------
                           3114 ; Function testAES
                           3115 ; ---------------------------------
                           3116 ;	Register assignment is optimal.
                           3117 ; Stack space usage: 0 bytes.
   0B2A                    3118 _testAES::
                           3119 ;cases/tinyaes/tinyaes_mode_CTR_keylen_128.c:830: encrypt_ctr();
                           3120 ;	genCall
   0B2A CDrA2s06      [17] 3121 	call	_encrypt_ctr
                           3122 ;cases/tinyaes/tinyaes_mode_CTR_keylen_128.c:831: decrypt_ctr();
                           3123 ;	genCall
                           3124 ;	genLabel
                           3125 ; common peephole 159 removed unused label 00101$.
                           3126 ;cases/tinyaes/tinyaes_mode_CTR_keylen_128.c:833: }
                           3127 ;	genEndFunction
   0B2D C3rA5s06      [10] 3128 	jp	_decrypt_ctr
                           3129 ; common peephole 152 removed unused ret.
                           3130 ;	Total testAES function size at codegen: 1 bytes.
                           3131 ;cases/tinyaes/tinyaes_mode_CTR_keylen_128.c:837: __runSuite(void)
                           3132 ;	genLabel
                           3133 ;	genFunction
                           3134 ;	---------------------------------
                           3135 ; Function __runSuite
                           3136 ; ---------------------------------
                           3137 ;	Register assignment is optimal.
                           3138 ; Stack space usage: 0 bytes.
   0B30                    3139 ___runSuite::
                           3140 ;cases/tinyaes/tinyaes_mode_CTR_keylen_128.c:839: __prints("Running testAES\n");
                           3141 ;	skipping iCode since result will be rematerialized
                           3142 ;	skipping iCode since result will be rematerialized
                           3143 ;	genSend
                           3144 ;	genMove_o size 2 result type 2 source type 7 a_dead 1 hl_dead 1 de_dead 1 iy_dead 1 f_dead 1
   0B30 21r39s0B      [10] 3145 	ld	hl, #___str_3
                           3146 ;	genCall
   0B33 CDr00s00      [17] 3147 	call	___prints
                           3148 ;cases/tinyaes/tinyaes_mode_CTR_keylen_128.c:840: testAES();
                           3149 ;	genCall
                           3150 ;	genLabel
                           3151 ; common peephole 159 removed unused label 00101$.
                           3152 ;cases/tinyaes/tinyaes_mode_CTR_keylen_128.c:841: }
                           3153 ;	genEndFunction
   0B36 C3r2As0B      [10] 3154 	jp	_testAES
                           3155 ; common peephole 152 removed unused ret.
                           3156 ;	Total __runSuite function size at codegen: 1 bytes.
   0B39                    3157 ___str_3:
   0B39 52 75 6E 6E 69 6E  3158 	.ascii "Running testAES"
        67 20 74 65 73 74
        41 45 53
   0B48 0A                 3159 	.db 0x0a
   0B49 00                 3160 	.db 0x00
                           3161 ;cases/tinyaes/tinyaes_mode_CTR_keylen_128.c:846: __getSuiteName(void)
                           3162 ;	genLabel
                           3163 ;	genFunction
                           3164 ;	---------------------------------
                           3165 ; Function __getSuiteName
                           3166 ; ---------------------------------
                           3167 ;	Register assignment is optimal.
                           3168 ; Stack space usage: 0 bytes.
   0B4A                    3169 ___getSuiteName::
                           3170 ;cases/tinyaes/tinyaes_mode_CTR_keylen_128.c:848: return "tinyaes_mode_CTR_keylen_128";
                           3171 ;	skipping iCode since result will be rematerialized
                           3172 ;	skipping iCode since result will be rematerialized
                           3173 ;	genRet
                           3174 ;	genMove_o size 2 result type 2 source type 7 a_dead 1 hl_dead 1 de_dead 1 iy_dead 1 f_dead 1
   0B4A 11r50s0B      [10] 3175 	ld	de, #___str_4
                           3176 ;	genLabel
                           3177 ; common peephole 159 removed unused label 00101$.
                           3178 ;cases/tinyaes/tinyaes_mode_CTR_keylen_128.c:849: }
                           3179 ;	genEndFunction
   0B4D C9            [10] 3180 	ret
                           3181 ;	Total __getSuiteName function size at codegen: 1 bytes.
   0B4E                    3182 ___numCases:
   0B4E 01 00              3183 	.dw #0x0001
   0B50                    3184 ___str_4:
   0B50 74 69 6E 79 61 65  3185 	.ascii "tinyaes_mode_CTR_keylen_128"
        73 5F 6D 6F 64 65
        5F 43 54 52 5F 6B
        65 79 6C 65 6E 5F
        31 32 38
   0B6B 00                 3186 	.db 0x00
                           3187 	.area _CODE (BANK=_CSEG)
                           3188 	.area _INITIALIZER
                           3189 	.area _CABS (ABS)
