                              1 ;--------------------------------------------------------
                              2 ; File Created by SDCC : free open source ISO C Compiler
                              3 ; Version 4.6.2 #16710 (Linux)
                              4 ;--------------------------------------------------------
                              5 	.module shifts2_size_32_right_1_vol_0_sign_u_goal_0
                              6 	
                              7 ;--------------------------------------------------------
                              8 ; Public variables in this module
                              9 ;--------------------------------------------------------
                             10 	.globl ___prints
                             11 	.globl ___fail
                             12 	.globl _s
                             13 	.globl _t
                             14 	.globl ___numCases
                             15 	.globl ___runSuite
                             16 	.globl ___getSuiteName
                             17 ;--------------------------------------------------------
                             18 ; special function registers
                             19 ;--------------------------------------------------------
                             20 ;--------------------------------------------------------
                             21 ; ram data
                             22 ;--------------------------------------------------------
                             23 	.area _DATA (BANK=_DSEG)
   0000                      24 _t::
   0000                      25 	.ds 4
                             26 ;--------------------------------------------------------
                             27 ; ram data
                             28 ;--------------------------------------------------------
                             29 	.area _INITIALIZED
   0000                      30 _s::
   0000                      31 	.ds 4
                             32 ;--------------------------------------------------------
                             33 ; absolute ram data
                             34 ;--------------------------------------------------------
                             35 	.area _DABS (ABS)
                             36 	.area _DABS (ABS)
                             37 ;--------------------------------------------------------
                             38 ; global & static initialisations
                             39 ;--------------------------------------------------------
                             40 	.area _HOME
                             41 	.area _GSINIT
                             42 	.area _GSFINAL
                             43 	.area _GSINIT
                             44 ;--------------------------------------------------------
                             45 ; Home
                             46 ;--------------------------------------------------------
                             47 	.area _HOME (BANK=_CSEG)
                             48 	.area _HOME (BANK=_CSEG)
                             49 ;--------------------------------------------------------
                             50 ; code
                             51 ;--------------------------------------------------------
                             52 	.area _CODE (BANK=_CSEG)
                             53 ;cases/shifts2/shifts2_size_32_right_1_vol_0_sign_u_goal_0.c:64: testShift(void)
                             54 ;	genLabel
                             55 ;	genFunction
                             56 ;	---------------------------------
                             57 ; Function testShift
                             58 ; ---------------------------------
                             59 ;	Register assignment might be sub-optimal.
                             60 ; Stack space usage: 0 bytes.
   0000                      61 _testShift:
                             62 ;cases/shifts2/shifts2_size_32_right_1_vol_0_sign_u_goal_0.c:68: TESTSHIFT(0);
                             63 ;	genAssign
   0000 11r00s00      [10]   64 	ld	de, #_t
   0003 21r00s00      [10]   65 	ld	hl, #_s
   0006 01 04 00      [10]   66 	ld	bc, #4
   0009 ED B0         [21]   67 	ldir
                             68 ;	genRightShift
                             69 ;	genMove_o size 4 result type 10 source type 10 a_dead 1 hl_dead 1 de_dead 1 iy_dead 1 f_dead 1
                             70 ;	genPlus
                             71 ;	genMove_o size 2 result type 2 source type 10 a_dead 1 hl_dead 1 de_dead 1 iy_dead 1 f_dead 1
   000B 2Ar00s00      [16]   72 	ld	hl, (___numTests)
   000E 23            [ 6]   73 	inc	hl
                             74 ;	genMove_o size 2 result type 10 source type 2 a_dead 1 hl_dead 1 de_dead 1 iy_dead 1 f_dead 1
   000F 22r00s00      [16]   75 	ld	(___numTests), hl
                             76 ;	genCmpEq
                             77 ;	genMove_o size 1 result type 2 source type 10 a_dead 1 hl_dead 1 de_dead 0 iy_dead 0 f_dead 1
   0012 3Ar00s00      [13]   78 	ld	a, (_t)
   0015 D6 D6         [ 7]   79 	sub	a, #0xd6
                             80 ; common peephole 163 changed absolute to relative conditional jump.
   0017 20 15         [12]   81 	jr	nz, 00425$
                             82 ;	genMove_o size 1 result type 2 source type 10 a_dead 1 hl_dead 1 de_dead 0 iy_dead 0 f_dead 1
   0019 3Ar01s00      [13]   83 	ld	a, (_t + 1)
   001C D6 C4         [ 7]   84 	sub	a, #0xc4
                             85 ; common peephole 163 changed absolute to relative conditional jump.
   001E 20 0E         [12]   86 	jr	nz, 00425$
                             87 ;	genMove_o size 1 result type 2 source type 10 a_dead 1 hl_dead 1 de_dead 0 iy_dead 0 f_dead 1
   0020 3Ar02s00      [13]   88 	ld	a, (_t + 2)
   0023 D6 B5         [ 7]   89 	sub	a, #0xb5
                             90 ; common peephole 163 changed absolute to relative conditional jump.
   0025 20 07         [12]   91 	jr	nz, 00425$
                             92 ;	genMove_o size 1 result type 2 source type 10 a_dead 1 hl_dead 1 de_dead 0 iy_dead 0 f_dead 1
   0027 3Ar03s00      [13]   93 	ld	a, (_t + 3)
   002A D6 A8         [ 7]   94 	sub	a, #0xa8
                             95 ; common peephole 163 changed absolute to relative conditional jump.
   002C 28 11         [12]   96 	jr	z, 00104$
                             97 ; common peephole 81 removed jp by using inverse jump logic
   002E                      98 00425$:
                             99 ;	skipping generated iCode
                            100 ;	skipping iCode since result will be rematerialized
                            101 ;	skipping iCode since result will be rematerialized
                            102 ;	skipping iCode since result will be rematerialized
                            103 ;	skipping iCode since result will be rematerialized
                            104 ;	skipping iCode since result will be rematerialized
                            105 ;	skipping iCode since result will be rematerialized
                            106 ;	genIpush
                            107 ;	genMove_o size 2 result type 2 source type 1 a_dead 1 hl_dead 1 de_dead 1 iy_dead 1 f_dead 1
   002E 21 44 00      [10]  108 	ld	hl, #0x0044
   0031 E5            [11]  109 	push	hl
                            110 ;	genIpush
                            111 ;	genMove_o size 2 result type 2 source type 7 a_dead 1 hl_dead 1 de_dead 1 iy_dead 1 f_dead 1
   0032 21r2Ds0A      [10]  112 	ld	hl, #___str_2
   0035 E5            [11]  113 	push	hl
                            114 ;	genSend
                            115 ;	genMove_o size 2 result type 2 source type 7 a_dead 1 hl_dead 1 de_dead 1 iy_dead 1 f_dead 1
   0036 11r11s0A      [10]  116 	ld	de, #___str_1
                            117 ;	genSend
                            118 ;	genMove_o size 2 result type 2 source type 7 a_dead 1 hl_dead 1 de_dead 0 iy_dead 1 f_dead 1
   0039 21r00s0A      [10]  119 	ld	hl, #___str_0
                            120 ;	genCall
   003C CDr00s00      [17]  121 	call	___fail
                            122 ;	genLabel
   003F                     123 00104$:
                            124 ;cases/shifts2/shifts2_size_32_right_1_vol_0_sign_u_goal_0.c:69: TESTSHIFT(1);
                            125 ;	genAssign
   003F 11r00s00      [10]  126 	ld	de, #_t
   0042 21r00s00      [10]  127 	ld	hl, #_s
   0045 01 04 00      [10]  128 	ld	bc, #4
   0048 ED B0         [21]  129 	ldir
                            130 ;	genRightShift
   004A FD 21r00s00   [14]  131 	ld	iy, #_t
   004E FD CB 03 3E   [23]  132 	srl	3 (iy)
   0052 FD CB 02 1E   [23]  133 	rr	2 (iy)
   0056 FD CB 01 1E   [23]  134 	rr	1 (iy)
   005A FD CB 00 1E   [23]  135 	rr	0 (iy)
                            136 ;	genMove_o size 4 result type 10 source type 10 a_dead 1 hl_dead 1 de_dead 1 iy_dead 1 f_dead 1
                            137 ;	genPlus
                            138 ;	genMove_o size 2 result type 2 source type 10 a_dead 1 hl_dead 1 de_dead 1 iy_dead 1 f_dead 1
   005E 2Ar00s00      [16]  139 	ld	hl, (___numTests)
   0061 23            [ 6]  140 	inc	hl
                            141 ;	genMove_o size 2 result type 10 source type 2 a_dead 1 hl_dead 1 de_dead 1 iy_dead 1 f_dead 1
   0062 22r00s00      [16]  142 	ld	(___numTests), hl
                            143 ;	genCmpEq
                            144 ;	genMove_o size 1 result type 2 source type 10 a_dead 1 hl_dead 1 de_dead 0 iy_dead 0 f_dead 1
   0065 3Ar00s00      [13]  145 	ld	a, (_t+0)
   0068 D6 6B         [ 7]  146 	sub	a, #0x6b
                            147 ; common peephole 163 changed absolute to relative conditional jump.
   006A 20 15         [12]  148 	jr	nz, 00428$
                            149 ;	genMove_o size 1 result type 2 source type 10 a_dead 1 hl_dead 1 de_dead 0 iy_dead 0 f_dead 1
   006C 3Ar01s00      [13]  150 	ld	a, (_t + 1)
   006F D6 E2         [ 7]  151 	sub	a, #0xe2
                            152 ; common peephole 163 changed absolute to relative conditional jump.
   0071 20 0E         [12]  153 	jr	nz, 00428$
                            154 ;	genMove_o size 1 result type 2 source type 10 a_dead 1 hl_dead 1 de_dead 0 iy_dead 0 f_dead 1
   0073 3Ar02s00      [13]  155 	ld	a, (_t + 2)
   0076 D6 5A         [ 7]  156 	sub	a, #0x5a
                            157 ; common peephole 163 changed absolute to relative conditional jump.
   0078 20 07         [12]  158 	jr	nz, 00428$
                            159 ;	genMove_o size 1 result type 2 source type 10 a_dead 1 hl_dead 1 de_dead 0 iy_dead 0 f_dead 1
   007A 3Ar03s00      [13]  160 	ld	a, (_t + 3)
   007D D6 54         [ 7]  161 	sub	a, #0x54
                            162 ; common peephole 163 changed absolute to relative conditional jump.
   007F 28 11         [12]  163 	jr	z, 00106$
                            164 ; common peephole 81 removed jp by using inverse jump logic
   0081                     165 00428$:
                            166 ;	skipping generated iCode
                            167 ;	skipping iCode since result will be rematerialized
                            168 ;	skipping iCode since result will be rematerialized
                            169 ;	skipping iCode since result will be rematerialized
                            170 ;	skipping iCode since result will be rematerialized
                            171 ;	skipping iCode since result will be rematerialized
                            172 ;	skipping iCode since result will be rematerialized
                            173 ;	genIpush
                            174 ;	genMove_o size 2 result type 2 source type 1 a_dead 1 hl_dead 1 de_dead 1 iy_dead 1 f_dead 1
   0081 21 45 00      [10]  175 	ld	hl, #0x0045
   0084 E5            [11]  176 	push	hl
                            177 ;	genIpush
                            178 ;	genMove_o size 2 result type 2 source type 7 a_dead 1 hl_dead 1 de_dead 1 iy_dead 1 f_dead 1
   0085 21r2Ds0A      [10]  179 	ld	hl, #___str_2
   0088 E5            [11]  180 	push	hl
                            181 ;	genSend
                            182 ;	genMove_o size 2 result type 2 source type 7 a_dead 1 hl_dead 1 de_dead 1 iy_dead 1 f_dead 1
   0089 11r69s0A      [10]  183 	ld	de, #___str_3
                            184 ;	genSend
                            185 ;	genMove_o size 2 result type 2 source type 7 a_dead 1 hl_dead 1 de_dead 0 iy_dead 1 f_dead 1
   008C 21r00s0A      [10]  186 	ld	hl, #___str_0
                            187 ;	genCall
   008F CDr00s00      [17]  188 	call	___fail
                            189 ;	genLabel
   0092                     190 00106$:
                            191 ;cases/shifts2/shifts2_size_32_right_1_vol_0_sign_u_goal_0.c:70: TESTSHIFT(2);
                            192 ;	genAssign
   0092 11r00s00      [10]  193 	ld	de, #_t
   0095 21r00s00      [10]  194 	ld	hl, #_s
   0098 01 04 00      [10]  195 	ld	bc, #4
   009B ED B0         [21]  196 	ldir
                            197 ;	genRightShift
   009D 06 02         [ 7]  198 	ld	b, #0x02
   009F                     199 00429$:
   009F FD 21r00s00   [14]  200 	ld	iy, #_t
   00A3 FD CB 03 3E   [23]  201 	srl	3 (iy)
   00A7 FD CB 02 1E   [23]  202 	rr	2 (iy)
   00AB FD CB 01 1E   [23]  203 	rr	1 (iy)
   00AF FD CB 00 1E   [23]  204 	rr	0 (iy)
                            205 ; common peephole 159 removed unused label 00430$.
   00B3 10 EA         [13]  206 	djnz	00429$
                            207 ;	genMove_o size 4 result type 10 source type 10 a_dead 1 hl_dead 1 de_dead 1 iy_dead 1 f_dead 1
                            208 ;	genPlus
                            209 ;	genMove_o size 2 result type 2 source type 10 a_dead 1 hl_dead 1 de_dead 1 iy_dead 1 f_dead 1
   00B5 2Ar00s00      [16]  210 	ld	hl, (___numTests)
   00B8 23            [ 6]  211 	inc	hl
                            212 ;	genMove_o size 2 result type 10 source type 2 a_dead 1 hl_dead 1 de_dead 1 iy_dead 1 f_dead 1
   00B9 22r00s00      [16]  213 	ld	(___numTests), hl
                            214 ;	genCmpEq
                            215 ;	genMove_o size 1 result type 2 source type 10 a_dead 1 hl_dead 1 de_dead 0 iy_dead 0 f_dead 1
   00BC 3Ar00s00      [13]  216 	ld	a, (_t+0)
   00BF D6 35         [ 7]  217 	sub	a, #0x35
                            218 ; common peephole 163 changed absolute to relative conditional jump.
   00C1 20 15         [12]  219 	jr	nz, 00431$
                            220 ;	genMove_o size 1 result type 2 source type 10 a_dead 1 hl_dead 1 de_dead 0 iy_dead 0 f_dead 1
   00C3 3Ar01s00      [13]  221 	ld	a, (_t + 1)
   00C6 D6 71         [ 7]  222 	sub	a, #0x71
                            223 ; common peephole 163 changed absolute to relative conditional jump.
   00C8 20 0E         [12]  224 	jr	nz, 00431$
                            225 ;	genMove_o size 1 result type 2 source type 10 a_dead 1 hl_dead 1 de_dead 0 iy_dead 0 f_dead 1
   00CA 3Ar02s00      [13]  226 	ld	a, (_t + 2)
   00CD D6 2D         [ 7]  227 	sub	a, #0x2d
                            228 ; common peephole 163 changed absolute to relative conditional jump.
   00CF 20 07         [12]  229 	jr	nz, 00431$
                            230 ;	genMove_o size 1 result type 2 source type 10 a_dead 1 hl_dead 1 de_dead 0 iy_dead 0 f_dead 1
   00D1 3Ar03s00      [13]  231 	ld	a, (_t + 3)
   00D4 D6 2A         [ 7]  232 	sub	a, #0x2a
                            233 ; common peephole 163 changed absolute to relative conditional jump.
   00D6 28 11         [12]  234 	jr	z, 00108$
                            235 ; common peephole 81 removed jp by using inverse jump logic
   00D8                     236 00431$:
                            237 ;	skipping generated iCode
                            238 ;	skipping iCode since result will be rematerialized
                            239 ;	skipping iCode since result will be rematerialized
                            240 ;	skipping iCode since result will be rematerialized
                            241 ;	skipping iCode since result will be rematerialized
                            242 ;	skipping iCode since result will be rematerialized
                            243 ;	skipping iCode since result will be rematerialized
                            244 ;	genIpush
                            245 ;	genMove_o size 2 result type 2 source type 1 a_dead 1 hl_dead 1 de_dead 1 iy_dead 1 f_dead 1
   00D8 21 46 00      [10]  246 	ld	hl, #0x0046
   00DB E5            [11]  247 	push	hl
                            248 ;	genIpush
                            249 ;	genMove_o size 2 result type 2 source type 7 a_dead 1 hl_dead 1 de_dead 1 iy_dead 1 f_dead 1
   00DC 21r2Ds0A      [10]  250 	ld	hl, #___str_2
   00DF E5            [11]  251 	push	hl
                            252 ;	genSend
                            253 ;	genMove_o size 2 result type 2 source type 7 a_dead 1 hl_dead 1 de_dead 1 iy_dead 1 f_dead 1
   00E0 11r85s0A      [10]  254 	ld	de, #___str_4
                            255 ;	genSend
                            256 ;	genMove_o size 2 result type 2 source type 7 a_dead 1 hl_dead 1 de_dead 0 iy_dead 1 f_dead 1
   00E3 21r00s0A      [10]  257 	ld	hl, #___str_0
                            258 ;	genCall
   00E6 CDr00s00      [17]  259 	call	___fail
                            260 ;	genLabel
   00E9                     261 00108$:
                            262 ;cases/shifts2/shifts2_size_32_right_1_vol_0_sign_u_goal_0.c:71: TESTSHIFT(3);
                            263 ;	genAssign
   00E9 11r00s00      [10]  264 	ld	de, #_t
   00EC 21r00s00      [10]  265 	ld	hl, #_s
   00EF 01 04 00      [10]  266 	ld	bc, #4
   00F2 ED B0         [21]  267 	ldir
                            268 ;	genRightShift
   00F4 06 03         [ 7]  269 	ld	b, #0x03
   00F6                     270 00432$:
   00F6 FD 21r00s00   [14]  271 	ld	iy, #_t
   00FA FD CB 03 3E   [23]  272 	srl	3 (iy)
   00FE FD CB 02 1E   [23]  273 	rr	2 (iy)
   0102 FD CB 01 1E   [23]  274 	rr	1 (iy)
   0106 FD CB 00 1E   [23]  275 	rr	0 (iy)
                            276 ; common peephole 159 removed unused label 00433$.
   010A 10 EA         [13]  277 	djnz	00432$
                            278 ;	genMove_o size 4 result type 10 source type 10 a_dead 1 hl_dead 1 de_dead 1 iy_dead 1 f_dead 1
                            279 ;	genPlus
                            280 ;	genMove_o size 2 result type 2 source type 10 a_dead 1 hl_dead 1 de_dead 1 iy_dead 1 f_dead 1
   010C 2Ar00s00      [16]  281 	ld	hl, (___numTests)
   010F 23            [ 6]  282 	inc	hl
                            283 ;	genMove_o size 2 result type 10 source type 2 a_dead 1 hl_dead 1 de_dead 1 iy_dead 1 f_dead 1
   0110 22r00s00      [16]  284 	ld	(___numTests), hl
                            285 ;	genCmpEq
                            286 ;	genMove_o size 1 result type 2 source type 10 a_dead 1 hl_dead 1 de_dead 0 iy_dead 0 f_dead 1
   0113 3Ar00s00      [13]  287 	ld	a, (_t+0)
   0116 D6 9A         [ 7]  288 	sub	a, #0x9a
                            289 ; common peephole 163 changed absolute to relative conditional jump.
   0118 20 15         [12]  290 	jr	nz, 00434$
                            291 ;	genMove_o size 1 result type 2 source type 10 a_dead 1 hl_dead 1 de_dead 0 iy_dead 0 f_dead 1
   011A 3Ar01s00      [13]  292 	ld	a, (_t + 1)
   011D D6 B8         [ 7]  293 	sub	a, #0xb8
                            294 ; common peephole 163 changed absolute to relative conditional jump.
   011F 20 0E         [12]  295 	jr	nz, 00434$
                            296 ;	genMove_o size 1 result type 2 source type 10 a_dead 1 hl_dead 1 de_dead 0 iy_dead 0 f_dead 1
   0121 3Ar02s00      [13]  297 	ld	a, (_t + 2)
   0124 D6 16         [ 7]  298 	sub	a, #0x16
                            299 ; common peephole 163 changed absolute to relative conditional jump.
   0126 20 07         [12]  300 	jr	nz, 00434$
                            301 ;	genMove_o size 1 result type 2 source type 10 a_dead 1 hl_dead 1 de_dead 0 iy_dead 0 f_dead 1
   0128 3Ar03s00      [13]  302 	ld	a, (_t + 3)
   012B D6 15         [ 7]  303 	sub	a, #0x15
                            304 ; common peephole 163 changed absolute to relative conditional jump.
   012D 28 11         [12]  305 	jr	z, 00110$
                            306 ; common peephole 81 removed jp by using inverse jump logic
   012F                     307 00434$:
                            308 ;	skipping generated iCode
                            309 ;	skipping iCode since result will be rematerialized
                            310 ;	skipping iCode since result will be rematerialized
                            311 ;	skipping iCode since result will be rematerialized
                            312 ;	skipping iCode since result will be rematerialized
                            313 ;	skipping iCode since result will be rematerialized
                            314 ;	skipping iCode since result will be rematerialized
                            315 ;	genIpush
                            316 ;	genMove_o size 2 result type 2 source type 1 a_dead 1 hl_dead 1 de_dead 1 iy_dead 1 f_dead 1
   012F 21 47 00      [10]  317 	ld	hl, #0x0047
   0132 E5            [11]  318 	push	hl
                            319 ;	genIpush
                            320 ;	genMove_o size 2 result type 2 source type 7 a_dead 1 hl_dead 1 de_dead 1 iy_dead 1 f_dead 1
   0133 21r2Ds0A      [10]  321 	ld	hl, #___str_2
   0136 E5            [11]  322 	push	hl
                            323 ;	genSend
                            324 ;	genMove_o size 2 result type 2 source type 7 a_dead 1 hl_dead 1 de_dead 1 iy_dead 1 f_dead 1
   0137 11rA1s0A      [10]  325 	ld	de, #___str_5
                            326 ;	genSend
                            327 ;	genMove_o size 2 result type 2 source type 7 a_dead 1 hl_dead 1 de_dead 0 iy_dead 1 f_dead 1
   013A 21r00s0A      [10]  328 	ld	hl, #___str_0
                            329 ;	genCall
   013D CDr00s00      [17]  330 	call	___fail
                            331 ;	genLabel
   0140                     332 00110$:
                            333 ;cases/shifts2/shifts2_size_32_right_1_vol_0_sign_u_goal_0.c:72: TESTSHIFT(4);
                            334 ;	genAssign
   0140 11r00s00      [10]  335 	ld	de, #_t
   0143 21r00s00      [10]  336 	ld	hl, #_s
   0146 01 04 00      [10]  337 	ld	bc, #4
   0149 ED B0         [21]  338 	ldir
                            339 ;	genRightShift
   014B 06 04         [ 7]  340 	ld	b, #0x04
   014D                     341 00435$:
   014D FD 21r00s00   [14]  342 	ld	iy, #_t
   0151 FD CB 03 3E   [23]  343 	srl	3 (iy)
   0155 FD CB 02 1E   [23]  344 	rr	2 (iy)
   0159 FD CB 01 1E   [23]  345 	rr	1 (iy)
   015D FD CB 00 1E   [23]  346 	rr	0 (iy)
                            347 ; common peephole 159 removed unused label 00436$.
   0161 10 EA         [13]  348 	djnz	00435$
                            349 ;	genMove_o size 4 result type 10 source type 10 a_dead 1 hl_dead 1 de_dead 1 iy_dead 1 f_dead 1
                            350 ;	genPlus
                            351 ;	genMove_o size 2 result type 2 source type 10 a_dead 1 hl_dead 1 de_dead 1 iy_dead 1 f_dead 1
   0163 2Ar00s00      [16]  352 	ld	hl, (___numTests)
   0166 23            [ 6]  353 	inc	hl
                            354 ;	genMove_o size 2 result type 10 source type 2 a_dead 1 hl_dead 1 de_dead 1 iy_dead 1 f_dead 1
   0167 22r00s00      [16]  355 	ld	(___numTests), hl
                            356 ;	genCmpEq
                            357 ;	genMove_o size 1 result type 2 source type 10 a_dead 1 hl_dead 1 de_dead 0 iy_dead 0 f_dead 1
   016A 3Ar00s00      [13]  358 	ld	a, (_t+0)
   016D D6 4D         [ 7]  359 	sub	a, #0x4d
                            360 ; common peephole 163 changed absolute to relative conditional jump.
   016F 20 15         [12]  361 	jr	nz, 00437$
                            362 ;	genMove_o size 1 result type 2 source type 10 a_dead 1 hl_dead 1 de_dead 0 iy_dead 0 f_dead 1
   0171 3Ar01s00      [13]  363 	ld	a, (_t + 1)
   0174 D6 5C         [ 7]  364 	sub	a, #0x5c
                            365 ; common peephole 163 changed absolute to relative conditional jump.
   0176 20 0E         [12]  366 	jr	nz, 00437$
                            367 ;	genMove_o size 1 result type 2 source type 10 a_dead 1 hl_dead 1 de_dead 0 iy_dead 0 f_dead 1
   0178 3Ar02s00      [13]  368 	ld	a, (_t + 2)
   017B D6 8B         [ 7]  369 	sub	a, #0x8b
                            370 ; common peephole 163 changed absolute to relative conditional jump.
   017D 20 07         [12]  371 	jr	nz, 00437$
                            372 ;	genMove_o size 1 result type 2 source type 10 a_dead 1 hl_dead 1 de_dead 0 iy_dead 0 f_dead 1
   017F 3Ar03s00      [13]  373 	ld	a, (_t + 3)
   0182 D6 0A         [ 7]  374 	sub	a, #0x0a
                            375 ; common peephole 163 changed absolute to relative conditional jump.
   0184 28 11         [12]  376 	jr	z, 00112$
                            377 ; common peephole 81 removed jp by using inverse jump logic
   0186                     378 00437$:
                            379 ;	skipping generated iCode
                            380 ;	skipping iCode since result will be rematerialized
                            381 ;	skipping iCode since result will be rematerialized
                            382 ;	skipping iCode since result will be rematerialized
                            383 ;	skipping iCode since result will be rematerialized
                            384 ;	skipping iCode since result will be rematerialized
                            385 ;	skipping iCode since result will be rematerialized
                            386 ;	genIpush
                            387 ;	genMove_o size 2 result type 2 source type 1 a_dead 1 hl_dead 1 de_dead 1 iy_dead 1 f_dead 1
   0186 21 48 00      [10]  388 	ld	hl, #0x0048
   0189 E5            [11]  389 	push	hl
                            390 ;	genIpush
                            391 ;	genMove_o size 2 result type 2 source type 7 a_dead 1 hl_dead 1 de_dead 1 iy_dead 1 f_dead 1
   018A 21r2Ds0A      [10]  392 	ld	hl, #___str_2
   018D E5            [11]  393 	push	hl
                            394 ;	genSend
                            395 ;	genMove_o size 2 result type 2 source type 7 a_dead 1 hl_dead 1 de_dead 1 iy_dead 1 f_dead 1
   018E 11rBDs0A      [10]  396 	ld	de, #___str_6
                            397 ;	genSend
                            398 ;	genMove_o size 2 result type 2 source type 7 a_dead 1 hl_dead 1 de_dead 0 iy_dead 1 f_dead 1
   0191 21r00s0A      [10]  399 	ld	hl, #___str_0
                            400 ;	genCall
   0194 CDr00s00      [17]  401 	call	___fail
                            402 ;	genLabel
   0197                     403 00112$:
                            404 ;cases/shifts2/shifts2_size_32_right_1_vol_0_sign_u_goal_0.c:73: TESTSHIFT(5);
                            405 ;	genAssign
   0197 11r00s00      [10]  406 	ld	de, #_t
   019A 21r00s00      [10]  407 	ld	hl, #_s
   019D 01 04 00      [10]  408 	ld	bc, #4
   01A0 ED B0         [21]  409 	ldir
                            410 ;	genRightShift
   01A2 06 05         [ 7]  411 	ld	b, #0x05
   01A4                     412 00438$:
   01A4 FD 21r00s00   [14]  413 	ld	iy, #_t
   01A8 FD CB 03 3E   [23]  414 	srl	3 (iy)
   01AC FD CB 02 1E   [23]  415 	rr	2 (iy)
   01B0 FD CB 01 1E   [23]  416 	rr	1 (iy)
   01B4 FD CB 00 1E   [23]  417 	rr	0 (iy)
                            418 ; common peephole 159 removed unused label 00439$.
   01B8 10 EA         [13]  419 	djnz	00438$
                            420 ;	genMove_o size 4 result type 10 source type 10 a_dead 1 hl_dead 1 de_dead 1 iy_dead 1 f_dead 1
                            421 ;	genPlus
                            422 ;	genMove_o size 2 result type 2 source type 10 a_dead 1 hl_dead 1 de_dead 1 iy_dead 1 f_dead 1
   01BA 2Ar00s00      [16]  423 	ld	hl, (___numTests)
   01BD 23            [ 6]  424 	inc	hl
                            425 ;	genMove_o size 2 result type 10 source type 2 a_dead 1 hl_dead 1 de_dead 1 iy_dead 1 f_dead 1
   01BE 22r00s00      [16]  426 	ld	(___numTests), hl
                            427 ;	genCmpEq
                            428 ;	genMove_o size 1 result type 2 source type 10 a_dead 1 hl_dead 1 de_dead 0 iy_dead 0 f_dead 1
   01C1 3Ar00s00      [13]  429 	ld	a, (_t+0)
   01C4 D6 26         [ 7]  430 	sub	a, #0x26
                            431 ; common peephole 163 changed absolute to relative conditional jump.
   01C6 20 15         [12]  432 	jr	nz, 00440$
                            433 ;	genMove_o size 1 result type 2 source type 10 a_dead 1 hl_dead 1 de_dead 0 iy_dead 0 f_dead 1
   01C8 3Ar01s00      [13]  434 	ld	a, (_t + 1)
   01CB D6 AE         [ 7]  435 	sub	a, #0xae
                            436 ; common peephole 163 changed absolute to relative conditional jump.
   01CD 20 0E         [12]  437 	jr	nz, 00440$
                            438 ;	genMove_o size 1 result type 2 source type 10 a_dead 1 hl_dead 1 de_dead 0 iy_dead 0 f_dead 1
   01CF 3Ar02s00      [13]  439 	ld	a, (_t + 2)
   01D2 D6 45         [ 7]  440 	sub	a, #0x45
                            441 ; common peephole 163 changed absolute to relative conditional jump.
   01D4 20 07         [12]  442 	jr	nz, 00440$
                            443 ;	genMove_o size 1 result type 2 source type 10 a_dead 1 hl_dead 1 de_dead 0 iy_dead 0 f_dead 1
   01D6 3Ar03s00      [13]  444 	ld	a, (_t + 3)
   01D9 D6 05         [ 7]  445 	sub	a, #0x05
                            446 ; common peephole 163 changed absolute to relative conditional jump.
   01DB 28 11         [12]  447 	jr	z, 00114$
                            448 ; common peephole 81 removed jp by using inverse jump logic
   01DD                     449 00440$:
                            450 ;	skipping generated iCode
                            451 ;	skipping iCode since result will be rematerialized
                            452 ;	skipping iCode since result will be rematerialized
                            453 ;	skipping iCode since result will be rematerialized
                            454 ;	skipping iCode since result will be rematerialized
                            455 ;	skipping iCode since result will be rematerialized
                            456 ;	skipping iCode since result will be rematerialized
                            457 ;	genIpush
                            458 ;	genMove_o size 2 result type 2 source type 1 a_dead 1 hl_dead 1 de_dead 1 iy_dead 1 f_dead 1
   01DD 21 49 00      [10]  459 	ld	hl, #0x0049
   01E0 E5            [11]  460 	push	hl
                            461 ;	genIpush
                            462 ;	genMove_o size 2 result type 2 source type 7 a_dead 1 hl_dead 1 de_dead 1 iy_dead 1 f_dead 1
   01E1 21r2Ds0A      [10]  463 	ld	hl, #___str_2
   01E4 E5            [11]  464 	push	hl
                            465 ;	genSend
                            466 ;	genMove_o size 2 result type 2 source type 7 a_dead 1 hl_dead 1 de_dead 1 iy_dead 1 f_dead 1
   01E5 11rD9s0A      [10]  467 	ld	de, #___str_7
                            468 ;	genSend
                            469 ;	genMove_o size 2 result type 2 source type 7 a_dead 1 hl_dead 1 de_dead 0 iy_dead 1 f_dead 1
   01E8 21r00s0A      [10]  470 	ld	hl, #___str_0
                            471 ;	genCall
   01EB CDr00s00      [17]  472 	call	___fail
                            473 ;	genLabel
   01EE                     474 00114$:
                            475 ;cases/shifts2/shifts2_size_32_right_1_vol_0_sign_u_goal_0.c:74: TESTSHIFT(6);
                            476 ;	genAssign
   01EE 11r00s00      [10]  477 	ld	de, #_t
   01F1 21r00s00      [10]  478 	ld	hl, #_s
   01F4 01 04 00      [10]  479 	ld	bc, #4
   01F7 ED B0         [21]  480 	ldir
                            481 ;	genRightShift
   01F9 06 06         [ 7]  482 	ld	b, #0x06
   01FB                     483 00441$:
   01FB FD 21r00s00   [14]  484 	ld	iy, #_t
   01FF FD CB 03 3E   [23]  485 	srl	3 (iy)
   0203 FD CB 02 1E   [23]  486 	rr	2 (iy)
   0207 FD CB 01 1E   [23]  487 	rr	1 (iy)
   020B FD CB 00 1E   [23]  488 	rr	0 (iy)
                            489 ; common peephole 159 removed unused label 00442$.
   020F 10 EA         [13]  490 	djnz	00441$
                            491 ;	genMove_o size 4 result type 10 source type 10 a_dead 1 hl_dead 1 de_dead 1 iy_dead 1 f_dead 1
                            492 ;	genPlus
                            493 ;	genMove_o size 2 result type 2 source type 10 a_dead 1 hl_dead 1 de_dead 1 iy_dead 1 f_dead 1
   0211 2Ar00s00      [16]  494 	ld	hl, (___numTests)
   0214 23            [ 6]  495 	inc	hl
                            496 ;	genMove_o size 2 result type 10 source type 2 a_dead 1 hl_dead 1 de_dead 1 iy_dead 1 f_dead 1
   0215 22r00s00      [16]  497 	ld	(___numTests), hl
                            498 ;	genCmpEq
                            499 ;	genMove_o size 1 result type 2 source type 10 a_dead 1 hl_dead 1 de_dead 0 iy_dead 0 f_dead 1
   0218 3Ar00s00      [13]  500 	ld	a, (_t+0)
   021B D6 13         [ 7]  501 	sub	a, #0x13
                            502 ; common peephole 163 changed absolute to relative conditional jump.
   021D 20 15         [12]  503 	jr	nz, 00443$
                            504 ;	genMove_o size 1 result type 2 source type 10 a_dead 1 hl_dead 1 de_dead 0 iy_dead 0 f_dead 1
   021F 3Ar01s00      [13]  505 	ld	a, (_t + 1)
   0222 D6 D7         [ 7]  506 	sub	a, #0xd7
                            507 ; common peephole 163 changed absolute to relative conditional jump.
   0224 20 0E         [12]  508 	jr	nz, 00443$
                            509 ;	genMove_o size 1 result type 2 source type 10 a_dead 1 hl_dead 1 de_dead 0 iy_dead 0 f_dead 1
   0226 3Ar02s00      [13]  510 	ld	a, (_t + 2)
   0229 D6 A2         [ 7]  511 	sub	a, #0xa2
                            512 ; common peephole 163 changed absolute to relative conditional jump.
   022B 20 07         [12]  513 	jr	nz, 00443$
                            514 ;	genMove_o size 1 result type 2 source type 10 a_dead 1 hl_dead 1 de_dead 0 iy_dead 0 f_dead 1
   022D 3Ar03s00      [13]  515 	ld	a, (_t + 3)
   0230 D6 02         [ 7]  516 	sub	a, #0x02
                            517 ; common peephole 163 changed absolute to relative conditional jump.
   0232 28 11         [12]  518 	jr	z, 00116$
                            519 ; common peephole 81 removed jp by using inverse jump logic
   0234                     520 00443$:
                            521 ;	skipping generated iCode
                            522 ;	skipping iCode since result will be rematerialized
                            523 ;	skipping iCode since result will be rematerialized
                            524 ;	skipping iCode since result will be rematerialized
                            525 ;	skipping iCode since result will be rematerialized
                            526 ;	skipping iCode since result will be rematerialized
                            527 ;	skipping iCode since result will be rematerialized
                            528 ;	genIpush
                            529 ;	genMove_o size 2 result type 2 source type 1 a_dead 1 hl_dead 1 de_dead 1 iy_dead 1 f_dead 1
   0234 21 4A 00      [10]  530 	ld	hl, #0x004a
   0237 E5            [11]  531 	push	hl
                            532 ;	genIpush
                            533 ;	genMove_o size 2 result type 2 source type 7 a_dead 1 hl_dead 1 de_dead 1 iy_dead 1 f_dead 1
   0238 21r2Ds0A      [10]  534 	ld	hl, #___str_2
   023B E5            [11]  535 	push	hl
                            536 ;	genSend
                            537 ;	genMove_o size 2 result type 2 source type 7 a_dead 1 hl_dead 1 de_dead 1 iy_dead 1 f_dead 1
   023C 11rF5s0A      [10]  538 	ld	de, #___str_8
                            539 ;	genSend
                            540 ;	genMove_o size 2 result type 2 source type 7 a_dead 1 hl_dead 1 de_dead 0 iy_dead 1 f_dead 1
   023F 21r00s0A      [10]  541 	ld	hl, #___str_0
                            542 ;	genCall
   0242 CDr00s00      [17]  543 	call	___fail
                            544 ;	genLabel
   0245                     545 00116$:
                            546 ;cases/shifts2/shifts2_size_32_right_1_vol_0_sign_u_goal_0.c:75: TESTSHIFT(7);
                            547 ;	genAssign
   0245 11r00s00      [10]  548 	ld	de, #_t
   0248 21r00s00      [10]  549 	ld	hl, #_s
   024B 01 04 00      [10]  550 	ld	bc, #4
   024E ED B0         [21]  551 	ldir
                            552 ;	genRightShift
   0250 06 07         [ 7]  553 	ld	b, #0x07
   0252                     554 00444$:
   0252 FD 21r00s00   [14]  555 	ld	iy, #_t
   0256 FD CB 03 3E   [23]  556 	srl	3 (iy)
   025A FD CB 02 1E   [23]  557 	rr	2 (iy)
   025E FD CB 01 1E   [23]  558 	rr	1 (iy)
   0262 FD CB 00 1E   [23]  559 	rr	0 (iy)
                            560 ; common peephole 159 removed unused label 00445$.
   0266 10 EA         [13]  561 	djnz	00444$
                            562 ;	genMove_o size 4 result type 10 source type 10 a_dead 1 hl_dead 1 de_dead 1 iy_dead 1 f_dead 1
                            563 ;	genPlus
                            564 ;	genMove_o size 2 result type 2 source type 10 a_dead 1 hl_dead 1 de_dead 1 iy_dead 1 f_dead 1
   0268 2Ar00s00      [16]  565 	ld	hl, (___numTests)
   026B 23            [ 6]  566 	inc	hl
                            567 ;	genMove_o size 2 result type 10 source type 2 a_dead 1 hl_dead 1 de_dead 1 iy_dead 1 f_dead 1
   026C 22r00s00      [16]  568 	ld	(___numTests), hl
                            569 ;	genCmpEq
                            570 ;	genMove_o size 1 result type 2 source type 10 a_dead 1 hl_dead 1 de_dead 0 iy_dead 0 f_dead 1
   026F 3Ar00s00      [13]  571 	ld	a, (_t+0)
   0272 D6 89         [ 7]  572 	sub	a, #0x89
                            573 ; common peephole 163 changed absolute to relative conditional jump.
   0274 20 14         [12]  574 	jr	nz, 00446$
                            575 ;	genMove_o size 1 result type 2 source type 10 a_dead 1 hl_dead 1 de_dead 0 iy_dead 0 f_dead 1
   0276 3Ar01s00      [13]  576 	ld	a, (_t + 1)
   0279 D6 6B         [ 7]  577 	sub	a, #0x6b
                            578 ; common peephole 163 changed absolute to relative conditional jump.
   027B 20 0D         [12]  579 	jr	nz, 00446$
                            580 ;	genMove_o size 1 result type 2 source type 10 a_dead 1 hl_dead 1 de_dead 0 iy_dead 0 f_dead 1
   027D 3Ar02s00      [13]  581 	ld	a, (_t + 2)
   0280 D6 51         [ 7]  582 	sub	a, #0x51
                            583 ; common peephole 163 changed absolute to relative conditional jump.
   0282 20 06         [12]  584 	jr	nz, 00446$
                            585 ;	genMove_o size 1 result type 2 source type 10 a_dead 1 hl_dead 1 de_dead 0 iy_dead 0 f_dead 1
   0284 3Ar03s00      [13]  586 	ld	a, (_t + 3)
   0287 3D            [ 4]  587 	dec	a
                            588 ; common peephole 163 changed absolute to relative conditional jump.
   0288 28 11         [12]  589 	jr	z, 00118$
                            590 ; common peephole 81 removed jp by using inverse jump logic
   028A                     591 00446$:
                            592 ;	skipping generated iCode
                            593 ;	skipping iCode since result will be rematerialized
                            594 ;	skipping iCode since result will be rematerialized
                            595 ;	skipping iCode since result will be rematerialized
                            596 ;	skipping iCode since result will be rematerialized
                            597 ;	skipping iCode since result will be rematerialized
                            598 ;	skipping iCode since result will be rematerialized
                            599 ;	genIpush
                            600 ;	genMove_o size 2 result type 2 source type 1 a_dead 1 hl_dead 1 de_dead 1 iy_dead 1 f_dead 1
   028A 21 4B 00      [10]  601 	ld	hl, #0x004b
   028D E5            [11]  602 	push	hl
                            603 ;	genIpush
                            604 ;	genMove_o size 2 result type 2 source type 7 a_dead 1 hl_dead 1 de_dead 1 iy_dead 1 f_dead 1
   028E 21r2Ds0A      [10]  605 	ld	hl, #___str_2
   0291 E5            [11]  606 	push	hl
                            607 ;	genSend
                            608 ;	genMove_o size 2 result type 2 source type 7 a_dead 1 hl_dead 1 de_dead 1 iy_dead 1 f_dead 1
   0292 11r11s0B      [10]  609 	ld	de, #___str_9
                            610 ;	genSend
                            611 ;	genMove_o size 2 result type 2 source type 7 a_dead 1 hl_dead 1 de_dead 0 iy_dead 1 f_dead 1
   0295 21r00s0A      [10]  612 	ld	hl, #___str_0
                            613 ;	genCall
   0298 CDr00s00      [17]  614 	call	___fail
                            615 ;	genLabel
   029B                     616 00118$:
                            617 ;cases/shifts2/shifts2_size_32_right_1_vol_0_sign_u_goal_0.c:78: TESTSHIFT(8);
                            618 ;	genAssign
   029B 11r00s00      [10]  619 	ld	de, #_t
   029E 21r00s00      [10]  620 	ld	hl, #_s
   02A1 01 04 00      [10]  621 	ld	bc, #4
   02A4 ED B0         [21]  622 	ldir
                            623 ;	genRightShift
   02A6 06 08         [ 7]  624 	ld	b, #0x08
   02A8                     625 00447$:
   02A8 FD 21r00s00   [14]  626 	ld	iy, #_t
   02AC FD CB 03 3E   [23]  627 	srl	3 (iy)
   02B0 FD CB 02 1E   [23]  628 	rr	2 (iy)
   02B4 FD CB 01 1E   [23]  629 	rr	1 (iy)
   02B8 FD CB 00 1E   [23]  630 	rr	0 (iy)
                            631 ; common peephole 159 removed unused label 00448$.
   02BC 10 EA         [13]  632 	djnz	00447$
                            633 ;	genMove_o size 4 result type 10 source type 10 a_dead 1 hl_dead 1 de_dead 1 iy_dead 1 f_dead 1
                            634 ;	genPlus
                            635 ;	genMove_o size 2 result type 2 source type 10 a_dead 1 hl_dead 1 de_dead 1 iy_dead 1 f_dead 1
   02BE 2Ar00s00      [16]  636 	ld	hl, (___numTests)
   02C1 23            [ 6]  637 	inc	hl
                            638 ;	genMove_o size 2 result type 10 source type 2 a_dead 1 hl_dead 1 de_dead 1 iy_dead 1 f_dead 1
   02C2 22r00s00      [16]  639 	ld	(___numTests), hl
                            640 ;	genCmpEq
                            641 ;	genMove_o size 1 result type 2 source type 10 a_dead 1 hl_dead 1 de_dead 0 iy_dead 0 f_dead 1
   02C5 3Ar00s00      [13]  642 	ld	a, (_t+0)
   02C8 D6 C4         [ 7]  643 	sub	a, #0xc4
                            644 ; common peephole 163 changed absolute to relative conditional jump.
   02CA 20 11         [12]  645 	jr	nz, 00449$
                            646 ;	genMove_o size 1 result type 2 source type 10 a_dead 1 hl_dead 1 de_dead 0 iy_dead 0 f_dead 1
   02CC 3Ar01s00      [13]  647 	ld	a, (_t + 1)
   02CF D6 B5         [ 7]  648 	sub	a, #0xb5
                            649 ; common peephole 163 changed absolute to relative conditional jump.
   02D1 20 0A         [12]  650 	jr	nz, 00449$
                            651 ;	genMove_o size 1 result type 2 source type 10 a_dead 1 hl_dead 1 de_dead 0 iy_dead 0 f_dead 1
   02D3 3Ar02s00      [13]  652 	ld	a, (_t + 2)
   02D6 D6 A8         [ 7]  653 	sub	a, #0xa8
   02D8 FD B6 03      [19]  654 	or	a, 3 (iy)
                            655 ; common peephole 163 changed absolute to relative conditional jump.
   02DB 28 11         [12]  656 	jr	z, 00120$
                            657 ; common peephole 81 removed jp by using inverse jump logic
   02DD                     658 00449$:
                            659 ;	skipping generated iCode
                            660 ;	skipping iCode since result will be rematerialized
                            661 ;	skipping iCode since result will be rematerialized
                            662 ;	skipping iCode since result will be rematerialized
                            663 ;	skipping iCode since result will be rematerialized
                            664 ;	skipping iCode since result will be rematerialized
                            665 ;	skipping iCode since result will be rematerialized
                            666 ;	genIpush
                            667 ;	genMove_o size 2 result type 2 source type 1 a_dead 1 hl_dead 1 de_dead 1 iy_dead 1 f_dead 1
   02DD 21 4E 00      [10]  668 	ld	hl, #0x004e
   02E0 E5            [11]  669 	push	hl
                            670 ;	genIpush
                            671 ;	genMove_o size 2 result type 2 source type 7 a_dead 1 hl_dead 1 de_dead 1 iy_dead 1 f_dead 1
   02E1 21r2Ds0A      [10]  672 	ld	hl, #___str_2
   02E4 E5            [11]  673 	push	hl
                            674 ;	genSend
                            675 ;	genMove_o size 2 result type 2 source type 7 a_dead 1 hl_dead 1 de_dead 1 iy_dead 1 f_dead 1
   02E5 11r2Ds0B      [10]  676 	ld	de, #___str_10
                            677 ;	genSend
                            678 ;	genMove_o size 2 result type 2 source type 7 a_dead 1 hl_dead 1 de_dead 0 iy_dead 1 f_dead 1
   02E8 21r00s0A      [10]  679 	ld	hl, #___str_0
                            680 ;	genCall
   02EB CDr00s00      [17]  681 	call	___fail
                            682 ;	genLabel
   02EE                     683 00120$:
                            684 ;cases/shifts2/shifts2_size_32_right_1_vol_0_sign_u_goal_0.c:79: TESTSHIFT(9);
                            685 ;	genAssign
   02EE 11r00s00      [10]  686 	ld	de, #_t
   02F1 21r00s00      [10]  687 	ld	hl, #_s
   02F4 01 04 00      [10]  688 	ld	bc, #4
   02F7 ED B0         [21]  689 	ldir
                            690 ;	genRightShift
   02F9 06 09         [ 7]  691 	ld	b, #0x09
   02FB                     692 00450$:
   02FB FD 21r00s00   [14]  693 	ld	iy, #_t
   02FF FD CB 03 3E   [23]  694 	srl	3 (iy)
   0303 FD CB 02 1E   [23]  695 	rr	2 (iy)
   0307 FD CB 01 1E   [23]  696 	rr	1 (iy)
   030B FD CB 00 1E   [23]  697 	rr	0 (iy)
                            698 ; common peephole 159 removed unused label 00451$.
   030F 10 EA         [13]  699 	djnz	00450$
                            700 ;	genMove_o size 4 result type 10 source type 10 a_dead 1 hl_dead 1 de_dead 1 iy_dead 1 f_dead 1
                            701 ;	genPlus
                            702 ;	genMove_o size 2 result type 2 source type 10 a_dead 1 hl_dead 1 de_dead 1 iy_dead 1 f_dead 1
   0311 2Ar00s00      [16]  703 	ld	hl, (___numTests)
   0314 23            [ 6]  704 	inc	hl
                            705 ;	genMove_o size 2 result type 10 source type 2 a_dead 1 hl_dead 1 de_dead 1 iy_dead 1 f_dead 1
   0315 22r00s00      [16]  706 	ld	(___numTests), hl
                            707 ;	genCmpEq
                            708 ;	genMove_o size 1 result type 2 source type 10 a_dead 1 hl_dead 1 de_dead 0 iy_dead 0 f_dead 1
   0318 3Ar00s00      [13]  709 	ld	a, (_t+0)
   031B D6 E2         [ 7]  710 	sub	a, #0xe2
                            711 ; common peephole 163 changed absolute to relative conditional jump.
   031D 20 11         [12]  712 	jr	nz, 00452$
                            713 ;	genMove_o size 1 result type 2 source type 10 a_dead 1 hl_dead 1 de_dead 0 iy_dead 0 f_dead 1
   031F 3Ar01s00      [13]  714 	ld	a, (_t + 1)
   0322 D6 5A         [ 7]  715 	sub	a, #0x5a
                            716 ; common peephole 163 changed absolute to relative conditional jump.
   0324 20 0A         [12]  717 	jr	nz, 00452$
                            718 ;	genMove_o size 1 result type 2 source type 10 a_dead 1 hl_dead 1 de_dead 0 iy_dead 0 f_dead 1
   0326 3Ar02s00      [13]  719 	ld	a, (_t + 2)
   0329 D6 54         [ 7]  720 	sub	a, #0x54
   032B FD B6 03      [19]  721 	or	a, 3 (iy)
                            722 ; common peephole 163 changed absolute to relative conditional jump.
   032E 28 11         [12]  723 	jr	z, 00122$
                            724 ; common peephole 81 removed jp by using inverse jump logic
   0330                     725 00452$:
                            726 ;	skipping generated iCode
                            727 ;	skipping iCode since result will be rematerialized
                            728 ;	skipping iCode since result will be rematerialized
                            729 ;	skipping iCode since result will be rematerialized
                            730 ;	skipping iCode since result will be rematerialized
                            731 ;	skipping iCode since result will be rematerialized
                            732 ;	skipping iCode since result will be rematerialized
                            733 ;	genIpush
                            734 ;	genMove_o size 2 result type 2 source type 1 a_dead 1 hl_dead 1 de_dead 1 iy_dead 1 f_dead 1
   0330 21 4F 00      [10]  735 	ld	hl, #0x004f
   0333 E5            [11]  736 	push	hl
                            737 ;	genIpush
                            738 ;	genMove_o size 2 result type 2 source type 7 a_dead 1 hl_dead 1 de_dead 1 iy_dead 1 f_dead 1
   0334 21r2Ds0A      [10]  739 	ld	hl, #___str_2
   0337 E5            [11]  740 	push	hl
                            741 ;	genSend
                            742 ;	genMove_o size 2 result type 2 source type 7 a_dead 1 hl_dead 1 de_dead 1 iy_dead 1 f_dead 1
   0338 11r49s0B      [10]  743 	ld	de, #___str_11
                            744 ;	genSend
                            745 ;	genMove_o size 2 result type 2 source type 7 a_dead 1 hl_dead 1 de_dead 0 iy_dead 1 f_dead 1
   033B 21r00s0A      [10]  746 	ld	hl, #___str_0
                            747 ;	genCall
   033E CDr00s00      [17]  748 	call	___fail
                            749 ;	genLabel
   0341                     750 00122$:
                            751 ;cases/shifts2/shifts2_size_32_right_1_vol_0_sign_u_goal_0.c:80: TESTSHIFT(10);
                            752 ;	genAssign
   0341 11r00s00      [10]  753 	ld	de, #_t
   0344 21r00s00      [10]  754 	ld	hl, #_s
   0347 01 04 00      [10]  755 	ld	bc, #4
   034A ED B0         [21]  756 	ldir
                            757 ;	genRightShift
   034C 06 0A         [ 7]  758 	ld	b, #0x0a
   034E                     759 00453$:
   034E FD 21r00s00   [14]  760 	ld	iy, #_t
   0352 FD CB 03 3E   [23]  761 	srl	3 (iy)
   0356 FD CB 02 1E   [23]  762 	rr	2 (iy)
   035A FD CB 01 1E   [23]  763 	rr	1 (iy)
   035E FD CB 00 1E   [23]  764 	rr	0 (iy)
                            765 ; common peephole 159 removed unused label 00454$.
   0362 10 EA         [13]  766 	djnz	00453$
                            767 ;	genMove_o size 4 result type 10 source type 10 a_dead 1 hl_dead 1 de_dead 1 iy_dead 1 f_dead 1
                            768 ;	genPlus
                            769 ;	genMove_o size 2 result type 2 source type 10 a_dead 1 hl_dead 1 de_dead 1 iy_dead 1 f_dead 1
   0364 2Ar00s00      [16]  770 	ld	hl, (___numTests)
   0367 23            [ 6]  771 	inc	hl
                            772 ;	genMove_o size 2 result type 10 source type 2 a_dead 1 hl_dead 1 de_dead 1 iy_dead 1 f_dead 1
   0368 22r00s00      [16]  773 	ld	(___numTests), hl
                            774 ;	genCmpEq
                            775 ;	genMove_o size 1 result type 2 source type 10 a_dead 1 hl_dead 1 de_dead 0 iy_dead 0 f_dead 1
   036B 3Ar00s00      [13]  776 	ld	a, (_t+0)
   036E D6 71         [ 7]  777 	sub	a, #0x71
                            778 ; common peephole 163 changed absolute to relative conditional jump.
   0370 20 11         [12]  779 	jr	nz, 00455$
                            780 ;	genMove_o size 1 result type 2 source type 10 a_dead 1 hl_dead 1 de_dead 0 iy_dead 0 f_dead 1
   0372 3Ar01s00      [13]  781 	ld	a, (_t + 1)
   0375 D6 2D         [ 7]  782 	sub	a, #0x2d
                            783 ; common peephole 163 changed absolute to relative conditional jump.
   0377 20 0A         [12]  784 	jr	nz, 00455$
                            785 ;	genMove_o size 1 result type 2 source type 10 a_dead 1 hl_dead 1 de_dead 0 iy_dead 0 f_dead 1
   0379 3Ar02s00      [13]  786 	ld	a, (_t + 2)
   037C D6 2A         [ 7]  787 	sub	a, #0x2a
   037E FD B6 03      [19]  788 	or	a, 3 (iy)
                            789 ; common peephole 163 changed absolute to relative conditional jump.
   0381 28 11         [12]  790 	jr	z, 00124$
                            791 ; common peephole 81 removed jp by using inverse jump logic
   0383                     792 00455$:
                            793 ;	skipping generated iCode
                            794 ;	skipping iCode since result will be rematerialized
                            795 ;	skipping iCode since result will be rematerialized
                            796 ;	skipping iCode since result will be rematerialized
                            797 ;	skipping iCode since result will be rematerialized
                            798 ;	skipping iCode since result will be rematerialized
                            799 ;	skipping iCode since result will be rematerialized
                            800 ;	genIpush
                            801 ;	genMove_o size 2 result type 2 source type 1 a_dead 1 hl_dead 1 de_dead 1 iy_dead 1 f_dead 1
   0383 21 50 00      [10]  802 	ld	hl, #0x0050
   0386 E5            [11]  803 	push	hl
                            804 ;	genIpush
                            805 ;	genMove_o size 2 result type 2 source type 7 a_dead 1 hl_dead 1 de_dead 1 iy_dead 1 f_dead 1
   0387 21r2Ds0A      [10]  806 	ld	hl, #___str_2
   038A E5            [11]  807 	push	hl
                            808 ;	genSend
                            809 ;	genMove_o size 2 result type 2 source type 7 a_dead 1 hl_dead 1 de_dead 1 iy_dead 1 f_dead 1
   038B 11r65s0B      [10]  810 	ld	de, #___str_12
                            811 ;	genSend
                            812 ;	genMove_o size 2 result type 2 source type 7 a_dead 1 hl_dead 1 de_dead 0 iy_dead 1 f_dead 1
   038E 21r00s0A      [10]  813 	ld	hl, #___str_0
                            814 ;	genCall
   0391 CDr00s00      [17]  815 	call	___fail
                            816 ;	genLabel
   0394                     817 00124$:
                            818 ;cases/shifts2/shifts2_size_32_right_1_vol_0_sign_u_goal_0.c:81: TESTSHIFT(11);
                            819 ;	genAssign
   0394 11r00s00      [10]  820 	ld	de, #_t
   0397 21r00s00      [10]  821 	ld	hl, #_s
   039A 01 04 00      [10]  822 	ld	bc, #4
   039D ED B0         [21]  823 	ldir
                            824 ;	genRightShift
   039F 06 0B         [ 7]  825 	ld	b, #0x0b
   03A1                     826 00456$:
   03A1 FD 21r00s00   [14]  827 	ld	iy, #_t
   03A5 FD CB 03 3E   [23]  828 	srl	3 (iy)
   03A9 FD CB 02 1E   [23]  829 	rr	2 (iy)
   03AD FD CB 01 1E   [23]  830 	rr	1 (iy)
   03B1 FD CB 00 1E   [23]  831 	rr	0 (iy)
                            832 ; common peephole 159 removed unused label 00457$.
   03B5 10 EA         [13]  833 	djnz	00456$
                            834 ;	genMove_o size 4 result type 10 source type 10 a_dead 1 hl_dead 1 de_dead 1 iy_dead 1 f_dead 1
                            835 ;	genPlus
                            836 ;	genMove_o size 2 result type 2 source type 10 a_dead 1 hl_dead 1 de_dead 1 iy_dead 1 f_dead 1
   03B7 2Ar00s00      [16]  837 	ld	hl, (___numTests)
   03BA 23            [ 6]  838 	inc	hl
                            839 ;	genMove_o size 2 result type 10 source type 2 a_dead 1 hl_dead 1 de_dead 1 iy_dead 1 f_dead 1
   03BB 22r00s00      [16]  840 	ld	(___numTests), hl
                            841 ;	genCmpEq
                            842 ;	genMove_o size 1 result type 2 source type 10 a_dead 1 hl_dead 1 de_dead 0 iy_dead 0 f_dead 1
   03BE 3Ar00s00      [13]  843 	ld	a, (_t+0)
   03C1 D6 B8         [ 7]  844 	sub	a, #0xb8
                            845 ; common peephole 163 changed absolute to relative conditional jump.
   03C3 20 11         [12]  846 	jr	nz, 00458$
                            847 ;	genMove_o size 1 result type 2 source type 10 a_dead 1 hl_dead 1 de_dead 0 iy_dead 0 f_dead 1
   03C5 3Ar01s00      [13]  848 	ld	a, (_t + 1)
   03C8 D6 16         [ 7]  849 	sub	a, #0x16
                            850 ; common peephole 163 changed absolute to relative conditional jump.
   03CA 20 0A         [12]  851 	jr	nz, 00458$
                            852 ;	genMove_o size 1 result type 2 source type 10 a_dead 1 hl_dead 1 de_dead 0 iy_dead 0 f_dead 1
   03CC 3Ar02s00      [13]  853 	ld	a, (_t + 2)
   03CF D6 15         [ 7]  854 	sub	a, #0x15
   03D1 FD B6 03      [19]  855 	or	a, 3 (iy)
                            856 ; common peephole 163 changed absolute to relative conditional jump.
   03D4 28 11         [12]  857 	jr	z, 00126$
                            858 ; common peephole 81 removed jp by using inverse jump logic
   03D6                     859 00458$:
                            860 ;	skipping generated iCode
                            861 ;	skipping iCode since result will be rematerialized
                            862 ;	skipping iCode since result will be rematerialized
                            863 ;	skipping iCode since result will be rematerialized
                            864 ;	skipping iCode since result will be rematerialized
                            865 ;	skipping iCode since result will be rematerialized
                            866 ;	skipping iCode since result will be rematerialized
                            867 ;	genIpush
                            868 ;	genMove_o size 2 result type 2 source type 1 a_dead 1 hl_dead 1 de_dead 1 iy_dead 1 f_dead 1
   03D6 21 51 00      [10]  869 	ld	hl, #0x0051
   03D9 E5            [11]  870 	push	hl
                            871 ;	genIpush
                            872 ;	genMove_o size 2 result type 2 source type 7 a_dead 1 hl_dead 1 de_dead 1 iy_dead 1 f_dead 1
   03DA 21r2Ds0A      [10]  873 	ld	hl, #___str_2
   03DD E5            [11]  874 	push	hl
                            875 ;	genSend
                            876 ;	genMove_o size 2 result type 2 source type 7 a_dead 1 hl_dead 1 de_dead 1 iy_dead 1 f_dead 1
   03DE 11r82s0B      [10]  877 	ld	de, #___str_13
                            878 ;	genSend
                            879 ;	genMove_o size 2 result type 2 source type 7 a_dead 1 hl_dead 1 de_dead 0 iy_dead 1 f_dead 1
   03E1 21r00s0A      [10]  880 	ld	hl, #___str_0
                            881 ;	genCall
   03E4 CDr00s00      [17]  882 	call	___fail
                            883 ;	genLabel
   03E7                     884 00126$:
                            885 ;cases/shifts2/shifts2_size_32_right_1_vol_0_sign_u_goal_0.c:82: TESTSHIFT(12);
                            886 ;	genAssign
   03E7 11r00s00      [10]  887 	ld	de, #_t
   03EA 21r00s00      [10]  888 	ld	hl, #_s
   03ED 01 04 00      [10]  889 	ld	bc, #4
   03F0 ED B0         [21]  890 	ldir
                            891 ;	genRightShift
   03F2 06 0C         [ 7]  892 	ld	b, #0x0c
   03F4                     893 00459$:
   03F4 FD 21r00s00   [14]  894 	ld	iy, #_t
   03F8 FD CB 03 3E   [23]  895 	srl	3 (iy)
   03FC FD CB 02 1E   [23]  896 	rr	2 (iy)
   0400 FD CB 01 1E   [23]  897 	rr	1 (iy)
   0404 FD CB 00 1E   [23]  898 	rr	0 (iy)
                            899 ; common peephole 159 removed unused label 00460$.
   0408 10 EA         [13]  900 	djnz	00459$
                            901 ;	genMove_o size 4 result type 10 source type 10 a_dead 1 hl_dead 1 de_dead 1 iy_dead 1 f_dead 1
                            902 ;	genPlus
                            903 ;	genMove_o size 2 result type 2 source type 10 a_dead 1 hl_dead 1 de_dead 1 iy_dead 1 f_dead 1
   040A 2Ar00s00      [16]  904 	ld	hl, (___numTests)
   040D 23            [ 6]  905 	inc	hl
                            906 ;	genMove_o size 2 result type 10 source type 2 a_dead 1 hl_dead 1 de_dead 1 iy_dead 1 f_dead 1
   040E 22r00s00      [16]  907 	ld	(___numTests), hl
                            908 ;	genCmpEq
                            909 ;	genMove_o size 1 result type 2 source type 10 a_dead 1 hl_dead 1 de_dead 0 iy_dead 0 f_dead 1
   0411 3Ar00s00      [13]  910 	ld	a, (_t+0)
   0414 D6 5C         [ 7]  911 	sub	a, #0x5c
                            912 ; common peephole 163 changed absolute to relative conditional jump.
   0416 20 11         [12]  913 	jr	nz, 00461$
                            914 ;	genMove_o size 1 result type 2 source type 10 a_dead 1 hl_dead 1 de_dead 0 iy_dead 0 f_dead 1
   0418 3Ar01s00      [13]  915 	ld	a, (_t + 1)
   041B D6 8B         [ 7]  916 	sub	a, #0x8b
                            917 ; common peephole 163 changed absolute to relative conditional jump.
   041D 20 0A         [12]  918 	jr	nz, 00461$
                            919 ;	genMove_o size 1 result type 2 source type 10 a_dead 1 hl_dead 1 de_dead 0 iy_dead 0 f_dead 1
   041F 3Ar02s00      [13]  920 	ld	a, (_t + 2)
   0422 D6 0A         [ 7]  921 	sub	a, #0x0a
   0424 FD B6 03      [19]  922 	or	a, 3 (iy)
                            923 ; common peephole 163 changed absolute to relative conditional jump.
   0427 28 11         [12]  924 	jr	z, 00128$
                            925 ; common peephole 81 removed jp by using inverse jump logic
   0429                     926 00461$:
                            927 ;	skipping generated iCode
                            928 ;	skipping iCode since result will be rematerialized
                            929 ;	skipping iCode since result will be rematerialized
                            930 ;	skipping iCode since result will be rematerialized
                            931 ;	skipping iCode since result will be rematerialized
                            932 ;	skipping iCode since result will be rematerialized
                            933 ;	skipping iCode since result will be rematerialized
                            934 ;	genIpush
                            935 ;	genMove_o size 2 result type 2 source type 1 a_dead 1 hl_dead 1 de_dead 1 iy_dead 1 f_dead 1
   0429 21 52 00      [10]  936 	ld	hl, #0x0052
   042C E5            [11]  937 	push	hl
                            938 ;	genIpush
                            939 ;	genMove_o size 2 result type 2 source type 7 a_dead 1 hl_dead 1 de_dead 1 iy_dead 1 f_dead 1
   042D 21r2Ds0A      [10]  940 	ld	hl, #___str_2
   0430 E5            [11]  941 	push	hl
                            942 ;	genSend
                            943 ;	genMove_o size 2 result type 2 source type 7 a_dead 1 hl_dead 1 de_dead 1 iy_dead 1 f_dead 1
   0431 11r9Fs0B      [10]  944 	ld	de, #___str_14
                            945 ;	genSend
                            946 ;	genMove_o size 2 result type 2 source type 7 a_dead 1 hl_dead 1 de_dead 0 iy_dead 1 f_dead 1
   0434 21r00s0A      [10]  947 	ld	hl, #___str_0
                            948 ;	genCall
   0437 CDr00s00      [17]  949 	call	___fail
                            950 ;	genLabel
   043A                     951 00128$:
                            952 ;cases/shifts2/shifts2_size_32_right_1_vol_0_sign_u_goal_0.c:83: TESTSHIFT(13);
                            953 ;	genAssign
   043A 11r00s00      [10]  954 	ld	de, #_t
   043D 21r00s00      [10]  955 	ld	hl, #_s
   0440 01 04 00      [10]  956 	ld	bc, #4
   0443 ED B0         [21]  957 	ldir
                            958 ;	genRightShift
   0445 06 0D         [ 7]  959 	ld	b, #0x0d
   0447                     960 00462$:
   0447 FD 21r00s00   [14]  961 	ld	iy, #_t
   044B FD CB 03 3E   [23]  962 	srl	3 (iy)
   044F FD CB 02 1E   [23]  963 	rr	2 (iy)
   0453 FD CB 01 1E   [23]  964 	rr	1 (iy)
   0457 FD CB 00 1E   [23]  965 	rr	0 (iy)
                            966 ; common peephole 159 removed unused label 00463$.
   045B 10 EA         [13]  967 	djnz	00462$
                            968 ;	genMove_o size 4 result type 10 source type 10 a_dead 1 hl_dead 1 de_dead 1 iy_dead 1 f_dead 1
                            969 ;	genPlus
                            970 ;	genMove_o size 2 result type 2 source type 10 a_dead 1 hl_dead 1 de_dead 1 iy_dead 1 f_dead 1
   045D 2Ar00s00      [16]  971 	ld	hl, (___numTests)
   0460 23            [ 6]  972 	inc	hl
                            973 ;	genMove_o size 2 result type 10 source type 2 a_dead 1 hl_dead 1 de_dead 1 iy_dead 1 f_dead 1
   0461 22r00s00      [16]  974 	ld	(___numTests), hl
                            975 ;	genCmpEq
                            976 ;	genMove_o size 1 result type 2 source type 10 a_dead 1 hl_dead 1 de_dead 0 iy_dead 0 f_dead 1
   0464 3Ar00s00      [13]  977 	ld	a, (_t+0)
   0467 D6 AE         [ 7]  978 	sub	a, #0xae
                            979 ; common peephole 163 changed absolute to relative conditional jump.
   0469 20 11         [12]  980 	jr	nz, 00464$
                            981 ;	genMove_o size 1 result type 2 source type 10 a_dead 1 hl_dead 1 de_dead 0 iy_dead 0 f_dead 1
   046B 3Ar01s00      [13]  982 	ld	a, (_t + 1)
   046E D6 45         [ 7]  983 	sub	a, #0x45
                            984 ; common peephole 163 changed absolute to relative conditional jump.
   0470 20 0A         [12]  985 	jr	nz, 00464$
                            986 ;	genMove_o size 1 result type 2 source type 10 a_dead 1 hl_dead 1 de_dead 0 iy_dead 0 f_dead 1
   0472 3Ar02s00      [13]  987 	ld	a, (_t + 2)
   0475 D6 05         [ 7]  988 	sub	a, #0x05
   0477 FD B6 03      [19]  989 	or	a, 3 (iy)
                            990 ; common peephole 163 changed absolute to relative conditional jump.
   047A 28 11         [12]  991 	jr	z, 00130$
                            992 ; common peephole 81 removed jp by using inverse jump logic
   047C                     993 00464$:
                            994 ;	skipping generated iCode
                            995 ;	skipping iCode since result will be rematerialized
                            996 ;	skipping iCode since result will be rematerialized
                            997 ;	skipping iCode since result will be rematerialized
                            998 ;	skipping iCode since result will be rematerialized
                            999 ;	skipping iCode since result will be rematerialized
                           1000 ;	skipping iCode since result will be rematerialized
                           1001 ;	genIpush
                           1002 ;	genMove_o size 2 result type 2 source type 1 a_dead 1 hl_dead 1 de_dead 1 iy_dead 1 f_dead 1
   047C 21 53 00      [10] 1003 	ld	hl, #0x0053
   047F E5            [11] 1004 	push	hl
                           1005 ;	genIpush
                           1006 ;	genMove_o size 2 result type 2 source type 7 a_dead 1 hl_dead 1 de_dead 1 iy_dead 1 f_dead 1
   0480 21r2Ds0A      [10] 1007 	ld	hl, #___str_2
   0483 E5            [11] 1008 	push	hl
                           1009 ;	genSend
                           1010 ;	genMove_o size 2 result type 2 source type 7 a_dead 1 hl_dead 1 de_dead 1 iy_dead 1 f_dead 1
   0484 11rBCs0B      [10] 1011 	ld	de, #___str_15
                           1012 ;	genSend
                           1013 ;	genMove_o size 2 result type 2 source type 7 a_dead 1 hl_dead 1 de_dead 0 iy_dead 1 f_dead 1
   0487 21r00s0A      [10] 1014 	ld	hl, #___str_0
                           1015 ;	genCall
   048A CDr00s00      [17] 1016 	call	___fail
                           1017 ;	genLabel
   048D                    1018 00130$:
                           1019 ;cases/shifts2/shifts2_size_32_right_1_vol_0_sign_u_goal_0.c:84: TESTSHIFT(14);
                           1020 ;	genAssign
   048D 11r00s00      [10] 1021 	ld	de, #_t
   0490 21r00s00      [10] 1022 	ld	hl, #_s
   0493 01 04 00      [10] 1023 	ld	bc, #4
   0496 ED B0         [21] 1024 	ldir
                           1025 ;	genRightShift
   0498 06 0E         [ 7] 1026 	ld	b, #0x0e
   049A                    1027 00465$:
   049A FD 21r00s00   [14] 1028 	ld	iy, #_t
   049E FD CB 03 3E   [23] 1029 	srl	3 (iy)
   04A2 FD CB 02 1E   [23] 1030 	rr	2 (iy)
   04A6 FD CB 01 1E   [23] 1031 	rr	1 (iy)
   04AA FD CB 00 1E   [23] 1032 	rr	0 (iy)
                           1033 ; common peephole 159 removed unused label 00466$.
   04AE 10 EA         [13] 1034 	djnz	00465$
                           1035 ;	genMove_o size 4 result type 10 source type 10 a_dead 1 hl_dead 1 de_dead 1 iy_dead 1 f_dead 1
                           1036 ;	genPlus
                           1037 ;	genMove_o size 2 result type 2 source type 10 a_dead 1 hl_dead 1 de_dead 1 iy_dead 1 f_dead 1
   04B0 2Ar00s00      [16] 1038 	ld	hl, (___numTests)
   04B3 23            [ 6] 1039 	inc	hl
                           1040 ;	genMove_o size 2 result type 10 source type 2 a_dead 1 hl_dead 1 de_dead 1 iy_dead 1 f_dead 1
   04B4 22r00s00      [16] 1041 	ld	(___numTests), hl
                           1042 ;	genCmpEq
                           1043 ;	genMove_o size 1 result type 2 source type 10 a_dead 1 hl_dead 1 de_dead 0 iy_dead 0 f_dead 1
   04B7 3Ar00s00      [13] 1044 	ld	a, (_t+0)
   04BA D6 D7         [ 7] 1045 	sub	a, #0xd7
                           1046 ; common peephole 163 changed absolute to relative conditional jump.
   04BC 20 11         [12] 1047 	jr	nz, 00467$
                           1048 ;	genMove_o size 1 result type 2 source type 10 a_dead 1 hl_dead 1 de_dead 0 iy_dead 0 f_dead 1
   04BE 3Ar01s00      [13] 1049 	ld	a, (_t + 1)
   04C1 D6 A2         [ 7] 1050 	sub	a, #0xa2
                           1051 ; common peephole 163 changed absolute to relative conditional jump.
   04C3 20 0A         [12] 1052 	jr	nz, 00467$
                           1053 ;	genMove_o size 1 result type 2 source type 10 a_dead 1 hl_dead 1 de_dead 0 iy_dead 0 f_dead 1
   04C5 3Ar02s00      [13] 1054 	ld	a, (_t + 2)
   04C8 D6 02         [ 7] 1055 	sub	a, #0x02
   04CA FD B6 03      [19] 1056 	or	a, 3 (iy)
                           1057 ; common peephole 163 changed absolute to relative conditional jump.
   04CD 28 11         [12] 1058 	jr	z, 00132$
                           1059 ; common peephole 81 removed jp by using inverse jump logic
   04CF                    1060 00467$:
                           1061 ;	skipping generated iCode
                           1062 ;	skipping iCode since result will be rematerialized
                           1063 ;	skipping iCode since result will be rematerialized
                           1064 ;	skipping iCode since result will be rematerialized
                           1065 ;	skipping iCode since result will be rematerialized
                           1066 ;	skipping iCode since result will be rematerialized
                           1067 ;	skipping iCode since result will be rematerialized
                           1068 ;	genIpush
                           1069 ;	genMove_o size 2 result type 2 source type 1 a_dead 1 hl_dead 1 de_dead 1 iy_dead 1 f_dead 1
   04CF 21 54 00      [10] 1070 	ld	hl, #0x0054
   04D2 E5            [11] 1071 	push	hl
                           1072 ;	genIpush
                           1073 ;	genMove_o size 2 result type 2 source type 7 a_dead 1 hl_dead 1 de_dead 1 iy_dead 1 f_dead 1
   04D3 21r2Ds0A      [10] 1074 	ld	hl, #___str_2
   04D6 E5            [11] 1075 	push	hl
                           1076 ;	genSend
                           1077 ;	genMove_o size 2 result type 2 source type 7 a_dead 1 hl_dead 1 de_dead 1 iy_dead 1 f_dead 1
   04D7 11rD9s0B      [10] 1078 	ld	de, #___str_16
                           1079 ;	genSend
                           1080 ;	genMove_o size 2 result type 2 source type 7 a_dead 1 hl_dead 1 de_dead 0 iy_dead 1 f_dead 1
   04DA 21r00s0A      [10] 1081 	ld	hl, #___str_0
                           1082 ;	genCall
   04DD CDr00s00      [17] 1083 	call	___fail
                           1084 ;	genLabel
   04E0                    1085 00132$:
                           1086 ;cases/shifts2/shifts2_size_32_right_1_vol_0_sign_u_goal_0.c:85: TESTSHIFT(15);
                           1087 ;	genAssign
   04E0 11r00s00      [10] 1088 	ld	de, #_t
   04E3 21r00s00      [10] 1089 	ld	hl, #_s
   04E6 01 04 00      [10] 1090 	ld	bc, #4
   04E9 ED B0         [21] 1091 	ldir
                           1092 ;	genRightShift
   04EB 06 0F         [ 7] 1093 	ld	b, #0x0f
   04ED                    1094 00468$:
   04ED FD 21r00s00   [14] 1095 	ld	iy, #_t
   04F1 FD CB 03 3E   [23] 1096 	srl	3 (iy)
   04F5 FD CB 02 1E   [23] 1097 	rr	2 (iy)
   04F9 FD CB 01 1E   [23] 1098 	rr	1 (iy)
   04FD FD CB 00 1E   [23] 1099 	rr	0 (iy)
                           1100 ; common peephole 159 removed unused label 00469$.
   0501 10 EA         [13] 1101 	djnz	00468$
                           1102 ;	genMove_o size 4 result type 10 source type 10 a_dead 1 hl_dead 1 de_dead 1 iy_dead 1 f_dead 1
                           1103 ;	genPlus
                           1104 ;	genMove_o size 2 result type 2 source type 10 a_dead 1 hl_dead 1 de_dead 1 iy_dead 1 f_dead 1
   0503 2Ar00s00      [16] 1105 	ld	hl, (___numTests)
   0506 23            [ 6] 1106 	inc	hl
                           1107 ;	genMove_o size 2 result type 10 source type 2 a_dead 1 hl_dead 1 de_dead 1 iy_dead 1 f_dead 1
   0507 22r00s00      [16] 1108 	ld	(___numTests), hl
                           1109 ;	genCmpEq
                           1110 ;	genMove_o size 1 result type 2 source type 10 a_dead 1 hl_dead 1 de_dead 0 iy_dead 0 f_dead 1
   050A 3Ar00s00      [13] 1111 	ld	a, (_t+0)
   050D D6 6B         [ 7] 1112 	sub	a, #0x6b
                           1113 ; common peephole 163 changed absolute to relative conditional jump.
   050F 20 10         [12] 1114 	jr	nz, 00470$
                           1115 ;	genMove_o size 1 result type 2 source type 10 a_dead 1 hl_dead 1 de_dead 0 iy_dead 0 f_dead 1
   0511 3Ar01s00      [13] 1116 	ld	a, (_t + 1)
   0514 D6 51         [ 7] 1117 	sub	a, #0x51
                           1118 ; common peephole 163 changed absolute to relative conditional jump.
   0516 20 09         [12] 1119 	jr	nz, 00470$
                           1120 ;	genMove_o size 1 result type 2 source type 10 a_dead 1 hl_dead 1 de_dead 0 iy_dead 0 f_dead 1
   0518 3Ar02s00      [13] 1121 	ld	a, (_t + 2)
   051B 3D            [ 4] 1122 	dec	a
   051C FD B6 03      [19] 1123 	or	a, 3 (iy)
                           1124 ; common peephole 163 changed absolute to relative conditional jump.
   051F 28 11         [12] 1125 	jr	z, 00134$
                           1126 ; common peephole 81 removed jp by using inverse jump logic
   0521                    1127 00470$:
                           1128 ;	skipping generated iCode
                           1129 ;	skipping iCode since result will be rematerialized
                           1130 ;	skipping iCode since result will be rematerialized
                           1131 ;	skipping iCode since result will be rematerialized
                           1132 ;	skipping iCode since result will be rematerialized
                           1133 ;	skipping iCode since result will be rematerialized
                           1134 ;	skipping iCode since result will be rematerialized
                           1135 ;	genIpush
                           1136 ;	genMove_o size 2 result type 2 source type 1 a_dead 1 hl_dead 1 de_dead 1 iy_dead 1 f_dead 1
   0521 21 55 00      [10] 1137 	ld	hl, #0x0055
   0524 E5            [11] 1138 	push	hl
                           1139 ;	genIpush
                           1140 ;	genMove_o size 2 result type 2 source type 7 a_dead 1 hl_dead 1 de_dead 1 iy_dead 1 f_dead 1
   0525 21r2Ds0A      [10] 1141 	ld	hl, #___str_2
   0528 E5            [11] 1142 	push	hl
                           1143 ;	genSend
                           1144 ;	genMove_o size 2 result type 2 source type 7 a_dead 1 hl_dead 1 de_dead 1 iy_dead 1 f_dead 1
   0529 11rF6s0B      [10] 1145 	ld	de, #___str_17
                           1146 ;	genSend
                           1147 ;	genMove_o size 2 result type 2 source type 7 a_dead 1 hl_dead 1 de_dead 0 iy_dead 1 f_dead 1
   052C 21r00s0A      [10] 1148 	ld	hl, #___str_0
                           1149 ;	genCall
   052F CDr00s00      [17] 1150 	call	___fail
                           1151 ;	genLabel
   0532                    1152 00134$:
                           1153 ;cases/shifts2/shifts2_size_32_right_1_vol_0_sign_u_goal_0.c:90: TESTSHIFT(16);
                           1154 ;	genAssign
   0532 11r00s00      [10] 1155 	ld	de, #_t
   0535 21r00s00      [10] 1156 	ld	hl, #_s
   0538 01 04 00      [10] 1157 	ld	bc, #4
   053B ED B0         [21] 1158 	ldir
                           1159 ;	genRightShift
   053D 06 10         [ 7] 1160 	ld	b, #0x10
   053F                    1161 00471$:
   053F FD 21r00s00   [14] 1162 	ld	iy, #_t
   0543 FD CB 03 3E   [23] 1163 	srl	3 (iy)
   0547 FD CB 02 1E   [23] 1164 	rr	2 (iy)
   054B FD CB 01 1E   [23] 1165 	rr	1 (iy)
   054F FD CB 00 1E   [23] 1166 	rr	0 (iy)
                           1167 ; common peephole 159 removed unused label 00472$.
   0553 10 EA         [13] 1168 	djnz	00471$
                           1169 ;	genMove_o size 4 result type 10 source type 10 a_dead 1 hl_dead 1 de_dead 1 iy_dead 1 f_dead 1
                           1170 ;	genPlus
                           1171 ;	genMove_o size 2 result type 2 source type 10 a_dead 1 hl_dead 1 de_dead 1 iy_dead 1 f_dead 1
   0555 2Ar00s00      [16] 1172 	ld	hl, (___numTests)
   0558 23            [ 6] 1173 	inc	hl
                           1174 ;	genMove_o size 2 result type 10 source type 2 a_dead 1 hl_dead 1 de_dead 1 iy_dead 1 f_dead 1
   0559 22r00s00      [16] 1175 	ld	(___numTests), hl
                           1176 ;	genCmpEq
                           1177 ;	genMove_o size 1 result type 2 source type 10 a_dead 1 hl_dead 1 de_dead 0 iy_dead 0 f_dead 1
   055C 3Ar00s00      [13] 1178 	ld	a, (_t+0)
   055F D6 B5         [ 7] 1179 	sub	a, #0xb5
                           1180 ; common peephole 163 changed absolute to relative conditional jump.
   0561 20 0D         [12] 1181 	jr	nz, 00473$
                           1182 ;	genMove_o size 1 result type 2 source type 10 a_dead 1 hl_dead 1 de_dead 0 iy_dead 0 f_dead 1
   0563 3Ar01s00      [13] 1183 	ld	a, (_t + 1)
   0566 D6 A8         [ 7] 1184 	sub	a, #0xa8
   0568 FD B6 02      [19] 1185 	or	a, 2 (iy)
   056B FD B6 03      [19] 1186 	or	a, 3 (iy)
                           1187 ; common peephole 163 changed absolute to relative conditional jump.
   056E 28 11         [12] 1188 	jr	z, 00136$
                           1189 ; common peephole 81 removed jp by using inverse jump logic
   0570                    1190 00473$:
                           1191 ;	skipping generated iCode
                           1192 ;	skipping iCode since result will be rematerialized
                           1193 ;	skipping iCode since result will be rematerialized
                           1194 ;	skipping iCode since result will be rematerialized
                           1195 ;	skipping iCode since result will be rematerialized
                           1196 ;	skipping iCode since result will be rematerialized
                           1197 ;	skipping iCode since result will be rematerialized
                           1198 ;	genIpush
                           1199 ;	genMove_o size 2 result type 2 source type 1 a_dead 1 hl_dead 1 de_dead 1 iy_dead 1 f_dead 1
   0570 21 5A 00      [10] 1200 	ld	hl, #0x005a
   0573 E5            [11] 1201 	push	hl
                           1202 ;	genIpush
                           1203 ;	genMove_o size 2 result type 2 source type 7 a_dead 1 hl_dead 1 de_dead 1 iy_dead 1 f_dead 1
   0574 21r2Ds0A      [10] 1204 	ld	hl, #___str_2
   0577 E5            [11] 1205 	push	hl
                           1206 ;	genSend
                           1207 ;	genMove_o size 2 result type 2 source type 7 a_dead 1 hl_dead 1 de_dead 1 iy_dead 1 f_dead 1
   0578 11r13s0C      [10] 1208 	ld	de, #___str_18
                           1209 ;	genSend
                           1210 ;	genMove_o size 2 result type 2 source type 7 a_dead 1 hl_dead 1 de_dead 0 iy_dead 1 f_dead 1
   057B 21r00s0A      [10] 1211 	ld	hl, #___str_0
                           1212 ;	genCall
   057E CDr00s00      [17] 1213 	call	___fail
                           1214 ;	genLabel
   0581                    1215 00136$:
                           1216 ;cases/shifts2/shifts2_size_32_right_1_vol_0_sign_u_goal_0.c:91: TESTSHIFT(17);
                           1217 ;	genAssign
   0581 11r00s00      [10] 1218 	ld	de, #_t
   0584 21r00s00      [10] 1219 	ld	hl, #_s
   0587 01 04 00      [10] 1220 	ld	bc, #4
   058A ED B0         [21] 1221 	ldir
                           1222 ;	genRightShift
   058C 06 11         [ 7] 1223 	ld	b, #0x11
   058E                    1224 00474$:
   058E FD 21r00s00   [14] 1225 	ld	iy, #_t
   0592 FD CB 03 3E   [23] 1226 	srl	3 (iy)
   0596 FD CB 02 1E   [23] 1227 	rr	2 (iy)
   059A FD CB 01 1E   [23] 1228 	rr	1 (iy)
   059E FD CB 00 1E   [23] 1229 	rr	0 (iy)
                           1230 ; common peephole 159 removed unused label 00475$.
   05A2 10 EA         [13] 1231 	djnz	00474$
                           1232 ;	genMove_o size 4 result type 10 source type 10 a_dead 1 hl_dead 1 de_dead 1 iy_dead 1 f_dead 1
                           1233 ;	genPlus
                           1234 ;	genMove_o size 2 result type 2 source type 10 a_dead 1 hl_dead 1 de_dead 1 iy_dead 1 f_dead 1
   05A4 2Ar00s00      [16] 1235 	ld	hl, (___numTests)
   05A7 23            [ 6] 1236 	inc	hl
                           1237 ;	genMove_o size 2 result type 10 source type 2 a_dead 1 hl_dead 1 de_dead 1 iy_dead 1 f_dead 1
   05A8 22r00s00      [16] 1238 	ld	(___numTests), hl
                           1239 ;	genCmpEq
                           1240 ;	genMove_o size 1 result type 2 source type 10 a_dead 1 hl_dead 1 de_dead 0 iy_dead 0 f_dead 1
   05AB 3Ar00s00      [13] 1241 	ld	a, (_t+0)
   05AE D6 5A         [ 7] 1242 	sub	a, #0x5a
                           1243 ; common peephole 163 changed absolute to relative conditional jump.
   05B0 20 0D         [12] 1244 	jr	nz, 00476$
                           1245 ;	genMove_o size 1 result type 2 source type 10 a_dead 1 hl_dead 1 de_dead 0 iy_dead 0 f_dead 1
   05B2 3Ar01s00      [13] 1246 	ld	a, (_t + 1)
   05B5 D6 54         [ 7] 1247 	sub	a, #0x54
   05B7 FD B6 02      [19] 1248 	or	a, 2 (iy)
   05BA FD B6 03      [19] 1249 	or	a, 3 (iy)
                           1250 ; common peephole 163 changed absolute to relative conditional jump.
   05BD 28 11         [12] 1251 	jr	z, 00138$
                           1252 ; common peephole 81 removed jp by using inverse jump logic
   05BF                    1253 00476$:
                           1254 ;	skipping generated iCode
                           1255 ;	skipping iCode since result will be rematerialized
                           1256 ;	skipping iCode since result will be rematerialized
                           1257 ;	skipping iCode since result will be rematerialized
                           1258 ;	skipping iCode since result will be rematerialized
                           1259 ;	skipping iCode since result will be rematerialized
                           1260 ;	skipping iCode since result will be rematerialized
                           1261 ;	genIpush
                           1262 ;	genMove_o size 2 result type 2 source type 1 a_dead 1 hl_dead 1 de_dead 1 iy_dead 1 f_dead 1
   05BF 21 5B 00      [10] 1263 	ld	hl, #0x005b
   05C2 E5            [11] 1264 	push	hl
                           1265 ;	genIpush
                           1266 ;	genMove_o size 2 result type 2 source type 7 a_dead 1 hl_dead 1 de_dead 1 iy_dead 1 f_dead 1
   05C3 21r2Ds0A      [10] 1267 	ld	hl, #___str_2
   05C6 E5            [11] 1268 	push	hl
                           1269 ;	genSend
                           1270 ;	genMove_o size 2 result type 2 source type 7 a_dead 1 hl_dead 1 de_dead 1 iy_dead 1 f_dead 1
   05C7 11r30s0C      [10] 1271 	ld	de, #___str_19
                           1272 ;	genSend
                           1273 ;	genMove_o size 2 result type 2 source type 7 a_dead 1 hl_dead 1 de_dead 0 iy_dead 1 f_dead 1
   05CA 21r00s0A      [10] 1274 	ld	hl, #___str_0
                           1275 ;	genCall
   05CD CDr00s00      [17] 1276 	call	___fail
                           1277 ;	genLabel
   05D0                    1278 00138$:
                           1279 ;cases/shifts2/shifts2_size_32_right_1_vol_0_sign_u_goal_0.c:92: TESTSHIFT(18);
                           1280 ;	genAssign
   05D0 11r00s00      [10] 1281 	ld	de, #_t
   05D3 21r00s00      [10] 1282 	ld	hl, #_s
   05D6 01 04 00      [10] 1283 	ld	bc, #4
   05D9 ED B0         [21] 1284 	ldir
                           1285 ;	genRightShift
   05DB 06 12         [ 7] 1286 	ld	b, #0x12
   05DD                    1287 00477$:
   05DD FD 21r00s00   [14] 1288 	ld	iy, #_t
   05E1 FD CB 03 3E   [23] 1289 	srl	3 (iy)
   05E5 FD CB 02 1E   [23] 1290 	rr	2 (iy)
   05E9 FD CB 01 1E   [23] 1291 	rr	1 (iy)
   05ED FD CB 00 1E   [23] 1292 	rr	0 (iy)
                           1293 ; common peephole 159 removed unused label 00478$.
   05F1 10 EA         [13] 1294 	djnz	00477$
                           1295 ;	genMove_o size 4 result type 10 source type 10 a_dead 1 hl_dead 1 de_dead 1 iy_dead 1 f_dead 1
                           1296 ;	genPlus
                           1297 ;	genMove_o size 2 result type 2 source type 10 a_dead 1 hl_dead 1 de_dead 1 iy_dead 1 f_dead 1
   05F3 2Ar00s00      [16] 1298 	ld	hl, (___numTests)
   05F6 23            [ 6] 1299 	inc	hl
                           1300 ;	genMove_o size 2 result type 10 source type 2 a_dead 1 hl_dead 1 de_dead 1 iy_dead 1 f_dead 1
   05F7 22r00s00      [16] 1301 	ld	(___numTests), hl
                           1302 ;	genCmpEq
                           1303 ;	genMove_o size 1 result type 2 source type 10 a_dead 1 hl_dead 1 de_dead 0 iy_dead 0 f_dead 1
   05FA 3Ar00s00      [13] 1304 	ld	a, (_t+0)
   05FD D6 2D         [ 7] 1305 	sub	a, #0x2d
                           1306 ; common peephole 163 changed absolute to relative conditional jump.
   05FF 20 0D         [12] 1307 	jr	nz, 00479$
                           1308 ;	genMove_o size 1 result type 2 source type 10 a_dead 1 hl_dead 1 de_dead 0 iy_dead 0 f_dead 1
   0601 3Ar01s00      [13] 1309 	ld	a, (_t + 1)
   0604 D6 2A         [ 7] 1310 	sub	a, #0x2a
   0606 FD B6 02      [19] 1311 	or	a, 2 (iy)
   0609 FD B6 03      [19] 1312 	or	a, 3 (iy)
                           1313 ; common peephole 163 changed absolute to relative conditional jump.
   060C 28 11         [12] 1314 	jr	z, 00140$
                           1315 ; common peephole 81 removed jp by using inverse jump logic
   060E                    1316 00479$:
                           1317 ;	skipping generated iCode
                           1318 ;	skipping iCode since result will be rematerialized
                           1319 ;	skipping iCode since result will be rematerialized
                           1320 ;	skipping iCode since result will be rematerialized
                           1321 ;	skipping iCode since result will be rematerialized
                           1322 ;	skipping iCode since result will be rematerialized
                           1323 ;	skipping iCode since result will be rematerialized
                           1324 ;	genIpush
                           1325 ;	genMove_o size 2 result type 2 source type 1 a_dead 1 hl_dead 1 de_dead 1 iy_dead 1 f_dead 1
   060E 21 5C 00      [10] 1326 	ld	hl, #0x005c
   0611 E5            [11] 1327 	push	hl
                           1328 ;	genIpush
                           1329 ;	genMove_o size 2 result type 2 source type 7 a_dead 1 hl_dead 1 de_dead 1 iy_dead 1 f_dead 1
   0612 21r2Ds0A      [10] 1330 	ld	hl, #___str_2
   0615 E5            [11] 1331 	push	hl
                           1332 ;	genSend
                           1333 ;	genMove_o size 2 result type 2 source type 7 a_dead 1 hl_dead 1 de_dead 1 iy_dead 1 f_dead 1
   0616 11r4Ds0C      [10] 1334 	ld	de, #___str_20
                           1335 ;	genSend
                           1336 ;	genMove_o size 2 result type 2 source type 7 a_dead 1 hl_dead 1 de_dead 0 iy_dead 1 f_dead 1
   0619 21r00s0A      [10] 1337 	ld	hl, #___str_0
                           1338 ;	genCall
   061C CDr00s00      [17] 1339 	call	___fail
                           1340 ;	genLabel
   061F                    1341 00140$:
                           1342 ;cases/shifts2/shifts2_size_32_right_1_vol_0_sign_u_goal_0.c:93: TESTSHIFT(19);
                           1343 ;	genAssign
   061F 11r00s00      [10] 1344 	ld	de, #_t
   0622 21r00s00      [10] 1345 	ld	hl, #_s
   0625 01 04 00      [10] 1346 	ld	bc, #4
   0628 ED B0         [21] 1347 	ldir
                           1348 ;	genRightShift
   062A 06 13         [ 7] 1349 	ld	b, #0x13
   062C                    1350 00480$:
   062C FD 21r00s00   [14] 1351 	ld	iy, #_t
   0630 FD CB 03 3E   [23] 1352 	srl	3 (iy)
   0634 FD CB 02 1E   [23] 1353 	rr	2 (iy)
   0638 FD CB 01 1E   [23] 1354 	rr	1 (iy)
   063C FD CB 00 1E   [23] 1355 	rr	0 (iy)
                           1356 ; common peephole 159 removed unused label 00481$.
   0640 10 EA         [13] 1357 	djnz	00480$
                           1358 ;	genMove_o size 4 result type 10 source type 10 a_dead 1 hl_dead 1 de_dead 1 iy_dead 1 f_dead 1
                           1359 ;	genPlus
                           1360 ;	genMove_o size 2 result type 2 source type 10 a_dead 1 hl_dead 1 de_dead 1 iy_dead 1 f_dead 1
   0642 2Ar00s00      [16] 1361 	ld	hl, (___numTests)
   0645 23            [ 6] 1362 	inc	hl
                           1363 ;	genMove_o size 2 result type 10 source type 2 a_dead 1 hl_dead 1 de_dead 1 iy_dead 1 f_dead 1
   0646 22r00s00      [16] 1364 	ld	(___numTests), hl
                           1365 ;	genCmpEq
                           1366 ;	genMove_o size 1 result type 2 source type 10 a_dead 1 hl_dead 1 de_dead 0 iy_dead 0 f_dead 1
   0649 3Ar00s00      [13] 1367 	ld	a, (_t+0)
   064C D6 16         [ 7] 1368 	sub	a, #0x16
                           1369 ; common peephole 163 changed absolute to relative conditional jump.
   064E 20 0D         [12] 1370 	jr	nz, 00482$
                           1371 ;	genMove_o size 1 result type 2 source type 10 a_dead 1 hl_dead 1 de_dead 0 iy_dead 0 f_dead 1
   0650 3Ar01s00      [13] 1372 	ld	a, (_t + 1)
   0653 D6 15         [ 7] 1373 	sub	a, #0x15
   0655 FD B6 02      [19] 1374 	or	a, 2 (iy)
   0658 FD B6 03      [19] 1375 	or	a, 3 (iy)
                           1376 ; common peephole 163 changed absolute to relative conditional jump.
   065B 28 11         [12] 1377 	jr	z, 00142$
                           1378 ; common peephole 81 removed jp by using inverse jump logic
   065D                    1379 00482$:
                           1380 ;	skipping generated iCode
                           1381 ;	skipping iCode since result will be rematerialized
                           1382 ;	skipping iCode since result will be rematerialized
                           1383 ;	skipping iCode since result will be rematerialized
                           1384 ;	skipping iCode since result will be rematerialized
                           1385 ;	skipping iCode since result will be rematerialized
                           1386 ;	skipping iCode since result will be rematerialized
                           1387 ;	genIpush
                           1388 ;	genMove_o size 2 result type 2 source type 1 a_dead 1 hl_dead 1 de_dead 1 iy_dead 1 f_dead 1
   065D 21 5D 00      [10] 1389 	ld	hl, #0x005d
   0660 E5            [11] 1390 	push	hl
                           1391 ;	genIpush
                           1392 ;	genMove_o size 2 result type 2 source type 7 a_dead 1 hl_dead 1 de_dead 1 iy_dead 1 f_dead 1
   0661 21r2Ds0A      [10] 1393 	ld	hl, #___str_2
   0664 E5            [11] 1394 	push	hl
                           1395 ;	genSend
                           1396 ;	genMove_o size 2 result type 2 source type 7 a_dead 1 hl_dead 1 de_dead 1 iy_dead 1 f_dead 1
   0665 11r6As0C      [10] 1397 	ld	de, #___str_21
                           1398 ;	genSend
                           1399 ;	genMove_o size 2 result type 2 source type 7 a_dead 1 hl_dead 1 de_dead 0 iy_dead 1 f_dead 1
   0668 21r00s0A      [10] 1400 	ld	hl, #___str_0
                           1401 ;	genCall
   066B CDr00s00      [17] 1402 	call	___fail
                           1403 ;	genLabel
   066E                    1404 00142$:
                           1405 ;cases/shifts2/shifts2_size_32_right_1_vol_0_sign_u_goal_0.c:94: TESTSHIFT(20);
                           1406 ;	genAssign
   066E 11r00s00      [10] 1407 	ld	de, #_t
   0671 21r00s00      [10] 1408 	ld	hl, #_s
   0674 01 04 00      [10] 1409 	ld	bc, #4
   0677 ED B0         [21] 1410 	ldir
                           1411 ;	genRightShift
   0679 06 14         [ 7] 1412 	ld	b, #0x14
   067B                    1413 00483$:
   067B FD 21r00s00   [14] 1414 	ld	iy, #_t
   067F FD CB 03 3E   [23] 1415 	srl	3 (iy)
   0683 FD CB 02 1E   [23] 1416 	rr	2 (iy)
   0687 FD CB 01 1E   [23] 1417 	rr	1 (iy)
   068B FD CB 00 1E   [23] 1418 	rr	0 (iy)
                           1419 ; common peephole 159 removed unused label 00484$.
   068F 10 EA         [13] 1420 	djnz	00483$
                           1421 ;	genMove_o size 4 result type 10 source type 10 a_dead 1 hl_dead 1 de_dead 1 iy_dead 1 f_dead 1
                           1422 ;	genPlus
                           1423 ;	genMove_o size 2 result type 2 source type 10 a_dead 1 hl_dead 1 de_dead 1 iy_dead 1 f_dead 1
   0691 2Ar00s00      [16] 1424 	ld	hl, (___numTests)
   0694 23            [ 6] 1425 	inc	hl
                           1426 ;	genMove_o size 2 result type 10 source type 2 a_dead 1 hl_dead 1 de_dead 1 iy_dead 1 f_dead 1
   0695 22r00s00      [16] 1427 	ld	(___numTests), hl
                           1428 ;	genCmpEq
                           1429 ;	genMove_o size 1 result type 2 source type 10 a_dead 1 hl_dead 1 de_dead 0 iy_dead 0 f_dead 1
   0698 3Ar00s00      [13] 1430 	ld	a, (_t+0)
   069B D6 8B         [ 7] 1431 	sub	a, #0x8b
                           1432 ; common peephole 163 changed absolute to relative conditional jump.
   069D 20 0D         [12] 1433 	jr	nz, 00485$
                           1434 ;	genMove_o size 1 result type 2 source type 10 a_dead 1 hl_dead 1 de_dead 0 iy_dead 0 f_dead 1
   069F 3Ar01s00      [13] 1435 	ld	a, (_t + 1)
   06A2 D6 0A         [ 7] 1436 	sub	a, #0x0a
   06A4 FD B6 02      [19] 1437 	or	a, 2 (iy)
   06A7 FD B6 03      [19] 1438 	or	a, 3 (iy)
                           1439 ; common peephole 163 changed absolute to relative conditional jump.
   06AA 28 11         [12] 1440 	jr	z, 00144$
                           1441 ; common peephole 81 removed jp by using inverse jump logic
   06AC                    1442 00485$:
                           1443 ;	skipping generated iCode
                           1444 ;	skipping iCode since result will be rematerialized
                           1445 ;	skipping iCode since result will be rematerialized
                           1446 ;	skipping iCode since result will be rematerialized
                           1447 ;	skipping iCode since result will be rematerialized
                           1448 ;	skipping iCode since result will be rematerialized
                           1449 ;	skipping iCode since result will be rematerialized
                           1450 ;	genIpush
                           1451 ;	genMove_o size 2 result type 2 source type 1 a_dead 1 hl_dead 1 de_dead 1 iy_dead 1 f_dead 1
   06AC 21 5E 00      [10] 1452 	ld	hl, #0x005e
   06AF E5            [11] 1453 	push	hl
                           1454 ;	genIpush
                           1455 ;	genMove_o size 2 result type 2 source type 7 a_dead 1 hl_dead 1 de_dead 1 iy_dead 1 f_dead 1
   06B0 21r2Ds0A      [10] 1456 	ld	hl, #___str_2
   06B3 E5            [11] 1457 	push	hl
                           1458 ;	genSend
                           1459 ;	genMove_o size 2 result type 2 source type 7 a_dead 1 hl_dead 1 de_dead 1 iy_dead 1 f_dead 1
   06B4 11r87s0C      [10] 1460 	ld	de, #___str_22
                           1461 ;	genSend
                           1462 ;	genMove_o size 2 result type 2 source type 7 a_dead 1 hl_dead 1 de_dead 0 iy_dead 1 f_dead 1
   06B7 21r00s0A      [10] 1463 	ld	hl, #___str_0
                           1464 ;	genCall
   06BA CDr00s00      [17] 1465 	call	___fail
                           1466 ;	genLabel
   06BD                    1467 00144$:
                           1468 ;cases/shifts2/shifts2_size_32_right_1_vol_0_sign_u_goal_0.c:95: TESTSHIFT(21);
                           1469 ;	genAssign
   06BD 11r00s00      [10] 1470 	ld	de, #_t
   06C0 21r00s00      [10] 1471 	ld	hl, #_s
   06C3 01 04 00      [10] 1472 	ld	bc, #4
   06C6 ED B0         [21] 1473 	ldir
                           1474 ;	genRightShift
   06C8 06 15         [ 7] 1475 	ld	b, #0x15
   06CA                    1476 00486$:
   06CA FD 21r00s00   [14] 1477 	ld	iy, #_t
   06CE FD CB 03 3E   [23] 1478 	srl	3 (iy)
   06D2 FD CB 02 1E   [23] 1479 	rr	2 (iy)
   06D6 FD CB 01 1E   [23] 1480 	rr	1 (iy)
   06DA FD CB 00 1E   [23] 1481 	rr	0 (iy)
                           1482 ; common peephole 159 removed unused label 00487$.
   06DE 10 EA         [13] 1483 	djnz	00486$
                           1484 ;	genMove_o size 4 result type 10 source type 10 a_dead 1 hl_dead 1 de_dead 1 iy_dead 1 f_dead 1
                           1485 ;	genPlus
                           1486 ;	genMove_o size 2 result type 2 source type 10 a_dead 1 hl_dead 1 de_dead 1 iy_dead 1 f_dead 1
   06E0 2Ar00s00      [16] 1487 	ld	hl, (___numTests)
   06E3 23            [ 6] 1488 	inc	hl
                           1489 ;	genMove_o size 2 result type 10 source type 2 a_dead 1 hl_dead 1 de_dead 1 iy_dead 1 f_dead 1
   06E4 22r00s00      [16] 1490 	ld	(___numTests), hl
                           1491 ;	genCmpEq
                           1492 ;	genMove_o size 1 result type 2 source type 10 a_dead 1 hl_dead 1 de_dead 0 iy_dead 0 f_dead 1
   06E7 3Ar00s00      [13] 1493 	ld	a, (_t+0)
   06EA D6 45         [ 7] 1494 	sub	a, #0x45
                           1495 ; common peephole 163 changed absolute to relative conditional jump.
   06EC 20 0D         [12] 1496 	jr	nz, 00488$
                           1497 ;	genMove_o size 1 result type 2 source type 10 a_dead 1 hl_dead 1 de_dead 0 iy_dead 0 f_dead 1
   06EE 3Ar01s00      [13] 1498 	ld	a, (_t + 1)
   06F1 D6 05         [ 7] 1499 	sub	a, #0x05
   06F3 FD B6 02      [19] 1500 	or	a, 2 (iy)
   06F6 FD B6 03      [19] 1501 	or	a, 3 (iy)
                           1502 ; common peephole 163 changed absolute to relative conditional jump.
   06F9 28 11         [12] 1503 	jr	z, 00146$
                           1504 ; common peephole 81 removed jp by using inverse jump logic
   06FB                    1505 00488$:
                           1506 ;	skipping generated iCode
                           1507 ;	skipping iCode since result will be rematerialized
                           1508 ;	skipping iCode since result will be rematerialized
                           1509 ;	skipping iCode since result will be rematerialized
                           1510 ;	skipping iCode since result will be rematerialized
                           1511 ;	skipping iCode since result will be rematerialized
                           1512 ;	skipping iCode since result will be rematerialized
                           1513 ;	genIpush
                           1514 ;	genMove_o size 2 result type 2 source type 1 a_dead 1 hl_dead 1 de_dead 1 iy_dead 1 f_dead 1
   06FB 21 5F 00      [10] 1515 	ld	hl, #0x005f
   06FE E5            [11] 1516 	push	hl
                           1517 ;	genIpush
                           1518 ;	genMove_o size 2 result type 2 source type 7 a_dead 1 hl_dead 1 de_dead 1 iy_dead 1 f_dead 1
   06FF 21r2Ds0A      [10] 1519 	ld	hl, #___str_2
   0702 E5            [11] 1520 	push	hl
                           1521 ;	genSend
                           1522 ;	genMove_o size 2 result type 2 source type 7 a_dead 1 hl_dead 1 de_dead 1 iy_dead 1 f_dead 1
   0703 11rA4s0C      [10] 1523 	ld	de, #___str_23
                           1524 ;	genSend
                           1525 ;	genMove_o size 2 result type 2 source type 7 a_dead 1 hl_dead 1 de_dead 0 iy_dead 1 f_dead 1
   0706 21r00s0A      [10] 1526 	ld	hl, #___str_0
                           1527 ;	genCall
   0709 CDr00s00      [17] 1528 	call	___fail
                           1529 ;	genLabel
   070C                    1530 00146$:
                           1531 ;cases/shifts2/shifts2_size_32_right_1_vol_0_sign_u_goal_0.c:96: TESTSHIFT(22);
                           1532 ;	genAssign
   070C 11r00s00      [10] 1533 	ld	de, #_t
   070F 21r00s00      [10] 1534 	ld	hl, #_s
   0712 01 04 00      [10] 1535 	ld	bc, #4
   0715 ED B0         [21] 1536 	ldir
                           1537 ;	genRightShift
   0717 06 16         [ 7] 1538 	ld	b, #0x16
   0719                    1539 00489$:
   0719 FD 21r00s00   [14] 1540 	ld	iy, #_t
   071D FD CB 03 3E   [23] 1541 	srl	3 (iy)
   0721 FD CB 02 1E   [23] 1542 	rr	2 (iy)
   0725 FD CB 01 1E   [23] 1543 	rr	1 (iy)
   0729 FD CB 00 1E   [23] 1544 	rr	0 (iy)
                           1545 ; common peephole 159 removed unused label 00490$.
   072D 10 EA         [13] 1546 	djnz	00489$
                           1547 ;	genMove_o size 4 result type 10 source type 10 a_dead 1 hl_dead 1 de_dead 1 iy_dead 1 f_dead 1
                           1548 ;	genPlus
                           1549 ;	genMove_o size 2 result type 2 source type 10 a_dead 1 hl_dead 1 de_dead 1 iy_dead 1 f_dead 1
   072F 2Ar00s00      [16] 1550 	ld	hl, (___numTests)
   0732 23            [ 6] 1551 	inc	hl
                           1552 ;	genMove_o size 2 result type 10 source type 2 a_dead 1 hl_dead 1 de_dead 1 iy_dead 1 f_dead 1
   0733 22r00s00      [16] 1553 	ld	(___numTests), hl
                           1554 ;	genCmpEq
                           1555 ;	genMove_o size 1 result type 2 source type 10 a_dead 1 hl_dead 1 de_dead 0 iy_dead 0 f_dead 1
   0736 3Ar00s00      [13] 1556 	ld	a, (_t+0)
   0739 D6 A2         [ 7] 1557 	sub	a, #0xa2
                           1558 ; common peephole 163 changed absolute to relative conditional jump.
   073B 20 0D         [12] 1559 	jr	nz, 00491$
                           1560 ;	genMove_o size 1 result type 2 source type 10 a_dead 1 hl_dead 1 de_dead 0 iy_dead 0 f_dead 1
   073D 3Ar01s00      [13] 1561 	ld	a, (_t + 1)
   0740 D6 02         [ 7] 1562 	sub	a, #0x02
   0742 FD B6 02      [19] 1563 	or	a, 2 (iy)
   0745 FD B6 03      [19] 1564 	or	a, 3 (iy)
                           1565 ; common peephole 163 changed absolute to relative conditional jump.
   0748 28 11         [12] 1566 	jr	z, 00148$
                           1567 ; common peephole 81 removed jp by using inverse jump logic
   074A                    1568 00491$:
                           1569 ;	skipping generated iCode
                           1570 ;	skipping iCode since result will be rematerialized
                           1571 ;	skipping iCode since result will be rematerialized
                           1572 ;	skipping iCode since result will be rematerialized
                           1573 ;	skipping iCode since result will be rematerialized
                           1574 ;	skipping iCode since result will be rematerialized
                           1575 ;	skipping iCode since result will be rematerialized
                           1576 ;	genIpush
                           1577 ;	genMove_o size 2 result type 2 source type 1 a_dead 1 hl_dead 1 de_dead 1 iy_dead 1 f_dead 1
   074A 21 60 00      [10] 1578 	ld	hl, #0x0060
   074D E5            [11] 1579 	push	hl
                           1580 ;	genIpush
                           1581 ;	genMove_o size 2 result type 2 source type 7 a_dead 1 hl_dead 1 de_dead 1 iy_dead 1 f_dead 1
   074E 21r2Ds0A      [10] 1582 	ld	hl, #___str_2
   0751 E5            [11] 1583 	push	hl
                           1584 ;	genSend
                           1585 ;	genMove_o size 2 result type 2 source type 7 a_dead 1 hl_dead 1 de_dead 1 iy_dead 1 f_dead 1
   0752 11rC1s0C      [10] 1586 	ld	de, #___str_24
                           1587 ;	genSend
                           1588 ;	genMove_o size 2 result type 2 source type 7 a_dead 1 hl_dead 1 de_dead 0 iy_dead 1 f_dead 1
   0755 21r00s0A      [10] 1589 	ld	hl, #___str_0
                           1590 ;	genCall
   0758 CDr00s00      [17] 1591 	call	___fail
                           1592 ;	genLabel
   075B                    1593 00148$:
                           1594 ;cases/shifts2/shifts2_size_32_right_1_vol_0_sign_u_goal_0.c:97: TESTSHIFT(23);
                           1595 ;	genAssign
   075B 11r00s00      [10] 1596 	ld	de, #_t
   075E 21r00s00      [10] 1597 	ld	hl, #_s
   0761 01 04 00      [10] 1598 	ld	bc, #4
   0764 ED B0         [21] 1599 	ldir
                           1600 ;	genRightShift
   0766 06 17         [ 7] 1601 	ld	b, #0x17
   0768                    1602 00492$:
   0768 FD 21r00s00   [14] 1603 	ld	iy, #_t
   076C FD CB 03 3E   [23] 1604 	srl	3 (iy)
   0770 FD CB 02 1E   [23] 1605 	rr	2 (iy)
   0774 FD CB 01 1E   [23] 1606 	rr	1 (iy)
   0778 FD CB 00 1E   [23] 1607 	rr	0 (iy)
                           1608 ; common peephole 159 removed unused label 00493$.
   077C 10 EA         [13] 1609 	djnz	00492$
                           1610 ;	genMove_o size 4 result type 10 source type 10 a_dead 1 hl_dead 1 de_dead 1 iy_dead 1 f_dead 1
                           1611 ;	genPlus
                           1612 ;	genMove_o size 2 result type 2 source type 10 a_dead 1 hl_dead 1 de_dead 1 iy_dead 1 f_dead 1
   077E 2Ar00s00      [16] 1613 	ld	hl, (___numTests)
   0781 23            [ 6] 1614 	inc	hl
                           1615 ;	genMove_o size 2 result type 10 source type 2 a_dead 1 hl_dead 1 de_dead 1 iy_dead 1 f_dead 1
   0782 22r00s00      [16] 1616 	ld	(___numTests), hl
                           1617 ;	genCmpEq
                           1618 ;	genMove_o size 1 result type 2 source type 10 a_dead 1 hl_dead 1 de_dead 0 iy_dead 0 f_dead 1
   0785 3Ar00s00      [13] 1619 	ld	a, (_t+0)
   0788 D6 51         [ 7] 1620 	sub	a, #0x51
                           1621 ; common peephole 163 changed absolute to relative conditional jump.
   078A 20 0C         [12] 1622 	jr	nz, 00494$
                           1623 ;	genMove_o size 1 result type 2 source type 10 a_dead 1 hl_dead 1 de_dead 0 iy_dead 0 f_dead 1
   078C 3Ar01s00      [13] 1624 	ld	a, (_t + 1)
   078F 3D            [ 4] 1625 	dec	a
   0790 FD B6 02      [19] 1626 	or	a, 2 (iy)
   0793 FD B6 03      [19] 1627 	or	a, 3 (iy)
                           1628 ; common peephole 163 changed absolute to relative conditional jump.
   0796 28 11         [12] 1629 	jr	z, 00150$
                           1630 ; common peephole 81 removed jp by using inverse jump logic
   0798                    1631 00494$:
                           1632 ;	skipping generated iCode
                           1633 ;	skipping iCode since result will be rematerialized
                           1634 ;	skipping iCode since result will be rematerialized
                           1635 ;	skipping iCode since result will be rematerialized
                           1636 ;	skipping iCode since result will be rematerialized
                           1637 ;	skipping iCode since result will be rematerialized
                           1638 ;	skipping iCode since result will be rematerialized
                           1639 ;	genIpush
                           1640 ;	genMove_o size 2 result type 2 source type 1 a_dead 1 hl_dead 1 de_dead 1 iy_dead 1 f_dead 1
   0798 21 61 00      [10] 1641 	ld	hl, #0x0061
   079B E5            [11] 1642 	push	hl
                           1643 ;	genIpush
                           1644 ;	genMove_o size 2 result type 2 source type 7 a_dead 1 hl_dead 1 de_dead 1 iy_dead 1 f_dead 1
   079C 21r2Ds0A      [10] 1645 	ld	hl, #___str_2
   079F E5            [11] 1646 	push	hl
                           1647 ;	genSend
                           1648 ;	genMove_o size 2 result type 2 source type 7 a_dead 1 hl_dead 1 de_dead 1 iy_dead 1 f_dead 1
   07A0 11rDEs0C      [10] 1649 	ld	de, #___str_25
                           1650 ;	genSend
                           1651 ;	genMove_o size 2 result type 2 source type 7 a_dead 1 hl_dead 1 de_dead 0 iy_dead 1 f_dead 1
   07A3 21r00s0A      [10] 1652 	ld	hl, #___str_0
                           1653 ;	genCall
   07A6 CDr00s00      [17] 1654 	call	___fail
                           1655 ;	genLabel
   07A9                    1656 00150$:
                           1657 ;cases/shifts2/shifts2_size_32_right_1_vol_0_sign_u_goal_0.c:99: TESTSHIFT(24);
                           1658 ;	genAssign
   07A9 11r00s00      [10] 1659 	ld	de, #_t
   07AC 21r00s00      [10] 1660 	ld	hl, #_s
   07AF 01 04 00      [10] 1661 	ld	bc, #4
   07B2 ED B0         [21] 1662 	ldir
                           1663 ;	genRightShift
   07B4 06 18         [ 7] 1664 	ld	b, #0x18
   07B6                    1665 00495$:
   07B6 FD 21r00s00   [14] 1666 	ld	iy, #_t
   07BA FD CB 03 3E   [23] 1667 	srl	3 (iy)
   07BE FD CB 02 1E   [23] 1668 	rr	2 (iy)
   07C2 FD CB 01 1E   [23] 1669 	rr	1 (iy)
   07C6 FD CB 00 1E   [23] 1670 	rr	0 (iy)
                           1671 ; common peephole 159 removed unused label 00496$.
   07CA 10 EA         [13] 1672 	djnz	00495$
                           1673 ;	genMove_o size 4 result type 10 source type 10 a_dead 1 hl_dead 1 de_dead 1 iy_dead 1 f_dead 1
                           1674 ;	genPlus
                           1675 ;	genMove_o size 2 result type 2 source type 10 a_dead 1 hl_dead 1 de_dead 1 iy_dead 1 f_dead 1
   07CC 2Ar00s00      [16] 1676 	ld	hl, (___numTests)
   07CF 23            [ 6] 1677 	inc	hl
                           1678 ;	genMove_o size 2 result type 10 source type 2 a_dead 1 hl_dead 1 de_dead 1 iy_dead 1 f_dead 1
   07D0 22r00s00      [16] 1679 	ld	(___numTests), hl
                           1680 ;	genCmpEq
                           1681 ;	genMove_o size 1 result type 2 source type 10 a_dead 1 hl_dead 1 de_dead 0 iy_dead 0 f_dead 1
   07D3 3Ar00s00      [13] 1682 	ld	a, (_t+0)
   07D6 D6 A8         [ 7] 1683 	sub	a, #0xa8
   07D8 FD B6 01      [19] 1684 	or	a, 1 (iy)
   07DB FD B6 02      [19] 1685 	or	a, 2 (iy)
   07DE FD B6 03      [19] 1686 	or	a, 3 (iy)
                           1687 ; common peephole 163 changed absolute to relative conditional jump.
   07E1 28 11         [12] 1688 	jr	z, 00152$
                           1689 ; common peephole 81 removed jp by using inverse jump logic
                           1690 ; common peephole 159 removed unused label 00497$.
                           1691 ;	skipping generated iCode
                           1692 ;	skipping iCode since result will be rematerialized
                           1693 ;	skipping iCode since result will be rematerialized
                           1694 ;	skipping iCode since result will be rematerialized
                           1695 ;	skipping iCode since result will be rematerialized
                           1696 ;	skipping iCode since result will be rematerialized
                           1697 ;	skipping iCode since result will be rematerialized
                           1698 ;	genIpush
                           1699 ;	genMove_o size 2 result type 2 source type 1 a_dead 1 hl_dead 1 de_dead 1 iy_dead 1 f_dead 1
   07E3 21 63 00      [10] 1700 	ld	hl, #0x0063
   07E6 E5            [11] 1701 	push	hl
                           1702 ;	genIpush
                           1703 ;	genMove_o size 2 result type 2 source type 7 a_dead 1 hl_dead 1 de_dead 1 iy_dead 1 f_dead 1
   07E7 21r2Ds0A      [10] 1704 	ld	hl, #___str_2
   07EA E5            [11] 1705 	push	hl
                           1706 ;	genSend
                           1707 ;	genMove_o size 2 result type 2 source type 7 a_dead 1 hl_dead 1 de_dead 1 iy_dead 1 f_dead 1
   07EB 11rFBs0C      [10] 1708 	ld	de, #___str_26
                           1709 ;	genSend
                           1710 ;	genMove_o size 2 result type 2 source type 7 a_dead 1 hl_dead 1 de_dead 0 iy_dead 1 f_dead 1
   07EE 21r00s0A      [10] 1711 	ld	hl, #___str_0
                           1712 ;	genCall
   07F1 CDr00s00      [17] 1713 	call	___fail
                           1714 ;	genLabel
   07F4                    1715 00152$:
                           1716 ;cases/shifts2/shifts2_size_32_right_1_vol_0_sign_u_goal_0.c:100: TESTSHIFT(25);
                           1717 ;	genAssign
   07F4 11r00s00      [10] 1718 	ld	de, #_t
   07F7 21r00s00      [10] 1719 	ld	hl, #_s
   07FA 01 04 00      [10] 1720 	ld	bc, #4
   07FD ED B0         [21] 1721 	ldir
                           1722 ;	genRightShift
   07FF 06 19         [ 7] 1723 	ld	b, #0x19
   0801                    1724 00498$:
   0801 FD 21r00s00   [14] 1725 	ld	iy, #_t
   0805 FD CB 03 3E   [23] 1726 	srl	3 (iy)
   0809 FD CB 02 1E   [23] 1727 	rr	2 (iy)
   080D FD CB 01 1E   [23] 1728 	rr	1 (iy)
   0811 FD CB 00 1E   [23] 1729 	rr	0 (iy)
                           1730 ; common peephole 159 removed unused label 00499$.
   0815 10 EA         [13] 1731 	djnz	00498$
                           1732 ;	genMove_o size 4 result type 10 source type 10 a_dead 1 hl_dead 1 de_dead 1 iy_dead 1 f_dead 1
                           1733 ;	genPlus
                           1734 ;	genMove_o size 2 result type 2 source type 10 a_dead 1 hl_dead 1 de_dead 1 iy_dead 1 f_dead 1
   0817 2Ar00s00      [16] 1735 	ld	hl, (___numTests)
   081A 23            [ 6] 1736 	inc	hl
                           1737 ;	genMove_o size 2 result type 10 source type 2 a_dead 1 hl_dead 1 de_dead 1 iy_dead 1 f_dead 1
   081B 22r00s00      [16] 1738 	ld	(___numTests), hl
                           1739 ;	genCmpEq
                           1740 ;	genMove_o size 1 result type 2 source type 10 a_dead 1 hl_dead 1 de_dead 0 iy_dead 0 f_dead 1
   081E 3Ar00s00      [13] 1741 	ld	a, (_t+0)
   0821 D6 54         [ 7] 1742 	sub	a, #0x54
   0823 FD B6 01      [19] 1743 	or	a, 1 (iy)
   0826 FD B6 02      [19] 1744 	or	a, 2 (iy)
   0829 FD B6 03      [19] 1745 	or	a, 3 (iy)
                           1746 ; common peephole 163 changed absolute to relative conditional jump.
   082C 28 11         [12] 1747 	jr	z, 00154$
                           1748 ; common peephole 81 removed jp by using inverse jump logic
                           1749 ; common peephole 159 removed unused label 00500$.
                           1750 ;	skipping generated iCode
                           1751 ;	skipping iCode since result will be rematerialized
                           1752 ;	skipping iCode since result will be rematerialized
                           1753 ;	skipping iCode since result will be rematerialized
                           1754 ;	skipping iCode since result will be rematerialized
                           1755 ;	skipping iCode since result will be rematerialized
                           1756 ;	skipping iCode since result will be rematerialized
                           1757 ;	genIpush
                           1758 ;	genMove_o size 2 result type 2 source type 1 a_dead 1 hl_dead 1 de_dead 1 iy_dead 1 f_dead 1
   082E 21 64 00      [10] 1759 	ld	hl, #0x0064
   0831 E5            [11] 1760 	push	hl
                           1761 ;	genIpush
                           1762 ;	genMove_o size 2 result type 2 source type 7 a_dead 1 hl_dead 1 de_dead 1 iy_dead 1 f_dead 1
   0832 21r2Ds0A      [10] 1763 	ld	hl, #___str_2
   0835 E5            [11] 1764 	push	hl
                           1765 ;	genSend
                           1766 ;	genMove_o size 2 result type 2 source type 7 a_dead 1 hl_dead 1 de_dead 1 iy_dead 1 f_dead 1
   0836 11r18s0D      [10] 1767 	ld	de, #___str_27
                           1768 ;	genSend
                           1769 ;	genMove_o size 2 result type 2 source type 7 a_dead 1 hl_dead 1 de_dead 0 iy_dead 1 f_dead 1
   0839 21r00s0A      [10] 1770 	ld	hl, #___str_0
                           1771 ;	genCall
   083C CDr00s00      [17] 1772 	call	___fail
                           1773 ;	genLabel
   083F                    1774 00154$:
                           1775 ;cases/shifts2/shifts2_size_32_right_1_vol_0_sign_u_goal_0.c:101: TESTSHIFT(26);
                           1776 ;	genAssign
   083F 11r00s00      [10] 1777 	ld	de, #_t
   0842 21r00s00      [10] 1778 	ld	hl, #_s
   0845 01 04 00      [10] 1779 	ld	bc, #4
   0848 ED B0         [21] 1780 	ldir
                           1781 ;	genRightShift
   084A 06 1A         [ 7] 1782 	ld	b, #0x1a
   084C                    1783 00501$:
   084C FD 21r00s00   [14] 1784 	ld	iy, #_t
   0850 FD CB 03 3E   [23] 1785 	srl	3 (iy)
   0854 FD CB 02 1E   [23] 1786 	rr	2 (iy)
   0858 FD CB 01 1E   [23] 1787 	rr	1 (iy)
   085C FD CB 00 1E   [23] 1788 	rr	0 (iy)
                           1789 ; common peephole 159 removed unused label 00502$.
   0860 10 EA         [13] 1790 	djnz	00501$
                           1791 ;	genMove_o size 4 result type 10 source type 10 a_dead 1 hl_dead 1 de_dead 1 iy_dead 1 f_dead 1
                           1792 ;	genPlus
                           1793 ;	genMove_o size 2 result type 2 source type 10 a_dead 1 hl_dead 1 de_dead 1 iy_dead 1 f_dead 1
   0862 2Ar00s00      [16] 1794 	ld	hl, (___numTests)
   0865 23            [ 6] 1795 	inc	hl
                           1796 ;	genMove_o size 2 result type 10 source type 2 a_dead 1 hl_dead 1 de_dead 1 iy_dead 1 f_dead 1
   0866 22r00s00      [16] 1797 	ld	(___numTests), hl
                           1798 ;	genCmpEq
                           1799 ;	genMove_o size 1 result type 2 source type 10 a_dead 1 hl_dead 1 de_dead 0 iy_dead 0 f_dead 1
   0869 3Ar00s00      [13] 1800 	ld	a, (_t+0)
   086C D6 2A         [ 7] 1801 	sub	a, #0x2a
   086E FD B6 01      [19] 1802 	or	a, 1 (iy)
   0871 FD B6 02      [19] 1803 	or	a, 2 (iy)
   0874 FD B6 03      [19] 1804 	or	a, 3 (iy)
                           1805 ; common peephole 163 changed absolute to relative conditional jump.
   0877 28 11         [12] 1806 	jr	z, 00156$
                           1807 ; common peephole 81 removed jp by using inverse jump logic
                           1808 ; common peephole 159 removed unused label 00503$.
                           1809 ;	skipping generated iCode
                           1810 ;	skipping iCode since result will be rematerialized
                           1811 ;	skipping iCode since result will be rematerialized
                           1812 ;	skipping iCode since result will be rematerialized
                           1813 ;	skipping iCode since result will be rematerialized
                           1814 ;	skipping iCode since result will be rematerialized
                           1815 ;	skipping iCode since result will be rematerialized
                           1816 ;	genIpush
                           1817 ;	genMove_o size 2 result type 2 source type 1 a_dead 1 hl_dead 1 de_dead 1 iy_dead 1 f_dead 1
   0879 21 65 00      [10] 1818 	ld	hl, #0x0065
   087C E5            [11] 1819 	push	hl
                           1820 ;	genIpush
                           1821 ;	genMove_o size 2 result type 2 source type 7 a_dead 1 hl_dead 1 de_dead 1 iy_dead 1 f_dead 1
   087D 21r2Ds0A      [10] 1822 	ld	hl, #___str_2
   0880 E5            [11] 1823 	push	hl
                           1824 ;	genSend
                           1825 ;	genMove_o size 2 result type 2 source type 7 a_dead 1 hl_dead 1 de_dead 1 iy_dead 1 f_dead 1
   0881 11r35s0D      [10] 1826 	ld	de, #___str_28
                           1827 ;	genSend
                           1828 ;	genMove_o size 2 result type 2 source type 7 a_dead 1 hl_dead 1 de_dead 0 iy_dead 1 f_dead 1
   0884 21r00s0A      [10] 1829 	ld	hl, #___str_0
                           1830 ;	genCall
   0887 CDr00s00      [17] 1831 	call	___fail
                           1832 ;	genLabel
   088A                    1833 00156$:
                           1834 ;cases/shifts2/shifts2_size_32_right_1_vol_0_sign_u_goal_0.c:102: TESTSHIFT(27);
                           1835 ;	genAssign
   088A 11r00s00      [10] 1836 	ld	de, #_t
   088D 21r00s00      [10] 1837 	ld	hl, #_s
   0890 01 04 00      [10] 1838 	ld	bc, #4
   0893 ED B0         [21] 1839 	ldir
                           1840 ;	genRightShift
   0895 06 1B         [ 7] 1841 	ld	b, #0x1b
   0897                    1842 00504$:
   0897 FD 21r00s00   [14] 1843 	ld	iy, #_t
   089B FD CB 03 3E   [23] 1844 	srl	3 (iy)
   089F FD CB 02 1E   [23] 1845 	rr	2 (iy)
   08A3 FD CB 01 1E   [23] 1846 	rr	1 (iy)
   08A7 FD CB 00 1E   [23] 1847 	rr	0 (iy)
                           1848 ; common peephole 159 removed unused label 00505$.
   08AB 10 EA         [13] 1849 	djnz	00504$
                           1850 ;	genMove_o size 4 result type 10 source type 10 a_dead 1 hl_dead 1 de_dead 1 iy_dead 1 f_dead 1
                           1851 ;	genPlus
                           1852 ;	genMove_o size 2 result type 2 source type 10 a_dead 1 hl_dead 1 de_dead 1 iy_dead 1 f_dead 1
   08AD 2Ar00s00      [16] 1853 	ld	hl, (___numTests)
   08B0 23            [ 6] 1854 	inc	hl
                           1855 ;	genMove_o size 2 result type 10 source type 2 a_dead 1 hl_dead 1 de_dead 1 iy_dead 1 f_dead 1
   08B1 22r00s00      [16] 1856 	ld	(___numTests), hl
                           1857 ;	genCmpEq
                           1858 ;	genMove_o size 1 result type 2 source type 10 a_dead 1 hl_dead 1 de_dead 0 iy_dead 0 f_dead 1
   08B4 3Ar00s00      [13] 1859 	ld	a, (_t+0)
   08B7 D6 15         [ 7] 1860 	sub	a, #0x15
   08B9 FD B6 01      [19] 1861 	or	a, 1 (iy)
   08BC FD B6 02      [19] 1862 	or	a, 2 (iy)
   08BF FD B6 03      [19] 1863 	or	a, 3 (iy)
                           1864 ; common peephole 163 changed absolute to relative conditional jump.
   08C2 28 11         [12] 1865 	jr	z, 00158$
                           1866 ; common peephole 81 removed jp by using inverse jump logic
                           1867 ; common peephole 159 removed unused label 00506$.
                           1868 ;	skipping generated iCode
                           1869 ;	skipping iCode since result will be rematerialized
                           1870 ;	skipping iCode since result will be rematerialized
                           1871 ;	skipping iCode since result will be rematerialized
                           1872 ;	skipping iCode since result will be rematerialized
                           1873 ;	skipping iCode since result will be rematerialized
                           1874 ;	skipping iCode since result will be rematerialized
                           1875 ;	genIpush
                           1876 ;	genMove_o size 2 result type 2 source type 1 a_dead 1 hl_dead 1 de_dead 1 iy_dead 1 f_dead 1
   08C4 21 66 00      [10] 1877 	ld	hl, #0x0066
   08C7 E5            [11] 1878 	push	hl
                           1879 ;	genIpush
                           1880 ;	genMove_o size 2 result type 2 source type 7 a_dead 1 hl_dead 1 de_dead 1 iy_dead 1 f_dead 1
   08C8 21r2Ds0A      [10] 1881 	ld	hl, #___str_2
   08CB E5            [11] 1882 	push	hl
                           1883 ;	genSend
                           1884 ;	genMove_o size 2 result type 2 source type 7 a_dead 1 hl_dead 1 de_dead 1 iy_dead 1 f_dead 1
   08CC 11r52s0D      [10] 1885 	ld	de, #___str_29
                           1886 ;	genSend
                           1887 ;	genMove_o size 2 result type 2 source type 7 a_dead 1 hl_dead 1 de_dead 0 iy_dead 1 f_dead 1
   08CF 21r00s0A      [10] 1888 	ld	hl, #___str_0
                           1889 ;	genCall
   08D2 CDr00s00      [17] 1890 	call	___fail
                           1891 ;	genLabel
   08D5                    1892 00158$:
                           1893 ;cases/shifts2/shifts2_size_32_right_1_vol_0_sign_u_goal_0.c:103: TESTSHIFT(28);
                           1894 ;	genAssign
   08D5 11r00s00      [10] 1895 	ld	de, #_t
   08D8 21r00s00      [10] 1896 	ld	hl, #_s
   08DB 01 04 00      [10] 1897 	ld	bc, #4
   08DE ED B0         [21] 1898 	ldir
                           1899 ;	genRightShift
   08E0 06 1C         [ 7] 1900 	ld	b, #0x1c
   08E2                    1901 00507$:
   08E2 FD 21r00s00   [14] 1902 	ld	iy, #_t
   08E6 FD CB 03 3E   [23] 1903 	srl	3 (iy)
   08EA FD CB 02 1E   [23] 1904 	rr	2 (iy)
   08EE FD CB 01 1E   [23] 1905 	rr	1 (iy)
   08F2 FD CB 00 1E   [23] 1906 	rr	0 (iy)
                           1907 ; common peephole 159 removed unused label 00508$.
   08F6 10 EA         [13] 1908 	djnz	00507$
                           1909 ;	genMove_o size 4 result type 10 source type 10 a_dead 1 hl_dead 1 de_dead 1 iy_dead 1 f_dead 1
                           1910 ;	genPlus
                           1911 ;	genMove_o size 2 result type 2 source type 10 a_dead 1 hl_dead 1 de_dead 1 iy_dead 1 f_dead 1
   08F8 2Ar00s00      [16] 1912 	ld	hl, (___numTests)
   08FB 23            [ 6] 1913 	inc	hl
                           1914 ;	genMove_o size 2 result type 10 source type 2 a_dead 1 hl_dead 1 de_dead 1 iy_dead 1 f_dead 1
   08FC 22r00s00      [16] 1915 	ld	(___numTests), hl
                           1916 ;	genCmpEq
                           1917 ;	genMove_o size 1 result type 2 source type 10 a_dead 1 hl_dead 1 de_dead 0 iy_dead 0 f_dead 1
   08FF 3Ar00s00      [13] 1918 	ld	a, (_t+0)
   0902 D6 0A         [ 7] 1919 	sub	a, #0x0a
   0904 FD B6 01      [19] 1920 	or	a, 1 (iy)
   0907 FD B6 02      [19] 1921 	or	a, 2 (iy)
   090A FD B6 03      [19] 1922 	or	a, 3 (iy)
                           1923 ; common peephole 163 changed absolute to relative conditional jump.
   090D 28 11         [12] 1924 	jr	z, 00160$
                           1925 ; common peephole 81 removed jp by using inverse jump logic
                           1926 ; common peephole 159 removed unused label 00509$.
                           1927 ;	skipping generated iCode
                           1928 ;	skipping iCode since result will be rematerialized
                           1929 ;	skipping iCode since result will be rematerialized
                           1930 ;	skipping iCode since result will be rematerialized
                           1931 ;	skipping iCode since result will be rematerialized
                           1932 ;	skipping iCode since result will be rematerialized
                           1933 ;	skipping iCode since result will be rematerialized
                           1934 ;	genIpush
                           1935 ;	genMove_o size 2 result type 2 source type 1 a_dead 1 hl_dead 1 de_dead 1 iy_dead 1 f_dead 1
   090F 21 67 00      [10] 1936 	ld	hl, #0x0067
   0912 E5            [11] 1937 	push	hl
                           1938 ;	genIpush
                           1939 ;	genMove_o size 2 result type 2 source type 7 a_dead 1 hl_dead 1 de_dead 1 iy_dead 1 f_dead 1
   0913 21r2Ds0A      [10] 1940 	ld	hl, #___str_2
   0916 E5            [11] 1941 	push	hl
                           1942 ;	genSend
                           1943 ;	genMove_o size 2 result type 2 source type 7 a_dead 1 hl_dead 1 de_dead 1 iy_dead 1 f_dead 1
   0917 11r6Fs0D      [10] 1944 	ld	de, #___str_30
                           1945 ;	genSend
                           1946 ;	genMove_o size 2 result type 2 source type 7 a_dead 1 hl_dead 1 de_dead 0 iy_dead 1 f_dead 1
   091A 21r00s0A      [10] 1947 	ld	hl, #___str_0
                           1948 ;	genCall
   091D CDr00s00      [17] 1949 	call	___fail
                           1950 ;	genLabel
   0920                    1951 00160$:
                           1952 ;cases/shifts2/shifts2_size_32_right_1_vol_0_sign_u_goal_0.c:104: TESTSHIFT(29);
                           1953 ;	genAssign
   0920 11r00s00      [10] 1954 	ld	de, #_t
   0923 21r00s00      [10] 1955 	ld	hl, #_s
   0926 01 04 00      [10] 1956 	ld	bc, #4
   0929 ED B0         [21] 1957 	ldir
                           1958 ;	genRightShift
   092B 06 1D         [ 7] 1959 	ld	b, #0x1d
   092D                    1960 00510$:
   092D FD 21r00s00   [14] 1961 	ld	iy, #_t
   0931 FD CB 03 3E   [23] 1962 	srl	3 (iy)
   0935 FD CB 02 1E   [23] 1963 	rr	2 (iy)
   0939 FD CB 01 1E   [23] 1964 	rr	1 (iy)
   093D FD CB 00 1E   [23] 1965 	rr	0 (iy)
                           1966 ; common peephole 159 removed unused label 00511$.
   0941 10 EA         [13] 1967 	djnz	00510$
                           1968 ;	genMove_o size 4 result type 10 source type 10 a_dead 1 hl_dead 1 de_dead 1 iy_dead 1 f_dead 1
                           1969 ;	genPlus
                           1970 ;	genMove_o size 2 result type 2 source type 10 a_dead 1 hl_dead 1 de_dead 1 iy_dead 1 f_dead 1
   0943 2Ar00s00      [16] 1971 	ld	hl, (___numTests)
   0946 23            [ 6] 1972 	inc	hl
                           1973 ;	genMove_o size 2 result type 10 source type 2 a_dead 1 hl_dead 1 de_dead 1 iy_dead 1 f_dead 1
   0947 22r00s00      [16] 1974 	ld	(___numTests), hl
                           1975 ;	genCmpEq
                           1976 ;	genMove_o size 1 result type 2 source type 10 a_dead 1 hl_dead 1 de_dead 0 iy_dead 0 f_dead 1
   094A 3Ar00s00      [13] 1977 	ld	a, (_t+0)
   094D D6 05         [ 7] 1978 	sub	a, #0x05
   094F FD B6 01      [19] 1979 	or	a, 1 (iy)
   0952 FD B6 02      [19] 1980 	or	a, 2 (iy)
   0955 FD B6 03      [19] 1981 	or	a, 3 (iy)
                           1982 ; common peephole 163 changed absolute to relative conditional jump.
   0958 28 11         [12] 1983 	jr	z, 00162$
                           1984 ; common peephole 81 removed jp by using inverse jump logic
                           1985 ; common peephole 159 removed unused label 00512$.
                           1986 ;	skipping generated iCode
                           1987 ;	skipping iCode since result will be rematerialized
                           1988 ;	skipping iCode since result will be rematerialized
                           1989 ;	skipping iCode since result will be rematerialized
                           1990 ;	skipping iCode since result will be rematerialized
                           1991 ;	skipping iCode since result will be rematerialized
                           1992 ;	skipping iCode since result will be rematerialized
                           1993 ;	genIpush
                           1994 ;	genMove_o size 2 result type 2 source type 1 a_dead 1 hl_dead 1 de_dead 1 iy_dead 1 f_dead 1
   095A 21 68 00      [10] 1995 	ld	hl, #0x0068
   095D E5            [11] 1996 	push	hl
                           1997 ;	genIpush
                           1998 ;	genMove_o size 2 result type 2 source type 7 a_dead 1 hl_dead 1 de_dead 1 iy_dead 1 f_dead 1
   095E 21r2Ds0A      [10] 1999 	ld	hl, #___str_2
   0961 E5            [11] 2000 	push	hl
                           2001 ;	genSend
                           2002 ;	genMove_o size 2 result type 2 source type 7 a_dead 1 hl_dead 1 de_dead 1 iy_dead 1 f_dead 1
   0962 11r8Cs0D      [10] 2003 	ld	de, #___str_31
                           2004 ;	genSend
                           2005 ;	genMove_o size 2 result type 2 source type 7 a_dead 1 hl_dead 1 de_dead 0 iy_dead 1 f_dead 1
   0965 21r00s0A      [10] 2006 	ld	hl, #___str_0
                           2007 ;	genCall
   0968 CDr00s00      [17] 2008 	call	___fail
                           2009 ;	genLabel
   096B                    2010 00162$:
                           2011 ;cases/shifts2/shifts2_size_32_right_1_vol_0_sign_u_goal_0.c:105: TESTSHIFT(30);
                           2012 ;	genAssign
   096B 11r00s00      [10] 2013 	ld	de, #_t
   096E 21r00s00      [10] 2014 	ld	hl, #_s
   0971 01 04 00      [10] 2015 	ld	bc, #4
   0974 ED B0         [21] 2016 	ldir
                           2017 ;	genRightShift
   0976 06 1E         [ 7] 2018 	ld	b, #0x1e
   0978                    2019 00513$:
   0978 FD 21r00s00   [14] 2020 	ld	iy, #_t
   097C FD CB 03 3E   [23] 2021 	srl	3 (iy)
   0980 FD CB 02 1E   [23] 2022 	rr	2 (iy)
   0984 FD CB 01 1E   [23] 2023 	rr	1 (iy)
   0988 FD CB 00 1E   [23] 2024 	rr	0 (iy)
                           2025 ; common peephole 159 removed unused label 00514$.
   098C 10 EA         [13] 2026 	djnz	00513$
                           2027 ;	genMove_o size 4 result type 10 source type 10 a_dead 1 hl_dead 1 de_dead 1 iy_dead 1 f_dead 1
                           2028 ;	genPlus
                           2029 ;	genMove_o size 2 result type 2 source type 10 a_dead 1 hl_dead 1 de_dead 1 iy_dead 1 f_dead 1
   098E 2Ar00s00      [16] 2030 	ld	hl, (___numTests)
   0991 23            [ 6] 2031 	inc	hl
                           2032 ;	genMove_o size 2 result type 10 source type 2 a_dead 1 hl_dead 1 de_dead 1 iy_dead 1 f_dead 1
   0992 22r00s00      [16] 2033 	ld	(___numTests), hl
                           2034 ;	genCmpEq
                           2035 ;	genMove_o size 1 result type 2 source type 10 a_dead 1 hl_dead 1 de_dead 0 iy_dead 0 f_dead 1
   0995 3Ar00s00      [13] 2036 	ld	a, (_t+0)
   0998 D6 02         [ 7] 2037 	sub	a, #0x02
   099A FD B6 01      [19] 2038 	or	a, 1 (iy)
   099D FD B6 02      [19] 2039 	or	a, 2 (iy)
   09A0 FD B6 03      [19] 2040 	or	a, 3 (iy)
                           2041 ; common peephole 163 changed absolute to relative conditional jump.
   09A3 28 11         [12] 2042 	jr	z, 00164$
                           2043 ; common peephole 81 removed jp by using inverse jump logic
                           2044 ; common peephole 159 removed unused label 00515$.
                           2045 ;	skipping generated iCode
                           2046 ;	skipping iCode since result will be rematerialized
                           2047 ;	skipping iCode since result will be rematerialized
                           2048 ;	skipping iCode since result will be rematerialized
                           2049 ;	skipping iCode since result will be rematerialized
                           2050 ;	skipping iCode since result will be rematerialized
                           2051 ;	skipping iCode since result will be rematerialized
                           2052 ;	genIpush
                           2053 ;	genMove_o size 2 result type 2 source type 1 a_dead 1 hl_dead 1 de_dead 1 iy_dead 1 f_dead 1
   09A5 21 69 00      [10] 2054 	ld	hl, #0x0069
   09A8 E5            [11] 2055 	push	hl
                           2056 ;	genIpush
                           2057 ;	genMove_o size 2 result type 2 source type 7 a_dead 1 hl_dead 1 de_dead 1 iy_dead 1 f_dead 1
   09A9 21r2Ds0A      [10] 2058 	ld	hl, #___str_2
   09AC E5            [11] 2059 	push	hl
                           2060 ;	genSend
                           2061 ;	genMove_o size 2 result type 2 source type 7 a_dead 1 hl_dead 1 de_dead 1 iy_dead 1 f_dead 1
   09AD 11rA9s0D      [10] 2062 	ld	de, #___str_32
                           2063 ;	genSend
                           2064 ;	genMove_o size 2 result type 2 source type 7 a_dead 1 hl_dead 1 de_dead 0 iy_dead 1 f_dead 1
   09B0 21r00s0A      [10] 2065 	ld	hl, #___str_0
                           2066 ;	genCall
   09B3 CDr00s00      [17] 2067 	call	___fail
                           2068 ;	genLabel
   09B6                    2069 00164$:
                           2070 ;cases/shifts2/shifts2_size_32_right_1_vol_0_sign_u_goal_0.c:106: TESTSHIFT(31);
                           2071 ;	genAssign
   09B6 11r00s00      [10] 2072 	ld	de, #_t
   09B9 21r00s00      [10] 2073 	ld	hl, #_s
   09BC 01 04 00      [10] 2074 	ld	bc, #4
   09BF ED B0         [21] 2075 	ldir
                           2076 ;	genRightShift
   09C1 06 1F         [ 7] 2077 	ld	b, #0x1f
   09C3                    2078 00516$:
   09C3 FD 21r00s00   [14] 2079 	ld	iy, #_t
   09C7 FD CB 03 3E   [23] 2080 	srl	3 (iy)
   09CB FD CB 02 1E   [23] 2081 	rr	2 (iy)
   09CF FD CB 01 1E   [23] 2082 	rr	1 (iy)
   09D3 FD CB 00 1E   [23] 2083 	rr	0 (iy)
                           2084 ; common peephole 159 removed unused label 00517$.
   09D7 10 EA         [13] 2085 	djnz	00516$
                           2086 ;	genMove_o size 4 result type 10 source type 10 a_dead 1 hl_dead 1 de_dead 1 iy_dead 1 f_dead 1
                           2087 ;	genPlus
                           2088 ;	genMove_o size 2 result type 2 source type 10 a_dead 1 hl_dead 1 de_dead 1 iy_dead 1 f_dead 1
   09D9 2Ar00s00      [16] 2089 	ld	hl, (___numTests)
   09DC 23            [ 6] 2090 	inc	hl
                           2091 ;	genMove_o size 2 result type 10 source type 2 a_dead 1 hl_dead 1 de_dead 1 iy_dead 1 f_dead 1
   09DD 22r00s00      [16] 2092 	ld	(___numTests), hl
                           2093 ;	genCmpEq
                           2094 ;	genMove_o size 1 result type 2 source type 10 a_dead 1 hl_dead 1 de_dead 0 iy_dead 0 f_dead 1
   09E0 3Ar00s00      [13] 2095 	ld	a, (_t+0)
   09E3 3D            [ 4] 2096 	dec	a
   09E4 FD B6 01      [19] 2097 	or	a, 1 (iy)
   09E7 FD B6 02      [19] 2098 	or	a, 2 (iy)
   09EA FD B6 03      [19] 2099 	or	a, 3 (iy)
   09ED C8            [11] 2100 	ret	z
                           2101 ; common peephole 161 replaced jump by return.
                           2102 ; common peephole 81 removed jp by using inverse jump logic
                           2103 ; common peephole 159 removed unused label 00518$.
                           2104 ;	skipping generated iCode
                           2105 ;	skipping iCode since result will be rematerialized
                           2106 ;	skipping iCode since result will be rematerialized
                           2107 ;	skipping iCode since result will be rematerialized
                           2108 ;	skipping iCode since result will be rematerialized
                           2109 ;	skipping iCode since result will be rematerialized
                           2110 ;	skipping iCode since result will be rematerialized
                           2111 ;	genIpush
                           2112 ;	genMove_o size 2 result type 2 source type 1 a_dead 1 hl_dead 1 de_dead 1 iy_dead 1 f_dead 1
   09EE 21 6A 00      [10] 2113 	ld	hl, #0x006a
   09F1 E5            [11] 2114 	push	hl
                           2115 ;	genIpush
                           2116 ;	genMove_o size 2 result type 2 source type 7 a_dead 1 hl_dead 1 de_dead 1 iy_dead 1 f_dead 1
   09F2 21r2Ds0A      [10] 2117 	ld	hl, #___str_2
   09F5 E5            [11] 2118 	push	hl
                           2119 ;	genSend
                           2120 ;	genMove_o size 2 result type 2 source type 7 a_dead 1 hl_dead 1 de_dead 1 iy_dead 1 f_dead 1
   09F6 11rC6s0D      [10] 2121 	ld	de, #___str_33
                           2122 ;	genSend
                           2123 ;	genMove_o size 2 result type 2 source type 7 a_dead 1 hl_dead 1 de_dead 0 iy_dead 1 f_dead 1
   09F9 21r00s0A      [10] 2124 	ld	hl, #___str_0
                           2125 ;	genCall
   09FC CDr00s00      [17] 2126 	call	___fail
                           2127 ;	genLabel
                           2128 ; common peephole 159 removed unused label 00101$.
                           2129 ;cases/shifts2/shifts2_size_32_right_1_vol_0_sign_u_goal_0.c:144: }
                           2130 ;	genEndFunction
   09FF C9            [10] 2131 	ret
                           2132 ;	Total testShift function size at codegen: 166 bytes.
   0A00                    2133 ___str_0:
   0A00 41 73 73 65 72 74  2134 	.ascii "Assertion failed"
        69 6F 6E 20 66 61
        69 6C 65 64
   0A10 00                 2135 	.db 0x00
   0A11                    2136 ___str_1:
   0A11 74 20 3D 3D 20 53  2137 	.ascii "t == SHIFT (TEST_VECT, (0))"
        48 49 46 54 20 28
        54 45 53 54 5F 56
        45 43 54 2C 20 28
        30 29 29
   0A2C 00                 2138 	.db 0x00
   0A2D                    2139 ___str_2:
   0A2D 63 61 73 65 73 2F  2140 	.ascii "cases/shifts2/shifts2_size_32_right_1_vol_0_sign_u_goal_0.c"
        73 68 69 66 74 73
        32 2F 73 68 69 66
        74 73 32 5F 73 69
        7A 65 5F 33 32 5F
        72 69 67 68 74 5F
        31 5F 76 6F 6C 5F
        30 5F 73 69 67 6E
        5F 75 5F 67 6F 61
        6C 5F 30 2E 63
   0A68 00                 2141 	.db 0x00
   0A69                    2142 ___str_3:
   0A69 74 20 3D 3D 20 53  2143 	.ascii "t == SHIFT (TEST_VECT, (1))"
        48 49 46 54 20 28
        54 45 53 54 5F 56
        45 43 54 2C 20 28
        31 29 29
   0A84 00                 2144 	.db 0x00
   0A85                    2145 ___str_4:
   0A85 74 20 3D 3D 20 53  2146 	.ascii "t == SHIFT (TEST_VECT, (2))"
        48 49 46 54 20 28
        54 45 53 54 5F 56
        45 43 54 2C 20 28
        32 29 29
   0AA0 00                 2147 	.db 0x00
   0AA1                    2148 ___str_5:
   0AA1 74 20 3D 3D 20 53  2149 	.ascii "t == SHIFT (TEST_VECT, (3))"
        48 49 46 54 20 28
        54 45 53 54 5F 56
        45 43 54 2C 20 28
        33 29 29
   0ABC 00                 2150 	.db 0x00
   0ABD                    2151 ___str_6:
   0ABD 74 20 3D 3D 20 53  2152 	.ascii "t == SHIFT (TEST_VECT, (4))"
        48 49 46 54 20 28
        54 45 53 54 5F 56
        45 43 54 2C 20 28
        34 29 29
   0AD8 00                 2153 	.db 0x00
   0AD9                    2154 ___str_7:
   0AD9 74 20 3D 3D 20 53  2155 	.ascii "t == SHIFT (TEST_VECT, (5))"
        48 49 46 54 20 28
        54 45 53 54 5F 56
        45 43 54 2C 20 28
        35 29 29
   0AF4 00                 2156 	.db 0x00
   0AF5                    2157 ___str_8:
   0AF5 74 20 3D 3D 20 53  2158 	.ascii "t == SHIFT (TEST_VECT, (6))"
        48 49 46 54 20 28
        54 45 53 54 5F 56
        45 43 54 2C 20 28
        36 29 29
   0B10 00                 2159 	.db 0x00
   0B11                    2160 ___str_9:
   0B11 74 20 3D 3D 20 53  2161 	.ascii "t == SHIFT (TEST_VECT, (7))"
        48 49 46 54 20 28
        54 45 53 54 5F 56
        45 43 54 2C 20 28
        37 29 29
   0B2C 00                 2162 	.db 0x00
   0B2D                    2163 ___str_10:
   0B2D 74 20 3D 3D 20 53  2164 	.ascii "t == SHIFT (TEST_VECT, (8))"
        48 49 46 54 20 28
        54 45 53 54 5F 56
        45 43 54 2C 20 28
        38 29 29
   0B48 00                 2165 	.db 0x00
   0B49                    2166 ___str_11:
   0B49 74 20 3D 3D 20 53  2167 	.ascii "t == SHIFT (TEST_VECT, (9))"
        48 49 46 54 20 28
        54 45 53 54 5F 56
        45 43 54 2C 20 28
        39 29 29
   0B64 00                 2168 	.db 0x00
   0B65                    2169 ___str_12:
   0B65 74 20 3D 3D 20 53  2170 	.ascii "t == SHIFT (TEST_VECT, (10))"
        48 49 46 54 20 28
        54 45 53 54 5F 56
        45 43 54 2C 20 28
        31 30 29 29
   0B81 00                 2171 	.db 0x00
   0B82                    2172 ___str_13:
   0B82 74 20 3D 3D 20 53  2173 	.ascii "t == SHIFT (TEST_VECT, (11))"
        48 49 46 54 20 28
        54 45 53 54 5F 56
        45 43 54 2C 20 28
        31 31 29 29
   0B9E 00                 2174 	.db 0x00
   0B9F                    2175 ___str_14:
   0B9F 74 20 3D 3D 20 53  2176 	.ascii "t == SHIFT (TEST_VECT, (12))"
        48 49 46 54 20 28
        54 45 53 54 5F 56
        45 43 54 2C 20 28
        31 32 29 29
   0BBB 00                 2177 	.db 0x00
   0BBC                    2178 ___str_15:
   0BBC 74 20 3D 3D 20 53  2179 	.ascii "t == SHIFT (TEST_VECT, (13))"
        48 49 46 54 20 28
        54 45 53 54 5F 56
        45 43 54 2C 20 28
        31 33 29 29
   0BD8 00                 2180 	.db 0x00
   0BD9                    2181 ___str_16:
   0BD9 74 20 3D 3D 20 53  2182 	.ascii "t == SHIFT (TEST_VECT, (14))"
        48 49 46 54 20 28
        54 45 53 54 5F 56
        45 43 54 2C 20 28
        31 34 29 29
   0BF5 00                 2183 	.db 0x00
   0BF6                    2184 ___str_17:
   0BF6 74 20 3D 3D 20 53  2185 	.ascii "t == SHIFT (TEST_VECT, (15))"
        48 49 46 54 20 28
        54 45 53 54 5F 56
        45 43 54 2C 20 28
        31 35 29 29
   0C12 00                 2186 	.db 0x00
   0C13                    2187 ___str_18:
   0C13 74 20 3D 3D 20 53  2188 	.ascii "t == SHIFT (TEST_VECT, (16))"
        48 49 46 54 20 28
        54 45 53 54 5F 56
        45 43 54 2C 20 28
        31 36 29 29
   0C2F 00                 2189 	.db 0x00
   0C30                    2190 ___str_19:
   0C30 74 20 3D 3D 20 53  2191 	.ascii "t == SHIFT (TEST_VECT, (17))"
        48 49 46 54 20 28
        54 45 53 54 5F 56
        45 43 54 2C 20 28
        31 37 29 29
   0C4C 00                 2192 	.db 0x00
   0C4D                    2193 ___str_20:
   0C4D 74 20 3D 3D 20 53  2194 	.ascii "t == SHIFT (TEST_VECT, (18))"
        48 49 46 54 20 28
        54 45 53 54 5F 56
        45 43 54 2C 20 28
        31 38 29 29
   0C69 00                 2195 	.db 0x00
   0C6A                    2196 ___str_21:
   0C6A 74 20 3D 3D 20 53  2197 	.ascii "t == SHIFT (TEST_VECT, (19))"
        48 49 46 54 20 28
        54 45 53 54 5F 56
        45 43 54 2C 20 28
        31 39 29 29
   0C86 00                 2198 	.db 0x00
   0C87                    2199 ___str_22:
   0C87 74 20 3D 3D 20 53  2200 	.ascii "t == SHIFT (TEST_VECT, (20))"
        48 49 46 54 20 28
        54 45 53 54 5F 56
        45 43 54 2C 20 28
        32 30 29 29
   0CA3 00                 2201 	.db 0x00
   0CA4                    2202 ___str_23:
   0CA4 74 20 3D 3D 20 53  2203 	.ascii "t == SHIFT (TEST_VECT, (21))"
        48 49 46 54 20 28
        54 45 53 54 5F 56
        45 43 54 2C 20 28
        32 31 29 29
   0CC0 00                 2204 	.db 0x00
   0CC1                    2205 ___str_24:
   0CC1 74 20 3D 3D 20 53  2206 	.ascii "t == SHIFT (TEST_VECT, (22))"
        48 49 46 54 20 28
        54 45 53 54 5F 56
        45 43 54 2C 20 28
        32 32 29 29
   0CDD 00                 2207 	.db 0x00
   0CDE                    2208 ___str_25:
   0CDE 74 20 3D 3D 20 53  2209 	.ascii "t == SHIFT (TEST_VECT, (23))"
        48 49 46 54 20 28
        54 45 53 54 5F 56
        45 43 54 2C 20 28
        32 33 29 29
   0CFA 00                 2210 	.db 0x00
   0CFB                    2211 ___str_26:
   0CFB 74 20 3D 3D 20 53  2212 	.ascii "t == SHIFT (TEST_VECT, (24))"
        48 49 46 54 20 28
        54 45 53 54 5F 56
        45 43 54 2C 20 28
        32 34 29 29
   0D17 00                 2213 	.db 0x00
   0D18                    2214 ___str_27:
   0D18 74 20 3D 3D 20 53  2215 	.ascii "t == SHIFT (TEST_VECT, (25))"
        48 49 46 54 20 28
        54 45 53 54 5F 56
        45 43 54 2C 20 28
        32 35 29 29
   0D34 00                 2216 	.db 0x00
   0D35                    2217 ___str_28:
   0D35 74 20 3D 3D 20 53  2218 	.ascii "t == SHIFT (TEST_VECT, (26))"
        48 49 46 54 20 28
        54 45 53 54 5F 56
        45 43 54 2C 20 28
        32 36 29 29
   0D51 00                 2219 	.db 0x00
   0D52                    2220 ___str_29:
   0D52 74 20 3D 3D 20 53  2221 	.ascii "t == SHIFT (TEST_VECT, (27))"
        48 49 46 54 20 28
        54 45 53 54 5F 56
        45 43 54 2C 20 28
        32 37 29 29
   0D6E 00                 2222 	.db 0x00
   0D6F                    2223 ___str_30:
   0D6F 74 20 3D 3D 20 53  2224 	.ascii "t == SHIFT (TEST_VECT, (28))"
        48 49 46 54 20 28
        54 45 53 54 5F 56
        45 43 54 2C 20 28
        32 38 29 29
   0D8B 00                 2225 	.db 0x00
   0D8C                    2226 ___str_31:
   0D8C 74 20 3D 3D 20 53  2227 	.ascii "t == SHIFT (TEST_VECT, (29))"
        48 49 46 54 20 28
        54 45 53 54 5F 56
        45 43 54 2C 20 28
        32 39 29 29
   0DA8 00                 2228 	.db 0x00
   0DA9                    2229 ___str_32:
   0DA9 74 20 3D 3D 20 53  2230 	.ascii "t == SHIFT (TEST_VECT, (30))"
        48 49 46 54 20 28
        54 45 53 54 5F 56
        45 43 54 2C 20 28
        33 30 29 29
   0DC5 00                 2231 	.db 0x00
   0DC6                    2232 ___str_33:
   0DC6 74 20 3D 3D 20 53  2233 	.ascii "t == SHIFT (TEST_VECT, (31))"
        48 49 46 54 20 28
        54 45 53 54 5F 56
        45 43 54 2C 20 28
        33 31 29 29
   0DE2 00                 2234 	.db 0x00
                           2235 ;cases/shifts2/shifts2_size_32_right_1_vol_0_sign_u_goal_0.c:147: __runSuite(void)
                           2236 ;	genLabel
                           2237 ;	genFunction
                           2238 ;	---------------------------------
                           2239 ; Function __runSuite
                           2240 ; ---------------------------------
                           2241 ;	Register assignment is optimal.
                           2242 ; Stack space usage: 0 bytes.
   0DE3                    2243 ___runSuite::
                           2244 ;cases/shifts2/shifts2_size_32_right_1_vol_0_sign_u_goal_0.c:149: __prints("Running testShift\n");
                           2245 ;	skipping iCode since result will be rematerialized
                           2246 ;	skipping iCode since result will be rematerialized
                           2247 ;	genSend
                           2248 ;	genMove_o size 2 result type 2 source type 7 a_dead 1 hl_dead 1 de_dead 1 iy_dead 1 f_dead 1
   0DE3 21rECs0D      [10] 2249 	ld	hl, #___str_34
                           2250 ;	genCall
   0DE6 CDr00s00      [17] 2251 	call	___prints
                           2252 ;cases/shifts2/shifts2_size_32_right_1_vol_0_sign_u_goal_0.c:150: testShift();
                           2253 ;	genCall
                           2254 ;	genLabel
                           2255 ; common peephole 159 removed unused label 00101$.
                           2256 ;cases/shifts2/shifts2_size_32_right_1_vol_0_sign_u_goal_0.c:151: }
                           2257 ;	genEndFunction
   0DE9 C3r00s00      [10] 2258 	jp	_testShift
                           2259 ; common peephole 152 removed unused ret.
                           2260 ;	Total __runSuite function size at codegen: 1 bytes.
   0DEC                    2261 ___str_34:
   0DEC 52 75 6E 6E 69 6E  2262 	.ascii "Running testShift"
        67 20 74 65 73 74
        53 68 69 66 74
   0DFD 0A                 2263 	.db 0x0a
   0DFE 00                 2264 	.db 0x00
                           2265 ;cases/shifts2/shifts2_size_32_right_1_vol_0_sign_u_goal_0.c:156: __getSuiteName(void)
                           2266 ;	genLabel
                           2267 ;	genFunction
                           2268 ;	---------------------------------
                           2269 ; Function __getSuiteName
                           2270 ; ---------------------------------
                           2271 ;	Register assignment is optimal.
                           2272 ; Stack space usage: 0 bytes.
   0DFF                    2273 ___getSuiteName::
                           2274 ;cases/shifts2/shifts2_size_32_right_1_vol_0_sign_u_goal_0.c:158: return "shifts2_size_32_right_1_vol_0_sign_u_goal_0";
                           2275 ;	skipping iCode since result will be rematerialized
                           2276 ;	skipping iCode since result will be rematerialized
                           2277 ;	genRet
                           2278 ;	genMove_o size 2 result type 2 source type 7 a_dead 1 hl_dead 1 de_dead 1 iy_dead 1 f_dead 1
   0DFF 11r05s0E      [10] 2279 	ld	de, #___str_35
                           2280 ;	genLabel
                           2281 ; common peephole 159 removed unused label 00101$.
                           2282 ;cases/shifts2/shifts2_size_32_right_1_vol_0_sign_u_goal_0.c:159: }
                           2283 ;	genEndFunction
   0E02 C9            [10] 2284 	ret
                           2285 ;	Total __getSuiteName function size at codegen: 1 bytes.
   0E03                    2286 ___numCases:
   0E03 01 00              2287 	.dw #0x0001
   0E05                    2288 ___str_35:
   0E05 73 68 69 66 74 73  2289 	.ascii "shifts2_size_32_right_1_vol_0_sign_u_goal_0"
        32 5F 73 69 7A 65
        5F 33 32 5F 72 69
        67 68 74 5F 31 5F
        76 6F 6C 5F 30 5F
        73 69 67 6E 5F 75
        5F 67 6F 61 6C 5F
        30
   0E30 00                 2290 	.db 0x00
                           2291 	.area _CODE (BANK=_CSEG)
                           2292 	.area _INITIALIZER
   0000                    2293 __xinit__s:
   0000 D6 C4 B5 A8        2294 	.byte #0xd6, #0xc4, #0xb5, #0xa8	; 2830484694
                           2295 	.area _CABS (ABS)
