                              1 ;--------------------------------------------------------
                              2 ; File Created by SDCC : free open source ISO C Compiler
                              3 ; Version 4.6.2 #16710 (Linux)
                              4 ;--------------------------------------------------------
                              5 	.module bitfields_nibbles_operation_0_pattern_1_varType_2
                              6 	
                              7 ;--------------------------------------------------------
                              8 ; Public variables in this module
                              9 ;--------------------------------------------------------
                             10 	.globl ___prints
                             11 	.globl ___fail
                             12 	.globl ___numCases
                             13 	.globl ___runSuite
                             14 	.globl ___getSuiteName
                             15 ;--------------------------------------------------------
                             16 ; special function registers
                             17 ;--------------------------------------------------------
                             18 ;--------------------------------------------------------
                             19 ; ram data
                             20 ;--------------------------------------------------------
                             21 	.area _DATA (BANK=_DSEG)
                             22 ;--------------------------------------------------------
                             23 ; ram data
                             24 ;--------------------------------------------------------
                             25 	.area _INITIALIZED
   0000                      26 _success:
   0000                      27 	.ds 1
                             28 ;--------------------------------------------------------
                             29 ; absolute ram data
                             30 ;--------------------------------------------------------
                             31 	.area _DABS (ABS)
                             32 	.area _DABS (ABS)
                             33 ;--------------------------------------------------------
                             34 ; global & static initialisations
                             35 ;--------------------------------------------------------
                             36 	.area _HOME
                             37 	.area _GSINIT
                             38 	.area _GSFINAL
                             39 	.area _GSINIT
                             40 ;--------------------------------------------------------
                             41 ; Home
                             42 ;--------------------------------------------------------
                             43 	.area _HOME (BANK=_CSEG)
                             44 	.area _HOME (BANK=_CSEG)
                             45 ;--------------------------------------------------------
                             46 ; code
                             47 ;--------------------------------------------------------
                             48 	.area _CODE (BANK=_CSEG)
                             49 ;cases/bitfields-nibbles/bitfields-nibbles_operation_0_pattern_1_varType_2.c:294: nibble_op_test_low1_1(void)
                             50 ;	genLabel
                             51 ;	genFunction
                             52 ;	---------------------------------
                             53 ; Function nibble_op_test_low1_1
                             54 ; ---------------------------------
                             55 ;	Register assignment might be sub-optimal.
                             56 ; Stack space usage: 0 bytes.
   0000                      57 _nibble_op_test_low1_1:
                             58 ;cases/bitfields-nibbles/bitfields-nibbles_operation_0_pattern_1_varType_2.c:297: TEST(low, 0xFF);
                             59 ;	genAssign
                             60 ;	genMove_o size 1 result type 11 source type 1 a_dead 1 hl_dead 1 de_dead 1 iy_dead 1 f_dead 1
   0000 21r00s00      [10]   61 	ld	hl, #_success
   0003 36 01         [10]   62 	ld	(hl), #0x01
                             63 ;	genAssign
                             64 ;	genMove_o size 2 result type 2 source type 1 a_dead 1 hl_dead 1 de_dead 1 iy_dead 1 f_dead 1
   0005 01 04 CA      [10]   65 	ld	bc, #0xca04
                             66 ;	genPointerSet
   0008 0A            [ 7]   67 	ld	a, (bc)
   0009 F6 F0         [ 7]   68 	or	a, #0xf0
   000B 02            [ 7]   69 	ld	(bc), a
                             70 ;	genAssign
                             71 ;	genMove_o size 2 result type 2 source type 1 a_dead 1 hl_dead 1 de_dead 1 iy_dead 1 f_dead 1
   000C 01 04 CA      [10]   72 	ld	bc, #0xca04
                             73 ;	genPointerSet
   000F 0A            [ 7]   74 	ld	a, (bc)
   0010 F6 0F         [ 7]   75 	or	a, #0x0f
   0012 02            [ 7]   76 	ld	(bc), a
                             77 ;	genPointerGet
   0013 3A 04 CA      [13]   78 	ld	a, (#0xca04)
   0016 E6 0F         [ 7]   79 	and	a, #0x0f
                             80 ;	genCast
                             81 ;	(locations are the same)
                             82 ;	genCmpEq
   0018 FE 0F         [ 7]   83 	cp	a, #0x0f
                             84 ; common peephole 81 removed jp by using inverse jump logic
                             85 ; common peephole 159 removed unused label 00145$.
                             86 ; common peephole 163 changed absolute to relative conditional jump.
   001A 20 0D         [12]   87 	jr	nz, 00101$
                             88 ; common peephole 82 removed jp by using inverse jump logic
                             89 ; common peephole 159 removed unused label 00146$.
                             90 ;	skipping generated iCode
                             91 ;	genPointerGet
   001C 3A 04 CA      [13]   92 	ld	a, (#0xca04)
   001F 07            [ 4]   93 	rlca
   0020 07            [ 4]   94 	rlca
   0021 07            [ 4]   95 	rlca
   0022 07            [ 4]   96 	rlca
   0023 E6 0F         [ 7]   97 	and	a, #0x0f
                             98 ;	genCmpEq
   0025 FE 0F         [ 7]   99 	cp	a, #0x0f
                            100 ; common peephole 163 changed absolute to relative conditional jump.
   0027 28 04         [12]  101 	jr	z, 00102$
                            102 ; common peephole 81 removed jp by using inverse jump logic
                            103 ; common peephole 159 removed unused label 00147$.
                            104 ;	skipping generated iCode
                            105 ;	genLabel
   0029                     106 00101$:
                            107 ;	genAssign
                            108 ;	genMove_o size 1 result type 11 source type 1 a_dead 1 hl_dead 1 de_dead 1 iy_dead 1 f_dead 1
   0029 AF            [ 4]  109 	xor	a, a
   002A 32r00s00      [13]  110 	ld	(#_success), a
                            111 ; common peephole 19 loaded (#_success) from a directly instead of using hl.
                            112 ;	genLabel
   002D                     113 00102$:
                            114 ;	genPlus
                            115 ;	genMove_o size 2 result type 2 source type 10 a_dead 1 hl_dead 1 de_dead 1 iy_dead 1 f_dead 1
   002D 2Ar00s00      [16]  116 	ld	hl, (___numTests)
   0030 23            [ 6]  117 	inc	hl
                            118 ;	genMove_o size 2 result type 10 source type 2 a_dead 1 hl_dead 1 de_dead 1 iy_dead 1 f_dead 1
   0031 22r00s00      [16]  119 	ld	(___numTests), hl
                            120 ;	genIfx
                            121 ; common peephole 61 used hl instead of iy.
                            122 ; common peephole 130a removed unnecessary +0 from constant
   0034 21r00s00      [10]  123 	ld	hl, #_success
   0037 CB 46         [12]  124 	bit	0, (hl)
                            125 ; common peephole 163 changed absolute to relative conditional jump.
   0039 20 11         [12]  126 	jr	nz, 00110$
                            127 ;	skipping iCode since result will be rematerialized
                            128 ;	skipping iCode since result will be rematerialized
                            129 ;	skipping iCode since result will be rematerialized
                            130 ;	skipping iCode since result will be rematerialized
                            131 ;	skipping iCode since result will be rematerialized
                            132 ;	skipping iCode since result will be rematerialized
                            133 ;	genIpush
                            134 ;	genMove_o size 2 result type 2 source type 1 a_dead 1 hl_dead 1 de_dead 1 iy_dead 1 f_dead 1
   003B 21 29 01      [10]  135 	ld	hl, #0x0129
   003E E5            [11]  136 	push	hl
                            137 ;	genIpush
                            138 ;	genMove_o size 2 result type 2 source type 7 a_dead 1 hl_dead 1 de_dead 1 iy_dead 1 f_dead 1
   003F 21rAFs00      [10]  139 	ld	hl, #___str_2
   0042 E5            [11]  140 	push	hl
                            141 ;	genSend
                            142 ;	genMove_o size 2 result type 2 source type 7 a_dead 1 hl_dead 1 de_dead 1 iy_dead 1 f_dead 1
   0043 11rA7s00      [10]  143 	ld	de, #___str_1
                            144 ;	genSend
                            145 ;	genMove_o size 2 result type 2 source type 7 a_dead 1 hl_dead 1 de_dead 0 iy_dead 1 f_dead 1
   0046 21r96s00      [10]  146 	ld	hl, #___str_0
                            147 ;	genCall
   0049 CDr00s00      [17]  148 	call	___fail
                            149 ;	genLabel
   004C                     150 00110$:
                            151 ;cases/bitfields-nibbles/bitfields-nibbles_operation_0_pattern_1_varType_2.c:298: TEST(low, 0x00);
                            152 ;	genAssign
                            153 ;	genMove_o size 1 result type 11 source type 1 a_dead 1 hl_dead 1 de_dead 1 iy_dead 1 f_dead 1
   004C 21r00s00      [10]  154 	ld	hl, #_success
   004F 36 01         [10]  155 	ld	(hl), #0x01
                            156 ;	genAssign
                            157 ;	genMove_o size 2 result type 2 source type 1 a_dead 1 hl_dead 1 de_dead 1 iy_dead 1 f_dead 1
   0051 01 04 CA      [10]  158 	ld	bc, #0xca04
                            159 ;	genPointerSet
   0054 0A            [ 7]  160 	ld	a, (bc)
   0055 F6 F0         [ 7]  161 	or	a, #0xf0
   0057 02            [ 7]  162 	ld	(bc), a
                            163 ;	genAssign
                            164 ;	genMove_o size 2 result type 2 source type 1 a_dead 1 hl_dead 1 de_dead 1 iy_dead 1 f_dead 1
   0058 01 04 CA      [10]  165 	ld	bc, #0xca04
                            166 ;	genPointerSet
   005B 0A            [ 7]  167 	ld	a, (bc)
   005C E6 F0         [ 7]  168 	and	a, #0xf0
   005E 02            [ 7]  169 	ld	(bc), a
                            170 ;	genPointerGet
   005F 3A 04 CA      [13]  171 	ld	a, (#0xca04)
                            172 ;	genIfx
   0062 E6 0F         [ 7]  173 	and	a, #0x0f
                            174 ; common peephole 100 removed redundant or after and.
                            175 ; common peephole 163 changed absolute to relative conditional jump.
   0064 20 0D         [12]  176 	jr	nz, 00104$
                            177 ;	genPointerGet
   0066 3A 04 CA      [13]  178 	ld	a, (#0xca04)
   0069 07            [ 4]  179 	rlca
   006A 07            [ 4]  180 	rlca
   006B 07            [ 4]  181 	rlca
   006C 07            [ 4]  182 	rlca
   006D E6 0F         [ 7]  183 	and	a, #0x0f
                            184 ;	genCmpEq
   006F FE 0F         [ 7]  185 	cp	a, #0x0f
                            186 ; common peephole 163 changed absolute to relative conditional jump.
   0071 28 04         [12]  187 	jr	z, 00105$
                            188 ; common peephole 81 removed jp by using inverse jump logic
                            189 ; common peephole 159 removed unused label 00148$.
                            190 ;	skipping generated iCode
                            191 ;	genLabel
   0073                     192 00104$:
                            193 ;	genAssign
                            194 ;	genMove_o size 1 result type 11 source type 1 a_dead 1 hl_dead 1 de_dead 1 iy_dead 1 f_dead 1
   0073 AF            [ 4]  195 	xor	a, a
   0074 32r00s00      [13]  196 	ld	(#_success), a
                            197 ; common peephole 19 loaded (#_success) from a directly instead of using hl.
                            198 ;	genLabel
   0077                     199 00105$:
                            200 ;	genPlus
                            201 ;	genMove_o size 2 result type 2 source type 10 a_dead 1 hl_dead 1 de_dead 1 iy_dead 1 f_dead 1
   0077 2Ar00s00      [16]  202 	ld	hl, (___numTests)
   007A 23            [ 6]  203 	inc	hl
                            204 ;	genMove_o size 2 result type 10 source type 2 a_dead 1 hl_dead 1 de_dead 1 iy_dead 1 f_dead 1
   007B 22r00s00      [16]  205 	ld	(___numTests), hl
                            206 ;	genIfx
                            207 ; common peephole 61 used hl instead of iy.
                            208 ; common peephole 130a removed unnecessary +0 from constant
   007E 21r00s00      [10]  209 	ld	hl, #_success
   0081 CB 46         [12]  210 	bit	0, (hl)
   0083 C0            [11]  211 	ret	nz
                            212 ; common peephole 161 replaced jump by return.
                            213 ;	skipping iCode since result will be rematerialized
                            214 ;	skipping iCode since result will be rematerialized
                            215 ;	skipping iCode since result will be rematerialized
                            216 ;	skipping iCode since result will be rematerialized
                            217 ;	skipping iCode since result will be rematerialized
                            218 ;	skipping iCode since result will be rematerialized
                            219 ;	genIpush
                            220 ;	genMove_o size 2 result type 2 source type 1 a_dead 1 hl_dead 1 de_dead 1 iy_dead 1 f_dead 1
   0084 21 2A 01      [10]  221 	ld	hl, #0x012a
   0087 E5            [11]  222 	push	hl
                            223 ;	genIpush
                            224 ;	genMove_o size 2 result type 2 source type 7 a_dead 1 hl_dead 1 de_dead 1 iy_dead 1 f_dead 1
   0088 21rAFs00      [10]  225 	ld	hl, #___str_2
   008B E5            [11]  226 	push	hl
                            227 ;	genSend
                            228 ;	genMove_o size 2 result type 2 source type 7 a_dead 1 hl_dead 1 de_dead 1 iy_dead 1 f_dead 1
   008C 11rA7s00      [10]  229 	ld	de, #___str_1
                            230 ;	genSend
                            231 ;	genMove_o size 2 result type 2 source type 7 a_dead 1 hl_dead 1 de_dead 0 iy_dead 1 f_dead 1
   008F 21r96s00      [10]  232 	ld	hl, #___str_0
                            233 ;	genCall
   0092 CDr00s00      [17]  234 	call	___fail
                            235 ;	genLabel
                            236 ; common peephole 159 removed unused label 00107$.
                            237 ;cases/bitfields-nibbles/bitfields-nibbles_operation_0_pattern_1_varType_2.c:299: }
                            238 ;	genEndFunction
   0095 C9            [10]  239 	ret
                            240 ;	Total nibble_op_test_low1_1 function size at codegen: 9 bytes.
   0096                     241 ___str_0:
   0096 41 73 73 65 72 74   242 	.ascii "Assertion failed"
        69 6F 6E 20 66 61
        69 6C 65 64
   00A6 00                  243 	.db 0x00
   00A7                     244 ___str_1:
   00A7 73 75 63 63 65 73   245 	.ascii "success"
        73
   00AE 00                  246 	.db 0x00
   00AF                     247 ___str_2:
   00AF 63 61 73 65 73 2F   248 	.ascii "cases/bitfields-nibbles/bitfields-nibbles_operation_0_patter"
        62 69 74 66 69 65
        6C 64 73 2D 6E 69
        62 62 6C 65 73 2F
        62 69 74 66 69 65
        6C 64 73 2D 6E 69
        62 62 6C 65 73 5F
        6F 70 65 72 61 74
        69 6F 6E 5F 30 5F
        70 61 74 74 65 72
   00EB 6E 5F 31 5F 76 61   249 	.ascii "n_1_varType_2.c"
        72 54 79 70 65 5F
        32 2E 63
   00FA 00                  250 	.db 0x00
                            251 ;cases/bitfields-nibbles/bitfields-nibbles_operation_0_pattern_1_varType_2.c:301: nibble_op_test_low1_2(void)
                            252 ;	genLabel
                            253 ;	genFunction
                            254 ;	---------------------------------
                            255 ; Function nibble_op_test_low1_2
                            256 ; ---------------------------------
                            257 ;	Register assignment might be sub-optimal.
                            258 ; Stack space usage: 0 bytes.
   00FB                     259 _nibble_op_test_low1_2:
                            260 ;cases/bitfields-nibbles/bitfields-nibbles_operation_0_pattern_1_varType_2.c:304: TEST(low, 0x0F);
                            261 ;	genAssign
                            262 ;	genMove_o size 1 result type 11 source type 1 a_dead 1 hl_dead 1 de_dead 1 iy_dead 1 f_dead 1
   00FB 21r00s00      [10]  263 	ld	hl, #_success
   00FE 36 01         [10]  264 	ld	(hl), #0x01
                            265 ;	genAssign
                            266 ;	genMove_o size 2 result type 2 source type 1 a_dead 1 hl_dead 1 de_dead 1 iy_dead 1 f_dead 1
   0100 01 04 CA      [10]  267 	ld	bc, #0xca04
                            268 ;	genPointerSet
   0103 0A            [ 7]  269 	ld	a, (bc)
   0104 F6 F0         [ 7]  270 	or	a, #0xf0
   0106 02            [ 7]  271 	ld	(bc), a
                            272 ;	genAssign
                            273 ;	genMove_o size 2 result type 2 source type 1 a_dead 1 hl_dead 1 de_dead 1 iy_dead 1 f_dead 1
   0107 01 04 CA      [10]  274 	ld	bc, #0xca04
                            275 ;	genPointerSet
   010A 0A            [ 7]  276 	ld	a, (bc)
   010B F6 0F         [ 7]  277 	or	a, #0x0f
   010D 02            [ 7]  278 	ld	(bc), a
                            279 ;	genPointerGet
   010E 3A 04 CA      [13]  280 	ld	a, (#0xca04)
   0111 E6 0F         [ 7]  281 	and	a, #0x0f
                            282 ;	genCast
                            283 ;	(locations are the same)
                            284 ;	genCmpEq
   0113 FE 0F         [ 7]  285 	cp	a, #0x0f
                            286 ; common peephole 81 removed jp by using inverse jump logic
                            287 ; common peephole 159 removed unused label 00145$.
                            288 ; common peephole 163 changed absolute to relative conditional jump.
   0115 20 0D         [12]  289 	jr	nz, 00101$
                            290 ; common peephole 82 removed jp by using inverse jump logic
                            291 ; common peephole 159 removed unused label 00146$.
                            292 ;	skipping generated iCode
                            293 ;	genPointerGet
   0117 3A 04 CA      [13]  294 	ld	a, (#0xca04)
   011A 07            [ 4]  295 	rlca
   011B 07            [ 4]  296 	rlca
   011C 07            [ 4]  297 	rlca
   011D 07            [ 4]  298 	rlca
   011E E6 0F         [ 7]  299 	and	a, #0x0f
                            300 ;	genCmpEq
   0120 FE 0F         [ 7]  301 	cp	a, #0x0f
                            302 ; common peephole 163 changed absolute to relative conditional jump.
   0122 28 04         [12]  303 	jr	z, 00102$
                            304 ; common peephole 81 removed jp by using inverse jump logic
                            305 ; common peephole 159 removed unused label 00147$.
                            306 ;	skipping generated iCode
                            307 ;	genLabel
   0124                     308 00101$:
                            309 ;	genAssign
                            310 ;	genMove_o size 1 result type 11 source type 1 a_dead 1 hl_dead 1 de_dead 1 iy_dead 1 f_dead 1
   0124 AF            [ 4]  311 	xor	a, a
   0125 32r00s00      [13]  312 	ld	(#_success), a
                            313 ; common peephole 19 loaded (#_success) from a directly instead of using hl.
                            314 ;	genLabel
   0128                     315 00102$:
                            316 ;	genPlus
                            317 ;	genMove_o size 2 result type 2 source type 10 a_dead 1 hl_dead 1 de_dead 1 iy_dead 1 f_dead 1
   0128 2Ar00s00      [16]  318 	ld	hl, (___numTests)
   012B 23            [ 6]  319 	inc	hl
                            320 ;	genMove_o size 2 result type 10 source type 2 a_dead 1 hl_dead 1 de_dead 1 iy_dead 1 f_dead 1
   012C 22r00s00      [16]  321 	ld	(___numTests), hl
                            322 ;	genIfx
                            323 ; common peephole 61 used hl instead of iy.
                            324 ; common peephole 130a removed unnecessary +0 from constant
   012F 21r00s00      [10]  325 	ld	hl, #_success
   0132 CB 46         [12]  326 	bit	0, (hl)
                            327 ; common peephole 163 changed absolute to relative conditional jump.
   0134 20 11         [12]  328 	jr	nz, 00110$
                            329 ;	skipping iCode since result will be rematerialized
                            330 ;	skipping iCode since result will be rematerialized
                            331 ;	skipping iCode since result will be rematerialized
                            332 ;	skipping iCode since result will be rematerialized
                            333 ;	skipping iCode since result will be rematerialized
                            334 ;	skipping iCode since result will be rematerialized
                            335 ;	genIpush
                            336 ;	genMove_o size 2 result type 2 source type 1 a_dead 1 hl_dead 1 de_dead 1 iy_dead 1 f_dead 1
   0136 21 30 01      [10]  337 	ld	hl, #0x0130
   0139 E5            [11]  338 	push	hl
                            339 ;	genIpush
                            340 ;	genMove_o size 2 result type 2 source type 7 a_dead 1 hl_dead 1 de_dead 1 iy_dead 1 f_dead 1
   013A 21rAAs01      [10]  341 	ld	hl, #___str_5
   013D E5            [11]  342 	push	hl
                            343 ;	genSend
                            344 ;	genMove_o size 2 result type 2 source type 7 a_dead 1 hl_dead 1 de_dead 1 iy_dead 1 f_dead 1
   013E 11rA2s01      [10]  345 	ld	de, #___str_4
                            346 ;	genSend
                            347 ;	genMove_o size 2 result type 2 source type 7 a_dead 1 hl_dead 1 de_dead 0 iy_dead 1 f_dead 1
   0141 21r91s01      [10]  348 	ld	hl, #___str_3
                            349 ;	genCall
   0144 CDr00s00      [17]  350 	call	___fail
                            351 ;	genLabel
   0147                     352 00110$:
                            353 ;cases/bitfields-nibbles/bitfields-nibbles_operation_0_pattern_1_varType_2.c:305: TEST(low, 0xF0);
                            354 ;	genAssign
                            355 ;	genMove_o size 1 result type 11 source type 1 a_dead 1 hl_dead 1 de_dead 1 iy_dead 1 f_dead 1
   0147 21r00s00      [10]  356 	ld	hl, #_success
   014A 36 01         [10]  357 	ld	(hl), #0x01
                            358 ;	genAssign
                            359 ;	genMove_o size 2 result type 2 source type 1 a_dead 1 hl_dead 1 de_dead 1 iy_dead 1 f_dead 1
   014C 01 04 CA      [10]  360 	ld	bc, #0xca04
                            361 ;	genPointerSet
   014F 0A            [ 7]  362 	ld	a, (bc)
   0150 F6 F0         [ 7]  363 	or	a, #0xf0
   0152 02            [ 7]  364 	ld	(bc), a
                            365 ;	genAssign
                            366 ;	genMove_o size 2 result type 2 source type 1 a_dead 1 hl_dead 1 de_dead 1 iy_dead 1 f_dead 1
   0153 01 04 CA      [10]  367 	ld	bc, #0xca04
                            368 ;	genPointerSet
   0156 0A            [ 7]  369 	ld	a, (bc)
   0157 E6 F0         [ 7]  370 	and	a, #0xf0
   0159 02            [ 7]  371 	ld	(bc), a
                            372 ;	genPointerGet
   015A 3A 04 CA      [13]  373 	ld	a, (#0xca04)
                            374 ;	genIfx
   015D E6 0F         [ 7]  375 	and	a, #0x0f
                            376 ; common peephole 100 removed redundant or after and.
                            377 ; common peephole 163 changed absolute to relative conditional jump.
   015F 20 0D         [12]  378 	jr	nz, 00104$
                            379 ;	genPointerGet
   0161 3A 04 CA      [13]  380 	ld	a, (#0xca04)
   0164 07            [ 4]  381 	rlca
   0165 07            [ 4]  382 	rlca
   0166 07            [ 4]  383 	rlca
   0167 07            [ 4]  384 	rlca
   0168 E6 0F         [ 7]  385 	and	a, #0x0f
                            386 ;	genCmpEq
   016A FE 0F         [ 7]  387 	cp	a, #0x0f
                            388 ; common peephole 163 changed absolute to relative conditional jump.
   016C 28 04         [12]  389 	jr	z, 00105$
                            390 ; common peephole 81 removed jp by using inverse jump logic
                            391 ; common peephole 159 removed unused label 00148$.
                            392 ;	skipping generated iCode
                            393 ;	genLabel
   016E                     394 00104$:
                            395 ;	genAssign
                            396 ;	genMove_o size 1 result type 11 source type 1 a_dead 1 hl_dead 1 de_dead 1 iy_dead 1 f_dead 1
   016E AF            [ 4]  397 	xor	a, a
   016F 32r00s00      [13]  398 	ld	(#_success), a
                            399 ; common peephole 19 loaded (#_success) from a directly instead of using hl.
                            400 ;	genLabel
   0172                     401 00105$:
                            402 ;	genPlus
                            403 ;	genMove_o size 2 result type 2 source type 10 a_dead 1 hl_dead 1 de_dead 1 iy_dead 1 f_dead 1
   0172 2Ar00s00      [16]  404 	ld	hl, (___numTests)
   0175 23            [ 6]  405 	inc	hl
                            406 ;	genMove_o size 2 result type 10 source type 2 a_dead 1 hl_dead 1 de_dead 1 iy_dead 1 f_dead 1
   0176 22r00s00      [16]  407 	ld	(___numTests), hl
                            408 ;	genIfx
                            409 ; common peephole 61 used hl instead of iy.
                            410 ; common peephole 130a removed unnecessary +0 from constant
   0179 21r00s00      [10]  411 	ld	hl, #_success
   017C CB 46         [12]  412 	bit	0, (hl)
   017E C0            [11]  413 	ret	nz
                            414 ; common peephole 161 replaced jump by return.
                            415 ;	skipping iCode since result will be rematerialized
                            416 ;	skipping iCode since result will be rematerialized
                            417 ;	skipping iCode since result will be rematerialized
                            418 ;	skipping iCode since result will be rematerialized
                            419 ;	skipping iCode since result will be rematerialized
                            420 ;	skipping iCode since result will be rematerialized
                            421 ;	genIpush
                            422 ;	genMove_o size 2 result type 2 source type 1 a_dead 1 hl_dead 1 de_dead 1 iy_dead 1 f_dead 1
   017F 21 31 01      [10]  423 	ld	hl, #0x0131
   0182 E5            [11]  424 	push	hl
                            425 ;	genIpush
                            426 ;	genMove_o size 2 result type 2 source type 7 a_dead 1 hl_dead 1 de_dead 1 iy_dead 1 f_dead 1
   0183 21rAAs01      [10]  427 	ld	hl, #___str_5
   0186 E5            [11]  428 	push	hl
                            429 ;	genSend
                            430 ;	genMove_o size 2 result type 2 source type 7 a_dead 1 hl_dead 1 de_dead 1 iy_dead 1 f_dead 1
   0187 11rA2s01      [10]  431 	ld	de, #___str_4
                            432 ;	genSend
                            433 ;	genMove_o size 2 result type 2 source type 7 a_dead 1 hl_dead 1 de_dead 0 iy_dead 1 f_dead 1
   018A 21r91s01      [10]  434 	ld	hl, #___str_3
                            435 ;	genCall
   018D CDr00s00      [17]  436 	call	___fail
                            437 ;	genLabel
                            438 ; common peephole 159 removed unused label 00107$.
                            439 ;cases/bitfields-nibbles/bitfields-nibbles_operation_0_pattern_1_varType_2.c:306: }
                            440 ;	genEndFunction
   0190 C9            [10]  441 	ret
                            442 ;	Total nibble_op_test_low1_2 function size at codegen: 9 bytes.
   0191                     443 ___str_3:
   0191 41 73 73 65 72 74   444 	.ascii "Assertion failed"
        69 6F 6E 20 66 61
        69 6C 65 64
   01A1 00                  445 	.db 0x00
   01A2                     446 ___str_4:
   01A2 73 75 63 63 65 73   447 	.ascii "success"
        73
   01A9 00                  448 	.db 0x00
   01AA                     449 ___str_5:
   01AA 63 61 73 65 73 2F   450 	.ascii "cases/bitfields-nibbles/bitfields-nibbles_operation_0_patter"
        62 69 74 66 69 65
        6C 64 73 2D 6E 69
        62 62 6C 65 73 2F
        62 69 74 66 69 65
        6C 64 73 2D 6E 69
        62 62 6C 65 73 5F
        6F 70 65 72 61 74
        69 6F 6E 5F 30 5F
        70 61 74 74 65 72
   01E6 6E 5F 31 5F 76 61   451 	.ascii "n_1_varType_2.c"
        72 54 79 70 65 5F
        32 2E 63
   01F5 00                  452 	.db 0x00
                            453 ;cases/bitfields-nibbles/bitfields-nibbles_operation_0_pattern_1_varType_2.c:308: nibble_op_test_low2_1(void)
                            454 ;	genLabel
                            455 ;	genFunction
                            456 ;	---------------------------------
                            457 ; Function nibble_op_test_low2_1
                            458 ; ---------------------------------
                            459 ;	Register assignment might be sub-optimal.
                            460 ; Stack space usage: 0 bytes.
   01F6                     461 _nibble_op_test_low2_1:
                            462 ;cases/bitfields-nibbles/bitfields-nibbles_operation_0_pattern_1_varType_2.c:311: TEST(low, 0x01);
                            463 ;	genAssign
                            464 ;	genMove_o size 1 result type 11 source type 1 a_dead 1 hl_dead 1 de_dead 1 iy_dead 1 f_dead 1
   01F6 21r00s00      [10]  465 	ld	hl, #_success
   01F9 36 01         [10]  466 	ld	(hl), #0x01
                            467 ;	genAssign
                            468 ;	genMove_o size 2 result type 2 source type 1 a_dead 1 hl_dead 1 de_dead 1 iy_dead 1 f_dead 1
   01FB 01 04 CA      [10]  469 	ld	bc, #0xca04
                            470 ;	genPointerSet
   01FE 0A            [ 7]  471 	ld	a, (bc)
   01FF F6 F0         [ 7]  472 	or	a, #0xf0
   0201 02            [ 7]  473 	ld	(bc), a
                            474 ;	genAssign
                            475 ;	genMove_o size 2 result type 2 source type 1 a_dead 1 hl_dead 1 de_dead 1 iy_dead 1 f_dead 1
   0202 01 04 CA      [10]  476 	ld	bc, #0xca04
                            477 ;	genPointerSet
   0205 0A            [ 7]  478 	ld	a, (bc)
   0206 E6 F0         [ 7]  479 	and	a, #0xf0
   0208 F6 01         [ 7]  480 	or	a, #0x01
   020A 02            [ 7]  481 	ld	(bc), a
                            482 ;	genPointerGet
   020B 3A 04 CA      [13]  483 	ld	a, (#0xca04)
   020E E6 0F         [ 7]  484 	and	a, #0x0f
                            485 ;	genCmpEq
   0210 FE 01         [ 7]  486 	cp	a, #0x01
                            487 ; common peephole 81 removed jp by using inverse jump logic
                            488 ; common peephole 159 removed unused label 00145$.
                            489 ; common peephole 163 changed absolute to relative conditional jump.
   0212 20 0D         [12]  490 	jr	nz, 00101$
                            491 ; common peephole 82 removed jp by using inverse jump logic
                            492 ; common peephole 159 removed unused label 00146$.
                            493 ;	skipping generated iCode
                            494 ;	genPointerGet
   0214 3A 04 CA      [13]  495 	ld	a, (#0xca04)
   0217 07            [ 4]  496 	rlca
   0218 07            [ 4]  497 	rlca
   0219 07            [ 4]  498 	rlca
   021A 07            [ 4]  499 	rlca
   021B E6 0F         [ 7]  500 	and	a, #0x0f
                            501 ;	genCmpEq
   021D FE 0F         [ 7]  502 	cp	a, #0x0f
                            503 ; common peephole 163 changed absolute to relative conditional jump.
   021F 28 04         [12]  504 	jr	z, 00102$
                            505 ; common peephole 81 removed jp by using inverse jump logic
                            506 ; common peephole 159 removed unused label 00147$.
                            507 ;	skipping generated iCode
                            508 ;	genLabel
   0221                     509 00101$:
                            510 ;	genAssign
                            511 ;	genMove_o size 1 result type 11 source type 1 a_dead 1 hl_dead 1 de_dead 1 iy_dead 1 f_dead 1
   0221 AF            [ 4]  512 	xor	a, a
   0222 32r00s00      [13]  513 	ld	(#_success), a
                            514 ; common peephole 19 loaded (#_success) from a directly instead of using hl.
                            515 ;	genLabel
   0225                     516 00102$:
                            517 ;	genPlus
                            518 ;	genMove_o size 2 result type 2 source type 10 a_dead 1 hl_dead 1 de_dead 1 iy_dead 1 f_dead 1
   0225 2Ar00s00      [16]  519 	ld	hl, (___numTests)
   0228 23            [ 6]  520 	inc	hl
                            521 ;	genMove_o size 2 result type 10 source type 2 a_dead 1 hl_dead 1 de_dead 1 iy_dead 1 f_dead 1
   0229 22r00s00      [16]  522 	ld	(___numTests), hl
                            523 ;	genIfx
                            524 ; common peephole 61 used hl instead of iy.
                            525 ; common peephole 130a removed unnecessary +0 from constant
   022C 21r00s00      [10]  526 	ld	hl, #_success
   022F CB 46         [12]  527 	bit	0, (hl)
                            528 ; common peephole 163 changed absolute to relative conditional jump.
   0231 20 11         [12]  529 	jr	nz, 00110$
                            530 ;	skipping iCode since result will be rematerialized
                            531 ;	skipping iCode since result will be rematerialized
                            532 ;	skipping iCode since result will be rematerialized
                            533 ;	skipping iCode since result will be rematerialized
                            534 ;	skipping iCode since result will be rematerialized
                            535 ;	skipping iCode since result will be rematerialized
                            536 ;	genIpush
                            537 ;	genMove_o size 2 result type 2 source type 1 a_dead 1 hl_dead 1 de_dead 1 iy_dead 1 f_dead 1
   0233 21 37 01      [10]  538 	ld	hl, #0x0137
   0236 E5            [11]  539 	push	hl
                            540 ;	genIpush
                            541 ;	genMove_o size 2 result type 2 source type 7 a_dead 1 hl_dead 1 de_dead 1 iy_dead 1 f_dead 1
   0237 21rABs02      [10]  542 	ld	hl, #___str_8
   023A E5            [11]  543 	push	hl
                            544 ;	genSend
                            545 ;	genMove_o size 2 result type 2 source type 7 a_dead 1 hl_dead 1 de_dead 1 iy_dead 1 f_dead 1
   023B 11rA3s02      [10]  546 	ld	de, #___str_7
                            547 ;	genSend
                            548 ;	genMove_o size 2 result type 2 source type 7 a_dead 1 hl_dead 1 de_dead 0 iy_dead 1 f_dead 1
   023E 21r92s02      [10]  549 	ld	hl, #___str_6
                            550 ;	genCall
   0241 CDr00s00      [17]  551 	call	___fail
                            552 ;	genLabel
   0244                     553 00110$:
                            554 ;cases/bitfields-nibbles/bitfields-nibbles_operation_0_pattern_1_varType_2.c:312: TEST(low, 0x02);
                            555 ;	genAssign
                            556 ;	genMove_o size 1 result type 11 source type 1 a_dead 1 hl_dead 1 de_dead 1 iy_dead 1 f_dead 1
   0244 21r00s00      [10]  557 	ld	hl, #_success
   0247 36 01         [10]  558 	ld	(hl), #0x01
                            559 ;	genAssign
                            560 ;	genMove_o size 2 result type 2 source type 1 a_dead 1 hl_dead 1 de_dead 1 iy_dead 1 f_dead 1
   0249 01 04 CA      [10]  561 	ld	bc, #0xca04
                            562 ;	genPointerSet
   024C 0A            [ 7]  563 	ld	a, (bc)
   024D F6 F0         [ 7]  564 	or	a, #0xf0
   024F 02            [ 7]  565 	ld	(bc), a
                            566 ;	genAssign
                            567 ;	genMove_o size 2 result type 2 source type 1 a_dead 1 hl_dead 1 de_dead 1 iy_dead 1 f_dead 1
   0250 01 04 CA      [10]  568 	ld	bc, #0xca04
                            569 ;	genPointerSet
   0253 0A            [ 7]  570 	ld	a, (bc)
   0254 E6 F0         [ 7]  571 	and	a, #0xf0
   0256 F6 02         [ 7]  572 	or	a, #0x02
   0258 02            [ 7]  573 	ld	(bc), a
                            574 ;	genPointerGet
   0259 3A 04 CA      [13]  575 	ld	a, (#0xca04)
   025C E6 0F         [ 7]  576 	and	a, #0x0f
                            577 ;	genCast
                            578 ;	(locations are the same)
                            579 ;	genCmpEq
   025E FE 02         [ 7]  580 	cp	a, #0x02
                            581 ; common peephole 81 removed jp by using inverse jump logic
                            582 ; common peephole 159 removed unused label 00148$.
                            583 ; common peephole 163 changed absolute to relative conditional jump.
   0260 20 0D         [12]  584 	jr	nz, 00104$
                            585 ; common peephole 82 removed jp by using inverse jump logic
                            586 ; common peephole 159 removed unused label 00149$.
                            587 ;	skipping generated iCode
                            588 ;	genPointerGet
   0262 3A 04 CA      [13]  589 	ld	a, (#0xca04)
   0265 07            [ 4]  590 	rlca
   0266 07            [ 4]  591 	rlca
   0267 07            [ 4]  592 	rlca
   0268 07            [ 4]  593 	rlca
   0269 E6 0F         [ 7]  594 	and	a, #0x0f
                            595 ;	genCmpEq
   026B FE 0F         [ 7]  596 	cp	a, #0x0f
                            597 ; common peephole 163 changed absolute to relative conditional jump.
   026D 28 04         [12]  598 	jr	z, 00105$
                            599 ; common peephole 81 removed jp by using inverse jump logic
                            600 ; common peephole 159 removed unused label 00150$.
                            601 ;	skipping generated iCode
                            602 ;	genLabel
   026F                     603 00104$:
                            604 ;	genAssign
                            605 ;	genMove_o size 1 result type 11 source type 1 a_dead 1 hl_dead 1 de_dead 1 iy_dead 1 f_dead 1
   026F AF            [ 4]  606 	xor	a, a
   0270 32r00s00      [13]  607 	ld	(#_success), a
                            608 ; common peephole 19 loaded (#_success) from a directly instead of using hl.
                            609 ;	genLabel
   0273                     610 00105$:
                            611 ;	genPlus
                            612 ;	genMove_o size 2 result type 2 source type 10 a_dead 1 hl_dead 1 de_dead 1 iy_dead 1 f_dead 1
   0273 2Ar00s00      [16]  613 	ld	hl, (___numTests)
   0276 23            [ 6]  614 	inc	hl
                            615 ;	genMove_o size 2 result type 10 source type 2 a_dead 1 hl_dead 1 de_dead 1 iy_dead 1 f_dead 1
   0277 22r00s00      [16]  616 	ld	(___numTests), hl
                            617 ;	genIfx
                            618 ; common peephole 61 used hl instead of iy.
                            619 ; common peephole 130a removed unnecessary +0 from constant
   027A 21r00s00      [10]  620 	ld	hl, #_success
   027D CB 46         [12]  621 	bit	0, (hl)
   027F C0            [11]  622 	ret	nz
                            623 ; common peephole 161 replaced jump by return.
                            624 ;	skipping iCode since result will be rematerialized
                            625 ;	skipping iCode since result will be rematerialized
                            626 ;	skipping iCode since result will be rematerialized
                            627 ;	skipping iCode since result will be rematerialized
                            628 ;	skipping iCode since result will be rematerialized
                            629 ;	skipping iCode since result will be rematerialized
                            630 ;	genIpush
                            631 ;	genMove_o size 2 result type 2 source type 1 a_dead 1 hl_dead 1 de_dead 1 iy_dead 1 f_dead 1
   0280 21 38 01      [10]  632 	ld	hl, #0x0138
   0283 E5            [11]  633 	push	hl
                            634 ;	genIpush
                            635 ;	genMove_o size 2 result type 2 source type 7 a_dead 1 hl_dead 1 de_dead 1 iy_dead 1 f_dead 1
   0284 21rABs02      [10]  636 	ld	hl, #___str_8
   0287 E5            [11]  637 	push	hl
                            638 ;	genSend
                            639 ;	genMove_o size 2 result type 2 source type 7 a_dead 1 hl_dead 1 de_dead 1 iy_dead 1 f_dead 1
   0288 11rA3s02      [10]  640 	ld	de, #___str_7
                            641 ;	genSend
                            642 ;	genMove_o size 2 result type 2 source type 7 a_dead 1 hl_dead 1 de_dead 0 iy_dead 1 f_dead 1
   028B 21r92s02      [10]  643 	ld	hl, #___str_6
                            644 ;	genCall
   028E CDr00s00      [17]  645 	call	___fail
                            646 ;	genLabel
                            647 ; common peephole 159 removed unused label 00107$.
                            648 ;cases/bitfields-nibbles/bitfields-nibbles_operation_0_pattern_1_varType_2.c:313: }
                            649 ;	genEndFunction
   0291 C9            [10]  650 	ret
                            651 ;	Total nibble_op_test_low2_1 function size at codegen: 9 bytes.
   0292                     652 ___str_6:
   0292 41 73 73 65 72 74   653 	.ascii "Assertion failed"
        69 6F 6E 20 66 61
        69 6C 65 64
   02A2 00                  654 	.db 0x00
   02A3                     655 ___str_7:
   02A3 73 75 63 63 65 73   656 	.ascii "success"
        73
   02AA 00                  657 	.db 0x00
   02AB                     658 ___str_8:
   02AB 63 61 73 65 73 2F   659 	.ascii "cases/bitfields-nibbles/bitfields-nibbles_operation_0_patter"
        62 69 74 66 69 65
        6C 64 73 2D 6E 69
        62 62 6C 65 73 2F
        62 69 74 66 69 65
        6C 64 73 2D 6E 69
        62 62 6C 65 73 5F
        6F 70 65 72 61 74
        69 6F 6E 5F 30 5F
        70 61 74 74 65 72
   02E7 6E 5F 31 5F 76 61   660 	.ascii "n_1_varType_2.c"
        72 54 79 70 65 5F
        32 2E 63
   02F6 00                  661 	.db 0x00
                            662 ;cases/bitfields-nibbles/bitfields-nibbles_operation_0_pattern_1_varType_2.c:324: nibble_op_test_low3_1(void)
                            663 ;	genLabel
                            664 ;	genFunction
                            665 ;	---------------------------------
                            666 ; Function nibble_op_test_low3_1
                            667 ; ---------------------------------
                            668 ;	Register assignment might be sub-optimal.
                            669 ; Stack space usage: 0 bytes.
   02F7                     670 _nibble_op_test_low3_1:
                            671 ;cases/bitfields-nibbles/bitfields-nibbles_operation_0_pattern_1_varType_2.c:327: TEST(low, 0x0E);
                            672 ;	genAssign
                            673 ;	genMove_o size 1 result type 11 source type 1 a_dead 1 hl_dead 1 de_dead 1 iy_dead 1 f_dead 1
   02F7 21r00s00      [10]  674 	ld	hl, #_success
   02FA 36 01         [10]  675 	ld	(hl), #0x01
                            676 ;	genAssign
                            677 ;	genMove_o size 2 result type 2 source type 1 a_dead 1 hl_dead 1 de_dead 1 iy_dead 1 f_dead 1
   02FC 01 04 CA      [10]  678 	ld	bc, #0xca04
                            679 ;	genPointerSet
   02FF 0A            [ 7]  680 	ld	a, (bc)
   0300 F6 F0         [ 7]  681 	or	a, #0xf0
   0302 02            [ 7]  682 	ld	(bc), a
                            683 ;	genAssign
                            684 ;	genMove_o size 2 result type 2 source type 1 a_dead 1 hl_dead 1 de_dead 1 iy_dead 1 f_dead 1
   0303 01 04 CA      [10]  685 	ld	bc, #0xca04
                            686 ;	genPointerSet
   0306 0A            [ 7]  687 	ld	a, (bc)
   0307 E6 F0         [ 7]  688 	and	a, #0xf0
   0309 F6 0E         [ 7]  689 	or	a, #0x0e
   030B 02            [ 7]  690 	ld	(bc), a
                            691 ;	genPointerGet
   030C 3A 04 CA      [13]  692 	ld	a, (#0xca04)
   030F E6 0F         [ 7]  693 	and	a, #0x0f
                            694 ;	genCast
                            695 ;	(locations are the same)
                            696 ;	genCmpEq
   0311 FE 0E         [ 7]  697 	cp	a, #0x0e
                            698 ; common peephole 81 removed jp by using inverse jump logic
                            699 ; common peephole 159 removed unused label 00145$.
                            700 ; common peephole 163 changed absolute to relative conditional jump.
   0313 20 0D         [12]  701 	jr	nz, 00101$
                            702 ; common peephole 82 removed jp by using inverse jump logic
                            703 ; common peephole 159 removed unused label 00146$.
                            704 ;	skipping generated iCode
                            705 ;	genPointerGet
   0315 3A 04 CA      [13]  706 	ld	a, (#0xca04)
   0318 07            [ 4]  707 	rlca
   0319 07            [ 4]  708 	rlca
   031A 07            [ 4]  709 	rlca
   031B 07            [ 4]  710 	rlca
   031C E6 0F         [ 7]  711 	and	a, #0x0f
                            712 ;	genCmpEq
   031E FE 0F         [ 7]  713 	cp	a, #0x0f
                            714 ; common peephole 163 changed absolute to relative conditional jump.
   0320 28 04         [12]  715 	jr	z, 00102$
                            716 ; common peephole 81 removed jp by using inverse jump logic
                            717 ; common peephole 159 removed unused label 00147$.
                            718 ;	skipping generated iCode
                            719 ;	genLabel
   0322                     720 00101$:
                            721 ;	genAssign
                            722 ;	genMove_o size 1 result type 11 source type 1 a_dead 1 hl_dead 1 de_dead 1 iy_dead 1 f_dead 1
   0322 AF            [ 4]  723 	xor	a, a
   0323 32r00s00      [13]  724 	ld	(#_success), a
                            725 ; common peephole 19 loaded (#_success) from a directly instead of using hl.
                            726 ;	genLabel
   0326                     727 00102$:
                            728 ;	genPlus
                            729 ;	genMove_o size 2 result type 2 source type 10 a_dead 1 hl_dead 1 de_dead 1 iy_dead 1 f_dead 1
   0326 2Ar00s00      [16]  730 	ld	hl, (___numTests)
   0329 23            [ 6]  731 	inc	hl
                            732 ;	genMove_o size 2 result type 10 source type 2 a_dead 1 hl_dead 1 de_dead 1 iy_dead 1 f_dead 1
   032A 22r00s00      [16]  733 	ld	(___numTests), hl
                            734 ;	genIfx
                            735 ; common peephole 61 used hl instead of iy.
                            736 ; common peephole 130a removed unnecessary +0 from constant
   032D 21r00s00      [10]  737 	ld	hl, #_success
   0330 CB 46         [12]  738 	bit	0, (hl)
                            739 ; common peephole 163 changed absolute to relative conditional jump.
   0332 20 11         [12]  740 	jr	nz, 00110$
                            741 ;	skipping iCode since result will be rematerialized
                            742 ;	skipping iCode since result will be rematerialized
                            743 ;	skipping iCode since result will be rematerialized
                            744 ;	skipping iCode since result will be rematerialized
                            745 ;	skipping iCode since result will be rematerialized
                            746 ;	skipping iCode since result will be rematerialized
                            747 ;	genIpush
                            748 ;	genMove_o size 2 result type 2 source type 1 a_dead 1 hl_dead 1 de_dead 1 iy_dead 1 f_dead 1
   0334 21 47 01      [10]  749 	ld	hl, #0x0147
   0337 E5            [11]  750 	push	hl
                            751 ;	genIpush
                            752 ;	genMove_o size 2 result type 2 source type 7 a_dead 1 hl_dead 1 de_dead 1 iy_dead 1 f_dead 1
   0338 21rACs03      [10]  753 	ld	hl, #___str_11
   033B E5            [11]  754 	push	hl
                            755 ;	genSend
                            756 ;	genMove_o size 2 result type 2 source type 7 a_dead 1 hl_dead 1 de_dead 1 iy_dead 1 f_dead 1
   033C 11rA4s03      [10]  757 	ld	de, #___str_10
                            758 ;	genSend
                            759 ;	genMove_o size 2 result type 2 source type 7 a_dead 1 hl_dead 1 de_dead 0 iy_dead 1 f_dead 1
   033F 21r93s03      [10]  760 	ld	hl, #___str_9
                            761 ;	genCall
   0342 CDr00s00      [17]  762 	call	___fail
                            763 ;	genLabel
   0345                     764 00110$:
                            765 ;cases/bitfields-nibbles/bitfields-nibbles_operation_0_pattern_1_varType_2.c:328: TEST(low, 0x0D);
                            766 ;	genAssign
                            767 ;	genMove_o size 1 result type 11 source type 1 a_dead 1 hl_dead 1 de_dead 1 iy_dead 1 f_dead 1
   0345 21r00s00      [10]  768 	ld	hl, #_success
   0348 36 01         [10]  769 	ld	(hl), #0x01
                            770 ;	genAssign
                            771 ;	genMove_o size 2 result type 2 source type 1 a_dead 1 hl_dead 1 de_dead 1 iy_dead 1 f_dead 1
   034A 01 04 CA      [10]  772 	ld	bc, #0xca04
                            773 ;	genPointerSet
   034D 0A            [ 7]  774 	ld	a, (bc)
   034E F6 F0         [ 7]  775 	or	a, #0xf0
   0350 02            [ 7]  776 	ld	(bc), a
                            777 ;	genAssign
                            778 ;	genMove_o size 2 result type 2 source type 1 a_dead 1 hl_dead 1 de_dead 1 iy_dead 1 f_dead 1
   0351 01 04 CA      [10]  779 	ld	bc, #0xca04
                            780 ;	genPointerSet
   0354 0A            [ 7]  781 	ld	a, (bc)
   0355 E6 F0         [ 7]  782 	and	a, #0xf0
   0357 F6 0D         [ 7]  783 	or	a, #0x0d
   0359 02            [ 7]  784 	ld	(bc), a
                            785 ;	genPointerGet
   035A 3A 04 CA      [13]  786 	ld	a, (#0xca04)
   035D E6 0F         [ 7]  787 	and	a, #0x0f
                            788 ;	genCast
                            789 ;	(locations are the same)
                            790 ;	genCmpEq
   035F FE 0D         [ 7]  791 	cp	a, #0x0d
                            792 ; common peephole 81 removed jp by using inverse jump logic
                            793 ; common peephole 159 removed unused label 00148$.
                            794 ; common peephole 163 changed absolute to relative conditional jump.
   0361 20 0D         [12]  795 	jr	nz, 00104$
                            796 ; common peephole 82 removed jp by using inverse jump logic
                            797 ; common peephole 159 removed unused label 00149$.
                            798 ;	skipping generated iCode
                            799 ;	genPointerGet
   0363 3A 04 CA      [13]  800 	ld	a, (#0xca04)
   0366 07            [ 4]  801 	rlca
   0367 07            [ 4]  802 	rlca
   0368 07            [ 4]  803 	rlca
   0369 07            [ 4]  804 	rlca
   036A E6 0F         [ 7]  805 	and	a, #0x0f
                            806 ;	genCmpEq
   036C FE 0F         [ 7]  807 	cp	a, #0x0f
                            808 ; common peephole 163 changed absolute to relative conditional jump.
   036E 28 04         [12]  809 	jr	z, 00105$
                            810 ; common peephole 81 removed jp by using inverse jump logic
                            811 ; common peephole 159 removed unused label 00150$.
                            812 ;	skipping generated iCode
                            813 ;	genLabel
   0370                     814 00104$:
                            815 ;	genAssign
                            816 ;	genMove_o size 1 result type 11 source type 1 a_dead 1 hl_dead 1 de_dead 1 iy_dead 1 f_dead 1
   0370 AF            [ 4]  817 	xor	a, a
   0371 32r00s00      [13]  818 	ld	(#_success), a
                            819 ; common peephole 19 loaded (#_success) from a directly instead of using hl.
                            820 ;	genLabel
   0374                     821 00105$:
                            822 ;	genPlus
                            823 ;	genMove_o size 2 result type 2 source type 10 a_dead 1 hl_dead 1 de_dead 1 iy_dead 1 f_dead 1
   0374 2Ar00s00      [16]  824 	ld	hl, (___numTests)
   0377 23            [ 6]  825 	inc	hl
                            826 ;	genMove_o size 2 result type 10 source type 2 a_dead 1 hl_dead 1 de_dead 1 iy_dead 1 f_dead 1
   0378 22r00s00      [16]  827 	ld	(___numTests), hl
                            828 ;	genIfx
                            829 ; common peephole 61 used hl instead of iy.
                            830 ; common peephole 130a removed unnecessary +0 from constant
   037B 21r00s00      [10]  831 	ld	hl, #_success
   037E CB 46         [12]  832 	bit	0, (hl)
   0380 C0            [11]  833 	ret	nz
                            834 ; common peephole 161 replaced jump by return.
                            835 ;	skipping iCode since result will be rematerialized
                            836 ;	skipping iCode since result will be rematerialized
                            837 ;	skipping iCode since result will be rematerialized
                            838 ;	skipping iCode since result will be rematerialized
                            839 ;	skipping iCode since result will be rematerialized
                            840 ;	skipping iCode since result will be rematerialized
                            841 ;	genIpush
                            842 ;	genMove_o size 2 result type 2 source type 1 a_dead 1 hl_dead 1 de_dead 1 iy_dead 1 f_dead 1
   0381 21 48 01      [10]  843 	ld	hl, #0x0148
   0384 E5            [11]  844 	push	hl
                            845 ;	genIpush
                            846 ;	genMove_o size 2 result type 2 source type 7 a_dead 1 hl_dead 1 de_dead 1 iy_dead 1 f_dead 1
   0385 21rACs03      [10]  847 	ld	hl, #___str_11
   0388 E5            [11]  848 	push	hl
                            849 ;	genSend
                            850 ;	genMove_o size 2 result type 2 source type 7 a_dead 1 hl_dead 1 de_dead 1 iy_dead 1 f_dead 1
   0389 11rA4s03      [10]  851 	ld	de, #___str_10
                            852 ;	genSend
                            853 ;	genMove_o size 2 result type 2 source type 7 a_dead 1 hl_dead 1 de_dead 0 iy_dead 1 f_dead 1
   038C 21r93s03      [10]  854 	ld	hl, #___str_9
                            855 ;	genCall
   038F CDr00s00      [17]  856 	call	___fail
                            857 ;	genLabel
                            858 ; common peephole 159 removed unused label 00107$.
                            859 ;cases/bitfields-nibbles/bitfields-nibbles_operation_0_pattern_1_varType_2.c:329: }
                            860 ;	genEndFunction
   0392 C9            [10]  861 	ret
                            862 ;	Total nibble_op_test_low3_1 function size at codegen: 9 bytes.
   0393                     863 ___str_9:
   0393 41 73 73 65 72 74   864 	.ascii "Assertion failed"
        69 6F 6E 20 66 61
        69 6C 65 64
   03A3 00                  865 	.db 0x00
   03A4                     866 ___str_10:
   03A4 73 75 63 63 65 73   867 	.ascii "success"
        73
   03AB 00                  868 	.db 0x00
   03AC                     869 ___str_11:
   03AC 63 61 73 65 73 2F   870 	.ascii "cases/bitfields-nibbles/bitfields-nibbles_operation_0_patter"
        62 69 74 66 69 65
        6C 64 73 2D 6E 69
        62 62 6C 65 73 2F
        62 69 74 66 69 65
        6C 64 73 2D 6E 69
        62 62 6C 65 73 5F
        6F 70 65 72 61 74
        69 6F 6E 5F 30 5F
        70 61 74 74 65 72
   03E8 6E 5F 31 5F 76 61   871 	.ascii "n_1_varType_2.c"
        72 54 79 70 65 5F
        32 2E 63
   03F7 00                  872 	.db 0x00
                            873 ;cases/bitfields-nibbles/bitfields-nibbles_operation_0_pattern_1_varType_2.c:340: nibble_op_test_low4_1(void)
                            874 ;	genLabel
                            875 ;	genFunction
                            876 ;	---------------------------------
                            877 ; Function nibble_op_test_low4_1
                            878 ; ---------------------------------
                            879 ;	Register assignment might be sub-optimal.
                            880 ; Stack space usage: 0 bytes.
   03F8                     881 _nibble_op_test_low4_1:
                            882 ;cases/bitfields-nibbles/bitfields-nibbles_operation_0_pattern_1_varType_2.c:343: TEST(low, 0x10);
                            883 ;	genAssign
                            884 ;	genMove_o size 1 result type 11 source type 1 a_dead 1 hl_dead 1 de_dead 1 iy_dead 1 f_dead 1
   03F8 21r00s00      [10]  885 	ld	hl, #_success
   03FB 36 01         [10]  886 	ld	(hl), #0x01
                            887 ;	genAssign
                            888 ;	genMove_o size 2 result type 2 source type 1 a_dead 1 hl_dead 1 de_dead 1 iy_dead 1 f_dead 1
   03FD 01 04 CA      [10]  889 	ld	bc, #0xca04
                            890 ;	genPointerSet
   0400 0A            [ 7]  891 	ld	a, (bc)
   0401 F6 F0         [ 7]  892 	or	a, #0xf0
   0403 02            [ 7]  893 	ld	(bc), a
                            894 ;	genAssign
                            895 ;	genMove_o size 2 result type 2 source type 1 a_dead 1 hl_dead 1 de_dead 1 iy_dead 1 f_dead 1
   0404 01 04 CA      [10]  896 	ld	bc, #0xca04
                            897 ;	genPointerSet
   0407 0A            [ 7]  898 	ld	a, (bc)
   0408 E6 F0         [ 7]  899 	and	a, #0xf0
   040A 02            [ 7]  900 	ld	(bc), a
                            901 ;	genPointerGet
   040B 3A 04 CA      [13]  902 	ld	a, (#0xca04)
                            903 ;	genIfx
   040E E6 0F         [ 7]  904 	and	a, #0x0f
                            905 ; common peephole 100 removed redundant or after and.
                            906 ; common peephole 163 changed absolute to relative conditional jump.
   0410 20 0D         [12]  907 	jr	nz, 00101$
                            908 ;	genPointerGet
   0412 3A 04 CA      [13]  909 	ld	a, (#0xca04)
   0415 07            [ 4]  910 	rlca
   0416 07            [ 4]  911 	rlca
   0417 07            [ 4]  912 	rlca
   0418 07            [ 4]  913 	rlca
   0419 E6 0F         [ 7]  914 	and	a, #0x0f
                            915 ;	genCmpEq
   041B FE 0F         [ 7]  916 	cp	a, #0x0f
                            917 ; common peephole 163 changed absolute to relative conditional jump.
   041D 28 04         [12]  918 	jr	z, 00102$
                            919 ; common peephole 81 removed jp by using inverse jump logic
                            920 ; common peephole 159 removed unused label 00145$.
                            921 ;	skipping generated iCode
                            922 ;	genLabel
   041F                     923 00101$:
                            924 ;	genAssign
                            925 ;	genMove_o size 1 result type 11 source type 1 a_dead 1 hl_dead 1 de_dead 1 iy_dead 1 f_dead 1
   041F AF            [ 4]  926 	xor	a, a
   0420 32r00s00      [13]  927 	ld	(#_success), a
                            928 ; common peephole 19 loaded (#_success) from a directly instead of using hl.
                            929 ;	genLabel
   0423                     930 00102$:
                            931 ;	genPlus
                            932 ;	genMove_o size 2 result type 2 source type 10 a_dead 1 hl_dead 1 de_dead 1 iy_dead 1 f_dead 1
   0423 2Ar00s00      [16]  933 	ld	hl, (___numTests)
   0426 23            [ 6]  934 	inc	hl
                            935 ;	genMove_o size 2 result type 10 source type 2 a_dead 1 hl_dead 1 de_dead 1 iy_dead 1 f_dead 1
   0427 22r00s00      [16]  936 	ld	(___numTests), hl
                            937 ;	genIfx
                            938 ; common peephole 61 used hl instead of iy.
                            939 ; common peephole 130a removed unnecessary +0 from constant
   042A 21r00s00      [10]  940 	ld	hl, #_success
   042D CB 46         [12]  941 	bit	0, (hl)
                            942 ; common peephole 163 changed absolute to relative conditional jump.
   042F 20 11         [12]  943 	jr	nz, 00110$
                            944 ;	skipping iCode since result will be rematerialized
                            945 ;	skipping iCode since result will be rematerialized
                            946 ;	skipping iCode since result will be rematerialized
                            947 ;	skipping iCode since result will be rematerialized
                            948 ;	skipping iCode since result will be rematerialized
                            949 ;	skipping iCode since result will be rematerialized
                            950 ;	genIpush
                            951 ;	genMove_o size 2 result type 2 source type 1 a_dead 1 hl_dead 1 de_dead 1 iy_dead 1 f_dead 1
   0431 21 57 01      [10]  952 	ld	hl, #0x0157
   0434 E5            [11]  953 	push	hl
                            954 ;	genIpush
                            955 ;	genMove_o size 2 result type 2 source type 7 a_dead 1 hl_dead 1 de_dead 1 iy_dead 1 f_dead 1
   0435 21rA5s04      [10]  956 	ld	hl, #___str_14
   0438 E5            [11]  957 	push	hl
                            958 ;	genSend
                            959 ;	genMove_o size 2 result type 2 source type 7 a_dead 1 hl_dead 1 de_dead 1 iy_dead 1 f_dead 1
   0439 11r9Ds04      [10]  960 	ld	de, #___str_13
                            961 ;	genSend
                            962 ;	genMove_o size 2 result type 2 source type 7 a_dead 1 hl_dead 1 de_dead 0 iy_dead 1 f_dead 1
   043C 21r8Cs04      [10]  963 	ld	hl, #___str_12
                            964 ;	genCall
   043F CDr00s00      [17]  965 	call	___fail
                            966 ;	genLabel
   0442                     967 00110$:
                            968 ;cases/bitfields-nibbles/bitfields-nibbles_operation_0_pattern_1_varType_2.c:344: TEST(low, 0x20);
                            969 ;	genAssign
                            970 ;	genMove_o size 1 result type 11 source type 1 a_dead 1 hl_dead 1 de_dead 1 iy_dead 1 f_dead 1
   0442 21r00s00      [10]  971 	ld	hl, #_success
   0445 36 01         [10]  972 	ld	(hl), #0x01
                            973 ;	genAssign
                            974 ;	genMove_o size 2 result type 2 source type 1 a_dead 1 hl_dead 1 de_dead 1 iy_dead 1 f_dead 1
   0447 01 04 CA      [10]  975 	ld	bc, #0xca04
                            976 ;	genPointerSet
   044A 0A            [ 7]  977 	ld	a, (bc)
   044B F6 F0         [ 7]  978 	or	a, #0xf0
   044D 02            [ 7]  979 	ld	(bc), a
                            980 ;	genAssign
                            981 ;	genMove_o size 2 result type 2 source type 1 a_dead 1 hl_dead 1 de_dead 1 iy_dead 1 f_dead 1
   044E 01 04 CA      [10]  982 	ld	bc, #0xca04
                            983 ;	genPointerSet
   0451 0A            [ 7]  984 	ld	a, (bc)
   0452 E6 F0         [ 7]  985 	and	a, #0xf0
   0454 02            [ 7]  986 	ld	(bc), a
                            987 ;	genPointerGet
   0455 3A 04 CA      [13]  988 	ld	a, (#0xca04)
                            989 ;	genIfx
   0458 E6 0F         [ 7]  990 	and	a, #0x0f
                            991 ; common peephole 100 removed redundant or after and.
                            992 ; common peephole 163 changed absolute to relative conditional jump.
   045A 20 0D         [12]  993 	jr	nz, 00104$
                            994 ;	genPointerGet
   045C 3A 04 CA      [13]  995 	ld	a, (#0xca04)
   045F 07            [ 4]  996 	rlca
   0460 07            [ 4]  997 	rlca
   0461 07            [ 4]  998 	rlca
   0462 07            [ 4]  999 	rlca
   0463 E6 0F         [ 7] 1000 	and	a, #0x0f
                           1001 ;	genCmpEq
   0465 FE 0F         [ 7] 1002 	cp	a, #0x0f
                           1003 ; common peephole 163 changed absolute to relative conditional jump.
   0467 28 04         [12] 1004 	jr	z, 00105$
                           1005 ; common peephole 81 removed jp by using inverse jump logic
                           1006 ; common peephole 159 removed unused label 00146$.
                           1007 ;	skipping generated iCode
                           1008 ;	genLabel
   0469                    1009 00104$:
                           1010 ;	genAssign
                           1011 ;	genMove_o size 1 result type 11 source type 1 a_dead 1 hl_dead 1 de_dead 1 iy_dead 1 f_dead 1
   0469 AF            [ 4] 1012 	xor	a, a
   046A 32r00s00      [13] 1013 	ld	(#_success), a
                           1014 ; common peephole 19 loaded (#_success) from a directly instead of using hl.
                           1015 ;	genLabel
   046D                    1016 00105$:
                           1017 ;	genPlus
                           1018 ;	genMove_o size 2 result type 2 source type 10 a_dead 1 hl_dead 1 de_dead 1 iy_dead 1 f_dead 1
   046D 2Ar00s00      [16] 1019 	ld	hl, (___numTests)
   0470 23            [ 6] 1020 	inc	hl
                           1021 ;	genMove_o size 2 result type 10 source type 2 a_dead 1 hl_dead 1 de_dead 1 iy_dead 1 f_dead 1
   0471 22r00s00      [16] 1022 	ld	(___numTests), hl
                           1023 ;	genIfx
                           1024 ; common peephole 61 used hl instead of iy.
                           1025 ; common peephole 130a removed unnecessary +0 from constant
   0474 21r00s00      [10] 1026 	ld	hl, #_success
   0477 CB 46         [12] 1027 	bit	0, (hl)
   0479 C0            [11] 1028 	ret	nz
                           1029 ; common peephole 161 replaced jump by return.
                           1030 ;	skipping iCode since result will be rematerialized
                           1031 ;	skipping iCode since result will be rematerialized
                           1032 ;	skipping iCode since result will be rematerialized
                           1033 ;	skipping iCode since result will be rematerialized
                           1034 ;	skipping iCode since result will be rematerialized
                           1035 ;	skipping iCode since result will be rematerialized
                           1036 ;	genIpush
                           1037 ;	genMove_o size 2 result type 2 source type 1 a_dead 1 hl_dead 1 de_dead 1 iy_dead 1 f_dead 1
   047A 21 58 01      [10] 1038 	ld	hl, #0x0158
   047D E5            [11] 1039 	push	hl
                           1040 ;	genIpush
                           1041 ;	genMove_o size 2 result type 2 source type 7 a_dead 1 hl_dead 1 de_dead 1 iy_dead 1 f_dead 1
   047E 21rA5s04      [10] 1042 	ld	hl, #___str_14
   0481 E5            [11] 1043 	push	hl
                           1044 ;	genSend
                           1045 ;	genMove_o size 2 result type 2 source type 7 a_dead 1 hl_dead 1 de_dead 1 iy_dead 1 f_dead 1
   0482 11r9Ds04      [10] 1046 	ld	de, #___str_13
                           1047 ;	genSend
                           1048 ;	genMove_o size 2 result type 2 source type 7 a_dead 1 hl_dead 1 de_dead 0 iy_dead 1 f_dead 1
   0485 21r8Cs04      [10] 1049 	ld	hl, #___str_12
                           1050 ;	genCall
   0488 CDr00s00      [17] 1051 	call	___fail
                           1052 ;	genLabel
                           1053 ; common peephole 159 removed unused label 00107$.
                           1054 ;cases/bitfields-nibbles/bitfields-nibbles_operation_0_pattern_1_varType_2.c:345: }
                           1055 ;	genEndFunction
   048B C9            [10] 1056 	ret
                           1057 ;	Total nibble_op_test_low4_1 function size at codegen: 9 bytes.
   048C                    1058 ___str_12:
   048C 41 73 73 65 72 74  1059 	.ascii "Assertion failed"
        69 6F 6E 20 66 61
        69 6C 65 64
   049C 00                 1060 	.db 0x00
   049D                    1061 ___str_13:
   049D 73 75 63 63 65 73  1062 	.ascii "success"
        73
   04A4 00                 1063 	.db 0x00
   04A5                    1064 ___str_14:
   04A5 63 61 73 65 73 2F  1065 	.ascii "cases/bitfields-nibbles/bitfields-nibbles_operation_0_patter"
        62 69 74 66 69 65
        6C 64 73 2D 6E 69
        62 62 6C 65 73 2F
        62 69 74 66 69 65
        6C 64 73 2D 6E 69
        62 62 6C 65 73 5F
        6F 70 65 72 61 74
        69 6F 6E 5F 30 5F
        70 61 74 74 65 72
   04E1 6E 5F 31 5F 76 61  1066 	.ascii "n_1_varType_2.c"
        72 54 79 70 65 5F
        32 2E 63
   04F0 00                 1067 	.db 0x00
                           1068 ;cases/bitfields-nibbles/bitfields-nibbles_operation_0_pattern_1_varType_2.c:357: nibble_op_test_high1_1(void)
                           1069 ;	genLabel
                           1070 ;	genFunction
                           1071 ;	---------------------------------
                           1072 ; Function nibble_op_test_high1_1
                           1073 ; ---------------------------------
                           1074 ;	Register assignment might be sub-optimal.
                           1075 ; Stack space usage: 0 bytes.
   04F1                    1076 _nibble_op_test_high1_1:
                           1077 ;cases/bitfields-nibbles/bitfields-nibbles_operation_0_pattern_1_varType_2.c:360: TEST(high, 0xFF);
                           1078 ;	genAssign
                           1079 ;	genMove_o size 1 result type 11 source type 1 a_dead 1 hl_dead 1 de_dead 1 iy_dead 1 f_dead 1
   04F1 21r00s00      [10] 1080 	ld	hl, #_success
   04F4 36 01         [10] 1081 	ld	(hl), #0x01
                           1082 ;	genAssign
                           1083 ;	genMove_o size 2 result type 2 source type 1 a_dead 1 hl_dead 1 de_dead 1 iy_dead 1 f_dead 1
   04F6 01 04 CA      [10] 1084 	ld	bc, #0xca04
                           1085 ;	genPointerSet
   04F9 0A            [ 7] 1086 	ld	a, (bc)
   04FA F6 0F         [ 7] 1087 	or	a, #0x0f
   04FC 02            [ 7] 1088 	ld	(bc), a
                           1089 ;	genAssign
                           1090 ;	genMove_o size 2 result type 2 source type 1 a_dead 1 hl_dead 1 de_dead 1 iy_dead 1 f_dead 1
   04FD 01 04 CA      [10] 1091 	ld	bc, #0xca04
                           1092 ;	genPointerSet
   0500 0A            [ 7] 1093 	ld	a, (bc)
   0501 F6 F0         [ 7] 1094 	or	a, #0xf0
   0503 02            [ 7] 1095 	ld	(bc), a
                           1096 ;	genPointerGet
   0504 3A 04 CA      [13] 1097 	ld	a, (#0xca04)
   0507 07            [ 4] 1098 	rlca
   0508 07            [ 4] 1099 	rlca
   0509 07            [ 4] 1100 	rlca
   050A 07            [ 4] 1101 	rlca
   050B E6 0F         [ 7] 1102 	and	a, #0x0f
                           1103 ;	genCast
                           1104 ;	(locations are the same)
                           1105 ;	genCmpEq
   050D FE 0F         [ 7] 1106 	cp	a, #0x0f
                           1107 ; common peephole 81 removed jp by using inverse jump logic
                           1108 ; common peephole 159 removed unused label 00145$.
                           1109 ; common peephole 163 changed absolute to relative conditional jump.
   050F 20 09         [12] 1110 	jr	nz, 00101$
                           1111 ; common peephole 82 removed jp by using inverse jump logic
                           1112 ; common peephole 159 removed unused label 00146$.
                           1113 ;	skipping generated iCode
                           1114 ;	genPointerGet
   0511 3A 04 CA      [13] 1115 	ld	a, (#0xca04)
   0514 E6 0F         [ 7] 1116 	and	a, #0x0f
                           1117 ;	genCmpEq
   0516 FE 0F         [ 7] 1118 	cp	a, #0x0f
                           1119 ; common peephole 163 changed absolute to relative conditional jump.
   0518 28 04         [12] 1120 	jr	z, 00102$
                           1121 ; common peephole 81 removed jp by using inverse jump logic
                           1122 ; common peephole 159 removed unused label 00147$.
                           1123 ;	skipping generated iCode
                           1124 ;	genLabel
   051A                    1125 00101$:
                           1126 ;	genAssign
                           1127 ;	genMove_o size 1 result type 11 source type 1 a_dead 1 hl_dead 1 de_dead 1 iy_dead 1 f_dead 1
   051A AF            [ 4] 1128 	xor	a, a
   051B 32r00s00      [13] 1129 	ld	(#_success), a
                           1130 ; common peephole 19 loaded (#_success) from a directly instead of using hl.
                           1131 ;	genLabel
   051E                    1132 00102$:
                           1133 ;	genPlus
                           1134 ;	genMove_o size 2 result type 2 source type 10 a_dead 1 hl_dead 1 de_dead 1 iy_dead 1 f_dead 1
   051E 2Ar00s00      [16] 1135 	ld	hl, (___numTests)
   0521 23            [ 6] 1136 	inc	hl
                           1137 ;	genMove_o size 2 result type 10 source type 2 a_dead 1 hl_dead 1 de_dead 1 iy_dead 1 f_dead 1
   0522 22r00s00      [16] 1138 	ld	(___numTests), hl
                           1139 ;	genIfx
                           1140 ; common peephole 61 used hl instead of iy.
                           1141 ; common peephole 130a removed unnecessary +0 from constant
   0525 21r00s00      [10] 1142 	ld	hl, #_success
   0528 CB 46         [12] 1143 	bit	0, (hl)
                           1144 ; common peephole 163 changed absolute to relative conditional jump.
   052A 20 11         [12] 1145 	jr	nz, 00110$
                           1146 ;	skipping iCode since result will be rematerialized
                           1147 ;	skipping iCode since result will be rematerialized
                           1148 ;	skipping iCode since result will be rematerialized
                           1149 ;	skipping iCode since result will be rematerialized
                           1150 ;	skipping iCode since result will be rematerialized
                           1151 ;	skipping iCode since result will be rematerialized
                           1152 ;	genIpush
                           1153 ;	genMove_o size 2 result type 2 source type 1 a_dead 1 hl_dead 1 de_dead 1 iy_dead 1 f_dead 1
   052C 21 68 01      [10] 1154 	ld	hl, #0x0168
   052F E5            [11] 1155 	push	hl
                           1156 ;	genIpush
                           1157 ;	genMove_o size 2 result type 2 source type 7 a_dead 1 hl_dead 1 de_dead 1 iy_dead 1 f_dead 1
   0530 21rA0s05      [10] 1158 	ld	hl, #___str_17
   0533 E5            [11] 1159 	push	hl
                           1160 ;	genSend
                           1161 ;	genMove_o size 2 result type 2 source type 7 a_dead 1 hl_dead 1 de_dead 1 iy_dead 1 f_dead 1
   0534 11r98s05      [10] 1162 	ld	de, #___str_16
                           1163 ;	genSend
                           1164 ;	genMove_o size 2 result type 2 source type 7 a_dead 1 hl_dead 1 de_dead 0 iy_dead 1 f_dead 1
   0537 21r87s05      [10] 1165 	ld	hl, #___str_15
                           1166 ;	genCall
   053A CDr00s00      [17] 1167 	call	___fail
                           1168 ;	genLabel
   053D                    1169 00110$:
                           1170 ;cases/bitfields-nibbles/bitfields-nibbles_operation_0_pattern_1_varType_2.c:361: TEST(high, 0x00);
                           1171 ;	genAssign
                           1172 ;	genMove_o size 1 result type 11 source type 1 a_dead 1 hl_dead 1 de_dead 1 iy_dead 1 f_dead 1
   053D 21r00s00      [10] 1173 	ld	hl, #_success
   0540 36 01         [10] 1174 	ld	(hl), #0x01
                           1175 ;	genAssign
                           1176 ;	genMove_o size 2 result type 2 source type 1 a_dead 1 hl_dead 1 de_dead 1 iy_dead 1 f_dead 1
   0542 01 04 CA      [10] 1177 	ld	bc, #0xca04
                           1178 ;	genPointerSet
   0545 0A            [ 7] 1179 	ld	a, (bc)
   0546 F6 0F         [ 7] 1180 	or	a, #0x0f
   0548 02            [ 7] 1181 	ld	(bc), a
                           1182 ;	genAssign
                           1183 ;	genMove_o size 2 result type 2 source type 1 a_dead 1 hl_dead 1 de_dead 1 iy_dead 1 f_dead 1
   0549 01 04 CA      [10] 1184 	ld	bc, #0xca04
                           1185 ;	genPointerSet
   054C 0A            [ 7] 1186 	ld	a, (bc)
   054D E6 0F         [ 7] 1187 	and	a, #0x0f
   054F 02            [ 7] 1188 	ld	(bc), a
                           1189 ;	genPointerGet
   0550 3A 04 CA      [13] 1190 	ld	a, (#0xca04)
   0553 07            [ 4] 1191 	rlca
   0554 07            [ 4] 1192 	rlca
   0555 07            [ 4] 1193 	rlca
   0556 07            [ 4] 1194 	rlca
                           1195 ;	genIfx
   0557 E6 0F         [ 7] 1196 	and	a, #0x0f
                           1197 ; common peephole 100 removed redundant or after and.
                           1198 ; common peephole 163 changed absolute to relative conditional jump.
   0559 20 09         [12] 1199 	jr	nz, 00104$
                           1200 ;	genPointerGet
   055B 3A 04 CA      [13] 1201 	ld	a, (#0xca04)
   055E E6 0F         [ 7] 1202 	and	a, #0x0f
                           1203 ;	genCmpEq
   0560 FE 0F         [ 7] 1204 	cp	a, #0x0f
                           1205 ; common peephole 163 changed absolute to relative conditional jump.
   0562 28 04         [12] 1206 	jr	z, 00105$
                           1207 ; common peephole 81 removed jp by using inverse jump logic
                           1208 ; common peephole 159 removed unused label 00148$.
                           1209 ;	skipping generated iCode
                           1210 ;	genLabel
   0564                    1211 00104$:
                           1212 ;	genAssign
                           1213 ;	genMove_o size 1 result type 11 source type 1 a_dead 1 hl_dead 1 de_dead 1 iy_dead 1 f_dead 1
   0564 AF            [ 4] 1214 	xor	a, a
   0565 32r00s00      [13] 1215 	ld	(#_success), a
                           1216 ; common peephole 19 loaded (#_success) from a directly instead of using hl.
                           1217 ;	genLabel
   0568                    1218 00105$:
                           1219 ;	genPlus
                           1220 ;	genMove_o size 2 result type 2 source type 10 a_dead 1 hl_dead 1 de_dead 1 iy_dead 1 f_dead 1
   0568 2Ar00s00      [16] 1221 	ld	hl, (___numTests)
   056B 23            [ 6] 1222 	inc	hl
                           1223 ;	genMove_o size 2 result type 10 source type 2 a_dead 1 hl_dead 1 de_dead 1 iy_dead 1 f_dead 1
   056C 22r00s00      [16] 1224 	ld	(___numTests), hl
                           1225 ;	genIfx
                           1226 ; common peephole 61 used hl instead of iy.
                           1227 ; common peephole 130a removed unnecessary +0 from constant
   056F 21r00s00      [10] 1228 	ld	hl, #_success
   0572 CB 46         [12] 1229 	bit	0, (hl)
   0574 C0            [11] 1230 	ret	nz
                           1231 ; common peephole 161 replaced jump by return.
                           1232 ;	skipping iCode since result will be rematerialized
                           1233 ;	skipping iCode since result will be rematerialized
                           1234 ;	skipping iCode since result will be rematerialized
                           1235 ;	skipping iCode since result will be rematerialized
                           1236 ;	skipping iCode since result will be rematerialized
                           1237 ;	skipping iCode since result will be rematerialized
                           1238 ;	genIpush
                           1239 ;	genMove_o size 2 result type 2 source type 1 a_dead 1 hl_dead 1 de_dead 1 iy_dead 1 f_dead 1
   0575 21 69 01      [10] 1240 	ld	hl, #0x0169
   0578 E5            [11] 1241 	push	hl
                           1242 ;	genIpush
                           1243 ;	genMove_o size 2 result type 2 source type 7 a_dead 1 hl_dead 1 de_dead 1 iy_dead 1 f_dead 1
   0579 21rA0s05      [10] 1244 	ld	hl, #___str_17
   057C E5            [11] 1245 	push	hl
                           1246 ;	genSend
                           1247 ;	genMove_o size 2 result type 2 source type 7 a_dead 1 hl_dead 1 de_dead 1 iy_dead 1 f_dead 1
   057D 11r98s05      [10] 1248 	ld	de, #___str_16
                           1249 ;	genSend
                           1250 ;	genMove_o size 2 result type 2 source type 7 a_dead 1 hl_dead 1 de_dead 0 iy_dead 1 f_dead 1
   0580 21r87s05      [10] 1251 	ld	hl, #___str_15
                           1252 ;	genCall
   0583 CDr00s00      [17] 1253 	call	___fail
                           1254 ;	genLabel
                           1255 ; common peephole 159 removed unused label 00107$.
                           1256 ;cases/bitfields-nibbles/bitfields-nibbles_operation_0_pattern_1_varType_2.c:362: }
                           1257 ;	genEndFunction
   0586 C9            [10] 1258 	ret
                           1259 ;	Total nibble_op_test_high1_1 function size at codegen: 9 bytes.
   0587                    1260 ___str_15:
   0587 41 73 73 65 72 74  1261 	.ascii "Assertion failed"
        69 6F 6E 20 66 61
        69 6C 65 64
   0597 00                 1262 	.db 0x00
   0598                    1263 ___str_16:
   0598 73 75 63 63 65 73  1264 	.ascii "success"
        73
   059F 00                 1265 	.db 0x00
   05A0                    1266 ___str_17:
   05A0 63 61 73 65 73 2F  1267 	.ascii "cases/bitfields-nibbles/bitfields-nibbles_operation_0_patter"
        62 69 74 66 69 65
        6C 64 73 2D 6E 69
        62 62 6C 65 73 2F
        62 69 74 66 69 65
        6C 64 73 2D 6E 69
        62 62 6C 65 73 5F
        6F 70 65 72 61 74
        69 6F 6E 5F 30 5F
        70 61 74 74 65 72
   05DC 6E 5F 31 5F 76 61  1268 	.ascii "n_1_varType_2.c"
        72 54 79 70 65 5F
        32 2E 63
   05EB 00                 1269 	.db 0x00
                           1270 ;cases/bitfields-nibbles/bitfields-nibbles_operation_0_pattern_1_varType_2.c:364: nibble_op_test_high1_2(void)
                           1271 ;	genLabel
                           1272 ;	genFunction
                           1273 ;	---------------------------------
                           1274 ; Function nibble_op_test_high1_2
                           1275 ; ---------------------------------
                           1276 ;	Register assignment might be sub-optimal.
                           1277 ; Stack space usage: 0 bytes.
   05EC                    1278 _nibble_op_test_high1_2:
                           1279 ;cases/bitfields-nibbles/bitfields-nibbles_operation_0_pattern_1_varType_2.c:367: TEST(high, 0x0F);
                           1280 ;	genAssign
                           1281 ;	genMove_o size 1 result type 11 source type 1 a_dead 1 hl_dead 1 de_dead 1 iy_dead 1 f_dead 1
   05EC 21r00s00      [10] 1282 	ld	hl, #_success
   05EF 36 01         [10] 1283 	ld	(hl), #0x01
                           1284 ;	genAssign
                           1285 ;	genMove_o size 2 result type 2 source type 1 a_dead 1 hl_dead 1 de_dead 1 iy_dead 1 f_dead 1
   05F1 01 04 CA      [10] 1286 	ld	bc, #0xca04
                           1287 ;	genPointerSet
   05F4 0A            [ 7] 1288 	ld	a, (bc)
   05F5 F6 0F         [ 7] 1289 	or	a, #0x0f
   05F7 02            [ 7] 1290 	ld	(bc), a
                           1291 ;	genAssign
                           1292 ;	genMove_o size 2 result type 2 source type 1 a_dead 1 hl_dead 1 de_dead 1 iy_dead 1 f_dead 1
   05F8 01 04 CA      [10] 1293 	ld	bc, #0xca04
                           1294 ;	genPointerSet
   05FB 0A            [ 7] 1295 	ld	a, (bc)
   05FC F6 F0         [ 7] 1296 	or	a, #0xf0
   05FE 02            [ 7] 1297 	ld	(bc), a
                           1298 ;	genPointerGet
   05FF 3A 04 CA      [13] 1299 	ld	a, (#0xca04)
   0602 07            [ 4] 1300 	rlca
   0603 07            [ 4] 1301 	rlca
   0604 07            [ 4] 1302 	rlca
   0605 07            [ 4] 1303 	rlca
   0606 E6 0F         [ 7] 1304 	and	a, #0x0f
                           1305 ;	genCast
                           1306 ;	(locations are the same)
                           1307 ;	genCmpEq
   0608 FE 0F         [ 7] 1308 	cp	a, #0x0f
                           1309 ; common peephole 81 removed jp by using inverse jump logic
                           1310 ; common peephole 159 removed unused label 00145$.
                           1311 ; common peephole 163 changed absolute to relative conditional jump.
   060A 20 09         [12] 1312 	jr	nz, 00101$
                           1313 ; common peephole 82 removed jp by using inverse jump logic
                           1314 ; common peephole 159 removed unused label 00146$.
                           1315 ;	skipping generated iCode
                           1316 ;	genPointerGet
   060C 3A 04 CA      [13] 1317 	ld	a, (#0xca04)
   060F E6 0F         [ 7] 1318 	and	a, #0x0f
                           1319 ;	genCmpEq
   0611 FE 0F         [ 7] 1320 	cp	a, #0x0f
                           1321 ; common peephole 163 changed absolute to relative conditional jump.
   0613 28 04         [12] 1322 	jr	z, 00102$
                           1323 ; common peephole 81 removed jp by using inverse jump logic
                           1324 ; common peephole 159 removed unused label 00147$.
                           1325 ;	skipping generated iCode
                           1326 ;	genLabel
   0615                    1327 00101$:
                           1328 ;	genAssign
                           1329 ;	genMove_o size 1 result type 11 source type 1 a_dead 1 hl_dead 1 de_dead 1 iy_dead 1 f_dead 1
   0615 AF            [ 4] 1330 	xor	a, a
   0616 32r00s00      [13] 1331 	ld	(#_success), a
                           1332 ; common peephole 19 loaded (#_success) from a directly instead of using hl.
                           1333 ;	genLabel
   0619                    1334 00102$:
                           1335 ;	genPlus
                           1336 ;	genMove_o size 2 result type 2 source type 10 a_dead 1 hl_dead 1 de_dead 1 iy_dead 1 f_dead 1
   0619 2Ar00s00      [16] 1337 	ld	hl, (___numTests)
   061C 23            [ 6] 1338 	inc	hl
                           1339 ;	genMove_o size 2 result type 10 source type 2 a_dead 1 hl_dead 1 de_dead 1 iy_dead 1 f_dead 1
   061D 22r00s00      [16] 1340 	ld	(___numTests), hl
                           1341 ;	genIfx
                           1342 ; common peephole 61 used hl instead of iy.
                           1343 ; common peephole 130a removed unnecessary +0 from constant
   0620 21r00s00      [10] 1344 	ld	hl, #_success
   0623 CB 46         [12] 1345 	bit	0, (hl)
                           1346 ; common peephole 163 changed absolute to relative conditional jump.
   0625 20 11         [12] 1347 	jr	nz, 00110$
                           1348 ;	skipping iCode since result will be rematerialized
                           1349 ;	skipping iCode since result will be rematerialized
                           1350 ;	skipping iCode since result will be rematerialized
                           1351 ;	skipping iCode since result will be rematerialized
                           1352 ;	skipping iCode since result will be rematerialized
                           1353 ;	skipping iCode since result will be rematerialized
                           1354 ;	genIpush
                           1355 ;	genMove_o size 2 result type 2 source type 1 a_dead 1 hl_dead 1 de_dead 1 iy_dead 1 f_dead 1
   0627 21 6F 01      [10] 1356 	ld	hl, #0x016f
   062A E5            [11] 1357 	push	hl
                           1358 ;	genIpush
                           1359 ;	genMove_o size 2 result type 2 source type 7 a_dead 1 hl_dead 1 de_dead 1 iy_dead 1 f_dead 1
   062B 21r9Bs06      [10] 1360 	ld	hl, #___str_20
   062E E5            [11] 1361 	push	hl
                           1362 ;	genSend
                           1363 ;	genMove_o size 2 result type 2 source type 7 a_dead 1 hl_dead 1 de_dead 1 iy_dead 1 f_dead 1
   062F 11r93s06      [10] 1364 	ld	de, #___str_19
                           1365 ;	genSend
                           1366 ;	genMove_o size 2 result type 2 source type 7 a_dead 1 hl_dead 1 de_dead 0 iy_dead 1 f_dead 1
   0632 21r82s06      [10] 1367 	ld	hl, #___str_18
                           1368 ;	genCall
   0635 CDr00s00      [17] 1369 	call	___fail
                           1370 ;	genLabel
   0638                    1371 00110$:
                           1372 ;cases/bitfields-nibbles/bitfields-nibbles_operation_0_pattern_1_varType_2.c:368: TEST(high, 0xF0);
                           1373 ;	genAssign
                           1374 ;	genMove_o size 1 result type 11 source type 1 a_dead 1 hl_dead 1 de_dead 1 iy_dead 1 f_dead 1
   0638 21r00s00      [10] 1375 	ld	hl, #_success
   063B 36 01         [10] 1376 	ld	(hl), #0x01
                           1377 ;	genAssign
                           1378 ;	genMove_o size 2 result type 2 source type 1 a_dead 1 hl_dead 1 de_dead 1 iy_dead 1 f_dead 1
   063D 01 04 CA      [10] 1379 	ld	bc, #0xca04
                           1380 ;	genPointerSet
   0640 0A            [ 7] 1381 	ld	a, (bc)
   0641 F6 0F         [ 7] 1382 	or	a, #0x0f
   0643 02            [ 7] 1383 	ld	(bc), a
                           1384 ;	genAssign
                           1385 ;	genMove_o size 2 result type 2 source type 1 a_dead 1 hl_dead 1 de_dead 1 iy_dead 1 f_dead 1
   0644 01 04 CA      [10] 1386 	ld	bc, #0xca04
                           1387 ;	genPointerSet
   0647 0A            [ 7] 1388 	ld	a, (bc)
   0648 E6 0F         [ 7] 1389 	and	a, #0x0f
   064A 02            [ 7] 1390 	ld	(bc), a
                           1391 ;	genPointerGet
   064B 3A 04 CA      [13] 1392 	ld	a, (#0xca04)
   064E 07            [ 4] 1393 	rlca
   064F 07            [ 4] 1394 	rlca
   0650 07            [ 4] 1395 	rlca
   0651 07            [ 4] 1396 	rlca
                           1397 ;	genIfx
   0652 E6 0F         [ 7] 1398 	and	a, #0x0f
                           1399 ; common peephole 100 removed redundant or after and.
                           1400 ; common peephole 163 changed absolute to relative conditional jump.
   0654 20 09         [12] 1401 	jr	nz, 00104$
                           1402 ;	genPointerGet
   0656 3A 04 CA      [13] 1403 	ld	a, (#0xca04)
   0659 E6 0F         [ 7] 1404 	and	a, #0x0f
                           1405 ;	genCmpEq
   065B FE 0F         [ 7] 1406 	cp	a, #0x0f
                           1407 ; common peephole 163 changed absolute to relative conditional jump.
   065D 28 04         [12] 1408 	jr	z, 00105$
                           1409 ; common peephole 81 removed jp by using inverse jump logic
                           1410 ; common peephole 159 removed unused label 00148$.
                           1411 ;	skipping generated iCode
                           1412 ;	genLabel
   065F                    1413 00104$:
                           1414 ;	genAssign
                           1415 ;	genMove_o size 1 result type 11 source type 1 a_dead 1 hl_dead 1 de_dead 1 iy_dead 1 f_dead 1
   065F AF            [ 4] 1416 	xor	a, a
   0660 32r00s00      [13] 1417 	ld	(#_success), a
                           1418 ; common peephole 19 loaded (#_success) from a directly instead of using hl.
                           1419 ;	genLabel
   0663                    1420 00105$:
                           1421 ;	genPlus
                           1422 ;	genMove_o size 2 result type 2 source type 10 a_dead 1 hl_dead 1 de_dead 1 iy_dead 1 f_dead 1
   0663 2Ar00s00      [16] 1423 	ld	hl, (___numTests)
   0666 23            [ 6] 1424 	inc	hl
                           1425 ;	genMove_o size 2 result type 10 source type 2 a_dead 1 hl_dead 1 de_dead 1 iy_dead 1 f_dead 1
   0667 22r00s00      [16] 1426 	ld	(___numTests), hl
                           1427 ;	genIfx
                           1428 ; common peephole 61 used hl instead of iy.
                           1429 ; common peephole 130a removed unnecessary +0 from constant
   066A 21r00s00      [10] 1430 	ld	hl, #_success
   066D CB 46         [12] 1431 	bit	0, (hl)
   066F C0            [11] 1432 	ret	nz
                           1433 ; common peephole 161 replaced jump by return.
                           1434 ;	skipping iCode since result will be rematerialized
                           1435 ;	skipping iCode since result will be rematerialized
                           1436 ;	skipping iCode since result will be rematerialized
                           1437 ;	skipping iCode since result will be rematerialized
                           1438 ;	skipping iCode since result will be rematerialized
                           1439 ;	skipping iCode since result will be rematerialized
                           1440 ;	genIpush
                           1441 ;	genMove_o size 2 result type 2 source type 1 a_dead 1 hl_dead 1 de_dead 1 iy_dead 1 f_dead 1
   0670 21 70 01      [10] 1442 	ld	hl, #0x0170
   0673 E5            [11] 1443 	push	hl
                           1444 ;	genIpush
                           1445 ;	genMove_o size 2 result type 2 source type 7 a_dead 1 hl_dead 1 de_dead 1 iy_dead 1 f_dead 1
   0674 21r9Bs06      [10] 1446 	ld	hl, #___str_20
   0677 E5            [11] 1447 	push	hl
                           1448 ;	genSend
                           1449 ;	genMove_o size 2 result type 2 source type 7 a_dead 1 hl_dead 1 de_dead 1 iy_dead 1 f_dead 1
   0678 11r93s06      [10] 1450 	ld	de, #___str_19
                           1451 ;	genSend
                           1452 ;	genMove_o size 2 result type 2 source type 7 a_dead 1 hl_dead 1 de_dead 0 iy_dead 1 f_dead 1
   067B 21r82s06      [10] 1453 	ld	hl, #___str_18
                           1454 ;	genCall
   067E CDr00s00      [17] 1455 	call	___fail
                           1456 ;	genLabel
                           1457 ; common peephole 159 removed unused label 00107$.
                           1458 ;cases/bitfields-nibbles/bitfields-nibbles_operation_0_pattern_1_varType_2.c:369: }
                           1459 ;	genEndFunction
   0681 C9            [10] 1460 	ret
                           1461 ;	Total nibble_op_test_high1_2 function size at codegen: 9 bytes.
   0682                    1462 ___str_18:
   0682 41 73 73 65 72 74  1463 	.ascii "Assertion failed"
        69 6F 6E 20 66 61
        69 6C 65 64
   0692 00                 1464 	.db 0x00
   0693                    1465 ___str_19:
   0693 73 75 63 63 65 73  1466 	.ascii "success"
        73
   069A 00                 1467 	.db 0x00
   069B                    1468 ___str_20:
   069B 63 61 73 65 73 2F  1469 	.ascii "cases/bitfields-nibbles/bitfields-nibbles_operation_0_patter"
        62 69 74 66 69 65
        6C 64 73 2D 6E 69
        62 62 6C 65 73 2F
        62 69 74 66 69 65
        6C 64 73 2D 6E 69
        62 62 6C 65 73 5F
        6F 70 65 72 61 74
        69 6F 6E 5F 30 5F
        70 61 74 74 65 72
   06D7 6E 5F 31 5F 76 61  1470 	.ascii "n_1_varType_2.c"
        72 54 79 70 65 5F
        32 2E 63
   06E6 00                 1471 	.db 0x00
                           1472 ;cases/bitfields-nibbles/bitfields-nibbles_operation_0_pattern_1_varType_2.c:371: nibble_op_test_high2_1(void)
                           1473 ;	genLabel
                           1474 ;	genFunction
                           1475 ;	---------------------------------
                           1476 ; Function nibble_op_test_high2_1
                           1477 ; ---------------------------------
                           1478 ;	Register assignment might be sub-optimal.
                           1479 ; Stack space usage: 0 bytes.
   06E7                    1480 _nibble_op_test_high2_1:
                           1481 ;cases/bitfields-nibbles/bitfields-nibbles_operation_0_pattern_1_varType_2.c:374: TEST(high, 0x01);
                           1482 ;	genAssign
                           1483 ;	genMove_o size 1 result type 11 source type 1 a_dead 1 hl_dead 1 de_dead 1 iy_dead 1 f_dead 1
   06E7 21r00s00      [10] 1484 	ld	hl, #_success
   06EA 36 01         [10] 1485 	ld	(hl), #0x01
                           1486 ;	genAssign
                           1487 ;	genMove_o size 2 result type 2 source type 1 a_dead 1 hl_dead 1 de_dead 1 iy_dead 1 f_dead 1
   06EC 01 04 CA      [10] 1488 	ld	bc, #0xca04
                           1489 ;	genPointerSet
   06EF 0A            [ 7] 1490 	ld	a, (bc)
   06F0 F6 0F         [ 7] 1491 	or	a, #0x0f
   06F2 02            [ 7] 1492 	ld	(bc), a
                           1493 ;	genAssign
                           1494 ;	genMove_o size 2 result type 2 source type 1 a_dead 1 hl_dead 1 de_dead 1 iy_dead 1 f_dead 1
   06F3 01 04 CA      [10] 1495 	ld	bc, #0xca04
                           1496 ;	genPointerSet
   06F6 0A            [ 7] 1497 	ld	a, (bc)
   06F7 E6 0F         [ 7] 1498 	and	a, #0x0f
   06F9 F6 10         [ 7] 1499 	or	a, #0x10
   06FB 02            [ 7] 1500 	ld	(bc), a
                           1501 ;	genPointerGet
   06FC 3A 04 CA      [13] 1502 	ld	a, (#0xca04)
   06FF 07            [ 4] 1503 	rlca
   0700 07            [ 4] 1504 	rlca
   0701 07            [ 4] 1505 	rlca
   0702 07            [ 4] 1506 	rlca
   0703 E6 0F         [ 7] 1507 	and	a, #0x0f
                           1508 ;	genCmpEq
   0705 FE 01         [ 7] 1509 	cp	a, #0x01
                           1510 ; common peephole 81 removed jp by using inverse jump logic
                           1511 ; common peephole 159 removed unused label 00145$.
                           1512 ; common peephole 163 changed absolute to relative conditional jump.
   0707 20 09         [12] 1513 	jr	nz, 00101$
                           1514 ; common peephole 82 removed jp by using inverse jump logic
                           1515 ; common peephole 159 removed unused label 00146$.
                           1516 ;	skipping generated iCode
                           1517 ;	genPointerGet
   0709 3A 04 CA      [13] 1518 	ld	a, (#0xca04)
   070C E6 0F         [ 7] 1519 	and	a, #0x0f
                           1520 ;	genCmpEq
   070E FE 0F         [ 7] 1521 	cp	a, #0x0f
                           1522 ; common peephole 163 changed absolute to relative conditional jump.
   0710 28 04         [12] 1523 	jr	z, 00102$
                           1524 ; common peephole 81 removed jp by using inverse jump logic
                           1525 ; common peephole 159 removed unused label 00147$.
                           1526 ;	skipping generated iCode
                           1527 ;	genLabel
   0712                    1528 00101$:
                           1529 ;	genAssign
                           1530 ;	genMove_o size 1 result type 11 source type 1 a_dead 1 hl_dead 1 de_dead 1 iy_dead 1 f_dead 1
   0712 AF            [ 4] 1531 	xor	a, a
   0713 32r00s00      [13] 1532 	ld	(#_success), a
                           1533 ; common peephole 19 loaded (#_success) from a directly instead of using hl.
                           1534 ;	genLabel
   0716                    1535 00102$:
                           1536 ;	genPlus
                           1537 ;	genMove_o size 2 result type 2 source type 10 a_dead 1 hl_dead 1 de_dead 1 iy_dead 1 f_dead 1
   0716 2Ar00s00      [16] 1538 	ld	hl, (___numTests)
   0719 23            [ 6] 1539 	inc	hl
                           1540 ;	genMove_o size 2 result type 10 source type 2 a_dead 1 hl_dead 1 de_dead 1 iy_dead 1 f_dead 1
   071A 22r00s00      [16] 1541 	ld	(___numTests), hl
                           1542 ;	genIfx
                           1543 ; common peephole 61 used hl instead of iy.
                           1544 ; common peephole 130a removed unnecessary +0 from constant
   071D 21r00s00      [10] 1545 	ld	hl, #_success
   0720 CB 46         [12] 1546 	bit	0, (hl)
                           1547 ; common peephole 163 changed absolute to relative conditional jump.
   0722 20 11         [12] 1548 	jr	nz, 00110$
                           1549 ;	skipping iCode since result will be rematerialized
                           1550 ;	skipping iCode since result will be rematerialized
                           1551 ;	skipping iCode since result will be rematerialized
                           1552 ;	skipping iCode since result will be rematerialized
                           1553 ;	skipping iCode since result will be rematerialized
                           1554 ;	skipping iCode since result will be rematerialized
                           1555 ;	genIpush
                           1556 ;	genMove_o size 2 result type 2 source type 1 a_dead 1 hl_dead 1 de_dead 1 iy_dead 1 f_dead 1
   0724 21 76 01      [10] 1557 	ld	hl, #0x0176
   0727 E5            [11] 1558 	push	hl
                           1559 ;	genIpush
                           1560 ;	genMove_o size 2 result type 2 source type 7 a_dead 1 hl_dead 1 de_dead 1 iy_dead 1 f_dead 1
   0728 21r9Cs07      [10] 1561 	ld	hl, #___str_23
   072B E5            [11] 1562 	push	hl
                           1563 ;	genSend
                           1564 ;	genMove_o size 2 result type 2 source type 7 a_dead 1 hl_dead 1 de_dead 1 iy_dead 1 f_dead 1
   072C 11r94s07      [10] 1565 	ld	de, #___str_22
                           1566 ;	genSend
                           1567 ;	genMove_o size 2 result type 2 source type 7 a_dead 1 hl_dead 1 de_dead 0 iy_dead 1 f_dead 1
   072F 21r83s07      [10] 1568 	ld	hl, #___str_21
                           1569 ;	genCall
   0732 CDr00s00      [17] 1570 	call	___fail
                           1571 ;	genLabel
   0735                    1572 00110$:
                           1573 ;cases/bitfields-nibbles/bitfields-nibbles_operation_0_pattern_1_varType_2.c:375: TEST(high, 0x02);
                           1574 ;	genAssign
                           1575 ;	genMove_o size 1 result type 11 source type 1 a_dead 1 hl_dead 1 de_dead 1 iy_dead 1 f_dead 1
   0735 21r00s00      [10] 1576 	ld	hl, #_success
   0738 36 01         [10] 1577 	ld	(hl), #0x01
                           1578 ;	genAssign
                           1579 ;	genMove_o size 2 result type 2 source type 1 a_dead 1 hl_dead 1 de_dead 1 iy_dead 1 f_dead 1
   073A 01 04 CA      [10] 1580 	ld	bc, #0xca04
                           1581 ;	genPointerSet
   073D 0A            [ 7] 1582 	ld	a, (bc)
   073E F6 0F         [ 7] 1583 	or	a, #0x0f
   0740 02            [ 7] 1584 	ld	(bc), a
                           1585 ;	genAssign
                           1586 ;	genMove_o size 2 result type 2 source type 1 a_dead 1 hl_dead 1 de_dead 1 iy_dead 1 f_dead 1
   0741 01 04 CA      [10] 1587 	ld	bc, #0xca04
                           1588 ;	genPointerSet
   0744 0A            [ 7] 1589 	ld	a, (bc)
   0745 E6 0F         [ 7] 1590 	and	a, #0x0f
   0747 F6 20         [ 7] 1591 	or	a, #0x20
   0749 02            [ 7] 1592 	ld	(bc), a
                           1593 ;	genPointerGet
   074A 3A 04 CA      [13] 1594 	ld	a, (#0xca04)
   074D 07            [ 4] 1595 	rlca
   074E 07            [ 4] 1596 	rlca
   074F 07            [ 4] 1597 	rlca
   0750 07            [ 4] 1598 	rlca
   0751 E6 0F         [ 7] 1599 	and	a, #0x0f
                           1600 ;	genCast
                           1601 ;	(locations are the same)
                           1602 ;	genCmpEq
   0753 FE 02         [ 7] 1603 	cp	a, #0x02
                           1604 ; common peephole 81 removed jp by using inverse jump logic
                           1605 ; common peephole 159 removed unused label 00148$.
                           1606 ; common peephole 163 changed absolute to relative conditional jump.
   0755 20 09         [12] 1607 	jr	nz, 00104$
                           1608 ; common peephole 82 removed jp by using inverse jump logic
                           1609 ; common peephole 159 removed unused label 00149$.
                           1610 ;	skipping generated iCode
                           1611 ;	genPointerGet
   0757 3A 04 CA      [13] 1612 	ld	a, (#0xca04)
   075A E6 0F         [ 7] 1613 	and	a, #0x0f
                           1614 ;	genCmpEq
   075C FE 0F         [ 7] 1615 	cp	a, #0x0f
                           1616 ; common peephole 163 changed absolute to relative conditional jump.
   075E 28 04         [12] 1617 	jr	z, 00105$
                           1618 ; common peephole 81 removed jp by using inverse jump logic
                           1619 ; common peephole 159 removed unused label 00150$.
                           1620 ;	skipping generated iCode
                           1621 ;	genLabel
   0760                    1622 00104$:
                           1623 ;	genAssign
                           1624 ;	genMove_o size 1 result type 11 source type 1 a_dead 1 hl_dead 1 de_dead 1 iy_dead 1 f_dead 1
   0760 AF            [ 4] 1625 	xor	a, a
   0761 32r00s00      [13] 1626 	ld	(#_success), a
                           1627 ; common peephole 19 loaded (#_success) from a directly instead of using hl.
                           1628 ;	genLabel
   0764                    1629 00105$:
                           1630 ;	genPlus
                           1631 ;	genMove_o size 2 result type 2 source type 10 a_dead 1 hl_dead 1 de_dead 1 iy_dead 1 f_dead 1
   0764 2Ar00s00      [16] 1632 	ld	hl, (___numTests)
   0767 23            [ 6] 1633 	inc	hl
                           1634 ;	genMove_o size 2 result type 10 source type 2 a_dead 1 hl_dead 1 de_dead 1 iy_dead 1 f_dead 1
   0768 22r00s00      [16] 1635 	ld	(___numTests), hl
                           1636 ;	genIfx
                           1637 ; common peephole 61 used hl instead of iy.
                           1638 ; common peephole 130a removed unnecessary +0 from constant
   076B 21r00s00      [10] 1639 	ld	hl, #_success
   076E CB 46         [12] 1640 	bit	0, (hl)
   0770 C0            [11] 1641 	ret	nz
                           1642 ; common peephole 161 replaced jump by return.
                           1643 ;	skipping iCode since result will be rematerialized
                           1644 ;	skipping iCode since result will be rematerialized
                           1645 ;	skipping iCode since result will be rematerialized
                           1646 ;	skipping iCode since result will be rematerialized
                           1647 ;	skipping iCode since result will be rematerialized
                           1648 ;	skipping iCode since result will be rematerialized
                           1649 ;	genIpush
                           1650 ;	genMove_o size 2 result type 2 source type 1 a_dead 1 hl_dead 1 de_dead 1 iy_dead 1 f_dead 1
   0771 21 77 01      [10] 1651 	ld	hl, #0x0177
   0774 E5            [11] 1652 	push	hl
                           1653 ;	genIpush
                           1654 ;	genMove_o size 2 result type 2 source type 7 a_dead 1 hl_dead 1 de_dead 1 iy_dead 1 f_dead 1
   0775 21r9Cs07      [10] 1655 	ld	hl, #___str_23
   0778 E5            [11] 1656 	push	hl
                           1657 ;	genSend
                           1658 ;	genMove_o size 2 result type 2 source type 7 a_dead 1 hl_dead 1 de_dead 1 iy_dead 1 f_dead 1
   0779 11r94s07      [10] 1659 	ld	de, #___str_22
                           1660 ;	genSend
                           1661 ;	genMove_o size 2 result type 2 source type 7 a_dead 1 hl_dead 1 de_dead 0 iy_dead 1 f_dead 1
   077C 21r83s07      [10] 1662 	ld	hl, #___str_21
                           1663 ;	genCall
   077F CDr00s00      [17] 1664 	call	___fail
                           1665 ;	genLabel
                           1666 ; common peephole 159 removed unused label 00107$.
                           1667 ;cases/bitfields-nibbles/bitfields-nibbles_operation_0_pattern_1_varType_2.c:376: }
                           1668 ;	genEndFunction
   0782 C9            [10] 1669 	ret
                           1670 ;	Total nibble_op_test_high2_1 function size at codegen: 9 bytes.
   0783                    1671 ___str_21:
   0783 41 73 73 65 72 74  1672 	.ascii "Assertion failed"
        69 6F 6E 20 66 61
        69 6C 65 64
   0793 00                 1673 	.db 0x00
   0794                    1674 ___str_22:
   0794 73 75 63 63 65 73  1675 	.ascii "success"
        73
   079B 00                 1676 	.db 0x00
   079C                    1677 ___str_23:
   079C 63 61 73 65 73 2F  1678 	.ascii "cases/bitfields-nibbles/bitfields-nibbles_operation_0_patter"
        62 69 74 66 69 65
        6C 64 73 2D 6E 69
        62 62 6C 65 73 2F
        62 69 74 66 69 65
        6C 64 73 2D 6E 69
        62 62 6C 65 73 5F
        6F 70 65 72 61 74
        69 6F 6E 5F 30 5F
        70 61 74 74 65 72
   07D8 6E 5F 31 5F 76 61  1679 	.ascii "n_1_varType_2.c"
        72 54 79 70 65 5F
        32 2E 63
   07E7 00                 1680 	.db 0x00
                           1681 ;cases/bitfields-nibbles/bitfields-nibbles_operation_0_pattern_1_varType_2.c:387: nibble_op_test_high3_1(void)
                           1682 ;	genLabel
                           1683 ;	genFunction
                           1684 ;	---------------------------------
                           1685 ; Function nibble_op_test_high3_1
                           1686 ; ---------------------------------
                           1687 ;	Register assignment might be sub-optimal.
                           1688 ; Stack space usage: 0 bytes.
   07E8                    1689 _nibble_op_test_high3_1:
                           1690 ;cases/bitfields-nibbles/bitfields-nibbles_operation_0_pattern_1_varType_2.c:390: TEST(high, 0x0E);
                           1691 ;	genAssign
                           1692 ;	genMove_o size 1 result type 11 source type 1 a_dead 1 hl_dead 1 de_dead 1 iy_dead 1 f_dead 1
   07E8 21r00s00      [10] 1693 	ld	hl, #_success
   07EB 36 01         [10] 1694 	ld	(hl), #0x01
                           1695 ;	genAssign
                           1696 ;	genMove_o size 2 result type 2 source type 1 a_dead 1 hl_dead 1 de_dead 1 iy_dead 1 f_dead 1
   07ED 01 04 CA      [10] 1697 	ld	bc, #0xca04
                           1698 ;	genPointerSet
   07F0 0A            [ 7] 1699 	ld	a, (bc)
   07F1 F6 0F         [ 7] 1700 	or	a, #0x0f
   07F3 02            [ 7] 1701 	ld	(bc), a
                           1702 ;	genAssign
                           1703 ;	genMove_o size 2 result type 2 source type 1 a_dead 1 hl_dead 1 de_dead 1 iy_dead 1 f_dead 1
   07F4 01 04 CA      [10] 1704 	ld	bc, #0xca04
                           1705 ;	genPointerSet
   07F7 0A            [ 7] 1706 	ld	a, (bc)
   07F8 E6 0F         [ 7] 1707 	and	a, #0x0f
   07FA F6 E0         [ 7] 1708 	or	a, #0xe0
   07FC 02            [ 7] 1709 	ld	(bc), a
                           1710 ;	genPointerGet
   07FD 3A 04 CA      [13] 1711 	ld	a, (#0xca04)
   0800 07            [ 4] 1712 	rlca
   0801 07            [ 4] 1713 	rlca
   0802 07            [ 4] 1714 	rlca
   0803 07            [ 4] 1715 	rlca
   0804 E6 0F         [ 7] 1716 	and	a, #0x0f
                           1717 ;	genCast
                           1718 ;	(locations are the same)
                           1719 ;	genCmpEq
   0806 FE 0E         [ 7] 1720 	cp	a, #0x0e
                           1721 ; common peephole 81 removed jp by using inverse jump logic
                           1722 ; common peephole 159 removed unused label 00145$.
                           1723 ; common peephole 163 changed absolute to relative conditional jump.
   0808 20 09         [12] 1724 	jr	nz, 00101$
                           1725 ; common peephole 82 removed jp by using inverse jump logic
                           1726 ; common peephole 159 removed unused label 00146$.
                           1727 ;	skipping generated iCode
                           1728 ;	genPointerGet
   080A 3A 04 CA      [13] 1729 	ld	a, (#0xca04)
   080D E6 0F         [ 7] 1730 	and	a, #0x0f
                           1731 ;	genCmpEq
   080F FE 0F         [ 7] 1732 	cp	a, #0x0f
                           1733 ; common peephole 163 changed absolute to relative conditional jump.
   0811 28 04         [12] 1734 	jr	z, 00102$
                           1735 ; common peephole 81 removed jp by using inverse jump logic
                           1736 ; common peephole 159 removed unused label 00147$.
                           1737 ;	skipping generated iCode
                           1738 ;	genLabel
   0813                    1739 00101$:
                           1740 ;	genAssign
                           1741 ;	genMove_o size 1 result type 11 source type 1 a_dead 1 hl_dead 1 de_dead 1 iy_dead 1 f_dead 1
   0813 AF            [ 4] 1742 	xor	a, a
   0814 32r00s00      [13] 1743 	ld	(#_success), a
                           1744 ; common peephole 19 loaded (#_success) from a directly instead of using hl.
                           1745 ;	genLabel
   0817                    1746 00102$:
                           1747 ;	genPlus
                           1748 ;	genMove_o size 2 result type 2 source type 10 a_dead 1 hl_dead 1 de_dead 1 iy_dead 1 f_dead 1
   0817 2Ar00s00      [16] 1749 	ld	hl, (___numTests)
   081A 23            [ 6] 1750 	inc	hl
                           1751 ;	genMove_o size 2 result type 10 source type 2 a_dead 1 hl_dead 1 de_dead 1 iy_dead 1 f_dead 1
   081B 22r00s00      [16] 1752 	ld	(___numTests), hl
                           1753 ;	genIfx
                           1754 ; common peephole 61 used hl instead of iy.
                           1755 ; common peephole 130a removed unnecessary +0 from constant
   081E 21r00s00      [10] 1756 	ld	hl, #_success
   0821 CB 46         [12] 1757 	bit	0, (hl)
                           1758 ; common peephole 163 changed absolute to relative conditional jump.
   0823 20 11         [12] 1759 	jr	nz, 00110$
                           1760 ;	skipping iCode since result will be rematerialized
                           1761 ;	skipping iCode since result will be rematerialized
                           1762 ;	skipping iCode since result will be rematerialized
                           1763 ;	skipping iCode since result will be rematerialized
                           1764 ;	skipping iCode since result will be rematerialized
                           1765 ;	skipping iCode since result will be rematerialized
                           1766 ;	genIpush
                           1767 ;	genMove_o size 2 result type 2 source type 1 a_dead 1 hl_dead 1 de_dead 1 iy_dead 1 f_dead 1
   0825 21 86 01      [10] 1768 	ld	hl, #0x0186
   0828 E5            [11] 1769 	push	hl
                           1770 ;	genIpush
                           1771 ;	genMove_o size 2 result type 2 source type 7 a_dead 1 hl_dead 1 de_dead 1 iy_dead 1 f_dead 1
   0829 21r9Ds08      [10] 1772 	ld	hl, #___str_26
   082C E5            [11] 1773 	push	hl
                           1774 ;	genSend
                           1775 ;	genMove_o size 2 result type 2 source type 7 a_dead 1 hl_dead 1 de_dead 1 iy_dead 1 f_dead 1
   082D 11r95s08      [10] 1776 	ld	de, #___str_25
                           1777 ;	genSend
                           1778 ;	genMove_o size 2 result type 2 source type 7 a_dead 1 hl_dead 1 de_dead 0 iy_dead 1 f_dead 1
   0830 21r84s08      [10] 1779 	ld	hl, #___str_24
                           1780 ;	genCall
   0833 CDr00s00      [17] 1781 	call	___fail
                           1782 ;	genLabel
   0836                    1783 00110$:
                           1784 ;cases/bitfields-nibbles/bitfields-nibbles_operation_0_pattern_1_varType_2.c:391: TEST(high, 0x0D);
                           1785 ;	genAssign
                           1786 ;	genMove_o size 1 result type 11 source type 1 a_dead 1 hl_dead 1 de_dead 1 iy_dead 1 f_dead 1
   0836 21r00s00      [10] 1787 	ld	hl, #_success
   0839 36 01         [10] 1788 	ld	(hl), #0x01
                           1789 ;	genAssign
                           1790 ;	genMove_o size 2 result type 2 source type 1 a_dead 1 hl_dead 1 de_dead 1 iy_dead 1 f_dead 1
   083B 01 04 CA      [10] 1791 	ld	bc, #0xca04
                           1792 ;	genPointerSet
   083E 0A            [ 7] 1793 	ld	a, (bc)
   083F F6 0F         [ 7] 1794 	or	a, #0x0f
   0841 02            [ 7] 1795 	ld	(bc), a
                           1796 ;	genAssign
                           1797 ;	genMove_o size 2 result type 2 source type 1 a_dead 1 hl_dead 1 de_dead 1 iy_dead 1 f_dead 1
   0842 01 04 CA      [10] 1798 	ld	bc, #0xca04
                           1799 ;	genPointerSet
   0845 0A            [ 7] 1800 	ld	a, (bc)
   0846 E6 0F         [ 7] 1801 	and	a, #0x0f
   0848 F6 D0         [ 7] 1802 	or	a, #0xd0
   084A 02            [ 7] 1803 	ld	(bc), a
                           1804 ;	genPointerGet
   084B 3A 04 CA      [13] 1805 	ld	a, (#0xca04)
   084E 07            [ 4] 1806 	rlca
   084F 07            [ 4] 1807 	rlca
   0850 07            [ 4] 1808 	rlca
   0851 07            [ 4] 1809 	rlca
   0852 E6 0F         [ 7] 1810 	and	a, #0x0f
                           1811 ;	genCast
                           1812 ;	(locations are the same)
                           1813 ;	genCmpEq
   0854 FE 0D         [ 7] 1814 	cp	a, #0x0d
                           1815 ; common peephole 81 removed jp by using inverse jump logic
                           1816 ; common peephole 159 removed unused label 00148$.
                           1817 ; common peephole 163 changed absolute to relative conditional jump.
   0856 20 09         [12] 1818 	jr	nz, 00104$
                           1819 ; common peephole 82 removed jp by using inverse jump logic
                           1820 ; common peephole 159 removed unused label 00149$.
                           1821 ;	skipping generated iCode
                           1822 ;	genPointerGet
   0858 3A 04 CA      [13] 1823 	ld	a, (#0xca04)
   085B E6 0F         [ 7] 1824 	and	a, #0x0f
                           1825 ;	genCmpEq
   085D FE 0F         [ 7] 1826 	cp	a, #0x0f
                           1827 ; common peephole 163 changed absolute to relative conditional jump.
   085F 28 04         [12] 1828 	jr	z, 00105$
                           1829 ; common peephole 81 removed jp by using inverse jump logic
                           1830 ; common peephole 159 removed unused label 00150$.
                           1831 ;	skipping generated iCode
                           1832 ;	genLabel
   0861                    1833 00104$:
                           1834 ;	genAssign
                           1835 ;	genMove_o size 1 result type 11 source type 1 a_dead 1 hl_dead 1 de_dead 1 iy_dead 1 f_dead 1
   0861 AF            [ 4] 1836 	xor	a, a
   0862 32r00s00      [13] 1837 	ld	(#_success), a
                           1838 ; common peephole 19 loaded (#_success) from a directly instead of using hl.
                           1839 ;	genLabel
   0865                    1840 00105$:
                           1841 ;	genPlus
                           1842 ;	genMove_o size 2 result type 2 source type 10 a_dead 1 hl_dead 1 de_dead 1 iy_dead 1 f_dead 1
   0865 2Ar00s00      [16] 1843 	ld	hl, (___numTests)
   0868 23            [ 6] 1844 	inc	hl
                           1845 ;	genMove_o size 2 result type 10 source type 2 a_dead 1 hl_dead 1 de_dead 1 iy_dead 1 f_dead 1
   0869 22r00s00      [16] 1846 	ld	(___numTests), hl
                           1847 ;	genIfx
                           1848 ; common peephole 61 used hl instead of iy.
                           1849 ; common peephole 130a removed unnecessary +0 from constant
   086C 21r00s00      [10] 1850 	ld	hl, #_success
   086F CB 46         [12] 1851 	bit	0, (hl)
   0871 C0            [11] 1852 	ret	nz
                           1853 ; common peephole 161 replaced jump by return.
                           1854 ;	skipping iCode since result will be rematerialized
                           1855 ;	skipping iCode since result will be rematerialized
                           1856 ;	skipping iCode since result will be rematerialized
                           1857 ;	skipping iCode since result will be rematerialized
                           1858 ;	skipping iCode since result will be rematerialized
                           1859 ;	skipping iCode since result will be rematerialized
                           1860 ;	genIpush
                           1861 ;	genMove_o size 2 result type 2 source type 1 a_dead 1 hl_dead 1 de_dead 1 iy_dead 1 f_dead 1
   0872 21 87 01      [10] 1862 	ld	hl, #0x0187
   0875 E5            [11] 1863 	push	hl
                           1864 ;	genIpush
                           1865 ;	genMove_o size 2 result type 2 source type 7 a_dead 1 hl_dead 1 de_dead 1 iy_dead 1 f_dead 1
   0876 21r9Ds08      [10] 1866 	ld	hl, #___str_26
   0879 E5            [11] 1867 	push	hl
                           1868 ;	genSend
                           1869 ;	genMove_o size 2 result type 2 source type 7 a_dead 1 hl_dead 1 de_dead 1 iy_dead 1 f_dead 1
   087A 11r95s08      [10] 1870 	ld	de, #___str_25
                           1871 ;	genSend
                           1872 ;	genMove_o size 2 result type 2 source type 7 a_dead 1 hl_dead 1 de_dead 0 iy_dead 1 f_dead 1
   087D 21r84s08      [10] 1873 	ld	hl, #___str_24
                           1874 ;	genCall
   0880 CDr00s00      [17] 1875 	call	___fail
                           1876 ;	genLabel
                           1877 ; common peephole 159 removed unused label 00107$.
                           1878 ;cases/bitfields-nibbles/bitfields-nibbles_operation_0_pattern_1_varType_2.c:392: }
                           1879 ;	genEndFunction
   0883 C9            [10] 1880 	ret
                           1881 ;	Total nibble_op_test_high3_1 function size at codegen: 9 bytes.
   0884                    1882 ___str_24:
   0884 41 73 73 65 72 74  1883 	.ascii "Assertion failed"
        69 6F 6E 20 66 61
        69 6C 65 64
   0894 00                 1884 	.db 0x00
   0895                    1885 ___str_25:
   0895 73 75 63 63 65 73  1886 	.ascii "success"
        73
   089C 00                 1887 	.db 0x00
   089D                    1888 ___str_26:
   089D 63 61 73 65 73 2F  1889 	.ascii "cases/bitfields-nibbles/bitfields-nibbles_operation_0_patter"
        62 69 74 66 69 65
        6C 64 73 2D 6E 69
        62 62 6C 65 73 2F
        62 69 74 66 69 65
        6C 64 73 2D 6E 69
        62 62 6C 65 73 5F
        6F 70 65 72 61 74
        69 6F 6E 5F 30 5F
        70 61 74 74 65 72
   08D9 6E 5F 31 5F 76 61  1890 	.ascii "n_1_varType_2.c"
        72 54 79 70 65 5F
        32 2E 63
   08E8 00                 1891 	.db 0x00
                           1892 ;cases/bitfields-nibbles/bitfields-nibbles_operation_0_pattern_1_varType_2.c:403: nibble_op_test_high4_1(void)
                           1893 ;	genLabel
                           1894 ;	genFunction
                           1895 ;	---------------------------------
                           1896 ; Function nibble_op_test_high4_1
                           1897 ; ---------------------------------
                           1898 ;	Register assignment might be sub-optimal.
                           1899 ; Stack space usage: 0 bytes.
   08E9                    1900 _nibble_op_test_high4_1:
                           1901 ;cases/bitfields-nibbles/bitfields-nibbles_operation_0_pattern_1_varType_2.c:406: TEST(high, 0x10);
                           1902 ;	genAssign
                           1903 ;	genMove_o size 1 result type 11 source type 1 a_dead 1 hl_dead 1 de_dead 1 iy_dead 1 f_dead 1
   08E9 21r00s00      [10] 1904 	ld	hl, #_success
   08EC 36 01         [10] 1905 	ld	(hl), #0x01
                           1906 ;	genAssign
                           1907 ;	genMove_o size 2 result type 2 source type 1 a_dead 1 hl_dead 1 de_dead 1 iy_dead 1 f_dead 1
   08EE 01 04 CA      [10] 1908 	ld	bc, #0xca04
                           1909 ;	genPointerSet
   08F1 0A            [ 7] 1910 	ld	a, (bc)
   08F2 F6 0F         [ 7] 1911 	or	a, #0x0f
   08F4 02            [ 7] 1912 	ld	(bc), a
                           1913 ;	genAssign
                           1914 ;	genMove_o size 2 result type 2 source type 1 a_dead 1 hl_dead 1 de_dead 1 iy_dead 1 f_dead 1
   08F5 01 04 CA      [10] 1915 	ld	bc, #0xca04
                           1916 ;	genPointerSet
   08F8 0A            [ 7] 1917 	ld	a, (bc)
   08F9 E6 0F         [ 7] 1918 	and	a, #0x0f
   08FB 02            [ 7] 1919 	ld	(bc), a
                           1920 ;	genPointerGet
   08FC 3A 04 CA      [13] 1921 	ld	a, (#0xca04)
   08FF 07            [ 4] 1922 	rlca
   0900 07            [ 4] 1923 	rlca
   0901 07            [ 4] 1924 	rlca
   0902 07            [ 4] 1925 	rlca
                           1926 ;	genIfx
   0903 E6 0F         [ 7] 1927 	and	a, #0x0f
                           1928 ; common peephole 100 removed redundant or after and.
                           1929 ; common peephole 163 changed absolute to relative conditional jump.
   0905 20 09         [12] 1930 	jr	nz, 00101$
                           1931 ;	genPointerGet
   0907 3A 04 CA      [13] 1932 	ld	a, (#0xca04)
   090A E6 0F         [ 7] 1933 	and	a, #0x0f
                           1934 ;	genCmpEq
   090C FE 0F         [ 7] 1935 	cp	a, #0x0f
                           1936 ; common peephole 163 changed absolute to relative conditional jump.
   090E 28 04         [12] 1937 	jr	z, 00102$
                           1938 ; common peephole 81 removed jp by using inverse jump logic
                           1939 ; common peephole 159 removed unused label 00145$.
                           1940 ;	skipping generated iCode
                           1941 ;	genLabel
   0910                    1942 00101$:
                           1943 ;	genAssign
                           1944 ;	genMove_o size 1 result type 11 source type 1 a_dead 1 hl_dead 1 de_dead 1 iy_dead 1 f_dead 1
   0910 AF            [ 4] 1945 	xor	a, a
   0911 32r00s00      [13] 1946 	ld	(#_success), a
                           1947 ; common peephole 19 loaded (#_success) from a directly instead of using hl.
                           1948 ;	genLabel
   0914                    1949 00102$:
                           1950 ;	genPlus
                           1951 ;	genMove_o size 2 result type 2 source type 10 a_dead 1 hl_dead 1 de_dead 1 iy_dead 1 f_dead 1
   0914 2Ar00s00      [16] 1952 	ld	hl, (___numTests)
   0917 23            [ 6] 1953 	inc	hl
                           1954 ;	genMove_o size 2 result type 10 source type 2 a_dead 1 hl_dead 1 de_dead 1 iy_dead 1 f_dead 1
   0918 22r00s00      [16] 1955 	ld	(___numTests), hl
                           1956 ;	genIfx
                           1957 ; common peephole 61 used hl instead of iy.
                           1958 ; common peephole 130a removed unnecessary +0 from constant
   091B 21r00s00      [10] 1959 	ld	hl, #_success
   091E CB 46         [12] 1960 	bit	0, (hl)
                           1961 ; common peephole 163 changed absolute to relative conditional jump.
   0920 20 11         [12] 1962 	jr	nz, 00110$
                           1963 ;	skipping iCode since result will be rematerialized
                           1964 ;	skipping iCode since result will be rematerialized
                           1965 ;	skipping iCode since result will be rematerialized
                           1966 ;	skipping iCode since result will be rematerialized
                           1967 ;	skipping iCode since result will be rematerialized
                           1968 ;	skipping iCode since result will be rematerialized
                           1969 ;	genIpush
                           1970 ;	genMove_o size 2 result type 2 source type 1 a_dead 1 hl_dead 1 de_dead 1 iy_dead 1 f_dead 1
   0922 21 96 01      [10] 1971 	ld	hl, #0x0196
   0925 E5            [11] 1972 	push	hl
                           1973 ;	genIpush
                           1974 ;	genMove_o size 2 result type 2 source type 7 a_dead 1 hl_dead 1 de_dead 1 iy_dead 1 f_dead 1
   0926 21r96s09      [10] 1975 	ld	hl, #___str_29
   0929 E5            [11] 1976 	push	hl
                           1977 ;	genSend
                           1978 ;	genMove_o size 2 result type 2 source type 7 a_dead 1 hl_dead 1 de_dead 1 iy_dead 1 f_dead 1
   092A 11r8Es09      [10] 1979 	ld	de, #___str_28
                           1980 ;	genSend
                           1981 ;	genMove_o size 2 result type 2 source type 7 a_dead 1 hl_dead 1 de_dead 0 iy_dead 1 f_dead 1
   092D 21r7Ds09      [10] 1982 	ld	hl, #___str_27
                           1983 ;	genCall
   0930 CDr00s00      [17] 1984 	call	___fail
                           1985 ;	genLabel
   0933                    1986 00110$:
                           1987 ;cases/bitfields-nibbles/bitfields-nibbles_operation_0_pattern_1_varType_2.c:407: TEST(high, 0x20);
                           1988 ;	genAssign
                           1989 ;	genMove_o size 1 result type 11 source type 1 a_dead 1 hl_dead 1 de_dead 1 iy_dead 1 f_dead 1
   0933 21r00s00      [10] 1990 	ld	hl, #_success
   0936 36 01         [10] 1991 	ld	(hl), #0x01
                           1992 ;	genAssign
                           1993 ;	genMove_o size 2 result type 2 source type 1 a_dead 1 hl_dead 1 de_dead 1 iy_dead 1 f_dead 1
   0938 01 04 CA      [10] 1994 	ld	bc, #0xca04
                           1995 ;	genPointerSet
   093B 0A            [ 7] 1996 	ld	a, (bc)
   093C F6 0F         [ 7] 1997 	or	a, #0x0f
   093E 02            [ 7] 1998 	ld	(bc), a
                           1999 ;	genAssign
                           2000 ;	genMove_o size 2 result type 2 source type 1 a_dead 1 hl_dead 1 de_dead 1 iy_dead 1 f_dead 1
   093F 01 04 CA      [10] 2001 	ld	bc, #0xca04
                           2002 ;	genPointerSet
   0942 0A            [ 7] 2003 	ld	a, (bc)
   0943 E6 0F         [ 7] 2004 	and	a, #0x0f
   0945 02            [ 7] 2005 	ld	(bc), a
                           2006 ;	genPointerGet
   0946 3A 04 CA      [13] 2007 	ld	a, (#0xca04)
   0949 07            [ 4] 2008 	rlca
   094A 07            [ 4] 2009 	rlca
   094B 07            [ 4] 2010 	rlca
   094C 07            [ 4] 2011 	rlca
                           2012 ;	genIfx
   094D E6 0F         [ 7] 2013 	and	a, #0x0f
                           2014 ; common peephole 100 removed redundant or after and.
                           2015 ; common peephole 163 changed absolute to relative conditional jump.
   094F 20 09         [12] 2016 	jr	nz, 00104$
                           2017 ;	genPointerGet
   0951 3A 04 CA      [13] 2018 	ld	a, (#0xca04)
   0954 E6 0F         [ 7] 2019 	and	a, #0x0f
                           2020 ;	genCmpEq
   0956 FE 0F         [ 7] 2021 	cp	a, #0x0f
                           2022 ; common peephole 163 changed absolute to relative conditional jump.
   0958 28 04         [12] 2023 	jr	z, 00105$
                           2024 ; common peephole 81 removed jp by using inverse jump logic
                           2025 ; common peephole 159 removed unused label 00146$.
                           2026 ;	skipping generated iCode
                           2027 ;	genLabel
   095A                    2028 00104$:
                           2029 ;	genAssign
                           2030 ;	genMove_o size 1 result type 11 source type 1 a_dead 1 hl_dead 1 de_dead 1 iy_dead 1 f_dead 1
   095A AF            [ 4] 2031 	xor	a, a
   095B 32r00s00      [13] 2032 	ld	(#_success), a
                           2033 ; common peephole 19 loaded (#_success) from a directly instead of using hl.
                           2034 ;	genLabel
   095E                    2035 00105$:
                           2036 ;	genPlus
                           2037 ;	genMove_o size 2 result type 2 source type 10 a_dead 1 hl_dead 1 de_dead 1 iy_dead 1 f_dead 1
   095E 2Ar00s00      [16] 2038 	ld	hl, (___numTests)
   0961 23            [ 6] 2039 	inc	hl
                           2040 ;	genMove_o size 2 result type 10 source type 2 a_dead 1 hl_dead 1 de_dead 1 iy_dead 1 f_dead 1
   0962 22r00s00      [16] 2041 	ld	(___numTests), hl
                           2042 ;	genIfx
                           2043 ; common peephole 61 used hl instead of iy.
                           2044 ; common peephole 130a removed unnecessary +0 from constant
   0965 21r00s00      [10] 2045 	ld	hl, #_success
   0968 CB 46         [12] 2046 	bit	0, (hl)
   096A C0            [11] 2047 	ret	nz
                           2048 ; common peephole 161 replaced jump by return.
                           2049 ;	skipping iCode since result will be rematerialized
                           2050 ;	skipping iCode since result will be rematerialized
                           2051 ;	skipping iCode since result will be rematerialized
                           2052 ;	skipping iCode since result will be rematerialized
                           2053 ;	skipping iCode since result will be rematerialized
                           2054 ;	skipping iCode since result will be rematerialized
                           2055 ;	genIpush
                           2056 ;	genMove_o size 2 result type 2 source type 1 a_dead 1 hl_dead 1 de_dead 1 iy_dead 1 f_dead 1
   096B 21 97 01      [10] 2057 	ld	hl, #0x0197
   096E E5            [11] 2058 	push	hl
                           2059 ;	genIpush
                           2060 ;	genMove_o size 2 result type 2 source type 7 a_dead 1 hl_dead 1 de_dead 1 iy_dead 1 f_dead 1
   096F 21r96s09      [10] 2061 	ld	hl, #___str_29
   0972 E5            [11] 2062 	push	hl
                           2063 ;	genSend
                           2064 ;	genMove_o size 2 result type 2 source type 7 a_dead 1 hl_dead 1 de_dead 1 iy_dead 1 f_dead 1
   0973 11r8Es09      [10] 2065 	ld	de, #___str_28
                           2066 ;	genSend
                           2067 ;	genMove_o size 2 result type 2 source type 7 a_dead 1 hl_dead 1 de_dead 0 iy_dead 1 f_dead 1
   0976 21r7Ds09      [10] 2068 	ld	hl, #___str_27
                           2069 ;	genCall
   0979 CDr00s00      [17] 2070 	call	___fail
                           2071 ;	genLabel
                           2072 ; common peephole 159 removed unused label 00107$.
                           2073 ;cases/bitfields-nibbles/bitfields-nibbles_operation_0_pattern_1_varType_2.c:408: }
                           2074 ;	genEndFunction
   097C C9            [10] 2075 	ret
                           2076 ;	Total nibble_op_test_high4_1 function size at codegen: 9 bytes.
   097D                    2077 ___str_27:
   097D 41 73 73 65 72 74  2078 	.ascii "Assertion failed"
        69 6F 6E 20 66 61
        69 6C 65 64
   098D 00                 2079 	.db 0x00
   098E                    2080 ___str_28:
   098E 73 75 63 63 65 73  2081 	.ascii "success"
        73
   0995 00                 2082 	.db 0x00
   0996                    2083 ___str_29:
   0996 63 61 73 65 73 2F  2084 	.ascii "cases/bitfields-nibbles/bitfields-nibbles_operation_0_patter"
        62 69 74 66 69 65
        6C 64 73 2D 6E 69
        62 62 6C 65 73 2F
        62 69 74 66 69 65
        6C 64 73 2D 6E 69
        62 62 6C 65 73 5F
        6F 70 65 72 61 74
        69 6F 6E 5F 30 5F
        70 61 74 74 65 72
   09D2 6E 5F 31 5F 76 61  2085 	.ascii "n_1_varType_2.c"
        72 54 79 70 65 5F
        32 2E 63
   09E1 00                 2086 	.db 0x00
                           2087 ;cases/bitfields-nibbles/bitfields-nibbles_operation_0_pattern_1_varType_2.c:423: testBitfields(void)
                           2088 ;	genLabel
                           2089 ;	genFunction
                           2090 ;	---------------------------------
                           2091 ; Function testBitfields
                           2092 ; ---------------------------------
                           2093 ;	Register assignment is optimal.
                           2094 ; Stack space usage: 0 bytes.
   09E2                    2095 _testBitfields:
                           2096 ;cases/bitfields-nibbles/bitfields-nibbles_operation_0_pattern_1_varType_2.c:443: nibble_op_test_low1_1();
                           2097 ;	genCall
   09E2 CDr00s00      [17] 2098 	call	_nibble_op_test_low1_1
                           2099 ;cases/bitfields-nibbles/bitfields-nibbles_operation_0_pattern_1_varType_2.c:444: nibble_op_test_low1_2();
                           2100 ;	genCall
   09E5 CDrFBs00      [17] 2101 	call	_nibble_op_test_low1_2
                           2102 ;cases/bitfields-nibbles/bitfields-nibbles_operation_0_pattern_1_varType_2.c:445: nibble_op_test_low2_1();
                           2103 ;	genCall
   09E8 CDrF6s01      [17] 2104 	call	_nibble_op_test_low2_1
                           2105 ;cases/bitfields-nibbles/bitfields-nibbles_operation_0_pattern_1_varType_2.c:449: nibble_op_test_low3_1();
                           2106 ;	genCall
   09EB CDrF7s02      [17] 2107 	call	_nibble_op_test_low3_1
                           2108 ;cases/bitfields-nibbles/bitfields-nibbles_operation_0_pattern_1_varType_2.c:453: nibble_op_test_low4_1();
                           2109 ;	genCall
   09EE CDrF8s03      [17] 2110 	call	_nibble_op_test_low4_1
                           2111 ;cases/bitfields-nibbles/bitfields-nibbles_operation_0_pattern_1_varType_2.c:458: nibble_op_test_high1_1();
                           2112 ;	genCall
   09F1 CDrF1s04      [17] 2113 	call	_nibble_op_test_high1_1
                           2114 ;cases/bitfields-nibbles/bitfields-nibbles_operation_0_pattern_1_varType_2.c:459: nibble_op_test_high1_2();
                           2115 ;	genCall
   09F4 CDrECs05      [17] 2116 	call	_nibble_op_test_high1_2
                           2117 ;cases/bitfields-nibbles/bitfields-nibbles_operation_0_pattern_1_varType_2.c:460: nibble_op_test_high2_1();
                           2118 ;	genCall
   09F7 CDrE7s06      [17] 2119 	call	_nibble_op_test_high2_1
                           2120 ;cases/bitfields-nibbles/bitfields-nibbles_operation_0_pattern_1_varType_2.c:464: nibble_op_test_high3_1();
                           2121 ;	genCall
   09FA CDrE8s07      [17] 2122 	call	_nibble_op_test_high3_1
                           2123 ;cases/bitfields-nibbles/bitfields-nibbles_operation_0_pattern_1_varType_2.c:468: nibble_op_test_high4_1();
                           2124 ;	genCall
                           2125 ;	genLabel
                           2126 ; common peephole 159 removed unused label 00101$.
                           2127 ;cases/bitfields-nibbles/bitfields-nibbles_operation_0_pattern_1_varType_2.c:474: }
                           2128 ;	genEndFunction
   09FD C3rE9s08      [10] 2129 	jp	_nibble_op_test_high4_1
                           2130 ; common peephole 152 removed unused ret.
                           2131 ;	Total testBitfields function size at codegen: 1 bytes.
                           2132 ;cases/bitfields-nibbles/bitfields-nibbles_operation_0_pattern_1_varType_2.c:477: __runSuite(void)
                           2133 ;	genLabel
                           2134 ;	genFunction
                           2135 ;	---------------------------------
                           2136 ; Function __runSuite
                           2137 ; ---------------------------------
                           2138 ;	Register assignment is optimal.
                           2139 ; Stack space usage: 0 bytes.
   0A00                    2140 ___runSuite::
                           2141 ;cases/bitfields-nibbles/bitfields-nibbles_operation_0_pattern_1_varType_2.c:479: __prints("Running testBitfields\n");
                           2142 ;	skipping iCode since result will be rematerialized
                           2143 ;	skipping iCode since result will be rematerialized
                           2144 ;	genSend
                           2145 ;	genMove_o size 2 result type 2 source type 7 a_dead 1 hl_dead 1 de_dead 1 iy_dead 1 f_dead 1
   0A00 21r09s0A      [10] 2146 	ld	hl, #___str_30
                           2147 ;	genCall
   0A03 CDr00s00      [17] 2148 	call	___prints
                           2149 ;cases/bitfields-nibbles/bitfields-nibbles_operation_0_pattern_1_varType_2.c:480: testBitfields();
                           2150 ;	genCall
                           2151 ;	genLabel
                           2152 ; common peephole 159 removed unused label 00101$.
                           2153 ;cases/bitfields-nibbles/bitfields-nibbles_operation_0_pattern_1_varType_2.c:481: }
                           2154 ;	genEndFunction
   0A06 C3rE2s09      [10] 2155 	jp	_testBitfields
                           2156 ; common peephole 152 removed unused ret.
                           2157 ;	Total __runSuite function size at codegen: 1 bytes.
   0A09                    2158 ___str_30:
   0A09 52 75 6E 6E 69 6E  2159 	.ascii "Running testBitfields"
        67 20 74 65 73 74
        42 69 74 66 69 65
        6C 64 73
   0A1E 0A                 2160 	.db 0x0a
   0A1F 00                 2161 	.db 0x00
                           2162 ;cases/bitfields-nibbles/bitfields-nibbles_operation_0_pattern_1_varType_2.c:486: __getSuiteName(void)
                           2163 ;	genLabel
                           2164 ;	genFunction
                           2165 ;	---------------------------------
                           2166 ; Function __getSuiteName
                           2167 ; ---------------------------------
                           2168 ;	Register assignment is optimal.
                           2169 ; Stack space usage: 0 bytes.
   0A20                    2170 ___getSuiteName::
                           2171 ;cases/bitfields-nibbles/bitfields-nibbles_operation_0_pattern_1_varType_2.c:488: return "bitfields-nibbles_operation_0_pattern_1_varType_2";
                           2172 ;	skipping iCode since result will be rematerialized
                           2173 ;	skipping iCode since result will be rematerialized
                           2174 ;	genRet
                           2175 ;	genMove_o size 2 result type 2 source type 7 a_dead 1 hl_dead 1 de_dead 1 iy_dead 1 f_dead 1
   0A20 11r26s0A      [10] 2176 	ld	de, #___str_31
                           2177 ;	genLabel
                           2178 ; common peephole 159 removed unused label 00101$.
                           2179 ;cases/bitfields-nibbles/bitfields-nibbles_operation_0_pattern_1_varType_2.c:489: }
                           2180 ;	genEndFunction
   0A23 C9            [10] 2181 	ret
                           2182 ;	Total __getSuiteName function size at codegen: 1 bytes.
   0A24                    2183 ___numCases:
   0A24 01 00              2184 	.dw #0x0001
   0A26                    2185 ___str_31:
   0A26 62 69 74 66 69 65  2186 	.ascii "bitfields-nibbles_operation_0_pattern_1_varType_2"
        6C 64 73 2D 6E 69
        62 62 6C 65 73 5F
        6F 70 65 72 61 74
        69 6F 6E 5F 30 5F
        70 61 74 74 65 72
        6E 5F 31 5F 76 61
        72 54 79 70 65 5F
        32
   0A57 00                 2187 	.db 0x00
                           2188 	.area _CODE (BANK=_CSEG)
                           2189 	.area _INITIALIZER
   0000                    2190 __xinit__success:
   0000 00                 2191 	.db #0x00	;  0
                           2192 	.area _CABS (ABS)
