                              1 ;--------------------------------------------------------
                              2 ; File Created by SDCC : free open source ISO C Compiler
                              3 ; Version 4.6.2 #16710 (Linux)
                              4 ;--------------------------------------------------------
                              5 	.module bitfields_nibbles_operation_3_pattern_0_varType_4
                              6 	
                              7 ;--------------------------------------------------------
                              8 ; Public variables in this module
                              9 ;--------------------------------------------------------
                             10 	.globl ___prints
                             11 	.globl ___fail
                             12 	.globl ___numCases
                             13 	.globl ___runSuite
                             14 	.globl ___getSuiteName
                             15 ;--------------------------------------------------------
                             16 ; special function registers
                             17 ;--------------------------------------------------------
                             18 ;--------------------------------------------------------
                             19 ; ram data
                             20 ;--------------------------------------------------------
                             21 	.area _DATA (BANK=_DSEG)
   0000                      22 _nibble_op_test_low1_1_volatileBits_10000_13:
   0000                      23 	.ds 1
   0001                      24 _nibble_op_test_low1_2_volatileBits_10000_23:
   0001                      25 	.ds 1
   0002                      26 _nibble_op_test_low2_1_volatileBits_10000_33:
   0002                      27 	.ds 1
   0003                      28 _nibble_op_test_low3_1_volatileBits_10000_43:
   0003                      29 	.ds 1
   0004                      30 _nibble_op_test_low4_1_volatileBits_10000_53:
   0004                      31 	.ds 1
   0005                      32 _nibble_op_test_high1_1_volatileBits_10000_63:
   0005                      33 	.ds 1
   0006                      34 _nibble_op_test_high1_2_volatileBits_10000_73:
   0006                      35 	.ds 1
   0007                      36 _nibble_op_test_high2_1_volatileBits_10000_83:
   0007                      37 	.ds 1
   0008                      38 _nibble_op_test_high3_1_volatileBits_10000_93:
   0008                      39 	.ds 1
   0009                      40 _nibble_op_test_high4_1_volatileBits_10000_103:
   0009                      41 	.ds 1
                             42 ;--------------------------------------------------------
                             43 ; ram data
                             44 ;--------------------------------------------------------
                             45 	.area _INITIALIZED
   0000                      46 _success:
   0000                      47 	.ds 1
                             48 ;--------------------------------------------------------
                             49 ; absolute ram data
                             50 ;--------------------------------------------------------
                             51 	.area _DABS (ABS)
                             52 	.area _DABS (ABS)
                             53 ;--------------------------------------------------------
                             54 ; global & static initialisations
                             55 ;--------------------------------------------------------
                             56 	.area _HOME
                             57 	.area _GSINIT
                             58 	.area _GSFINAL
                             59 	.area _GSINIT
                             60 ;--------------------------------------------------------
                             61 ; Home
                             62 ;--------------------------------------------------------
                             63 	.area _HOME (BANK=_CSEG)
                             64 	.area _HOME (BANK=_CSEG)
                             65 ;--------------------------------------------------------
                             66 ; code
                             67 ;--------------------------------------------------------
                             68 	.area _CODE (BANK=_CSEG)
                             69 ;cases/bitfields-nibbles/bitfields-nibbles_operation_3_pattern_0_varType_4.c:294: nibble_op_test_low1_1(void)
                             70 ;	genLabel
                             71 ;	genFunction
                             72 ;	---------------------------------
                             73 ; Function nibble_op_test_low1_1
                             74 ; ---------------------------------
                             75 ;	Register assignment might be sub-optimal.
                             76 ; Stack space usage: 0 bytes.
   0000                      77 _nibble_op_test_low1_1:
                             78 ;cases/bitfields-nibbles/bitfields-nibbles_operation_3_pattern_0_varType_4.c:297: TEST(low, 0xFF);
                             79 ;	genAssign
                             80 ;	genMove_o size 1 result type 11 source type 1 a_dead 1 hl_dead 1 de_dead 1 iy_dead 1 f_dead 1
   0000 21r00s00      [10]   81 	ld	hl, #_success
   0003 36 01         [10]   82 	ld	(hl), #0x01
                             83 ;	genAddrOf
   0005 01r00s00      [10]   84 	ld	bc, #_nibble_op_test_low1_1_volatileBits_10000_13+0
                             85 ;	genPointerSet
   0008 0A            [ 7]   86 	ld	a, (bc)
   0009 E6 F0         [ 7]   87 	and	a, #0xf0
   000B 02            [ 7]   88 	ld	(bc), a
                             89 ;	genAddrOf
   000C 01r00s00      [10]   90 	ld	bc, #_nibble_op_test_low1_1_volatileBits_10000_13+0
                             91 ;	genPointerSet
   000F 0A            [ 7]   92 	ld	a, (bc)
   0010 E6 0F         [ 7]   93 	and	a, #0x0f
   0012 02            [ 7]   94 	ld	(bc), a
                             95 ;	skipping iCode since result will be rematerialized
                             96 ;	genPointerGet
   0013 3Ar00s00      [13]   97 	ld	a, (#_nibble_op_test_low1_1_volatileBits_10000_13 + 0)
                             98 ;	genIfx
   0016 E6 0F         [ 7]   99 	and	a, #0x0f
                            100 ; common peephole 100 removed redundant or after and.
                            101 ; common peephole 163 changed absolute to relative conditional jump.
   0018 20 0B         [12]  102 	jr	nz, 00101$
                            103 ;	skipping iCode since result will be rematerialized
                            104 ;	genPointerGet
   001A 3Ar00s00      [13]  105 	ld	a, (#_nibble_op_test_low1_1_volatileBits_10000_13 + 0)
   001D 07            [ 4]  106 	rlca
   001E 07            [ 4]  107 	rlca
   001F 07            [ 4]  108 	rlca
   0020 07            [ 4]  109 	rlca
                            110 ;	genIfx
   0021 E6 0F         [ 7]  111 	and	a, #0x0f
                            112 ; common peephole 100 removed redundant or after and.
                            113 ; common peephole 163 changed absolute to relative conditional jump.
   0023 28 04         [12]  114 	jr	z, 00102$
                            115 ;	genLabel
   0025                     116 00101$:
                            117 ;	genAssign
                            118 ;	genMove_o size 1 result type 11 source type 1 a_dead 1 hl_dead 1 de_dead 1 iy_dead 1 f_dead 1
   0025 AF            [ 4]  119 	xor	a, a
   0026 32r00s00      [13]  120 	ld	(#_success), a
                            121 ; common peephole 19 loaded (#_success) from a directly instead of using hl.
                            122 ;	genLabel
   0029                     123 00102$:
                            124 ;	skipping iCode since result will be rematerialized
                            125 ;	skipping iCode since result will be rematerialized
                            126 ;	genPointerGet
   0029 3Ar00s00      [13]  127 	ld	a, (#_nibble_op_test_low1_1_volatileBits_10000_13 + 0)
   002C E6 0F         [ 7]  128 	and	a, #0x0f
                            129 ;	genXor
   002E EE 0F         [ 7]  130 	xor	a, #0x0f
                            131 ;	genMove_o size 1 result type 2 source type 2 a_dead 1 hl_dead 1 de_dead 1 iy_dead 1 f_dead 1
   0030 4F            [ 4]  132 	ld	c, a
                            133 ;	genMove_o size 0 result type 2 source type 1 a_dead 1 hl_dead 1 de_dead 1 iy_dead 1 f_dead 1
                            134 ;	genPointerSet
                            135 ;	genMove_o size 2 result type 2 source type 7 a_dead 1 hl_dead 1 de_dead 1 iy_dead 1 f_dead 1
   0031 21r00s00      [10]  136 	ld	hl, #_nibble_op_test_low1_1_volatileBits_10000_13
   0034 ED 67         [18]  137 	rrd
   0036 79            [ 4]  138 	ld	a, c
   0037 ED 6F         [18]  139 	rld
                            140 ;	skipping iCode since result will be rematerialized
                            141 ;	genPointerGet
   0039 3Ar00s00      [13]  142 	ld	a, (#_nibble_op_test_low1_1_volatileBits_10000_13 + 0)
   003C E6 0F         [ 7]  143 	and	a, #0x0f
                            144 ;	genCast
                            145 ;	(locations are the same)
                            146 ;	genCmpEq
   003E FE 0F         [ 7]  147 	cp	a, #0x0f
                            148 ; common peephole 81 removed jp by using inverse jump logic
                            149 ; common peephole 159 removed unused label 00211$.
                            150 ; common peephole 163 changed absolute to relative conditional jump.
   0040 20 0B         [12]  151 	jr	nz, 00104$
                            152 ; common peephole 82 removed jp by using inverse jump logic
                            153 ; common peephole 159 removed unused label 00212$.
                            154 ;	skipping generated iCode
                            155 ;	skipping iCode since result will be rematerialized
                            156 ;	genPointerGet
   0042 3Ar00s00      [13]  157 	ld	a, (#_nibble_op_test_low1_1_volatileBits_10000_13 + 0)
   0045 07            [ 4]  158 	rlca
   0046 07            [ 4]  159 	rlca
   0047 07            [ 4]  160 	rlca
   0048 07            [ 4]  161 	rlca
                            162 ;	genIfx
   0049 E6 0F         [ 7]  163 	and	a, #0x0f
                            164 ; common peephole 100 removed redundant or after and.
                            165 ; common peephole 163 changed absolute to relative conditional jump.
   004B 28 04         [12]  166 	jr	z, 00105$
                            167 ;	genLabel
   004D                     168 00104$:
                            169 ;	genAssign
                            170 ;	genMove_o size 1 result type 11 source type 1 a_dead 1 hl_dead 1 de_dead 1 iy_dead 1 f_dead 1
   004D AF            [ 4]  171 	xor	a, a
   004E 32r00s00      [13]  172 	ld	(#_success), a
                            173 ; common peephole 19 loaded (#_success) from a directly instead of using hl.
                            174 ;	genLabel
   0051                     175 00105$:
                            176 ;	genAddrOf
   0051 01r00s00      [10]  177 	ld	bc, #_nibble_op_test_low1_1_volatileBits_10000_13+0
                            178 ;	genPointerSet
   0054 0A            [ 7]  179 	ld	a, (bc)
   0055 F6 0F         [ 7]  180 	or	a, #0x0f
   0057 02            [ 7]  181 	ld	(bc), a
                            182 ;	skipping iCode since result will be rematerialized
                            183 ;	genPointerGet
   0058 3Ar00s00      [13]  184 	ld	a, (#_nibble_op_test_low1_1_volatileBits_10000_13 + 0)
   005B E6 0F         [ 7]  185 	and	a, #0x0f
                            186 ;	genCmpEq
   005D FE 0F         [ 7]  187 	cp	a, #0x0f
                            188 ; common peephole 81 removed jp by using inverse jump logic
                            189 ; common peephole 159 removed unused label 00213$.
                            190 ; common peephole 163 changed absolute to relative conditional jump.
   005F 20 0B         [12]  191 	jr	nz, 00107$
                            192 ; common peephole 82 removed jp by using inverse jump logic
                            193 ; common peephole 159 removed unused label 00214$.
                            194 ;	skipping generated iCode
                            195 ;	skipping iCode since result will be rematerialized
                            196 ;	genPointerGet
   0061 3Ar00s00      [13]  197 	ld	a, (#_nibble_op_test_low1_1_volatileBits_10000_13 + 0)
   0064 07            [ 4]  198 	rlca
   0065 07            [ 4]  199 	rlca
   0066 07            [ 4]  200 	rlca
   0067 07            [ 4]  201 	rlca
                            202 ;	genIfx
   0068 E6 0F         [ 7]  203 	and	a, #0x0f
                            204 ; common peephole 100 removed redundant or after and.
                            205 ; common peephole 163 changed absolute to relative conditional jump.
   006A 28 04         [12]  206 	jr	z, 00108$
                            207 ;	genLabel
   006C                     208 00107$:
                            209 ;	genAssign
                            210 ;	genMove_o size 1 result type 11 source type 1 a_dead 1 hl_dead 1 de_dead 1 iy_dead 1 f_dead 1
   006C AF            [ 4]  211 	xor	a, a
   006D 32r00s00      [13]  212 	ld	(#_success), a
                            213 ; common peephole 19 loaded (#_success) from a directly instead of using hl.
                            214 ;	genLabel
   0070                     215 00108$:
                            216 ;	skipping iCode since result will be rematerialized
                            217 ;	skipping iCode since result will be rematerialized
                            218 ;	genPointerGet
   0070 3Ar00s00      [13]  219 	ld	a, (#_nibble_op_test_low1_1_volatileBits_10000_13 + 0)
   0073 E6 0F         [ 7]  220 	and	a, #0x0f
                            221 ;	genXor
   0075 EE 0F         [ 7]  222 	xor	a, #0x0f
                            223 ;	genMove_o size 1 result type 2 source type 2 a_dead 1 hl_dead 1 de_dead 1 iy_dead 1 f_dead 1
   0077 4F            [ 4]  224 	ld	c, a
                            225 ;	genMove_o size 0 result type 2 source type 1 a_dead 1 hl_dead 1 de_dead 1 iy_dead 1 f_dead 1
                            226 ;	genPointerSet
                            227 ;	genMove_o size 2 result type 2 source type 7 a_dead 1 hl_dead 1 de_dead 1 iy_dead 1 f_dead 1
   0078 21r00s00      [10]  228 	ld	hl, #_nibble_op_test_low1_1_volatileBits_10000_13
   007B ED 67         [18]  229 	rrd
   007D 79            [ 4]  230 	ld	a, c
   007E ED 6F         [18]  231 	rld
                            232 ;	skipping iCode since result will be rematerialized
                            233 ;	genPointerGet
   0080 3Ar00s00      [13]  234 	ld	a, (#_nibble_op_test_low1_1_volatileBits_10000_13 + 0)
                            235 ;	genIfx
   0083 E6 0F         [ 7]  236 	and	a, #0x0f
                            237 ; common peephole 100 removed redundant or after and.
                            238 ; common peephole 163 changed absolute to relative conditional jump.
   0085 20 0B         [12]  239 	jr	nz, 00110$
                            240 ;	skipping iCode since result will be rematerialized
                            241 ;	genPointerGet
   0087 3Ar00s00      [13]  242 	ld	a, (#_nibble_op_test_low1_1_volatileBits_10000_13 + 0)
   008A 07            [ 4]  243 	rlca
   008B 07            [ 4]  244 	rlca
   008C 07            [ 4]  245 	rlca
   008D 07            [ 4]  246 	rlca
                            247 ;	genIfx
   008E E6 0F         [ 7]  248 	and	a, #0x0f
                            249 ; common peephole 100 removed redundant or after and.
                            250 ; common peephole 163 changed absolute to relative conditional jump.
   0090 28 04         [12]  251 	jr	z, 00111$
                            252 ;	genLabel
   0092                     253 00110$:
                            254 ;	genAssign
                            255 ;	genMove_o size 1 result type 11 source type 1 a_dead 1 hl_dead 1 de_dead 1 iy_dead 1 f_dead 1
   0092 AF            [ 4]  256 	xor	a, a
   0093 32r00s00      [13]  257 	ld	(#_success), a
                            258 ; common peephole 19 loaded (#_success) from a directly instead of using hl.
                            259 ;	genLabel
   0096                     260 00111$:
                            261 ;	genPlus
                            262 ;	genMove_o size 2 result type 2 source type 10 a_dead 1 hl_dead 1 de_dead 1 iy_dead 1 f_dead 1
   0096 2Ar00s00      [16]  263 	ld	hl, (___numTests)
   0099 23            [ 6]  264 	inc	hl
                            265 ;	genMove_o size 2 result type 10 source type 2 a_dead 1 hl_dead 1 de_dead 1 iy_dead 1 f_dead 1
   009A 22r00s00      [16]  266 	ld	(___numTests), hl
                            267 ;	genIfx
                            268 ; common peephole 61 used hl instead of iy.
                            269 ; common peephole 130a removed unnecessary +0 from constant
   009D 21r00s00      [10]  270 	ld	hl, #_success
   00A0 CB 46         [12]  271 	bit	0, (hl)
                            272 ; common peephole 163 changed absolute to relative conditional jump.
   00A2 20 11         [12]  273 	jr	nz, 00128$
                            274 ;	skipping iCode since result will be rematerialized
                            275 ;	skipping iCode since result will be rematerialized
                            276 ;	skipping iCode since result will be rematerialized
                            277 ;	skipping iCode since result will be rematerialized
                            278 ;	skipping iCode since result will be rematerialized
                            279 ;	skipping iCode since result will be rematerialized
                            280 ;	genIpush
                            281 ;	genMove_o size 2 result type 2 source type 1 a_dead 1 hl_dead 1 de_dead 1 iy_dead 1 f_dead 1
   00A4 21 29 01      [10]  282 	ld	hl, #0x0129
   00A7 E5            [11]  283 	push	hl
                            284 ;	genIpush
                            285 ;	genMove_o size 2 result type 2 source type 7 a_dead 1 hl_dead 1 de_dead 1 iy_dead 1 f_dead 1
   00A8 21r7Fs01      [10]  286 	ld	hl, #___str_2
   00AB E5            [11]  287 	push	hl
                            288 ;	genSend
                            289 ;	genMove_o size 2 result type 2 source type 7 a_dead 1 hl_dead 1 de_dead 1 iy_dead 1 f_dead 1
   00AC 11r77s01      [10]  290 	ld	de, #___str_1
                            291 ;	genSend
                            292 ;	genMove_o size 2 result type 2 source type 7 a_dead 1 hl_dead 1 de_dead 0 iy_dead 1 f_dead 1
   00AF 21r66s01      [10]  293 	ld	hl, #___str_0
                            294 ;	genCall
   00B2 CDr00s00      [17]  295 	call	___fail
                            296 ;	genLabel
   00B5                     297 00128$:
                            298 ;cases/bitfields-nibbles/bitfields-nibbles_operation_3_pattern_0_varType_4.c:298: TEST(low, 0x00);
                            299 ;	genAssign
                            300 ;	genMove_o size 1 result type 11 source type 1 a_dead 1 hl_dead 1 de_dead 1 iy_dead 1 f_dead 1
   00B5 21r00s00      [10]  301 	ld	hl, #_success
   00B8 36 01         [10]  302 	ld	(hl), #0x01
                            303 ;	genAddrOf
   00BA 01r00s00      [10]  304 	ld	bc, #_nibble_op_test_low1_1_volatileBits_10000_13+0
                            305 ;	genPointerSet
   00BD 0A            [ 7]  306 	ld	a, (bc)
   00BE E6 F0         [ 7]  307 	and	a, #0xf0
   00C0 02            [ 7]  308 	ld	(bc), a
                            309 ;	genAddrOf
   00C1 01r00s00      [10]  310 	ld	bc, #_nibble_op_test_low1_1_volatileBits_10000_13+0
                            311 ;	genPointerSet
   00C4 0A            [ 7]  312 	ld	a, (bc)
   00C5 E6 0F         [ 7]  313 	and	a, #0x0f
   00C7 02            [ 7]  314 	ld	(bc), a
                            315 ;	skipping iCode since result will be rematerialized
                            316 ;	genPointerGet
   00C8 3Ar00s00      [13]  317 	ld	a, (#_nibble_op_test_low1_1_volatileBits_10000_13 + 0)
                            318 ;	genIfx
   00CB E6 0F         [ 7]  319 	and	a, #0x0f
                            320 ; common peephole 100 removed redundant or after and.
                            321 ; common peephole 163 changed absolute to relative conditional jump.
   00CD 20 0B         [12]  322 	jr	nz, 00113$
                            323 ;	skipping iCode since result will be rematerialized
                            324 ;	genPointerGet
   00CF 3Ar00s00      [13]  325 	ld	a, (#_nibble_op_test_low1_1_volatileBits_10000_13 + 0)
   00D2 07            [ 4]  326 	rlca
   00D3 07            [ 4]  327 	rlca
   00D4 07            [ 4]  328 	rlca
   00D5 07            [ 4]  329 	rlca
                            330 ;	genIfx
   00D6 E6 0F         [ 7]  331 	and	a, #0x0f
                            332 ; common peephole 100 removed redundant or after and.
                            333 ; common peephole 163 changed absolute to relative conditional jump.
   00D8 28 04         [12]  334 	jr	z, 00114$
                            335 ;	genLabel
   00DA                     336 00113$:
                            337 ;	genAssign
                            338 ;	genMove_o size 1 result type 11 source type 1 a_dead 1 hl_dead 1 de_dead 1 iy_dead 1 f_dead 1
   00DA AF            [ 4]  339 	xor	a, a
   00DB 32r00s00      [13]  340 	ld	(#_success), a
                            341 ; common peephole 19 loaded (#_success) from a directly instead of using hl.
                            342 ;	genLabel
   00DE                     343 00114$:
                            344 ;	skipping iCode since result will be rematerialized
                            345 ;	genAddrOf
                            346 ;	genPointerGet
                            347 ;fetchPairLong
   00DE 3Ar00s00      [13]  348 	ld	a, (#_nibble_op_test_low1_1_volatileBits_10000_13+0)
                            349 ; common peephole 17 loaded a from (#_nibble_op_test_low1_1_volatileBits_10000_13+0) directly instead of using hl.
   00E1 E6 0F         [ 7]  350 	and	a, #0x0f
   00E3 4F            [ 4]  351 	ld	c, a
                            352 ;	genPointerSet
                            353 ;	genMove_o size 2 result type 2 source type 7 a_dead 1 hl_dead 1 de_dead 1 iy_dead 1 f_dead 1
   00E4 21r00s00      [10]  354 	ld	hl, #_nibble_op_test_low1_1_volatileBits_10000_13
   00E7 ED 67         [18]  355 	rrd
   00E9 79            [ 4]  356 	ld	a, c
   00EA ED 6F         [18]  357 	rld
                            358 ;	skipping iCode since result will be rematerialized
                            359 ;	genPointerGet
   00EC 3Ar00s00      [13]  360 	ld	a, (#_nibble_op_test_low1_1_volatileBits_10000_13 + 0)
                            361 ;	genIfx
   00EF E6 0F         [ 7]  362 	and	a, #0x0f
                            363 ; common peephole 100 removed redundant or after and.
                            364 ; common peephole 163 changed absolute to relative conditional jump.
   00F1 20 0B         [12]  365 	jr	nz, 00116$
                            366 ;	skipping iCode since result will be rematerialized
                            367 ;	genPointerGet
   00F3 3Ar00s00      [13]  368 	ld	a, (#_nibble_op_test_low1_1_volatileBits_10000_13 + 0)
   00F6 07            [ 4]  369 	rlca
   00F7 07            [ 4]  370 	rlca
   00F8 07            [ 4]  371 	rlca
   00F9 07            [ 4]  372 	rlca
                            373 ;	genIfx
   00FA E6 0F         [ 7]  374 	and	a, #0x0f
                            375 ; common peephole 100 removed redundant or after and.
                            376 ; common peephole 163 changed absolute to relative conditional jump.
   00FC 28 04         [12]  377 	jr	z, 00117$
                            378 ;	genLabel
   00FE                     379 00116$:
                            380 ;	genAssign
                            381 ;	genMove_o size 1 result type 11 source type 1 a_dead 1 hl_dead 1 de_dead 1 iy_dead 1 f_dead 1
   00FE AF            [ 4]  382 	xor	a, a
   00FF 32r00s00      [13]  383 	ld	(#_success), a
                            384 ; common peephole 19 loaded (#_success) from a directly instead of using hl.
                            385 ;	genLabel
   0102                     386 00117$:
                            387 ;	genAddrOf
   0102 01r00s00      [10]  388 	ld	bc, #_nibble_op_test_low1_1_volatileBits_10000_13+0
                            389 ;	genPointerSet
   0105 0A            [ 7]  390 	ld	a, (bc)
   0106 F6 0F         [ 7]  391 	or	a, #0x0f
   0108 02            [ 7]  392 	ld	(bc), a
                            393 ;	skipping iCode since result will be rematerialized
                            394 ;	genPointerGet
   0109 3Ar00s00      [13]  395 	ld	a, (#_nibble_op_test_low1_1_volatileBits_10000_13 + 0)
   010C E6 0F         [ 7]  396 	and	a, #0x0f
                            397 ;	genCmpEq
   010E FE 0F         [ 7]  398 	cp	a, #0x0f
                            399 ; common peephole 81 removed jp by using inverse jump logic
                            400 ; common peephole 159 removed unused label 00215$.
                            401 ; common peephole 163 changed absolute to relative conditional jump.
   0110 20 0B         [12]  402 	jr	nz, 00119$
                            403 ; common peephole 82 removed jp by using inverse jump logic
                            404 ; common peephole 159 removed unused label 00216$.
                            405 ;	skipping generated iCode
                            406 ;	skipping iCode since result will be rematerialized
                            407 ;	genPointerGet
   0112 3Ar00s00      [13]  408 	ld	a, (#_nibble_op_test_low1_1_volatileBits_10000_13 + 0)
   0115 07            [ 4]  409 	rlca
   0116 07            [ 4]  410 	rlca
   0117 07            [ 4]  411 	rlca
   0118 07            [ 4]  412 	rlca
                            413 ;	genIfx
   0119 E6 0F         [ 7]  414 	and	a, #0x0f
                            415 ; common peephole 100 removed redundant or after and.
                            416 ; common peephole 163 changed absolute to relative conditional jump.
   011B 28 04         [12]  417 	jr	z, 00120$
                            418 ;	genLabel
   011D                     419 00119$:
                            420 ;	genAssign
                            421 ;	genMove_o size 1 result type 11 source type 1 a_dead 1 hl_dead 1 de_dead 1 iy_dead 1 f_dead 1
   011D AF            [ 4]  422 	xor	a, a
   011E 32r00s00      [13]  423 	ld	(#_success), a
                            424 ; common peephole 19 loaded (#_success) from a directly instead of using hl.
                            425 ;	genLabel
   0121                     426 00120$:
                            427 ;	skipping iCode since result will be rematerialized
                            428 ;	genAddrOf
                            429 ;	genPointerGet
                            430 ;fetchPairLong
   0121 3Ar00s00      [13]  431 	ld	a, (#_nibble_op_test_low1_1_volatileBits_10000_13+0)
                            432 ; common peephole 17 loaded a from (#_nibble_op_test_low1_1_volatileBits_10000_13+0) directly instead of using hl.
   0124 E6 0F         [ 7]  433 	and	a, #0x0f
   0126 4F            [ 4]  434 	ld	c, a
                            435 ;	genPointerSet
                            436 ;	genMove_o size 2 result type 2 source type 7 a_dead 1 hl_dead 1 de_dead 1 iy_dead 1 f_dead 1
   0127 21r00s00      [10]  437 	ld	hl, #_nibble_op_test_low1_1_volatileBits_10000_13
   012A ED 67         [18]  438 	rrd
   012C 79            [ 4]  439 	ld	a, c
   012D ED 6F         [18]  440 	rld
                            441 ;	skipping iCode since result will be rematerialized
                            442 ;	genPointerGet
   012F 3Ar00s00      [13]  443 	ld	a, (#_nibble_op_test_low1_1_volatileBits_10000_13 + 0)
   0132 E6 0F         [ 7]  444 	and	a, #0x0f
                            445 ;	genCast
                            446 ;	(locations are the same)
                            447 ;	genCmpEq
   0134 FE 0F         [ 7]  448 	cp	a, #0x0f
                            449 ; common peephole 81 removed jp by using inverse jump logic
                            450 ; common peephole 159 removed unused label 00217$.
                            451 ; common peephole 163 changed absolute to relative conditional jump.
   0136 20 0B         [12]  452 	jr	nz, 00122$
                            453 ; common peephole 82 removed jp by using inverse jump logic
                            454 ; common peephole 159 removed unused label 00218$.
                            455 ;	skipping generated iCode
                            456 ;	skipping iCode since result will be rematerialized
                            457 ;	genPointerGet
   0138 3Ar00s00      [13]  458 	ld	a, (#_nibble_op_test_low1_1_volatileBits_10000_13 + 0)
   013B 07            [ 4]  459 	rlca
   013C 07            [ 4]  460 	rlca
   013D 07            [ 4]  461 	rlca
   013E 07            [ 4]  462 	rlca
                            463 ;	genIfx
   013F E6 0F         [ 7]  464 	and	a, #0x0f
                            465 ; common peephole 100 removed redundant or after and.
                            466 ; common peephole 163 changed absolute to relative conditional jump.
   0141 28 04         [12]  467 	jr	z, 00123$
                            468 ;	genLabel
   0143                     469 00122$:
                            470 ;	genAssign
                            471 ;	genMove_o size 1 result type 11 source type 1 a_dead 1 hl_dead 1 de_dead 1 iy_dead 1 f_dead 1
   0143 AF            [ 4]  472 	xor	a, a
   0144 32r00s00      [13]  473 	ld	(#_success), a
                            474 ; common peephole 19 loaded (#_success) from a directly instead of using hl.
                            475 ;	genLabel
   0147                     476 00123$:
                            477 ;	genPlus
                            478 ;	genMove_o size 2 result type 2 source type 10 a_dead 1 hl_dead 1 de_dead 1 iy_dead 1 f_dead 1
   0147 2Ar00s00      [16]  479 	ld	hl, (___numTests)
   014A 23            [ 6]  480 	inc	hl
                            481 ;	genMove_o size 2 result type 10 source type 2 a_dead 1 hl_dead 1 de_dead 1 iy_dead 1 f_dead 1
   014B 22r00s00      [16]  482 	ld	(___numTests), hl
                            483 ;	genIfx
                            484 ; common peephole 61 used hl instead of iy.
                            485 ; common peephole 130a removed unnecessary +0 from constant
   014E 21r00s00      [10]  486 	ld	hl, #_success
   0151 CB 46         [12]  487 	bit	0, (hl)
   0153 C0            [11]  488 	ret	nz
                            489 ; common peephole 161 replaced jump by return.
                            490 ;	skipping iCode since result will be rematerialized
                            491 ;	skipping iCode since result will be rematerialized
                            492 ;	skipping iCode since result will be rematerialized
                            493 ;	skipping iCode since result will be rematerialized
                            494 ;	skipping iCode since result will be rematerialized
                            495 ;	skipping iCode since result will be rematerialized
                            496 ;	genIpush
                            497 ;	genMove_o size 2 result type 2 source type 1 a_dead 1 hl_dead 1 de_dead 1 iy_dead 1 f_dead 1
   0154 21 2A 01      [10]  498 	ld	hl, #0x012a
   0157 E5            [11]  499 	push	hl
                            500 ;	genIpush
                            501 ;	genMove_o size 2 result type 2 source type 7 a_dead 1 hl_dead 1 de_dead 1 iy_dead 1 f_dead 1
   0158 21r7Fs01      [10]  502 	ld	hl, #___str_2
   015B E5            [11]  503 	push	hl
                            504 ;	genSend
                            505 ;	genMove_o size 2 result type 2 source type 7 a_dead 1 hl_dead 1 de_dead 1 iy_dead 1 f_dead 1
   015C 11r77s01      [10]  506 	ld	de, #___str_1
                            507 ;	genSend
                            508 ;	genMove_o size 2 result type 2 source type 7 a_dead 1 hl_dead 1 de_dead 0 iy_dead 1 f_dead 1
   015F 21r66s01      [10]  509 	ld	hl, #___str_0
                            510 ;	genCall
   0162 CDr00s00      [17]  511 	call	___fail
                            512 ;	genLabel
                            513 ; common peephole 159 removed unused label 00125$.
                            514 ;cases/bitfields-nibbles/bitfields-nibbles_operation_3_pattern_0_varType_4.c:299: }
                            515 ;	genEndFunction
   0165 C9            [10]  516 	ret
                            517 ;	Total nibble_op_test_low1_1 function size at codegen: 13 bytes.
   0166                     518 ___str_0:
   0166 41 73 73 65 72 74   519 	.ascii "Assertion failed"
        69 6F 6E 20 66 61
        69 6C 65 64
   0176 00                  520 	.db 0x00
   0177                     521 ___str_1:
   0177 73 75 63 63 65 73   522 	.ascii "success"
        73
   017E 00                  523 	.db 0x00
   017F                     524 ___str_2:
   017F 63 61 73 65 73 2F   525 	.ascii "cases/bitfields-nibbles/bitfields-nibbles_operation_3_patter"
        62 69 74 66 69 65
        6C 64 73 2D 6E 69
        62 62 6C 65 73 2F
        62 69 74 66 69 65
        6C 64 73 2D 6E 69
        62 62 6C 65 73 5F
        6F 70 65 72 61 74
        69 6F 6E 5F 33 5F
        70 61 74 74 65 72
   01BB 6E 5F 30 5F 76 61   526 	.ascii "n_0_varType_4.c"
        72 54 79 70 65 5F
        34 2E 63
   01CA 00                  527 	.db 0x00
                            528 ;cases/bitfields-nibbles/bitfields-nibbles_operation_3_pattern_0_varType_4.c:301: nibble_op_test_low1_2(void)
                            529 ;	genLabel
                            530 ;	genFunction
                            531 ;	---------------------------------
                            532 ; Function nibble_op_test_low1_2
                            533 ; ---------------------------------
                            534 ;	Register assignment might be sub-optimal.
                            535 ; Stack space usage: 0 bytes.
   01CB                     536 _nibble_op_test_low1_2:
                            537 ;cases/bitfields-nibbles/bitfields-nibbles_operation_3_pattern_0_varType_4.c:304: TEST(low, 0x0F);
                            538 ;	genAssign
                            539 ;	genMove_o size 1 result type 11 source type 1 a_dead 1 hl_dead 1 de_dead 1 iy_dead 1 f_dead 1
   01CB 21r00s00      [10]  540 	ld	hl, #_success
   01CE 36 01         [10]  541 	ld	(hl), #0x01
                            542 ;	genAddrOf
   01D0 01r01s00      [10]  543 	ld	bc, #_nibble_op_test_low1_2_volatileBits_10000_23+0
                            544 ;	genPointerSet
   01D3 0A            [ 7]  545 	ld	a, (bc)
   01D4 E6 F0         [ 7]  546 	and	a, #0xf0
   01D6 02            [ 7]  547 	ld	(bc), a
                            548 ;	genAddrOf
   01D7 01r01s00      [10]  549 	ld	bc, #_nibble_op_test_low1_2_volatileBits_10000_23+0
                            550 ;	genPointerSet
   01DA 0A            [ 7]  551 	ld	a, (bc)
   01DB E6 0F         [ 7]  552 	and	a, #0x0f
   01DD 02            [ 7]  553 	ld	(bc), a
                            554 ;	skipping iCode since result will be rematerialized
                            555 ;	genPointerGet
   01DE 3Ar01s00      [13]  556 	ld	a, (#_nibble_op_test_low1_2_volatileBits_10000_23 + 0)
                            557 ;	genIfx
   01E1 E6 0F         [ 7]  558 	and	a, #0x0f
                            559 ; common peephole 100 removed redundant or after and.
                            560 ; common peephole 163 changed absolute to relative conditional jump.
   01E3 20 0B         [12]  561 	jr	nz, 00101$
                            562 ;	skipping iCode since result will be rematerialized
                            563 ;	genPointerGet
   01E5 3Ar01s00      [13]  564 	ld	a, (#_nibble_op_test_low1_2_volatileBits_10000_23 + 0)
   01E8 07            [ 4]  565 	rlca
   01E9 07            [ 4]  566 	rlca
   01EA 07            [ 4]  567 	rlca
   01EB 07            [ 4]  568 	rlca
                            569 ;	genIfx
   01EC E6 0F         [ 7]  570 	and	a, #0x0f
                            571 ; common peephole 100 removed redundant or after and.
                            572 ; common peephole 163 changed absolute to relative conditional jump.
   01EE 28 04         [12]  573 	jr	z, 00102$
                            574 ;	genLabel
   01F0                     575 00101$:
                            576 ;	genAssign
                            577 ;	genMove_o size 1 result type 11 source type 1 a_dead 1 hl_dead 1 de_dead 1 iy_dead 1 f_dead 1
   01F0 AF            [ 4]  578 	xor	a, a
   01F1 32r00s00      [13]  579 	ld	(#_success), a
                            580 ; common peephole 19 loaded (#_success) from a directly instead of using hl.
                            581 ;	genLabel
   01F4                     582 00102$:
                            583 ;	skipping iCode since result will be rematerialized
                            584 ;	skipping iCode since result will be rematerialized
                            585 ;	genPointerGet
   01F4 3Ar01s00      [13]  586 	ld	a, (#_nibble_op_test_low1_2_volatileBits_10000_23 + 0)
   01F7 E6 0F         [ 7]  587 	and	a, #0x0f
                            588 ;	genXor
   01F9 EE 0F         [ 7]  589 	xor	a, #0x0f
                            590 ;	genMove_o size 1 result type 2 source type 2 a_dead 1 hl_dead 1 de_dead 1 iy_dead 1 f_dead 1
   01FB 4F            [ 4]  591 	ld	c, a
                            592 ;	genMove_o size 0 result type 2 source type 1 a_dead 1 hl_dead 1 de_dead 1 iy_dead 1 f_dead 1
                            593 ;	genPointerSet
                            594 ;	genMove_o size 2 result type 2 source type 7 a_dead 1 hl_dead 1 de_dead 1 iy_dead 1 f_dead 1
   01FC 21r01s00      [10]  595 	ld	hl, #_nibble_op_test_low1_2_volatileBits_10000_23
   01FF ED 67         [18]  596 	rrd
   0201 79            [ 4]  597 	ld	a, c
   0202 ED 6F         [18]  598 	rld
                            599 ;	skipping iCode since result will be rematerialized
                            600 ;	genPointerGet
   0204 3Ar01s00      [13]  601 	ld	a, (#_nibble_op_test_low1_2_volatileBits_10000_23 + 0)
   0207 E6 0F         [ 7]  602 	and	a, #0x0f
                            603 ;	genCast
                            604 ;	(locations are the same)
                            605 ;	genCmpEq
   0209 FE 0F         [ 7]  606 	cp	a, #0x0f
                            607 ; common peephole 81 removed jp by using inverse jump logic
                            608 ; common peephole 159 removed unused label 00211$.
                            609 ; common peephole 163 changed absolute to relative conditional jump.
   020B 20 0B         [12]  610 	jr	nz, 00104$
                            611 ; common peephole 82 removed jp by using inverse jump logic
                            612 ; common peephole 159 removed unused label 00212$.
                            613 ;	skipping generated iCode
                            614 ;	skipping iCode since result will be rematerialized
                            615 ;	genPointerGet
   020D 3Ar01s00      [13]  616 	ld	a, (#_nibble_op_test_low1_2_volatileBits_10000_23 + 0)
   0210 07            [ 4]  617 	rlca
   0211 07            [ 4]  618 	rlca
   0212 07            [ 4]  619 	rlca
   0213 07            [ 4]  620 	rlca
                            621 ;	genIfx
   0214 E6 0F         [ 7]  622 	and	a, #0x0f
                            623 ; common peephole 100 removed redundant or after and.
                            624 ; common peephole 163 changed absolute to relative conditional jump.
   0216 28 04         [12]  625 	jr	z, 00105$
                            626 ;	genLabel
   0218                     627 00104$:
                            628 ;	genAssign
                            629 ;	genMove_o size 1 result type 11 source type 1 a_dead 1 hl_dead 1 de_dead 1 iy_dead 1 f_dead 1
   0218 AF            [ 4]  630 	xor	a, a
   0219 32r00s00      [13]  631 	ld	(#_success), a
                            632 ; common peephole 19 loaded (#_success) from a directly instead of using hl.
                            633 ;	genLabel
   021C                     634 00105$:
                            635 ;	genAddrOf
   021C 01r01s00      [10]  636 	ld	bc, #_nibble_op_test_low1_2_volatileBits_10000_23+0
                            637 ;	genPointerSet
   021F 0A            [ 7]  638 	ld	a, (bc)
   0220 F6 0F         [ 7]  639 	or	a, #0x0f
   0222 02            [ 7]  640 	ld	(bc), a
                            641 ;	skipping iCode since result will be rematerialized
                            642 ;	genPointerGet
   0223 3Ar01s00      [13]  643 	ld	a, (#_nibble_op_test_low1_2_volatileBits_10000_23 + 0)
   0226 E6 0F         [ 7]  644 	and	a, #0x0f
                            645 ;	genCmpEq
   0228 FE 0F         [ 7]  646 	cp	a, #0x0f
                            647 ; common peephole 81 removed jp by using inverse jump logic
                            648 ; common peephole 159 removed unused label 00213$.
                            649 ; common peephole 163 changed absolute to relative conditional jump.
   022A 20 0B         [12]  650 	jr	nz, 00107$
                            651 ; common peephole 82 removed jp by using inverse jump logic
                            652 ; common peephole 159 removed unused label 00214$.
                            653 ;	skipping generated iCode
                            654 ;	skipping iCode since result will be rematerialized
                            655 ;	genPointerGet
   022C 3Ar01s00      [13]  656 	ld	a, (#_nibble_op_test_low1_2_volatileBits_10000_23 + 0)
   022F 07            [ 4]  657 	rlca
   0230 07            [ 4]  658 	rlca
   0231 07            [ 4]  659 	rlca
   0232 07            [ 4]  660 	rlca
                            661 ;	genIfx
   0233 E6 0F         [ 7]  662 	and	a, #0x0f
                            663 ; common peephole 100 removed redundant or after and.
                            664 ; common peephole 163 changed absolute to relative conditional jump.
   0235 28 04         [12]  665 	jr	z, 00108$
                            666 ;	genLabel
   0237                     667 00107$:
                            668 ;	genAssign
                            669 ;	genMove_o size 1 result type 11 source type 1 a_dead 1 hl_dead 1 de_dead 1 iy_dead 1 f_dead 1
   0237 AF            [ 4]  670 	xor	a, a
   0238 32r00s00      [13]  671 	ld	(#_success), a
                            672 ; common peephole 19 loaded (#_success) from a directly instead of using hl.
                            673 ;	genLabel
   023B                     674 00108$:
                            675 ;	skipping iCode since result will be rematerialized
                            676 ;	skipping iCode since result will be rematerialized
                            677 ;	genPointerGet
   023B 3Ar01s00      [13]  678 	ld	a, (#_nibble_op_test_low1_2_volatileBits_10000_23 + 0)
   023E E6 0F         [ 7]  679 	and	a, #0x0f
                            680 ;	genXor
   0240 EE 0F         [ 7]  681 	xor	a, #0x0f
                            682 ;	genMove_o size 1 result type 2 source type 2 a_dead 1 hl_dead 1 de_dead 1 iy_dead 1 f_dead 1
   0242 4F            [ 4]  683 	ld	c, a
                            684 ;	genMove_o size 0 result type 2 source type 1 a_dead 1 hl_dead 1 de_dead 1 iy_dead 1 f_dead 1
                            685 ;	genPointerSet
                            686 ;	genMove_o size 2 result type 2 source type 7 a_dead 1 hl_dead 1 de_dead 1 iy_dead 1 f_dead 1
   0243 21r01s00      [10]  687 	ld	hl, #_nibble_op_test_low1_2_volatileBits_10000_23
   0246 ED 67         [18]  688 	rrd
   0248 79            [ 4]  689 	ld	a, c
   0249 ED 6F         [18]  690 	rld
                            691 ;	skipping iCode since result will be rematerialized
                            692 ;	genPointerGet
   024B 3Ar01s00      [13]  693 	ld	a, (#_nibble_op_test_low1_2_volatileBits_10000_23 + 0)
                            694 ;	genIfx
   024E E6 0F         [ 7]  695 	and	a, #0x0f
                            696 ; common peephole 100 removed redundant or after and.
                            697 ; common peephole 163 changed absolute to relative conditional jump.
   0250 20 0B         [12]  698 	jr	nz, 00110$
                            699 ;	skipping iCode since result will be rematerialized
                            700 ;	genPointerGet
   0252 3Ar01s00      [13]  701 	ld	a, (#_nibble_op_test_low1_2_volatileBits_10000_23 + 0)
   0255 07            [ 4]  702 	rlca
   0256 07            [ 4]  703 	rlca
   0257 07            [ 4]  704 	rlca
   0258 07            [ 4]  705 	rlca
                            706 ;	genIfx
   0259 E6 0F         [ 7]  707 	and	a, #0x0f
                            708 ; common peephole 100 removed redundant or after and.
                            709 ; common peephole 163 changed absolute to relative conditional jump.
   025B 28 04         [12]  710 	jr	z, 00111$
                            711 ;	genLabel
   025D                     712 00110$:
                            713 ;	genAssign
                            714 ;	genMove_o size 1 result type 11 source type 1 a_dead 1 hl_dead 1 de_dead 1 iy_dead 1 f_dead 1
   025D AF            [ 4]  715 	xor	a, a
   025E 32r00s00      [13]  716 	ld	(#_success), a
                            717 ; common peephole 19 loaded (#_success) from a directly instead of using hl.
                            718 ;	genLabel
   0261                     719 00111$:
                            720 ;	genPlus
                            721 ;	genMove_o size 2 result type 2 source type 10 a_dead 1 hl_dead 1 de_dead 1 iy_dead 1 f_dead 1
   0261 2Ar00s00      [16]  722 	ld	hl, (___numTests)
   0264 23            [ 6]  723 	inc	hl
                            724 ;	genMove_o size 2 result type 10 source type 2 a_dead 1 hl_dead 1 de_dead 1 iy_dead 1 f_dead 1
   0265 22r00s00      [16]  725 	ld	(___numTests), hl
                            726 ;	genIfx
                            727 ; common peephole 61 used hl instead of iy.
                            728 ; common peephole 130a removed unnecessary +0 from constant
   0268 21r00s00      [10]  729 	ld	hl, #_success
   026B CB 46         [12]  730 	bit	0, (hl)
                            731 ; common peephole 163 changed absolute to relative conditional jump.
   026D 20 11         [12]  732 	jr	nz, 00128$
                            733 ;	skipping iCode since result will be rematerialized
                            734 ;	skipping iCode since result will be rematerialized
                            735 ;	skipping iCode since result will be rematerialized
                            736 ;	skipping iCode since result will be rematerialized
                            737 ;	skipping iCode since result will be rematerialized
                            738 ;	skipping iCode since result will be rematerialized
                            739 ;	genIpush
                            740 ;	genMove_o size 2 result type 2 source type 1 a_dead 1 hl_dead 1 de_dead 1 iy_dead 1 f_dead 1
   026F 21 30 01      [10]  741 	ld	hl, #0x0130
   0272 E5            [11]  742 	push	hl
                            743 ;	genIpush
                            744 ;	genMove_o size 2 result type 2 source type 7 a_dead 1 hl_dead 1 de_dead 1 iy_dead 1 f_dead 1
   0273 21r4As03      [10]  745 	ld	hl, #___str_5
   0276 E5            [11]  746 	push	hl
                            747 ;	genSend
                            748 ;	genMove_o size 2 result type 2 source type 7 a_dead 1 hl_dead 1 de_dead 1 iy_dead 1 f_dead 1
   0277 11r42s03      [10]  749 	ld	de, #___str_4
                            750 ;	genSend
                            751 ;	genMove_o size 2 result type 2 source type 7 a_dead 1 hl_dead 1 de_dead 0 iy_dead 1 f_dead 1
   027A 21r31s03      [10]  752 	ld	hl, #___str_3
                            753 ;	genCall
   027D CDr00s00      [17]  754 	call	___fail
                            755 ;	genLabel
   0280                     756 00128$:
                            757 ;cases/bitfields-nibbles/bitfields-nibbles_operation_3_pattern_0_varType_4.c:305: TEST(low, 0xF0);
                            758 ;	genAssign
                            759 ;	genMove_o size 1 result type 11 source type 1 a_dead 1 hl_dead 1 de_dead 1 iy_dead 1 f_dead 1
   0280 21r00s00      [10]  760 	ld	hl, #_success
   0283 36 01         [10]  761 	ld	(hl), #0x01
                            762 ;	genAddrOf
   0285 01r01s00      [10]  763 	ld	bc, #_nibble_op_test_low1_2_volatileBits_10000_23+0
                            764 ;	genPointerSet
   0288 0A            [ 7]  765 	ld	a, (bc)
   0289 E6 F0         [ 7]  766 	and	a, #0xf0
   028B 02            [ 7]  767 	ld	(bc), a
                            768 ;	genAddrOf
   028C 01r01s00      [10]  769 	ld	bc, #_nibble_op_test_low1_2_volatileBits_10000_23+0
                            770 ;	genPointerSet
   028F 0A            [ 7]  771 	ld	a, (bc)
   0290 E6 0F         [ 7]  772 	and	a, #0x0f
   0292 02            [ 7]  773 	ld	(bc), a
                            774 ;	skipping iCode since result will be rematerialized
                            775 ;	genPointerGet
   0293 3Ar01s00      [13]  776 	ld	a, (#_nibble_op_test_low1_2_volatileBits_10000_23 + 0)
                            777 ;	genIfx
   0296 E6 0F         [ 7]  778 	and	a, #0x0f
                            779 ; common peephole 100 removed redundant or after and.
                            780 ; common peephole 163 changed absolute to relative conditional jump.
   0298 20 0B         [12]  781 	jr	nz, 00113$
                            782 ;	skipping iCode since result will be rematerialized
                            783 ;	genPointerGet
   029A 3Ar01s00      [13]  784 	ld	a, (#_nibble_op_test_low1_2_volatileBits_10000_23 + 0)
   029D 07            [ 4]  785 	rlca
   029E 07            [ 4]  786 	rlca
   029F 07            [ 4]  787 	rlca
   02A0 07            [ 4]  788 	rlca
                            789 ;	genIfx
   02A1 E6 0F         [ 7]  790 	and	a, #0x0f
                            791 ; common peephole 100 removed redundant or after and.
                            792 ; common peephole 163 changed absolute to relative conditional jump.
   02A3 28 04         [12]  793 	jr	z, 00114$
                            794 ;	genLabel
   02A5                     795 00113$:
                            796 ;	genAssign
                            797 ;	genMove_o size 1 result type 11 source type 1 a_dead 1 hl_dead 1 de_dead 1 iy_dead 1 f_dead 1
   02A5 AF            [ 4]  798 	xor	a, a
   02A6 32r00s00      [13]  799 	ld	(#_success), a
                            800 ; common peephole 19 loaded (#_success) from a directly instead of using hl.
                            801 ;	genLabel
   02A9                     802 00114$:
                            803 ;	skipping iCode since result will be rematerialized
                            804 ;	genAddrOf
                            805 ;	genPointerGet
                            806 ;fetchPairLong
   02A9 3Ar01s00      [13]  807 	ld	a, (#_nibble_op_test_low1_2_volatileBits_10000_23+0)
                            808 ; common peephole 17 loaded a from (#_nibble_op_test_low1_2_volatileBits_10000_23+0) directly instead of using hl.
   02AC E6 0F         [ 7]  809 	and	a, #0x0f
   02AE 4F            [ 4]  810 	ld	c, a
                            811 ;	genPointerSet
                            812 ;	genMove_o size 2 result type 2 source type 7 a_dead 1 hl_dead 1 de_dead 1 iy_dead 1 f_dead 1
   02AF 21r01s00      [10]  813 	ld	hl, #_nibble_op_test_low1_2_volatileBits_10000_23
   02B2 ED 67         [18]  814 	rrd
   02B4 79            [ 4]  815 	ld	a, c
   02B5 ED 6F         [18]  816 	rld
                            817 ;	skipping iCode since result will be rematerialized
                            818 ;	genPointerGet
   02B7 3Ar01s00      [13]  819 	ld	a, (#_nibble_op_test_low1_2_volatileBits_10000_23 + 0)
                            820 ;	genIfx
   02BA E6 0F         [ 7]  821 	and	a, #0x0f
                            822 ; common peephole 100 removed redundant or after and.
                            823 ; common peephole 163 changed absolute to relative conditional jump.
   02BC 20 0B         [12]  824 	jr	nz, 00116$
                            825 ;	skipping iCode since result will be rematerialized
                            826 ;	genPointerGet
   02BE 3Ar01s00      [13]  827 	ld	a, (#_nibble_op_test_low1_2_volatileBits_10000_23 + 0)
   02C1 07            [ 4]  828 	rlca
   02C2 07            [ 4]  829 	rlca
   02C3 07            [ 4]  830 	rlca
   02C4 07            [ 4]  831 	rlca
                            832 ;	genIfx
   02C5 E6 0F         [ 7]  833 	and	a, #0x0f
                            834 ; common peephole 100 removed redundant or after and.
                            835 ; common peephole 163 changed absolute to relative conditional jump.
   02C7 28 04         [12]  836 	jr	z, 00117$
                            837 ;	genLabel
   02C9                     838 00116$:
                            839 ;	genAssign
                            840 ;	genMove_o size 1 result type 11 source type 1 a_dead 1 hl_dead 1 de_dead 1 iy_dead 1 f_dead 1
   02C9 AF            [ 4]  841 	xor	a, a
   02CA 32r00s00      [13]  842 	ld	(#_success), a
                            843 ; common peephole 19 loaded (#_success) from a directly instead of using hl.
                            844 ;	genLabel
   02CD                     845 00117$:
                            846 ;	genAddrOf
   02CD 01r01s00      [10]  847 	ld	bc, #_nibble_op_test_low1_2_volatileBits_10000_23+0
                            848 ;	genPointerSet
   02D0 0A            [ 7]  849 	ld	a, (bc)
   02D1 F6 0F         [ 7]  850 	or	a, #0x0f
   02D3 02            [ 7]  851 	ld	(bc), a
                            852 ;	skipping iCode since result will be rematerialized
                            853 ;	genPointerGet
   02D4 3Ar01s00      [13]  854 	ld	a, (#_nibble_op_test_low1_2_volatileBits_10000_23 + 0)
   02D7 E6 0F         [ 7]  855 	and	a, #0x0f
                            856 ;	genCmpEq
   02D9 FE 0F         [ 7]  857 	cp	a, #0x0f
                            858 ; common peephole 81 removed jp by using inverse jump logic
                            859 ; common peephole 159 removed unused label 00215$.
                            860 ; common peephole 163 changed absolute to relative conditional jump.
   02DB 20 0B         [12]  861 	jr	nz, 00119$
                            862 ; common peephole 82 removed jp by using inverse jump logic
                            863 ; common peephole 159 removed unused label 00216$.
                            864 ;	skipping generated iCode
                            865 ;	skipping iCode since result will be rematerialized
                            866 ;	genPointerGet
   02DD 3Ar01s00      [13]  867 	ld	a, (#_nibble_op_test_low1_2_volatileBits_10000_23 + 0)
   02E0 07            [ 4]  868 	rlca
   02E1 07            [ 4]  869 	rlca
   02E2 07            [ 4]  870 	rlca
   02E3 07            [ 4]  871 	rlca
                            872 ;	genIfx
   02E4 E6 0F         [ 7]  873 	and	a, #0x0f
                            874 ; common peephole 100 removed redundant or after and.
                            875 ; common peephole 163 changed absolute to relative conditional jump.
   02E6 28 04         [12]  876 	jr	z, 00120$
                            877 ;	genLabel
   02E8                     878 00119$:
                            879 ;	genAssign
                            880 ;	genMove_o size 1 result type 11 source type 1 a_dead 1 hl_dead 1 de_dead 1 iy_dead 1 f_dead 1
   02E8 AF            [ 4]  881 	xor	a, a
   02E9 32r00s00      [13]  882 	ld	(#_success), a
                            883 ; common peephole 19 loaded (#_success) from a directly instead of using hl.
                            884 ;	genLabel
   02EC                     885 00120$:
                            886 ;	skipping iCode since result will be rematerialized
                            887 ;	genAddrOf
                            888 ;	genPointerGet
                            889 ;fetchPairLong
   02EC 3Ar01s00      [13]  890 	ld	a, (#_nibble_op_test_low1_2_volatileBits_10000_23+0)
                            891 ; common peephole 17 loaded a from (#_nibble_op_test_low1_2_volatileBits_10000_23+0) directly instead of using hl.
   02EF E6 0F         [ 7]  892 	and	a, #0x0f
   02F1 4F            [ 4]  893 	ld	c, a
                            894 ;	genPointerSet
                            895 ;	genMove_o size 2 result type 2 source type 7 a_dead 1 hl_dead 1 de_dead 1 iy_dead 1 f_dead 1
   02F2 21r01s00      [10]  896 	ld	hl, #_nibble_op_test_low1_2_volatileBits_10000_23
   02F5 ED 67         [18]  897 	rrd
   02F7 79            [ 4]  898 	ld	a, c
   02F8 ED 6F         [18]  899 	rld
                            900 ;	skipping iCode since result will be rematerialized
                            901 ;	genPointerGet
   02FA 3Ar01s00      [13]  902 	ld	a, (#_nibble_op_test_low1_2_volatileBits_10000_23 + 0)
   02FD E6 0F         [ 7]  903 	and	a, #0x0f
                            904 ;	genCast
                            905 ;	(locations are the same)
                            906 ;	genCmpEq
   02FF FE 0F         [ 7]  907 	cp	a, #0x0f
                            908 ; common peephole 81 removed jp by using inverse jump logic
                            909 ; common peephole 159 removed unused label 00217$.
                            910 ; common peephole 163 changed absolute to relative conditional jump.
   0301 20 0B         [12]  911 	jr	nz, 00122$
                            912 ; common peephole 82 removed jp by using inverse jump logic
                            913 ; common peephole 159 removed unused label 00218$.
                            914 ;	skipping generated iCode
                            915 ;	skipping iCode since result will be rematerialized
                            916 ;	genPointerGet
   0303 3Ar01s00      [13]  917 	ld	a, (#_nibble_op_test_low1_2_volatileBits_10000_23 + 0)
   0306 07            [ 4]  918 	rlca
   0307 07            [ 4]  919 	rlca
   0308 07            [ 4]  920 	rlca
   0309 07            [ 4]  921 	rlca
                            922 ;	genIfx
   030A E6 0F         [ 7]  923 	and	a, #0x0f
                            924 ; common peephole 100 removed redundant or after and.
                            925 ; common peephole 163 changed absolute to relative conditional jump.
   030C 28 04         [12]  926 	jr	z, 00123$
                            927 ;	genLabel
   030E                     928 00122$:
                            929 ;	genAssign
                            930 ;	genMove_o size 1 result type 11 source type 1 a_dead 1 hl_dead 1 de_dead 1 iy_dead 1 f_dead 1
   030E AF            [ 4]  931 	xor	a, a
   030F 32r00s00      [13]  932 	ld	(#_success), a
                            933 ; common peephole 19 loaded (#_success) from a directly instead of using hl.
                            934 ;	genLabel
   0312                     935 00123$:
                            936 ;	genPlus
                            937 ;	genMove_o size 2 result type 2 source type 10 a_dead 1 hl_dead 1 de_dead 1 iy_dead 1 f_dead 1
   0312 2Ar00s00      [16]  938 	ld	hl, (___numTests)
   0315 23            [ 6]  939 	inc	hl
                            940 ;	genMove_o size 2 result type 10 source type 2 a_dead 1 hl_dead 1 de_dead 1 iy_dead 1 f_dead 1
   0316 22r00s00      [16]  941 	ld	(___numTests), hl
                            942 ;	genIfx
                            943 ; common peephole 61 used hl instead of iy.
                            944 ; common peephole 130a removed unnecessary +0 from constant
   0319 21r00s00      [10]  945 	ld	hl, #_success
   031C CB 46         [12]  946 	bit	0, (hl)
   031E C0            [11]  947 	ret	nz
                            948 ; common peephole 161 replaced jump by return.
                            949 ;	skipping iCode since result will be rematerialized
                            950 ;	skipping iCode since result will be rematerialized
                            951 ;	skipping iCode since result will be rematerialized
                            952 ;	skipping iCode since result will be rematerialized
                            953 ;	skipping iCode since result will be rematerialized
                            954 ;	skipping iCode since result will be rematerialized
                            955 ;	genIpush
                            956 ;	genMove_o size 2 result type 2 source type 1 a_dead 1 hl_dead 1 de_dead 1 iy_dead 1 f_dead 1
   031F 21 31 01      [10]  957 	ld	hl, #0x0131
   0322 E5            [11]  958 	push	hl
                            959 ;	genIpush
                            960 ;	genMove_o size 2 result type 2 source type 7 a_dead 1 hl_dead 1 de_dead 1 iy_dead 1 f_dead 1
   0323 21r4As03      [10]  961 	ld	hl, #___str_5
   0326 E5            [11]  962 	push	hl
                            963 ;	genSend
                            964 ;	genMove_o size 2 result type 2 source type 7 a_dead 1 hl_dead 1 de_dead 1 iy_dead 1 f_dead 1
   0327 11r42s03      [10]  965 	ld	de, #___str_4
                            966 ;	genSend
                            967 ;	genMove_o size 2 result type 2 source type 7 a_dead 1 hl_dead 1 de_dead 0 iy_dead 1 f_dead 1
   032A 21r31s03      [10]  968 	ld	hl, #___str_3
                            969 ;	genCall
   032D CDr00s00      [17]  970 	call	___fail
                            971 ;	genLabel
                            972 ; common peephole 159 removed unused label 00125$.
                            973 ;cases/bitfields-nibbles/bitfields-nibbles_operation_3_pattern_0_varType_4.c:306: }
                            974 ;	genEndFunction
   0330 C9            [10]  975 	ret
                            976 ;	Total nibble_op_test_low1_2 function size at codegen: 13 bytes.
   0331                     977 ___str_3:
   0331 41 73 73 65 72 74   978 	.ascii "Assertion failed"
        69 6F 6E 20 66 61
        69 6C 65 64
   0341 00                  979 	.db 0x00
   0342                     980 ___str_4:
   0342 73 75 63 63 65 73   981 	.ascii "success"
        73
   0349 00                  982 	.db 0x00
   034A                     983 ___str_5:
   034A 63 61 73 65 73 2F   984 	.ascii "cases/bitfields-nibbles/bitfields-nibbles_operation_3_patter"
        62 69 74 66 69 65
        6C 64 73 2D 6E 69
        62 62 6C 65 73 2F
        62 69 74 66 69 65
        6C 64 73 2D 6E 69
        62 62 6C 65 73 5F
        6F 70 65 72 61 74
        69 6F 6E 5F 33 5F
        70 61 74 74 65 72
   0386 6E 5F 30 5F 76 61   985 	.ascii "n_0_varType_4.c"
        72 54 79 70 65 5F
        34 2E 63
   0395 00                  986 	.db 0x00
                            987 ;cases/bitfields-nibbles/bitfields-nibbles_operation_3_pattern_0_varType_4.c:308: nibble_op_test_low2_1(void)
                            988 ;	genLabel
                            989 ;	genFunction
                            990 ;	---------------------------------
                            991 ; Function nibble_op_test_low2_1
                            992 ; ---------------------------------
                            993 ;	Register assignment might be sub-optimal.
                            994 ; Stack space usage: 0 bytes.
   0396                     995 _nibble_op_test_low2_1:
                            996 ;cases/bitfields-nibbles/bitfields-nibbles_operation_3_pattern_0_varType_4.c:311: TEST(low, 0x01);
                            997 ;	genAssign
                            998 ;	genMove_o size 1 result type 11 source type 1 a_dead 1 hl_dead 1 de_dead 1 iy_dead 1 f_dead 1
   0396 21r00s00      [10]  999 	ld	hl, #_success
   0399 36 01         [10] 1000 	ld	(hl), #0x01
                           1001 ;	genAddrOf
   039B 01r02s00      [10] 1002 	ld	bc, #_nibble_op_test_low2_1_volatileBits_10000_33+0
                           1003 ;	genPointerSet
   039E 0A            [ 7] 1004 	ld	a, (bc)
   039F E6 F0         [ 7] 1005 	and	a, #0xf0
   03A1 02            [ 7] 1006 	ld	(bc), a
                           1007 ;	genAddrOf
   03A2 01r02s00      [10] 1008 	ld	bc, #_nibble_op_test_low2_1_volatileBits_10000_33+0
                           1009 ;	genPointerSet
   03A5 0A            [ 7] 1010 	ld	a, (bc)
   03A6 E6 0F         [ 7] 1011 	and	a, #0x0f
   03A8 02            [ 7] 1012 	ld	(bc), a
                           1013 ;	skipping iCode since result will be rematerialized
                           1014 ;	genPointerGet
   03A9 3Ar02s00      [13] 1015 	ld	a, (#_nibble_op_test_low2_1_volatileBits_10000_33 + 0)
                           1016 ;	genIfx
   03AC E6 0F         [ 7] 1017 	and	a, #0x0f
                           1018 ; common peephole 100 removed redundant or after and.
                           1019 ; common peephole 163 changed absolute to relative conditional jump.
   03AE 20 0B         [12] 1020 	jr	nz, 00101$
                           1021 ;	skipping iCode since result will be rematerialized
                           1022 ;	genPointerGet
   03B0 3Ar02s00      [13] 1023 	ld	a, (#_nibble_op_test_low2_1_volatileBits_10000_33 + 0)
   03B3 07            [ 4] 1024 	rlca
   03B4 07            [ 4] 1025 	rlca
   03B5 07            [ 4] 1026 	rlca
   03B6 07            [ 4] 1027 	rlca
                           1028 ;	genIfx
   03B7 E6 0F         [ 7] 1029 	and	a, #0x0f
                           1030 ; common peephole 100 removed redundant or after and.
                           1031 ; common peephole 163 changed absolute to relative conditional jump.
   03B9 28 04         [12] 1032 	jr	z, 00102$
                           1033 ;	genLabel
   03BB                    1034 00101$:
                           1035 ;	genAssign
                           1036 ;	genMove_o size 1 result type 11 source type 1 a_dead 1 hl_dead 1 de_dead 1 iy_dead 1 f_dead 1
   03BB AF            [ 4] 1037 	xor	a, a
   03BC 32r00s00      [13] 1038 	ld	(#_success), a
                           1039 ; common peephole 19 loaded (#_success) from a directly instead of using hl.
                           1040 ;	genLabel
   03BF                    1041 00102$:
                           1042 ;	skipping iCode since result will be rematerialized
                           1043 ;	skipping iCode since result will be rematerialized
                           1044 ;	genPointerGet
   03BF 3Ar02s00      [13] 1045 	ld	a, (#_nibble_op_test_low2_1_volatileBits_10000_33 + 0)
   03C2 E6 0F         [ 7] 1046 	and	a, #0x0f
                           1047 ;	genXor
   03C4 EE 01         [ 7] 1048 	xor	a, #0x01
                           1049 ;	genMove_o size 1 result type 2 source type 2 a_dead 1 hl_dead 1 de_dead 1 iy_dead 1 f_dead 1
   03C6 4F            [ 4] 1050 	ld	c, a
                           1051 ;	genMove_o size 0 result type 2 source type 1 a_dead 1 hl_dead 1 de_dead 1 iy_dead 1 f_dead 1
                           1052 ;	genPointerSet
                           1053 ;	genMove_o size 2 result type 2 source type 7 a_dead 1 hl_dead 1 de_dead 1 iy_dead 1 f_dead 1
   03C7 21r02s00      [10] 1054 	ld	hl, #_nibble_op_test_low2_1_volatileBits_10000_33
   03CA ED 67         [18] 1055 	rrd
   03CC 79            [ 4] 1056 	ld	a, c
   03CD ED 6F         [18] 1057 	rld
                           1058 ;	skipping iCode since result will be rematerialized
                           1059 ;	genPointerGet
   03CF 3Ar02s00      [13] 1060 	ld	a, (#_nibble_op_test_low2_1_volatileBits_10000_33 + 0)
   03D2 E6 0F         [ 7] 1061 	and	a, #0x0f
                           1062 ;	genCmpEq
   03D4 FE 01         [ 7] 1063 	cp	a, #0x01
                           1064 ; common peephole 81 removed jp by using inverse jump logic
                           1065 ; common peephole 159 removed unused label 00211$.
                           1066 ; common peephole 163 changed absolute to relative conditional jump.
   03D6 20 0B         [12] 1067 	jr	nz, 00104$
                           1068 ; common peephole 82 removed jp by using inverse jump logic
                           1069 ; common peephole 159 removed unused label 00212$.
                           1070 ;	skipping generated iCode
                           1071 ;	skipping iCode since result will be rematerialized
                           1072 ;	genPointerGet
   03D8 3Ar02s00      [13] 1073 	ld	a, (#_nibble_op_test_low2_1_volatileBits_10000_33 + 0)
   03DB 07            [ 4] 1074 	rlca
   03DC 07            [ 4] 1075 	rlca
   03DD 07            [ 4] 1076 	rlca
   03DE 07            [ 4] 1077 	rlca
                           1078 ;	genIfx
   03DF E6 0F         [ 7] 1079 	and	a, #0x0f
                           1080 ; common peephole 100 removed redundant or after and.
                           1081 ; common peephole 163 changed absolute to relative conditional jump.
   03E1 28 04         [12] 1082 	jr	z, 00105$
                           1083 ;	genLabel
   03E3                    1084 00104$:
                           1085 ;	genAssign
                           1086 ;	genMove_o size 1 result type 11 source type 1 a_dead 1 hl_dead 1 de_dead 1 iy_dead 1 f_dead 1
   03E3 AF            [ 4] 1087 	xor	a, a
   03E4 32r00s00      [13] 1088 	ld	(#_success), a
                           1089 ; common peephole 19 loaded (#_success) from a directly instead of using hl.
                           1090 ;	genLabel
   03E7                    1091 00105$:
                           1092 ;	genAddrOf
   03E7 01r02s00      [10] 1093 	ld	bc, #_nibble_op_test_low2_1_volatileBits_10000_33+0
                           1094 ;	genPointerSet
   03EA 0A            [ 7] 1095 	ld	a, (bc)
   03EB F6 0F         [ 7] 1096 	or	a, #0x0f
   03ED 02            [ 7] 1097 	ld	(bc), a
                           1098 ;	skipping iCode since result will be rematerialized
                           1099 ;	genPointerGet
   03EE 3Ar02s00      [13] 1100 	ld	a, (#_nibble_op_test_low2_1_volatileBits_10000_33 + 0)
   03F1 E6 0F         [ 7] 1101 	and	a, #0x0f
                           1102 ;	genCmpEq
   03F3 FE 0F         [ 7] 1103 	cp	a, #0x0f
                           1104 ; common peephole 81 removed jp by using inverse jump logic
                           1105 ; common peephole 159 removed unused label 00213$.
                           1106 ; common peephole 163 changed absolute to relative conditional jump.
   03F5 20 0B         [12] 1107 	jr	nz, 00107$
                           1108 ; common peephole 82 removed jp by using inverse jump logic
                           1109 ; common peephole 159 removed unused label 00214$.
                           1110 ;	skipping generated iCode
                           1111 ;	skipping iCode since result will be rematerialized
                           1112 ;	genPointerGet
   03F7 3Ar02s00      [13] 1113 	ld	a, (#_nibble_op_test_low2_1_volatileBits_10000_33 + 0)
   03FA 07            [ 4] 1114 	rlca
   03FB 07            [ 4] 1115 	rlca
   03FC 07            [ 4] 1116 	rlca
   03FD 07            [ 4] 1117 	rlca
                           1118 ;	genIfx
   03FE E6 0F         [ 7] 1119 	and	a, #0x0f
                           1120 ; common peephole 100 removed redundant or after and.
                           1121 ; common peephole 163 changed absolute to relative conditional jump.
   0400 28 04         [12] 1122 	jr	z, 00108$
                           1123 ;	genLabel
   0402                    1124 00107$:
                           1125 ;	genAssign
                           1126 ;	genMove_o size 1 result type 11 source type 1 a_dead 1 hl_dead 1 de_dead 1 iy_dead 1 f_dead 1
   0402 AF            [ 4] 1127 	xor	a, a
   0403 32r00s00      [13] 1128 	ld	(#_success), a
                           1129 ; common peephole 19 loaded (#_success) from a directly instead of using hl.
                           1130 ;	genLabel
   0406                    1131 00108$:
                           1132 ;	skipping iCode since result will be rematerialized
                           1133 ;	skipping iCode since result will be rematerialized
                           1134 ;	genPointerGet
   0406 3Ar02s00      [13] 1135 	ld	a, (#_nibble_op_test_low2_1_volatileBits_10000_33 + 0)
   0409 E6 0F         [ 7] 1136 	and	a, #0x0f
                           1137 ;	genXor
   040B EE 01         [ 7] 1138 	xor	a, #0x01
                           1139 ;	genMove_o size 1 result type 2 source type 2 a_dead 1 hl_dead 1 de_dead 1 iy_dead 1 f_dead 1
   040D 4F            [ 4] 1140 	ld	c, a
                           1141 ;	genMove_o size 0 result type 2 source type 1 a_dead 1 hl_dead 1 de_dead 1 iy_dead 1 f_dead 1
                           1142 ;	genPointerSet
                           1143 ;	genMove_o size 2 result type 2 source type 7 a_dead 1 hl_dead 1 de_dead 1 iy_dead 1 f_dead 1
   040E 21r02s00      [10] 1144 	ld	hl, #_nibble_op_test_low2_1_volatileBits_10000_33
   0411 ED 67         [18] 1145 	rrd
   0413 79            [ 4] 1146 	ld	a, c
   0414 ED 6F         [18] 1147 	rld
                           1148 ;	skipping iCode since result will be rematerialized
                           1149 ;	genPointerGet
   0416 3Ar02s00      [13] 1150 	ld	a, (#_nibble_op_test_low2_1_volatileBits_10000_33 + 0)
   0419 E6 0F         [ 7] 1151 	and	a, #0x0f
                           1152 ;	genCast
                           1153 ;	(locations are the same)
                           1154 ;	genCmpEq
   041B FE 0E         [ 7] 1155 	cp	a, #0x0e
                           1156 ; common peephole 81 removed jp by using inverse jump logic
                           1157 ; common peephole 159 removed unused label 00215$.
                           1158 ; common peephole 163 changed absolute to relative conditional jump.
   041D 20 0B         [12] 1159 	jr	nz, 00110$
                           1160 ; common peephole 82 removed jp by using inverse jump logic
                           1161 ; common peephole 159 removed unused label 00216$.
                           1162 ;	skipping generated iCode
                           1163 ;	skipping iCode since result will be rematerialized
                           1164 ;	genPointerGet
   041F 3Ar02s00      [13] 1165 	ld	a, (#_nibble_op_test_low2_1_volatileBits_10000_33 + 0)
   0422 07            [ 4] 1166 	rlca
   0423 07            [ 4] 1167 	rlca
   0424 07            [ 4] 1168 	rlca
   0425 07            [ 4] 1169 	rlca
                           1170 ;	genIfx
   0426 E6 0F         [ 7] 1171 	and	a, #0x0f
                           1172 ; common peephole 100 removed redundant or after and.
                           1173 ; common peephole 163 changed absolute to relative conditional jump.
   0428 28 04         [12] 1174 	jr	z, 00111$
                           1175 ;	genLabel
   042A                    1176 00110$:
                           1177 ;	genAssign
                           1178 ;	genMove_o size 1 result type 11 source type 1 a_dead 1 hl_dead 1 de_dead 1 iy_dead 1 f_dead 1
   042A AF            [ 4] 1179 	xor	a, a
   042B 32r00s00      [13] 1180 	ld	(#_success), a
                           1181 ; common peephole 19 loaded (#_success) from a directly instead of using hl.
                           1182 ;	genLabel
   042E                    1183 00111$:
                           1184 ;	genPlus
                           1185 ;	genMove_o size 2 result type 2 source type 10 a_dead 1 hl_dead 1 de_dead 1 iy_dead 1 f_dead 1
   042E 2Ar00s00      [16] 1186 	ld	hl, (___numTests)
   0431 23            [ 6] 1187 	inc	hl
                           1188 ;	genMove_o size 2 result type 10 source type 2 a_dead 1 hl_dead 1 de_dead 1 iy_dead 1 f_dead 1
   0432 22r00s00      [16] 1189 	ld	(___numTests), hl
                           1190 ;	genIfx
                           1191 ; common peephole 61 used hl instead of iy.
                           1192 ; common peephole 130a removed unnecessary +0 from constant
   0435 21r00s00      [10] 1193 	ld	hl, #_success
   0438 CB 46         [12] 1194 	bit	0, (hl)
                           1195 ; common peephole 163 changed absolute to relative conditional jump.
   043A 20 11         [12] 1196 	jr	nz, 00128$
                           1197 ;	skipping iCode since result will be rematerialized
                           1198 ;	skipping iCode since result will be rematerialized
                           1199 ;	skipping iCode since result will be rematerialized
                           1200 ;	skipping iCode since result will be rematerialized
                           1201 ;	skipping iCode since result will be rematerialized
                           1202 ;	skipping iCode since result will be rematerialized
                           1203 ;	genIpush
                           1204 ;	genMove_o size 2 result type 2 source type 1 a_dead 1 hl_dead 1 de_dead 1 iy_dead 1 f_dead 1
   043C 21 37 01      [10] 1205 	ld	hl, #0x0137
   043F E5            [11] 1206 	push	hl
                           1207 ;	genIpush
                           1208 ;	genMove_o size 2 result type 2 source type 7 a_dead 1 hl_dead 1 de_dead 1 iy_dead 1 f_dead 1
   0440 21r1Ds05      [10] 1209 	ld	hl, #___str_8
   0443 E5            [11] 1210 	push	hl
                           1211 ;	genSend
                           1212 ;	genMove_o size 2 result type 2 source type 7 a_dead 1 hl_dead 1 de_dead 1 iy_dead 1 f_dead 1
   0444 11r15s05      [10] 1213 	ld	de, #___str_7
                           1214 ;	genSend
                           1215 ;	genMove_o size 2 result type 2 source type 7 a_dead 1 hl_dead 1 de_dead 0 iy_dead 1 f_dead 1
   0447 21r04s05      [10] 1216 	ld	hl, #___str_6
                           1217 ;	genCall
   044A CDr00s00      [17] 1218 	call	___fail
                           1219 ;	genLabel
   044D                    1220 00128$:
                           1221 ;cases/bitfields-nibbles/bitfields-nibbles_operation_3_pattern_0_varType_4.c:312: TEST(low, 0x02);
                           1222 ;	genAssign
                           1223 ;	genMove_o size 1 result type 11 source type 1 a_dead 1 hl_dead 1 de_dead 1 iy_dead 1 f_dead 1
   044D 21r00s00      [10] 1224 	ld	hl, #_success
   0450 36 01         [10] 1225 	ld	(hl), #0x01
                           1226 ;	genAddrOf
   0452 01r02s00      [10] 1227 	ld	bc, #_nibble_op_test_low2_1_volatileBits_10000_33+0
                           1228 ;	genPointerSet
   0455 0A            [ 7] 1229 	ld	a, (bc)
   0456 E6 F0         [ 7] 1230 	and	a, #0xf0
   0458 02            [ 7] 1231 	ld	(bc), a
                           1232 ;	genAddrOf
   0459 01r02s00      [10] 1233 	ld	bc, #_nibble_op_test_low2_1_volatileBits_10000_33+0
                           1234 ;	genPointerSet
   045C 0A            [ 7] 1235 	ld	a, (bc)
   045D E6 0F         [ 7] 1236 	and	a, #0x0f
   045F 02            [ 7] 1237 	ld	(bc), a
                           1238 ;	skipping iCode since result will be rematerialized
                           1239 ;	genPointerGet
   0460 3Ar02s00      [13] 1240 	ld	a, (#_nibble_op_test_low2_1_volatileBits_10000_33 + 0)
                           1241 ;	genIfx
   0463 E6 0F         [ 7] 1242 	and	a, #0x0f
                           1243 ; common peephole 100 removed redundant or after and.
                           1244 ; common peephole 163 changed absolute to relative conditional jump.
   0465 20 0B         [12] 1245 	jr	nz, 00113$
                           1246 ;	skipping iCode since result will be rematerialized
                           1247 ;	genPointerGet
   0467 3Ar02s00      [13] 1248 	ld	a, (#_nibble_op_test_low2_1_volatileBits_10000_33 + 0)
   046A 07            [ 4] 1249 	rlca
   046B 07            [ 4] 1250 	rlca
   046C 07            [ 4] 1251 	rlca
   046D 07            [ 4] 1252 	rlca
                           1253 ;	genIfx
   046E E6 0F         [ 7] 1254 	and	a, #0x0f
                           1255 ; common peephole 100 removed redundant or after and.
                           1256 ; common peephole 163 changed absolute to relative conditional jump.
   0470 28 04         [12] 1257 	jr	z, 00114$
                           1258 ;	genLabel
   0472                    1259 00113$:
                           1260 ;	genAssign
                           1261 ;	genMove_o size 1 result type 11 source type 1 a_dead 1 hl_dead 1 de_dead 1 iy_dead 1 f_dead 1
   0472 AF            [ 4] 1262 	xor	a, a
   0473 32r00s00      [13] 1263 	ld	(#_success), a
                           1264 ; common peephole 19 loaded (#_success) from a directly instead of using hl.
                           1265 ;	genLabel
   0476                    1266 00114$:
                           1267 ;	skipping iCode since result will be rematerialized
                           1268 ;	skipping iCode since result will be rematerialized
                           1269 ;	genPointerGet
   0476 3Ar02s00      [13] 1270 	ld	a, (#_nibble_op_test_low2_1_volatileBits_10000_33 + 0)
   0479 E6 0F         [ 7] 1271 	and	a, #0x0f
                           1272 ;	genXor
   047B EE 02         [ 7] 1273 	xor	a, #0x02
                           1274 ;	genMove_o size 1 result type 2 source type 2 a_dead 1 hl_dead 1 de_dead 1 iy_dead 1 f_dead 1
   047D 4F            [ 4] 1275 	ld	c, a
                           1276 ;	genMove_o size 0 result type 2 source type 1 a_dead 1 hl_dead 1 de_dead 1 iy_dead 1 f_dead 1
                           1277 ;	genPointerSet
                           1278 ;	genMove_o size 2 result type 2 source type 7 a_dead 1 hl_dead 1 de_dead 1 iy_dead 1 f_dead 1
   047E 21r02s00      [10] 1279 	ld	hl, #_nibble_op_test_low2_1_volatileBits_10000_33
   0481 ED 67         [18] 1280 	rrd
   0483 79            [ 4] 1281 	ld	a, c
   0484 ED 6F         [18] 1282 	rld
                           1283 ;	skipping iCode since result will be rematerialized
                           1284 ;	genPointerGet
   0486 3Ar02s00      [13] 1285 	ld	a, (#_nibble_op_test_low2_1_volatileBits_10000_33 + 0)
   0489 E6 0F         [ 7] 1286 	and	a, #0x0f
                           1287 ;	genCast
                           1288 ;	(locations are the same)
                           1289 ;	genCmpEq
   048B FE 02         [ 7] 1290 	cp	a, #0x02
                           1291 ; common peephole 81 removed jp by using inverse jump logic
                           1292 ; common peephole 159 removed unused label 00217$.
                           1293 ; common peephole 163 changed absolute to relative conditional jump.
   048D 20 0B         [12] 1294 	jr	nz, 00116$
                           1295 ; common peephole 82 removed jp by using inverse jump logic
                           1296 ; common peephole 159 removed unused label 00218$.
                           1297 ;	skipping generated iCode
                           1298 ;	skipping iCode since result will be rematerialized
                           1299 ;	genPointerGet
   048F 3Ar02s00      [13] 1300 	ld	a, (#_nibble_op_test_low2_1_volatileBits_10000_33 + 0)
   0492 07            [ 4] 1301 	rlca
   0493 07            [ 4] 1302 	rlca
   0494 07            [ 4] 1303 	rlca
   0495 07            [ 4] 1304 	rlca
                           1305 ;	genIfx
   0496 E6 0F         [ 7] 1306 	and	a, #0x0f
                           1307 ; common peephole 100 removed redundant or after and.
                           1308 ; common peephole 163 changed absolute to relative conditional jump.
   0498 28 04         [12] 1309 	jr	z, 00117$
                           1310 ;	genLabel
   049A                    1311 00116$:
                           1312 ;	genAssign
                           1313 ;	genMove_o size 1 result type 11 source type 1 a_dead 1 hl_dead 1 de_dead 1 iy_dead 1 f_dead 1
   049A AF            [ 4] 1314 	xor	a, a
   049B 32r00s00      [13] 1315 	ld	(#_success), a
                           1316 ; common peephole 19 loaded (#_success) from a directly instead of using hl.
                           1317 ;	genLabel
   049E                    1318 00117$:
                           1319 ;	genAddrOf
   049E 01r02s00      [10] 1320 	ld	bc, #_nibble_op_test_low2_1_volatileBits_10000_33+0
                           1321 ;	genPointerSet
   04A1 0A            [ 7] 1322 	ld	a, (bc)
   04A2 F6 0F         [ 7] 1323 	or	a, #0x0f
   04A4 02            [ 7] 1324 	ld	(bc), a
                           1325 ;	skipping iCode since result will be rematerialized
                           1326 ;	genPointerGet
   04A5 3Ar02s00      [13] 1327 	ld	a, (#_nibble_op_test_low2_1_volatileBits_10000_33 + 0)
   04A8 E6 0F         [ 7] 1328 	and	a, #0x0f
                           1329 ;	genCmpEq
   04AA FE 0F         [ 7] 1330 	cp	a, #0x0f
                           1331 ; common peephole 81 removed jp by using inverse jump logic
                           1332 ; common peephole 159 removed unused label 00219$.
                           1333 ; common peephole 163 changed absolute to relative conditional jump.
   04AC 20 0B         [12] 1334 	jr	nz, 00119$
                           1335 ; common peephole 82 removed jp by using inverse jump logic
                           1336 ; common peephole 159 removed unused label 00220$.
                           1337 ;	skipping generated iCode
                           1338 ;	skipping iCode since result will be rematerialized
                           1339 ;	genPointerGet
   04AE 3Ar02s00      [13] 1340 	ld	a, (#_nibble_op_test_low2_1_volatileBits_10000_33 + 0)
   04B1 07            [ 4] 1341 	rlca
   04B2 07            [ 4] 1342 	rlca
   04B3 07            [ 4] 1343 	rlca
   04B4 07            [ 4] 1344 	rlca
                           1345 ;	genIfx
   04B5 E6 0F         [ 7] 1346 	and	a, #0x0f
                           1347 ; common peephole 100 removed redundant or after and.
                           1348 ; common peephole 163 changed absolute to relative conditional jump.
   04B7 28 04         [12] 1349 	jr	z, 00120$
                           1350 ;	genLabel
   04B9                    1351 00119$:
                           1352 ;	genAssign
                           1353 ;	genMove_o size 1 result type 11 source type 1 a_dead 1 hl_dead 1 de_dead 1 iy_dead 1 f_dead 1
   04B9 AF            [ 4] 1354 	xor	a, a
   04BA 32r00s00      [13] 1355 	ld	(#_success), a
                           1356 ; common peephole 19 loaded (#_success) from a directly instead of using hl.
                           1357 ;	genLabel
   04BD                    1358 00120$:
                           1359 ;	skipping iCode since result will be rematerialized
                           1360 ;	skipping iCode since result will be rematerialized
                           1361 ;	genPointerGet
   04BD 3Ar02s00      [13] 1362 	ld	a, (#_nibble_op_test_low2_1_volatileBits_10000_33 + 0)
   04C0 E6 0F         [ 7] 1363 	and	a, #0x0f
                           1364 ;	genXor
   04C2 EE 02         [ 7] 1365 	xor	a, #0x02
                           1366 ;	genMove_o size 1 result type 2 source type 2 a_dead 1 hl_dead 1 de_dead 1 iy_dead 1 f_dead 1
   04C4 4F            [ 4] 1367 	ld	c, a
                           1368 ;	genMove_o size 0 result type 2 source type 1 a_dead 1 hl_dead 1 de_dead 1 iy_dead 1 f_dead 1
                           1369 ;	genPointerSet
                           1370 ;	genMove_o size 2 result type 2 source type 7 a_dead 1 hl_dead 1 de_dead 1 iy_dead 1 f_dead 1
   04C5 21r02s00      [10] 1371 	ld	hl, #_nibble_op_test_low2_1_volatileBits_10000_33
   04C8 ED 67         [18] 1372 	rrd
   04CA 79            [ 4] 1373 	ld	a, c
   04CB ED 6F         [18] 1374 	rld
                           1375 ;	skipping iCode since result will be rematerialized
                           1376 ;	genPointerGet
   04CD 3Ar02s00      [13] 1377 	ld	a, (#_nibble_op_test_low2_1_volatileBits_10000_33 + 0)
   04D0 E6 0F         [ 7] 1378 	and	a, #0x0f
                           1379 ;	genCast
                           1380 ;	(locations are the same)
                           1381 ;	genCmpEq
   04D2 FE 0D         [ 7] 1382 	cp	a, #0x0d
                           1383 ; common peephole 81 removed jp by using inverse jump logic
                           1384 ; common peephole 159 removed unused label 00221$.
                           1385 ; common peephole 163 changed absolute to relative conditional jump.
   04D4 20 0B         [12] 1386 	jr	nz, 00122$
                           1387 ; common peephole 82 removed jp by using inverse jump logic
                           1388 ; common peephole 159 removed unused label 00222$.
                           1389 ;	skipping generated iCode
                           1390 ;	skipping iCode since result will be rematerialized
                           1391 ;	genPointerGet
   04D6 3Ar02s00      [13] 1392 	ld	a, (#_nibble_op_test_low2_1_volatileBits_10000_33 + 0)
   04D9 07            [ 4] 1393 	rlca
   04DA 07            [ 4] 1394 	rlca
   04DB 07            [ 4] 1395 	rlca
   04DC 07            [ 4] 1396 	rlca
                           1397 ;	genIfx
   04DD E6 0F         [ 7] 1398 	and	a, #0x0f
                           1399 ; common peephole 100 removed redundant or after and.
                           1400 ; common peephole 163 changed absolute to relative conditional jump.
   04DF 28 04         [12] 1401 	jr	z, 00123$
                           1402 ;	genLabel
   04E1                    1403 00122$:
                           1404 ;	genAssign
                           1405 ;	genMove_o size 1 result type 11 source type 1 a_dead 1 hl_dead 1 de_dead 1 iy_dead 1 f_dead 1
   04E1 AF            [ 4] 1406 	xor	a, a
   04E2 32r00s00      [13] 1407 	ld	(#_success), a
                           1408 ; common peephole 19 loaded (#_success) from a directly instead of using hl.
                           1409 ;	genLabel
   04E5                    1410 00123$:
                           1411 ;	genPlus
                           1412 ;	genMove_o size 2 result type 2 source type 10 a_dead 1 hl_dead 1 de_dead 1 iy_dead 1 f_dead 1
   04E5 2Ar00s00      [16] 1413 	ld	hl, (___numTests)
   04E8 23            [ 6] 1414 	inc	hl
                           1415 ;	genMove_o size 2 result type 10 source type 2 a_dead 1 hl_dead 1 de_dead 1 iy_dead 1 f_dead 1
   04E9 22r00s00      [16] 1416 	ld	(___numTests), hl
                           1417 ;	genIfx
                           1418 ; common peephole 61 used hl instead of iy.
                           1419 ; common peephole 130a removed unnecessary +0 from constant
   04EC 21r00s00      [10] 1420 	ld	hl, #_success
   04EF CB 46         [12] 1421 	bit	0, (hl)
   04F1 C0            [11] 1422 	ret	nz
                           1423 ; common peephole 161 replaced jump by return.
                           1424 ;	skipping iCode since result will be rematerialized
                           1425 ;	skipping iCode since result will be rematerialized
                           1426 ;	skipping iCode since result will be rematerialized
                           1427 ;	skipping iCode since result will be rematerialized
                           1428 ;	skipping iCode since result will be rematerialized
                           1429 ;	skipping iCode since result will be rematerialized
                           1430 ;	genIpush
                           1431 ;	genMove_o size 2 result type 2 source type 1 a_dead 1 hl_dead 1 de_dead 1 iy_dead 1 f_dead 1
   04F2 21 38 01      [10] 1432 	ld	hl, #0x0138
   04F5 E5            [11] 1433 	push	hl
                           1434 ;	genIpush
                           1435 ;	genMove_o size 2 result type 2 source type 7 a_dead 1 hl_dead 1 de_dead 1 iy_dead 1 f_dead 1
   04F6 21r1Ds05      [10] 1436 	ld	hl, #___str_8
   04F9 E5            [11] 1437 	push	hl
                           1438 ;	genSend
                           1439 ;	genMove_o size 2 result type 2 source type 7 a_dead 1 hl_dead 1 de_dead 1 iy_dead 1 f_dead 1
   04FA 11r15s05      [10] 1440 	ld	de, #___str_7
                           1441 ;	genSend
                           1442 ;	genMove_o size 2 result type 2 source type 7 a_dead 1 hl_dead 1 de_dead 0 iy_dead 1 f_dead 1
   04FD 21r04s05      [10] 1443 	ld	hl, #___str_6
                           1444 ;	genCall
   0500 CDr00s00      [17] 1445 	call	___fail
                           1446 ;	genLabel
                           1447 ; common peephole 159 removed unused label 00125$.
                           1448 ;cases/bitfields-nibbles/bitfields-nibbles_operation_3_pattern_0_varType_4.c:313: }
                           1449 ;	genEndFunction
   0503 C9            [10] 1450 	ret
                           1451 ;	Total nibble_op_test_low2_1 function size at codegen: 13 bytes.
   0504                    1452 ___str_6:
   0504 41 73 73 65 72 74  1453 	.ascii "Assertion failed"
        69 6F 6E 20 66 61
        69 6C 65 64
   0514 00                 1454 	.db 0x00
   0515                    1455 ___str_7:
   0515 73 75 63 63 65 73  1456 	.ascii "success"
        73
   051C 00                 1457 	.db 0x00
   051D                    1458 ___str_8:
   051D 63 61 73 65 73 2F  1459 	.ascii "cases/bitfields-nibbles/bitfields-nibbles_operation_3_patter"
        62 69 74 66 69 65
        6C 64 73 2D 6E 69
        62 62 6C 65 73 2F
        62 69 74 66 69 65
        6C 64 73 2D 6E 69
        62 62 6C 65 73 5F
        6F 70 65 72 61 74
        69 6F 6E 5F 33 5F
        70 61 74 74 65 72
   0559 6E 5F 30 5F 76 61  1460 	.ascii "n_0_varType_4.c"
        72 54 79 70 65 5F
        34 2E 63
   0568 00                 1461 	.db 0x00
                           1462 ;cases/bitfields-nibbles/bitfields-nibbles_operation_3_pattern_0_varType_4.c:324: nibble_op_test_low3_1(void)
                           1463 ;	genLabel
                           1464 ;	genFunction
                           1465 ;	---------------------------------
                           1466 ; Function nibble_op_test_low3_1
                           1467 ; ---------------------------------
                           1468 ;	Register assignment might be sub-optimal.
                           1469 ; Stack space usage: 0 bytes.
   0569                    1470 _nibble_op_test_low3_1:
                           1471 ;cases/bitfields-nibbles/bitfields-nibbles_operation_3_pattern_0_varType_4.c:327: TEST(low, 0x0E);
                           1472 ;	genAssign
                           1473 ;	genMove_o size 1 result type 11 source type 1 a_dead 1 hl_dead 1 de_dead 1 iy_dead 1 f_dead 1
   0569 21r00s00      [10] 1474 	ld	hl, #_success
   056C 36 01         [10] 1475 	ld	(hl), #0x01
                           1476 ;	genAddrOf
   056E 01r03s00      [10] 1477 	ld	bc, #_nibble_op_test_low3_1_volatileBits_10000_43+0
                           1478 ;	genPointerSet
   0571 0A            [ 7] 1479 	ld	a, (bc)
   0572 E6 F0         [ 7] 1480 	and	a, #0xf0
   0574 02            [ 7] 1481 	ld	(bc), a
                           1482 ;	genAddrOf
   0575 01r03s00      [10] 1483 	ld	bc, #_nibble_op_test_low3_1_volatileBits_10000_43+0
                           1484 ;	genPointerSet
   0578 0A            [ 7] 1485 	ld	a, (bc)
   0579 E6 0F         [ 7] 1486 	and	a, #0x0f
   057B 02            [ 7] 1487 	ld	(bc), a
                           1488 ;	skipping iCode since result will be rematerialized
                           1489 ;	genPointerGet
   057C 3Ar03s00      [13] 1490 	ld	a, (#_nibble_op_test_low3_1_volatileBits_10000_43 + 0)
                           1491 ;	genIfx
   057F E6 0F         [ 7] 1492 	and	a, #0x0f
                           1493 ; common peephole 100 removed redundant or after and.
                           1494 ; common peephole 163 changed absolute to relative conditional jump.
   0581 20 0B         [12] 1495 	jr	nz, 00101$
                           1496 ;	skipping iCode since result will be rematerialized
                           1497 ;	genPointerGet
   0583 3Ar03s00      [13] 1498 	ld	a, (#_nibble_op_test_low3_1_volatileBits_10000_43 + 0)
   0586 07            [ 4] 1499 	rlca
   0587 07            [ 4] 1500 	rlca
   0588 07            [ 4] 1501 	rlca
   0589 07            [ 4] 1502 	rlca
                           1503 ;	genIfx
   058A E6 0F         [ 7] 1504 	and	a, #0x0f
                           1505 ; common peephole 100 removed redundant or after and.
                           1506 ; common peephole 163 changed absolute to relative conditional jump.
   058C 28 04         [12] 1507 	jr	z, 00102$
                           1508 ;	genLabel
   058E                    1509 00101$:
                           1510 ;	genAssign
                           1511 ;	genMove_o size 1 result type 11 source type 1 a_dead 1 hl_dead 1 de_dead 1 iy_dead 1 f_dead 1
   058E AF            [ 4] 1512 	xor	a, a
   058F 32r00s00      [13] 1513 	ld	(#_success), a
                           1514 ; common peephole 19 loaded (#_success) from a directly instead of using hl.
                           1515 ;	genLabel
   0592                    1516 00102$:
                           1517 ;	skipping iCode since result will be rematerialized
                           1518 ;	skipping iCode since result will be rematerialized
                           1519 ;	genPointerGet
   0592 3Ar03s00      [13] 1520 	ld	a, (#_nibble_op_test_low3_1_volatileBits_10000_43 + 0)
   0595 E6 0F         [ 7] 1521 	and	a, #0x0f
                           1522 ;	genXor
   0597 EE 0E         [ 7] 1523 	xor	a, #0x0e
                           1524 ;	genMove_o size 1 result type 2 source type 2 a_dead 1 hl_dead 1 de_dead 1 iy_dead 1 f_dead 1
   0599 4F            [ 4] 1525 	ld	c, a
                           1526 ;	genMove_o size 0 result type 2 source type 1 a_dead 1 hl_dead 1 de_dead 1 iy_dead 1 f_dead 1
                           1527 ;	genPointerSet
                           1528 ;	genMove_o size 2 result type 2 source type 7 a_dead 1 hl_dead 1 de_dead 1 iy_dead 1 f_dead 1
   059A 21r03s00      [10] 1529 	ld	hl, #_nibble_op_test_low3_1_volatileBits_10000_43
   059D ED 67         [18] 1530 	rrd
   059F 79            [ 4] 1531 	ld	a, c
   05A0 ED 6F         [18] 1532 	rld
                           1533 ;	skipping iCode since result will be rematerialized
                           1534 ;	genPointerGet
   05A2 3Ar03s00      [13] 1535 	ld	a, (#_nibble_op_test_low3_1_volatileBits_10000_43 + 0)
   05A5 E6 0F         [ 7] 1536 	and	a, #0x0f
                           1537 ;	genCast
                           1538 ;	(locations are the same)
                           1539 ;	genCmpEq
   05A7 FE 0E         [ 7] 1540 	cp	a, #0x0e
                           1541 ; common peephole 81 removed jp by using inverse jump logic
                           1542 ; common peephole 159 removed unused label 00211$.
                           1543 ; common peephole 163 changed absolute to relative conditional jump.
   05A9 20 0B         [12] 1544 	jr	nz, 00104$
                           1545 ; common peephole 82 removed jp by using inverse jump logic
                           1546 ; common peephole 159 removed unused label 00212$.
                           1547 ;	skipping generated iCode
                           1548 ;	skipping iCode since result will be rematerialized
                           1549 ;	genPointerGet
   05AB 3Ar03s00      [13] 1550 	ld	a, (#_nibble_op_test_low3_1_volatileBits_10000_43 + 0)
   05AE 07            [ 4] 1551 	rlca
   05AF 07            [ 4] 1552 	rlca
   05B0 07            [ 4] 1553 	rlca
   05B1 07            [ 4] 1554 	rlca
                           1555 ;	genIfx
   05B2 E6 0F         [ 7] 1556 	and	a, #0x0f
                           1557 ; common peephole 100 removed redundant or after and.
                           1558 ; common peephole 163 changed absolute to relative conditional jump.
   05B4 28 04         [12] 1559 	jr	z, 00105$
                           1560 ;	genLabel
   05B6                    1561 00104$:
                           1562 ;	genAssign
                           1563 ;	genMove_o size 1 result type 11 source type 1 a_dead 1 hl_dead 1 de_dead 1 iy_dead 1 f_dead 1
   05B6 AF            [ 4] 1564 	xor	a, a
   05B7 32r00s00      [13] 1565 	ld	(#_success), a
                           1566 ; common peephole 19 loaded (#_success) from a directly instead of using hl.
                           1567 ;	genLabel
   05BA                    1568 00105$:
                           1569 ;	genAddrOf
   05BA 01r03s00      [10] 1570 	ld	bc, #_nibble_op_test_low3_1_volatileBits_10000_43+0
                           1571 ;	genPointerSet
   05BD 0A            [ 7] 1572 	ld	a, (bc)
   05BE F6 0F         [ 7] 1573 	or	a, #0x0f
   05C0 02            [ 7] 1574 	ld	(bc), a
                           1575 ;	skipping iCode since result will be rematerialized
                           1576 ;	genPointerGet
   05C1 3Ar03s00      [13] 1577 	ld	a, (#_nibble_op_test_low3_1_volatileBits_10000_43 + 0)
   05C4 E6 0F         [ 7] 1578 	and	a, #0x0f
                           1579 ;	genCmpEq
   05C6 FE 0F         [ 7] 1580 	cp	a, #0x0f
                           1581 ; common peephole 81 removed jp by using inverse jump logic
                           1582 ; common peephole 159 removed unused label 00213$.
                           1583 ; common peephole 163 changed absolute to relative conditional jump.
   05C8 20 0B         [12] 1584 	jr	nz, 00107$
                           1585 ; common peephole 82 removed jp by using inverse jump logic
                           1586 ; common peephole 159 removed unused label 00214$.
                           1587 ;	skipping generated iCode
                           1588 ;	skipping iCode since result will be rematerialized
                           1589 ;	genPointerGet
   05CA 3Ar03s00      [13] 1590 	ld	a, (#_nibble_op_test_low3_1_volatileBits_10000_43 + 0)
   05CD 07            [ 4] 1591 	rlca
   05CE 07            [ 4] 1592 	rlca
   05CF 07            [ 4] 1593 	rlca
   05D0 07            [ 4] 1594 	rlca
                           1595 ;	genIfx
   05D1 E6 0F         [ 7] 1596 	and	a, #0x0f
                           1597 ; common peephole 100 removed redundant or after and.
                           1598 ; common peephole 163 changed absolute to relative conditional jump.
   05D3 28 04         [12] 1599 	jr	z, 00108$
                           1600 ;	genLabel
   05D5                    1601 00107$:
                           1602 ;	genAssign
                           1603 ;	genMove_o size 1 result type 11 source type 1 a_dead 1 hl_dead 1 de_dead 1 iy_dead 1 f_dead 1
   05D5 AF            [ 4] 1604 	xor	a, a
   05D6 32r00s00      [13] 1605 	ld	(#_success), a
                           1606 ; common peephole 19 loaded (#_success) from a directly instead of using hl.
                           1607 ;	genLabel
   05D9                    1608 00108$:
                           1609 ;	skipping iCode since result will be rematerialized
                           1610 ;	skipping iCode since result will be rematerialized
                           1611 ;	genPointerGet
   05D9 3Ar03s00      [13] 1612 	ld	a, (#_nibble_op_test_low3_1_volatileBits_10000_43 + 0)
   05DC E6 0F         [ 7] 1613 	and	a, #0x0f
                           1614 ;	genXor
   05DE EE 0E         [ 7] 1615 	xor	a, #0x0e
                           1616 ;	genMove_o size 1 result type 2 source type 2 a_dead 1 hl_dead 1 de_dead 1 iy_dead 1 f_dead 1
   05E0 4F            [ 4] 1617 	ld	c, a
                           1618 ;	genMove_o size 0 result type 2 source type 1 a_dead 1 hl_dead 1 de_dead 1 iy_dead 1 f_dead 1
                           1619 ;	genPointerSet
                           1620 ;	genMove_o size 2 result type 2 source type 7 a_dead 1 hl_dead 1 de_dead 1 iy_dead 1 f_dead 1
   05E1 21r03s00      [10] 1621 	ld	hl, #_nibble_op_test_low3_1_volatileBits_10000_43
   05E4 ED 67         [18] 1622 	rrd
   05E6 79            [ 4] 1623 	ld	a, c
   05E7 ED 6F         [18] 1624 	rld
                           1625 ;	skipping iCode since result will be rematerialized
                           1626 ;	genPointerGet
   05E9 3Ar03s00      [13] 1627 	ld	a, (#_nibble_op_test_low3_1_volatileBits_10000_43 + 0)
   05EC E6 0F         [ 7] 1628 	and	a, #0x0f
                           1629 ;	genCmpEq
   05EE FE 01         [ 7] 1630 	cp	a, #0x01
                           1631 ; common peephole 81 removed jp by using inverse jump logic
                           1632 ; common peephole 159 removed unused label 00215$.
                           1633 ; common peephole 163 changed absolute to relative conditional jump.
   05F0 20 0B         [12] 1634 	jr	nz, 00110$
                           1635 ; common peephole 82 removed jp by using inverse jump logic
                           1636 ; common peephole 159 removed unused label 00216$.
                           1637 ;	skipping generated iCode
                           1638 ;	skipping iCode since result will be rematerialized
                           1639 ;	genPointerGet
   05F2 3Ar03s00      [13] 1640 	ld	a, (#_nibble_op_test_low3_1_volatileBits_10000_43 + 0)
   05F5 07            [ 4] 1641 	rlca
   05F6 07            [ 4] 1642 	rlca
   05F7 07            [ 4] 1643 	rlca
   05F8 07            [ 4] 1644 	rlca
                           1645 ;	genIfx
   05F9 E6 0F         [ 7] 1646 	and	a, #0x0f
                           1647 ; common peephole 100 removed redundant or after and.
                           1648 ; common peephole 163 changed absolute to relative conditional jump.
   05FB 28 04         [12] 1649 	jr	z, 00111$
                           1650 ;	genLabel
   05FD                    1651 00110$:
                           1652 ;	genAssign
                           1653 ;	genMove_o size 1 result type 11 source type 1 a_dead 1 hl_dead 1 de_dead 1 iy_dead 1 f_dead 1
   05FD AF            [ 4] 1654 	xor	a, a
   05FE 32r00s00      [13] 1655 	ld	(#_success), a
                           1656 ; common peephole 19 loaded (#_success) from a directly instead of using hl.
                           1657 ;	genLabel
   0601                    1658 00111$:
                           1659 ;	genPlus
                           1660 ;	genMove_o size 2 result type 2 source type 10 a_dead 1 hl_dead 1 de_dead 1 iy_dead 1 f_dead 1
   0601 2Ar00s00      [16] 1661 	ld	hl, (___numTests)
   0604 23            [ 6] 1662 	inc	hl
                           1663 ;	genMove_o size 2 result type 10 source type 2 a_dead 1 hl_dead 1 de_dead 1 iy_dead 1 f_dead 1
   0605 22r00s00      [16] 1664 	ld	(___numTests), hl
                           1665 ;	genIfx
                           1666 ; common peephole 61 used hl instead of iy.
                           1667 ; common peephole 130a removed unnecessary +0 from constant
   0608 21r00s00      [10] 1668 	ld	hl, #_success
   060B CB 46         [12] 1669 	bit	0, (hl)
                           1670 ; common peephole 163 changed absolute to relative conditional jump.
   060D 20 11         [12] 1671 	jr	nz, 00128$
                           1672 ;	skipping iCode since result will be rematerialized
                           1673 ;	skipping iCode since result will be rematerialized
                           1674 ;	skipping iCode since result will be rematerialized
                           1675 ;	skipping iCode since result will be rematerialized
                           1676 ;	skipping iCode since result will be rematerialized
                           1677 ;	skipping iCode since result will be rematerialized
                           1678 ;	genIpush
                           1679 ;	genMove_o size 2 result type 2 source type 1 a_dead 1 hl_dead 1 de_dead 1 iy_dead 1 f_dead 1
   060F 21 47 01      [10] 1680 	ld	hl, #0x0147
   0612 E5            [11] 1681 	push	hl
                           1682 ;	genIpush
                           1683 ;	genMove_o size 2 result type 2 source type 7 a_dead 1 hl_dead 1 de_dead 1 iy_dead 1 f_dead 1
   0613 21rF0s06      [10] 1684 	ld	hl, #___str_11
   0616 E5            [11] 1685 	push	hl
                           1686 ;	genSend
                           1687 ;	genMove_o size 2 result type 2 source type 7 a_dead 1 hl_dead 1 de_dead 1 iy_dead 1 f_dead 1
   0617 11rE8s06      [10] 1688 	ld	de, #___str_10
                           1689 ;	genSend
                           1690 ;	genMove_o size 2 result type 2 source type 7 a_dead 1 hl_dead 1 de_dead 0 iy_dead 1 f_dead 1
   061A 21rD7s06      [10] 1691 	ld	hl, #___str_9
                           1692 ;	genCall
   061D CDr00s00      [17] 1693 	call	___fail
                           1694 ;	genLabel
   0620                    1695 00128$:
                           1696 ;cases/bitfields-nibbles/bitfields-nibbles_operation_3_pattern_0_varType_4.c:328: TEST(low, 0x0D);
                           1697 ;	genAssign
                           1698 ;	genMove_o size 1 result type 11 source type 1 a_dead 1 hl_dead 1 de_dead 1 iy_dead 1 f_dead 1
   0620 21r00s00      [10] 1699 	ld	hl, #_success
   0623 36 01         [10] 1700 	ld	(hl), #0x01
                           1701 ;	genAddrOf
   0625 01r03s00      [10] 1702 	ld	bc, #_nibble_op_test_low3_1_volatileBits_10000_43+0
                           1703 ;	genPointerSet
   0628 0A            [ 7] 1704 	ld	a, (bc)
   0629 E6 F0         [ 7] 1705 	and	a, #0xf0
   062B 02            [ 7] 1706 	ld	(bc), a
                           1707 ;	genAddrOf
   062C 01r03s00      [10] 1708 	ld	bc, #_nibble_op_test_low3_1_volatileBits_10000_43+0
                           1709 ;	genPointerSet
   062F 0A            [ 7] 1710 	ld	a, (bc)
   0630 E6 0F         [ 7] 1711 	and	a, #0x0f
   0632 02            [ 7] 1712 	ld	(bc), a
                           1713 ;	skipping iCode since result will be rematerialized
                           1714 ;	genPointerGet
   0633 3Ar03s00      [13] 1715 	ld	a, (#_nibble_op_test_low3_1_volatileBits_10000_43 + 0)
                           1716 ;	genIfx
   0636 E6 0F         [ 7] 1717 	and	a, #0x0f
                           1718 ; common peephole 100 removed redundant or after and.
                           1719 ; common peephole 163 changed absolute to relative conditional jump.
   0638 20 0B         [12] 1720 	jr	nz, 00113$
                           1721 ;	skipping iCode since result will be rematerialized
                           1722 ;	genPointerGet
   063A 3Ar03s00      [13] 1723 	ld	a, (#_nibble_op_test_low3_1_volatileBits_10000_43 + 0)
   063D 07            [ 4] 1724 	rlca
   063E 07            [ 4] 1725 	rlca
   063F 07            [ 4] 1726 	rlca
   0640 07            [ 4] 1727 	rlca
                           1728 ;	genIfx
   0641 E6 0F         [ 7] 1729 	and	a, #0x0f
                           1730 ; common peephole 100 removed redundant or after and.
                           1731 ; common peephole 163 changed absolute to relative conditional jump.
   0643 28 04         [12] 1732 	jr	z, 00114$
                           1733 ;	genLabel
   0645                    1734 00113$:
                           1735 ;	genAssign
                           1736 ;	genMove_o size 1 result type 11 source type 1 a_dead 1 hl_dead 1 de_dead 1 iy_dead 1 f_dead 1
   0645 AF            [ 4] 1737 	xor	a, a
   0646 32r00s00      [13] 1738 	ld	(#_success), a
                           1739 ; common peephole 19 loaded (#_success) from a directly instead of using hl.
                           1740 ;	genLabel
   0649                    1741 00114$:
                           1742 ;	skipping iCode since result will be rematerialized
                           1743 ;	skipping iCode since result will be rematerialized
                           1744 ;	genPointerGet
   0649 3Ar03s00      [13] 1745 	ld	a, (#_nibble_op_test_low3_1_volatileBits_10000_43 + 0)
   064C E6 0F         [ 7] 1746 	and	a, #0x0f
                           1747 ;	genXor
   064E EE 0D         [ 7] 1748 	xor	a, #0x0d
                           1749 ;	genMove_o size 1 result type 2 source type 2 a_dead 1 hl_dead 1 de_dead 1 iy_dead 1 f_dead 1
   0650 4F            [ 4] 1750 	ld	c, a
                           1751 ;	genMove_o size 0 result type 2 source type 1 a_dead 1 hl_dead 1 de_dead 1 iy_dead 1 f_dead 1
                           1752 ;	genPointerSet
                           1753 ;	genMove_o size 2 result type 2 source type 7 a_dead 1 hl_dead 1 de_dead 1 iy_dead 1 f_dead 1
   0651 21r03s00      [10] 1754 	ld	hl, #_nibble_op_test_low3_1_volatileBits_10000_43
   0654 ED 67         [18] 1755 	rrd
   0656 79            [ 4] 1756 	ld	a, c
   0657 ED 6F         [18] 1757 	rld
                           1758 ;	skipping iCode since result will be rematerialized
                           1759 ;	genPointerGet
   0659 3Ar03s00      [13] 1760 	ld	a, (#_nibble_op_test_low3_1_volatileBits_10000_43 + 0)
   065C E6 0F         [ 7] 1761 	and	a, #0x0f
                           1762 ;	genCast
                           1763 ;	(locations are the same)
                           1764 ;	genCmpEq
   065E FE 0D         [ 7] 1765 	cp	a, #0x0d
                           1766 ; common peephole 81 removed jp by using inverse jump logic
                           1767 ; common peephole 159 removed unused label 00217$.
                           1768 ; common peephole 163 changed absolute to relative conditional jump.
   0660 20 0B         [12] 1769 	jr	nz, 00116$
                           1770 ; common peephole 82 removed jp by using inverse jump logic
                           1771 ; common peephole 159 removed unused label 00218$.
                           1772 ;	skipping generated iCode
                           1773 ;	skipping iCode since result will be rematerialized
                           1774 ;	genPointerGet
   0662 3Ar03s00      [13] 1775 	ld	a, (#_nibble_op_test_low3_1_volatileBits_10000_43 + 0)
   0665 07            [ 4] 1776 	rlca
   0666 07            [ 4] 1777 	rlca
   0667 07            [ 4] 1778 	rlca
   0668 07            [ 4] 1779 	rlca
                           1780 ;	genIfx
   0669 E6 0F         [ 7] 1781 	and	a, #0x0f
                           1782 ; common peephole 100 removed redundant or after and.
                           1783 ; common peephole 163 changed absolute to relative conditional jump.
   066B 28 04         [12] 1784 	jr	z, 00117$
                           1785 ;	genLabel
   066D                    1786 00116$:
                           1787 ;	genAssign
                           1788 ;	genMove_o size 1 result type 11 source type 1 a_dead 1 hl_dead 1 de_dead 1 iy_dead 1 f_dead 1
   066D AF            [ 4] 1789 	xor	a, a
   066E 32r00s00      [13] 1790 	ld	(#_success), a
                           1791 ; common peephole 19 loaded (#_success) from a directly instead of using hl.
                           1792 ;	genLabel
   0671                    1793 00117$:
                           1794 ;	genAddrOf
   0671 01r03s00      [10] 1795 	ld	bc, #_nibble_op_test_low3_1_volatileBits_10000_43+0
                           1796 ;	genPointerSet
   0674 0A            [ 7] 1797 	ld	a, (bc)
   0675 F6 0F         [ 7] 1798 	or	a, #0x0f
   0677 02            [ 7] 1799 	ld	(bc), a
                           1800 ;	skipping iCode since result will be rematerialized
                           1801 ;	genPointerGet
   0678 3Ar03s00      [13] 1802 	ld	a, (#_nibble_op_test_low3_1_volatileBits_10000_43 + 0)
   067B E6 0F         [ 7] 1803 	and	a, #0x0f
                           1804 ;	genCmpEq
   067D FE 0F         [ 7] 1805 	cp	a, #0x0f
                           1806 ; common peephole 81 removed jp by using inverse jump logic
                           1807 ; common peephole 159 removed unused label 00219$.
                           1808 ; common peephole 163 changed absolute to relative conditional jump.
   067F 20 0B         [12] 1809 	jr	nz, 00119$
                           1810 ; common peephole 82 removed jp by using inverse jump logic
                           1811 ; common peephole 159 removed unused label 00220$.
                           1812 ;	skipping generated iCode
                           1813 ;	skipping iCode since result will be rematerialized
                           1814 ;	genPointerGet
   0681 3Ar03s00      [13] 1815 	ld	a, (#_nibble_op_test_low3_1_volatileBits_10000_43 + 0)
   0684 07            [ 4] 1816 	rlca
   0685 07            [ 4] 1817 	rlca
   0686 07            [ 4] 1818 	rlca
   0687 07            [ 4] 1819 	rlca
                           1820 ;	genIfx
   0688 E6 0F         [ 7] 1821 	and	a, #0x0f
                           1822 ; common peephole 100 removed redundant or after and.
                           1823 ; common peephole 163 changed absolute to relative conditional jump.
   068A 28 04         [12] 1824 	jr	z, 00120$
                           1825 ;	genLabel
   068C                    1826 00119$:
                           1827 ;	genAssign
                           1828 ;	genMove_o size 1 result type 11 source type 1 a_dead 1 hl_dead 1 de_dead 1 iy_dead 1 f_dead 1
   068C AF            [ 4] 1829 	xor	a, a
   068D 32r00s00      [13] 1830 	ld	(#_success), a
                           1831 ; common peephole 19 loaded (#_success) from a directly instead of using hl.
                           1832 ;	genLabel
   0690                    1833 00120$:
                           1834 ;	skipping iCode since result will be rematerialized
                           1835 ;	skipping iCode since result will be rematerialized
                           1836 ;	genPointerGet
   0690 3Ar03s00      [13] 1837 	ld	a, (#_nibble_op_test_low3_1_volatileBits_10000_43 + 0)
   0693 E6 0F         [ 7] 1838 	and	a, #0x0f
                           1839 ;	genXor
   0695 EE 0D         [ 7] 1840 	xor	a, #0x0d
                           1841 ;	genMove_o size 1 result type 2 source type 2 a_dead 1 hl_dead 1 de_dead 1 iy_dead 1 f_dead 1
   0697 4F            [ 4] 1842 	ld	c, a
                           1843 ;	genMove_o size 0 result type 2 source type 1 a_dead 1 hl_dead 1 de_dead 1 iy_dead 1 f_dead 1
                           1844 ;	genPointerSet
                           1845 ;	genMove_o size 2 result type 2 source type 7 a_dead 1 hl_dead 1 de_dead 1 iy_dead 1 f_dead 1
   0698 21r03s00      [10] 1846 	ld	hl, #_nibble_op_test_low3_1_volatileBits_10000_43
   069B ED 67         [18] 1847 	rrd
   069D 79            [ 4] 1848 	ld	a, c
   069E ED 6F         [18] 1849 	rld
                           1850 ;	skipping iCode since result will be rematerialized
                           1851 ;	genPointerGet
   06A0 3Ar03s00      [13] 1852 	ld	a, (#_nibble_op_test_low3_1_volatileBits_10000_43 + 0)
   06A3 E6 0F         [ 7] 1853 	and	a, #0x0f
                           1854 ;	genCast
                           1855 ;	(locations are the same)
                           1856 ;	genCmpEq
   06A5 FE 02         [ 7] 1857 	cp	a, #0x02
                           1858 ; common peephole 81 removed jp by using inverse jump logic
                           1859 ; common peephole 159 removed unused label 00221$.
                           1860 ; common peephole 163 changed absolute to relative conditional jump.
   06A7 20 0B         [12] 1861 	jr	nz, 00122$
                           1862 ; common peephole 82 removed jp by using inverse jump logic
                           1863 ; common peephole 159 removed unused label 00222$.
                           1864 ;	skipping generated iCode
                           1865 ;	skipping iCode since result will be rematerialized
                           1866 ;	genPointerGet
   06A9 3Ar03s00      [13] 1867 	ld	a, (#_nibble_op_test_low3_1_volatileBits_10000_43 + 0)
   06AC 07            [ 4] 1868 	rlca
   06AD 07            [ 4] 1869 	rlca
   06AE 07            [ 4] 1870 	rlca
   06AF 07            [ 4] 1871 	rlca
                           1872 ;	genIfx
   06B0 E6 0F         [ 7] 1873 	and	a, #0x0f
                           1874 ; common peephole 100 removed redundant or after and.
                           1875 ; common peephole 163 changed absolute to relative conditional jump.
   06B2 28 04         [12] 1876 	jr	z, 00123$
                           1877 ;	genLabel
   06B4                    1878 00122$:
                           1879 ;	genAssign
                           1880 ;	genMove_o size 1 result type 11 source type 1 a_dead 1 hl_dead 1 de_dead 1 iy_dead 1 f_dead 1
   06B4 AF            [ 4] 1881 	xor	a, a
   06B5 32r00s00      [13] 1882 	ld	(#_success), a
                           1883 ; common peephole 19 loaded (#_success) from a directly instead of using hl.
                           1884 ;	genLabel
   06B8                    1885 00123$:
                           1886 ;	genPlus
                           1887 ;	genMove_o size 2 result type 2 source type 10 a_dead 1 hl_dead 1 de_dead 1 iy_dead 1 f_dead 1
   06B8 2Ar00s00      [16] 1888 	ld	hl, (___numTests)
   06BB 23            [ 6] 1889 	inc	hl
                           1890 ;	genMove_o size 2 result type 10 source type 2 a_dead 1 hl_dead 1 de_dead 1 iy_dead 1 f_dead 1
   06BC 22r00s00      [16] 1891 	ld	(___numTests), hl
                           1892 ;	genIfx
                           1893 ; common peephole 61 used hl instead of iy.
                           1894 ; common peephole 130a removed unnecessary +0 from constant
   06BF 21r00s00      [10] 1895 	ld	hl, #_success
   06C2 CB 46         [12] 1896 	bit	0, (hl)
   06C4 C0            [11] 1897 	ret	nz
                           1898 ; common peephole 161 replaced jump by return.
                           1899 ;	skipping iCode since result will be rematerialized
                           1900 ;	skipping iCode since result will be rematerialized
                           1901 ;	skipping iCode since result will be rematerialized
                           1902 ;	skipping iCode since result will be rematerialized
                           1903 ;	skipping iCode since result will be rematerialized
                           1904 ;	skipping iCode since result will be rematerialized
                           1905 ;	genIpush
                           1906 ;	genMove_o size 2 result type 2 source type 1 a_dead 1 hl_dead 1 de_dead 1 iy_dead 1 f_dead 1
   06C5 21 48 01      [10] 1907 	ld	hl, #0x0148
   06C8 E5            [11] 1908 	push	hl
                           1909 ;	genIpush
                           1910 ;	genMove_o size 2 result type 2 source type 7 a_dead 1 hl_dead 1 de_dead 1 iy_dead 1 f_dead 1
   06C9 21rF0s06      [10] 1911 	ld	hl, #___str_11
   06CC E5            [11] 1912 	push	hl
                           1913 ;	genSend
                           1914 ;	genMove_o size 2 result type 2 source type 7 a_dead 1 hl_dead 1 de_dead 1 iy_dead 1 f_dead 1
   06CD 11rE8s06      [10] 1915 	ld	de, #___str_10
                           1916 ;	genSend
                           1917 ;	genMove_o size 2 result type 2 source type 7 a_dead 1 hl_dead 1 de_dead 0 iy_dead 1 f_dead 1
   06D0 21rD7s06      [10] 1918 	ld	hl, #___str_9
                           1919 ;	genCall
   06D3 CDr00s00      [17] 1920 	call	___fail
                           1921 ;	genLabel
                           1922 ; common peephole 159 removed unused label 00125$.
                           1923 ;cases/bitfields-nibbles/bitfields-nibbles_operation_3_pattern_0_varType_4.c:329: }
                           1924 ;	genEndFunction
   06D6 C9            [10] 1925 	ret
                           1926 ;	Total nibble_op_test_low3_1 function size at codegen: 13 bytes.
   06D7                    1927 ___str_9:
   06D7 41 73 73 65 72 74  1928 	.ascii "Assertion failed"
        69 6F 6E 20 66 61
        69 6C 65 64
   06E7 00                 1929 	.db 0x00
   06E8                    1930 ___str_10:
   06E8 73 75 63 63 65 73  1931 	.ascii "success"
        73
   06EF 00                 1932 	.db 0x00
   06F0                    1933 ___str_11:
   06F0 63 61 73 65 73 2F  1934 	.ascii "cases/bitfields-nibbles/bitfields-nibbles_operation_3_patter"
        62 69 74 66 69 65
        6C 64 73 2D 6E 69
        62 62 6C 65 73 2F
        62 69 74 66 69 65
        6C 64 73 2D 6E 69
        62 62 6C 65 73 5F
        6F 70 65 72 61 74
        69 6F 6E 5F 33 5F
        70 61 74 74 65 72
   072C 6E 5F 30 5F 76 61  1935 	.ascii "n_0_varType_4.c"
        72 54 79 70 65 5F
        34 2E 63
   073B 00                 1936 	.db 0x00
                           1937 ;cases/bitfields-nibbles/bitfields-nibbles_operation_3_pattern_0_varType_4.c:340: nibble_op_test_low4_1(void)
                           1938 ;	genLabel
                           1939 ;	genFunction
                           1940 ;	---------------------------------
                           1941 ; Function nibble_op_test_low4_1
                           1942 ; ---------------------------------
                           1943 ;	Register assignment might be sub-optimal.
                           1944 ; Stack space usage: 0 bytes.
   073C                    1945 _nibble_op_test_low4_1:
                           1946 ;cases/bitfields-nibbles/bitfields-nibbles_operation_3_pattern_0_varType_4.c:343: TEST(low, 0x10);
                           1947 ;	genAssign
                           1948 ;	genMove_o size 1 result type 11 source type 1 a_dead 1 hl_dead 1 de_dead 1 iy_dead 1 f_dead 1
   073C 21r00s00      [10] 1949 	ld	hl, #_success
   073F 36 01         [10] 1950 	ld	(hl), #0x01
                           1951 ;	genAddrOf
   0741 01r04s00      [10] 1952 	ld	bc, #_nibble_op_test_low4_1_volatileBits_10000_53+0
                           1953 ;	genPointerSet
   0744 0A            [ 7] 1954 	ld	a, (bc)
   0745 E6 F0         [ 7] 1955 	and	a, #0xf0
   0747 02            [ 7] 1956 	ld	(bc), a
                           1957 ;	genAddrOf
   0748 01r04s00      [10] 1958 	ld	bc, #_nibble_op_test_low4_1_volatileBits_10000_53+0
                           1959 ;	genPointerSet
   074B 0A            [ 7] 1960 	ld	a, (bc)
   074C E6 0F         [ 7] 1961 	and	a, #0x0f
   074E 02            [ 7] 1962 	ld	(bc), a
                           1963 ;	skipping iCode since result will be rematerialized
                           1964 ;	genPointerGet
   074F 3Ar04s00      [13] 1965 	ld	a, (#_nibble_op_test_low4_1_volatileBits_10000_53 + 0)
                           1966 ;	genIfx
   0752 E6 0F         [ 7] 1967 	and	a, #0x0f
                           1968 ; common peephole 100 removed redundant or after and.
                           1969 ; common peephole 163 changed absolute to relative conditional jump.
   0754 20 0B         [12] 1970 	jr	nz, 00101$
                           1971 ;	skipping iCode since result will be rematerialized
                           1972 ;	genPointerGet
   0756 3Ar04s00      [13] 1973 	ld	a, (#_nibble_op_test_low4_1_volatileBits_10000_53 + 0)
   0759 07            [ 4] 1974 	rlca
   075A 07            [ 4] 1975 	rlca
   075B 07            [ 4] 1976 	rlca
   075C 07            [ 4] 1977 	rlca
                           1978 ;	genIfx
   075D E6 0F         [ 7] 1979 	and	a, #0x0f
                           1980 ; common peephole 100 removed redundant or after and.
                           1981 ; common peephole 163 changed absolute to relative conditional jump.
   075F 28 04         [12] 1982 	jr	z, 00102$
                           1983 ;	genLabel
   0761                    1984 00101$:
                           1985 ;	genAssign
                           1986 ;	genMove_o size 1 result type 11 source type 1 a_dead 1 hl_dead 1 de_dead 1 iy_dead 1 f_dead 1
   0761 AF            [ 4] 1987 	xor	a, a
   0762 32r00s00      [13] 1988 	ld	(#_success), a
                           1989 ; common peephole 19 loaded (#_success) from a directly instead of using hl.
                           1990 ;	genLabel
   0765                    1991 00102$:
                           1992 ;	skipping iCode since result will be rematerialized
                           1993 ;	genAddrOf
                           1994 ;	genPointerGet
                           1995 ;fetchPairLong
   0765 3Ar04s00      [13] 1996 	ld	a, (#_nibble_op_test_low4_1_volatileBits_10000_53+0)
                           1997 ; common peephole 17 loaded a from (#_nibble_op_test_low4_1_volatileBits_10000_53+0) directly instead of using hl.
   0768 E6 0F         [ 7] 1998 	and	a, #0x0f
   076A 4F            [ 4] 1999 	ld	c, a
                           2000 ;	genPointerSet
                           2001 ;	genMove_o size 2 result type 2 source type 7 a_dead 1 hl_dead 1 de_dead 1 iy_dead 1 f_dead 1
   076B 21r04s00      [10] 2002 	ld	hl, #_nibble_op_test_low4_1_volatileBits_10000_53
   076E ED 67         [18] 2003 	rrd
   0770 79            [ 4] 2004 	ld	a, c
   0771 ED 6F         [18] 2005 	rld
                           2006 ;	skipping iCode since result will be rematerialized
                           2007 ;	genPointerGet
   0773 3Ar04s00      [13] 2008 	ld	a, (#_nibble_op_test_low4_1_volatileBits_10000_53 + 0)
                           2009 ;	genIfx
   0776 E6 0F         [ 7] 2010 	and	a, #0x0f
                           2011 ; common peephole 100 removed redundant or after and.
                           2012 ; common peephole 163 changed absolute to relative conditional jump.
   0778 20 0B         [12] 2013 	jr	nz, 00104$
                           2014 ;	skipping iCode since result will be rematerialized
                           2015 ;	genPointerGet
   077A 3Ar04s00      [13] 2016 	ld	a, (#_nibble_op_test_low4_1_volatileBits_10000_53 + 0)
   077D 07            [ 4] 2017 	rlca
   077E 07            [ 4] 2018 	rlca
   077F 07            [ 4] 2019 	rlca
   0780 07            [ 4] 2020 	rlca
                           2021 ;	genIfx
   0781 E6 0F         [ 7] 2022 	and	a, #0x0f
                           2023 ; common peephole 100 removed redundant or after and.
                           2024 ; common peephole 163 changed absolute to relative conditional jump.
   0783 28 04         [12] 2025 	jr	z, 00105$
                           2026 ;	genLabel
   0785                    2027 00104$:
                           2028 ;	genAssign
                           2029 ;	genMove_o size 1 result type 11 source type 1 a_dead 1 hl_dead 1 de_dead 1 iy_dead 1 f_dead 1
   0785 AF            [ 4] 2030 	xor	a, a
   0786 32r00s00      [13] 2031 	ld	(#_success), a
                           2032 ; common peephole 19 loaded (#_success) from a directly instead of using hl.
                           2033 ;	genLabel
   0789                    2034 00105$:
                           2035 ;	genAddrOf
   0789 01r04s00      [10] 2036 	ld	bc, #_nibble_op_test_low4_1_volatileBits_10000_53+0
                           2037 ;	genPointerSet
   078C 0A            [ 7] 2038 	ld	a, (bc)
   078D F6 0F         [ 7] 2039 	or	a, #0x0f
   078F 02            [ 7] 2040 	ld	(bc), a
                           2041 ;	skipping iCode since result will be rematerialized
                           2042 ;	genPointerGet
   0790 3Ar04s00      [13] 2043 	ld	a, (#_nibble_op_test_low4_1_volatileBits_10000_53 + 0)
   0793 E6 0F         [ 7] 2044 	and	a, #0x0f
                           2045 ;	genCmpEq
   0795 FE 0F         [ 7] 2046 	cp	a, #0x0f
                           2047 ; common peephole 81 removed jp by using inverse jump logic
                           2048 ; common peephole 159 removed unused label 00211$.
                           2049 ; common peephole 163 changed absolute to relative conditional jump.
   0797 20 0B         [12] 2050 	jr	nz, 00107$
                           2051 ; common peephole 82 removed jp by using inverse jump logic
                           2052 ; common peephole 159 removed unused label 00212$.
                           2053 ;	skipping generated iCode
                           2054 ;	skipping iCode since result will be rematerialized
                           2055 ;	genPointerGet
   0799 3Ar04s00      [13] 2056 	ld	a, (#_nibble_op_test_low4_1_volatileBits_10000_53 + 0)
   079C 07            [ 4] 2057 	rlca
   079D 07            [ 4] 2058 	rlca
   079E 07            [ 4] 2059 	rlca
   079F 07            [ 4] 2060 	rlca
                           2061 ;	genIfx
   07A0 E6 0F         [ 7] 2062 	and	a, #0x0f
                           2063 ; common peephole 100 removed redundant or after and.
                           2064 ; common peephole 163 changed absolute to relative conditional jump.
   07A2 28 04         [12] 2065 	jr	z, 00108$
                           2066 ;	genLabel
   07A4                    2067 00107$:
                           2068 ;	genAssign
                           2069 ;	genMove_o size 1 result type 11 source type 1 a_dead 1 hl_dead 1 de_dead 1 iy_dead 1 f_dead 1
   07A4 AF            [ 4] 2070 	xor	a, a
   07A5 32r00s00      [13] 2071 	ld	(#_success), a
                           2072 ; common peephole 19 loaded (#_success) from a directly instead of using hl.
                           2073 ;	genLabel
   07A8                    2074 00108$:
                           2075 ;	skipping iCode since result will be rematerialized
                           2076 ;	genAddrOf
                           2077 ;	genPointerGet
                           2078 ;fetchPairLong
   07A8 3Ar04s00      [13] 2079 	ld	a, (#_nibble_op_test_low4_1_volatileBits_10000_53+0)
                           2080 ; common peephole 17 loaded a from (#_nibble_op_test_low4_1_volatileBits_10000_53+0) directly instead of using hl.
   07AB E6 0F         [ 7] 2081 	and	a, #0x0f
   07AD 4F            [ 4] 2082 	ld	c, a
                           2083 ;	genPointerSet
                           2084 ;	genMove_o size 2 result type 2 source type 7 a_dead 1 hl_dead 1 de_dead 1 iy_dead 1 f_dead 1
   07AE 21r04s00      [10] 2085 	ld	hl, #_nibble_op_test_low4_1_volatileBits_10000_53
   07B1 ED 67         [18] 2086 	rrd
   07B3 79            [ 4] 2087 	ld	a, c
   07B4 ED 6F         [18] 2088 	rld
                           2089 ;	skipping iCode since result will be rematerialized
                           2090 ;	genPointerGet
   07B6 3Ar04s00      [13] 2091 	ld	a, (#_nibble_op_test_low4_1_volatileBits_10000_53 + 0)
   07B9 E6 0F         [ 7] 2092 	and	a, #0x0f
                           2093 ;	genCast
                           2094 ;	(locations are the same)
                           2095 ;	genCmpEq
   07BB FE 0F         [ 7] 2096 	cp	a, #0x0f
                           2097 ; common peephole 81 removed jp by using inverse jump logic
                           2098 ; common peephole 159 removed unused label 00213$.
                           2099 ; common peephole 163 changed absolute to relative conditional jump.
   07BD 20 0B         [12] 2100 	jr	nz, 00110$
                           2101 ; common peephole 82 removed jp by using inverse jump logic
                           2102 ; common peephole 159 removed unused label 00214$.
                           2103 ;	skipping generated iCode
                           2104 ;	skipping iCode since result will be rematerialized
                           2105 ;	genPointerGet
   07BF 3Ar04s00      [13] 2106 	ld	a, (#_nibble_op_test_low4_1_volatileBits_10000_53 + 0)
   07C2 07            [ 4] 2107 	rlca
   07C3 07            [ 4] 2108 	rlca
   07C4 07            [ 4] 2109 	rlca
   07C5 07            [ 4] 2110 	rlca
                           2111 ;	genIfx
   07C6 E6 0F         [ 7] 2112 	and	a, #0x0f
                           2113 ; common peephole 100 removed redundant or after and.
                           2114 ; common peephole 163 changed absolute to relative conditional jump.
   07C8 28 04         [12] 2115 	jr	z, 00111$
                           2116 ;	genLabel
   07CA                    2117 00110$:
                           2118 ;	genAssign
                           2119 ;	genMove_o size 1 result type 11 source type 1 a_dead 1 hl_dead 1 de_dead 1 iy_dead 1 f_dead 1
   07CA AF            [ 4] 2120 	xor	a, a
   07CB 32r00s00      [13] 2121 	ld	(#_success), a
                           2122 ; common peephole 19 loaded (#_success) from a directly instead of using hl.
                           2123 ;	genLabel
   07CE                    2124 00111$:
                           2125 ;	genPlus
                           2126 ;	genMove_o size 2 result type 2 source type 10 a_dead 1 hl_dead 1 de_dead 1 iy_dead 1 f_dead 1
   07CE 2Ar00s00      [16] 2127 	ld	hl, (___numTests)
   07D1 23            [ 6] 2128 	inc	hl
                           2129 ;	genMove_o size 2 result type 10 source type 2 a_dead 1 hl_dead 1 de_dead 1 iy_dead 1 f_dead 1
   07D2 22r00s00      [16] 2130 	ld	(___numTests), hl
                           2131 ;	genIfx
                           2132 ; common peephole 61 used hl instead of iy.
                           2133 ; common peephole 130a removed unnecessary +0 from constant
   07D5 21r00s00      [10] 2134 	ld	hl, #_success
   07D8 CB 46         [12] 2135 	bit	0, (hl)
                           2136 ; common peephole 163 changed absolute to relative conditional jump.
   07DA 20 11         [12] 2137 	jr	nz, 00128$
                           2138 ;	skipping iCode since result will be rematerialized
                           2139 ;	skipping iCode since result will be rematerialized
                           2140 ;	skipping iCode since result will be rematerialized
                           2141 ;	skipping iCode since result will be rematerialized
                           2142 ;	skipping iCode since result will be rematerialized
                           2143 ;	skipping iCode since result will be rematerialized
                           2144 ;	genIpush
                           2145 ;	genMove_o size 2 result type 2 source type 1 a_dead 1 hl_dead 1 de_dead 1 iy_dead 1 f_dead 1
   07DC 21 57 01      [10] 2146 	ld	hl, #0x0157
   07DF E5            [11] 2147 	push	hl
                           2148 ;	genIpush
                           2149 ;	genMove_o size 2 result type 2 source type 7 a_dead 1 hl_dead 1 de_dead 1 iy_dead 1 f_dead 1
   07E0 21rB7s08      [10] 2150 	ld	hl, #___str_14
   07E3 E5            [11] 2151 	push	hl
                           2152 ;	genSend
                           2153 ;	genMove_o size 2 result type 2 source type 7 a_dead 1 hl_dead 1 de_dead 1 iy_dead 1 f_dead 1
   07E4 11rAFs08      [10] 2154 	ld	de, #___str_13
                           2155 ;	genSend
                           2156 ;	genMove_o size 2 result type 2 source type 7 a_dead 1 hl_dead 1 de_dead 0 iy_dead 1 f_dead 1
   07E7 21r9Es08      [10] 2157 	ld	hl, #___str_12
                           2158 ;	genCall
   07EA CDr00s00      [17] 2159 	call	___fail
                           2160 ;	genLabel
   07ED                    2161 00128$:
                           2162 ;cases/bitfields-nibbles/bitfields-nibbles_operation_3_pattern_0_varType_4.c:344: TEST(low, 0x20);
                           2163 ;	genAssign
                           2164 ;	genMove_o size 1 result type 11 source type 1 a_dead 1 hl_dead 1 de_dead 1 iy_dead 1 f_dead 1
   07ED 21r00s00      [10] 2165 	ld	hl, #_success
   07F0 36 01         [10] 2166 	ld	(hl), #0x01
                           2167 ;	genAddrOf
   07F2 01r04s00      [10] 2168 	ld	bc, #_nibble_op_test_low4_1_volatileBits_10000_53+0
                           2169 ;	genPointerSet
   07F5 0A            [ 7] 2170 	ld	a, (bc)
   07F6 E6 F0         [ 7] 2171 	and	a, #0xf0
   07F8 02            [ 7] 2172 	ld	(bc), a
                           2173 ;	genAddrOf
   07F9 01r04s00      [10] 2174 	ld	bc, #_nibble_op_test_low4_1_volatileBits_10000_53+0
                           2175 ;	genPointerSet
   07FC 0A            [ 7] 2176 	ld	a, (bc)
   07FD E6 0F         [ 7] 2177 	and	a, #0x0f
   07FF 02            [ 7] 2178 	ld	(bc), a
                           2179 ;	skipping iCode since result will be rematerialized
                           2180 ;	genPointerGet
   0800 3Ar04s00      [13] 2181 	ld	a, (#_nibble_op_test_low4_1_volatileBits_10000_53 + 0)
                           2182 ;	genIfx
   0803 E6 0F         [ 7] 2183 	and	a, #0x0f
                           2184 ; common peephole 100 removed redundant or after and.
                           2185 ; common peephole 163 changed absolute to relative conditional jump.
   0805 20 0B         [12] 2186 	jr	nz, 00113$
                           2187 ;	skipping iCode since result will be rematerialized
                           2188 ;	genPointerGet
   0807 3Ar04s00      [13] 2189 	ld	a, (#_nibble_op_test_low4_1_volatileBits_10000_53 + 0)
   080A 07            [ 4] 2190 	rlca
   080B 07            [ 4] 2191 	rlca
   080C 07            [ 4] 2192 	rlca
   080D 07            [ 4] 2193 	rlca
                           2194 ;	genIfx
   080E E6 0F         [ 7] 2195 	and	a, #0x0f
                           2196 ; common peephole 100 removed redundant or after and.
                           2197 ; common peephole 163 changed absolute to relative conditional jump.
   0810 28 04         [12] 2198 	jr	z, 00114$
                           2199 ;	genLabel
   0812                    2200 00113$:
                           2201 ;	genAssign
                           2202 ;	genMove_o size 1 result type 11 source type 1 a_dead 1 hl_dead 1 de_dead 1 iy_dead 1 f_dead 1
   0812 AF            [ 4] 2203 	xor	a, a
   0813 32r00s00      [13] 2204 	ld	(#_success), a
                           2205 ; common peephole 19 loaded (#_success) from a directly instead of using hl.
                           2206 ;	genLabel
   0816                    2207 00114$:
                           2208 ;	skipping iCode since result will be rematerialized
                           2209 ;	genAddrOf
                           2210 ;	genPointerGet
                           2211 ;fetchPairLong
   0816 3Ar04s00      [13] 2212 	ld	a, (#_nibble_op_test_low4_1_volatileBits_10000_53+0)
                           2213 ; common peephole 17 loaded a from (#_nibble_op_test_low4_1_volatileBits_10000_53+0) directly instead of using hl.
   0819 E6 0F         [ 7] 2214 	and	a, #0x0f
   081B 4F            [ 4] 2215 	ld	c, a
                           2216 ;	genPointerSet
                           2217 ;	genMove_o size 2 result type 2 source type 7 a_dead 1 hl_dead 1 de_dead 1 iy_dead 1 f_dead 1
   081C 21r04s00      [10] 2218 	ld	hl, #_nibble_op_test_low4_1_volatileBits_10000_53
   081F ED 67         [18] 2219 	rrd
   0821 79            [ 4] 2220 	ld	a, c
   0822 ED 6F         [18] 2221 	rld
                           2222 ;	skipping iCode since result will be rematerialized
                           2223 ;	genPointerGet
   0824 3Ar04s00      [13] 2224 	ld	a, (#_nibble_op_test_low4_1_volatileBits_10000_53 + 0)
                           2225 ;	genIfx
   0827 E6 0F         [ 7] 2226 	and	a, #0x0f
                           2227 ; common peephole 100 removed redundant or after and.
                           2228 ; common peephole 163 changed absolute to relative conditional jump.
   0829 20 0B         [12] 2229 	jr	nz, 00116$
                           2230 ;	skipping iCode since result will be rematerialized
                           2231 ;	genPointerGet
   082B 3Ar04s00      [13] 2232 	ld	a, (#_nibble_op_test_low4_1_volatileBits_10000_53 + 0)
   082E 07            [ 4] 2233 	rlca
   082F 07            [ 4] 2234 	rlca
   0830 07            [ 4] 2235 	rlca
   0831 07            [ 4] 2236 	rlca
                           2237 ;	genIfx
   0832 E6 0F         [ 7] 2238 	and	a, #0x0f
                           2239 ; common peephole 100 removed redundant or after and.
                           2240 ; common peephole 163 changed absolute to relative conditional jump.
   0834 28 04         [12] 2241 	jr	z, 00117$
                           2242 ;	genLabel
   0836                    2243 00116$:
                           2244 ;	genAssign
                           2245 ;	genMove_o size 1 result type 11 source type 1 a_dead 1 hl_dead 1 de_dead 1 iy_dead 1 f_dead 1
   0836 AF            [ 4] 2246 	xor	a, a
   0837 32r00s00      [13] 2247 	ld	(#_success), a
                           2248 ; common peephole 19 loaded (#_success) from a directly instead of using hl.
                           2249 ;	genLabel
   083A                    2250 00117$:
                           2251 ;	genAddrOf
   083A 01r04s00      [10] 2252 	ld	bc, #_nibble_op_test_low4_1_volatileBits_10000_53+0
                           2253 ;	genPointerSet
   083D 0A            [ 7] 2254 	ld	a, (bc)
   083E F6 0F         [ 7] 2255 	or	a, #0x0f
   0840 02            [ 7] 2256 	ld	(bc), a
                           2257 ;	skipping iCode since result will be rematerialized
                           2258 ;	genPointerGet
   0841 3Ar04s00      [13] 2259 	ld	a, (#_nibble_op_test_low4_1_volatileBits_10000_53 + 0)
   0844 E6 0F         [ 7] 2260 	and	a, #0x0f
                           2261 ;	genCmpEq
   0846 FE 0F         [ 7] 2262 	cp	a, #0x0f
                           2263 ; common peephole 81 removed jp by using inverse jump logic
                           2264 ; common peephole 159 removed unused label 00215$.
                           2265 ; common peephole 163 changed absolute to relative conditional jump.
   0848 20 0B         [12] 2266 	jr	nz, 00119$
                           2267 ; common peephole 82 removed jp by using inverse jump logic
                           2268 ; common peephole 159 removed unused label 00216$.
                           2269 ;	skipping generated iCode
                           2270 ;	skipping iCode since result will be rematerialized
                           2271 ;	genPointerGet
   084A 3Ar04s00      [13] 2272 	ld	a, (#_nibble_op_test_low4_1_volatileBits_10000_53 + 0)
   084D 07            [ 4] 2273 	rlca
   084E 07            [ 4] 2274 	rlca
   084F 07            [ 4] 2275 	rlca
   0850 07            [ 4] 2276 	rlca
                           2277 ;	genIfx
   0851 E6 0F         [ 7] 2278 	and	a, #0x0f
                           2279 ; common peephole 100 removed redundant or after and.
                           2280 ; common peephole 163 changed absolute to relative conditional jump.
   0853 28 04         [12] 2281 	jr	z, 00120$
                           2282 ;	genLabel
   0855                    2283 00119$:
                           2284 ;	genAssign
                           2285 ;	genMove_o size 1 result type 11 source type 1 a_dead 1 hl_dead 1 de_dead 1 iy_dead 1 f_dead 1
   0855 AF            [ 4] 2286 	xor	a, a
   0856 32r00s00      [13] 2287 	ld	(#_success), a
                           2288 ; common peephole 19 loaded (#_success) from a directly instead of using hl.
                           2289 ;	genLabel
   0859                    2290 00120$:
                           2291 ;	skipping iCode since result will be rematerialized
                           2292 ;	genAddrOf
                           2293 ;	genPointerGet
                           2294 ;fetchPairLong
   0859 3Ar04s00      [13] 2295 	ld	a, (#_nibble_op_test_low4_1_volatileBits_10000_53+0)
                           2296 ; common peephole 17 loaded a from (#_nibble_op_test_low4_1_volatileBits_10000_53+0) directly instead of using hl.
   085C E6 0F         [ 7] 2297 	and	a, #0x0f
   085E 4F            [ 4] 2298 	ld	c, a
                           2299 ;	genPointerSet
                           2300 ;	genMove_o size 2 result type 2 source type 7 a_dead 1 hl_dead 1 de_dead 1 iy_dead 1 f_dead 1
   085F 21r04s00      [10] 2301 	ld	hl, #_nibble_op_test_low4_1_volatileBits_10000_53
   0862 ED 67         [18] 2302 	rrd
   0864 79            [ 4] 2303 	ld	a, c
   0865 ED 6F         [18] 2304 	rld
                           2305 ;	skipping iCode since result will be rematerialized
                           2306 ;	genPointerGet
   0867 3Ar04s00      [13] 2307 	ld	a, (#_nibble_op_test_low4_1_volatileBits_10000_53 + 0)
   086A E6 0F         [ 7] 2308 	and	a, #0x0f
                           2309 ;	genCast
                           2310 ;	(locations are the same)
                           2311 ;	genCmpEq
   086C FE 0F         [ 7] 2312 	cp	a, #0x0f
                           2313 ; common peephole 81 removed jp by using inverse jump logic
                           2314 ; common peephole 159 removed unused label 00217$.
                           2315 ; common peephole 163 changed absolute to relative conditional jump.
   086E 20 0B         [12] 2316 	jr	nz, 00122$
                           2317 ; common peephole 82 removed jp by using inverse jump logic
                           2318 ; common peephole 159 removed unused label 00218$.
                           2319 ;	skipping generated iCode
                           2320 ;	skipping iCode since result will be rematerialized
                           2321 ;	genPointerGet
   0870 3Ar04s00      [13] 2322 	ld	a, (#_nibble_op_test_low4_1_volatileBits_10000_53 + 0)
   0873 07            [ 4] 2323 	rlca
   0874 07            [ 4] 2324 	rlca
   0875 07            [ 4] 2325 	rlca
   0876 07            [ 4] 2326 	rlca
                           2327 ;	genIfx
   0877 E6 0F         [ 7] 2328 	and	a, #0x0f
                           2329 ; common peephole 100 removed redundant or after and.
                           2330 ; common peephole 163 changed absolute to relative conditional jump.
   0879 28 04         [12] 2331 	jr	z, 00123$
                           2332 ;	genLabel
   087B                    2333 00122$:
                           2334 ;	genAssign
                           2335 ;	genMove_o size 1 result type 11 source type 1 a_dead 1 hl_dead 1 de_dead 1 iy_dead 1 f_dead 1
   087B AF            [ 4] 2336 	xor	a, a
   087C 32r00s00      [13] 2337 	ld	(#_success), a
                           2338 ; common peephole 19 loaded (#_success) from a directly instead of using hl.
                           2339 ;	genLabel
   087F                    2340 00123$:
                           2341 ;	genPlus
                           2342 ;	genMove_o size 2 result type 2 source type 10 a_dead 1 hl_dead 1 de_dead 1 iy_dead 1 f_dead 1
   087F 2Ar00s00      [16] 2343 	ld	hl, (___numTests)
   0882 23            [ 6] 2344 	inc	hl
                           2345 ;	genMove_o size 2 result type 10 source type 2 a_dead 1 hl_dead 1 de_dead 1 iy_dead 1 f_dead 1
   0883 22r00s00      [16] 2346 	ld	(___numTests), hl
                           2347 ;	genIfx
                           2348 ; common peephole 61 used hl instead of iy.
                           2349 ; common peephole 130a removed unnecessary +0 from constant
   0886 21r00s00      [10] 2350 	ld	hl, #_success
   0889 CB 46         [12] 2351 	bit	0, (hl)
   088B C0            [11] 2352 	ret	nz
                           2353 ; common peephole 161 replaced jump by return.
                           2354 ;	skipping iCode since result will be rematerialized
                           2355 ;	skipping iCode since result will be rematerialized
                           2356 ;	skipping iCode since result will be rematerialized
                           2357 ;	skipping iCode since result will be rematerialized
                           2358 ;	skipping iCode since result will be rematerialized
                           2359 ;	skipping iCode since result will be rematerialized
                           2360 ;	genIpush
                           2361 ;	genMove_o size 2 result type 2 source type 1 a_dead 1 hl_dead 1 de_dead 1 iy_dead 1 f_dead 1
   088C 21 58 01      [10] 2362 	ld	hl, #0x0158
   088F E5            [11] 2363 	push	hl
                           2364 ;	genIpush
                           2365 ;	genMove_o size 2 result type 2 source type 7 a_dead 1 hl_dead 1 de_dead 1 iy_dead 1 f_dead 1
   0890 21rB7s08      [10] 2366 	ld	hl, #___str_14
   0893 E5            [11] 2367 	push	hl
                           2368 ;	genSend
                           2369 ;	genMove_o size 2 result type 2 source type 7 a_dead 1 hl_dead 1 de_dead 1 iy_dead 1 f_dead 1
   0894 11rAFs08      [10] 2370 	ld	de, #___str_13
                           2371 ;	genSend
                           2372 ;	genMove_o size 2 result type 2 source type 7 a_dead 1 hl_dead 1 de_dead 0 iy_dead 1 f_dead 1
   0897 21r9Es08      [10] 2373 	ld	hl, #___str_12
                           2374 ;	genCall
   089A CDr00s00      [17] 2375 	call	___fail
                           2376 ;	genLabel
                           2377 ; common peephole 159 removed unused label 00125$.
                           2378 ;cases/bitfields-nibbles/bitfields-nibbles_operation_3_pattern_0_varType_4.c:345: }
                           2379 ;	genEndFunction
   089D C9            [10] 2380 	ret
                           2381 ;	Total nibble_op_test_low4_1 function size at codegen: 13 bytes.
   089E                    2382 ___str_12:
   089E 41 73 73 65 72 74  2383 	.ascii "Assertion failed"
        69 6F 6E 20 66 61
        69 6C 65 64
   08AE 00                 2384 	.db 0x00
   08AF                    2385 ___str_13:
   08AF 73 75 63 63 65 73  2386 	.ascii "success"
        73
   08B6 00                 2387 	.db 0x00
   08B7                    2388 ___str_14:
   08B7 63 61 73 65 73 2F  2389 	.ascii "cases/bitfields-nibbles/bitfields-nibbles_operation_3_patter"
        62 69 74 66 69 65
        6C 64 73 2D 6E 69
        62 62 6C 65 73 2F
        62 69 74 66 69 65
        6C 64 73 2D 6E 69
        62 62 6C 65 73 5F
        6F 70 65 72 61 74
        69 6F 6E 5F 33 5F
        70 61 74 74 65 72
   08F3 6E 5F 30 5F 76 61  2390 	.ascii "n_0_varType_4.c"
        72 54 79 70 65 5F
        34 2E 63
   0902 00                 2391 	.db 0x00
                           2392 ;cases/bitfields-nibbles/bitfields-nibbles_operation_3_pattern_0_varType_4.c:357: nibble_op_test_high1_1(void)
                           2393 ;	genLabel
                           2394 ;	genFunction
                           2395 ;	---------------------------------
                           2396 ; Function nibble_op_test_high1_1
                           2397 ; ---------------------------------
                           2398 ;	Register assignment might be sub-optimal.
                           2399 ; Stack space usage: 0 bytes.
   0903                    2400 _nibble_op_test_high1_1:
                           2401 ;cases/bitfields-nibbles/bitfields-nibbles_operation_3_pattern_0_varType_4.c:360: TEST(high, 0xFF);
                           2402 ;	genAssign
                           2403 ;	genMove_o size 1 result type 11 source type 1 a_dead 1 hl_dead 1 de_dead 1 iy_dead 1 f_dead 1
   0903 21r00s00      [10] 2404 	ld	hl, #_success
   0906 36 01         [10] 2405 	ld	(hl), #0x01
                           2406 ;	genAddrOf
   0908 01r05s00      [10] 2407 	ld	bc, #_nibble_op_test_high1_1_volatileBits_10000_63+0
                           2408 ;	genPointerSet
   090B 0A            [ 7] 2409 	ld	a, (bc)
   090C E6 0F         [ 7] 2410 	and	a, #0x0f
   090E 02            [ 7] 2411 	ld	(bc), a
                           2412 ;	genAddrOf
   090F 01r05s00      [10] 2413 	ld	bc, #_nibble_op_test_high1_1_volatileBits_10000_63+0
                           2414 ;	genPointerSet
   0912 0A            [ 7] 2415 	ld	a, (bc)
   0913 E6 F0         [ 7] 2416 	and	a, #0xf0
   0915 02            [ 7] 2417 	ld	(bc), a
                           2418 ;	skipping iCode since result will be rematerialized
                           2419 ;	genPointerGet
   0916 3Ar05s00      [13] 2420 	ld	a, (#_nibble_op_test_high1_1_volatileBits_10000_63 + 0)
   0919 07            [ 4] 2421 	rlca
   091A 07            [ 4] 2422 	rlca
   091B 07            [ 4] 2423 	rlca
   091C 07            [ 4] 2424 	rlca
                           2425 ;	genIfx
   091D E6 0F         [ 7] 2426 	and	a, #0x0f
                           2427 ; common peephole 100 removed redundant or after and.
                           2428 ; common peephole 163 changed absolute to relative conditional jump.
   091F 20 07         [12] 2429 	jr	nz, 00101$
                           2430 ;	skipping iCode since result will be rematerialized
                           2431 ;	genPointerGet
   0921 3Ar05s00      [13] 2432 	ld	a, (#_nibble_op_test_high1_1_volatileBits_10000_63 + 0)
                           2433 ;	genIfx
   0924 E6 0F         [ 7] 2434 	and	a, #0x0f
                           2435 ; common peephole 100 removed redundant or after and.
                           2436 ; common peephole 163 changed absolute to relative conditional jump.
   0926 28 04         [12] 2437 	jr	z, 00102$
                           2438 ;	genLabel
   0928                    2439 00101$:
                           2440 ;	genAssign
                           2441 ;	genMove_o size 1 result type 11 source type 1 a_dead 1 hl_dead 1 de_dead 1 iy_dead 1 f_dead 1
   0928 AF            [ 4] 2442 	xor	a, a
   0929 32r00s00      [13] 2443 	ld	(#_success), a
                           2444 ; common peephole 19 loaded (#_success) from a directly instead of using hl.
                           2445 ;	genLabel
   092C                    2446 00102$:
                           2447 ;	skipping iCode since result will be rematerialized
                           2448 ;	skipping iCode since result will be rematerialized
                           2449 ;	genPointerGet
   092C 3Ar05s00      [13] 2450 	ld	a, (#_nibble_op_test_high1_1_volatileBits_10000_63 + 0)
   092F 07            [ 4] 2451 	rlca
   0930 07            [ 4] 2452 	rlca
   0931 07            [ 4] 2453 	rlca
   0932 07            [ 4] 2454 	rlca
   0933 E6 0F         [ 7] 2455 	and	a, #0x0f
                           2456 ;	genXor
   0935 EE 0F         [ 7] 2457 	xor	a, #0x0f
                           2458 ;	genMove_o size 1 result type 2 source type 2 a_dead 1 hl_dead 1 de_dead 1 iy_dead 1 f_dead 1
   0937 4F            [ 4] 2459 	ld	c, a
                           2460 ;	genMove_o size 0 result type 2 source type 1 a_dead 1 hl_dead 1 de_dead 1 iy_dead 1 f_dead 1
                           2461 ;	genPointerSet
                           2462 ;	genMove_o size 2 result type 2 source type 7 a_dead 1 hl_dead 1 de_dead 1 iy_dead 1 f_dead 1
   0938 21r05s00      [10] 2463 	ld	hl, #_nibble_op_test_high1_1_volatileBits_10000_63
   093B ED 6F         [18] 2464 	rld
   093D 79            [ 4] 2465 	ld	a, c
   093E ED 67         [18] 2466 	rrd
                           2467 ;	skipping iCode since result will be rematerialized
                           2468 ;	genPointerGet
   0940 3Ar05s00      [13] 2469 	ld	a, (#_nibble_op_test_high1_1_volatileBits_10000_63 + 0)
   0943 07            [ 4] 2470 	rlca
   0944 07            [ 4] 2471 	rlca
   0945 07            [ 4] 2472 	rlca
   0946 07            [ 4] 2473 	rlca
   0947 E6 0F         [ 7] 2474 	and	a, #0x0f
                           2475 ;	genCast
                           2476 ;	(locations are the same)
                           2477 ;	genCmpEq
   0949 FE 0F         [ 7] 2478 	cp	a, #0x0f
                           2479 ; common peephole 81 removed jp by using inverse jump logic
                           2480 ; common peephole 159 removed unused label 00211$.
                           2481 ; common peephole 163 changed absolute to relative conditional jump.
   094B 20 07         [12] 2482 	jr	nz, 00104$
                           2483 ; common peephole 82 removed jp by using inverse jump logic
                           2484 ; common peephole 159 removed unused label 00212$.
                           2485 ;	skipping generated iCode
                           2486 ;	skipping iCode since result will be rematerialized
                           2487 ;	genPointerGet
   094D 3Ar05s00      [13] 2488 	ld	a, (#_nibble_op_test_high1_1_volatileBits_10000_63 + 0)
                           2489 ;	genIfx
   0950 E6 0F         [ 7] 2490 	and	a, #0x0f
                           2491 ; common peephole 100 removed redundant or after and.
                           2492 ; common peephole 163 changed absolute to relative conditional jump.
   0952 28 04         [12] 2493 	jr	z, 00105$
                           2494 ;	genLabel
   0954                    2495 00104$:
                           2496 ;	genAssign
                           2497 ;	genMove_o size 1 result type 11 source type 1 a_dead 1 hl_dead 1 de_dead 1 iy_dead 1 f_dead 1
   0954 AF            [ 4] 2498 	xor	a, a
   0955 32r00s00      [13] 2499 	ld	(#_success), a
                           2500 ; common peephole 19 loaded (#_success) from a directly instead of using hl.
                           2501 ;	genLabel
   0958                    2502 00105$:
                           2503 ;	genAddrOf
   0958 01r05s00      [10] 2504 	ld	bc, #_nibble_op_test_high1_1_volatileBits_10000_63+0
                           2505 ;	genPointerSet
   095B 0A            [ 7] 2506 	ld	a, (bc)
   095C F6 F0         [ 7] 2507 	or	a, #0xf0
   095E 02            [ 7] 2508 	ld	(bc), a
                           2509 ;	skipping iCode since result will be rematerialized
                           2510 ;	genPointerGet
   095F 3Ar05s00      [13] 2511 	ld	a, (#_nibble_op_test_high1_1_volatileBits_10000_63 + 0)
   0962 07            [ 4] 2512 	rlca
   0963 07            [ 4] 2513 	rlca
   0964 07            [ 4] 2514 	rlca
   0965 07            [ 4] 2515 	rlca
   0966 E6 0F         [ 7] 2516 	and	a, #0x0f
                           2517 ;	genCmpEq
   0968 FE 0F         [ 7] 2518 	cp	a, #0x0f
                           2519 ; common peephole 81 removed jp by using inverse jump logic
                           2520 ; common peephole 159 removed unused label 00213$.
                           2521 ; common peephole 163 changed absolute to relative conditional jump.
   096A 20 07         [12] 2522 	jr	nz, 00107$
                           2523 ; common peephole 82 removed jp by using inverse jump logic
                           2524 ; common peephole 159 removed unused label 00214$.
                           2525 ;	skipping generated iCode
                           2526 ;	skipping iCode since result will be rematerialized
                           2527 ;	genPointerGet
   096C 3Ar05s00      [13] 2528 	ld	a, (#_nibble_op_test_high1_1_volatileBits_10000_63 + 0)
                           2529 ;	genIfx
   096F E6 0F         [ 7] 2530 	and	a, #0x0f
                           2531 ; common peephole 100 removed redundant or after and.
                           2532 ; common peephole 163 changed absolute to relative conditional jump.
   0971 28 04         [12] 2533 	jr	z, 00108$
                           2534 ;	genLabel
   0973                    2535 00107$:
                           2536 ;	genAssign
                           2537 ;	genMove_o size 1 result type 11 source type 1 a_dead 1 hl_dead 1 de_dead 1 iy_dead 1 f_dead 1
   0973 AF            [ 4] 2538 	xor	a, a
   0974 32r00s00      [13] 2539 	ld	(#_success), a
                           2540 ; common peephole 19 loaded (#_success) from a directly instead of using hl.
                           2541 ;	genLabel
   0977                    2542 00108$:
                           2543 ;	skipping iCode since result will be rematerialized
                           2544 ;	skipping iCode since result will be rematerialized
                           2545 ;	genPointerGet
   0977 3Ar05s00      [13] 2546 	ld	a, (#_nibble_op_test_high1_1_volatileBits_10000_63 + 0)
   097A 07            [ 4] 2547 	rlca
   097B 07            [ 4] 2548 	rlca
   097C 07            [ 4] 2549 	rlca
   097D 07            [ 4] 2550 	rlca
   097E E6 0F         [ 7] 2551 	and	a, #0x0f
                           2552 ;	genXor
   0980 EE 0F         [ 7] 2553 	xor	a, #0x0f
                           2554 ;	genMove_o size 1 result type 2 source type 2 a_dead 1 hl_dead 1 de_dead 1 iy_dead 1 f_dead 1
   0982 4F            [ 4] 2555 	ld	c, a
                           2556 ;	genMove_o size 0 result type 2 source type 1 a_dead 1 hl_dead 1 de_dead 1 iy_dead 1 f_dead 1
                           2557 ;	genPointerSet
                           2558 ;	genMove_o size 2 result type 2 source type 7 a_dead 1 hl_dead 1 de_dead 1 iy_dead 1 f_dead 1
   0983 21r05s00      [10] 2559 	ld	hl, #_nibble_op_test_high1_1_volatileBits_10000_63
   0986 ED 6F         [18] 2560 	rld
   0988 79            [ 4] 2561 	ld	a, c
   0989 ED 67         [18] 2562 	rrd
                           2563 ;	skipping iCode since result will be rematerialized
                           2564 ;	genPointerGet
   098B 3Ar05s00      [13] 2565 	ld	a, (#_nibble_op_test_high1_1_volatileBits_10000_63 + 0)
   098E 07            [ 4] 2566 	rlca
   098F 07            [ 4] 2567 	rlca
   0990 07            [ 4] 2568 	rlca
   0991 07            [ 4] 2569 	rlca
                           2570 ;	genIfx
   0992 E6 0F         [ 7] 2571 	and	a, #0x0f
                           2572 ; common peephole 100 removed redundant or after and.
                           2573 ; common peephole 163 changed absolute to relative conditional jump.
   0994 20 07         [12] 2574 	jr	nz, 00110$
                           2575 ;	skipping iCode since result will be rematerialized
                           2576 ;	genPointerGet
   0996 3Ar05s00      [13] 2577 	ld	a, (#_nibble_op_test_high1_1_volatileBits_10000_63 + 0)
                           2578 ;	genIfx
   0999 E6 0F         [ 7] 2579 	and	a, #0x0f
                           2580 ; common peephole 100 removed redundant or after and.
                           2581 ; common peephole 163 changed absolute to relative conditional jump.
   099B 28 04         [12] 2582 	jr	z, 00111$
                           2583 ;	genLabel
   099D                    2584 00110$:
                           2585 ;	genAssign
                           2586 ;	genMove_o size 1 result type 11 source type 1 a_dead 1 hl_dead 1 de_dead 1 iy_dead 1 f_dead 1
   099D AF            [ 4] 2587 	xor	a, a
   099E 32r00s00      [13] 2588 	ld	(#_success), a
                           2589 ; common peephole 19 loaded (#_success) from a directly instead of using hl.
                           2590 ;	genLabel
   09A1                    2591 00111$:
                           2592 ;	genPlus
                           2593 ;	genMove_o size 2 result type 2 source type 10 a_dead 1 hl_dead 1 de_dead 1 iy_dead 1 f_dead 1
   09A1 2Ar00s00      [16] 2594 	ld	hl, (___numTests)
   09A4 23            [ 6] 2595 	inc	hl
                           2596 ;	genMove_o size 2 result type 10 source type 2 a_dead 1 hl_dead 1 de_dead 1 iy_dead 1 f_dead 1
   09A5 22r00s00      [16] 2597 	ld	(___numTests), hl
                           2598 ;	genIfx
                           2599 ; common peephole 61 used hl instead of iy.
                           2600 ; common peephole 130a removed unnecessary +0 from constant
   09A8 21r00s00      [10] 2601 	ld	hl, #_success
   09AB CB 46         [12] 2602 	bit	0, (hl)
                           2603 ; common peephole 163 changed absolute to relative conditional jump.
   09AD 20 11         [12] 2604 	jr	nz, 00128$
                           2605 ;	skipping iCode since result will be rematerialized
                           2606 ;	skipping iCode since result will be rematerialized
                           2607 ;	skipping iCode since result will be rematerialized
                           2608 ;	skipping iCode since result will be rematerialized
                           2609 ;	skipping iCode since result will be rematerialized
                           2610 ;	skipping iCode since result will be rematerialized
                           2611 ;	genIpush
                           2612 ;	genMove_o size 2 result type 2 source type 1 a_dead 1 hl_dead 1 de_dead 1 iy_dead 1 f_dead 1
   09AF 21 68 01      [10] 2613 	ld	hl, #0x0168
   09B2 E5            [11] 2614 	push	hl
                           2615 ;	genIpush
                           2616 ;	genMove_o size 2 result type 2 source type 7 a_dead 1 hl_dead 1 de_dead 1 iy_dead 1 f_dead 1
   09B3 21r92s0A      [10] 2617 	ld	hl, #___str_17
   09B6 E5            [11] 2618 	push	hl
                           2619 ;	genSend
                           2620 ;	genMove_o size 2 result type 2 source type 7 a_dead 1 hl_dead 1 de_dead 1 iy_dead 1 f_dead 1
   09B7 11r8As0A      [10] 2621 	ld	de, #___str_16
                           2622 ;	genSend
                           2623 ;	genMove_o size 2 result type 2 source type 7 a_dead 1 hl_dead 1 de_dead 0 iy_dead 1 f_dead 1
   09BA 21r79s0A      [10] 2624 	ld	hl, #___str_15
                           2625 ;	genCall
   09BD CDr00s00      [17] 2626 	call	___fail
                           2627 ;	genLabel
   09C0                    2628 00128$:
                           2629 ;cases/bitfields-nibbles/bitfields-nibbles_operation_3_pattern_0_varType_4.c:361: TEST(high, 0x00);
                           2630 ;	genAssign
                           2631 ;	genMove_o size 1 result type 11 source type 1 a_dead 1 hl_dead 1 de_dead 1 iy_dead 1 f_dead 1
   09C0 21r00s00      [10] 2632 	ld	hl, #_success
   09C3 36 01         [10] 2633 	ld	(hl), #0x01
                           2634 ;	genAddrOf
   09C5 01r05s00      [10] 2635 	ld	bc, #_nibble_op_test_high1_1_volatileBits_10000_63+0
                           2636 ;	genPointerSet
   09C8 0A            [ 7] 2637 	ld	a, (bc)
   09C9 E6 0F         [ 7] 2638 	and	a, #0x0f
   09CB 02            [ 7] 2639 	ld	(bc), a
                           2640 ;	genAddrOf
   09CC 01r05s00      [10] 2641 	ld	bc, #_nibble_op_test_high1_1_volatileBits_10000_63+0
                           2642 ;	genPointerSet
   09CF 0A            [ 7] 2643 	ld	a, (bc)
   09D0 E6 F0         [ 7] 2644 	and	a, #0xf0
   09D2 02            [ 7] 2645 	ld	(bc), a
                           2646 ;	skipping iCode since result will be rematerialized
                           2647 ;	genPointerGet
   09D3 3Ar05s00      [13] 2648 	ld	a, (#_nibble_op_test_high1_1_volatileBits_10000_63 + 0)
   09D6 07            [ 4] 2649 	rlca
   09D7 07            [ 4] 2650 	rlca
   09D8 07            [ 4] 2651 	rlca
   09D9 07            [ 4] 2652 	rlca
                           2653 ;	genIfx
   09DA E6 0F         [ 7] 2654 	and	a, #0x0f
                           2655 ; common peephole 100 removed redundant or after and.
                           2656 ; common peephole 163 changed absolute to relative conditional jump.
   09DC 20 07         [12] 2657 	jr	nz, 00113$
                           2658 ;	skipping iCode since result will be rematerialized
                           2659 ;	genPointerGet
   09DE 3Ar05s00      [13] 2660 	ld	a, (#_nibble_op_test_high1_1_volatileBits_10000_63 + 0)
                           2661 ;	genIfx
   09E1 E6 0F         [ 7] 2662 	and	a, #0x0f
                           2663 ; common peephole 100 removed redundant or after and.
                           2664 ; common peephole 163 changed absolute to relative conditional jump.
   09E3 28 04         [12] 2665 	jr	z, 00114$
                           2666 ;	genLabel
   09E5                    2667 00113$:
                           2668 ;	genAssign
                           2669 ;	genMove_o size 1 result type 11 source type 1 a_dead 1 hl_dead 1 de_dead 1 iy_dead 1 f_dead 1
   09E5 AF            [ 4] 2670 	xor	a, a
   09E6 32r00s00      [13] 2671 	ld	(#_success), a
                           2672 ; common peephole 19 loaded (#_success) from a directly instead of using hl.
                           2673 ;	genLabel
   09E9                    2674 00114$:
                           2675 ;	skipping iCode since result will be rematerialized
                           2676 ;	genAddrOf
                           2677 ;	genPointerGet
                           2678 ;fetchPairLong
   09E9 3Ar05s00      [13] 2679 	ld	a, (#_nibble_op_test_high1_1_volatileBits_10000_63+0)
                           2680 ; common peephole 17 loaded a from (#_nibble_op_test_high1_1_volatileBits_10000_63+0) directly instead of using hl.
   09EC 07            [ 4] 2681 	rlca
   09ED 07            [ 4] 2682 	rlca
   09EE 07            [ 4] 2683 	rlca
   09EF 07            [ 4] 2684 	rlca
   09F0 E6 0F         [ 7] 2685 	and	a, #0x0f
   09F2 4F            [ 4] 2686 	ld	c, a
                           2687 ;	genPointerSet
                           2688 ;	genMove_o size 2 result type 2 source type 7 a_dead 1 hl_dead 1 de_dead 1 iy_dead 1 f_dead 1
   09F3 21r05s00      [10] 2689 	ld	hl, #_nibble_op_test_high1_1_volatileBits_10000_63
   09F6 ED 6F         [18] 2690 	rld
   09F8 79            [ 4] 2691 	ld	a, c
   09F9 ED 67         [18] 2692 	rrd
                           2693 ;	skipping iCode since result will be rematerialized
                           2694 ;	genPointerGet
   09FB 3Ar05s00      [13] 2695 	ld	a, (#_nibble_op_test_high1_1_volatileBits_10000_63 + 0)
   09FE 07            [ 4] 2696 	rlca
   09FF 07            [ 4] 2697 	rlca
   0A00 07            [ 4] 2698 	rlca
   0A01 07            [ 4] 2699 	rlca
                           2700 ;	genIfx
   0A02 E6 0F         [ 7] 2701 	and	a, #0x0f
                           2702 ; common peephole 100 removed redundant or after and.
                           2703 ; common peephole 163 changed absolute to relative conditional jump.
   0A04 20 07         [12] 2704 	jr	nz, 00116$
                           2705 ;	skipping iCode since result will be rematerialized
                           2706 ;	genPointerGet
   0A06 3Ar05s00      [13] 2707 	ld	a, (#_nibble_op_test_high1_1_volatileBits_10000_63 + 0)
                           2708 ;	genIfx
   0A09 E6 0F         [ 7] 2709 	and	a, #0x0f
                           2710 ; common peephole 100 removed redundant or after and.
                           2711 ; common peephole 163 changed absolute to relative conditional jump.
   0A0B 28 04         [12] 2712 	jr	z, 00117$
                           2713 ;	genLabel
   0A0D                    2714 00116$:
                           2715 ;	genAssign
                           2716 ;	genMove_o size 1 result type 11 source type 1 a_dead 1 hl_dead 1 de_dead 1 iy_dead 1 f_dead 1
   0A0D AF            [ 4] 2717 	xor	a, a
   0A0E 32r00s00      [13] 2718 	ld	(#_success), a
                           2719 ; common peephole 19 loaded (#_success) from a directly instead of using hl.
                           2720 ;	genLabel
   0A11                    2721 00117$:
                           2722 ;	genAddrOf
   0A11 01r05s00      [10] 2723 	ld	bc, #_nibble_op_test_high1_1_volatileBits_10000_63+0
                           2724 ;	genPointerSet
   0A14 0A            [ 7] 2725 	ld	a, (bc)
   0A15 F6 F0         [ 7] 2726 	or	a, #0xf0
   0A17 02            [ 7] 2727 	ld	(bc), a
                           2728 ;	skipping iCode since result will be rematerialized
                           2729 ;	genPointerGet
   0A18 3Ar05s00      [13] 2730 	ld	a, (#_nibble_op_test_high1_1_volatileBits_10000_63 + 0)
   0A1B 07            [ 4] 2731 	rlca
   0A1C 07            [ 4] 2732 	rlca
   0A1D 07            [ 4] 2733 	rlca
   0A1E 07            [ 4] 2734 	rlca
   0A1F E6 0F         [ 7] 2735 	and	a, #0x0f
                           2736 ;	genCmpEq
   0A21 FE 0F         [ 7] 2737 	cp	a, #0x0f
                           2738 ; common peephole 81 removed jp by using inverse jump logic
                           2739 ; common peephole 159 removed unused label 00215$.
                           2740 ; common peephole 163 changed absolute to relative conditional jump.
   0A23 20 07         [12] 2741 	jr	nz, 00119$
                           2742 ; common peephole 82 removed jp by using inverse jump logic
                           2743 ; common peephole 159 removed unused label 00216$.
                           2744 ;	skipping generated iCode
                           2745 ;	skipping iCode since result will be rematerialized
                           2746 ;	genPointerGet
   0A25 3Ar05s00      [13] 2747 	ld	a, (#_nibble_op_test_high1_1_volatileBits_10000_63 + 0)
                           2748 ;	genIfx
   0A28 E6 0F         [ 7] 2749 	and	a, #0x0f
                           2750 ; common peephole 100 removed redundant or after and.
                           2751 ; common peephole 163 changed absolute to relative conditional jump.
   0A2A 28 04         [12] 2752 	jr	z, 00120$
                           2753 ;	genLabel
   0A2C                    2754 00119$:
                           2755 ;	genAssign
                           2756 ;	genMove_o size 1 result type 11 source type 1 a_dead 1 hl_dead 1 de_dead 1 iy_dead 1 f_dead 1
   0A2C AF            [ 4] 2757 	xor	a, a
   0A2D 32r00s00      [13] 2758 	ld	(#_success), a
                           2759 ; common peephole 19 loaded (#_success) from a directly instead of using hl.
                           2760 ;	genLabel
   0A30                    2761 00120$:
                           2762 ;	skipping iCode since result will be rematerialized
                           2763 ;	genAddrOf
                           2764 ;	genPointerGet
                           2765 ;fetchPairLong
   0A30 3Ar05s00      [13] 2766 	ld	a, (#_nibble_op_test_high1_1_volatileBits_10000_63+0)
                           2767 ; common peephole 17 loaded a from (#_nibble_op_test_high1_1_volatileBits_10000_63+0) directly instead of using hl.
   0A33 07            [ 4] 2768 	rlca
   0A34 07            [ 4] 2769 	rlca
   0A35 07            [ 4] 2770 	rlca
   0A36 07            [ 4] 2771 	rlca
   0A37 E6 0F         [ 7] 2772 	and	a, #0x0f
   0A39 4F            [ 4] 2773 	ld	c, a
                           2774 ;	genPointerSet
                           2775 ;	genMove_o size 2 result type 2 source type 7 a_dead 1 hl_dead 1 de_dead 1 iy_dead 1 f_dead 1
   0A3A 21r05s00      [10] 2776 	ld	hl, #_nibble_op_test_high1_1_volatileBits_10000_63
   0A3D ED 6F         [18] 2777 	rld
   0A3F 79            [ 4] 2778 	ld	a, c
   0A40 ED 67         [18] 2779 	rrd
                           2780 ;	skipping iCode since result will be rematerialized
                           2781 ;	genPointerGet
   0A42 3Ar05s00      [13] 2782 	ld	a, (#_nibble_op_test_high1_1_volatileBits_10000_63 + 0)
   0A45 07            [ 4] 2783 	rlca
   0A46 07            [ 4] 2784 	rlca
   0A47 07            [ 4] 2785 	rlca
   0A48 07            [ 4] 2786 	rlca
   0A49 E6 0F         [ 7] 2787 	and	a, #0x0f
                           2788 ;	genCast
                           2789 ;	(locations are the same)
                           2790 ;	genCmpEq
   0A4B FE 0F         [ 7] 2791 	cp	a, #0x0f
                           2792 ; common peephole 81 removed jp by using inverse jump logic
                           2793 ; common peephole 159 removed unused label 00217$.
                           2794 ; common peephole 163 changed absolute to relative conditional jump.
   0A4D 20 07         [12] 2795 	jr	nz, 00122$
                           2796 ; common peephole 82 removed jp by using inverse jump logic
                           2797 ; common peephole 159 removed unused label 00218$.
                           2798 ;	skipping generated iCode
                           2799 ;	skipping iCode since result will be rematerialized
                           2800 ;	genPointerGet
   0A4F 3Ar05s00      [13] 2801 	ld	a, (#_nibble_op_test_high1_1_volatileBits_10000_63 + 0)
                           2802 ;	genIfx
   0A52 E6 0F         [ 7] 2803 	and	a, #0x0f
                           2804 ; common peephole 100 removed redundant or after and.
                           2805 ; common peephole 163 changed absolute to relative conditional jump.
   0A54 28 04         [12] 2806 	jr	z, 00123$
                           2807 ;	genLabel
   0A56                    2808 00122$:
                           2809 ;	genAssign
                           2810 ;	genMove_o size 1 result type 11 source type 1 a_dead 1 hl_dead 1 de_dead 1 iy_dead 1 f_dead 1
   0A56 AF            [ 4] 2811 	xor	a, a
   0A57 32r00s00      [13] 2812 	ld	(#_success), a
                           2813 ; common peephole 19 loaded (#_success) from a directly instead of using hl.
                           2814 ;	genLabel
   0A5A                    2815 00123$:
                           2816 ;	genPlus
                           2817 ;	genMove_o size 2 result type 2 source type 10 a_dead 1 hl_dead 1 de_dead 1 iy_dead 1 f_dead 1
   0A5A 2Ar00s00      [16] 2818 	ld	hl, (___numTests)
   0A5D 23            [ 6] 2819 	inc	hl
                           2820 ;	genMove_o size 2 result type 10 source type 2 a_dead 1 hl_dead 1 de_dead 1 iy_dead 1 f_dead 1
   0A5E 22r00s00      [16] 2821 	ld	(___numTests), hl
                           2822 ;	genIfx
                           2823 ; common peephole 61 used hl instead of iy.
                           2824 ; common peephole 130a removed unnecessary +0 from constant
   0A61 21r00s00      [10] 2825 	ld	hl, #_success
   0A64 CB 46         [12] 2826 	bit	0, (hl)
   0A66 C0            [11] 2827 	ret	nz
                           2828 ; common peephole 161 replaced jump by return.
                           2829 ;	skipping iCode since result will be rematerialized
                           2830 ;	skipping iCode since result will be rematerialized
                           2831 ;	skipping iCode since result will be rematerialized
                           2832 ;	skipping iCode since result will be rematerialized
                           2833 ;	skipping iCode since result will be rematerialized
                           2834 ;	skipping iCode since result will be rematerialized
                           2835 ;	genIpush
                           2836 ;	genMove_o size 2 result type 2 source type 1 a_dead 1 hl_dead 1 de_dead 1 iy_dead 1 f_dead 1
   0A67 21 69 01      [10] 2837 	ld	hl, #0x0169
   0A6A E5            [11] 2838 	push	hl
                           2839 ;	genIpush
                           2840 ;	genMove_o size 2 result type 2 source type 7 a_dead 1 hl_dead 1 de_dead 1 iy_dead 1 f_dead 1
   0A6B 21r92s0A      [10] 2841 	ld	hl, #___str_17
   0A6E E5            [11] 2842 	push	hl
                           2843 ;	genSend
                           2844 ;	genMove_o size 2 result type 2 source type 7 a_dead 1 hl_dead 1 de_dead 1 iy_dead 1 f_dead 1
   0A6F 11r8As0A      [10] 2845 	ld	de, #___str_16
                           2846 ;	genSend
                           2847 ;	genMove_o size 2 result type 2 source type 7 a_dead 1 hl_dead 1 de_dead 0 iy_dead 1 f_dead 1
   0A72 21r79s0A      [10] 2848 	ld	hl, #___str_15
                           2849 ;	genCall
   0A75 CDr00s00      [17] 2850 	call	___fail
                           2851 ;	genLabel
                           2852 ; common peephole 159 removed unused label 00125$.
                           2853 ;cases/bitfields-nibbles/bitfields-nibbles_operation_3_pattern_0_varType_4.c:362: }
                           2854 ;	genEndFunction
   0A78 C9            [10] 2855 	ret
                           2856 ;	Total nibble_op_test_high1_1 function size at codegen: 13 bytes.
   0A79                    2857 ___str_15:
   0A79 41 73 73 65 72 74  2858 	.ascii "Assertion failed"
        69 6F 6E 20 66 61
        69 6C 65 64
   0A89 00                 2859 	.db 0x00
   0A8A                    2860 ___str_16:
   0A8A 73 75 63 63 65 73  2861 	.ascii "success"
        73
   0A91 00                 2862 	.db 0x00
   0A92                    2863 ___str_17:
   0A92 63 61 73 65 73 2F  2864 	.ascii "cases/bitfields-nibbles/bitfields-nibbles_operation_3_patter"
        62 69 74 66 69 65
        6C 64 73 2D 6E 69
        62 62 6C 65 73 2F
        62 69 74 66 69 65
        6C 64 73 2D 6E 69
        62 62 6C 65 73 5F
        6F 70 65 72 61 74
        69 6F 6E 5F 33 5F
        70 61 74 74 65 72
   0ACE 6E 5F 30 5F 76 61  2865 	.ascii "n_0_varType_4.c"
        72 54 79 70 65 5F
        34 2E 63
   0ADD 00                 2866 	.db 0x00
                           2867 ;cases/bitfields-nibbles/bitfields-nibbles_operation_3_pattern_0_varType_4.c:364: nibble_op_test_high1_2(void)
                           2868 ;	genLabel
                           2869 ;	genFunction
                           2870 ;	---------------------------------
                           2871 ; Function nibble_op_test_high1_2
                           2872 ; ---------------------------------
                           2873 ;	Register assignment might be sub-optimal.
                           2874 ; Stack space usage: 0 bytes.
   0ADE                    2875 _nibble_op_test_high1_2:
                           2876 ;cases/bitfields-nibbles/bitfields-nibbles_operation_3_pattern_0_varType_4.c:367: TEST(high, 0x0F);
                           2877 ;	genAssign
                           2878 ;	genMove_o size 1 result type 11 source type 1 a_dead 1 hl_dead 1 de_dead 1 iy_dead 1 f_dead 1
   0ADE 21r00s00      [10] 2879 	ld	hl, #_success
   0AE1 36 01         [10] 2880 	ld	(hl), #0x01
                           2881 ;	genAddrOf
   0AE3 01r06s00      [10] 2882 	ld	bc, #_nibble_op_test_high1_2_volatileBits_10000_73+0
                           2883 ;	genPointerSet
   0AE6 0A            [ 7] 2884 	ld	a, (bc)
   0AE7 E6 0F         [ 7] 2885 	and	a, #0x0f
   0AE9 02            [ 7] 2886 	ld	(bc), a
                           2887 ;	genAddrOf
   0AEA 01r06s00      [10] 2888 	ld	bc, #_nibble_op_test_high1_2_volatileBits_10000_73+0
                           2889 ;	genPointerSet
   0AED 0A            [ 7] 2890 	ld	a, (bc)
   0AEE E6 F0         [ 7] 2891 	and	a, #0xf0
   0AF0 02            [ 7] 2892 	ld	(bc), a
                           2893 ;	skipping iCode since result will be rematerialized
                           2894 ;	genPointerGet
   0AF1 3Ar06s00      [13] 2895 	ld	a, (#_nibble_op_test_high1_2_volatileBits_10000_73 + 0)
   0AF4 07            [ 4] 2896 	rlca
   0AF5 07            [ 4] 2897 	rlca
   0AF6 07            [ 4] 2898 	rlca
   0AF7 07            [ 4] 2899 	rlca
                           2900 ;	genIfx
   0AF8 E6 0F         [ 7] 2901 	and	a, #0x0f
                           2902 ; common peephole 100 removed redundant or after and.
                           2903 ; common peephole 163 changed absolute to relative conditional jump.
   0AFA 20 07         [12] 2904 	jr	nz, 00101$
                           2905 ;	skipping iCode since result will be rematerialized
                           2906 ;	genPointerGet
   0AFC 3Ar06s00      [13] 2907 	ld	a, (#_nibble_op_test_high1_2_volatileBits_10000_73 + 0)
                           2908 ;	genIfx
   0AFF E6 0F         [ 7] 2909 	and	a, #0x0f
                           2910 ; common peephole 100 removed redundant or after and.
                           2911 ; common peephole 163 changed absolute to relative conditional jump.
   0B01 28 04         [12] 2912 	jr	z, 00102$
                           2913 ;	genLabel
   0B03                    2914 00101$:
                           2915 ;	genAssign
                           2916 ;	genMove_o size 1 result type 11 source type 1 a_dead 1 hl_dead 1 de_dead 1 iy_dead 1 f_dead 1
   0B03 AF            [ 4] 2917 	xor	a, a
   0B04 32r00s00      [13] 2918 	ld	(#_success), a
                           2919 ; common peephole 19 loaded (#_success) from a directly instead of using hl.
                           2920 ;	genLabel
   0B07                    2921 00102$:
                           2922 ;	skipping iCode since result will be rematerialized
                           2923 ;	skipping iCode since result will be rematerialized
                           2924 ;	genPointerGet
   0B07 3Ar06s00      [13] 2925 	ld	a, (#_nibble_op_test_high1_2_volatileBits_10000_73 + 0)
   0B0A 07            [ 4] 2926 	rlca
   0B0B 07            [ 4] 2927 	rlca
   0B0C 07            [ 4] 2928 	rlca
   0B0D 07            [ 4] 2929 	rlca
   0B0E E6 0F         [ 7] 2930 	and	a, #0x0f
                           2931 ;	genXor
   0B10 EE 0F         [ 7] 2932 	xor	a, #0x0f
                           2933 ;	genMove_o size 1 result type 2 source type 2 a_dead 1 hl_dead 1 de_dead 1 iy_dead 1 f_dead 1
   0B12 4F            [ 4] 2934 	ld	c, a
                           2935 ;	genMove_o size 0 result type 2 source type 1 a_dead 1 hl_dead 1 de_dead 1 iy_dead 1 f_dead 1
                           2936 ;	genPointerSet
                           2937 ;	genMove_o size 2 result type 2 source type 7 a_dead 1 hl_dead 1 de_dead 1 iy_dead 1 f_dead 1
   0B13 21r06s00      [10] 2938 	ld	hl, #_nibble_op_test_high1_2_volatileBits_10000_73
   0B16 ED 6F         [18] 2939 	rld
   0B18 79            [ 4] 2940 	ld	a, c
   0B19 ED 67         [18] 2941 	rrd
                           2942 ;	skipping iCode since result will be rematerialized
                           2943 ;	genPointerGet
   0B1B 3Ar06s00      [13] 2944 	ld	a, (#_nibble_op_test_high1_2_volatileBits_10000_73 + 0)
   0B1E 07            [ 4] 2945 	rlca
   0B1F 07            [ 4] 2946 	rlca
   0B20 07            [ 4] 2947 	rlca
   0B21 07            [ 4] 2948 	rlca
   0B22 E6 0F         [ 7] 2949 	and	a, #0x0f
                           2950 ;	genCast
                           2951 ;	(locations are the same)
                           2952 ;	genCmpEq
   0B24 FE 0F         [ 7] 2953 	cp	a, #0x0f
                           2954 ; common peephole 81 removed jp by using inverse jump logic
                           2955 ; common peephole 159 removed unused label 00211$.
                           2956 ; common peephole 163 changed absolute to relative conditional jump.
   0B26 20 07         [12] 2957 	jr	nz, 00104$
                           2958 ; common peephole 82 removed jp by using inverse jump logic
                           2959 ; common peephole 159 removed unused label 00212$.
                           2960 ;	skipping generated iCode
                           2961 ;	skipping iCode since result will be rematerialized
                           2962 ;	genPointerGet
   0B28 3Ar06s00      [13] 2963 	ld	a, (#_nibble_op_test_high1_2_volatileBits_10000_73 + 0)
                           2964 ;	genIfx
   0B2B E6 0F         [ 7] 2965 	and	a, #0x0f
                           2966 ; common peephole 100 removed redundant or after and.
                           2967 ; common peephole 163 changed absolute to relative conditional jump.
   0B2D 28 04         [12] 2968 	jr	z, 00105$
                           2969 ;	genLabel
   0B2F                    2970 00104$:
                           2971 ;	genAssign
                           2972 ;	genMove_o size 1 result type 11 source type 1 a_dead 1 hl_dead 1 de_dead 1 iy_dead 1 f_dead 1
   0B2F AF            [ 4] 2973 	xor	a, a
   0B30 32r00s00      [13] 2974 	ld	(#_success), a
                           2975 ; common peephole 19 loaded (#_success) from a directly instead of using hl.
                           2976 ;	genLabel
   0B33                    2977 00105$:
                           2978 ;	genAddrOf
   0B33 01r06s00      [10] 2979 	ld	bc, #_nibble_op_test_high1_2_volatileBits_10000_73+0
                           2980 ;	genPointerSet
   0B36 0A            [ 7] 2981 	ld	a, (bc)
   0B37 F6 F0         [ 7] 2982 	or	a, #0xf0
   0B39 02            [ 7] 2983 	ld	(bc), a
                           2984 ;	skipping iCode since result will be rematerialized
                           2985 ;	genPointerGet
   0B3A 3Ar06s00      [13] 2986 	ld	a, (#_nibble_op_test_high1_2_volatileBits_10000_73 + 0)
   0B3D 07            [ 4] 2987 	rlca
   0B3E 07            [ 4] 2988 	rlca
   0B3F 07            [ 4] 2989 	rlca
   0B40 07            [ 4] 2990 	rlca
   0B41 E6 0F         [ 7] 2991 	and	a, #0x0f
                           2992 ;	genCmpEq
   0B43 FE 0F         [ 7] 2993 	cp	a, #0x0f
                           2994 ; common peephole 81 removed jp by using inverse jump logic
                           2995 ; common peephole 159 removed unused label 00213$.
                           2996 ; common peephole 163 changed absolute to relative conditional jump.
   0B45 20 07         [12] 2997 	jr	nz, 00107$
                           2998 ; common peephole 82 removed jp by using inverse jump logic
                           2999 ; common peephole 159 removed unused label 00214$.
                           3000 ;	skipping generated iCode
                           3001 ;	skipping iCode since result will be rematerialized
                           3002 ;	genPointerGet
   0B47 3Ar06s00      [13] 3003 	ld	a, (#_nibble_op_test_high1_2_volatileBits_10000_73 + 0)
                           3004 ;	genIfx
   0B4A E6 0F         [ 7] 3005 	and	a, #0x0f
                           3006 ; common peephole 100 removed redundant or after and.
                           3007 ; common peephole 163 changed absolute to relative conditional jump.
   0B4C 28 04         [12] 3008 	jr	z, 00108$
                           3009 ;	genLabel
   0B4E                    3010 00107$:
                           3011 ;	genAssign
                           3012 ;	genMove_o size 1 result type 11 source type 1 a_dead 1 hl_dead 1 de_dead 1 iy_dead 1 f_dead 1
   0B4E AF            [ 4] 3013 	xor	a, a
   0B4F 32r00s00      [13] 3014 	ld	(#_success), a
                           3015 ; common peephole 19 loaded (#_success) from a directly instead of using hl.
                           3016 ;	genLabel
   0B52                    3017 00108$:
                           3018 ;	skipping iCode since result will be rematerialized
                           3019 ;	skipping iCode since result will be rematerialized
                           3020 ;	genPointerGet
   0B52 3Ar06s00      [13] 3021 	ld	a, (#_nibble_op_test_high1_2_volatileBits_10000_73 + 0)
   0B55 07            [ 4] 3022 	rlca
   0B56 07            [ 4] 3023 	rlca
   0B57 07            [ 4] 3024 	rlca
   0B58 07            [ 4] 3025 	rlca
   0B59 E6 0F         [ 7] 3026 	and	a, #0x0f
                           3027 ;	genXor
   0B5B EE 0F         [ 7] 3028 	xor	a, #0x0f
                           3029 ;	genMove_o size 1 result type 2 source type 2 a_dead 1 hl_dead 1 de_dead 1 iy_dead 1 f_dead 1
   0B5D 4F            [ 4] 3030 	ld	c, a
                           3031 ;	genMove_o size 0 result type 2 source type 1 a_dead 1 hl_dead 1 de_dead 1 iy_dead 1 f_dead 1
                           3032 ;	genPointerSet
                           3033 ;	genMove_o size 2 result type 2 source type 7 a_dead 1 hl_dead 1 de_dead 1 iy_dead 1 f_dead 1
   0B5E 21r06s00      [10] 3034 	ld	hl, #_nibble_op_test_high1_2_volatileBits_10000_73
   0B61 ED 6F         [18] 3035 	rld
   0B63 79            [ 4] 3036 	ld	a, c
   0B64 ED 67         [18] 3037 	rrd
                           3038 ;	skipping iCode since result will be rematerialized
                           3039 ;	genPointerGet
   0B66 3Ar06s00      [13] 3040 	ld	a, (#_nibble_op_test_high1_2_volatileBits_10000_73 + 0)
   0B69 07            [ 4] 3041 	rlca
   0B6A 07            [ 4] 3042 	rlca
   0B6B 07            [ 4] 3043 	rlca
   0B6C 07            [ 4] 3044 	rlca
                           3045 ;	genIfx
   0B6D E6 0F         [ 7] 3046 	and	a, #0x0f
                           3047 ; common peephole 100 removed redundant or after and.
                           3048 ; common peephole 163 changed absolute to relative conditional jump.
   0B6F 20 07         [12] 3049 	jr	nz, 00110$
                           3050 ;	skipping iCode since result will be rematerialized
                           3051 ;	genPointerGet
   0B71 3Ar06s00      [13] 3052 	ld	a, (#_nibble_op_test_high1_2_volatileBits_10000_73 + 0)
                           3053 ;	genIfx
   0B74 E6 0F         [ 7] 3054 	and	a, #0x0f
                           3055 ; common peephole 100 removed redundant or after and.
                           3056 ; common peephole 163 changed absolute to relative conditional jump.
   0B76 28 04         [12] 3057 	jr	z, 00111$
                           3058 ;	genLabel
   0B78                    3059 00110$:
                           3060 ;	genAssign
                           3061 ;	genMove_o size 1 result type 11 source type 1 a_dead 1 hl_dead 1 de_dead 1 iy_dead 1 f_dead 1
   0B78 AF            [ 4] 3062 	xor	a, a
   0B79 32r00s00      [13] 3063 	ld	(#_success), a
                           3064 ; common peephole 19 loaded (#_success) from a directly instead of using hl.
                           3065 ;	genLabel
   0B7C                    3066 00111$:
                           3067 ;	genPlus
                           3068 ;	genMove_o size 2 result type 2 source type 10 a_dead 1 hl_dead 1 de_dead 1 iy_dead 1 f_dead 1
   0B7C 2Ar00s00      [16] 3069 	ld	hl, (___numTests)
   0B7F 23            [ 6] 3070 	inc	hl
                           3071 ;	genMove_o size 2 result type 10 source type 2 a_dead 1 hl_dead 1 de_dead 1 iy_dead 1 f_dead 1
   0B80 22r00s00      [16] 3072 	ld	(___numTests), hl
                           3073 ;	genIfx
                           3074 ; common peephole 61 used hl instead of iy.
                           3075 ; common peephole 130a removed unnecessary +0 from constant
   0B83 21r00s00      [10] 3076 	ld	hl, #_success
   0B86 CB 46         [12] 3077 	bit	0, (hl)
                           3078 ; common peephole 163 changed absolute to relative conditional jump.
   0B88 20 11         [12] 3079 	jr	nz, 00128$
                           3080 ;	skipping iCode since result will be rematerialized
                           3081 ;	skipping iCode since result will be rematerialized
                           3082 ;	skipping iCode since result will be rematerialized
                           3083 ;	skipping iCode since result will be rematerialized
                           3084 ;	skipping iCode since result will be rematerialized
                           3085 ;	skipping iCode since result will be rematerialized
                           3086 ;	genIpush
                           3087 ;	genMove_o size 2 result type 2 source type 1 a_dead 1 hl_dead 1 de_dead 1 iy_dead 1 f_dead 1
   0B8A 21 6F 01      [10] 3088 	ld	hl, #0x016f
   0B8D E5            [11] 3089 	push	hl
                           3090 ;	genIpush
                           3091 ;	genMove_o size 2 result type 2 source type 7 a_dead 1 hl_dead 1 de_dead 1 iy_dead 1 f_dead 1
   0B8E 21r6Ds0C      [10] 3092 	ld	hl, #___str_20
   0B91 E5            [11] 3093 	push	hl
                           3094 ;	genSend
                           3095 ;	genMove_o size 2 result type 2 source type 7 a_dead 1 hl_dead 1 de_dead 1 iy_dead 1 f_dead 1
   0B92 11r65s0C      [10] 3096 	ld	de, #___str_19
                           3097 ;	genSend
                           3098 ;	genMove_o size 2 result type 2 source type 7 a_dead 1 hl_dead 1 de_dead 0 iy_dead 1 f_dead 1
   0B95 21r54s0C      [10] 3099 	ld	hl, #___str_18
                           3100 ;	genCall
   0B98 CDr00s00      [17] 3101 	call	___fail
                           3102 ;	genLabel
   0B9B                    3103 00128$:
                           3104 ;cases/bitfields-nibbles/bitfields-nibbles_operation_3_pattern_0_varType_4.c:368: TEST(high, 0xF0);
                           3105 ;	genAssign
                           3106 ;	genMove_o size 1 result type 11 source type 1 a_dead 1 hl_dead 1 de_dead 1 iy_dead 1 f_dead 1
   0B9B 21r00s00      [10] 3107 	ld	hl, #_success
   0B9E 36 01         [10] 3108 	ld	(hl), #0x01
                           3109 ;	genAddrOf
   0BA0 01r06s00      [10] 3110 	ld	bc, #_nibble_op_test_high1_2_volatileBits_10000_73+0
                           3111 ;	genPointerSet
   0BA3 0A            [ 7] 3112 	ld	a, (bc)
   0BA4 E6 0F         [ 7] 3113 	and	a, #0x0f
   0BA6 02            [ 7] 3114 	ld	(bc), a
                           3115 ;	genAddrOf
   0BA7 01r06s00      [10] 3116 	ld	bc, #_nibble_op_test_high1_2_volatileBits_10000_73+0
                           3117 ;	genPointerSet
   0BAA 0A            [ 7] 3118 	ld	a, (bc)
   0BAB E6 F0         [ 7] 3119 	and	a, #0xf0
   0BAD 02            [ 7] 3120 	ld	(bc), a
                           3121 ;	skipping iCode since result will be rematerialized
                           3122 ;	genPointerGet
   0BAE 3Ar06s00      [13] 3123 	ld	a, (#_nibble_op_test_high1_2_volatileBits_10000_73 + 0)
   0BB1 07            [ 4] 3124 	rlca
   0BB2 07            [ 4] 3125 	rlca
   0BB3 07            [ 4] 3126 	rlca
   0BB4 07            [ 4] 3127 	rlca
                           3128 ;	genIfx
   0BB5 E6 0F         [ 7] 3129 	and	a, #0x0f
                           3130 ; common peephole 100 removed redundant or after and.
                           3131 ; common peephole 163 changed absolute to relative conditional jump.
   0BB7 20 07         [12] 3132 	jr	nz, 00113$
                           3133 ;	skipping iCode since result will be rematerialized
                           3134 ;	genPointerGet
   0BB9 3Ar06s00      [13] 3135 	ld	a, (#_nibble_op_test_high1_2_volatileBits_10000_73 + 0)
                           3136 ;	genIfx
   0BBC E6 0F         [ 7] 3137 	and	a, #0x0f
                           3138 ; common peephole 100 removed redundant or after and.
                           3139 ; common peephole 163 changed absolute to relative conditional jump.
   0BBE 28 04         [12] 3140 	jr	z, 00114$
                           3141 ;	genLabel
   0BC0                    3142 00113$:
                           3143 ;	genAssign
                           3144 ;	genMove_o size 1 result type 11 source type 1 a_dead 1 hl_dead 1 de_dead 1 iy_dead 1 f_dead 1
   0BC0 AF            [ 4] 3145 	xor	a, a
   0BC1 32r00s00      [13] 3146 	ld	(#_success), a
                           3147 ; common peephole 19 loaded (#_success) from a directly instead of using hl.
                           3148 ;	genLabel
   0BC4                    3149 00114$:
                           3150 ;	skipping iCode since result will be rematerialized
                           3151 ;	genAddrOf
                           3152 ;	genPointerGet
                           3153 ;fetchPairLong
   0BC4 3Ar06s00      [13] 3154 	ld	a, (#_nibble_op_test_high1_2_volatileBits_10000_73+0)
                           3155 ; common peephole 17 loaded a from (#_nibble_op_test_high1_2_volatileBits_10000_73+0) directly instead of using hl.
   0BC7 07            [ 4] 3156 	rlca
   0BC8 07            [ 4] 3157 	rlca
   0BC9 07            [ 4] 3158 	rlca
   0BCA 07            [ 4] 3159 	rlca
   0BCB E6 0F         [ 7] 3160 	and	a, #0x0f
   0BCD 4F            [ 4] 3161 	ld	c, a
                           3162 ;	genPointerSet
                           3163 ;	genMove_o size 2 result type 2 source type 7 a_dead 1 hl_dead 1 de_dead 1 iy_dead 1 f_dead 1
   0BCE 21r06s00      [10] 3164 	ld	hl, #_nibble_op_test_high1_2_volatileBits_10000_73
   0BD1 ED 6F         [18] 3165 	rld
   0BD3 79            [ 4] 3166 	ld	a, c
   0BD4 ED 67         [18] 3167 	rrd
                           3168 ;	skipping iCode since result will be rematerialized
                           3169 ;	genPointerGet
   0BD6 3Ar06s00      [13] 3170 	ld	a, (#_nibble_op_test_high1_2_volatileBits_10000_73 + 0)
   0BD9 07            [ 4] 3171 	rlca
   0BDA 07            [ 4] 3172 	rlca
   0BDB 07            [ 4] 3173 	rlca
   0BDC 07            [ 4] 3174 	rlca
                           3175 ;	genIfx
   0BDD E6 0F         [ 7] 3176 	and	a, #0x0f
                           3177 ; common peephole 100 removed redundant or after and.
                           3178 ; common peephole 163 changed absolute to relative conditional jump.
   0BDF 20 07         [12] 3179 	jr	nz, 00116$
                           3180 ;	skipping iCode since result will be rematerialized
                           3181 ;	genPointerGet
   0BE1 3Ar06s00      [13] 3182 	ld	a, (#_nibble_op_test_high1_2_volatileBits_10000_73 + 0)
                           3183 ;	genIfx
   0BE4 E6 0F         [ 7] 3184 	and	a, #0x0f
                           3185 ; common peephole 100 removed redundant or after and.
                           3186 ; common peephole 163 changed absolute to relative conditional jump.
   0BE6 28 04         [12] 3187 	jr	z, 00117$
                           3188 ;	genLabel
   0BE8                    3189 00116$:
                           3190 ;	genAssign
                           3191 ;	genMove_o size 1 result type 11 source type 1 a_dead 1 hl_dead 1 de_dead 1 iy_dead 1 f_dead 1
   0BE8 AF            [ 4] 3192 	xor	a, a
   0BE9 32r00s00      [13] 3193 	ld	(#_success), a
                           3194 ; common peephole 19 loaded (#_success) from a directly instead of using hl.
                           3195 ;	genLabel
   0BEC                    3196 00117$:
                           3197 ;	genAddrOf
   0BEC 01r06s00      [10] 3198 	ld	bc, #_nibble_op_test_high1_2_volatileBits_10000_73+0
                           3199 ;	genPointerSet
   0BEF 0A            [ 7] 3200 	ld	a, (bc)
   0BF0 F6 F0         [ 7] 3201 	or	a, #0xf0
   0BF2 02            [ 7] 3202 	ld	(bc), a
                           3203 ;	skipping iCode since result will be rematerialized
                           3204 ;	genPointerGet
   0BF3 3Ar06s00      [13] 3205 	ld	a, (#_nibble_op_test_high1_2_volatileBits_10000_73 + 0)
   0BF6 07            [ 4] 3206 	rlca
   0BF7 07            [ 4] 3207 	rlca
   0BF8 07            [ 4] 3208 	rlca
   0BF9 07            [ 4] 3209 	rlca
   0BFA E6 0F         [ 7] 3210 	and	a, #0x0f
                           3211 ;	genCmpEq
   0BFC FE 0F         [ 7] 3212 	cp	a, #0x0f
                           3213 ; common peephole 81 removed jp by using inverse jump logic
                           3214 ; common peephole 159 removed unused label 00215$.
                           3215 ; common peephole 163 changed absolute to relative conditional jump.
   0BFE 20 07         [12] 3216 	jr	nz, 00119$
                           3217 ; common peephole 82 removed jp by using inverse jump logic
                           3218 ; common peephole 159 removed unused label 00216$.
                           3219 ;	skipping generated iCode
                           3220 ;	skipping iCode since result will be rematerialized
                           3221 ;	genPointerGet
   0C00 3Ar06s00      [13] 3222 	ld	a, (#_nibble_op_test_high1_2_volatileBits_10000_73 + 0)
                           3223 ;	genIfx
   0C03 E6 0F         [ 7] 3224 	and	a, #0x0f
                           3225 ; common peephole 100 removed redundant or after and.
                           3226 ; common peephole 163 changed absolute to relative conditional jump.
   0C05 28 04         [12] 3227 	jr	z, 00120$
                           3228 ;	genLabel
   0C07                    3229 00119$:
                           3230 ;	genAssign
                           3231 ;	genMove_o size 1 result type 11 source type 1 a_dead 1 hl_dead 1 de_dead 1 iy_dead 1 f_dead 1
   0C07 AF            [ 4] 3232 	xor	a, a
   0C08 32r00s00      [13] 3233 	ld	(#_success), a
                           3234 ; common peephole 19 loaded (#_success) from a directly instead of using hl.
                           3235 ;	genLabel
   0C0B                    3236 00120$:
                           3237 ;	skipping iCode since result will be rematerialized
                           3238 ;	genAddrOf
                           3239 ;	genPointerGet
                           3240 ;fetchPairLong
   0C0B 3Ar06s00      [13] 3241 	ld	a, (#_nibble_op_test_high1_2_volatileBits_10000_73+0)
                           3242 ; common peephole 17 loaded a from (#_nibble_op_test_high1_2_volatileBits_10000_73+0) directly instead of using hl.
   0C0E 07            [ 4] 3243 	rlca
   0C0F 07            [ 4] 3244 	rlca
   0C10 07            [ 4] 3245 	rlca
   0C11 07            [ 4] 3246 	rlca
   0C12 E6 0F         [ 7] 3247 	and	a, #0x0f
   0C14 4F            [ 4] 3248 	ld	c, a
                           3249 ;	genPointerSet
                           3250 ;	genMove_o size 2 result type 2 source type 7 a_dead 1 hl_dead 1 de_dead 1 iy_dead 1 f_dead 1
   0C15 21r06s00      [10] 3251 	ld	hl, #_nibble_op_test_high1_2_volatileBits_10000_73
   0C18 ED 6F         [18] 3252 	rld
   0C1A 79            [ 4] 3253 	ld	a, c
   0C1B ED 67         [18] 3254 	rrd
                           3255 ;	skipping iCode since result will be rematerialized
                           3256 ;	genPointerGet
   0C1D 3Ar06s00      [13] 3257 	ld	a, (#_nibble_op_test_high1_2_volatileBits_10000_73 + 0)
   0C20 07            [ 4] 3258 	rlca
   0C21 07            [ 4] 3259 	rlca
   0C22 07            [ 4] 3260 	rlca
   0C23 07            [ 4] 3261 	rlca
   0C24 E6 0F         [ 7] 3262 	and	a, #0x0f
                           3263 ;	genCast
                           3264 ;	(locations are the same)
                           3265 ;	genCmpEq
   0C26 FE 0F         [ 7] 3266 	cp	a, #0x0f
                           3267 ; common peephole 81 removed jp by using inverse jump logic
                           3268 ; common peephole 159 removed unused label 00217$.
                           3269 ; common peephole 163 changed absolute to relative conditional jump.
   0C28 20 07         [12] 3270 	jr	nz, 00122$
                           3271 ; common peephole 82 removed jp by using inverse jump logic
                           3272 ; common peephole 159 removed unused label 00218$.
                           3273 ;	skipping generated iCode
                           3274 ;	skipping iCode since result will be rematerialized
                           3275 ;	genPointerGet
   0C2A 3Ar06s00      [13] 3276 	ld	a, (#_nibble_op_test_high1_2_volatileBits_10000_73 + 0)
                           3277 ;	genIfx
   0C2D E6 0F         [ 7] 3278 	and	a, #0x0f
                           3279 ; common peephole 100 removed redundant or after and.
                           3280 ; common peephole 163 changed absolute to relative conditional jump.
   0C2F 28 04         [12] 3281 	jr	z, 00123$
                           3282 ;	genLabel
   0C31                    3283 00122$:
                           3284 ;	genAssign
                           3285 ;	genMove_o size 1 result type 11 source type 1 a_dead 1 hl_dead 1 de_dead 1 iy_dead 1 f_dead 1
   0C31 AF            [ 4] 3286 	xor	a, a
   0C32 32r00s00      [13] 3287 	ld	(#_success), a
                           3288 ; common peephole 19 loaded (#_success) from a directly instead of using hl.
                           3289 ;	genLabel
   0C35                    3290 00123$:
                           3291 ;	genPlus
                           3292 ;	genMove_o size 2 result type 2 source type 10 a_dead 1 hl_dead 1 de_dead 1 iy_dead 1 f_dead 1
   0C35 2Ar00s00      [16] 3293 	ld	hl, (___numTests)
   0C38 23            [ 6] 3294 	inc	hl
                           3295 ;	genMove_o size 2 result type 10 source type 2 a_dead 1 hl_dead 1 de_dead 1 iy_dead 1 f_dead 1
   0C39 22r00s00      [16] 3296 	ld	(___numTests), hl
                           3297 ;	genIfx
                           3298 ; common peephole 61 used hl instead of iy.
                           3299 ; common peephole 130a removed unnecessary +0 from constant
   0C3C 21r00s00      [10] 3300 	ld	hl, #_success
   0C3F CB 46         [12] 3301 	bit	0, (hl)
   0C41 C0            [11] 3302 	ret	nz
                           3303 ; common peephole 161 replaced jump by return.
                           3304 ;	skipping iCode since result will be rematerialized
                           3305 ;	skipping iCode since result will be rematerialized
                           3306 ;	skipping iCode since result will be rematerialized
                           3307 ;	skipping iCode since result will be rematerialized
                           3308 ;	skipping iCode since result will be rematerialized
                           3309 ;	skipping iCode since result will be rematerialized
                           3310 ;	genIpush
                           3311 ;	genMove_o size 2 result type 2 source type 1 a_dead 1 hl_dead 1 de_dead 1 iy_dead 1 f_dead 1
   0C42 21 70 01      [10] 3312 	ld	hl, #0x0170
   0C45 E5            [11] 3313 	push	hl
                           3314 ;	genIpush
                           3315 ;	genMove_o size 2 result type 2 source type 7 a_dead 1 hl_dead 1 de_dead 1 iy_dead 1 f_dead 1
   0C46 21r6Ds0C      [10] 3316 	ld	hl, #___str_20
   0C49 E5            [11] 3317 	push	hl
                           3318 ;	genSend
                           3319 ;	genMove_o size 2 result type 2 source type 7 a_dead 1 hl_dead 1 de_dead 1 iy_dead 1 f_dead 1
   0C4A 11r65s0C      [10] 3320 	ld	de, #___str_19
                           3321 ;	genSend
                           3322 ;	genMove_o size 2 result type 2 source type 7 a_dead 1 hl_dead 1 de_dead 0 iy_dead 1 f_dead 1
   0C4D 21r54s0C      [10] 3323 	ld	hl, #___str_18
                           3324 ;	genCall
   0C50 CDr00s00      [17] 3325 	call	___fail
                           3326 ;	genLabel
                           3327 ; common peephole 159 removed unused label 00125$.
                           3328 ;cases/bitfields-nibbles/bitfields-nibbles_operation_3_pattern_0_varType_4.c:369: }
                           3329 ;	genEndFunction
   0C53 C9            [10] 3330 	ret
                           3331 ;	Total nibble_op_test_high1_2 function size at codegen: 13 bytes.
   0C54                    3332 ___str_18:
   0C54 41 73 73 65 72 74  3333 	.ascii "Assertion failed"
        69 6F 6E 20 66 61
        69 6C 65 64
   0C64 00                 3334 	.db 0x00
   0C65                    3335 ___str_19:
   0C65 73 75 63 63 65 73  3336 	.ascii "success"
        73
   0C6C 00                 3337 	.db 0x00
   0C6D                    3338 ___str_20:
   0C6D 63 61 73 65 73 2F  3339 	.ascii "cases/bitfields-nibbles/bitfields-nibbles_operation_3_patter"
        62 69 74 66 69 65
        6C 64 73 2D 6E 69
        62 62 6C 65 73 2F
        62 69 74 66 69 65
        6C 64 73 2D 6E 69
        62 62 6C 65 73 5F
        6F 70 65 72 61 74
        69 6F 6E 5F 33 5F
        70 61 74 74 65 72
   0CA9 6E 5F 30 5F 76 61  3340 	.ascii "n_0_varType_4.c"
        72 54 79 70 65 5F
        34 2E 63
   0CB8 00                 3341 	.db 0x00
                           3342 ;cases/bitfields-nibbles/bitfields-nibbles_operation_3_pattern_0_varType_4.c:371: nibble_op_test_high2_1(void)
                           3343 ;	genLabel
                           3344 ;	genFunction
                           3345 ;	---------------------------------
                           3346 ; Function nibble_op_test_high2_1
                           3347 ; ---------------------------------
                           3348 ;	Register assignment might be sub-optimal.
                           3349 ; Stack space usage: 0 bytes.
   0CB9                    3350 _nibble_op_test_high2_1:
                           3351 ;cases/bitfields-nibbles/bitfields-nibbles_operation_3_pattern_0_varType_4.c:374: TEST(high, 0x01);
                           3352 ;	genAssign
                           3353 ;	genMove_o size 1 result type 11 source type 1 a_dead 1 hl_dead 1 de_dead 1 iy_dead 1 f_dead 1
   0CB9 21r00s00      [10] 3354 	ld	hl, #_success
   0CBC 36 01         [10] 3355 	ld	(hl), #0x01
                           3356 ;	genAddrOf
   0CBE 01r07s00      [10] 3357 	ld	bc, #_nibble_op_test_high2_1_volatileBits_10000_83+0
                           3358 ;	genPointerSet
   0CC1 0A            [ 7] 3359 	ld	a, (bc)
   0CC2 E6 0F         [ 7] 3360 	and	a, #0x0f
   0CC4 02            [ 7] 3361 	ld	(bc), a
                           3362 ;	genAddrOf
   0CC5 01r07s00      [10] 3363 	ld	bc, #_nibble_op_test_high2_1_volatileBits_10000_83+0
                           3364 ;	genPointerSet
   0CC8 0A            [ 7] 3365 	ld	a, (bc)
   0CC9 E6 F0         [ 7] 3366 	and	a, #0xf0
   0CCB 02            [ 7] 3367 	ld	(bc), a
                           3368 ;	skipping iCode since result will be rematerialized
                           3369 ;	genPointerGet
   0CCC 3Ar07s00      [13] 3370 	ld	a, (#_nibble_op_test_high2_1_volatileBits_10000_83 + 0)
   0CCF 07            [ 4] 3371 	rlca
   0CD0 07            [ 4] 3372 	rlca
   0CD1 07            [ 4] 3373 	rlca
   0CD2 07            [ 4] 3374 	rlca
                           3375 ;	genIfx
   0CD3 E6 0F         [ 7] 3376 	and	a, #0x0f
                           3377 ; common peephole 100 removed redundant or after and.
                           3378 ; common peephole 163 changed absolute to relative conditional jump.
   0CD5 20 07         [12] 3379 	jr	nz, 00101$
                           3380 ;	skipping iCode since result will be rematerialized
                           3381 ;	genPointerGet
   0CD7 3Ar07s00      [13] 3382 	ld	a, (#_nibble_op_test_high2_1_volatileBits_10000_83 + 0)
                           3383 ;	genIfx
   0CDA E6 0F         [ 7] 3384 	and	a, #0x0f
                           3385 ; common peephole 100 removed redundant or after and.
                           3386 ; common peephole 163 changed absolute to relative conditional jump.
   0CDC 28 04         [12] 3387 	jr	z, 00102$
                           3388 ;	genLabel
   0CDE                    3389 00101$:
                           3390 ;	genAssign
                           3391 ;	genMove_o size 1 result type 11 source type 1 a_dead 1 hl_dead 1 de_dead 1 iy_dead 1 f_dead 1
   0CDE AF            [ 4] 3392 	xor	a, a
   0CDF 32r00s00      [13] 3393 	ld	(#_success), a
                           3394 ; common peephole 19 loaded (#_success) from a directly instead of using hl.
                           3395 ;	genLabel
   0CE2                    3396 00102$:
                           3397 ;	skipping iCode since result will be rematerialized
                           3398 ;	skipping iCode since result will be rematerialized
                           3399 ;	genPointerGet
   0CE2 3Ar07s00      [13] 3400 	ld	a, (#_nibble_op_test_high2_1_volatileBits_10000_83 + 0)
   0CE5 07            [ 4] 3401 	rlca
   0CE6 07            [ 4] 3402 	rlca
   0CE7 07            [ 4] 3403 	rlca
   0CE8 07            [ 4] 3404 	rlca
   0CE9 E6 0F         [ 7] 3405 	and	a, #0x0f
                           3406 ;	genXor
   0CEB EE 01         [ 7] 3407 	xor	a, #0x01
                           3408 ;	genMove_o size 1 result type 2 source type 2 a_dead 1 hl_dead 1 de_dead 1 iy_dead 1 f_dead 1
   0CED 4F            [ 4] 3409 	ld	c, a
                           3410 ;	genMove_o size 0 result type 2 source type 1 a_dead 1 hl_dead 1 de_dead 1 iy_dead 1 f_dead 1
                           3411 ;	genPointerSet
                           3412 ;	genMove_o size 2 result type 2 source type 7 a_dead 1 hl_dead 1 de_dead 1 iy_dead 1 f_dead 1
   0CEE 21r07s00      [10] 3413 	ld	hl, #_nibble_op_test_high2_1_volatileBits_10000_83
   0CF1 ED 6F         [18] 3414 	rld
   0CF3 79            [ 4] 3415 	ld	a, c
   0CF4 ED 67         [18] 3416 	rrd
                           3417 ;	skipping iCode since result will be rematerialized
                           3418 ;	genPointerGet
   0CF6 3Ar07s00      [13] 3419 	ld	a, (#_nibble_op_test_high2_1_volatileBits_10000_83 + 0)
   0CF9 07            [ 4] 3420 	rlca
   0CFA 07            [ 4] 3421 	rlca
   0CFB 07            [ 4] 3422 	rlca
   0CFC 07            [ 4] 3423 	rlca
   0CFD E6 0F         [ 7] 3424 	and	a, #0x0f
                           3425 ;	genCmpEq
   0CFF FE 01         [ 7] 3426 	cp	a, #0x01
                           3427 ; common peephole 81 removed jp by using inverse jump logic
                           3428 ; common peephole 159 removed unused label 00211$.
                           3429 ; common peephole 163 changed absolute to relative conditional jump.
   0D01 20 07         [12] 3430 	jr	nz, 00104$
                           3431 ; common peephole 82 removed jp by using inverse jump logic
                           3432 ; common peephole 159 removed unused label 00212$.
                           3433 ;	skipping generated iCode
                           3434 ;	skipping iCode since result will be rematerialized
                           3435 ;	genPointerGet
   0D03 3Ar07s00      [13] 3436 	ld	a, (#_nibble_op_test_high2_1_volatileBits_10000_83 + 0)
                           3437 ;	genIfx
   0D06 E6 0F         [ 7] 3438 	and	a, #0x0f
                           3439 ; common peephole 100 removed redundant or after and.
                           3440 ; common peephole 163 changed absolute to relative conditional jump.
   0D08 28 04         [12] 3441 	jr	z, 00105$
                           3442 ;	genLabel
   0D0A                    3443 00104$:
                           3444 ;	genAssign
                           3445 ;	genMove_o size 1 result type 11 source type 1 a_dead 1 hl_dead 1 de_dead 1 iy_dead 1 f_dead 1
   0D0A AF            [ 4] 3446 	xor	a, a
   0D0B 32r00s00      [13] 3447 	ld	(#_success), a
                           3448 ; common peephole 19 loaded (#_success) from a directly instead of using hl.
                           3449 ;	genLabel
   0D0E                    3450 00105$:
                           3451 ;	genAddrOf
   0D0E 01r07s00      [10] 3452 	ld	bc, #_nibble_op_test_high2_1_volatileBits_10000_83+0
                           3453 ;	genPointerSet
   0D11 0A            [ 7] 3454 	ld	a, (bc)
   0D12 F6 F0         [ 7] 3455 	or	a, #0xf0
   0D14 02            [ 7] 3456 	ld	(bc), a
                           3457 ;	skipping iCode since result will be rematerialized
                           3458 ;	genPointerGet
   0D15 3Ar07s00      [13] 3459 	ld	a, (#_nibble_op_test_high2_1_volatileBits_10000_83 + 0)
   0D18 07            [ 4] 3460 	rlca
   0D19 07            [ 4] 3461 	rlca
   0D1A 07            [ 4] 3462 	rlca
   0D1B 07            [ 4] 3463 	rlca
   0D1C E6 0F         [ 7] 3464 	and	a, #0x0f
                           3465 ;	genCmpEq
   0D1E FE 0F         [ 7] 3466 	cp	a, #0x0f
                           3467 ; common peephole 81 removed jp by using inverse jump logic
                           3468 ; common peephole 159 removed unused label 00213$.
                           3469 ; common peephole 163 changed absolute to relative conditional jump.
   0D20 20 07         [12] 3470 	jr	nz, 00107$
                           3471 ; common peephole 82 removed jp by using inverse jump logic
                           3472 ; common peephole 159 removed unused label 00214$.
                           3473 ;	skipping generated iCode
                           3474 ;	skipping iCode since result will be rematerialized
                           3475 ;	genPointerGet
   0D22 3Ar07s00      [13] 3476 	ld	a, (#_nibble_op_test_high2_1_volatileBits_10000_83 + 0)
                           3477 ;	genIfx
   0D25 E6 0F         [ 7] 3478 	and	a, #0x0f
                           3479 ; common peephole 100 removed redundant or after and.
                           3480 ; common peephole 163 changed absolute to relative conditional jump.
   0D27 28 04         [12] 3481 	jr	z, 00108$
                           3482 ;	genLabel
   0D29                    3483 00107$:
                           3484 ;	genAssign
                           3485 ;	genMove_o size 1 result type 11 source type 1 a_dead 1 hl_dead 1 de_dead 1 iy_dead 1 f_dead 1
   0D29 AF            [ 4] 3486 	xor	a, a
   0D2A 32r00s00      [13] 3487 	ld	(#_success), a
                           3488 ; common peephole 19 loaded (#_success) from a directly instead of using hl.
                           3489 ;	genLabel
   0D2D                    3490 00108$:
                           3491 ;	skipping iCode since result will be rematerialized
                           3492 ;	skipping iCode since result will be rematerialized
                           3493 ;	genPointerGet
   0D2D 3Ar07s00      [13] 3494 	ld	a, (#_nibble_op_test_high2_1_volatileBits_10000_83 + 0)
   0D30 07            [ 4] 3495 	rlca
   0D31 07            [ 4] 3496 	rlca
   0D32 07            [ 4] 3497 	rlca
   0D33 07            [ 4] 3498 	rlca
   0D34 E6 0F         [ 7] 3499 	and	a, #0x0f
                           3500 ;	genXor
   0D36 EE 01         [ 7] 3501 	xor	a, #0x01
                           3502 ;	genMove_o size 1 result type 2 source type 2 a_dead 1 hl_dead 1 de_dead 1 iy_dead 1 f_dead 1
   0D38 4F            [ 4] 3503 	ld	c, a
                           3504 ;	genMove_o size 0 result type 2 source type 1 a_dead 1 hl_dead 1 de_dead 1 iy_dead 1 f_dead 1
                           3505 ;	genPointerSet
                           3506 ;	genMove_o size 2 result type 2 source type 7 a_dead 1 hl_dead 1 de_dead 1 iy_dead 1 f_dead 1
   0D39 21r07s00      [10] 3507 	ld	hl, #_nibble_op_test_high2_1_volatileBits_10000_83
   0D3C ED 6F         [18] 3508 	rld
   0D3E 79            [ 4] 3509 	ld	a, c
   0D3F ED 67         [18] 3510 	rrd
                           3511 ;	skipping iCode since result will be rematerialized
                           3512 ;	genPointerGet
   0D41 3Ar07s00      [13] 3513 	ld	a, (#_nibble_op_test_high2_1_volatileBits_10000_83 + 0)
   0D44 07            [ 4] 3514 	rlca
   0D45 07            [ 4] 3515 	rlca
   0D46 07            [ 4] 3516 	rlca
   0D47 07            [ 4] 3517 	rlca
   0D48 E6 0F         [ 7] 3518 	and	a, #0x0f
                           3519 ;	genCast
                           3520 ;	(locations are the same)
                           3521 ;	genCmpEq
   0D4A FE 0E         [ 7] 3522 	cp	a, #0x0e
                           3523 ; common peephole 81 removed jp by using inverse jump logic
                           3524 ; common peephole 159 removed unused label 00215$.
                           3525 ; common peephole 163 changed absolute to relative conditional jump.
   0D4C 20 07         [12] 3526 	jr	nz, 00110$
                           3527 ; common peephole 82 removed jp by using inverse jump logic
                           3528 ; common peephole 159 removed unused label 00216$.
                           3529 ;	skipping generated iCode
                           3530 ;	skipping iCode since result will be rematerialized
                           3531 ;	genPointerGet
   0D4E 3Ar07s00      [13] 3532 	ld	a, (#_nibble_op_test_high2_1_volatileBits_10000_83 + 0)
                           3533 ;	genIfx
   0D51 E6 0F         [ 7] 3534 	and	a, #0x0f
                           3535 ; common peephole 100 removed redundant or after and.
                           3536 ; common peephole 163 changed absolute to relative conditional jump.
   0D53 28 04         [12] 3537 	jr	z, 00111$
                           3538 ;	genLabel
   0D55                    3539 00110$:
                           3540 ;	genAssign
                           3541 ;	genMove_o size 1 result type 11 source type 1 a_dead 1 hl_dead 1 de_dead 1 iy_dead 1 f_dead 1
   0D55 AF            [ 4] 3542 	xor	a, a
   0D56 32r00s00      [13] 3543 	ld	(#_success), a
                           3544 ; common peephole 19 loaded (#_success) from a directly instead of using hl.
                           3545 ;	genLabel
   0D59                    3546 00111$:
                           3547 ;	genPlus
                           3548 ;	genMove_o size 2 result type 2 source type 10 a_dead 1 hl_dead 1 de_dead 1 iy_dead 1 f_dead 1
   0D59 2Ar00s00      [16] 3549 	ld	hl, (___numTests)
   0D5C 23            [ 6] 3550 	inc	hl
                           3551 ;	genMove_o size 2 result type 10 source type 2 a_dead 1 hl_dead 1 de_dead 1 iy_dead 1 f_dead 1
   0D5D 22r00s00      [16] 3552 	ld	(___numTests), hl
                           3553 ;	genIfx
                           3554 ; common peephole 61 used hl instead of iy.
                           3555 ; common peephole 130a removed unnecessary +0 from constant
   0D60 21r00s00      [10] 3556 	ld	hl, #_success
   0D63 CB 46         [12] 3557 	bit	0, (hl)
                           3558 ; common peephole 163 changed absolute to relative conditional jump.
   0D65 20 11         [12] 3559 	jr	nz, 00128$
                           3560 ;	skipping iCode since result will be rematerialized
                           3561 ;	skipping iCode since result will be rematerialized
                           3562 ;	skipping iCode since result will be rematerialized
                           3563 ;	skipping iCode since result will be rematerialized
                           3564 ;	skipping iCode since result will be rematerialized
                           3565 ;	skipping iCode since result will be rematerialized
                           3566 ;	genIpush
                           3567 ;	genMove_o size 2 result type 2 source type 1 a_dead 1 hl_dead 1 de_dead 1 iy_dead 1 f_dead 1
   0D67 21 76 01      [10] 3568 	ld	hl, #0x0176
   0D6A E5            [11] 3569 	push	hl
                           3570 ;	genIpush
                           3571 ;	genMove_o size 2 result type 2 source type 7 a_dead 1 hl_dead 1 de_dead 1 iy_dead 1 f_dead 1
   0D6B 21r50s0E      [10] 3572 	ld	hl, #___str_23
   0D6E E5            [11] 3573 	push	hl
                           3574 ;	genSend
                           3575 ;	genMove_o size 2 result type 2 source type 7 a_dead 1 hl_dead 1 de_dead 1 iy_dead 1 f_dead 1
   0D6F 11r48s0E      [10] 3576 	ld	de, #___str_22
                           3577 ;	genSend
                           3578 ;	genMove_o size 2 result type 2 source type 7 a_dead 1 hl_dead 1 de_dead 0 iy_dead 1 f_dead 1
   0D72 21r37s0E      [10] 3579 	ld	hl, #___str_21
                           3580 ;	genCall
   0D75 CDr00s00      [17] 3581 	call	___fail
                           3582 ;	genLabel
   0D78                    3583 00128$:
                           3584 ;cases/bitfields-nibbles/bitfields-nibbles_operation_3_pattern_0_varType_4.c:375: TEST(high, 0x02);
                           3585 ;	genAssign
                           3586 ;	genMove_o size 1 result type 11 source type 1 a_dead 1 hl_dead 1 de_dead 1 iy_dead 1 f_dead 1
   0D78 21r00s00      [10] 3587 	ld	hl, #_success
   0D7B 36 01         [10] 3588 	ld	(hl), #0x01
                           3589 ;	genAddrOf
   0D7D 01r07s00      [10] 3590 	ld	bc, #_nibble_op_test_high2_1_volatileBits_10000_83+0
                           3591 ;	genPointerSet
   0D80 0A            [ 7] 3592 	ld	a, (bc)
   0D81 E6 0F         [ 7] 3593 	and	a, #0x0f
   0D83 02            [ 7] 3594 	ld	(bc), a
                           3595 ;	genAddrOf
   0D84 01r07s00      [10] 3596 	ld	bc, #_nibble_op_test_high2_1_volatileBits_10000_83+0
                           3597 ;	genPointerSet
   0D87 0A            [ 7] 3598 	ld	a, (bc)
   0D88 E6 F0         [ 7] 3599 	and	a, #0xf0
   0D8A 02            [ 7] 3600 	ld	(bc), a
                           3601 ;	skipping iCode since result will be rematerialized
                           3602 ;	genPointerGet
   0D8B 3Ar07s00      [13] 3603 	ld	a, (#_nibble_op_test_high2_1_volatileBits_10000_83 + 0)
   0D8E 07            [ 4] 3604 	rlca
   0D8F 07            [ 4] 3605 	rlca
   0D90 07            [ 4] 3606 	rlca
   0D91 07            [ 4] 3607 	rlca
                           3608 ;	genIfx
   0D92 E6 0F         [ 7] 3609 	and	a, #0x0f
                           3610 ; common peephole 100 removed redundant or after and.
                           3611 ; common peephole 163 changed absolute to relative conditional jump.
   0D94 20 07         [12] 3612 	jr	nz, 00113$
                           3613 ;	skipping iCode since result will be rematerialized
                           3614 ;	genPointerGet
   0D96 3Ar07s00      [13] 3615 	ld	a, (#_nibble_op_test_high2_1_volatileBits_10000_83 + 0)
                           3616 ;	genIfx
   0D99 E6 0F         [ 7] 3617 	and	a, #0x0f
                           3618 ; common peephole 100 removed redundant or after and.
                           3619 ; common peephole 163 changed absolute to relative conditional jump.
   0D9B 28 04         [12] 3620 	jr	z, 00114$
                           3621 ;	genLabel
   0D9D                    3622 00113$:
                           3623 ;	genAssign
                           3624 ;	genMove_o size 1 result type 11 source type 1 a_dead 1 hl_dead 1 de_dead 1 iy_dead 1 f_dead 1
   0D9D AF            [ 4] 3625 	xor	a, a
   0D9E 32r00s00      [13] 3626 	ld	(#_success), a
                           3627 ; common peephole 19 loaded (#_success) from a directly instead of using hl.
                           3628 ;	genLabel
   0DA1                    3629 00114$:
                           3630 ;	skipping iCode since result will be rematerialized
                           3631 ;	skipping iCode since result will be rematerialized
                           3632 ;	genPointerGet
   0DA1 3Ar07s00      [13] 3633 	ld	a, (#_nibble_op_test_high2_1_volatileBits_10000_83 + 0)
   0DA4 07            [ 4] 3634 	rlca
   0DA5 07            [ 4] 3635 	rlca
   0DA6 07            [ 4] 3636 	rlca
   0DA7 07            [ 4] 3637 	rlca
   0DA8 E6 0F         [ 7] 3638 	and	a, #0x0f
                           3639 ;	genXor
   0DAA EE 02         [ 7] 3640 	xor	a, #0x02
                           3641 ;	genMove_o size 1 result type 2 source type 2 a_dead 1 hl_dead 1 de_dead 1 iy_dead 1 f_dead 1
   0DAC 4F            [ 4] 3642 	ld	c, a
                           3643 ;	genMove_o size 0 result type 2 source type 1 a_dead 1 hl_dead 1 de_dead 1 iy_dead 1 f_dead 1
                           3644 ;	genPointerSet
                           3645 ;	genMove_o size 2 result type 2 source type 7 a_dead 1 hl_dead 1 de_dead 1 iy_dead 1 f_dead 1
   0DAD 21r07s00      [10] 3646 	ld	hl, #_nibble_op_test_high2_1_volatileBits_10000_83
   0DB0 ED 6F         [18] 3647 	rld
   0DB2 79            [ 4] 3648 	ld	a, c
   0DB3 ED 67         [18] 3649 	rrd
                           3650 ;	skipping iCode since result will be rematerialized
                           3651 ;	genPointerGet
   0DB5 3Ar07s00      [13] 3652 	ld	a, (#_nibble_op_test_high2_1_volatileBits_10000_83 + 0)
   0DB8 07            [ 4] 3653 	rlca
   0DB9 07            [ 4] 3654 	rlca
   0DBA 07            [ 4] 3655 	rlca
   0DBB 07            [ 4] 3656 	rlca
   0DBC E6 0F         [ 7] 3657 	and	a, #0x0f
                           3658 ;	genCast
                           3659 ;	(locations are the same)
                           3660 ;	genCmpEq
   0DBE FE 02         [ 7] 3661 	cp	a, #0x02
                           3662 ; common peephole 81 removed jp by using inverse jump logic
                           3663 ; common peephole 159 removed unused label 00217$.
                           3664 ; common peephole 163 changed absolute to relative conditional jump.
   0DC0 20 07         [12] 3665 	jr	nz, 00116$
                           3666 ; common peephole 82 removed jp by using inverse jump logic
                           3667 ; common peephole 159 removed unused label 00218$.
                           3668 ;	skipping generated iCode
                           3669 ;	skipping iCode since result will be rematerialized
                           3670 ;	genPointerGet
   0DC2 3Ar07s00      [13] 3671 	ld	a, (#_nibble_op_test_high2_1_volatileBits_10000_83 + 0)
                           3672 ;	genIfx
   0DC5 E6 0F         [ 7] 3673 	and	a, #0x0f
                           3674 ; common peephole 100 removed redundant or after and.
                           3675 ; common peephole 163 changed absolute to relative conditional jump.
   0DC7 28 04         [12] 3676 	jr	z, 00117$
                           3677 ;	genLabel
   0DC9                    3678 00116$:
                           3679 ;	genAssign
                           3680 ;	genMove_o size 1 result type 11 source type 1 a_dead 1 hl_dead 1 de_dead 1 iy_dead 1 f_dead 1
   0DC9 AF            [ 4] 3681 	xor	a, a
   0DCA 32r00s00      [13] 3682 	ld	(#_success), a
                           3683 ; common peephole 19 loaded (#_success) from a directly instead of using hl.
                           3684 ;	genLabel
   0DCD                    3685 00117$:
                           3686 ;	genAddrOf
   0DCD 01r07s00      [10] 3687 	ld	bc, #_nibble_op_test_high2_1_volatileBits_10000_83+0
                           3688 ;	genPointerSet
   0DD0 0A            [ 7] 3689 	ld	a, (bc)
   0DD1 F6 F0         [ 7] 3690 	or	a, #0xf0
   0DD3 02            [ 7] 3691 	ld	(bc), a
                           3692 ;	skipping iCode since result will be rematerialized
                           3693 ;	genPointerGet
   0DD4 3Ar07s00      [13] 3694 	ld	a, (#_nibble_op_test_high2_1_volatileBits_10000_83 + 0)
   0DD7 07            [ 4] 3695 	rlca
   0DD8 07            [ 4] 3696 	rlca
   0DD9 07            [ 4] 3697 	rlca
   0DDA 07            [ 4] 3698 	rlca
   0DDB E6 0F         [ 7] 3699 	and	a, #0x0f
                           3700 ;	genCmpEq
   0DDD FE 0F         [ 7] 3701 	cp	a, #0x0f
                           3702 ; common peephole 81 removed jp by using inverse jump logic
                           3703 ; common peephole 159 removed unused label 00219$.
                           3704 ; common peephole 163 changed absolute to relative conditional jump.
   0DDF 20 07         [12] 3705 	jr	nz, 00119$
                           3706 ; common peephole 82 removed jp by using inverse jump logic
                           3707 ; common peephole 159 removed unused label 00220$.
                           3708 ;	skipping generated iCode
                           3709 ;	skipping iCode since result will be rematerialized
                           3710 ;	genPointerGet
   0DE1 3Ar07s00      [13] 3711 	ld	a, (#_nibble_op_test_high2_1_volatileBits_10000_83 + 0)
                           3712 ;	genIfx
   0DE4 E6 0F         [ 7] 3713 	and	a, #0x0f
                           3714 ; common peephole 100 removed redundant or after and.
                           3715 ; common peephole 163 changed absolute to relative conditional jump.
   0DE6 28 04         [12] 3716 	jr	z, 00120$
                           3717 ;	genLabel
   0DE8                    3718 00119$:
                           3719 ;	genAssign
                           3720 ;	genMove_o size 1 result type 11 source type 1 a_dead 1 hl_dead 1 de_dead 1 iy_dead 1 f_dead 1
   0DE8 AF            [ 4] 3721 	xor	a, a
   0DE9 32r00s00      [13] 3722 	ld	(#_success), a
                           3723 ; common peephole 19 loaded (#_success) from a directly instead of using hl.
                           3724 ;	genLabel
   0DEC                    3725 00120$:
                           3726 ;	skipping iCode since result will be rematerialized
                           3727 ;	skipping iCode since result will be rematerialized
                           3728 ;	genPointerGet
   0DEC 3Ar07s00      [13] 3729 	ld	a, (#_nibble_op_test_high2_1_volatileBits_10000_83 + 0)
   0DEF 07            [ 4] 3730 	rlca
   0DF0 07            [ 4] 3731 	rlca
   0DF1 07            [ 4] 3732 	rlca
   0DF2 07            [ 4] 3733 	rlca
   0DF3 E6 0F         [ 7] 3734 	and	a, #0x0f
                           3735 ;	genXor
   0DF5 EE 02         [ 7] 3736 	xor	a, #0x02
                           3737 ;	genMove_o size 1 result type 2 source type 2 a_dead 1 hl_dead 1 de_dead 1 iy_dead 1 f_dead 1
   0DF7 4F            [ 4] 3738 	ld	c, a
                           3739 ;	genMove_o size 0 result type 2 source type 1 a_dead 1 hl_dead 1 de_dead 1 iy_dead 1 f_dead 1
                           3740 ;	genPointerSet
                           3741 ;	genMove_o size 2 result type 2 source type 7 a_dead 1 hl_dead 1 de_dead 1 iy_dead 1 f_dead 1
   0DF8 21r07s00      [10] 3742 	ld	hl, #_nibble_op_test_high2_1_volatileBits_10000_83
   0DFB ED 6F         [18] 3743 	rld
   0DFD 79            [ 4] 3744 	ld	a, c
   0DFE ED 67         [18] 3745 	rrd
                           3746 ;	skipping iCode since result will be rematerialized
                           3747 ;	genPointerGet
   0E00 3Ar07s00      [13] 3748 	ld	a, (#_nibble_op_test_high2_1_volatileBits_10000_83 + 0)
   0E03 07            [ 4] 3749 	rlca
   0E04 07            [ 4] 3750 	rlca
   0E05 07            [ 4] 3751 	rlca
   0E06 07            [ 4] 3752 	rlca
   0E07 E6 0F         [ 7] 3753 	and	a, #0x0f
                           3754 ;	genCast
                           3755 ;	(locations are the same)
                           3756 ;	genCmpEq
   0E09 FE 0D         [ 7] 3757 	cp	a, #0x0d
                           3758 ; common peephole 81 removed jp by using inverse jump logic
                           3759 ; common peephole 159 removed unused label 00221$.
                           3760 ; common peephole 163 changed absolute to relative conditional jump.
   0E0B 20 07         [12] 3761 	jr	nz, 00122$
                           3762 ; common peephole 82 removed jp by using inverse jump logic
                           3763 ; common peephole 159 removed unused label 00222$.
                           3764 ;	skipping generated iCode
                           3765 ;	skipping iCode since result will be rematerialized
                           3766 ;	genPointerGet
   0E0D 3Ar07s00      [13] 3767 	ld	a, (#_nibble_op_test_high2_1_volatileBits_10000_83 + 0)
                           3768 ;	genIfx
   0E10 E6 0F         [ 7] 3769 	and	a, #0x0f
                           3770 ; common peephole 100 removed redundant or after and.
                           3771 ; common peephole 163 changed absolute to relative conditional jump.
   0E12 28 04         [12] 3772 	jr	z, 00123$
                           3773 ;	genLabel
   0E14                    3774 00122$:
                           3775 ;	genAssign
                           3776 ;	genMove_o size 1 result type 11 source type 1 a_dead 1 hl_dead 1 de_dead 1 iy_dead 1 f_dead 1
   0E14 AF            [ 4] 3777 	xor	a, a
   0E15 32r00s00      [13] 3778 	ld	(#_success), a
                           3779 ; common peephole 19 loaded (#_success) from a directly instead of using hl.
                           3780 ;	genLabel
   0E18                    3781 00123$:
                           3782 ;	genPlus
                           3783 ;	genMove_o size 2 result type 2 source type 10 a_dead 1 hl_dead 1 de_dead 1 iy_dead 1 f_dead 1
   0E18 2Ar00s00      [16] 3784 	ld	hl, (___numTests)
   0E1B 23            [ 6] 3785 	inc	hl
                           3786 ;	genMove_o size 2 result type 10 source type 2 a_dead 1 hl_dead 1 de_dead 1 iy_dead 1 f_dead 1
   0E1C 22r00s00      [16] 3787 	ld	(___numTests), hl
                           3788 ;	genIfx
                           3789 ; common peephole 61 used hl instead of iy.
                           3790 ; common peephole 130a removed unnecessary +0 from constant
   0E1F 21r00s00      [10] 3791 	ld	hl, #_success
   0E22 CB 46         [12] 3792 	bit	0, (hl)
   0E24 C0            [11] 3793 	ret	nz
                           3794 ; common peephole 161 replaced jump by return.
                           3795 ;	skipping iCode since result will be rematerialized
                           3796 ;	skipping iCode since result will be rematerialized
                           3797 ;	skipping iCode since result will be rematerialized
                           3798 ;	skipping iCode since result will be rematerialized
                           3799 ;	skipping iCode since result will be rematerialized
                           3800 ;	skipping iCode since result will be rematerialized
                           3801 ;	genIpush
                           3802 ;	genMove_o size 2 result type 2 source type 1 a_dead 1 hl_dead 1 de_dead 1 iy_dead 1 f_dead 1
   0E25 21 77 01      [10] 3803 	ld	hl, #0x0177
   0E28 E5            [11] 3804 	push	hl
                           3805 ;	genIpush
                           3806 ;	genMove_o size 2 result type 2 source type 7 a_dead 1 hl_dead 1 de_dead 1 iy_dead 1 f_dead 1
   0E29 21r50s0E      [10] 3807 	ld	hl, #___str_23
   0E2C E5            [11] 3808 	push	hl
                           3809 ;	genSend
                           3810 ;	genMove_o size 2 result type 2 source type 7 a_dead 1 hl_dead 1 de_dead 1 iy_dead 1 f_dead 1
   0E2D 11r48s0E      [10] 3811 	ld	de, #___str_22
                           3812 ;	genSend
                           3813 ;	genMove_o size 2 result type 2 source type 7 a_dead 1 hl_dead 1 de_dead 0 iy_dead 1 f_dead 1
   0E30 21r37s0E      [10] 3814 	ld	hl, #___str_21
                           3815 ;	genCall
   0E33 CDr00s00      [17] 3816 	call	___fail
                           3817 ;	genLabel
                           3818 ; common peephole 159 removed unused label 00125$.
                           3819 ;cases/bitfields-nibbles/bitfields-nibbles_operation_3_pattern_0_varType_4.c:376: }
                           3820 ;	genEndFunction
   0E36 C9            [10] 3821 	ret
                           3822 ;	Total nibble_op_test_high2_1 function size at codegen: 13 bytes.
   0E37                    3823 ___str_21:
   0E37 41 73 73 65 72 74  3824 	.ascii "Assertion failed"
        69 6F 6E 20 66 61
        69 6C 65 64
   0E47 00                 3825 	.db 0x00
   0E48                    3826 ___str_22:
   0E48 73 75 63 63 65 73  3827 	.ascii "success"
        73
   0E4F 00                 3828 	.db 0x00
   0E50                    3829 ___str_23:
   0E50 63 61 73 65 73 2F  3830 	.ascii "cases/bitfields-nibbles/bitfields-nibbles_operation_3_patter"
        62 69 74 66 69 65
        6C 64 73 2D 6E 69
        62 62 6C 65 73 2F
        62 69 74 66 69 65
        6C 64 73 2D 6E 69
        62 62 6C 65 73 5F
        6F 70 65 72 61 74
        69 6F 6E 5F 33 5F
        70 61 74 74 65 72
   0E8C 6E 5F 30 5F 76 61  3831 	.ascii "n_0_varType_4.c"
        72 54 79 70 65 5F
        34 2E 63
   0E9B 00                 3832 	.db 0x00
                           3833 ;cases/bitfields-nibbles/bitfields-nibbles_operation_3_pattern_0_varType_4.c:387: nibble_op_test_high3_1(void)
                           3834 ;	genLabel
                           3835 ;	genFunction
                           3836 ;	---------------------------------
                           3837 ; Function nibble_op_test_high3_1
                           3838 ; ---------------------------------
                           3839 ;	Register assignment might be sub-optimal.
                           3840 ; Stack space usage: 0 bytes.
   0E9C                    3841 _nibble_op_test_high3_1:
                           3842 ;cases/bitfields-nibbles/bitfields-nibbles_operation_3_pattern_0_varType_4.c:390: TEST(high, 0x0E);
                           3843 ;	genAssign
                           3844 ;	genMove_o size 1 result type 11 source type 1 a_dead 1 hl_dead 1 de_dead 1 iy_dead 1 f_dead 1
   0E9C 21r00s00      [10] 3845 	ld	hl, #_success
   0E9F 36 01         [10] 3846 	ld	(hl), #0x01
                           3847 ;	genAddrOf
   0EA1 01r08s00      [10] 3848 	ld	bc, #_nibble_op_test_high3_1_volatileBits_10000_93+0
                           3849 ;	genPointerSet
   0EA4 0A            [ 7] 3850 	ld	a, (bc)
   0EA5 E6 0F         [ 7] 3851 	and	a, #0x0f
   0EA7 02            [ 7] 3852 	ld	(bc), a
                           3853 ;	genAddrOf
   0EA8 01r08s00      [10] 3854 	ld	bc, #_nibble_op_test_high3_1_volatileBits_10000_93+0
                           3855 ;	genPointerSet
   0EAB 0A            [ 7] 3856 	ld	a, (bc)
   0EAC E6 F0         [ 7] 3857 	and	a, #0xf0
   0EAE 02            [ 7] 3858 	ld	(bc), a
                           3859 ;	skipping iCode since result will be rematerialized
                           3860 ;	genPointerGet
   0EAF 3Ar08s00      [13] 3861 	ld	a, (#_nibble_op_test_high3_1_volatileBits_10000_93 + 0)
   0EB2 07            [ 4] 3862 	rlca
   0EB3 07            [ 4] 3863 	rlca
   0EB4 07            [ 4] 3864 	rlca
   0EB5 07            [ 4] 3865 	rlca
                           3866 ;	genIfx
   0EB6 E6 0F         [ 7] 3867 	and	a, #0x0f
                           3868 ; common peephole 100 removed redundant or after and.
                           3869 ; common peephole 163 changed absolute to relative conditional jump.
   0EB8 20 07         [12] 3870 	jr	nz, 00101$
                           3871 ;	skipping iCode since result will be rematerialized
                           3872 ;	genPointerGet
   0EBA 3Ar08s00      [13] 3873 	ld	a, (#_nibble_op_test_high3_1_volatileBits_10000_93 + 0)
                           3874 ;	genIfx
   0EBD E6 0F         [ 7] 3875 	and	a, #0x0f
                           3876 ; common peephole 100 removed redundant or after and.
                           3877 ; common peephole 163 changed absolute to relative conditional jump.
   0EBF 28 04         [12] 3878 	jr	z, 00102$
                           3879 ;	genLabel
   0EC1                    3880 00101$:
                           3881 ;	genAssign
                           3882 ;	genMove_o size 1 result type 11 source type 1 a_dead 1 hl_dead 1 de_dead 1 iy_dead 1 f_dead 1
   0EC1 AF            [ 4] 3883 	xor	a, a
   0EC2 32r00s00      [13] 3884 	ld	(#_success), a
                           3885 ; common peephole 19 loaded (#_success) from a directly instead of using hl.
                           3886 ;	genLabel
   0EC5                    3887 00102$:
                           3888 ;	skipping iCode since result will be rematerialized
                           3889 ;	skipping iCode since result will be rematerialized
                           3890 ;	genPointerGet
   0EC5 3Ar08s00      [13] 3891 	ld	a, (#_nibble_op_test_high3_1_volatileBits_10000_93 + 0)
   0EC8 07            [ 4] 3892 	rlca
   0EC9 07            [ 4] 3893 	rlca
   0ECA 07            [ 4] 3894 	rlca
   0ECB 07            [ 4] 3895 	rlca
   0ECC E6 0F         [ 7] 3896 	and	a, #0x0f
                           3897 ;	genXor
   0ECE EE 0E         [ 7] 3898 	xor	a, #0x0e
                           3899 ;	genMove_o size 1 result type 2 source type 2 a_dead 1 hl_dead 1 de_dead 1 iy_dead 1 f_dead 1
   0ED0 4F            [ 4] 3900 	ld	c, a
                           3901 ;	genMove_o size 0 result type 2 source type 1 a_dead 1 hl_dead 1 de_dead 1 iy_dead 1 f_dead 1
                           3902 ;	genPointerSet
                           3903 ;	genMove_o size 2 result type 2 source type 7 a_dead 1 hl_dead 1 de_dead 1 iy_dead 1 f_dead 1
   0ED1 21r08s00      [10] 3904 	ld	hl, #_nibble_op_test_high3_1_volatileBits_10000_93
   0ED4 ED 6F         [18] 3905 	rld
   0ED6 79            [ 4] 3906 	ld	a, c
   0ED7 ED 67         [18] 3907 	rrd
                           3908 ;	skipping iCode since result will be rematerialized
                           3909 ;	genPointerGet
   0ED9 3Ar08s00      [13] 3910 	ld	a, (#_nibble_op_test_high3_1_volatileBits_10000_93 + 0)
   0EDC 07            [ 4] 3911 	rlca
   0EDD 07            [ 4] 3912 	rlca
   0EDE 07            [ 4] 3913 	rlca
   0EDF 07            [ 4] 3914 	rlca
   0EE0 E6 0F         [ 7] 3915 	and	a, #0x0f
                           3916 ;	genCast
                           3917 ;	(locations are the same)
                           3918 ;	genCmpEq
   0EE2 FE 0E         [ 7] 3919 	cp	a, #0x0e
                           3920 ; common peephole 81 removed jp by using inverse jump logic
                           3921 ; common peephole 159 removed unused label 00211$.
                           3922 ; common peephole 163 changed absolute to relative conditional jump.
   0EE4 20 07         [12] 3923 	jr	nz, 00104$
                           3924 ; common peephole 82 removed jp by using inverse jump logic
                           3925 ; common peephole 159 removed unused label 00212$.
                           3926 ;	skipping generated iCode
                           3927 ;	skipping iCode since result will be rematerialized
                           3928 ;	genPointerGet
   0EE6 3Ar08s00      [13] 3929 	ld	a, (#_nibble_op_test_high3_1_volatileBits_10000_93 + 0)
                           3930 ;	genIfx
   0EE9 E6 0F         [ 7] 3931 	and	a, #0x0f
                           3932 ; common peephole 100 removed redundant or after and.
                           3933 ; common peephole 163 changed absolute to relative conditional jump.
   0EEB 28 04         [12] 3934 	jr	z, 00105$
                           3935 ;	genLabel
   0EED                    3936 00104$:
                           3937 ;	genAssign
                           3938 ;	genMove_o size 1 result type 11 source type 1 a_dead 1 hl_dead 1 de_dead 1 iy_dead 1 f_dead 1
   0EED AF            [ 4] 3939 	xor	a, a
   0EEE 32r00s00      [13] 3940 	ld	(#_success), a
                           3941 ; common peephole 19 loaded (#_success) from a directly instead of using hl.
                           3942 ;	genLabel
   0EF1                    3943 00105$:
                           3944 ;	genAddrOf
   0EF1 01r08s00      [10] 3945 	ld	bc, #_nibble_op_test_high3_1_volatileBits_10000_93+0
                           3946 ;	genPointerSet
   0EF4 0A            [ 7] 3947 	ld	a, (bc)
   0EF5 F6 F0         [ 7] 3948 	or	a, #0xf0
   0EF7 02            [ 7] 3949 	ld	(bc), a
                           3950 ;	skipping iCode since result will be rematerialized
                           3951 ;	genPointerGet
   0EF8 3Ar08s00      [13] 3952 	ld	a, (#_nibble_op_test_high3_1_volatileBits_10000_93 + 0)
   0EFB 07            [ 4] 3953 	rlca
   0EFC 07            [ 4] 3954 	rlca
   0EFD 07            [ 4] 3955 	rlca
   0EFE 07            [ 4] 3956 	rlca
   0EFF E6 0F         [ 7] 3957 	and	a, #0x0f
                           3958 ;	genCmpEq
   0F01 FE 0F         [ 7] 3959 	cp	a, #0x0f
                           3960 ; common peephole 81 removed jp by using inverse jump logic
                           3961 ; common peephole 159 removed unused label 00213$.
                           3962 ; common peephole 163 changed absolute to relative conditional jump.
   0F03 20 07         [12] 3963 	jr	nz, 00107$
                           3964 ; common peephole 82 removed jp by using inverse jump logic
                           3965 ; common peephole 159 removed unused label 00214$.
                           3966 ;	skipping generated iCode
                           3967 ;	skipping iCode since result will be rematerialized
                           3968 ;	genPointerGet
   0F05 3Ar08s00      [13] 3969 	ld	a, (#_nibble_op_test_high3_1_volatileBits_10000_93 + 0)
                           3970 ;	genIfx
   0F08 E6 0F         [ 7] 3971 	and	a, #0x0f
                           3972 ; common peephole 100 removed redundant or after and.
                           3973 ; common peephole 163 changed absolute to relative conditional jump.
   0F0A 28 04         [12] 3974 	jr	z, 00108$
                           3975 ;	genLabel
   0F0C                    3976 00107$:
                           3977 ;	genAssign
                           3978 ;	genMove_o size 1 result type 11 source type 1 a_dead 1 hl_dead 1 de_dead 1 iy_dead 1 f_dead 1
   0F0C AF            [ 4] 3979 	xor	a, a
   0F0D 32r00s00      [13] 3980 	ld	(#_success), a
                           3981 ; common peephole 19 loaded (#_success) from a directly instead of using hl.
                           3982 ;	genLabel
   0F10                    3983 00108$:
                           3984 ;	skipping iCode since result will be rematerialized
                           3985 ;	skipping iCode since result will be rematerialized
                           3986 ;	genPointerGet
   0F10 3Ar08s00      [13] 3987 	ld	a, (#_nibble_op_test_high3_1_volatileBits_10000_93 + 0)
   0F13 07            [ 4] 3988 	rlca
   0F14 07            [ 4] 3989 	rlca
   0F15 07            [ 4] 3990 	rlca
   0F16 07            [ 4] 3991 	rlca
   0F17 E6 0F         [ 7] 3992 	and	a, #0x0f
                           3993 ;	genXor
   0F19 EE 0E         [ 7] 3994 	xor	a, #0x0e
                           3995 ;	genMove_o size 1 result type 2 source type 2 a_dead 1 hl_dead 1 de_dead 1 iy_dead 1 f_dead 1
   0F1B 4F            [ 4] 3996 	ld	c, a
                           3997 ;	genMove_o size 0 result type 2 source type 1 a_dead 1 hl_dead 1 de_dead 1 iy_dead 1 f_dead 1
                           3998 ;	genPointerSet
                           3999 ;	genMove_o size 2 result type 2 source type 7 a_dead 1 hl_dead 1 de_dead 1 iy_dead 1 f_dead 1
   0F1C 21r08s00      [10] 4000 	ld	hl, #_nibble_op_test_high3_1_volatileBits_10000_93
   0F1F ED 6F         [18] 4001 	rld
   0F21 79            [ 4] 4002 	ld	a, c
   0F22 ED 67         [18] 4003 	rrd
                           4004 ;	skipping iCode since result will be rematerialized
                           4005 ;	genPointerGet
   0F24 3Ar08s00      [13] 4006 	ld	a, (#_nibble_op_test_high3_1_volatileBits_10000_93 + 0)
   0F27 07            [ 4] 4007 	rlca
   0F28 07            [ 4] 4008 	rlca
   0F29 07            [ 4] 4009 	rlca
   0F2A 07            [ 4] 4010 	rlca
   0F2B E6 0F         [ 7] 4011 	and	a, #0x0f
                           4012 ;	genCmpEq
   0F2D FE 01         [ 7] 4013 	cp	a, #0x01
                           4014 ; common peephole 81 removed jp by using inverse jump logic
                           4015 ; common peephole 159 removed unused label 00215$.
                           4016 ; common peephole 163 changed absolute to relative conditional jump.
   0F2F 20 07         [12] 4017 	jr	nz, 00110$
                           4018 ; common peephole 82 removed jp by using inverse jump logic
                           4019 ; common peephole 159 removed unused label 00216$.
                           4020 ;	skipping generated iCode
                           4021 ;	skipping iCode since result will be rematerialized
                           4022 ;	genPointerGet
   0F31 3Ar08s00      [13] 4023 	ld	a, (#_nibble_op_test_high3_1_volatileBits_10000_93 + 0)
                           4024 ;	genIfx
   0F34 E6 0F         [ 7] 4025 	and	a, #0x0f
                           4026 ; common peephole 100 removed redundant or after and.
                           4027 ; common peephole 163 changed absolute to relative conditional jump.
   0F36 28 04         [12] 4028 	jr	z, 00111$
                           4029 ;	genLabel
   0F38                    4030 00110$:
                           4031 ;	genAssign
                           4032 ;	genMove_o size 1 result type 11 source type 1 a_dead 1 hl_dead 1 de_dead 1 iy_dead 1 f_dead 1
   0F38 AF            [ 4] 4033 	xor	a, a
   0F39 32r00s00      [13] 4034 	ld	(#_success), a
                           4035 ; common peephole 19 loaded (#_success) from a directly instead of using hl.
                           4036 ;	genLabel
   0F3C                    4037 00111$:
                           4038 ;	genPlus
                           4039 ;	genMove_o size 2 result type 2 source type 10 a_dead 1 hl_dead 1 de_dead 1 iy_dead 1 f_dead 1
   0F3C 2Ar00s00      [16] 4040 	ld	hl, (___numTests)
   0F3F 23            [ 6] 4041 	inc	hl
                           4042 ;	genMove_o size 2 result type 10 source type 2 a_dead 1 hl_dead 1 de_dead 1 iy_dead 1 f_dead 1
   0F40 22r00s00      [16] 4043 	ld	(___numTests), hl
                           4044 ;	genIfx
                           4045 ; common peephole 61 used hl instead of iy.
                           4046 ; common peephole 130a removed unnecessary +0 from constant
   0F43 21r00s00      [10] 4047 	ld	hl, #_success
   0F46 CB 46         [12] 4048 	bit	0, (hl)
                           4049 ; common peephole 163 changed absolute to relative conditional jump.
   0F48 20 11         [12] 4050 	jr	nz, 00128$
                           4051 ;	skipping iCode since result will be rematerialized
                           4052 ;	skipping iCode since result will be rematerialized
                           4053 ;	skipping iCode since result will be rematerialized
                           4054 ;	skipping iCode since result will be rematerialized
                           4055 ;	skipping iCode since result will be rematerialized
                           4056 ;	skipping iCode since result will be rematerialized
                           4057 ;	genIpush
                           4058 ;	genMove_o size 2 result type 2 source type 1 a_dead 1 hl_dead 1 de_dead 1 iy_dead 1 f_dead 1
   0F4A 21 86 01      [10] 4059 	ld	hl, #0x0186
   0F4D E5            [11] 4060 	push	hl
                           4061 ;	genIpush
                           4062 ;	genMove_o size 2 result type 2 source type 7 a_dead 1 hl_dead 1 de_dead 1 iy_dead 1 f_dead 1
   0F4E 21r33s10      [10] 4063 	ld	hl, #___str_26
   0F51 E5            [11] 4064 	push	hl
                           4065 ;	genSend
                           4066 ;	genMove_o size 2 result type 2 source type 7 a_dead 1 hl_dead 1 de_dead 1 iy_dead 1 f_dead 1
   0F52 11r2Bs10      [10] 4067 	ld	de, #___str_25
                           4068 ;	genSend
                           4069 ;	genMove_o size 2 result type 2 source type 7 a_dead 1 hl_dead 1 de_dead 0 iy_dead 1 f_dead 1
   0F55 21r1As10      [10] 4070 	ld	hl, #___str_24
                           4071 ;	genCall
   0F58 CDr00s00      [17] 4072 	call	___fail
                           4073 ;	genLabel
   0F5B                    4074 00128$:
                           4075 ;cases/bitfields-nibbles/bitfields-nibbles_operation_3_pattern_0_varType_4.c:391: TEST(high, 0x0D);
                           4076 ;	genAssign
                           4077 ;	genMove_o size 1 result type 11 source type 1 a_dead 1 hl_dead 1 de_dead 1 iy_dead 1 f_dead 1
   0F5B 21r00s00      [10] 4078 	ld	hl, #_success
   0F5E 36 01         [10] 4079 	ld	(hl), #0x01
                           4080 ;	genAddrOf
   0F60 01r08s00      [10] 4081 	ld	bc, #_nibble_op_test_high3_1_volatileBits_10000_93+0
                           4082 ;	genPointerSet
   0F63 0A            [ 7] 4083 	ld	a, (bc)
   0F64 E6 0F         [ 7] 4084 	and	a, #0x0f
   0F66 02            [ 7] 4085 	ld	(bc), a
                           4086 ;	genAddrOf
   0F67 01r08s00      [10] 4087 	ld	bc, #_nibble_op_test_high3_1_volatileBits_10000_93+0
                           4088 ;	genPointerSet
   0F6A 0A            [ 7] 4089 	ld	a, (bc)
   0F6B E6 F0         [ 7] 4090 	and	a, #0xf0
   0F6D 02            [ 7] 4091 	ld	(bc), a
                           4092 ;	skipping iCode since result will be rematerialized
                           4093 ;	genPointerGet
   0F6E 3Ar08s00      [13] 4094 	ld	a, (#_nibble_op_test_high3_1_volatileBits_10000_93 + 0)
   0F71 07            [ 4] 4095 	rlca
   0F72 07            [ 4] 4096 	rlca
   0F73 07            [ 4] 4097 	rlca
   0F74 07            [ 4] 4098 	rlca
                           4099 ;	genIfx
   0F75 E6 0F         [ 7] 4100 	and	a, #0x0f
                           4101 ; common peephole 100 removed redundant or after and.
                           4102 ; common peephole 163 changed absolute to relative conditional jump.
   0F77 20 07         [12] 4103 	jr	nz, 00113$
                           4104 ;	skipping iCode since result will be rematerialized
                           4105 ;	genPointerGet
   0F79 3Ar08s00      [13] 4106 	ld	a, (#_nibble_op_test_high3_1_volatileBits_10000_93 + 0)
                           4107 ;	genIfx
   0F7C E6 0F         [ 7] 4108 	and	a, #0x0f
                           4109 ; common peephole 100 removed redundant or after and.
                           4110 ; common peephole 163 changed absolute to relative conditional jump.
   0F7E 28 04         [12] 4111 	jr	z, 00114$
                           4112 ;	genLabel
   0F80                    4113 00113$:
                           4114 ;	genAssign
                           4115 ;	genMove_o size 1 result type 11 source type 1 a_dead 1 hl_dead 1 de_dead 1 iy_dead 1 f_dead 1
   0F80 AF            [ 4] 4116 	xor	a, a
   0F81 32r00s00      [13] 4117 	ld	(#_success), a
                           4118 ; common peephole 19 loaded (#_success) from a directly instead of using hl.
                           4119 ;	genLabel
   0F84                    4120 00114$:
                           4121 ;	skipping iCode since result will be rematerialized
                           4122 ;	skipping iCode since result will be rematerialized
                           4123 ;	genPointerGet
   0F84 3Ar08s00      [13] 4124 	ld	a, (#_nibble_op_test_high3_1_volatileBits_10000_93 + 0)
   0F87 07            [ 4] 4125 	rlca
   0F88 07            [ 4] 4126 	rlca
   0F89 07            [ 4] 4127 	rlca
   0F8A 07            [ 4] 4128 	rlca
   0F8B E6 0F         [ 7] 4129 	and	a, #0x0f
                           4130 ;	genXor
   0F8D EE 0D         [ 7] 4131 	xor	a, #0x0d
                           4132 ;	genMove_o size 1 result type 2 source type 2 a_dead 1 hl_dead 1 de_dead 1 iy_dead 1 f_dead 1
   0F8F 4F            [ 4] 4133 	ld	c, a
                           4134 ;	genMove_o size 0 result type 2 source type 1 a_dead 1 hl_dead 1 de_dead 1 iy_dead 1 f_dead 1
                           4135 ;	genPointerSet
                           4136 ;	genMove_o size 2 result type 2 source type 7 a_dead 1 hl_dead 1 de_dead 1 iy_dead 1 f_dead 1
   0F90 21r08s00      [10] 4137 	ld	hl, #_nibble_op_test_high3_1_volatileBits_10000_93
   0F93 ED 6F         [18] 4138 	rld
   0F95 79            [ 4] 4139 	ld	a, c
   0F96 ED 67         [18] 4140 	rrd
                           4141 ;	skipping iCode since result will be rematerialized
                           4142 ;	genPointerGet
   0F98 3Ar08s00      [13] 4143 	ld	a, (#_nibble_op_test_high3_1_volatileBits_10000_93 + 0)
   0F9B 07            [ 4] 4144 	rlca
   0F9C 07            [ 4] 4145 	rlca
   0F9D 07            [ 4] 4146 	rlca
   0F9E 07            [ 4] 4147 	rlca
   0F9F E6 0F         [ 7] 4148 	and	a, #0x0f
                           4149 ;	genCast
                           4150 ;	(locations are the same)
                           4151 ;	genCmpEq
   0FA1 FE 0D         [ 7] 4152 	cp	a, #0x0d
                           4153 ; common peephole 81 removed jp by using inverse jump logic
                           4154 ; common peephole 159 removed unused label 00217$.
                           4155 ; common peephole 163 changed absolute to relative conditional jump.
   0FA3 20 07         [12] 4156 	jr	nz, 00116$
                           4157 ; common peephole 82 removed jp by using inverse jump logic
                           4158 ; common peephole 159 removed unused label 00218$.
                           4159 ;	skipping generated iCode
                           4160 ;	skipping iCode since result will be rematerialized
                           4161 ;	genPointerGet
   0FA5 3Ar08s00      [13] 4162 	ld	a, (#_nibble_op_test_high3_1_volatileBits_10000_93 + 0)
                           4163 ;	genIfx
   0FA8 E6 0F         [ 7] 4164 	and	a, #0x0f
                           4165 ; common peephole 100 removed redundant or after and.
                           4166 ; common peephole 163 changed absolute to relative conditional jump.
   0FAA 28 04         [12] 4167 	jr	z, 00117$
                           4168 ;	genLabel
   0FAC                    4169 00116$:
                           4170 ;	genAssign
                           4171 ;	genMove_o size 1 result type 11 source type 1 a_dead 1 hl_dead 1 de_dead 1 iy_dead 1 f_dead 1
   0FAC AF            [ 4] 4172 	xor	a, a
   0FAD 32r00s00      [13] 4173 	ld	(#_success), a
                           4174 ; common peephole 19 loaded (#_success) from a directly instead of using hl.
                           4175 ;	genLabel
   0FB0                    4176 00117$:
                           4177 ;	genAddrOf
   0FB0 01r08s00      [10] 4178 	ld	bc, #_nibble_op_test_high3_1_volatileBits_10000_93+0
                           4179 ;	genPointerSet
   0FB3 0A            [ 7] 4180 	ld	a, (bc)
   0FB4 F6 F0         [ 7] 4181 	or	a, #0xf0
   0FB6 02            [ 7] 4182 	ld	(bc), a
                           4183 ;	skipping iCode since result will be rematerialized
                           4184 ;	genPointerGet
   0FB7 3Ar08s00      [13] 4185 	ld	a, (#_nibble_op_test_high3_1_volatileBits_10000_93 + 0)
   0FBA 07            [ 4] 4186 	rlca
   0FBB 07            [ 4] 4187 	rlca
   0FBC 07            [ 4] 4188 	rlca
   0FBD 07            [ 4] 4189 	rlca
   0FBE E6 0F         [ 7] 4190 	and	a, #0x0f
                           4191 ;	genCmpEq
   0FC0 FE 0F         [ 7] 4192 	cp	a, #0x0f
                           4193 ; common peephole 81 removed jp by using inverse jump logic
                           4194 ; common peephole 159 removed unused label 00219$.
                           4195 ; common peephole 163 changed absolute to relative conditional jump.
   0FC2 20 07         [12] 4196 	jr	nz, 00119$
                           4197 ; common peephole 82 removed jp by using inverse jump logic
                           4198 ; common peephole 159 removed unused label 00220$.
                           4199 ;	skipping generated iCode
                           4200 ;	skipping iCode since result will be rematerialized
                           4201 ;	genPointerGet
   0FC4 3Ar08s00      [13] 4202 	ld	a, (#_nibble_op_test_high3_1_volatileBits_10000_93 + 0)
                           4203 ;	genIfx
   0FC7 E6 0F         [ 7] 4204 	and	a, #0x0f
                           4205 ; common peephole 100 removed redundant or after and.
                           4206 ; common peephole 163 changed absolute to relative conditional jump.
   0FC9 28 04         [12] 4207 	jr	z, 00120$
                           4208 ;	genLabel
   0FCB                    4209 00119$:
                           4210 ;	genAssign
                           4211 ;	genMove_o size 1 result type 11 source type 1 a_dead 1 hl_dead 1 de_dead 1 iy_dead 1 f_dead 1
   0FCB AF            [ 4] 4212 	xor	a, a
   0FCC 32r00s00      [13] 4213 	ld	(#_success), a
                           4214 ; common peephole 19 loaded (#_success) from a directly instead of using hl.
                           4215 ;	genLabel
   0FCF                    4216 00120$:
                           4217 ;	skipping iCode since result will be rematerialized
                           4218 ;	skipping iCode since result will be rematerialized
                           4219 ;	genPointerGet
   0FCF 3Ar08s00      [13] 4220 	ld	a, (#_nibble_op_test_high3_1_volatileBits_10000_93 + 0)
   0FD2 07            [ 4] 4221 	rlca
   0FD3 07            [ 4] 4222 	rlca
   0FD4 07            [ 4] 4223 	rlca
   0FD5 07            [ 4] 4224 	rlca
   0FD6 E6 0F         [ 7] 4225 	and	a, #0x0f
                           4226 ;	genXor
   0FD8 EE 0D         [ 7] 4227 	xor	a, #0x0d
                           4228 ;	genMove_o size 1 result type 2 source type 2 a_dead 1 hl_dead 1 de_dead 1 iy_dead 1 f_dead 1
   0FDA 4F            [ 4] 4229 	ld	c, a
                           4230 ;	genMove_o size 0 result type 2 source type 1 a_dead 1 hl_dead 1 de_dead 1 iy_dead 1 f_dead 1
                           4231 ;	genPointerSet
                           4232 ;	genMove_o size 2 result type 2 source type 7 a_dead 1 hl_dead 1 de_dead 1 iy_dead 1 f_dead 1
   0FDB 21r08s00      [10] 4233 	ld	hl, #_nibble_op_test_high3_1_volatileBits_10000_93
   0FDE ED 6F         [18] 4234 	rld
   0FE0 79            [ 4] 4235 	ld	a, c
   0FE1 ED 67         [18] 4236 	rrd
                           4237 ;	skipping iCode since result will be rematerialized
                           4238 ;	genPointerGet
   0FE3 3Ar08s00      [13] 4239 	ld	a, (#_nibble_op_test_high3_1_volatileBits_10000_93 + 0)
   0FE6 07            [ 4] 4240 	rlca
   0FE7 07            [ 4] 4241 	rlca
   0FE8 07            [ 4] 4242 	rlca
   0FE9 07            [ 4] 4243 	rlca
   0FEA E6 0F         [ 7] 4244 	and	a, #0x0f
                           4245 ;	genCast
                           4246 ;	(locations are the same)
                           4247 ;	genCmpEq
   0FEC FE 02         [ 7] 4248 	cp	a, #0x02
                           4249 ; common peephole 81 removed jp by using inverse jump logic
                           4250 ; common peephole 159 removed unused label 00221$.
                           4251 ; common peephole 163 changed absolute to relative conditional jump.
   0FEE 20 07         [12] 4252 	jr	nz, 00122$
                           4253 ; common peephole 82 removed jp by using inverse jump logic
                           4254 ; common peephole 159 removed unused label 00222$.
                           4255 ;	skipping generated iCode
                           4256 ;	skipping iCode since result will be rematerialized
                           4257 ;	genPointerGet
   0FF0 3Ar08s00      [13] 4258 	ld	a, (#_nibble_op_test_high3_1_volatileBits_10000_93 + 0)
                           4259 ;	genIfx
   0FF3 E6 0F         [ 7] 4260 	and	a, #0x0f
                           4261 ; common peephole 100 removed redundant or after and.
                           4262 ; common peephole 163 changed absolute to relative conditional jump.
   0FF5 28 04         [12] 4263 	jr	z, 00123$
                           4264 ;	genLabel
   0FF7                    4265 00122$:
                           4266 ;	genAssign
                           4267 ;	genMove_o size 1 result type 11 source type 1 a_dead 1 hl_dead 1 de_dead 1 iy_dead 1 f_dead 1
   0FF7 AF            [ 4] 4268 	xor	a, a
   0FF8 32r00s00      [13] 4269 	ld	(#_success), a
                           4270 ; common peephole 19 loaded (#_success) from a directly instead of using hl.
                           4271 ;	genLabel
   0FFB                    4272 00123$:
                           4273 ;	genPlus
                           4274 ;	genMove_o size 2 result type 2 source type 10 a_dead 1 hl_dead 1 de_dead 1 iy_dead 1 f_dead 1
   0FFB 2Ar00s00      [16] 4275 	ld	hl, (___numTests)
   0FFE 23            [ 6] 4276 	inc	hl
                           4277 ;	genMove_o size 2 result type 10 source type 2 a_dead 1 hl_dead 1 de_dead 1 iy_dead 1 f_dead 1
   0FFF 22r00s00      [16] 4278 	ld	(___numTests), hl
                           4279 ;	genIfx
                           4280 ; common peephole 61 used hl instead of iy.
                           4281 ; common peephole 130a removed unnecessary +0 from constant
   1002 21r00s00      [10] 4282 	ld	hl, #_success
   1005 CB 46         [12] 4283 	bit	0, (hl)
   1007 C0            [11] 4284 	ret	nz
                           4285 ; common peephole 161 replaced jump by return.
                           4286 ;	skipping iCode since result will be rematerialized
                           4287 ;	skipping iCode since result will be rematerialized
                           4288 ;	skipping iCode since result will be rematerialized
                           4289 ;	skipping iCode since result will be rematerialized
                           4290 ;	skipping iCode since result will be rematerialized
                           4291 ;	skipping iCode since result will be rematerialized
                           4292 ;	genIpush
                           4293 ;	genMove_o size 2 result type 2 source type 1 a_dead 1 hl_dead 1 de_dead 1 iy_dead 1 f_dead 1
   1008 21 87 01      [10] 4294 	ld	hl, #0x0187
   100B E5            [11] 4295 	push	hl
                           4296 ;	genIpush
                           4297 ;	genMove_o size 2 result type 2 source type 7 a_dead 1 hl_dead 1 de_dead 1 iy_dead 1 f_dead 1
   100C 21r33s10      [10] 4298 	ld	hl, #___str_26
   100F E5            [11] 4299 	push	hl
                           4300 ;	genSend
                           4301 ;	genMove_o size 2 result type 2 source type 7 a_dead 1 hl_dead 1 de_dead 1 iy_dead 1 f_dead 1
   1010 11r2Bs10      [10] 4302 	ld	de, #___str_25
                           4303 ;	genSend
                           4304 ;	genMove_o size 2 result type 2 source type 7 a_dead 1 hl_dead 1 de_dead 0 iy_dead 1 f_dead 1
   1013 21r1As10      [10] 4305 	ld	hl, #___str_24
                           4306 ;	genCall
   1016 CDr00s00      [17] 4307 	call	___fail
                           4308 ;	genLabel
                           4309 ; common peephole 159 removed unused label 00125$.
                           4310 ;cases/bitfields-nibbles/bitfields-nibbles_operation_3_pattern_0_varType_4.c:392: }
                           4311 ;	genEndFunction
   1019 C9            [10] 4312 	ret
                           4313 ;	Total nibble_op_test_high3_1 function size at codegen: 13 bytes.
   101A                    4314 ___str_24:
   101A 41 73 73 65 72 74  4315 	.ascii "Assertion failed"
        69 6F 6E 20 66 61
        69 6C 65 64
   102A 00                 4316 	.db 0x00
   102B                    4317 ___str_25:
   102B 73 75 63 63 65 73  4318 	.ascii "success"
        73
   1032 00                 4319 	.db 0x00
   1033                    4320 ___str_26:
   1033 63 61 73 65 73 2F  4321 	.ascii "cases/bitfields-nibbles/bitfields-nibbles_operation_3_patter"
        62 69 74 66 69 65
        6C 64 73 2D 6E 69
        62 62 6C 65 73 2F
        62 69 74 66 69 65
        6C 64 73 2D 6E 69
        62 62 6C 65 73 5F
        6F 70 65 72 61 74
        69 6F 6E 5F 33 5F
        70 61 74 74 65 72
   106F 6E 5F 30 5F 76 61  4322 	.ascii "n_0_varType_4.c"
        72 54 79 70 65 5F
        34 2E 63
   107E 00                 4323 	.db 0x00
                           4324 ;cases/bitfields-nibbles/bitfields-nibbles_operation_3_pattern_0_varType_4.c:403: nibble_op_test_high4_1(void)
                           4325 ;	genLabel
                           4326 ;	genFunction
                           4327 ;	---------------------------------
                           4328 ; Function nibble_op_test_high4_1
                           4329 ; ---------------------------------
                           4330 ;	Register assignment might be sub-optimal.
                           4331 ; Stack space usage: 0 bytes.
   107F                    4332 _nibble_op_test_high4_1:
                           4333 ;cases/bitfields-nibbles/bitfields-nibbles_operation_3_pattern_0_varType_4.c:406: TEST(high, 0x10);
                           4334 ;	genAssign
                           4335 ;	genMove_o size 1 result type 11 source type 1 a_dead 1 hl_dead 1 de_dead 1 iy_dead 1 f_dead 1
   107F 21r00s00      [10] 4336 	ld	hl, #_success
   1082 36 01         [10] 4337 	ld	(hl), #0x01
                           4338 ;	genAddrOf
   1084 01r09s00      [10] 4339 	ld	bc, #_nibble_op_test_high4_1_volatileBits_10000_103+0
                           4340 ;	genPointerSet
   1087 0A            [ 7] 4341 	ld	a, (bc)
   1088 E6 0F         [ 7] 4342 	and	a, #0x0f
   108A 02            [ 7] 4343 	ld	(bc), a
                           4344 ;	genAddrOf
   108B 01r09s00      [10] 4345 	ld	bc, #_nibble_op_test_high4_1_volatileBits_10000_103+0
                           4346 ;	genPointerSet
   108E 0A            [ 7] 4347 	ld	a, (bc)
   108F E6 F0         [ 7] 4348 	and	a, #0xf0
   1091 02            [ 7] 4349 	ld	(bc), a
                           4350 ;	skipping iCode since result will be rematerialized
                           4351 ;	genPointerGet
   1092 3Ar09s00      [13] 4352 	ld	a, (#_nibble_op_test_high4_1_volatileBits_10000_103 + 0)
   1095 07            [ 4] 4353 	rlca
   1096 07            [ 4] 4354 	rlca
   1097 07            [ 4] 4355 	rlca
   1098 07            [ 4] 4356 	rlca
                           4357 ;	genIfx
   1099 E6 0F         [ 7] 4358 	and	a, #0x0f
                           4359 ; common peephole 100 removed redundant or after and.
                           4360 ; common peephole 163 changed absolute to relative conditional jump.
   109B 20 07         [12] 4361 	jr	nz, 00101$
                           4362 ;	skipping iCode since result will be rematerialized
                           4363 ;	genPointerGet
   109D 3Ar09s00      [13] 4364 	ld	a, (#_nibble_op_test_high4_1_volatileBits_10000_103 + 0)
                           4365 ;	genIfx
   10A0 E6 0F         [ 7] 4366 	and	a, #0x0f
                           4367 ; common peephole 100 removed redundant or after and.
                           4368 ; common peephole 163 changed absolute to relative conditional jump.
   10A2 28 04         [12] 4369 	jr	z, 00102$
                           4370 ;	genLabel
   10A4                    4371 00101$:
                           4372 ;	genAssign
                           4373 ;	genMove_o size 1 result type 11 source type 1 a_dead 1 hl_dead 1 de_dead 1 iy_dead 1 f_dead 1
   10A4 AF            [ 4] 4374 	xor	a, a
   10A5 32r00s00      [13] 4375 	ld	(#_success), a
                           4376 ; common peephole 19 loaded (#_success) from a directly instead of using hl.
                           4377 ;	genLabel
   10A8                    4378 00102$:
                           4379 ;	skipping iCode since result will be rematerialized
                           4380 ;	genAddrOf
                           4381 ;	genPointerGet
                           4382 ;fetchPairLong
   10A8 3Ar09s00      [13] 4383 	ld	a, (#_nibble_op_test_high4_1_volatileBits_10000_103+0)
                           4384 ; common peephole 17 loaded a from (#_nibble_op_test_high4_1_volatileBits_10000_103+0) directly instead of using hl.
   10AB 07            [ 4] 4385 	rlca
   10AC 07            [ 4] 4386 	rlca
   10AD 07            [ 4] 4387 	rlca
   10AE 07            [ 4] 4388 	rlca
   10AF E6 0F         [ 7] 4389 	and	a, #0x0f
   10B1 4F            [ 4] 4390 	ld	c, a
                           4391 ;	genPointerSet
                           4392 ;	genMove_o size 2 result type 2 source type 7 a_dead 1 hl_dead 1 de_dead 1 iy_dead 1 f_dead 1
   10B2 21r09s00      [10] 4393 	ld	hl, #_nibble_op_test_high4_1_volatileBits_10000_103
   10B5 ED 6F         [18] 4394 	rld
   10B7 79            [ 4] 4395 	ld	a, c
   10B8 ED 67         [18] 4396 	rrd
                           4397 ;	skipping iCode since result will be rematerialized
                           4398 ;	genPointerGet
   10BA 3Ar09s00      [13] 4399 	ld	a, (#_nibble_op_test_high4_1_volatileBits_10000_103 + 0)
   10BD 07            [ 4] 4400 	rlca
   10BE 07            [ 4] 4401 	rlca
   10BF 07            [ 4] 4402 	rlca
   10C0 07            [ 4] 4403 	rlca
                           4404 ;	genIfx
   10C1 E6 0F         [ 7] 4405 	and	a, #0x0f
                           4406 ; common peephole 100 removed redundant or after and.
                           4407 ; common peephole 163 changed absolute to relative conditional jump.
   10C3 20 07         [12] 4408 	jr	nz, 00104$
                           4409 ;	skipping iCode since result will be rematerialized
                           4410 ;	genPointerGet
   10C5 3Ar09s00      [13] 4411 	ld	a, (#_nibble_op_test_high4_1_volatileBits_10000_103 + 0)
                           4412 ;	genIfx
   10C8 E6 0F         [ 7] 4413 	and	a, #0x0f
                           4414 ; common peephole 100 removed redundant or after and.
                           4415 ; common peephole 163 changed absolute to relative conditional jump.
   10CA 28 04         [12] 4416 	jr	z, 00105$
                           4417 ;	genLabel
   10CC                    4418 00104$:
                           4419 ;	genAssign
                           4420 ;	genMove_o size 1 result type 11 source type 1 a_dead 1 hl_dead 1 de_dead 1 iy_dead 1 f_dead 1
   10CC AF            [ 4] 4421 	xor	a, a
   10CD 32r00s00      [13] 4422 	ld	(#_success), a
                           4423 ; common peephole 19 loaded (#_success) from a directly instead of using hl.
                           4424 ;	genLabel
   10D0                    4425 00105$:
                           4426 ;	genAddrOf
   10D0 01r09s00      [10] 4427 	ld	bc, #_nibble_op_test_high4_1_volatileBits_10000_103+0
                           4428 ;	genPointerSet
   10D3 0A            [ 7] 4429 	ld	a, (bc)
   10D4 F6 F0         [ 7] 4430 	or	a, #0xf0
   10D6 02            [ 7] 4431 	ld	(bc), a
                           4432 ;	skipping iCode since result will be rematerialized
                           4433 ;	genPointerGet
   10D7 3Ar09s00      [13] 4434 	ld	a, (#_nibble_op_test_high4_1_volatileBits_10000_103 + 0)
   10DA 07            [ 4] 4435 	rlca
   10DB 07            [ 4] 4436 	rlca
   10DC 07            [ 4] 4437 	rlca
   10DD 07            [ 4] 4438 	rlca
   10DE E6 0F         [ 7] 4439 	and	a, #0x0f
                           4440 ;	genCmpEq
   10E0 FE 0F         [ 7] 4441 	cp	a, #0x0f
                           4442 ; common peephole 81 removed jp by using inverse jump logic
                           4443 ; common peephole 159 removed unused label 00211$.
                           4444 ; common peephole 163 changed absolute to relative conditional jump.
   10E2 20 07         [12] 4445 	jr	nz, 00107$
                           4446 ; common peephole 82 removed jp by using inverse jump logic
                           4447 ; common peephole 159 removed unused label 00212$.
                           4448 ;	skipping generated iCode
                           4449 ;	skipping iCode since result will be rematerialized
                           4450 ;	genPointerGet
   10E4 3Ar09s00      [13] 4451 	ld	a, (#_nibble_op_test_high4_1_volatileBits_10000_103 + 0)
                           4452 ;	genIfx
   10E7 E6 0F         [ 7] 4453 	and	a, #0x0f
                           4454 ; common peephole 100 removed redundant or after and.
                           4455 ; common peephole 163 changed absolute to relative conditional jump.
   10E9 28 04         [12] 4456 	jr	z, 00108$
                           4457 ;	genLabel
   10EB                    4458 00107$:
                           4459 ;	genAssign
                           4460 ;	genMove_o size 1 result type 11 source type 1 a_dead 1 hl_dead 1 de_dead 1 iy_dead 1 f_dead 1
   10EB AF            [ 4] 4461 	xor	a, a
   10EC 32r00s00      [13] 4462 	ld	(#_success), a
                           4463 ; common peephole 19 loaded (#_success) from a directly instead of using hl.
                           4464 ;	genLabel
   10EF                    4465 00108$:
                           4466 ;	skipping iCode since result will be rematerialized
                           4467 ;	genAddrOf
                           4468 ;	genPointerGet
                           4469 ;fetchPairLong
   10EF 3Ar09s00      [13] 4470 	ld	a, (#_nibble_op_test_high4_1_volatileBits_10000_103+0)
                           4471 ; common peephole 17 loaded a from (#_nibble_op_test_high4_1_volatileBits_10000_103+0) directly instead of using hl.
   10F2 07            [ 4] 4472 	rlca
   10F3 07            [ 4] 4473 	rlca
   10F4 07            [ 4] 4474 	rlca
   10F5 07            [ 4] 4475 	rlca
   10F6 E6 0F         [ 7] 4476 	and	a, #0x0f
   10F8 4F            [ 4] 4477 	ld	c, a
                           4478 ;	genPointerSet
                           4479 ;	genMove_o size 2 result type 2 source type 7 a_dead 1 hl_dead 1 de_dead 1 iy_dead 1 f_dead 1
   10F9 21r09s00      [10] 4480 	ld	hl, #_nibble_op_test_high4_1_volatileBits_10000_103
   10FC ED 6F         [18] 4481 	rld
   10FE 79            [ 4] 4482 	ld	a, c
   10FF ED 67         [18] 4483 	rrd
                           4484 ;	skipping iCode since result will be rematerialized
                           4485 ;	genPointerGet
   1101 3Ar09s00      [13] 4486 	ld	a, (#_nibble_op_test_high4_1_volatileBits_10000_103 + 0)
   1104 07            [ 4] 4487 	rlca
   1105 07            [ 4] 4488 	rlca
   1106 07            [ 4] 4489 	rlca
   1107 07            [ 4] 4490 	rlca
   1108 E6 0F         [ 7] 4491 	and	a, #0x0f
                           4492 ;	genCast
                           4493 ;	(locations are the same)
                           4494 ;	genCmpEq
   110A FE 0F         [ 7] 4495 	cp	a, #0x0f
                           4496 ; common peephole 81 removed jp by using inverse jump logic
                           4497 ; common peephole 159 removed unused label 00213$.
                           4498 ; common peephole 163 changed absolute to relative conditional jump.
   110C 20 07         [12] 4499 	jr	nz, 00110$
                           4500 ; common peephole 82 removed jp by using inverse jump logic
                           4501 ; common peephole 159 removed unused label 00214$.
                           4502 ;	skipping generated iCode
                           4503 ;	skipping iCode since result will be rematerialized
                           4504 ;	genPointerGet
   110E 3Ar09s00      [13] 4505 	ld	a, (#_nibble_op_test_high4_1_volatileBits_10000_103 + 0)
                           4506 ;	genIfx
   1111 E6 0F         [ 7] 4507 	and	a, #0x0f
                           4508 ; common peephole 100 removed redundant or after and.
                           4509 ; common peephole 163 changed absolute to relative conditional jump.
   1113 28 04         [12] 4510 	jr	z, 00111$
                           4511 ;	genLabel
   1115                    4512 00110$:
                           4513 ;	genAssign
                           4514 ;	genMove_o size 1 result type 11 source type 1 a_dead 1 hl_dead 1 de_dead 1 iy_dead 1 f_dead 1
   1115 AF            [ 4] 4515 	xor	a, a
   1116 32r00s00      [13] 4516 	ld	(#_success), a
                           4517 ; common peephole 19 loaded (#_success) from a directly instead of using hl.
                           4518 ;	genLabel
   1119                    4519 00111$:
                           4520 ;	genPlus
                           4521 ;	genMove_o size 2 result type 2 source type 10 a_dead 1 hl_dead 1 de_dead 1 iy_dead 1 f_dead 1
   1119 2Ar00s00      [16] 4522 	ld	hl, (___numTests)
   111C 23            [ 6] 4523 	inc	hl
                           4524 ;	genMove_o size 2 result type 10 source type 2 a_dead 1 hl_dead 1 de_dead 1 iy_dead 1 f_dead 1
   111D 22r00s00      [16] 4525 	ld	(___numTests), hl
                           4526 ;	genIfx
                           4527 ; common peephole 61 used hl instead of iy.
                           4528 ; common peephole 130a removed unnecessary +0 from constant
   1120 21r00s00      [10] 4529 	ld	hl, #_success
   1123 CB 46         [12] 4530 	bit	0, (hl)
                           4531 ; common peephole 163 changed absolute to relative conditional jump.
   1125 20 11         [12] 4532 	jr	nz, 00128$
                           4533 ;	skipping iCode since result will be rematerialized
                           4534 ;	skipping iCode since result will be rematerialized
                           4535 ;	skipping iCode since result will be rematerialized
                           4536 ;	skipping iCode since result will be rematerialized
                           4537 ;	skipping iCode since result will be rematerialized
                           4538 ;	skipping iCode since result will be rematerialized
                           4539 ;	genIpush
                           4540 ;	genMove_o size 2 result type 2 source type 1 a_dead 1 hl_dead 1 de_dead 1 iy_dead 1 f_dead 1
   1127 21 96 01      [10] 4541 	ld	hl, #0x0196
   112A E5            [11] 4542 	push	hl
                           4543 ;	genIpush
                           4544 ;	genMove_o size 2 result type 2 source type 7 a_dead 1 hl_dead 1 de_dead 1 iy_dead 1 f_dead 1
   112B 21r0As12      [10] 4545 	ld	hl, #___str_29
   112E E5            [11] 4546 	push	hl
                           4547 ;	genSend
                           4548 ;	genMove_o size 2 result type 2 source type 7 a_dead 1 hl_dead 1 de_dead 1 iy_dead 1 f_dead 1
   112F 11r02s12      [10] 4549 	ld	de, #___str_28
                           4550 ;	genSend
                           4551 ;	genMove_o size 2 result type 2 source type 7 a_dead 1 hl_dead 1 de_dead 0 iy_dead 1 f_dead 1
   1132 21rF1s11      [10] 4552 	ld	hl, #___str_27
                           4553 ;	genCall
   1135 CDr00s00      [17] 4554 	call	___fail
                           4555 ;	genLabel
   1138                    4556 00128$:
                           4557 ;cases/bitfields-nibbles/bitfields-nibbles_operation_3_pattern_0_varType_4.c:407: TEST(high, 0x20);
                           4558 ;	genAssign
                           4559 ;	genMove_o size 1 result type 11 source type 1 a_dead 1 hl_dead 1 de_dead 1 iy_dead 1 f_dead 1
   1138 21r00s00      [10] 4560 	ld	hl, #_success
   113B 36 01         [10] 4561 	ld	(hl), #0x01
                           4562 ;	genAddrOf
   113D 01r09s00      [10] 4563 	ld	bc, #_nibble_op_test_high4_1_volatileBits_10000_103+0
                           4564 ;	genPointerSet
   1140 0A            [ 7] 4565 	ld	a, (bc)
   1141 E6 0F         [ 7] 4566 	and	a, #0x0f
   1143 02            [ 7] 4567 	ld	(bc), a
                           4568 ;	genAddrOf
   1144 01r09s00      [10] 4569 	ld	bc, #_nibble_op_test_high4_1_volatileBits_10000_103+0
                           4570 ;	genPointerSet
   1147 0A            [ 7] 4571 	ld	a, (bc)
   1148 E6 F0         [ 7] 4572 	and	a, #0xf0
   114A 02            [ 7] 4573 	ld	(bc), a
                           4574 ;	skipping iCode since result will be rematerialized
                           4575 ;	genPointerGet
   114B 3Ar09s00      [13] 4576 	ld	a, (#_nibble_op_test_high4_1_volatileBits_10000_103 + 0)
   114E 07            [ 4] 4577 	rlca
   114F 07            [ 4] 4578 	rlca
   1150 07            [ 4] 4579 	rlca
   1151 07            [ 4] 4580 	rlca
                           4581 ;	genIfx
   1152 E6 0F         [ 7] 4582 	and	a, #0x0f
                           4583 ; common peephole 100 removed redundant or after and.
                           4584 ; common peephole 163 changed absolute to relative conditional jump.
   1154 20 07         [12] 4585 	jr	nz, 00113$
                           4586 ;	skipping iCode since result will be rematerialized
                           4587 ;	genPointerGet
   1156 3Ar09s00      [13] 4588 	ld	a, (#_nibble_op_test_high4_1_volatileBits_10000_103 + 0)
                           4589 ;	genIfx
   1159 E6 0F         [ 7] 4590 	and	a, #0x0f
                           4591 ; common peephole 100 removed redundant or after and.
                           4592 ; common peephole 163 changed absolute to relative conditional jump.
   115B 28 04         [12] 4593 	jr	z, 00114$
                           4594 ;	genLabel
   115D                    4595 00113$:
                           4596 ;	genAssign
                           4597 ;	genMove_o size 1 result type 11 source type 1 a_dead 1 hl_dead 1 de_dead 1 iy_dead 1 f_dead 1
   115D AF            [ 4] 4598 	xor	a, a
   115E 32r00s00      [13] 4599 	ld	(#_success), a
                           4600 ; common peephole 19 loaded (#_success) from a directly instead of using hl.
                           4601 ;	genLabel
   1161                    4602 00114$:
                           4603 ;	skipping iCode since result will be rematerialized
                           4604 ;	genAddrOf
                           4605 ;	genPointerGet
                           4606 ;fetchPairLong
   1161 3Ar09s00      [13] 4607 	ld	a, (#_nibble_op_test_high4_1_volatileBits_10000_103+0)
                           4608 ; common peephole 17 loaded a from (#_nibble_op_test_high4_1_volatileBits_10000_103+0) directly instead of using hl.
   1164 07            [ 4] 4609 	rlca
   1165 07            [ 4] 4610 	rlca
   1166 07            [ 4] 4611 	rlca
   1167 07            [ 4] 4612 	rlca
   1168 E6 0F         [ 7] 4613 	and	a, #0x0f
   116A 4F            [ 4] 4614 	ld	c, a
                           4615 ;	genPointerSet
                           4616 ;	genMove_o size 2 result type 2 source type 7 a_dead 1 hl_dead 1 de_dead 1 iy_dead 1 f_dead 1
   116B 21r09s00      [10] 4617 	ld	hl, #_nibble_op_test_high4_1_volatileBits_10000_103
   116E ED 6F         [18] 4618 	rld
   1170 79            [ 4] 4619 	ld	a, c
   1171 ED 67         [18] 4620 	rrd
                           4621 ;	skipping iCode since result will be rematerialized
                           4622 ;	genPointerGet
   1173 3Ar09s00      [13] 4623 	ld	a, (#_nibble_op_test_high4_1_volatileBits_10000_103 + 0)
   1176 07            [ 4] 4624 	rlca
   1177 07            [ 4] 4625 	rlca
   1178 07            [ 4] 4626 	rlca
   1179 07            [ 4] 4627 	rlca
                           4628 ;	genIfx
   117A E6 0F         [ 7] 4629 	and	a, #0x0f
                           4630 ; common peephole 100 removed redundant or after and.
                           4631 ; common peephole 163 changed absolute to relative conditional jump.
   117C 20 07         [12] 4632 	jr	nz, 00116$
                           4633 ;	skipping iCode since result will be rematerialized
                           4634 ;	genPointerGet
   117E 3Ar09s00      [13] 4635 	ld	a, (#_nibble_op_test_high4_1_volatileBits_10000_103 + 0)
                           4636 ;	genIfx
   1181 E6 0F         [ 7] 4637 	and	a, #0x0f
                           4638 ; common peephole 100 removed redundant or after and.
                           4639 ; common peephole 163 changed absolute to relative conditional jump.
   1183 28 04         [12] 4640 	jr	z, 00117$
                           4641 ;	genLabel
   1185                    4642 00116$:
                           4643 ;	genAssign
                           4644 ;	genMove_o size 1 result type 11 source type 1 a_dead 1 hl_dead 1 de_dead 1 iy_dead 1 f_dead 1
   1185 AF            [ 4] 4645 	xor	a, a
   1186 32r00s00      [13] 4646 	ld	(#_success), a
                           4647 ; common peephole 19 loaded (#_success) from a directly instead of using hl.
                           4648 ;	genLabel
   1189                    4649 00117$:
                           4650 ;	genAddrOf
   1189 01r09s00      [10] 4651 	ld	bc, #_nibble_op_test_high4_1_volatileBits_10000_103+0
                           4652 ;	genPointerSet
   118C 0A            [ 7] 4653 	ld	a, (bc)
   118D F6 F0         [ 7] 4654 	or	a, #0xf0
   118F 02            [ 7] 4655 	ld	(bc), a
                           4656 ;	skipping iCode since result will be rematerialized
                           4657 ;	genPointerGet
   1190 3Ar09s00      [13] 4658 	ld	a, (#_nibble_op_test_high4_1_volatileBits_10000_103 + 0)
   1193 07            [ 4] 4659 	rlca
   1194 07            [ 4] 4660 	rlca
   1195 07            [ 4] 4661 	rlca
   1196 07            [ 4] 4662 	rlca
   1197 E6 0F         [ 7] 4663 	and	a, #0x0f
                           4664 ;	genCmpEq
   1199 FE 0F         [ 7] 4665 	cp	a, #0x0f
                           4666 ; common peephole 81 removed jp by using inverse jump logic
                           4667 ; common peephole 159 removed unused label 00215$.
                           4668 ; common peephole 163 changed absolute to relative conditional jump.
   119B 20 07         [12] 4669 	jr	nz, 00119$
                           4670 ; common peephole 82 removed jp by using inverse jump logic
                           4671 ; common peephole 159 removed unused label 00216$.
                           4672 ;	skipping generated iCode
                           4673 ;	skipping iCode since result will be rematerialized
                           4674 ;	genPointerGet
   119D 3Ar09s00      [13] 4675 	ld	a, (#_nibble_op_test_high4_1_volatileBits_10000_103 + 0)
                           4676 ;	genIfx
   11A0 E6 0F         [ 7] 4677 	and	a, #0x0f
                           4678 ; common peephole 100 removed redundant or after and.
                           4679 ; common peephole 163 changed absolute to relative conditional jump.
   11A2 28 04         [12] 4680 	jr	z, 00120$
                           4681 ;	genLabel
   11A4                    4682 00119$:
                           4683 ;	genAssign
                           4684 ;	genMove_o size 1 result type 11 source type 1 a_dead 1 hl_dead 1 de_dead 1 iy_dead 1 f_dead 1
   11A4 AF            [ 4] 4685 	xor	a, a
   11A5 32r00s00      [13] 4686 	ld	(#_success), a
                           4687 ; common peephole 19 loaded (#_success) from a directly instead of using hl.
                           4688 ;	genLabel
   11A8                    4689 00120$:
                           4690 ;	skipping iCode since result will be rematerialized
                           4691 ;	genAddrOf
                           4692 ;	genPointerGet
                           4693 ;fetchPairLong
   11A8 3Ar09s00      [13] 4694 	ld	a, (#_nibble_op_test_high4_1_volatileBits_10000_103+0)
                           4695 ; common peephole 17 loaded a from (#_nibble_op_test_high4_1_volatileBits_10000_103+0) directly instead of using hl.
   11AB 07            [ 4] 4696 	rlca
   11AC 07            [ 4] 4697 	rlca
   11AD 07            [ 4] 4698 	rlca
   11AE 07            [ 4] 4699 	rlca
   11AF E6 0F         [ 7] 4700 	and	a, #0x0f
   11B1 4F            [ 4] 4701 	ld	c, a
                           4702 ;	genPointerSet
                           4703 ;	genMove_o size 2 result type 2 source type 7 a_dead 1 hl_dead 1 de_dead 1 iy_dead 1 f_dead 1
   11B2 21r09s00      [10] 4704 	ld	hl, #_nibble_op_test_high4_1_volatileBits_10000_103
   11B5 ED 6F         [18] 4705 	rld
   11B7 79            [ 4] 4706 	ld	a, c
   11B8 ED 67         [18] 4707 	rrd
                           4708 ;	skipping iCode since result will be rematerialized
                           4709 ;	genPointerGet
   11BA 3Ar09s00      [13] 4710 	ld	a, (#_nibble_op_test_high4_1_volatileBits_10000_103 + 0)
   11BD 07            [ 4] 4711 	rlca
   11BE 07            [ 4] 4712 	rlca
   11BF 07            [ 4] 4713 	rlca
   11C0 07            [ 4] 4714 	rlca
   11C1 E6 0F         [ 7] 4715 	and	a, #0x0f
                           4716 ;	genCast
                           4717 ;	(locations are the same)
                           4718 ;	genCmpEq
   11C3 FE 0F         [ 7] 4719 	cp	a, #0x0f
                           4720 ; common peephole 81 removed jp by using inverse jump logic
                           4721 ; common peephole 159 removed unused label 00217$.
                           4722 ; common peephole 163 changed absolute to relative conditional jump.
   11C5 20 07         [12] 4723 	jr	nz, 00122$
                           4724 ; common peephole 82 removed jp by using inverse jump logic
                           4725 ; common peephole 159 removed unused label 00218$.
                           4726 ;	skipping generated iCode
                           4727 ;	skipping iCode since result will be rematerialized
                           4728 ;	genPointerGet
   11C7 3Ar09s00      [13] 4729 	ld	a, (#_nibble_op_test_high4_1_volatileBits_10000_103 + 0)
                           4730 ;	genIfx
   11CA E6 0F         [ 7] 4731 	and	a, #0x0f
                           4732 ; common peephole 100 removed redundant or after and.
                           4733 ; common peephole 163 changed absolute to relative conditional jump.
   11CC 28 04         [12] 4734 	jr	z, 00123$
                           4735 ;	genLabel
   11CE                    4736 00122$:
                           4737 ;	genAssign
                           4738 ;	genMove_o size 1 result type 11 source type 1 a_dead 1 hl_dead 1 de_dead 1 iy_dead 1 f_dead 1
   11CE AF            [ 4] 4739 	xor	a, a
   11CF 32r00s00      [13] 4740 	ld	(#_success), a
                           4741 ; common peephole 19 loaded (#_success) from a directly instead of using hl.
                           4742 ;	genLabel
   11D2                    4743 00123$:
                           4744 ;	genPlus
                           4745 ;	genMove_o size 2 result type 2 source type 10 a_dead 1 hl_dead 1 de_dead 1 iy_dead 1 f_dead 1
   11D2 2Ar00s00      [16] 4746 	ld	hl, (___numTests)
   11D5 23            [ 6] 4747 	inc	hl
                           4748 ;	genMove_o size 2 result type 10 source type 2 a_dead 1 hl_dead 1 de_dead 1 iy_dead 1 f_dead 1
   11D6 22r00s00      [16] 4749 	ld	(___numTests), hl
                           4750 ;	genIfx
                           4751 ; common peephole 61 used hl instead of iy.
                           4752 ; common peephole 130a removed unnecessary +0 from constant
   11D9 21r00s00      [10] 4753 	ld	hl, #_success
   11DC CB 46         [12] 4754 	bit	0, (hl)
   11DE C0            [11] 4755 	ret	nz
                           4756 ; common peephole 161 replaced jump by return.
                           4757 ;	skipping iCode since result will be rematerialized
                           4758 ;	skipping iCode since result will be rematerialized
                           4759 ;	skipping iCode since result will be rematerialized
                           4760 ;	skipping iCode since result will be rematerialized
                           4761 ;	skipping iCode since result will be rematerialized
                           4762 ;	skipping iCode since result will be rematerialized
                           4763 ;	genIpush
                           4764 ;	genMove_o size 2 result type 2 source type 1 a_dead 1 hl_dead 1 de_dead 1 iy_dead 1 f_dead 1
   11DF 21 97 01      [10] 4765 	ld	hl, #0x0197
   11E2 E5            [11] 4766 	push	hl
                           4767 ;	genIpush
                           4768 ;	genMove_o size 2 result type 2 source type 7 a_dead 1 hl_dead 1 de_dead 1 iy_dead 1 f_dead 1
   11E3 21r0As12      [10] 4769 	ld	hl, #___str_29
   11E6 E5            [11] 4770 	push	hl
                           4771 ;	genSend
                           4772 ;	genMove_o size 2 result type 2 source type 7 a_dead 1 hl_dead 1 de_dead 1 iy_dead 1 f_dead 1
   11E7 11r02s12      [10] 4773 	ld	de, #___str_28
                           4774 ;	genSend
                           4775 ;	genMove_o size 2 result type 2 source type 7 a_dead 1 hl_dead 1 de_dead 0 iy_dead 1 f_dead 1
   11EA 21rF1s11      [10] 4776 	ld	hl, #___str_27
                           4777 ;	genCall
   11ED CDr00s00      [17] 4778 	call	___fail
                           4779 ;	genLabel
                           4780 ; common peephole 159 removed unused label 00125$.
                           4781 ;cases/bitfields-nibbles/bitfields-nibbles_operation_3_pattern_0_varType_4.c:408: }
                           4782 ;	genEndFunction
   11F0 C9            [10] 4783 	ret
                           4784 ;	Total nibble_op_test_high4_1 function size at codegen: 13 bytes.
   11F1                    4785 ___str_27:
   11F1 41 73 73 65 72 74  4786 	.ascii "Assertion failed"
        69 6F 6E 20 66 61
        69 6C 65 64
   1201 00                 4787 	.db 0x00
   1202                    4788 ___str_28:
   1202 73 75 63 63 65 73  4789 	.ascii "success"
        73
   1209 00                 4790 	.db 0x00
   120A                    4791 ___str_29:
   120A 63 61 73 65 73 2F  4792 	.ascii "cases/bitfields-nibbles/bitfields-nibbles_operation_3_patter"
        62 69 74 66 69 65
        6C 64 73 2D 6E 69
        62 62 6C 65 73 2F
        62 69 74 66 69 65
        6C 64 73 2D 6E 69
        62 62 6C 65 73 5F
        6F 70 65 72 61 74
        69 6F 6E 5F 33 5F
        70 61 74 74 65 72
   1246 6E 5F 30 5F 76 61  4793 	.ascii "n_0_varType_4.c"
        72 54 79 70 65 5F
        34 2E 63
   1255 00                 4794 	.db 0x00
                           4795 ;cases/bitfields-nibbles/bitfields-nibbles_operation_3_pattern_0_varType_4.c:423: testBitfields(void)
                           4796 ;	genLabel
                           4797 ;	genFunction
                           4798 ;	---------------------------------
                           4799 ; Function testBitfields
                           4800 ; ---------------------------------
                           4801 ;	Register assignment is optimal.
                           4802 ; Stack space usage: 0 bytes.
   1256                    4803 _testBitfields:
                           4804 ;cases/bitfields-nibbles/bitfields-nibbles_operation_3_pattern_0_varType_4.c:443: nibble_op_test_low1_1();
                           4805 ;	genCall
   1256 CDr00s00      [17] 4806 	call	_nibble_op_test_low1_1
                           4807 ;cases/bitfields-nibbles/bitfields-nibbles_operation_3_pattern_0_varType_4.c:444: nibble_op_test_low1_2();
                           4808 ;	genCall
   1259 CDrCBs01      [17] 4809 	call	_nibble_op_test_low1_2
                           4810 ;cases/bitfields-nibbles/bitfields-nibbles_operation_3_pattern_0_varType_4.c:445: nibble_op_test_low2_1();
                           4811 ;	genCall
   125C CDr96s03      [17] 4812 	call	_nibble_op_test_low2_1
                           4813 ;cases/bitfields-nibbles/bitfields-nibbles_operation_3_pattern_0_varType_4.c:449: nibble_op_test_low3_1();
                           4814 ;	genCall
   125F CDr69s05      [17] 4815 	call	_nibble_op_test_low3_1
                           4816 ;cases/bitfields-nibbles/bitfields-nibbles_operation_3_pattern_0_varType_4.c:453: nibble_op_test_low4_1();
                           4817 ;	genCall
   1262 CDr3Cs07      [17] 4818 	call	_nibble_op_test_low4_1
                           4819 ;cases/bitfields-nibbles/bitfields-nibbles_operation_3_pattern_0_varType_4.c:458: nibble_op_test_high1_1();
                           4820 ;	genCall
   1265 CDr03s09      [17] 4821 	call	_nibble_op_test_high1_1
                           4822 ;cases/bitfields-nibbles/bitfields-nibbles_operation_3_pattern_0_varType_4.c:459: nibble_op_test_high1_2();
                           4823 ;	genCall
   1268 CDrDEs0A      [17] 4824 	call	_nibble_op_test_high1_2
                           4825 ;cases/bitfields-nibbles/bitfields-nibbles_operation_3_pattern_0_varType_4.c:460: nibble_op_test_high2_1();
                           4826 ;	genCall
   126B CDrB9s0C      [17] 4827 	call	_nibble_op_test_high2_1
                           4828 ;cases/bitfields-nibbles/bitfields-nibbles_operation_3_pattern_0_varType_4.c:464: nibble_op_test_high3_1();
                           4829 ;	genCall
   126E CDr9Cs0E      [17] 4830 	call	_nibble_op_test_high3_1
                           4831 ;cases/bitfields-nibbles/bitfields-nibbles_operation_3_pattern_0_varType_4.c:468: nibble_op_test_high4_1();
                           4832 ;	genCall
                           4833 ;	genLabel
                           4834 ; common peephole 159 removed unused label 00101$.
                           4835 ;cases/bitfields-nibbles/bitfields-nibbles_operation_3_pattern_0_varType_4.c:474: }
                           4836 ;	genEndFunction
   1271 C3r7Fs10      [10] 4837 	jp	_nibble_op_test_high4_1
                           4838 ; common peephole 152 removed unused ret.
                           4839 ;	Total testBitfields function size at codegen: 1 bytes.
                           4840 ;cases/bitfields-nibbles/bitfields-nibbles_operation_3_pattern_0_varType_4.c:477: __runSuite(void)
                           4841 ;	genLabel
                           4842 ;	genFunction
                           4843 ;	---------------------------------
                           4844 ; Function __runSuite
                           4845 ; ---------------------------------
                           4846 ;	Register assignment is optimal.
                           4847 ; Stack space usage: 0 bytes.
   1274                    4848 ___runSuite::
                           4849 ;cases/bitfields-nibbles/bitfields-nibbles_operation_3_pattern_0_varType_4.c:479: __prints("Running testBitfields\n");
                           4850 ;	skipping iCode since result will be rematerialized
                           4851 ;	skipping iCode since result will be rematerialized
                           4852 ;	genSend
                           4853 ;	genMove_o size 2 result type 2 source type 7 a_dead 1 hl_dead 1 de_dead 1 iy_dead 1 f_dead 1
   1274 21r7Ds12      [10] 4854 	ld	hl, #___str_30
                           4855 ;	genCall
   1277 CDr00s00      [17] 4856 	call	___prints
                           4857 ;cases/bitfields-nibbles/bitfields-nibbles_operation_3_pattern_0_varType_4.c:480: testBitfields();
                           4858 ;	genCall
                           4859 ;	genLabel
                           4860 ; common peephole 159 removed unused label 00101$.
                           4861 ;cases/bitfields-nibbles/bitfields-nibbles_operation_3_pattern_0_varType_4.c:481: }
                           4862 ;	genEndFunction
   127A C3r56s12      [10] 4863 	jp	_testBitfields
                           4864 ; common peephole 152 removed unused ret.
                           4865 ;	Total __runSuite function size at codegen: 1 bytes.
   127D                    4866 ___str_30:
   127D 52 75 6E 6E 69 6E  4867 	.ascii "Running testBitfields"
        67 20 74 65 73 74
        42 69 74 66 69 65
        6C 64 73
   1292 0A                 4868 	.db 0x0a
   1293 00                 4869 	.db 0x00
                           4870 ;cases/bitfields-nibbles/bitfields-nibbles_operation_3_pattern_0_varType_4.c:486: __getSuiteName(void)
                           4871 ;	genLabel
                           4872 ;	genFunction
                           4873 ;	---------------------------------
                           4874 ; Function __getSuiteName
                           4875 ; ---------------------------------
                           4876 ;	Register assignment is optimal.
                           4877 ; Stack space usage: 0 bytes.
   1294                    4878 ___getSuiteName::
                           4879 ;cases/bitfields-nibbles/bitfields-nibbles_operation_3_pattern_0_varType_4.c:488: return "bitfields-nibbles_operation_3_pattern_0_varType_4";
                           4880 ;	skipping iCode since result will be rematerialized
                           4881 ;	skipping iCode since result will be rematerialized
                           4882 ;	genRet
                           4883 ;	genMove_o size 2 result type 2 source type 7 a_dead 1 hl_dead 1 de_dead 1 iy_dead 1 f_dead 1
   1294 11r9As12      [10] 4884 	ld	de, #___str_31
                           4885 ;	genLabel
                           4886 ; common peephole 159 removed unused label 00101$.
                           4887 ;cases/bitfields-nibbles/bitfields-nibbles_operation_3_pattern_0_varType_4.c:489: }
                           4888 ;	genEndFunction
   1297 C9            [10] 4889 	ret
                           4890 ;	Total __getSuiteName function size at codegen: 1 bytes.
   1298                    4891 ___numCases:
   1298 01 00              4892 	.dw #0x0001
   129A                    4893 ___str_31:
   129A 62 69 74 66 69 65  4894 	.ascii "bitfields-nibbles_operation_3_pattern_0_varType_4"
        6C 64 73 2D 6E 69
        62 62 6C 65 73 5F
        6F 70 65 72 61 74
        69 6F 6E 5F 33 5F
        70 61 74 74 65 72
        6E 5F 30 5F 76 61
        72 54 79 70 65 5F
        34
   12CB 00                 4895 	.db 0x00
                           4896 	.area _CODE (BANK=_CSEG)
                           4897 	.area _INITIALIZER
   0000                    4898 __xinit__success:
   0000 00                 4899 	.db #0x00	;  0
                           4900 	.area _CABS (ABS)
