                              1 ;--------------------------------------------------------
                              2 ; File Created by SDCC : free open source ISO C Compiler
                              3 ; Version 4.6.2 #16710 (Linux)
                              4 ;--------------------------------------------------------
                              5 	.module bitfields_nibbles_operation_3_pattern_1_varType_4
                              6 	
                              7 ;--------------------------------------------------------
                              8 ; Public variables in this module
                              9 ;--------------------------------------------------------
                             10 	.globl ___prints
                             11 	.globl ___fail
                             12 	.globl ___numCases
                             13 	.globl ___runSuite
                             14 	.globl ___getSuiteName
                             15 ;--------------------------------------------------------
                             16 ; special function registers
                             17 ;--------------------------------------------------------
                             18 ;--------------------------------------------------------
                             19 ; ram data
                             20 ;--------------------------------------------------------
                             21 	.area _DATA (BANK=_DSEG)
   0000                      22 _nibble_op_test_low1_1_volatileBits_10000_13:
   0000                      23 	.ds 1
   0001                      24 _nibble_op_test_low1_2_volatileBits_10000_23:
   0001                      25 	.ds 1
   0002                      26 _nibble_op_test_low2_1_volatileBits_10000_33:
   0002                      27 	.ds 1
   0003                      28 _nibble_op_test_low3_1_volatileBits_10000_43:
   0003                      29 	.ds 1
   0004                      30 _nibble_op_test_low4_1_volatileBits_10000_53:
   0004                      31 	.ds 1
   0005                      32 _nibble_op_test_high1_1_volatileBits_10000_63:
   0005                      33 	.ds 1
   0006                      34 _nibble_op_test_high1_2_volatileBits_10000_73:
   0006                      35 	.ds 1
   0007                      36 _nibble_op_test_high2_1_volatileBits_10000_83:
   0007                      37 	.ds 1
   0008                      38 _nibble_op_test_high3_1_volatileBits_10000_93:
   0008                      39 	.ds 1
   0009                      40 _nibble_op_test_high4_1_volatileBits_10000_103:
   0009                      41 	.ds 1
                             42 ;--------------------------------------------------------
                             43 ; ram data
                             44 ;--------------------------------------------------------
                             45 	.area _INITIALIZED
   0000                      46 _success:
   0000                      47 	.ds 1
                             48 ;--------------------------------------------------------
                             49 ; absolute ram data
                             50 ;--------------------------------------------------------
                             51 	.area _DABS (ABS)
                             52 	.area _DABS (ABS)
                             53 ;--------------------------------------------------------
                             54 ; global & static initialisations
                             55 ;--------------------------------------------------------
                             56 	.area _HOME
                             57 	.area _GSINIT
                             58 	.area _GSFINAL
                             59 	.area _GSINIT
                             60 ;--------------------------------------------------------
                             61 ; Home
                             62 ;--------------------------------------------------------
                             63 	.area _HOME (BANK=_CSEG)
                             64 	.area _HOME (BANK=_CSEG)
                             65 ;--------------------------------------------------------
                             66 ; code
                             67 ;--------------------------------------------------------
                             68 	.area _CODE (BANK=_CSEG)
                             69 ;cases/bitfields-nibbles/bitfields-nibbles_operation_3_pattern_1_varType_4.c:294: nibble_op_test_low1_1(void)
                             70 ;	genLabel
                             71 ;	genFunction
                             72 ;	---------------------------------
                             73 ; Function nibble_op_test_low1_1
                             74 ; ---------------------------------
                             75 ;	Register assignment might be sub-optimal.
                             76 ; Stack space usage: 0 bytes.
   0000                      77 _nibble_op_test_low1_1:
                             78 ;cases/bitfields-nibbles/bitfields-nibbles_operation_3_pattern_1_varType_4.c:297: TEST(low, 0xFF);
                             79 ;	genAssign
                             80 ;	genMove_o size 1 result type 11 source type 1 a_dead 1 hl_dead 1 de_dead 1 iy_dead 1 f_dead 1
   0000 21r00s00      [10]   81 	ld	hl, #_success
   0003 36 01         [10]   82 	ld	(hl), #0x01
                             83 ;	genAddrOf
   0005 01r00s00      [10]   84 	ld	bc, #_nibble_op_test_low1_1_volatileBits_10000_13+0
                             85 ;	genPointerSet
   0008 0A            [ 7]   86 	ld	a, (bc)
   0009 E6 F0         [ 7]   87 	and	a, #0xf0
   000B 02            [ 7]   88 	ld	(bc), a
                             89 ;	genAddrOf
   000C 01r00s00      [10]   90 	ld	bc, #_nibble_op_test_low1_1_volatileBits_10000_13+0
                             91 ;	genPointerSet
   000F 0A            [ 7]   92 	ld	a, (bc)
   0010 F6 F0         [ 7]   93 	or	a, #0xf0
   0012 02            [ 7]   94 	ld	(bc), a
                             95 ;	skipping iCode since result will be rematerialized
                             96 ;	genPointerGet
   0013 3Ar00s00      [13]   97 	ld	a, (#_nibble_op_test_low1_1_volatileBits_10000_13 + 0)
                             98 ;	genIfx
   0016 E6 0F         [ 7]   99 	and	a, #0x0f
                            100 ; common peephole 100 removed redundant or after and.
                            101 ; common peephole 163 changed absolute to relative conditional jump.
   0018 20 0D         [12]  102 	jr	nz, 00101$
                            103 ;	skipping iCode since result will be rematerialized
                            104 ;	genPointerGet
   001A 3Ar00s00      [13]  105 	ld	a, (#_nibble_op_test_low1_1_volatileBits_10000_13 + 0)
   001D 07            [ 4]  106 	rlca
   001E 07            [ 4]  107 	rlca
   001F 07            [ 4]  108 	rlca
   0020 07            [ 4]  109 	rlca
   0021 E6 0F         [ 7]  110 	and	a, #0x0f
                            111 ;	genCmpEq
   0023 FE 0F         [ 7]  112 	cp	a, #0x0f
                            113 ; common peephole 163 changed absolute to relative conditional jump.
   0025 28 04         [12]  114 	jr	z, 00102$
                            115 ; common peephole 81 removed jp by using inverse jump logic
                            116 ; common peephole 159 removed unused label 00211$.
                            117 ;	skipping generated iCode
                            118 ;	genLabel
   0027                     119 00101$:
                            120 ;	genAssign
                            121 ;	genMove_o size 1 result type 11 source type 1 a_dead 1 hl_dead 1 de_dead 1 iy_dead 1 f_dead 1
   0027 AF            [ 4]  122 	xor	a, a
   0028 32r00s00      [13]  123 	ld	(#_success), a
                            124 ; common peephole 19 loaded (#_success) from a directly instead of using hl.
                            125 ;	genLabel
   002B                     126 00102$:
                            127 ;	skipping iCode since result will be rematerialized
                            128 ;	skipping iCode since result will be rematerialized
                            129 ;	genPointerGet
   002B 3Ar00s00      [13]  130 	ld	a, (#_nibble_op_test_low1_1_volatileBits_10000_13 + 0)
   002E E6 0F         [ 7]  131 	and	a, #0x0f
                            132 ;	genXor
   0030 EE 0F         [ 7]  133 	xor	a, #0x0f
                            134 ;	genMove_o size 1 result type 2 source type 2 a_dead 1 hl_dead 1 de_dead 1 iy_dead 1 f_dead 1
   0032 4F            [ 4]  135 	ld	c, a
                            136 ;	genMove_o size 0 result type 2 source type 1 a_dead 1 hl_dead 1 de_dead 1 iy_dead 1 f_dead 1
                            137 ;	genPointerSet
                            138 ;	genMove_o size 2 result type 2 source type 7 a_dead 1 hl_dead 1 de_dead 1 iy_dead 1 f_dead 1
   0033 21r00s00      [10]  139 	ld	hl, #_nibble_op_test_low1_1_volatileBits_10000_13
   0036 ED 67         [18]  140 	rrd
   0038 79            [ 4]  141 	ld	a, c
   0039 ED 6F         [18]  142 	rld
                            143 ;	skipping iCode since result will be rematerialized
                            144 ;	genPointerGet
   003B 3Ar00s00      [13]  145 	ld	a, (#_nibble_op_test_low1_1_volatileBits_10000_13 + 0)
   003E E6 0F         [ 7]  146 	and	a, #0x0f
                            147 ;	genCast
                            148 ;	(locations are the same)
                            149 ;	genCmpEq
   0040 FE 0F         [ 7]  150 	cp	a, #0x0f
                            151 ; common peephole 81 removed jp by using inverse jump logic
                            152 ; common peephole 159 removed unused label 00212$.
                            153 ; common peephole 163 changed absolute to relative conditional jump.
   0042 20 0D         [12]  154 	jr	nz, 00104$
                            155 ; common peephole 82 removed jp by using inverse jump logic
                            156 ; common peephole 159 removed unused label 00213$.
                            157 ;	skipping generated iCode
                            158 ;	skipping iCode since result will be rematerialized
                            159 ;	genPointerGet
   0044 3Ar00s00      [13]  160 	ld	a, (#_nibble_op_test_low1_1_volatileBits_10000_13 + 0)
   0047 07            [ 4]  161 	rlca
   0048 07            [ 4]  162 	rlca
   0049 07            [ 4]  163 	rlca
   004A 07            [ 4]  164 	rlca
   004B E6 0F         [ 7]  165 	and	a, #0x0f
                            166 ;	genCmpEq
   004D FE 0F         [ 7]  167 	cp	a, #0x0f
                            168 ; common peephole 163 changed absolute to relative conditional jump.
   004F 28 04         [12]  169 	jr	z, 00105$
                            170 ; common peephole 81 removed jp by using inverse jump logic
                            171 ; common peephole 159 removed unused label 00214$.
                            172 ;	skipping generated iCode
                            173 ;	genLabel
   0051                     174 00104$:
                            175 ;	genAssign
                            176 ;	genMove_o size 1 result type 11 source type 1 a_dead 1 hl_dead 1 de_dead 1 iy_dead 1 f_dead 1
   0051 AF            [ 4]  177 	xor	a, a
   0052 32r00s00      [13]  178 	ld	(#_success), a
                            179 ; common peephole 19 loaded (#_success) from a directly instead of using hl.
                            180 ;	genLabel
   0055                     181 00105$:
                            182 ;	genAddrOf
   0055 01r00s00      [10]  183 	ld	bc, #_nibble_op_test_low1_1_volatileBits_10000_13+0
                            184 ;	genPointerSet
   0058 0A            [ 7]  185 	ld	a, (bc)
   0059 F6 0F         [ 7]  186 	or	a, #0x0f
   005B 02            [ 7]  187 	ld	(bc), a
                            188 ;	skipping iCode since result will be rematerialized
                            189 ;	genPointerGet
   005C 3Ar00s00      [13]  190 	ld	a, (#_nibble_op_test_low1_1_volatileBits_10000_13 + 0)
   005F E6 0F         [ 7]  191 	and	a, #0x0f
                            192 ;	genCmpEq
   0061 FE 0F         [ 7]  193 	cp	a, #0x0f
                            194 ; common peephole 81 removed jp by using inverse jump logic
                            195 ; common peephole 159 removed unused label 00215$.
                            196 ; common peephole 163 changed absolute to relative conditional jump.
   0063 20 0D         [12]  197 	jr	nz, 00107$
                            198 ; common peephole 82 removed jp by using inverse jump logic
                            199 ; common peephole 159 removed unused label 00216$.
                            200 ;	skipping generated iCode
                            201 ;	skipping iCode since result will be rematerialized
                            202 ;	genPointerGet
   0065 3Ar00s00      [13]  203 	ld	a, (#_nibble_op_test_low1_1_volatileBits_10000_13 + 0)
   0068 07            [ 4]  204 	rlca
   0069 07            [ 4]  205 	rlca
   006A 07            [ 4]  206 	rlca
   006B 07            [ 4]  207 	rlca
   006C E6 0F         [ 7]  208 	and	a, #0x0f
                            209 ;	genCmpEq
   006E FE 0F         [ 7]  210 	cp	a, #0x0f
                            211 ; common peephole 163 changed absolute to relative conditional jump.
   0070 28 04         [12]  212 	jr	z, 00108$
                            213 ; common peephole 81 removed jp by using inverse jump logic
                            214 ; common peephole 159 removed unused label 00217$.
                            215 ;	skipping generated iCode
                            216 ;	genLabel
   0072                     217 00107$:
                            218 ;	genAssign
                            219 ;	genMove_o size 1 result type 11 source type 1 a_dead 1 hl_dead 1 de_dead 1 iy_dead 1 f_dead 1
   0072 AF            [ 4]  220 	xor	a, a
   0073 32r00s00      [13]  221 	ld	(#_success), a
                            222 ; common peephole 19 loaded (#_success) from a directly instead of using hl.
                            223 ;	genLabel
   0076                     224 00108$:
                            225 ;	skipping iCode since result will be rematerialized
                            226 ;	skipping iCode since result will be rematerialized
                            227 ;	genPointerGet
   0076 3Ar00s00      [13]  228 	ld	a, (#_nibble_op_test_low1_1_volatileBits_10000_13 + 0)
   0079 E6 0F         [ 7]  229 	and	a, #0x0f
                            230 ;	genXor
   007B EE 0F         [ 7]  231 	xor	a, #0x0f
                            232 ;	genMove_o size 1 result type 2 source type 2 a_dead 1 hl_dead 1 de_dead 1 iy_dead 1 f_dead 1
   007D 4F            [ 4]  233 	ld	c, a
                            234 ;	genMove_o size 0 result type 2 source type 1 a_dead 1 hl_dead 1 de_dead 1 iy_dead 1 f_dead 1
                            235 ;	genPointerSet
                            236 ;	genMove_o size 2 result type 2 source type 7 a_dead 1 hl_dead 1 de_dead 1 iy_dead 1 f_dead 1
   007E 21r00s00      [10]  237 	ld	hl, #_nibble_op_test_low1_1_volatileBits_10000_13
   0081 ED 67         [18]  238 	rrd
   0083 79            [ 4]  239 	ld	a, c
   0084 ED 6F         [18]  240 	rld
                            241 ;	skipping iCode since result will be rematerialized
                            242 ;	genPointerGet
   0086 3Ar00s00      [13]  243 	ld	a, (#_nibble_op_test_low1_1_volatileBits_10000_13 + 0)
                            244 ;	genIfx
   0089 E6 0F         [ 7]  245 	and	a, #0x0f
                            246 ; common peephole 100 removed redundant or after and.
                            247 ; common peephole 163 changed absolute to relative conditional jump.
   008B 20 0D         [12]  248 	jr	nz, 00110$
                            249 ;	skipping iCode since result will be rematerialized
                            250 ;	genPointerGet
   008D 3Ar00s00      [13]  251 	ld	a, (#_nibble_op_test_low1_1_volatileBits_10000_13 + 0)
   0090 07            [ 4]  252 	rlca
   0091 07            [ 4]  253 	rlca
   0092 07            [ 4]  254 	rlca
   0093 07            [ 4]  255 	rlca
   0094 E6 0F         [ 7]  256 	and	a, #0x0f
                            257 ;	genCmpEq
   0096 FE 0F         [ 7]  258 	cp	a, #0x0f
                            259 ; common peephole 163 changed absolute to relative conditional jump.
   0098 28 04         [12]  260 	jr	z, 00111$
                            261 ; common peephole 81 removed jp by using inverse jump logic
                            262 ; common peephole 159 removed unused label 00218$.
                            263 ;	skipping generated iCode
                            264 ;	genLabel
   009A                     265 00110$:
                            266 ;	genAssign
                            267 ;	genMove_o size 1 result type 11 source type 1 a_dead 1 hl_dead 1 de_dead 1 iy_dead 1 f_dead 1
   009A AF            [ 4]  268 	xor	a, a
   009B 32r00s00      [13]  269 	ld	(#_success), a
                            270 ; common peephole 19 loaded (#_success) from a directly instead of using hl.
                            271 ;	genLabel
   009E                     272 00111$:
                            273 ;	genPlus
                            274 ;	genMove_o size 2 result type 2 source type 10 a_dead 1 hl_dead 1 de_dead 1 iy_dead 1 f_dead 1
   009E 2Ar00s00      [16]  275 	ld	hl, (___numTests)
   00A1 23            [ 6]  276 	inc	hl
                            277 ;	genMove_o size 2 result type 10 source type 2 a_dead 1 hl_dead 1 de_dead 1 iy_dead 1 f_dead 1
   00A2 22r00s00      [16]  278 	ld	(___numTests), hl
                            279 ;	genIfx
                            280 ; common peephole 61 used hl instead of iy.
                            281 ; common peephole 130a removed unnecessary +0 from constant
   00A5 21r00s00      [10]  282 	ld	hl, #_success
   00A8 CB 46         [12]  283 	bit	0, (hl)
                            284 ; common peephole 163 changed absolute to relative conditional jump.
   00AA 20 11         [12]  285 	jr	nz, 00128$
                            286 ;	skipping iCode since result will be rematerialized
                            287 ;	skipping iCode since result will be rematerialized
                            288 ;	skipping iCode since result will be rematerialized
                            289 ;	skipping iCode since result will be rematerialized
                            290 ;	skipping iCode since result will be rematerialized
                            291 ;	skipping iCode since result will be rematerialized
                            292 ;	genIpush
                            293 ;	genMove_o size 2 result type 2 source type 1 a_dead 1 hl_dead 1 de_dead 1 iy_dead 1 f_dead 1
   00AC 21 29 01      [10]  294 	ld	hl, #0x0129
   00AF E5            [11]  295 	push	hl
                            296 ;	genIpush
                            297 ;	genMove_o size 2 result type 2 source type 7 a_dead 1 hl_dead 1 de_dead 1 iy_dead 1 f_dead 1
   00B0 21r8Fs01      [10]  298 	ld	hl, #___str_2
   00B3 E5            [11]  299 	push	hl
                            300 ;	genSend
                            301 ;	genMove_o size 2 result type 2 source type 7 a_dead 1 hl_dead 1 de_dead 1 iy_dead 1 f_dead 1
   00B4 11r87s01      [10]  302 	ld	de, #___str_1
                            303 ;	genSend
                            304 ;	genMove_o size 2 result type 2 source type 7 a_dead 1 hl_dead 1 de_dead 0 iy_dead 1 f_dead 1
   00B7 21r76s01      [10]  305 	ld	hl, #___str_0
                            306 ;	genCall
   00BA CDr00s00      [17]  307 	call	___fail
                            308 ;	genLabel
   00BD                     309 00128$:
                            310 ;cases/bitfields-nibbles/bitfields-nibbles_operation_3_pattern_1_varType_4.c:298: TEST(low, 0x00);
                            311 ;	genAssign
                            312 ;	genMove_o size 1 result type 11 source type 1 a_dead 1 hl_dead 1 de_dead 1 iy_dead 1 f_dead 1
   00BD 21r00s00      [10]  313 	ld	hl, #_success
   00C0 36 01         [10]  314 	ld	(hl), #0x01
                            315 ;	genAddrOf
   00C2 01r00s00      [10]  316 	ld	bc, #_nibble_op_test_low1_1_volatileBits_10000_13+0
                            317 ;	genPointerSet
   00C5 0A            [ 7]  318 	ld	a, (bc)
   00C6 E6 F0         [ 7]  319 	and	a, #0xf0
   00C8 02            [ 7]  320 	ld	(bc), a
                            321 ;	genAddrOf
   00C9 01r00s00      [10]  322 	ld	bc, #_nibble_op_test_low1_1_volatileBits_10000_13+0
                            323 ;	genPointerSet
   00CC 0A            [ 7]  324 	ld	a, (bc)
   00CD F6 F0         [ 7]  325 	or	a, #0xf0
   00CF 02            [ 7]  326 	ld	(bc), a
                            327 ;	skipping iCode since result will be rematerialized
                            328 ;	genPointerGet
   00D0 3Ar00s00      [13]  329 	ld	a, (#_nibble_op_test_low1_1_volatileBits_10000_13 + 0)
                            330 ;	genIfx
   00D3 E6 0F         [ 7]  331 	and	a, #0x0f
                            332 ; common peephole 100 removed redundant or after and.
                            333 ; common peephole 163 changed absolute to relative conditional jump.
   00D5 20 0D         [12]  334 	jr	nz, 00113$
                            335 ;	skipping iCode since result will be rematerialized
                            336 ;	genPointerGet
   00D7 3Ar00s00      [13]  337 	ld	a, (#_nibble_op_test_low1_1_volatileBits_10000_13 + 0)
   00DA 07            [ 4]  338 	rlca
   00DB 07            [ 4]  339 	rlca
   00DC 07            [ 4]  340 	rlca
   00DD 07            [ 4]  341 	rlca
   00DE E6 0F         [ 7]  342 	and	a, #0x0f
                            343 ;	genCmpEq
   00E0 FE 0F         [ 7]  344 	cp	a, #0x0f
                            345 ; common peephole 163 changed absolute to relative conditional jump.
   00E2 28 04         [12]  346 	jr	z, 00114$
                            347 ; common peephole 81 removed jp by using inverse jump logic
                            348 ; common peephole 159 removed unused label 00219$.
                            349 ;	skipping generated iCode
                            350 ;	genLabel
   00E4                     351 00113$:
                            352 ;	genAssign
                            353 ;	genMove_o size 1 result type 11 source type 1 a_dead 1 hl_dead 1 de_dead 1 iy_dead 1 f_dead 1
   00E4 AF            [ 4]  354 	xor	a, a
   00E5 32r00s00      [13]  355 	ld	(#_success), a
                            356 ; common peephole 19 loaded (#_success) from a directly instead of using hl.
                            357 ;	genLabel
   00E8                     358 00114$:
                            359 ;	skipping iCode since result will be rematerialized
                            360 ;	genAddrOf
                            361 ;	genPointerGet
                            362 ;fetchPairLong
   00E8 3Ar00s00      [13]  363 	ld	a, (#_nibble_op_test_low1_1_volatileBits_10000_13+0)
                            364 ; common peephole 17 loaded a from (#_nibble_op_test_low1_1_volatileBits_10000_13+0) directly instead of using hl.
   00EB E6 0F         [ 7]  365 	and	a, #0x0f
   00ED 4F            [ 4]  366 	ld	c, a
                            367 ;	genPointerSet
                            368 ;	genMove_o size 2 result type 2 source type 7 a_dead 1 hl_dead 1 de_dead 1 iy_dead 1 f_dead 1
   00EE 21r00s00      [10]  369 	ld	hl, #_nibble_op_test_low1_1_volatileBits_10000_13
   00F1 ED 67         [18]  370 	rrd
   00F3 79            [ 4]  371 	ld	a, c
   00F4 ED 6F         [18]  372 	rld
                            373 ;	skipping iCode since result will be rematerialized
                            374 ;	genPointerGet
   00F6 3Ar00s00      [13]  375 	ld	a, (#_nibble_op_test_low1_1_volatileBits_10000_13 + 0)
                            376 ;	genIfx
   00F9 E6 0F         [ 7]  377 	and	a, #0x0f
                            378 ; common peephole 100 removed redundant or after and.
                            379 ; common peephole 163 changed absolute to relative conditional jump.
   00FB 20 0D         [12]  380 	jr	nz, 00116$
                            381 ;	skipping iCode since result will be rematerialized
                            382 ;	genPointerGet
   00FD 3Ar00s00      [13]  383 	ld	a, (#_nibble_op_test_low1_1_volatileBits_10000_13 + 0)
   0100 07            [ 4]  384 	rlca
   0101 07            [ 4]  385 	rlca
   0102 07            [ 4]  386 	rlca
   0103 07            [ 4]  387 	rlca
   0104 E6 0F         [ 7]  388 	and	a, #0x0f
                            389 ;	genCmpEq
   0106 FE 0F         [ 7]  390 	cp	a, #0x0f
                            391 ; common peephole 163 changed absolute to relative conditional jump.
   0108 28 04         [12]  392 	jr	z, 00117$
                            393 ; common peephole 81 removed jp by using inverse jump logic
                            394 ; common peephole 159 removed unused label 00220$.
                            395 ;	skipping generated iCode
                            396 ;	genLabel
   010A                     397 00116$:
                            398 ;	genAssign
                            399 ;	genMove_o size 1 result type 11 source type 1 a_dead 1 hl_dead 1 de_dead 1 iy_dead 1 f_dead 1
   010A AF            [ 4]  400 	xor	a, a
   010B 32r00s00      [13]  401 	ld	(#_success), a
                            402 ; common peephole 19 loaded (#_success) from a directly instead of using hl.
                            403 ;	genLabel
   010E                     404 00117$:
                            405 ;	genAddrOf
   010E 01r00s00      [10]  406 	ld	bc, #_nibble_op_test_low1_1_volatileBits_10000_13+0
                            407 ;	genPointerSet
   0111 0A            [ 7]  408 	ld	a, (bc)
   0112 F6 0F         [ 7]  409 	or	a, #0x0f
   0114 02            [ 7]  410 	ld	(bc), a
                            411 ;	skipping iCode since result will be rematerialized
                            412 ;	genPointerGet
   0115 3Ar00s00      [13]  413 	ld	a, (#_nibble_op_test_low1_1_volatileBits_10000_13 + 0)
   0118 E6 0F         [ 7]  414 	and	a, #0x0f
                            415 ;	genCmpEq
   011A FE 0F         [ 7]  416 	cp	a, #0x0f
                            417 ; common peephole 81 removed jp by using inverse jump logic
                            418 ; common peephole 159 removed unused label 00221$.
                            419 ; common peephole 163 changed absolute to relative conditional jump.
   011C 20 0D         [12]  420 	jr	nz, 00119$
                            421 ; common peephole 82 removed jp by using inverse jump logic
                            422 ; common peephole 159 removed unused label 00222$.
                            423 ;	skipping generated iCode
                            424 ;	skipping iCode since result will be rematerialized
                            425 ;	genPointerGet
   011E 3Ar00s00      [13]  426 	ld	a, (#_nibble_op_test_low1_1_volatileBits_10000_13 + 0)
   0121 07            [ 4]  427 	rlca
   0122 07            [ 4]  428 	rlca
   0123 07            [ 4]  429 	rlca
   0124 07            [ 4]  430 	rlca
   0125 E6 0F         [ 7]  431 	and	a, #0x0f
                            432 ;	genCmpEq
   0127 FE 0F         [ 7]  433 	cp	a, #0x0f
                            434 ; common peephole 163 changed absolute to relative conditional jump.
   0129 28 04         [12]  435 	jr	z, 00120$
                            436 ; common peephole 81 removed jp by using inverse jump logic
                            437 ; common peephole 159 removed unused label 00223$.
                            438 ;	skipping generated iCode
                            439 ;	genLabel
   012B                     440 00119$:
                            441 ;	genAssign
                            442 ;	genMove_o size 1 result type 11 source type 1 a_dead 1 hl_dead 1 de_dead 1 iy_dead 1 f_dead 1
   012B AF            [ 4]  443 	xor	a, a
   012C 32r00s00      [13]  444 	ld	(#_success), a
                            445 ; common peephole 19 loaded (#_success) from a directly instead of using hl.
                            446 ;	genLabel
   012F                     447 00120$:
                            448 ;	skipping iCode since result will be rematerialized
                            449 ;	genAddrOf
                            450 ;	genPointerGet
                            451 ;fetchPairLong
   012F 3Ar00s00      [13]  452 	ld	a, (#_nibble_op_test_low1_1_volatileBits_10000_13+0)
                            453 ; common peephole 17 loaded a from (#_nibble_op_test_low1_1_volatileBits_10000_13+0) directly instead of using hl.
   0132 E6 0F         [ 7]  454 	and	a, #0x0f
   0134 4F            [ 4]  455 	ld	c, a
                            456 ;	genPointerSet
                            457 ;	genMove_o size 2 result type 2 source type 7 a_dead 1 hl_dead 1 de_dead 1 iy_dead 1 f_dead 1
   0135 21r00s00      [10]  458 	ld	hl, #_nibble_op_test_low1_1_volatileBits_10000_13
   0138 ED 67         [18]  459 	rrd
   013A 79            [ 4]  460 	ld	a, c
   013B ED 6F         [18]  461 	rld
                            462 ;	skipping iCode since result will be rematerialized
                            463 ;	genPointerGet
   013D 3Ar00s00      [13]  464 	ld	a, (#_nibble_op_test_low1_1_volatileBits_10000_13 + 0)
   0140 E6 0F         [ 7]  465 	and	a, #0x0f
                            466 ;	genCast
                            467 ;	(locations are the same)
                            468 ;	genCmpEq
   0142 FE 0F         [ 7]  469 	cp	a, #0x0f
                            470 ; common peephole 81 removed jp by using inverse jump logic
                            471 ; common peephole 159 removed unused label 00224$.
                            472 ; common peephole 163 changed absolute to relative conditional jump.
   0144 20 0D         [12]  473 	jr	nz, 00122$
                            474 ; common peephole 82 removed jp by using inverse jump logic
                            475 ; common peephole 159 removed unused label 00225$.
                            476 ;	skipping generated iCode
                            477 ;	skipping iCode since result will be rematerialized
                            478 ;	genPointerGet
   0146 3Ar00s00      [13]  479 	ld	a, (#_nibble_op_test_low1_1_volatileBits_10000_13 + 0)
   0149 07            [ 4]  480 	rlca
   014A 07            [ 4]  481 	rlca
   014B 07            [ 4]  482 	rlca
   014C 07            [ 4]  483 	rlca
   014D E6 0F         [ 7]  484 	and	a, #0x0f
                            485 ;	genCmpEq
   014F FE 0F         [ 7]  486 	cp	a, #0x0f
                            487 ; common peephole 163 changed absolute to relative conditional jump.
   0151 28 04         [12]  488 	jr	z, 00123$
                            489 ; common peephole 81 removed jp by using inverse jump logic
                            490 ; common peephole 159 removed unused label 00226$.
                            491 ;	skipping generated iCode
                            492 ;	genLabel
   0153                     493 00122$:
                            494 ;	genAssign
                            495 ;	genMove_o size 1 result type 11 source type 1 a_dead 1 hl_dead 1 de_dead 1 iy_dead 1 f_dead 1
   0153 AF            [ 4]  496 	xor	a, a
   0154 32r00s00      [13]  497 	ld	(#_success), a
                            498 ; common peephole 19 loaded (#_success) from a directly instead of using hl.
                            499 ;	genLabel
   0157                     500 00123$:
                            501 ;	genPlus
                            502 ;	genMove_o size 2 result type 2 source type 10 a_dead 1 hl_dead 1 de_dead 1 iy_dead 1 f_dead 1
   0157 2Ar00s00      [16]  503 	ld	hl, (___numTests)
   015A 23            [ 6]  504 	inc	hl
                            505 ;	genMove_o size 2 result type 10 source type 2 a_dead 1 hl_dead 1 de_dead 1 iy_dead 1 f_dead 1
   015B 22r00s00      [16]  506 	ld	(___numTests), hl
                            507 ;	genIfx
                            508 ; common peephole 61 used hl instead of iy.
                            509 ; common peephole 130a removed unnecessary +0 from constant
   015E 21r00s00      [10]  510 	ld	hl, #_success
   0161 CB 46         [12]  511 	bit	0, (hl)
   0163 C0            [11]  512 	ret	nz
                            513 ; common peephole 161 replaced jump by return.
                            514 ;	skipping iCode since result will be rematerialized
                            515 ;	skipping iCode since result will be rematerialized
                            516 ;	skipping iCode since result will be rematerialized
                            517 ;	skipping iCode since result will be rematerialized
                            518 ;	skipping iCode since result will be rematerialized
                            519 ;	skipping iCode since result will be rematerialized
                            520 ;	genIpush
                            521 ;	genMove_o size 2 result type 2 source type 1 a_dead 1 hl_dead 1 de_dead 1 iy_dead 1 f_dead 1
   0164 21 2A 01      [10]  522 	ld	hl, #0x012a
   0167 E5            [11]  523 	push	hl
                            524 ;	genIpush
                            525 ;	genMove_o size 2 result type 2 source type 7 a_dead 1 hl_dead 1 de_dead 1 iy_dead 1 f_dead 1
   0168 21r8Fs01      [10]  526 	ld	hl, #___str_2
   016B E5            [11]  527 	push	hl
                            528 ;	genSend
                            529 ;	genMove_o size 2 result type 2 source type 7 a_dead 1 hl_dead 1 de_dead 1 iy_dead 1 f_dead 1
   016C 11r87s01      [10]  530 	ld	de, #___str_1
                            531 ;	genSend
                            532 ;	genMove_o size 2 result type 2 source type 7 a_dead 1 hl_dead 1 de_dead 0 iy_dead 1 f_dead 1
   016F 21r76s01      [10]  533 	ld	hl, #___str_0
                            534 ;	genCall
   0172 CDr00s00      [17]  535 	call	___fail
                            536 ;	genLabel
                            537 ; common peephole 159 removed unused label 00125$.
                            538 ;cases/bitfields-nibbles/bitfields-nibbles_operation_3_pattern_1_varType_4.c:299: }
                            539 ;	genEndFunction
   0175 C9            [10]  540 	ret
                            541 ;	Total nibble_op_test_low1_1 function size at codegen: 13 bytes.
   0176                     542 ___str_0:
   0176 41 73 73 65 72 74   543 	.ascii "Assertion failed"
        69 6F 6E 20 66 61
        69 6C 65 64
   0186 00                  544 	.db 0x00
   0187                     545 ___str_1:
   0187 73 75 63 63 65 73   546 	.ascii "success"
        73
   018E 00                  547 	.db 0x00
   018F                     548 ___str_2:
   018F 63 61 73 65 73 2F   549 	.ascii "cases/bitfields-nibbles/bitfields-nibbles_operation_3_patter"
        62 69 74 66 69 65
        6C 64 73 2D 6E 69
        62 62 6C 65 73 2F
        62 69 74 66 69 65
        6C 64 73 2D 6E 69
        62 62 6C 65 73 5F
        6F 70 65 72 61 74
        69 6F 6E 5F 33 5F
        70 61 74 74 65 72
   01CB 6E 5F 31 5F 76 61   550 	.ascii "n_1_varType_4.c"
        72 54 79 70 65 5F
        34 2E 63
   01DA 00                  551 	.db 0x00
                            552 ;cases/bitfields-nibbles/bitfields-nibbles_operation_3_pattern_1_varType_4.c:301: nibble_op_test_low1_2(void)
                            553 ;	genLabel
                            554 ;	genFunction
                            555 ;	---------------------------------
                            556 ; Function nibble_op_test_low1_2
                            557 ; ---------------------------------
                            558 ;	Register assignment might be sub-optimal.
                            559 ; Stack space usage: 0 bytes.
   01DB                     560 _nibble_op_test_low1_2:
                            561 ;cases/bitfields-nibbles/bitfields-nibbles_operation_3_pattern_1_varType_4.c:304: TEST(low, 0x0F);
                            562 ;	genAssign
                            563 ;	genMove_o size 1 result type 11 source type 1 a_dead 1 hl_dead 1 de_dead 1 iy_dead 1 f_dead 1
   01DB 21r00s00      [10]  564 	ld	hl, #_success
   01DE 36 01         [10]  565 	ld	(hl), #0x01
                            566 ;	genAddrOf
   01E0 01r01s00      [10]  567 	ld	bc, #_nibble_op_test_low1_2_volatileBits_10000_23+0
                            568 ;	genPointerSet
   01E3 0A            [ 7]  569 	ld	a, (bc)
   01E4 E6 F0         [ 7]  570 	and	a, #0xf0
   01E6 02            [ 7]  571 	ld	(bc), a
                            572 ;	genAddrOf
   01E7 01r01s00      [10]  573 	ld	bc, #_nibble_op_test_low1_2_volatileBits_10000_23+0
                            574 ;	genPointerSet
   01EA 0A            [ 7]  575 	ld	a, (bc)
   01EB F6 F0         [ 7]  576 	or	a, #0xf0
   01ED 02            [ 7]  577 	ld	(bc), a
                            578 ;	skipping iCode since result will be rematerialized
                            579 ;	genPointerGet
   01EE 3Ar01s00      [13]  580 	ld	a, (#_nibble_op_test_low1_2_volatileBits_10000_23 + 0)
                            581 ;	genIfx
   01F1 E6 0F         [ 7]  582 	and	a, #0x0f
                            583 ; common peephole 100 removed redundant or after and.
                            584 ; common peephole 163 changed absolute to relative conditional jump.
   01F3 20 0D         [12]  585 	jr	nz, 00101$
                            586 ;	skipping iCode since result will be rematerialized
                            587 ;	genPointerGet
   01F5 3Ar01s00      [13]  588 	ld	a, (#_nibble_op_test_low1_2_volatileBits_10000_23 + 0)
   01F8 07            [ 4]  589 	rlca
   01F9 07            [ 4]  590 	rlca
   01FA 07            [ 4]  591 	rlca
   01FB 07            [ 4]  592 	rlca
   01FC E6 0F         [ 7]  593 	and	a, #0x0f
                            594 ;	genCmpEq
   01FE FE 0F         [ 7]  595 	cp	a, #0x0f
                            596 ; common peephole 163 changed absolute to relative conditional jump.
   0200 28 04         [12]  597 	jr	z, 00102$
                            598 ; common peephole 81 removed jp by using inverse jump logic
                            599 ; common peephole 159 removed unused label 00211$.
                            600 ;	skipping generated iCode
                            601 ;	genLabel
   0202                     602 00101$:
                            603 ;	genAssign
                            604 ;	genMove_o size 1 result type 11 source type 1 a_dead 1 hl_dead 1 de_dead 1 iy_dead 1 f_dead 1
   0202 AF            [ 4]  605 	xor	a, a
   0203 32r00s00      [13]  606 	ld	(#_success), a
                            607 ; common peephole 19 loaded (#_success) from a directly instead of using hl.
                            608 ;	genLabel
   0206                     609 00102$:
                            610 ;	skipping iCode since result will be rematerialized
                            611 ;	skipping iCode since result will be rematerialized
                            612 ;	genPointerGet
   0206 3Ar01s00      [13]  613 	ld	a, (#_nibble_op_test_low1_2_volatileBits_10000_23 + 0)
   0209 E6 0F         [ 7]  614 	and	a, #0x0f
                            615 ;	genXor
   020B EE 0F         [ 7]  616 	xor	a, #0x0f
                            617 ;	genMove_o size 1 result type 2 source type 2 a_dead 1 hl_dead 1 de_dead 1 iy_dead 1 f_dead 1
   020D 4F            [ 4]  618 	ld	c, a
                            619 ;	genMove_o size 0 result type 2 source type 1 a_dead 1 hl_dead 1 de_dead 1 iy_dead 1 f_dead 1
                            620 ;	genPointerSet
                            621 ;	genMove_o size 2 result type 2 source type 7 a_dead 1 hl_dead 1 de_dead 1 iy_dead 1 f_dead 1
   020E 21r01s00      [10]  622 	ld	hl, #_nibble_op_test_low1_2_volatileBits_10000_23
   0211 ED 67         [18]  623 	rrd
   0213 79            [ 4]  624 	ld	a, c
   0214 ED 6F         [18]  625 	rld
                            626 ;	skipping iCode since result will be rematerialized
                            627 ;	genPointerGet
   0216 3Ar01s00      [13]  628 	ld	a, (#_nibble_op_test_low1_2_volatileBits_10000_23 + 0)
   0219 E6 0F         [ 7]  629 	and	a, #0x0f
                            630 ;	genCast
                            631 ;	(locations are the same)
                            632 ;	genCmpEq
   021B FE 0F         [ 7]  633 	cp	a, #0x0f
                            634 ; common peephole 81 removed jp by using inverse jump logic
                            635 ; common peephole 159 removed unused label 00212$.
                            636 ; common peephole 163 changed absolute to relative conditional jump.
   021D 20 0D         [12]  637 	jr	nz, 00104$
                            638 ; common peephole 82 removed jp by using inverse jump logic
                            639 ; common peephole 159 removed unused label 00213$.
                            640 ;	skipping generated iCode
                            641 ;	skipping iCode since result will be rematerialized
                            642 ;	genPointerGet
   021F 3Ar01s00      [13]  643 	ld	a, (#_nibble_op_test_low1_2_volatileBits_10000_23 + 0)
   0222 07            [ 4]  644 	rlca
   0223 07            [ 4]  645 	rlca
   0224 07            [ 4]  646 	rlca
   0225 07            [ 4]  647 	rlca
   0226 E6 0F         [ 7]  648 	and	a, #0x0f
                            649 ;	genCmpEq
   0228 FE 0F         [ 7]  650 	cp	a, #0x0f
                            651 ; common peephole 163 changed absolute to relative conditional jump.
   022A 28 04         [12]  652 	jr	z, 00105$
                            653 ; common peephole 81 removed jp by using inverse jump logic
                            654 ; common peephole 159 removed unused label 00214$.
                            655 ;	skipping generated iCode
                            656 ;	genLabel
   022C                     657 00104$:
                            658 ;	genAssign
                            659 ;	genMove_o size 1 result type 11 source type 1 a_dead 1 hl_dead 1 de_dead 1 iy_dead 1 f_dead 1
   022C AF            [ 4]  660 	xor	a, a
   022D 32r00s00      [13]  661 	ld	(#_success), a
                            662 ; common peephole 19 loaded (#_success) from a directly instead of using hl.
                            663 ;	genLabel
   0230                     664 00105$:
                            665 ;	genAddrOf
   0230 01r01s00      [10]  666 	ld	bc, #_nibble_op_test_low1_2_volatileBits_10000_23+0
                            667 ;	genPointerSet
   0233 0A            [ 7]  668 	ld	a, (bc)
   0234 F6 0F         [ 7]  669 	or	a, #0x0f
   0236 02            [ 7]  670 	ld	(bc), a
                            671 ;	skipping iCode since result will be rematerialized
                            672 ;	genPointerGet
   0237 3Ar01s00      [13]  673 	ld	a, (#_nibble_op_test_low1_2_volatileBits_10000_23 + 0)
   023A E6 0F         [ 7]  674 	and	a, #0x0f
                            675 ;	genCmpEq
   023C FE 0F         [ 7]  676 	cp	a, #0x0f
                            677 ; common peephole 81 removed jp by using inverse jump logic
                            678 ; common peephole 159 removed unused label 00215$.
                            679 ; common peephole 163 changed absolute to relative conditional jump.
   023E 20 0D         [12]  680 	jr	nz, 00107$
                            681 ; common peephole 82 removed jp by using inverse jump logic
                            682 ; common peephole 159 removed unused label 00216$.
                            683 ;	skipping generated iCode
                            684 ;	skipping iCode since result will be rematerialized
                            685 ;	genPointerGet
   0240 3Ar01s00      [13]  686 	ld	a, (#_nibble_op_test_low1_2_volatileBits_10000_23 + 0)
   0243 07            [ 4]  687 	rlca
   0244 07            [ 4]  688 	rlca
   0245 07            [ 4]  689 	rlca
   0246 07            [ 4]  690 	rlca
   0247 E6 0F         [ 7]  691 	and	a, #0x0f
                            692 ;	genCmpEq
   0249 FE 0F         [ 7]  693 	cp	a, #0x0f
                            694 ; common peephole 163 changed absolute to relative conditional jump.
   024B 28 04         [12]  695 	jr	z, 00108$
                            696 ; common peephole 81 removed jp by using inverse jump logic
                            697 ; common peephole 159 removed unused label 00217$.
                            698 ;	skipping generated iCode
                            699 ;	genLabel
   024D                     700 00107$:
                            701 ;	genAssign
                            702 ;	genMove_o size 1 result type 11 source type 1 a_dead 1 hl_dead 1 de_dead 1 iy_dead 1 f_dead 1
   024D AF            [ 4]  703 	xor	a, a
   024E 32r00s00      [13]  704 	ld	(#_success), a
                            705 ; common peephole 19 loaded (#_success) from a directly instead of using hl.
                            706 ;	genLabel
   0251                     707 00108$:
                            708 ;	skipping iCode since result will be rematerialized
                            709 ;	skipping iCode since result will be rematerialized
                            710 ;	genPointerGet
   0251 3Ar01s00      [13]  711 	ld	a, (#_nibble_op_test_low1_2_volatileBits_10000_23 + 0)
   0254 E6 0F         [ 7]  712 	and	a, #0x0f
                            713 ;	genXor
   0256 EE 0F         [ 7]  714 	xor	a, #0x0f
                            715 ;	genMove_o size 1 result type 2 source type 2 a_dead 1 hl_dead 1 de_dead 1 iy_dead 1 f_dead 1
   0258 4F            [ 4]  716 	ld	c, a
                            717 ;	genMove_o size 0 result type 2 source type 1 a_dead 1 hl_dead 1 de_dead 1 iy_dead 1 f_dead 1
                            718 ;	genPointerSet
                            719 ;	genMove_o size 2 result type 2 source type 7 a_dead 1 hl_dead 1 de_dead 1 iy_dead 1 f_dead 1
   0259 21r01s00      [10]  720 	ld	hl, #_nibble_op_test_low1_2_volatileBits_10000_23
   025C ED 67         [18]  721 	rrd
   025E 79            [ 4]  722 	ld	a, c
   025F ED 6F         [18]  723 	rld
                            724 ;	skipping iCode since result will be rematerialized
                            725 ;	genPointerGet
   0261 3Ar01s00      [13]  726 	ld	a, (#_nibble_op_test_low1_2_volatileBits_10000_23 + 0)
                            727 ;	genIfx
   0264 E6 0F         [ 7]  728 	and	a, #0x0f
                            729 ; common peephole 100 removed redundant or after and.
                            730 ; common peephole 163 changed absolute to relative conditional jump.
   0266 20 0D         [12]  731 	jr	nz, 00110$
                            732 ;	skipping iCode since result will be rematerialized
                            733 ;	genPointerGet
   0268 3Ar01s00      [13]  734 	ld	a, (#_nibble_op_test_low1_2_volatileBits_10000_23 + 0)
   026B 07            [ 4]  735 	rlca
   026C 07            [ 4]  736 	rlca
   026D 07            [ 4]  737 	rlca
   026E 07            [ 4]  738 	rlca
   026F E6 0F         [ 7]  739 	and	a, #0x0f
                            740 ;	genCmpEq
   0271 FE 0F         [ 7]  741 	cp	a, #0x0f
                            742 ; common peephole 163 changed absolute to relative conditional jump.
   0273 28 04         [12]  743 	jr	z, 00111$
                            744 ; common peephole 81 removed jp by using inverse jump logic
                            745 ; common peephole 159 removed unused label 00218$.
                            746 ;	skipping generated iCode
                            747 ;	genLabel
   0275                     748 00110$:
                            749 ;	genAssign
                            750 ;	genMove_o size 1 result type 11 source type 1 a_dead 1 hl_dead 1 de_dead 1 iy_dead 1 f_dead 1
   0275 AF            [ 4]  751 	xor	a, a
   0276 32r00s00      [13]  752 	ld	(#_success), a
                            753 ; common peephole 19 loaded (#_success) from a directly instead of using hl.
                            754 ;	genLabel
   0279                     755 00111$:
                            756 ;	genPlus
                            757 ;	genMove_o size 2 result type 2 source type 10 a_dead 1 hl_dead 1 de_dead 1 iy_dead 1 f_dead 1
   0279 2Ar00s00      [16]  758 	ld	hl, (___numTests)
   027C 23            [ 6]  759 	inc	hl
                            760 ;	genMove_o size 2 result type 10 source type 2 a_dead 1 hl_dead 1 de_dead 1 iy_dead 1 f_dead 1
   027D 22r00s00      [16]  761 	ld	(___numTests), hl
                            762 ;	genIfx
                            763 ; common peephole 61 used hl instead of iy.
                            764 ; common peephole 130a removed unnecessary +0 from constant
   0280 21r00s00      [10]  765 	ld	hl, #_success
   0283 CB 46         [12]  766 	bit	0, (hl)
                            767 ; common peephole 163 changed absolute to relative conditional jump.
   0285 20 11         [12]  768 	jr	nz, 00128$
                            769 ;	skipping iCode since result will be rematerialized
                            770 ;	skipping iCode since result will be rematerialized
                            771 ;	skipping iCode since result will be rematerialized
                            772 ;	skipping iCode since result will be rematerialized
                            773 ;	skipping iCode since result will be rematerialized
                            774 ;	skipping iCode since result will be rematerialized
                            775 ;	genIpush
                            776 ;	genMove_o size 2 result type 2 source type 1 a_dead 1 hl_dead 1 de_dead 1 iy_dead 1 f_dead 1
   0287 21 30 01      [10]  777 	ld	hl, #0x0130
   028A E5            [11]  778 	push	hl
                            779 ;	genIpush
                            780 ;	genMove_o size 2 result type 2 source type 7 a_dead 1 hl_dead 1 de_dead 1 iy_dead 1 f_dead 1
   028B 21r6As03      [10]  781 	ld	hl, #___str_5
   028E E5            [11]  782 	push	hl
                            783 ;	genSend
                            784 ;	genMove_o size 2 result type 2 source type 7 a_dead 1 hl_dead 1 de_dead 1 iy_dead 1 f_dead 1
   028F 11r62s03      [10]  785 	ld	de, #___str_4
                            786 ;	genSend
                            787 ;	genMove_o size 2 result type 2 source type 7 a_dead 1 hl_dead 1 de_dead 0 iy_dead 1 f_dead 1
   0292 21r51s03      [10]  788 	ld	hl, #___str_3
                            789 ;	genCall
   0295 CDr00s00      [17]  790 	call	___fail
                            791 ;	genLabel
   0298                     792 00128$:
                            793 ;cases/bitfields-nibbles/bitfields-nibbles_operation_3_pattern_1_varType_4.c:305: TEST(low, 0xF0);
                            794 ;	genAssign
                            795 ;	genMove_o size 1 result type 11 source type 1 a_dead 1 hl_dead 1 de_dead 1 iy_dead 1 f_dead 1
   0298 21r00s00      [10]  796 	ld	hl, #_success
   029B 36 01         [10]  797 	ld	(hl), #0x01
                            798 ;	genAddrOf
   029D 01r01s00      [10]  799 	ld	bc, #_nibble_op_test_low1_2_volatileBits_10000_23+0
                            800 ;	genPointerSet
   02A0 0A            [ 7]  801 	ld	a, (bc)
   02A1 E6 F0         [ 7]  802 	and	a, #0xf0
   02A3 02            [ 7]  803 	ld	(bc), a
                            804 ;	genAddrOf
   02A4 01r01s00      [10]  805 	ld	bc, #_nibble_op_test_low1_2_volatileBits_10000_23+0
                            806 ;	genPointerSet
   02A7 0A            [ 7]  807 	ld	a, (bc)
   02A8 F6 F0         [ 7]  808 	or	a, #0xf0
   02AA 02            [ 7]  809 	ld	(bc), a
                            810 ;	skipping iCode since result will be rematerialized
                            811 ;	genPointerGet
   02AB 3Ar01s00      [13]  812 	ld	a, (#_nibble_op_test_low1_2_volatileBits_10000_23 + 0)
                            813 ;	genIfx
   02AE E6 0F         [ 7]  814 	and	a, #0x0f
                            815 ; common peephole 100 removed redundant or after and.
                            816 ; common peephole 163 changed absolute to relative conditional jump.
   02B0 20 0D         [12]  817 	jr	nz, 00113$
                            818 ;	skipping iCode since result will be rematerialized
                            819 ;	genPointerGet
   02B2 3Ar01s00      [13]  820 	ld	a, (#_nibble_op_test_low1_2_volatileBits_10000_23 + 0)
   02B5 07            [ 4]  821 	rlca
   02B6 07            [ 4]  822 	rlca
   02B7 07            [ 4]  823 	rlca
   02B8 07            [ 4]  824 	rlca
   02B9 E6 0F         [ 7]  825 	and	a, #0x0f
                            826 ;	genCmpEq
   02BB FE 0F         [ 7]  827 	cp	a, #0x0f
                            828 ; common peephole 163 changed absolute to relative conditional jump.
   02BD 28 04         [12]  829 	jr	z, 00114$
                            830 ; common peephole 81 removed jp by using inverse jump logic
                            831 ; common peephole 159 removed unused label 00219$.
                            832 ;	skipping generated iCode
                            833 ;	genLabel
   02BF                     834 00113$:
                            835 ;	genAssign
                            836 ;	genMove_o size 1 result type 11 source type 1 a_dead 1 hl_dead 1 de_dead 1 iy_dead 1 f_dead 1
   02BF AF            [ 4]  837 	xor	a, a
   02C0 32r00s00      [13]  838 	ld	(#_success), a
                            839 ; common peephole 19 loaded (#_success) from a directly instead of using hl.
                            840 ;	genLabel
   02C3                     841 00114$:
                            842 ;	skipping iCode since result will be rematerialized
                            843 ;	genAddrOf
                            844 ;	genPointerGet
                            845 ;fetchPairLong
   02C3 3Ar01s00      [13]  846 	ld	a, (#_nibble_op_test_low1_2_volatileBits_10000_23+0)
                            847 ; common peephole 17 loaded a from (#_nibble_op_test_low1_2_volatileBits_10000_23+0) directly instead of using hl.
   02C6 E6 0F         [ 7]  848 	and	a, #0x0f
   02C8 4F            [ 4]  849 	ld	c, a
                            850 ;	genPointerSet
                            851 ;	genMove_o size 2 result type 2 source type 7 a_dead 1 hl_dead 1 de_dead 1 iy_dead 1 f_dead 1
   02C9 21r01s00      [10]  852 	ld	hl, #_nibble_op_test_low1_2_volatileBits_10000_23
   02CC ED 67         [18]  853 	rrd
   02CE 79            [ 4]  854 	ld	a, c
   02CF ED 6F         [18]  855 	rld
                            856 ;	skipping iCode since result will be rematerialized
                            857 ;	genPointerGet
   02D1 3Ar01s00      [13]  858 	ld	a, (#_nibble_op_test_low1_2_volatileBits_10000_23 + 0)
                            859 ;	genIfx
   02D4 E6 0F         [ 7]  860 	and	a, #0x0f
                            861 ; common peephole 100 removed redundant or after and.
                            862 ; common peephole 163 changed absolute to relative conditional jump.
   02D6 20 0D         [12]  863 	jr	nz, 00116$
                            864 ;	skipping iCode since result will be rematerialized
                            865 ;	genPointerGet
   02D8 3Ar01s00      [13]  866 	ld	a, (#_nibble_op_test_low1_2_volatileBits_10000_23 + 0)
   02DB 07            [ 4]  867 	rlca
   02DC 07            [ 4]  868 	rlca
   02DD 07            [ 4]  869 	rlca
   02DE 07            [ 4]  870 	rlca
   02DF E6 0F         [ 7]  871 	and	a, #0x0f
                            872 ;	genCmpEq
   02E1 FE 0F         [ 7]  873 	cp	a, #0x0f
                            874 ; common peephole 163 changed absolute to relative conditional jump.
   02E3 28 04         [12]  875 	jr	z, 00117$
                            876 ; common peephole 81 removed jp by using inverse jump logic
                            877 ; common peephole 159 removed unused label 00220$.
                            878 ;	skipping generated iCode
                            879 ;	genLabel
   02E5                     880 00116$:
                            881 ;	genAssign
                            882 ;	genMove_o size 1 result type 11 source type 1 a_dead 1 hl_dead 1 de_dead 1 iy_dead 1 f_dead 1
   02E5 AF            [ 4]  883 	xor	a, a
   02E6 32r00s00      [13]  884 	ld	(#_success), a
                            885 ; common peephole 19 loaded (#_success) from a directly instead of using hl.
                            886 ;	genLabel
   02E9                     887 00117$:
                            888 ;	genAddrOf
   02E9 01r01s00      [10]  889 	ld	bc, #_nibble_op_test_low1_2_volatileBits_10000_23+0
                            890 ;	genPointerSet
   02EC 0A            [ 7]  891 	ld	a, (bc)
   02ED F6 0F         [ 7]  892 	or	a, #0x0f
   02EF 02            [ 7]  893 	ld	(bc), a
                            894 ;	skipping iCode since result will be rematerialized
                            895 ;	genPointerGet
   02F0 3Ar01s00      [13]  896 	ld	a, (#_nibble_op_test_low1_2_volatileBits_10000_23 + 0)
   02F3 E6 0F         [ 7]  897 	and	a, #0x0f
                            898 ;	genCmpEq
   02F5 FE 0F         [ 7]  899 	cp	a, #0x0f
                            900 ; common peephole 81 removed jp by using inverse jump logic
                            901 ; common peephole 159 removed unused label 00221$.
                            902 ; common peephole 163 changed absolute to relative conditional jump.
   02F7 20 0D         [12]  903 	jr	nz, 00119$
                            904 ; common peephole 82 removed jp by using inverse jump logic
                            905 ; common peephole 159 removed unused label 00222$.
                            906 ;	skipping generated iCode
                            907 ;	skipping iCode since result will be rematerialized
                            908 ;	genPointerGet
   02F9 3Ar01s00      [13]  909 	ld	a, (#_nibble_op_test_low1_2_volatileBits_10000_23 + 0)
   02FC 07            [ 4]  910 	rlca
   02FD 07            [ 4]  911 	rlca
   02FE 07            [ 4]  912 	rlca
   02FF 07            [ 4]  913 	rlca
   0300 E6 0F         [ 7]  914 	and	a, #0x0f
                            915 ;	genCmpEq
   0302 FE 0F         [ 7]  916 	cp	a, #0x0f
                            917 ; common peephole 163 changed absolute to relative conditional jump.
   0304 28 04         [12]  918 	jr	z, 00120$
                            919 ; common peephole 81 removed jp by using inverse jump logic
                            920 ; common peephole 159 removed unused label 00223$.
                            921 ;	skipping generated iCode
                            922 ;	genLabel
   0306                     923 00119$:
                            924 ;	genAssign
                            925 ;	genMove_o size 1 result type 11 source type 1 a_dead 1 hl_dead 1 de_dead 1 iy_dead 1 f_dead 1
   0306 AF            [ 4]  926 	xor	a, a
   0307 32r00s00      [13]  927 	ld	(#_success), a
                            928 ; common peephole 19 loaded (#_success) from a directly instead of using hl.
                            929 ;	genLabel
   030A                     930 00120$:
                            931 ;	skipping iCode since result will be rematerialized
                            932 ;	genAddrOf
                            933 ;	genPointerGet
                            934 ;fetchPairLong
   030A 3Ar01s00      [13]  935 	ld	a, (#_nibble_op_test_low1_2_volatileBits_10000_23+0)
                            936 ; common peephole 17 loaded a from (#_nibble_op_test_low1_2_volatileBits_10000_23+0) directly instead of using hl.
   030D E6 0F         [ 7]  937 	and	a, #0x0f
   030F 4F            [ 4]  938 	ld	c, a
                            939 ;	genPointerSet
                            940 ;	genMove_o size 2 result type 2 source type 7 a_dead 1 hl_dead 1 de_dead 1 iy_dead 1 f_dead 1
   0310 21r01s00      [10]  941 	ld	hl, #_nibble_op_test_low1_2_volatileBits_10000_23
   0313 ED 67         [18]  942 	rrd
   0315 79            [ 4]  943 	ld	a, c
   0316 ED 6F         [18]  944 	rld
                            945 ;	skipping iCode since result will be rematerialized
                            946 ;	genPointerGet
   0318 3Ar01s00      [13]  947 	ld	a, (#_nibble_op_test_low1_2_volatileBits_10000_23 + 0)
   031B E6 0F         [ 7]  948 	and	a, #0x0f
                            949 ;	genCast
                            950 ;	(locations are the same)
                            951 ;	genCmpEq
   031D FE 0F         [ 7]  952 	cp	a, #0x0f
                            953 ; common peephole 81 removed jp by using inverse jump logic
                            954 ; common peephole 159 removed unused label 00224$.
                            955 ; common peephole 163 changed absolute to relative conditional jump.
   031F 20 0D         [12]  956 	jr	nz, 00122$
                            957 ; common peephole 82 removed jp by using inverse jump logic
                            958 ; common peephole 159 removed unused label 00225$.
                            959 ;	skipping generated iCode
                            960 ;	skipping iCode since result will be rematerialized
                            961 ;	genPointerGet
   0321 3Ar01s00      [13]  962 	ld	a, (#_nibble_op_test_low1_2_volatileBits_10000_23 + 0)
   0324 07            [ 4]  963 	rlca
   0325 07            [ 4]  964 	rlca
   0326 07            [ 4]  965 	rlca
   0327 07            [ 4]  966 	rlca
   0328 E6 0F         [ 7]  967 	and	a, #0x0f
                            968 ;	genCmpEq
   032A FE 0F         [ 7]  969 	cp	a, #0x0f
                            970 ; common peephole 163 changed absolute to relative conditional jump.
   032C 28 04         [12]  971 	jr	z, 00123$
                            972 ; common peephole 81 removed jp by using inverse jump logic
                            973 ; common peephole 159 removed unused label 00226$.
                            974 ;	skipping generated iCode
                            975 ;	genLabel
   032E                     976 00122$:
                            977 ;	genAssign
                            978 ;	genMove_o size 1 result type 11 source type 1 a_dead 1 hl_dead 1 de_dead 1 iy_dead 1 f_dead 1
   032E AF            [ 4]  979 	xor	a, a
   032F 32r00s00      [13]  980 	ld	(#_success), a
                            981 ; common peephole 19 loaded (#_success) from a directly instead of using hl.
                            982 ;	genLabel
   0332                     983 00123$:
                            984 ;	genPlus
                            985 ;	genMove_o size 2 result type 2 source type 10 a_dead 1 hl_dead 1 de_dead 1 iy_dead 1 f_dead 1
   0332 2Ar00s00      [16]  986 	ld	hl, (___numTests)
   0335 23            [ 6]  987 	inc	hl
                            988 ;	genMove_o size 2 result type 10 source type 2 a_dead 1 hl_dead 1 de_dead 1 iy_dead 1 f_dead 1
   0336 22r00s00      [16]  989 	ld	(___numTests), hl
                            990 ;	genIfx
                            991 ; common peephole 61 used hl instead of iy.
                            992 ; common peephole 130a removed unnecessary +0 from constant
   0339 21r00s00      [10]  993 	ld	hl, #_success
   033C CB 46         [12]  994 	bit	0, (hl)
   033E C0            [11]  995 	ret	nz
                            996 ; common peephole 161 replaced jump by return.
                            997 ;	skipping iCode since result will be rematerialized
                            998 ;	skipping iCode since result will be rematerialized
                            999 ;	skipping iCode since result will be rematerialized
                           1000 ;	skipping iCode since result will be rematerialized
                           1001 ;	skipping iCode since result will be rematerialized
                           1002 ;	skipping iCode since result will be rematerialized
                           1003 ;	genIpush
                           1004 ;	genMove_o size 2 result type 2 source type 1 a_dead 1 hl_dead 1 de_dead 1 iy_dead 1 f_dead 1
   033F 21 31 01      [10] 1005 	ld	hl, #0x0131
   0342 E5            [11] 1006 	push	hl
                           1007 ;	genIpush
                           1008 ;	genMove_o size 2 result type 2 source type 7 a_dead 1 hl_dead 1 de_dead 1 iy_dead 1 f_dead 1
   0343 21r6As03      [10] 1009 	ld	hl, #___str_5
   0346 E5            [11] 1010 	push	hl
                           1011 ;	genSend
                           1012 ;	genMove_o size 2 result type 2 source type 7 a_dead 1 hl_dead 1 de_dead 1 iy_dead 1 f_dead 1
   0347 11r62s03      [10] 1013 	ld	de, #___str_4
                           1014 ;	genSend
                           1015 ;	genMove_o size 2 result type 2 source type 7 a_dead 1 hl_dead 1 de_dead 0 iy_dead 1 f_dead 1
   034A 21r51s03      [10] 1016 	ld	hl, #___str_3
                           1017 ;	genCall
   034D CDr00s00      [17] 1018 	call	___fail
                           1019 ;	genLabel
                           1020 ; common peephole 159 removed unused label 00125$.
                           1021 ;cases/bitfields-nibbles/bitfields-nibbles_operation_3_pattern_1_varType_4.c:306: }
                           1022 ;	genEndFunction
   0350 C9            [10] 1023 	ret
                           1024 ;	Total nibble_op_test_low1_2 function size at codegen: 13 bytes.
   0351                    1025 ___str_3:
   0351 41 73 73 65 72 74  1026 	.ascii "Assertion failed"
        69 6F 6E 20 66 61
        69 6C 65 64
   0361 00                 1027 	.db 0x00
   0362                    1028 ___str_4:
   0362 73 75 63 63 65 73  1029 	.ascii "success"
        73
   0369 00                 1030 	.db 0x00
   036A                    1031 ___str_5:
   036A 63 61 73 65 73 2F  1032 	.ascii "cases/bitfields-nibbles/bitfields-nibbles_operation_3_patter"
        62 69 74 66 69 65
        6C 64 73 2D 6E 69
        62 62 6C 65 73 2F
        62 69 74 66 69 65
        6C 64 73 2D 6E 69
        62 62 6C 65 73 5F
        6F 70 65 72 61 74
        69 6F 6E 5F 33 5F
        70 61 74 74 65 72
   03A6 6E 5F 31 5F 76 61  1033 	.ascii "n_1_varType_4.c"
        72 54 79 70 65 5F
        34 2E 63
   03B5 00                 1034 	.db 0x00
                           1035 ;cases/bitfields-nibbles/bitfields-nibbles_operation_3_pattern_1_varType_4.c:308: nibble_op_test_low2_1(void)
                           1036 ;	genLabel
                           1037 ;	genFunction
                           1038 ;	---------------------------------
                           1039 ; Function nibble_op_test_low2_1
                           1040 ; ---------------------------------
                           1041 ;	Register assignment might be sub-optimal.
                           1042 ; Stack space usage: 0 bytes.
   03B6                    1043 _nibble_op_test_low2_1:
                           1044 ;cases/bitfields-nibbles/bitfields-nibbles_operation_3_pattern_1_varType_4.c:311: TEST(low, 0x01);
                           1045 ;	genAssign
                           1046 ;	genMove_o size 1 result type 11 source type 1 a_dead 1 hl_dead 1 de_dead 1 iy_dead 1 f_dead 1
   03B6 21r00s00      [10] 1047 	ld	hl, #_success
   03B9 36 01         [10] 1048 	ld	(hl), #0x01
                           1049 ;	genAddrOf
   03BB 01r02s00      [10] 1050 	ld	bc, #_nibble_op_test_low2_1_volatileBits_10000_33+0
                           1051 ;	genPointerSet
   03BE 0A            [ 7] 1052 	ld	a, (bc)
   03BF E6 F0         [ 7] 1053 	and	a, #0xf0
   03C1 02            [ 7] 1054 	ld	(bc), a
                           1055 ;	genAddrOf
   03C2 01r02s00      [10] 1056 	ld	bc, #_nibble_op_test_low2_1_volatileBits_10000_33+0
                           1057 ;	genPointerSet
   03C5 0A            [ 7] 1058 	ld	a, (bc)
   03C6 F6 F0         [ 7] 1059 	or	a, #0xf0
   03C8 02            [ 7] 1060 	ld	(bc), a
                           1061 ;	skipping iCode since result will be rematerialized
                           1062 ;	genPointerGet
   03C9 3Ar02s00      [13] 1063 	ld	a, (#_nibble_op_test_low2_1_volatileBits_10000_33 + 0)
                           1064 ;	genIfx
   03CC E6 0F         [ 7] 1065 	and	a, #0x0f
                           1066 ; common peephole 100 removed redundant or after and.
                           1067 ; common peephole 163 changed absolute to relative conditional jump.
   03CE 20 0D         [12] 1068 	jr	nz, 00101$
                           1069 ;	skipping iCode since result will be rematerialized
                           1070 ;	genPointerGet
   03D0 3Ar02s00      [13] 1071 	ld	a, (#_nibble_op_test_low2_1_volatileBits_10000_33 + 0)
   03D3 07            [ 4] 1072 	rlca
   03D4 07            [ 4] 1073 	rlca
   03D5 07            [ 4] 1074 	rlca
   03D6 07            [ 4] 1075 	rlca
   03D7 E6 0F         [ 7] 1076 	and	a, #0x0f
                           1077 ;	genCmpEq
   03D9 FE 0F         [ 7] 1078 	cp	a, #0x0f
                           1079 ; common peephole 163 changed absolute to relative conditional jump.
   03DB 28 04         [12] 1080 	jr	z, 00102$
                           1081 ; common peephole 81 removed jp by using inverse jump logic
                           1082 ; common peephole 159 removed unused label 00211$.
                           1083 ;	skipping generated iCode
                           1084 ;	genLabel
   03DD                    1085 00101$:
                           1086 ;	genAssign
                           1087 ;	genMove_o size 1 result type 11 source type 1 a_dead 1 hl_dead 1 de_dead 1 iy_dead 1 f_dead 1
   03DD AF            [ 4] 1088 	xor	a, a
   03DE 32r00s00      [13] 1089 	ld	(#_success), a
                           1090 ; common peephole 19 loaded (#_success) from a directly instead of using hl.
                           1091 ;	genLabel
   03E1                    1092 00102$:
                           1093 ;	skipping iCode since result will be rematerialized
                           1094 ;	skipping iCode since result will be rematerialized
                           1095 ;	genPointerGet
   03E1 3Ar02s00      [13] 1096 	ld	a, (#_nibble_op_test_low2_1_volatileBits_10000_33 + 0)
   03E4 E6 0F         [ 7] 1097 	and	a, #0x0f
                           1098 ;	genXor
   03E6 EE 01         [ 7] 1099 	xor	a, #0x01
                           1100 ;	genMove_o size 1 result type 2 source type 2 a_dead 1 hl_dead 1 de_dead 1 iy_dead 1 f_dead 1
   03E8 4F            [ 4] 1101 	ld	c, a
                           1102 ;	genMove_o size 0 result type 2 source type 1 a_dead 1 hl_dead 1 de_dead 1 iy_dead 1 f_dead 1
                           1103 ;	genPointerSet
                           1104 ;	genMove_o size 2 result type 2 source type 7 a_dead 1 hl_dead 1 de_dead 1 iy_dead 1 f_dead 1
   03E9 21r02s00      [10] 1105 	ld	hl, #_nibble_op_test_low2_1_volatileBits_10000_33
   03EC ED 67         [18] 1106 	rrd
   03EE 79            [ 4] 1107 	ld	a, c
   03EF ED 6F         [18] 1108 	rld
                           1109 ;	skipping iCode since result will be rematerialized
                           1110 ;	genPointerGet
   03F1 3Ar02s00      [13] 1111 	ld	a, (#_nibble_op_test_low2_1_volatileBits_10000_33 + 0)
   03F4 E6 0F         [ 7] 1112 	and	a, #0x0f
                           1113 ;	genCmpEq
   03F6 FE 01         [ 7] 1114 	cp	a, #0x01
                           1115 ; common peephole 81 removed jp by using inverse jump logic
                           1116 ; common peephole 159 removed unused label 00212$.
                           1117 ; common peephole 163 changed absolute to relative conditional jump.
   03F8 20 0D         [12] 1118 	jr	nz, 00104$
                           1119 ; common peephole 82 removed jp by using inverse jump logic
                           1120 ; common peephole 159 removed unused label 00213$.
                           1121 ;	skipping generated iCode
                           1122 ;	skipping iCode since result will be rematerialized
                           1123 ;	genPointerGet
   03FA 3Ar02s00      [13] 1124 	ld	a, (#_nibble_op_test_low2_1_volatileBits_10000_33 + 0)
   03FD 07            [ 4] 1125 	rlca
   03FE 07            [ 4] 1126 	rlca
   03FF 07            [ 4] 1127 	rlca
   0400 07            [ 4] 1128 	rlca
   0401 E6 0F         [ 7] 1129 	and	a, #0x0f
                           1130 ;	genCmpEq
   0403 FE 0F         [ 7] 1131 	cp	a, #0x0f
                           1132 ; common peephole 163 changed absolute to relative conditional jump.
   0405 28 04         [12] 1133 	jr	z, 00105$
                           1134 ; common peephole 81 removed jp by using inverse jump logic
                           1135 ; common peephole 159 removed unused label 00214$.
                           1136 ;	skipping generated iCode
                           1137 ;	genLabel
   0407                    1138 00104$:
                           1139 ;	genAssign
                           1140 ;	genMove_o size 1 result type 11 source type 1 a_dead 1 hl_dead 1 de_dead 1 iy_dead 1 f_dead 1
   0407 AF            [ 4] 1141 	xor	a, a
   0408 32r00s00      [13] 1142 	ld	(#_success), a
                           1143 ; common peephole 19 loaded (#_success) from a directly instead of using hl.
                           1144 ;	genLabel
   040B                    1145 00105$:
                           1146 ;	genAddrOf
   040B 01r02s00      [10] 1147 	ld	bc, #_nibble_op_test_low2_1_volatileBits_10000_33+0
                           1148 ;	genPointerSet
   040E 0A            [ 7] 1149 	ld	a, (bc)
   040F F6 0F         [ 7] 1150 	or	a, #0x0f
   0411 02            [ 7] 1151 	ld	(bc), a
                           1152 ;	skipping iCode since result will be rematerialized
                           1153 ;	genPointerGet
   0412 3Ar02s00      [13] 1154 	ld	a, (#_nibble_op_test_low2_1_volatileBits_10000_33 + 0)
   0415 E6 0F         [ 7] 1155 	and	a, #0x0f
                           1156 ;	genCmpEq
   0417 FE 0F         [ 7] 1157 	cp	a, #0x0f
                           1158 ; common peephole 81 removed jp by using inverse jump logic
                           1159 ; common peephole 159 removed unused label 00215$.
                           1160 ; common peephole 163 changed absolute to relative conditional jump.
   0419 20 0D         [12] 1161 	jr	nz, 00107$
                           1162 ; common peephole 82 removed jp by using inverse jump logic
                           1163 ; common peephole 159 removed unused label 00216$.
                           1164 ;	skipping generated iCode
                           1165 ;	skipping iCode since result will be rematerialized
                           1166 ;	genPointerGet
   041B 3Ar02s00      [13] 1167 	ld	a, (#_nibble_op_test_low2_1_volatileBits_10000_33 + 0)
   041E 07            [ 4] 1168 	rlca
   041F 07            [ 4] 1169 	rlca
   0420 07            [ 4] 1170 	rlca
   0421 07            [ 4] 1171 	rlca
   0422 E6 0F         [ 7] 1172 	and	a, #0x0f
                           1173 ;	genCmpEq
   0424 FE 0F         [ 7] 1174 	cp	a, #0x0f
                           1175 ; common peephole 163 changed absolute to relative conditional jump.
   0426 28 04         [12] 1176 	jr	z, 00108$
                           1177 ; common peephole 81 removed jp by using inverse jump logic
                           1178 ; common peephole 159 removed unused label 00217$.
                           1179 ;	skipping generated iCode
                           1180 ;	genLabel
   0428                    1181 00107$:
                           1182 ;	genAssign
                           1183 ;	genMove_o size 1 result type 11 source type 1 a_dead 1 hl_dead 1 de_dead 1 iy_dead 1 f_dead 1
   0428 AF            [ 4] 1184 	xor	a, a
   0429 32r00s00      [13] 1185 	ld	(#_success), a
                           1186 ; common peephole 19 loaded (#_success) from a directly instead of using hl.
                           1187 ;	genLabel
   042C                    1188 00108$:
                           1189 ;	skipping iCode since result will be rematerialized
                           1190 ;	skipping iCode since result will be rematerialized
                           1191 ;	genPointerGet
   042C 3Ar02s00      [13] 1192 	ld	a, (#_nibble_op_test_low2_1_volatileBits_10000_33 + 0)
   042F E6 0F         [ 7] 1193 	and	a, #0x0f
                           1194 ;	genXor
   0431 EE 01         [ 7] 1195 	xor	a, #0x01
                           1196 ;	genMove_o size 1 result type 2 source type 2 a_dead 1 hl_dead 1 de_dead 1 iy_dead 1 f_dead 1
   0433 4F            [ 4] 1197 	ld	c, a
                           1198 ;	genMove_o size 0 result type 2 source type 1 a_dead 1 hl_dead 1 de_dead 1 iy_dead 1 f_dead 1
                           1199 ;	genPointerSet
                           1200 ;	genMove_o size 2 result type 2 source type 7 a_dead 1 hl_dead 1 de_dead 1 iy_dead 1 f_dead 1
   0434 21r02s00      [10] 1201 	ld	hl, #_nibble_op_test_low2_1_volatileBits_10000_33
   0437 ED 67         [18] 1202 	rrd
   0439 79            [ 4] 1203 	ld	a, c
   043A ED 6F         [18] 1204 	rld
                           1205 ;	skipping iCode since result will be rematerialized
                           1206 ;	genPointerGet
   043C 3Ar02s00      [13] 1207 	ld	a, (#_nibble_op_test_low2_1_volatileBits_10000_33 + 0)
   043F E6 0F         [ 7] 1208 	and	a, #0x0f
                           1209 ;	genCast
                           1210 ;	(locations are the same)
                           1211 ;	genCmpEq
   0441 FE 0E         [ 7] 1212 	cp	a, #0x0e
                           1213 ; common peephole 81 removed jp by using inverse jump logic
                           1214 ; common peephole 159 removed unused label 00218$.
                           1215 ; common peephole 163 changed absolute to relative conditional jump.
   0443 20 0D         [12] 1216 	jr	nz, 00110$
                           1217 ; common peephole 82 removed jp by using inverse jump logic
                           1218 ; common peephole 159 removed unused label 00219$.
                           1219 ;	skipping generated iCode
                           1220 ;	skipping iCode since result will be rematerialized
                           1221 ;	genPointerGet
   0445 3Ar02s00      [13] 1222 	ld	a, (#_nibble_op_test_low2_1_volatileBits_10000_33 + 0)
   0448 07            [ 4] 1223 	rlca
   0449 07            [ 4] 1224 	rlca
   044A 07            [ 4] 1225 	rlca
   044B 07            [ 4] 1226 	rlca
   044C E6 0F         [ 7] 1227 	and	a, #0x0f
                           1228 ;	genCmpEq
   044E FE 0F         [ 7] 1229 	cp	a, #0x0f
                           1230 ; common peephole 163 changed absolute to relative conditional jump.
   0450 28 04         [12] 1231 	jr	z, 00111$
                           1232 ; common peephole 81 removed jp by using inverse jump logic
                           1233 ; common peephole 159 removed unused label 00220$.
                           1234 ;	skipping generated iCode
                           1235 ;	genLabel
   0452                    1236 00110$:
                           1237 ;	genAssign
                           1238 ;	genMove_o size 1 result type 11 source type 1 a_dead 1 hl_dead 1 de_dead 1 iy_dead 1 f_dead 1
   0452 AF            [ 4] 1239 	xor	a, a
   0453 32r00s00      [13] 1240 	ld	(#_success), a
                           1241 ; common peephole 19 loaded (#_success) from a directly instead of using hl.
                           1242 ;	genLabel
   0456                    1243 00111$:
                           1244 ;	genPlus
                           1245 ;	genMove_o size 2 result type 2 source type 10 a_dead 1 hl_dead 1 de_dead 1 iy_dead 1 f_dead 1
   0456 2Ar00s00      [16] 1246 	ld	hl, (___numTests)
   0459 23            [ 6] 1247 	inc	hl
                           1248 ;	genMove_o size 2 result type 10 source type 2 a_dead 1 hl_dead 1 de_dead 1 iy_dead 1 f_dead 1
   045A 22r00s00      [16] 1249 	ld	(___numTests), hl
                           1250 ;	genIfx
                           1251 ; common peephole 61 used hl instead of iy.
                           1252 ; common peephole 130a removed unnecessary +0 from constant
   045D 21r00s00      [10] 1253 	ld	hl, #_success
   0460 CB 46         [12] 1254 	bit	0, (hl)
                           1255 ; common peephole 163 changed absolute to relative conditional jump.
   0462 20 11         [12] 1256 	jr	nz, 00128$
                           1257 ;	skipping iCode since result will be rematerialized
                           1258 ;	skipping iCode since result will be rematerialized
                           1259 ;	skipping iCode since result will be rematerialized
                           1260 ;	skipping iCode since result will be rematerialized
                           1261 ;	skipping iCode since result will be rematerialized
                           1262 ;	skipping iCode since result will be rematerialized
                           1263 ;	genIpush
                           1264 ;	genMove_o size 2 result type 2 source type 1 a_dead 1 hl_dead 1 de_dead 1 iy_dead 1 f_dead 1
   0464 21 37 01      [10] 1265 	ld	hl, #0x0137
   0467 E5            [11] 1266 	push	hl
                           1267 ;	genIpush
                           1268 ;	genMove_o size 2 result type 2 source type 7 a_dead 1 hl_dead 1 de_dead 1 iy_dead 1 f_dead 1
   0468 21r4Ds05      [10] 1269 	ld	hl, #___str_8
   046B E5            [11] 1270 	push	hl
                           1271 ;	genSend
                           1272 ;	genMove_o size 2 result type 2 source type 7 a_dead 1 hl_dead 1 de_dead 1 iy_dead 1 f_dead 1
   046C 11r45s05      [10] 1273 	ld	de, #___str_7
                           1274 ;	genSend
                           1275 ;	genMove_o size 2 result type 2 source type 7 a_dead 1 hl_dead 1 de_dead 0 iy_dead 1 f_dead 1
   046F 21r34s05      [10] 1276 	ld	hl, #___str_6
                           1277 ;	genCall
   0472 CDr00s00      [17] 1278 	call	___fail
                           1279 ;	genLabel
   0475                    1280 00128$:
                           1281 ;cases/bitfields-nibbles/bitfields-nibbles_operation_3_pattern_1_varType_4.c:312: TEST(low, 0x02);
                           1282 ;	genAssign
                           1283 ;	genMove_o size 1 result type 11 source type 1 a_dead 1 hl_dead 1 de_dead 1 iy_dead 1 f_dead 1
   0475 21r00s00      [10] 1284 	ld	hl, #_success
   0478 36 01         [10] 1285 	ld	(hl), #0x01
                           1286 ;	genAddrOf
   047A 01r02s00      [10] 1287 	ld	bc, #_nibble_op_test_low2_1_volatileBits_10000_33+0
                           1288 ;	genPointerSet
   047D 0A            [ 7] 1289 	ld	a, (bc)
   047E E6 F0         [ 7] 1290 	and	a, #0xf0
   0480 02            [ 7] 1291 	ld	(bc), a
                           1292 ;	genAddrOf
   0481 01r02s00      [10] 1293 	ld	bc, #_nibble_op_test_low2_1_volatileBits_10000_33+0
                           1294 ;	genPointerSet
   0484 0A            [ 7] 1295 	ld	a, (bc)
   0485 F6 F0         [ 7] 1296 	or	a, #0xf0
   0487 02            [ 7] 1297 	ld	(bc), a
                           1298 ;	skipping iCode since result will be rematerialized
                           1299 ;	genPointerGet
   0488 3Ar02s00      [13] 1300 	ld	a, (#_nibble_op_test_low2_1_volatileBits_10000_33 + 0)
                           1301 ;	genIfx
   048B E6 0F         [ 7] 1302 	and	a, #0x0f
                           1303 ; common peephole 100 removed redundant or after and.
                           1304 ; common peephole 163 changed absolute to relative conditional jump.
   048D 20 0D         [12] 1305 	jr	nz, 00113$
                           1306 ;	skipping iCode since result will be rematerialized
                           1307 ;	genPointerGet
   048F 3Ar02s00      [13] 1308 	ld	a, (#_nibble_op_test_low2_1_volatileBits_10000_33 + 0)
   0492 07            [ 4] 1309 	rlca
   0493 07            [ 4] 1310 	rlca
   0494 07            [ 4] 1311 	rlca
   0495 07            [ 4] 1312 	rlca
   0496 E6 0F         [ 7] 1313 	and	a, #0x0f
                           1314 ;	genCmpEq
   0498 FE 0F         [ 7] 1315 	cp	a, #0x0f
                           1316 ; common peephole 163 changed absolute to relative conditional jump.
   049A 28 04         [12] 1317 	jr	z, 00114$
                           1318 ; common peephole 81 removed jp by using inverse jump logic
                           1319 ; common peephole 159 removed unused label 00221$.
                           1320 ;	skipping generated iCode
                           1321 ;	genLabel
   049C                    1322 00113$:
                           1323 ;	genAssign
                           1324 ;	genMove_o size 1 result type 11 source type 1 a_dead 1 hl_dead 1 de_dead 1 iy_dead 1 f_dead 1
   049C AF            [ 4] 1325 	xor	a, a
   049D 32r00s00      [13] 1326 	ld	(#_success), a
                           1327 ; common peephole 19 loaded (#_success) from a directly instead of using hl.
                           1328 ;	genLabel
   04A0                    1329 00114$:
                           1330 ;	skipping iCode since result will be rematerialized
                           1331 ;	skipping iCode since result will be rematerialized
                           1332 ;	genPointerGet
   04A0 3Ar02s00      [13] 1333 	ld	a, (#_nibble_op_test_low2_1_volatileBits_10000_33 + 0)
   04A3 E6 0F         [ 7] 1334 	and	a, #0x0f
                           1335 ;	genXor
   04A5 EE 02         [ 7] 1336 	xor	a, #0x02
                           1337 ;	genMove_o size 1 result type 2 source type 2 a_dead 1 hl_dead 1 de_dead 1 iy_dead 1 f_dead 1
   04A7 4F            [ 4] 1338 	ld	c, a
                           1339 ;	genMove_o size 0 result type 2 source type 1 a_dead 1 hl_dead 1 de_dead 1 iy_dead 1 f_dead 1
                           1340 ;	genPointerSet
                           1341 ;	genMove_o size 2 result type 2 source type 7 a_dead 1 hl_dead 1 de_dead 1 iy_dead 1 f_dead 1
   04A8 21r02s00      [10] 1342 	ld	hl, #_nibble_op_test_low2_1_volatileBits_10000_33
   04AB ED 67         [18] 1343 	rrd
   04AD 79            [ 4] 1344 	ld	a, c
   04AE ED 6F         [18] 1345 	rld
                           1346 ;	skipping iCode since result will be rematerialized
                           1347 ;	genPointerGet
   04B0 3Ar02s00      [13] 1348 	ld	a, (#_nibble_op_test_low2_1_volatileBits_10000_33 + 0)
   04B3 E6 0F         [ 7] 1349 	and	a, #0x0f
                           1350 ;	genCast
                           1351 ;	(locations are the same)
                           1352 ;	genCmpEq
   04B5 FE 02         [ 7] 1353 	cp	a, #0x02
                           1354 ; common peephole 81 removed jp by using inverse jump logic
                           1355 ; common peephole 159 removed unused label 00222$.
                           1356 ; common peephole 163 changed absolute to relative conditional jump.
   04B7 20 0D         [12] 1357 	jr	nz, 00116$
                           1358 ; common peephole 82 removed jp by using inverse jump logic
                           1359 ; common peephole 159 removed unused label 00223$.
                           1360 ;	skipping generated iCode
                           1361 ;	skipping iCode since result will be rematerialized
                           1362 ;	genPointerGet
   04B9 3Ar02s00      [13] 1363 	ld	a, (#_nibble_op_test_low2_1_volatileBits_10000_33 + 0)
   04BC 07            [ 4] 1364 	rlca
   04BD 07            [ 4] 1365 	rlca
   04BE 07            [ 4] 1366 	rlca
   04BF 07            [ 4] 1367 	rlca
   04C0 E6 0F         [ 7] 1368 	and	a, #0x0f
                           1369 ;	genCmpEq
   04C2 FE 0F         [ 7] 1370 	cp	a, #0x0f
                           1371 ; common peephole 163 changed absolute to relative conditional jump.
   04C4 28 04         [12] 1372 	jr	z, 00117$
                           1373 ; common peephole 81 removed jp by using inverse jump logic
                           1374 ; common peephole 159 removed unused label 00224$.
                           1375 ;	skipping generated iCode
                           1376 ;	genLabel
   04C6                    1377 00116$:
                           1378 ;	genAssign
                           1379 ;	genMove_o size 1 result type 11 source type 1 a_dead 1 hl_dead 1 de_dead 1 iy_dead 1 f_dead 1
   04C6 AF            [ 4] 1380 	xor	a, a
   04C7 32r00s00      [13] 1381 	ld	(#_success), a
                           1382 ; common peephole 19 loaded (#_success) from a directly instead of using hl.
                           1383 ;	genLabel
   04CA                    1384 00117$:
                           1385 ;	genAddrOf
   04CA 01r02s00      [10] 1386 	ld	bc, #_nibble_op_test_low2_1_volatileBits_10000_33+0
                           1387 ;	genPointerSet
   04CD 0A            [ 7] 1388 	ld	a, (bc)
   04CE F6 0F         [ 7] 1389 	or	a, #0x0f
   04D0 02            [ 7] 1390 	ld	(bc), a
                           1391 ;	skipping iCode since result will be rematerialized
                           1392 ;	genPointerGet
   04D1 3Ar02s00      [13] 1393 	ld	a, (#_nibble_op_test_low2_1_volatileBits_10000_33 + 0)
   04D4 E6 0F         [ 7] 1394 	and	a, #0x0f
                           1395 ;	genCmpEq
   04D6 FE 0F         [ 7] 1396 	cp	a, #0x0f
                           1397 ; common peephole 81 removed jp by using inverse jump logic
                           1398 ; common peephole 159 removed unused label 00225$.
                           1399 ; common peephole 163 changed absolute to relative conditional jump.
   04D8 20 0D         [12] 1400 	jr	nz, 00119$
                           1401 ; common peephole 82 removed jp by using inverse jump logic
                           1402 ; common peephole 159 removed unused label 00226$.
                           1403 ;	skipping generated iCode
                           1404 ;	skipping iCode since result will be rematerialized
                           1405 ;	genPointerGet
   04DA 3Ar02s00      [13] 1406 	ld	a, (#_nibble_op_test_low2_1_volatileBits_10000_33 + 0)
   04DD 07            [ 4] 1407 	rlca
   04DE 07            [ 4] 1408 	rlca
   04DF 07            [ 4] 1409 	rlca
   04E0 07            [ 4] 1410 	rlca
   04E1 E6 0F         [ 7] 1411 	and	a, #0x0f
                           1412 ;	genCmpEq
   04E3 FE 0F         [ 7] 1413 	cp	a, #0x0f
                           1414 ; common peephole 163 changed absolute to relative conditional jump.
   04E5 28 04         [12] 1415 	jr	z, 00120$
                           1416 ; common peephole 81 removed jp by using inverse jump logic
                           1417 ; common peephole 159 removed unused label 00227$.
                           1418 ;	skipping generated iCode
                           1419 ;	genLabel
   04E7                    1420 00119$:
                           1421 ;	genAssign
                           1422 ;	genMove_o size 1 result type 11 source type 1 a_dead 1 hl_dead 1 de_dead 1 iy_dead 1 f_dead 1
   04E7 AF            [ 4] 1423 	xor	a, a
   04E8 32r00s00      [13] 1424 	ld	(#_success), a
                           1425 ; common peephole 19 loaded (#_success) from a directly instead of using hl.
                           1426 ;	genLabel
   04EB                    1427 00120$:
                           1428 ;	skipping iCode since result will be rematerialized
                           1429 ;	skipping iCode since result will be rematerialized
                           1430 ;	genPointerGet
   04EB 3Ar02s00      [13] 1431 	ld	a, (#_nibble_op_test_low2_1_volatileBits_10000_33 + 0)
   04EE E6 0F         [ 7] 1432 	and	a, #0x0f
                           1433 ;	genXor
   04F0 EE 02         [ 7] 1434 	xor	a, #0x02
                           1435 ;	genMove_o size 1 result type 2 source type 2 a_dead 1 hl_dead 1 de_dead 1 iy_dead 1 f_dead 1
   04F2 4F            [ 4] 1436 	ld	c, a
                           1437 ;	genMove_o size 0 result type 2 source type 1 a_dead 1 hl_dead 1 de_dead 1 iy_dead 1 f_dead 1
                           1438 ;	genPointerSet
                           1439 ;	genMove_o size 2 result type 2 source type 7 a_dead 1 hl_dead 1 de_dead 1 iy_dead 1 f_dead 1
   04F3 21r02s00      [10] 1440 	ld	hl, #_nibble_op_test_low2_1_volatileBits_10000_33
   04F6 ED 67         [18] 1441 	rrd
   04F8 79            [ 4] 1442 	ld	a, c
   04F9 ED 6F         [18] 1443 	rld
                           1444 ;	skipping iCode since result will be rematerialized
                           1445 ;	genPointerGet
   04FB 3Ar02s00      [13] 1446 	ld	a, (#_nibble_op_test_low2_1_volatileBits_10000_33 + 0)
   04FE E6 0F         [ 7] 1447 	and	a, #0x0f
                           1448 ;	genCast
                           1449 ;	(locations are the same)
                           1450 ;	genCmpEq
   0500 FE 0D         [ 7] 1451 	cp	a, #0x0d
                           1452 ; common peephole 81 removed jp by using inverse jump logic
                           1453 ; common peephole 159 removed unused label 00228$.
                           1454 ; common peephole 163 changed absolute to relative conditional jump.
   0502 20 0D         [12] 1455 	jr	nz, 00122$
                           1456 ; common peephole 82 removed jp by using inverse jump logic
                           1457 ; common peephole 159 removed unused label 00229$.
                           1458 ;	skipping generated iCode
                           1459 ;	skipping iCode since result will be rematerialized
                           1460 ;	genPointerGet
   0504 3Ar02s00      [13] 1461 	ld	a, (#_nibble_op_test_low2_1_volatileBits_10000_33 + 0)
   0507 07            [ 4] 1462 	rlca
   0508 07            [ 4] 1463 	rlca
   0509 07            [ 4] 1464 	rlca
   050A 07            [ 4] 1465 	rlca
   050B E6 0F         [ 7] 1466 	and	a, #0x0f
                           1467 ;	genCmpEq
   050D FE 0F         [ 7] 1468 	cp	a, #0x0f
                           1469 ; common peephole 163 changed absolute to relative conditional jump.
   050F 28 04         [12] 1470 	jr	z, 00123$
                           1471 ; common peephole 81 removed jp by using inverse jump logic
                           1472 ; common peephole 159 removed unused label 00230$.
                           1473 ;	skipping generated iCode
                           1474 ;	genLabel
   0511                    1475 00122$:
                           1476 ;	genAssign
                           1477 ;	genMove_o size 1 result type 11 source type 1 a_dead 1 hl_dead 1 de_dead 1 iy_dead 1 f_dead 1
   0511 AF            [ 4] 1478 	xor	a, a
   0512 32r00s00      [13] 1479 	ld	(#_success), a
                           1480 ; common peephole 19 loaded (#_success) from a directly instead of using hl.
                           1481 ;	genLabel
   0515                    1482 00123$:
                           1483 ;	genPlus
                           1484 ;	genMove_o size 2 result type 2 source type 10 a_dead 1 hl_dead 1 de_dead 1 iy_dead 1 f_dead 1
   0515 2Ar00s00      [16] 1485 	ld	hl, (___numTests)
   0518 23            [ 6] 1486 	inc	hl
                           1487 ;	genMove_o size 2 result type 10 source type 2 a_dead 1 hl_dead 1 de_dead 1 iy_dead 1 f_dead 1
   0519 22r00s00      [16] 1488 	ld	(___numTests), hl
                           1489 ;	genIfx
                           1490 ; common peephole 61 used hl instead of iy.
                           1491 ; common peephole 130a removed unnecessary +0 from constant
   051C 21r00s00      [10] 1492 	ld	hl, #_success
   051F CB 46         [12] 1493 	bit	0, (hl)
   0521 C0            [11] 1494 	ret	nz
                           1495 ; common peephole 161 replaced jump by return.
                           1496 ;	skipping iCode since result will be rematerialized
                           1497 ;	skipping iCode since result will be rematerialized
                           1498 ;	skipping iCode since result will be rematerialized
                           1499 ;	skipping iCode since result will be rematerialized
                           1500 ;	skipping iCode since result will be rematerialized
                           1501 ;	skipping iCode since result will be rematerialized
                           1502 ;	genIpush
                           1503 ;	genMove_o size 2 result type 2 source type 1 a_dead 1 hl_dead 1 de_dead 1 iy_dead 1 f_dead 1
   0522 21 38 01      [10] 1504 	ld	hl, #0x0138
   0525 E5            [11] 1505 	push	hl
                           1506 ;	genIpush
                           1507 ;	genMove_o size 2 result type 2 source type 7 a_dead 1 hl_dead 1 de_dead 1 iy_dead 1 f_dead 1
   0526 21r4Ds05      [10] 1508 	ld	hl, #___str_8
   0529 E5            [11] 1509 	push	hl
                           1510 ;	genSend
                           1511 ;	genMove_o size 2 result type 2 source type 7 a_dead 1 hl_dead 1 de_dead 1 iy_dead 1 f_dead 1
   052A 11r45s05      [10] 1512 	ld	de, #___str_7
                           1513 ;	genSend
                           1514 ;	genMove_o size 2 result type 2 source type 7 a_dead 1 hl_dead 1 de_dead 0 iy_dead 1 f_dead 1
   052D 21r34s05      [10] 1515 	ld	hl, #___str_6
                           1516 ;	genCall
   0530 CDr00s00      [17] 1517 	call	___fail
                           1518 ;	genLabel
                           1519 ; common peephole 159 removed unused label 00125$.
                           1520 ;cases/bitfields-nibbles/bitfields-nibbles_operation_3_pattern_1_varType_4.c:313: }
                           1521 ;	genEndFunction
   0533 C9            [10] 1522 	ret
                           1523 ;	Total nibble_op_test_low2_1 function size at codegen: 13 bytes.
   0534                    1524 ___str_6:
   0534 41 73 73 65 72 74  1525 	.ascii "Assertion failed"
        69 6F 6E 20 66 61
        69 6C 65 64
   0544 00                 1526 	.db 0x00
   0545                    1527 ___str_7:
   0545 73 75 63 63 65 73  1528 	.ascii "success"
        73
   054C 00                 1529 	.db 0x00
   054D                    1530 ___str_8:
   054D 63 61 73 65 73 2F  1531 	.ascii "cases/bitfields-nibbles/bitfields-nibbles_operation_3_patter"
        62 69 74 66 69 65
        6C 64 73 2D 6E 69
        62 62 6C 65 73 2F
        62 69 74 66 69 65
        6C 64 73 2D 6E 69
        62 62 6C 65 73 5F
        6F 70 65 72 61 74
        69 6F 6E 5F 33 5F
        70 61 74 74 65 72
   0589 6E 5F 31 5F 76 61  1532 	.ascii "n_1_varType_4.c"
        72 54 79 70 65 5F
        34 2E 63
   0598 00                 1533 	.db 0x00
                           1534 ;cases/bitfields-nibbles/bitfields-nibbles_operation_3_pattern_1_varType_4.c:324: nibble_op_test_low3_1(void)
                           1535 ;	genLabel
                           1536 ;	genFunction
                           1537 ;	---------------------------------
                           1538 ; Function nibble_op_test_low3_1
                           1539 ; ---------------------------------
                           1540 ;	Register assignment might be sub-optimal.
                           1541 ; Stack space usage: 0 bytes.
   0599                    1542 _nibble_op_test_low3_1:
                           1543 ;cases/bitfields-nibbles/bitfields-nibbles_operation_3_pattern_1_varType_4.c:327: TEST(low, 0x0E);
                           1544 ;	genAssign
                           1545 ;	genMove_o size 1 result type 11 source type 1 a_dead 1 hl_dead 1 de_dead 1 iy_dead 1 f_dead 1
   0599 21r00s00      [10] 1546 	ld	hl, #_success
   059C 36 01         [10] 1547 	ld	(hl), #0x01
                           1548 ;	genAddrOf
   059E 01r03s00      [10] 1549 	ld	bc, #_nibble_op_test_low3_1_volatileBits_10000_43+0
                           1550 ;	genPointerSet
   05A1 0A            [ 7] 1551 	ld	a, (bc)
   05A2 E6 F0         [ 7] 1552 	and	a, #0xf0
   05A4 02            [ 7] 1553 	ld	(bc), a
                           1554 ;	genAddrOf
   05A5 01r03s00      [10] 1555 	ld	bc, #_nibble_op_test_low3_1_volatileBits_10000_43+0
                           1556 ;	genPointerSet
   05A8 0A            [ 7] 1557 	ld	a, (bc)
   05A9 F6 F0         [ 7] 1558 	or	a, #0xf0
   05AB 02            [ 7] 1559 	ld	(bc), a
                           1560 ;	skipping iCode since result will be rematerialized
                           1561 ;	genPointerGet
   05AC 3Ar03s00      [13] 1562 	ld	a, (#_nibble_op_test_low3_1_volatileBits_10000_43 + 0)
                           1563 ;	genIfx
   05AF E6 0F         [ 7] 1564 	and	a, #0x0f
                           1565 ; common peephole 100 removed redundant or after and.
                           1566 ; common peephole 163 changed absolute to relative conditional jump.
   05B1 20 0D         [12] 1567 	jr	nz, 00101$
                           1568 ;	skipping iCode since result will be rematerialized
                           1569 ;	genPointerGet
   05B3 3Ar03s00      [13] 1570 	ld	a, (#_nibble_op_test_low3_1_volatileBits_10000_43 + 0)
   05B6 07            [ 4] 1571 	rlca
   05B7 07            [ 4] 1572 	rlca
   05B8 07            [ 4] 1573 	rlca
   05B9 07            [ 4] 1574 	rlca
   05BA E6 0F         [ 7] 1575 	and	a, #0x0f
                           1576 ;	genCmpEq
   05BC FE 0F         [ 7] 1577 	cp	a, #0x0f
                           1578 ; common peephole 163 changed absolute to relative conditional jump.
   05BE 28 04         [12] 1579 	jr	z, 00102$
                           1580 ; common peephole 81 removed jp by using inverse jump logic
                           1581 ; common peephole 159 removed unused label 00211$.
                           1582 ;	skipping generated iCode
                           1583 ;	genLabel
   05C0                    1584 00101$:
                           1585 ;	genAssign
                           1586 ;	genMove_o size 1 result type 11 source type 1 a_dead 1 hl_dead 1 de_dead 1 iy_dead 1 f_dead 1
   05C0 AF            [ 4] 1587 	xor	a, a
   05C1 32r00s00      [13] 1588 	ld	(#_success), a
                           1589 ; common peephole 19 loaded (#_success) from a directly instead of using hl.
                           1590 ;	genLabel
   05C4                    1591 00102$:
                           1592 ;	skipping iCode since result will be rematerialized
                           1593 ;	skipping iCode since result will be rematerialized
                           1594 ;	genPointerGet
   05C4 3Ar03s00      [13] 1595 	ld	a, (#_nibble_op_test_low3_1_volatileBits_10000_43 + 0)
   05C7 E6 0F         [ 7] 1596 	and	a, #0x0f
                           1597 ;	genXor
   05C9 EE 0E         [ 7] 1598 	xor	a, #0x0e
                           1599 ;	genMove_o size 1 result type 2 source type 2 a_dead 1 hl_dead 1 de_dead 1 iy_dead 1 f_dead 1
   05CB 4F            [ 4] 1600 	ld	c, a
                           1601 ;	genMove_o size 0 result type 2 source type 1 a_dead 1 hl_dead 1 de_dead 1 iy_dead 1 f_dead 1
                           1602 ;	genPointerSet
                           1603 ;	genMove_o size 2 result type 2 source type 7 a_dead 1 hl_dead 1 de_dead 1 iy_dead 1 f_dead 1
   05CC 21r03s00      [10] 1604 	ld	hl, #_nibble_op_test_low3_1_volatileBits_10000_43
   05CF ED 67         [18] 1605 	rrd
   05D1 79            [ 4] 1606 	ld	a, c
   05D2 ED 6F         [18] 1607 	rld
                           1608 ;	skipping iCode since result will be rematerialized
                           1609 ;	genPointerGet
   05D4 3Ar03s00      [13] 1610 	ld	a, (#_nibble_op_test_low3_1_volatileBits_10000_43 + 0)
   05D7 E6 0F         [ 7] 1611 	and	a, #0x0f
                           1612 ;	genCast
                           1613 ;	(locations are the same)
                           1614 ;	genCmpEq
   05D9 FE 0E         [ 7] 1615 	cp	a, #0x0e
                           1616 ; common peephole 81 removed jp by using inverse jump logic
                           1617 ; common peephole 159 removed unused label 00212$.
                           1618 ; common peephole 163 changed absolute to relative conditional jump.
   05DB 20 0D         [12] 1619 	jr	nz, 00104$
                           1620 ; common peephole 82 removed jp by using inverse jump logic
                           1621 ; common peephole 159 removed unused label 00213$.
                           1622 ;	skipping generated iCode
                           1623 ;	skipping iCode since result will be rematerialized
                           1624 ;	genPointerGet
   05DD 3Ar03s00      [13] 1625 	ld	a, (#_nibble_op_test_low3_1_volatileBits_10000_43 + 0)
   05E0 07            [ 4] 1626 	rlca
   05E1 07            [ 4] 1627 	rlca
   05E2 07            [ 4] 1628 	rlca
   05E3 07            [ 4] 1629 	rlca
   05E4 E6 0F         [ 7] 1630 	and	a, #0x0f
                           1631 ;	genCmpEq
   05E6 FE 0F         [ 7] 1632 	cp	a, #0x0f
                           1633 ; common peephole 163 changed absolute to relative conditional jump.
   05E8 28 04         [12] 1634 	jr	z, 00105$
                           1635 ; common peephole 81 removed jp by using inverse jump logic
                           1636 ; common peephole 159 removed unused label 00214$.
                           1637 ;	skipping generated iCode
                           1638 ;	genLabel
   05EA                    1639 00104$:
                           1640 ;	genAssign
                           1641 ;	genMove_o size 1 result type 11 source type 1 a_dead 1 hl_dead 1 de_dead 1 iy_dead 1 f_dead 1
   05EA AF            [ 4] 1642 	xor	a, a
   05EB 32r00s00      [13] 1643 	ld	(#_success), a
                           1644 ; common peephole 19 loaded (#_success) from a directly instead of using hl.
                           1645 ;	genLabel
   05EE                    1646 00105$:
                           1647 ;	genAddrOf
   05EE 01r03s00      [10] 1648 	ld	bc, #_nibble_op_test_low3_1_volatileBits_10000_43+0
                           1649 ;	genPointerSet
   05F1 0A            [ 7] 1650 	ld	a, (bc)
   05F2 F6 0F         [ 7] 1651 	or	a, #0x0f
   05F4 02            [ 7] 1652 	ld	(bc), a
                           1653 ;	skipping iCode since result will be rematerialized
                           1654 ;	genPointerGet
   05F5 3Ar03s00      [13] 1655 	ld	a, (#_nibble_op_test_low3_1_volatileBits_10000_43 + 0)
   05F8 E6 0F         [ 7] 1656 	and	a, #0x0f
                           1657 ;	genCmpEq
   05FA FE 0F         [ 7] 1658 	cp	a, #0x0f
                           1659 ; common peephole 81 removed jp by using inverse jump logic
                           1660 ; common peephole 159 removed unused label 00215$.
                           1661 ; common peephole 163 changed absolute to relative conditional jump.
   05FC 20 0D         [12] 1662 	jr	nz, 00107$
                           1663 ; common peephole 82 removed jp by using inverse jump logic
                           1664 ; common peephole 159 removed unused label 00216$.
                           1665 ;	skipping generated iCode
                           1666 ;	skipping iCode since result will be rematerialized
                           1667 ;	genPointerGet
   05FE 3Ar03s00      [13] 1668 	ld	a, (#_nibble_op_test_low3_1_volatileBits_10000_43 + 0)
   0601 07            [ 4] 1669 	rlca
   0602 07            [ 4] 1670 	rlca
   0603 07            [ 4] 1671 	rlca
   0604 07            [ 4] 1672 	rlca
   0605 E6 0F         [ 7] 1673 	and	a, #0x0f
                           1674 ;	genCmpEq
   0607 FE 0F         [ 7] 1675 	cp	a, #0x0f
                           1676 ; common peephole 163 changed absolute to relative conditional jump.
   0609 28 04         [12] 1677 	jr	z, 00108$
                           1678 ; common peephole 81 removed jp by using inverse jump logic
                           1679 ; common peephole 159 removed unused label 00217$.
                           1680 ;	skipping generated iCode
                           1681 ;	genLabel
   060B                    1682 00107$:
                           1683 ;	genAssign
                           1684 ;	genMove_o size 1 result type 11 source type 1 a_dead 1 hl_dead 1 de_dead 1 iy_dead 1 f_dead 1
   060B AF            [ 4] 1685 	xor	a, a
   060C 32r00s00      [13] 1686 	ld	(#_success), a
                           1687 ; common peephole 19 loaded (#_success) from a directly instead of using hl.
                           1688 ;	genLabel
   060F                    1689 00108$:
                           1690 ;	skipping iCode since result will be rematerialized
                           1691 ;	skipping iCode since result will be rematerialized
                           1692 ;	genPointerGet
   060F 3Ar03s00      [13] 1693 	ld	a, (#_nibble_op_test_low3_1_volatileBits_10000_43 + 0)
   0612 E6 0F         [ 7] 1694 	and	a, #0x0f
                           1695 ;	genXor
   0614 EE 0E         [ 7] 1696 	xor	a, #0x0e
                           1697 ;	genMove_o size 1 result type 2 source type 2 a_dead 1 hl_dead 1 de_dead 1 iy_dead 1 f_dead 1
   0616 4F            [ 4] 1698 	ld	c, a
                           1699 ;	genMove_o size 0 result type 2 source type 1 a_dead 1 hl_dead 1 de_dead 1 iy_dead 1 f_dead 1
                           1700 ;	genPointerSet
                           1701 ;	genMove_o size 2 result type 2 source type 7 a_dead 1 hl_dead 1 de_dead 1 iy_dead 1 f_dead 1
   0617 21r03s00      [10] 1702 	ld	hl, #_nibble_op_test_low3_1_volatileBits_10000_43
   061A ED 67         [18] 1703 	rrd
   061C 79            [ 4] 1704 	ld	a, c
   061D ED 6F         [18] 1705 	rld
                           1706 ;	skipping iCode since result will be rematerialized
                           1707 ;	genPointerGet
   061F 3Ar03s00      [13] 1708 	ld	a, (#_nibble_op_test_low3_1_volatileBits_10000_43 + 0)
   0622 E6 0F         [ 7] 1709 	and	a, #0x0f
                           1710 ;	genCmpEq
   0624 FE 01         [ 7] 1711 	cp	a, #0x01
                           1712 ; common peephole 81 removed jp by using inverse jump logic
                           1713 ; common peephole 159 removed unused label 00218$.
                           1714 ; common peephole 163 changed absolute to relative conditional jump.
   0626 20 0D         [12] 1715 	jr	nz, 00110$
                           1716 ; common peephole 82 removed jp by using inverse jump logic
                           1717 ; common peephole 159 removed unused label 00219$.
                           1718 ;	skipping generated iCode
                           1719 ;	skipping iCode since result will be rematerialized
                           1720 ;	genPointerGet
   0628 3Ar03s00      [13] 1721 	ld	a, (#_nibble_op_test_low3_1_volatileBits_10000_43 + 0)
   062B 07            [ 4] 1722 	rlca
   062C 07            [ 4] 1723 	rlca
   062D 07            [ 4] 1724 	rlca
   062E 07            [ 4] 1725 	rlca
   062F E6 0F         [ 7] 1726 	and	a, #0x0f
                           1727 ;	genCmpEq
   0631 FE 0F         [ 7] 1728 	cp	a, #0x0f
                           1729 ; common peephole 163 changed absolute to relative conditional jump.
   0633 28 04         [12] 1730 	jr	z, 00111$
                           1731 ; common peephole 81 removed jp by using inverse jump logic
                           1732 ; common peephole 159 removed unused label 00220$.
                           1733 ;	skipping generated iCode
                           1734 ;	genLabel
   0635                    1735 00110$:
                           1736 ;	genAssign
                           1737 ;	genMove_o size 1 result type 11 source type 1 a_dead 1 hl_dead 1 de_dead 1 iy_dead 1 f_dead 1
   0635 AF            [ 4] 1738 	xor	a, a
   0636 32r00s00      [13] 1739 	ld	(#_success), a
                           1740 ; common peephole 19 loaded (#_success) from a directly instead of using hl.
                           1741 ;	genLabel
   0639                    1742 00111$:
                           1743 ;	genPlus
                           1744 ;	genMove_o size 2 result type 2 source type 10 a_dead 1 hl_dead 1 de_dead 1 iy_dead 1 f_dead 1
   0639 2Ar00s00      [16] 1745 	ld	hl, (___numTests)
   063C 23            [ 6] 1746 	inc	hl
                           1747 ;	genMove_o size 2 result type 10 source type 2 a_dead 1 hl_dead 1 de_dead 1 iy_dead 1 f_dead 1
   063D 22r00s00      [16] 1748 	ld	(___numTests), hl
                           1749 ;	genIfx
                           1750 ; common peephole 61 used hl instead of iy.
                           1751 ; common peephole 130a removed unnecessary +0 from constant
   0640 21r00s00      [10] 1752 	ld	hl, #_success
   0643 CB 46         [12] 1753 	bit	0, (hl)
                           1754 ; common peephole 163 changed absolute to relative conditional jump.
   0645 20 11         [12] 1755 	jr	nz, 00128$
                           1756 ;	skipping iCode since result will be rematerialized
                           1757 ;	skipping iCode since result will be rematerialized
                           1758 ;	skipping iCode since result will be rematerialized
                           1759 ;	skipping iCode since result will be rematerialized
                           1760 ;	skipping iCode since result will be rematerialized
                           1761 ;	skipping iCode since result will be rematerialized
                           1762 ;	genIpush
                           1763 ;	genMove_o size 2 result type 2 source type 1 a_dead 1 hl_dead 1 de_dead 1 iy_dead 1 f_dead 1
   0647 21 47 01      [10] 1764 	ld	hl, #0x0147
   064A E5            [11] 1765 	push	hl
                           1766 ;	genIpush
                           1767 ;	genMove_o size 2 result type 2 source type 7 a_dead 1 hl_dead 1 de_dead 1 iy_dead 1 f_dead 1
   064B 21r30s07      [10] 1768 	ld	hl, #___str_11
   064E E5            [11] 1769 	push	hl
                           1770 ;	genSend
                           1771 ;	genMove_o size 2 result type 2 source type 7 a_dead 1 hl_dead 1 de_dead 1 iy_dead 1 f_dead 1
   064F 11r28s07      [10] 1772 	ld	de, #___str_10
                           1773 ;	genSend
                           1774 ;	genMove_o size 2 result type 2 source type 7 a_dead 1 hl_dead 1 de_dead 0 iy_dead 1 f_dead 1
   0652 21r17s07      [10] 1775 	ld	hl, #___str_9
                           1776 ;	genCall
   0655 CDr00s00      [17] 1777 	call	___fail
                           1778 ;	genLabel
   0658                    1779 00128$:
                           1780 ;cases/bitfields-nibbles/bitfields-nibbles_operation_3_pattern_1_varType_4.c:328: TEST(low, 0x0D);
                           1781 ;	genAssign
                           1782 ;	genMove_o size 1 result type 11 source type 1 a_dead 1 hl_dead 1 de_dead 1 iy_dead 1 f_dead 1
   0658 21r00s00      [10] 1783 	ld	hl, #_success
   065B 36 01         [10] 1784 	ld	(hl), #0x01
                           1785 ;	genAddrOf
   065D 01r03s00      [10] 1786 	ld	bc, #_nibble_op_test_low3_1_volatileBits_10000_43+0
                           1787 ;	genPointerSet
   0660 0A            [ 7] 1788 	ld	a, (bc)
   0661 E6 F0         [ 7] 1789 	and	a, #0xf0
   0663 02            [ 7] 1790 	ld	(bc), a
                           1791 ;	genAddrOf
   0664 01r03s00      [10] 1792 	ld	bc, #_nibble_op_test_low3_1_volatileBits_10000_43+0
                           1793 ;	genPointerSet
   0667 0A            [ 7] 1794 	ld	a, (bc)
   0668 F6 F0         [ 7] 1795 	or	a, #0xf0
   066A 02            [ 7] 1796 	ld	(bc), a
                           1797 ;	skipping iCode since result will be rematerialized
                           1798 ;	genPointerGet
   066B 3Ar03s00      [13] 1799 	ld	a, (#_nibble_op_test_low3_1_volatileBits_10000_43 + 0)
                           1800 ;	genIfx
   066E E6 0F         [ 7] 1801 	and	a, #0x0f
                           1802 ; common peephole 100 removed redundant or after and.
                           1803 ; common peephole 163 changed absolute to relative conditional jump.
   0670 20 0D         [12] 1804 	jr	nz, 00113$
                           1805 ;	skipping iCode since result will be rematerialized
                           1806 ;	genPointerGet
   0672 3Ar03s00      [13] 1807 	ld	a, (#_nibble_op_test_low3_1_volatileBits_10000_43 + 0)
   0675 07            [ 4] 1808 	rlca
   0676 07            [ 4] 1809 	rlca
   0677 07            [ 4] 1810 	rlca
   0678 07            [ 4] 1811 	rlca
   0679 E6 0F         [ 7] 1812 	and	a, #0x0f
                           1813 ;	genCmpEq
   067B FE 0F         [ 7] 1814 	cp	a, #0x0f
                           1815 ; common peephole 163 changed absolute to relative conditional jump.
   067D 28 04         [12] 1816 	jr	z, 00114$
                           1817 ; common peephole 81 removed jp by using inverse jump logic
                           1818 ; common peephole 159 removed unused label 00221$.
                           1819 ;	skipping generated iCode
                           1820 ;	genLabel
   067F                    1821 00113$:
                           1822 ;	genAssign
                           1823 ;	genMove_o size 1 result type 11 source type 1 a_dead 1 hl_dead 1 de_dead 1 iy_dead 1 f_dead 1
   067F AF            [ 4] 1824 	xor	a, a
   0680 32r00s00      [13] 1825 	ld	(#_success), a
                           1826 ; common peephole 19 loaded (#_success) from a directly instead of using hl.
                           1827 ;	genLabel
   0683                    1828 00114$:
                           1829 ;	skipping iCode since result will be rematerialized
                           1830 ;	skipping iCode since result will be rematerialized
                           1831 ;	genPointerGet
   0683 3Ar03s00      [13] 1832 	ld	a, (#_nibble_op_test_low3_1_volatileBits_10000_43 + 0)
   0686 E6 0F         [ 7] 1833 	and	a, #0x0f
                           1834 ;	genXor
   0688 EE 0D         [ 7] 1835 	xor	a, #0x0d
                           1836 ;	genMove_o size 1 result type 2 source type 2 a_dead 1 hl_dead 1 de_dead 1 iy_dead 1 f_dead 1
   068A 4F            [ 4] 1837 	ld	c, a
                           1838 ;	genMove_o size 0 result type 2 source type 1 a_dead 1 hl_dead 1 de_dead 1 iy_dead 1 f_dead 1
                           1839 ;	genPointerSet
                           1840 ;	genMove_o size 2 result type 2 source type 7 a_dead 1 hl_dead 1 de_dead 1 iy_dead 1 f_dead 1
   068B 21r03s00      [10] 1841 	ld	hl, #_nibble_op_test_low3_1_volatileBits_10000_43
   068E ED 67         [18] 1842 	rrd
   0690 79            [ 4] 1843 	ld	a, c
   0691 ED 6F         [18] 1844 	rld
                           1845 ;	skipping iCode since result will be rematerialized
                           1846 ;	genPointerGet
   0693 3Ar03s00      [13] 1847 	ld	a, (#_nibble_op_test_low3_1_volatileBits_10000_43 + 0)
   0696 E6 0F         [ 7] 1848 	and	a, #0x0f
                           1849 ;	genCast
                           1850 ;	(locations are the same)
                           1851 ;	genCmpEq
   0698 FE 0D         [ 7] 1852 	cp	a, #0x0d
                           1853 ; common peephole 81 removed jp by using inverse jump logic
                           1854 ; common peephole 159 removed unused label 00222$.
                           1855 ; common peephole 163 changed absolute to relative conditional jump.
   069A 20 0D         [12] 1856 	jr	nz, 00116$
                           1857 ; common peephole 82 removed jp by using inverse jump logic
                           1858 ; common peephole 159 removed unused label 00223$.
                           1859 ;	skipping generated iCode
                           1860 ;	skipping iCode since result will be rematerialized
                           1861 ;	genPointerGet
   069C 3Ar03s00      [13] 1862 	ld	a, (#_nibble_op_test_low3_1_volatileBits_10000_43 + 0)
   069F 07            [ 4] 1863 	rlca
   06A0 07            [ 4] 1864 	rlca
   06A1 07            [ 4] 1865 	rlca
   06A2 07            [ 4] 1866 	rlca
   06A3 E6 0F         [ 7] 1867 	and	a, #0x0f
                           1868 ;	genCmpEq
   06A5 FE 0F         [ 7] 1869 	cp	a, #0x0f
                           1870 ; common peephole 163 changed absolute to relative conditional jump.
   06A7 28 04         [12] 1871 	jr	z, 00117$
                           1872 ; common peephole 81 removed jp by using inverse jump logic
                           1873 ; common peephole 159 removed unused label 00224$.
                           1874 ;	skipping generated iCode
                           1875 ;	genLabel
   06A9                    1876 00116$:
                           1877 ;	genAssign
                           1878 ;	genMove_o size 1 result type 11 source type 1 a_dead 1 hl_dead 1 de_dead 1 iy_dead 1 f_dead 1
   06A9 AF            [ 4] 1879 	xor	a, a
   06AA 32r00s00      [13] 1880 	ld	(#_success), a
                           1881 ; common peephole 19 loaded (#_success) from a directly instead of using hl.
                           1882 ;	genLabel
   06AD                    1883 00117$:
                           1884 ;	genAddrOf
   06AD 01r03s00      [10] 1885 	ld	bc, #_nibble_op_test_low3_1_volatileBits_10000_43+0
                           1886 ;	genPointerSet
   06B0 0A            [ 7] 1887 	ld	a, (bc)
   06B1 F6 0F         [ 7] 1888 	or	a, #0x0f
   06B3 02            [ 7] 1889 	ld	(bc), a
                           1890 ;	skipping iCode since result will be rematerialized
                           1891 ;	genPointerGet
   06B4 3Ar03s00      [13] 1892 	ld	a, (#_nibble_op_test_low3_1_volatileBits_10000_43 + 0)
   06B7 E6 0F         [ 7] 1893 	and	a, #0x0f
                           1894 ;	genCmpEq
   06B9 FE 0F         [ 7] 1895 	cp	a, #0x0f
                           1896 ; common peephole 81 removed jp by using inverse jump logic
                           1897 ; common peephole 159 removed unused label 00225$.
                           1898 ; common peephole 163 changed absolute to relative conditional jump.
   06BB 20 0D         [12] 1899 	jr	nz, 00119$
                           1900 ; common peephole 82 removed jp by using inverse jump logic
                           1901 ; common peephole 159 removed unused label 00226$.
                           1902 ;	skipping generated iCode
                           1903 ;	skipping iCode since result will be rematerialized
                           1904 ;	genPointerGet
   06BD 3Ar03s00      [13] 1905 	ld	a, (#_nibble_op_test_low3_1_volatileBits_10000_43 + 0)
   06C0 07            [ 4] 1906 	rlca
   06C1 07            [ 4] 1907 	rlca
   06C2 07            [ 4] 1908 	rlca
   06C3 07            [ 4] 1909 	rlca
   06C4 E6 0F         [ 7] 1910 	and	a, #0x0f
                           1911 ;	genCmpEq
   06C6 FE 0F         [ 7] 1912 	cp	a, #0x0f
                           1913 ; common peephole 163 changed absolute to relative conditional jump.
   06C8 28 04         [12] 1914 	jr	z, 00120$
                           1915 ; common peephole 81 removed jp by using inverse jump logic
                           1916 ; common peephole 159 removed unused label 00227$.
                           1917 ;	skipping generated iCode
                           1918 ;	genLabel
   06CA                    1919 00119$:
                           1920 ;	genAssign
                           1921 ;	genMove_o size 1 result type 11 source type 1 a_dead 1 hl_dead 1 de_dead 1 iy_dead 1 f_dead 1
   06CA AF            [ 4] 1922 	xor	a, a
   06CB 32r00s00      [13] 1923 	ld	(#_success), a
                           1924 ; common peephole 19 loaded (#_success) from a directly instead of using hl.
                           1925 ;	genLabel
   06CE                    1926 00120$:
                           1927 ;	skipping iCode since result will be rematerialized
                           1928 ;	skipping iCode since result will be rematerialized
                           1929 ;	genPointerGet
   06CE 3Ar03s00      [13] 1930 	ld	a, (#_nibble_op_test_low3_1_volatileBits_10000_43 + 0)
   06D1 E6 0F         [ 7] 1931 	and	a, #0x0f
                           1932 ;	genXor
   06D3 EE 0D         [ 7] 1933 	xor	a, #0x0d
                           1934 ;	genMove_o size 1 result type 2 source type 2 a_dead 1 hl_dead 1 de_dead 1 iy_dead 1 f_dead 1
   06D5 4F            [ 4] 1935 	ld	c, a
                           1936 ;	genMove_o size 0 result type 2 source type 1 a_dead 1 hl_dead 1 de_dead 1 iy_dead 1 f_dead 1
                           1937 ;	genPointerSet
                           1938 ;	genMove_o size 2 result type 2 source type 7 a_dead 1 hl_dead 1 de_dead 1 iy_dead 1 f_dead 1
   06D6 21r03s00      [10] 1939 	ld	hl, #_nibble_op_test_low3_1_volatileBits_10000_43
   06D9 ED 67         [18] 1940 	rrd
   06DB 79            [ 4] 1941 	ld	a, c
   06DC ED 6F         [18] 1942 	rld
                           1943 ;	skipping iCode since result will be rematerialized
                           1944 ;	genPointerGet
   06DE 3Ar03s00      [13] 1945 	ld	a, (#_nibble_op_test_low3_1_volatileBits_10000_43 + 0)
   06E1 E6 0F         [ 7] 1946 	and	a, #0x0f
                           1947 ;	genCast
                           1948 ;	(locations are the same)
                           1949 ;	genCmpEq
   06E3 FE 02         [ 7] 1950 	cp	a, #0x02
                           1951 ; common peephole 81 removed jp by using inverse jump logic
                           1952 ; common peephole 159 removed unused label 00228$.
                           1953 ; common peephole 163 changed absolute to relative conditional jump.
   06E5 20 0D         [12] 1954 	jr	nz, 00122$
                           1955 ; common peephole 82 removed jp by using inverse jump logic
                           1956 ; common peephole 159 removed unused label 00229$.
                           1957 ;	skipping generated iCode
                           1958 ;	skipping iCode since result will be rematerialized
                           1959 ;	genPointerGet
   06E7 3Ar03s00      [13] 1960 	ld	a, (#_nibble_op_test_low3_1_volatileBits_10000_43 + 0)
   06EA 07            [ 4] 1961 	rlca
   06EB 07            [ 4] 1962 	rlca
   06EC 07            [ 4] 1963 	rlca
   06ED 07            [ 4] 1964 	rlca
   06EE E6 0F         [ 7] 1965 	and	a, #0x0f
                           1966 ;	genCmpEq
   06F0 FE 0F         [ 7] 1967 	cp	a, #0x0f
                           1968 ; common peephole 163 changed absolute to relative conditional jump.
   06F2 28 04         [12] 1969 	jr	z, 00123$
                           1970 ; common peephole 81 removed jp by using inverse jump logic
                           1971 ; common peephole 159 removed unused label 00230$.
                           1972 ;	skipping generated iCode
                           1973 ;	genLabel
   06F4                    1974 00122$:
                           1975 ;	genAssign
                           1976 ;	genMove_o size 1 result type 11 source type 1 a_dead 1 hl_dead 1 de_dead 1 iy_dead 1 f_dead 1
   06F4 AF            [ 4] 1977 	xor	a, a
   06F5 32r00s00      [13] 1978 	ld	(#_success), a
                           1979 ; common peephole 19 loaded (#_success) from a directly instead of using hl.
                           1980 ;	genLabel
   06F8                    1981 00123$:
                           1982 ;	genPlus
                           1983 ;	genMove_o size 2 result type 2 source type 10 a_dead 1 hl_dead 1 de_dead 1 iy_dead 1 f_dead 1
   06F8 2Ar00s00      [16] 1984 	ld	hl, (___numTests)
   06FB 23            [ 6] 1985 	inc	hl
                           1986 ;	genMove_o size 2 result type 10 source type 2 a_dead 1 hl_dead 1 de_dead 1 iy_dead 1 f_dead 1
   06FC 22r00s00      [16] 1987 	ld	(___numTests), hl
                           1988 ;	genIfx
                           1989 ; common peephole 61 used hl instead of iy.
                           1990 ; common peephole 130a removed unnecessary +0 from constant
   06FF 21r00s00      [10] 1991 	ld	hl, #_success
   0702 CB 46         [12] 1992 	bit	0, (hl)
   0704 C0            [11] 1993 	ret	nz
                           1994 ; common peephole 161 replaced jump by return.
                           1995 ;	skipping iCode since result will be rematerialized
                           1996 ;	skipping iCode since result will be rematerialized
                           1997 ;	skipping iCode since result will be rematerialized
                           1998 ;	skipping iCode since result will be rematerialized
                           1999 ;	skipping iCode since result will be rematerialized
                           2000 ;	skipping iCode since result will be rematerialized
                           2001 ;	genIpush
                           2002 ;	genMove_o size 2 result type 2 source type 1 a_dead 1 hl_dead 1 de_dead 1 iy_dead 1 f_dead 1
   0705 21 48 01      [10] 2003 	ld	hl, #0x0148
   0708 E5            [11] 2004 	push	hl
                           2005 ;	genIpush
                           2006 ;	genMove_o size 2 result type 2 source type 7 a_dead 1 hl_dead 1 de_dead 1 iy_dead 1 f_dead 1
   0709 21r30s07      [10] 2007 	ld	hl, #___str_11
   070C E5            [11] 2008 	push	hl
                           2009 ;	genSend
                           2010 ;	genMove_o size 2 result type 2 source type 7 a_dead 1 hl_dead 1 de_dead 1 iy_dead 1 f_dead 1
   070D 11r28s07      [10] 2011 	ld	de, #___str_10
                           2012 ;	genSend
                           2013 ;	genMove_o size 2 result type 2 source type 7 a_dead 1 hl_dead 1 de_dead 0 iy_dead 1 f_dead 1
   0710 21r17s07      [10] 2014 	ld	hl, #___str_9
                           2015 ;	genCall
   0713 CDr00s00      [17] 2016 	call	___fail
                           2017 ;	genLabel
                           2018 ; common peephole 159 removed unused label 00125$.
                           2019 ;cases/bitfields-nibbles/bitfields-nibbles_operation_3_pattern_1_varType_4.c:329: }
                           2020 ;	genEndFunction
   0716 C9            [10] 2021 	ret
                           2022 ;	Total nibble_op_test_low3_1 function size at codegen: 13 bytes.
   0717                    2023 ___str_9:
   0717 41 73 73 65 72 74  2024 	.ascii "Assertion failed"
        69 6F 6E 20 66 61
        69 6C 65 64
   0727 00                 2025 	.db 0x00
   0728                    2026 ___str_10:
   0728 73 75 63 63 65 73  2027 	.ascii "success"
        73
   072F 00                 2028 	.db 0x00
   0730                    2029 ___str_11:
   0730 63 61 73 65 73 2F  2030 	.ascii "cases/bitfields-nibbles/bitfields-nibbles_operation_3_patter"
        62 69 74 66 69 65
        6C 64 73 2D 6E 69
        62 62 6C 65 73 2F
        62 69 74 66 69 65
        6C 64 73 2D 6E 69
        62 62 6C 65 73 5F
        6F 70 65 72 61 74
        69 6F 6E 5F 33 5F
        70 61 74 74 65 72
   076C 6E 5F 31 5F 76 61  2031 	.ascii "n_1_varType_4.c"
        72 54 79 70 65 5F
        34 2E 63
   077B 00                 2032 	.db 0x00
                           2033 ;cases/bitfields-nibbles/bitfields-nibbles_operation_3_pattern_1_varType_4.c:340: nibble_op_test_low4_1(void)
                           2034 ;	genLabel
                           2035 ;	genFunction
                           2036 ;	---------------------------------
                           2037 ; Function nibble_op_test_low4_1
                           2038 ; ---------------------------------
                           2039 ;	Register assignment might be sub-optimal.
                           2040 ; Stack space usage: 0 bytes.
   077C                    2041 _nibble_op_test_low4_1:
                           2042 ;cases/bitfields-nibbles/bitfields-nibbles_operation_3_pattern_1_varType_4.c:343: TEST(low, 0x10);
                           2043 ;	genAssign
                           2044 ;	genMove_o size 1 result type 11 source type 1 a_dead 1 hl_dead 1 de_dead 1 iy_dead 1 f_dead 1
   077C 21r00s00      [10] 2045 	ld	hl, #_success
   077F 36 01         [10] 2046 	ld	(hl), #0x01
                           2047 ;	genAddrOf
   0781 01r04s00      [10] 2048 	ld	bc, #_nibble_op_test_low4_1_volatileBits_10000_53+0
                           2049 ;	genPointerSet
   0784 0A            [ 7] 2050 	ld	a, (bc)
   0785 E6 F0         [ 7] 2051 	and	a, #0xf0
   0787 02            [ 7] 2052 	ld	(bc), a
                           2053 ;	genAddrOf
   0788 01r04s00      [10] 2054 	ld	bc, #_nibble_op_test_low4_1_volatileBits_10000_53+0
                           2055 ;	genPointerSet
   078B 0A            [ 7] 2056 	ld	a, (bc)
   078C F6 F0         [ 7] 2057 	or	a, #0xf0
   078E 02            [ 7] 2058 	ld	(bc), a
                           2059 ;	skipping iCode since result will be rematerialized
                           2060 ;	genPointerGet
   078F 3Ar04s00      [13] 2061 	ld	a, (#_nibble_op_test_low4_1_volatileBits_10000_53 + 0)
                           2062 ;	genIfx
   0792 E6 0F         [ 7] 2063 	and	a, #0x0f
                           2064 ; common peephole 100 removed redundant or after and.
                           2065 ; common peephole 163 changed absolute to relative conditional jump.
   0794 20 0D         [12] 2066 	jr	nz, 00101$
                           2067 ;	skipping iCode since result will be rematerialized
                           2068 ;	genPointerGet
   0796 3Ar04s00      [13] 2069 	ld	a, (#_nibble_op_test_low4_1_volatileBits_10000_53 + 0)
   0799 07            [ 4] 2070 	rlca
   079A 07            [ 4] 2071 	rlca
   079B 07            [ 4] 2072 	rlca
   079C 07            [ 4] 2073 	rlca
   079D E6 0F         [ 7] 2074 	and	a, #0x0f
                           2075 ;	genCmpEq
   079F FE 0F         [ 7] 2076 	cp	a, #0x0f
                           2077 ; common peephole 163 changed absolute to relative conditional jump.
   07A1 28 04         [12] 2078 	jr	z, 00102$
                           2079 ; common peephole 81 removed jp by using inverse jump logic
                           2080 ; common peephole 159 removed unused label 00211$.
                           2081 ;	skipping generated iCode
                           2082 ;	genLabel
   07A3                    2083 00101$:
                           2084 ;	genAssign
                           2085 ;	genMove_o size 1 result type 11 source type 1 a_dead 1 hl_dead 1 de_dead 1 iy_dead 1 f_dead 1
   07A3 AF            [ 4] 2086 	xor	a, a
   07A4 32r00s00      [13] 2087 	ld	(#_success), a
                           2088 ; common peephole 19 loaded (#_success) from a directly instead of using hl.
                           2089 ;	genLabel
   07A7                    2090 00102$:
                           2091 ;	skipping iCode since result will be rematerialized
                           2092 ;	genAddrOf
                           2093 ;	genPointerGet
                           2094 ;fetchPairLong
   07A7 3Ar04s00      [13] 2095 	ld	a, (#_nibble_op_test_low4_1_volatileBits_10000_53+0)
                           2096 ; common peephole 17 loaded a from (#_nibble_op_test_low4_1_volatileBits_10000_53+0) directly instead of using hl.
   07AA E6 0F         [ 7] 2097 	and	a, #0x0f
   07AC 4F            [ 4] 2098 	ld	c, a
                           2099 ;	genPointerSet
                           2100 ;	genMove_o size 2 result type 2 source type 7 a_dead 1 hl_dead 1 de_dead 1 iy_dead 1 f_dead 1
   07AD 21r04s00      [10] 2101 	ld	hl, #_nibble_op_test_low4_1_volatileBits_10000_53
   07B0 ED 67         [18] 2102 	rrd
   07B2 79            [ 4] 2103 	ld	a, c
   07B3 ED 6F         [18] 2104 	rld
                           2105 ;	skipping iCode since result will be rematerialized
                           2106 ;	genPointerGet
   07B5 3Ar04s00      [13] 2107 	ld	a, (#_nibble_op_test_low4_1_volatileBits_10000_53 + 0)
                           2108 ;	genIfx
   07B8 E6 0F         [ 7] 2109 	and	a, #0x0f
                           2110 ; common peephole 100 removed redundant or after and.
                           2111 ; common peephole 163 changed absolute to relative conditional jump.
   07BA 20 0D         [12] 2112 	jr	nz, 00104$
                           2113 ;	skipping iCode since result will be rematerialized
                           2114 ;	genPointerGet
   07BC 3Ar04s00      [13] 2115 	ld	a, (#_nibble_op_test_low4_1_volatileBits_10000_53 + 0)
   07BF 07            [ 4] 2116 	rlca
   07C0 07            [ 4] 2117 	rlca
   07C1 07            [ 4] 2118 	rlca
   07C2 07            [ 4] 2119 	rlca
   07C3 E6 0F         [ 7] 2120 	and	a, #0x0f
                           2121 ;	genCmpEq
   07C5 FE 0F         [ 7] 2122 	cp	a, #0x0f
                           2123 ; common peephole 163 changed absolute to relative conditional jump.
   07C7 28 04         [12] 2124 	jr	z, 00105$
                           2125 ; common peephole 81 removed jp by using inverse jump logic
                           2126 ; common peephole 159 removed unused label 00212$.
                           2127 ;	skipping generated iCode
                           2128 ;	genLabel
   07C9                    2129 00104$:
                           2130 ;	genAssign
                           2131 ;	genMove_o size 1 result type 11 source type 1 a_dead 1 hl_dead 1 de_dead 1 iy_dead 1 f_dead 1
   07C9 AF            [ 4] 2132 	xor	a, a
   07CA 32r00s00      [13] 2133 	ld	(#_success), a
                           2134 ; common peephole 19 loaded (#_success) from a directly instead of using hl.
                           2135 ;	genLabel
   07CD                    2136 00105$:
                           2137 ;	genAddrOf
   07CD 01r04s00      [10] 2138 	ld	bc, #_nibble_op_test_low4_1_volatileBits_10000_53+0
                           2139 ;	genPointerSet
   07D0 0A            [ 7] 2140 	ld	a, (bc)
   07D1 F6 0F         [ 7] 2141 	or	a, #0x0f
   07D3 02            [ 7] 2142 	ld	(bc), a
                           2143 ;	skipping iCode since result will be rematerialized
                           2144 ;	genPointerGet
   07D4 3Ar04s00      [13] 2145 	ld	a, (#_nibble_op_test_low4_1_volatileBits_10000_53 + 0)
   07D7 E6 0F         [ 7] 2146 	and	a, #0x0f
                           2147 ;	genCmpEq
   07D9 FE 0F         [ 7] 2148 	cp	a, #0x0f
                           2149 ; common peephole 81 removed jp by using inverse jump logic
                           2150 ; common peephole 159 removed unused label 00213$.
                           2151 ; common peephole 163 changed absolute to relative conditional jump.
   07DB 20 0D         [12] 2152 	jr	nz, 00107$
                           2153 ; common peephole 82 removed jp by using inverse jump logic
                           2154 ; common peephole 159 removed unused label 00214$.
                           2155 ;	skipping generated iCode
                           2156 ;	skipping iCode since result will be rematerialized
                           2157 ;	genPointerGet
   07DD 3Ar04s00      [13] 2158 	ld	a, (#_nibble_op_test_low4_1_volatileBits_10000_53 + 0)
   07E0 07            [ 4] 2159 	rlca
   07E1 07            [ 4] 2160 	rlca
   07E2 07            [ 4] 2161 	rlca
   07E3 07            [ 4] 2162 	rlca
   07E4 E6 0F         [ 7] 2163 	and	a, #0x0f
                           2164 ;	genCmpEq
   07E6 FE 0F         [ 7] 2165 	cp	a, #0x0f
                           2166 ; common peephole 163 changed absolute to relative conditional jump.
   07E8 28 04         [12] 2167 	jr	z, 00108$
                           2168 ; common peephole 81 removed jp by using inverse jump logic
                           2169 ; common peephole 159 removed unused label 00215$.
                           2170 ;	skipping generated iCode
                           2171 ;	genLabel
   07EA                    2172 00107$:
                           2173 ;	genAssign
                           2174 ;	genMove_o size 1 result type 11 source type 1 a_dead 1 hl_dead 1 de_dead 1 iy_dead 1 f_dead 1
   07EA AF            [ 4] 2175 	xor	a, a
   07EB 32r00s00      [13] 2176 	ld	(#_success), a
                           2177 ; common peephole 19 loaded (#_success) from a directly instead of using hl.
                           2178 ;	genLabel
   07EE                    2179 00108$:
                           2180 ;	skipping iCode since result will be rematerialized
                           2181 ;	genAddrOf
                           2182 ;	genPointerGet
                           2183 ;fetchPairLong
   07EE 3Ar04s00      [13] 2184 	ld	a, (#_nibble_op_test_low4_1_volatileBits_10000_53+0)
                           2185 ; common peephole 17 loaded a from (#_nibble_op_test_low4_1_volatileBits_10000_53+0) directly instead of using hl.
   07F1 E6 0F         [ 7] 2186 	and	a, #0x0f
   07F3 4F            [ 4] 2187 	ld	c, a
                           2188 ;	genPointerSet
                           2189 ;	genMove_o size 2 result type 2 source type 7 a_dead 1 hl_dead 1 de_dead 1 iy_dead 1 f_dead 1
   07F4 21r04s00      [10] 2190 	ld	hl, #_nibble_op_test_low4_1_volatileBits_10000_53
   07F7 ED 67         [18] 2191 	rrd
   07F9 79            [ 4] 2192 	ld	a, c
   07FA ED 6F         [18] 2193 	rld
                           2194 ;	skipping iCode since result will be rematerialized
                           2195 ;	genPointerGet
   07FC 3Ar04s00      [13] 2196 	ld	a, (#_nibble_op_test_low4_1_volatileBits_10000_53 + 0)
   07FF E6 0F         [ 7] 2197 	and	a, #0x0f
                           2198 ;	genCast
                           2199 ;	(locations are the same)
                           2200 ;	genCmpEq
   0801 FE 0F         [ 7] 2201 	cp	a, #0x0f
                           2202 ; common peephole 81 removed jp by using inverse jump logic
                           2203 ; common peephole 159 removed unused label 00216$.
                           2204 ; common peephole 163 changed absolute to relative conditional jump.
   0803 20 0D         [12] 2205 	jr	nz, 00110$
                           2206 ; common peephole 82 removed jp by using inverse jump logic
                           2207 ; common peephole 159 removed unused label 00217$.
                           2208 ;	skipping generated iCode
                           2209 ;	skipping iCode since result will be rematerialized
                           2210 ;	genPointerGet
   0805 3Ar04s00      [13] 2211 	ld	a, (#_nibble_op_test_low4_1_volatileBits_10000_53 + 0)
   0808 07            [ 4] 2212 	rlca
   0809 07            [ 4] 2213 	rlca
   080A 07            [ 4] 2214 	rlca
   080B 07            [ 4] 2215 	rlca
   080C E6 0F         [ 7] 2216 	and	a, #0x0f
                           2217 ;	genCmpEq
   080E FE 0F         [ 7] 2218 	cp	a, #0x0f
                           2219 ; common peephole 163 changed absolute to relative conditional jump.
   0810 28 04         [12] 2220 	jr	z, 00111$
                           2221 ; common peephole 81 removed jp by using inverse jump logic
                           2222 ; common peephole 159 removed unused label 00218$.
                           2223 ;	skipping generated iCode
                           2224 ;	genLabel
   0812                    2225 00110$:
                           2226 ;	genAssign
                           2227 ;	genMove_o size 1 result type 11 source type 1 a_dead 1 hl_dead 1 de_dead 1 iy_dead 1 f_dead 1
   0812 AF            [ 4] 2228 	xor	a, a
   0813 32r00s00      [13] 2229 	ld	(#_success), a
                           2230 ; common peephole 19 loaded (#_success) from a directly instead of using hl.
                           2231 ;	genLabel
   0816                    2232 00111$:
                           2233 ;	genPlus
                           2234 ;	genMove_o size 2 result type 2 source type 10 a_dead 1 hl_dead 1 de_dead 1 iy_dead 1 f_dead 1
   0816 2Ar00s00      [16] 2235 	ld	hl, (___numTests)
   0819 23            [ 6] 2236 	inc	hl
                           2237 ;	genMove_o size 2 result type 10 source type 2 a_dead 1 hl_dead 1 de_dead 1 iy_dead 1 f_dead 1
   081A 22r00s00      [16] 2238 	ld	(___numTests), hl
                           2239 ;	genIfx
                           2240 ; common peephole 61 used hl instead of iy.
                           2241 ; common peephole 130a removed unnecessary +0 from constant
   081D 21r00s00      [10] 2242 	ld	hl, #_success
   0820 CB 46         [12] 2243 	bit	0, (hl)
                           2244 ; common peephole 163 changed absolute to relative conditional jump.
   0822 20 11         [12] 2245 	jr	nz, 00128$
                           2246 ;	skipping iCode since result will be rematerialized
                           2247 ;	skipping iCode since result will be rematerialized
                           2248 ;	skipping iCode since result will be rematerialized
                           2249 ;	skipping iCode since result will be rematerialized
                           2250 ;	skipping iCode since result will be rematerialized
                           2251 ;	skipping iCode since result will be rematerialized
                           2252 ;	genIpush
                           2253 ;	genMove_o size 2 result type 2 source type 1 a_dead 1 hl_dead 1 de_dead 1 iy_dead 1 f_dead 1
   0824 21 57 01      [10] 2254 	ld	hl, #0x0157
   0827 E5            [11] 2255 	push	hl
                           2256 ;	genIpush
                           2257 ;	genMove_o size 2 result type 2 source type 7 a_dead 1 hl_dead 1 de_dead 1 iy_dead 1 f_dead 1
   0828 21r07s09      [10] 2258 	ld	hl, #___str_14
   082B E5            [11] 2259 	push	hl
                           2260 ;	genSend
                           2261 ;	genMove_o size 2 result type 2 source type 7 a_dead 1 hl_dead 1 de_dead 1 iy_dead 1 f_dead 1
   082C 11rFFs08      [10] 2262 	ld	de, #___str_13
                           2263 ;	genSend
                           2264 ;	genMove_o size 2 result type 2 source type 7 a_dead 1 hl_dead 1 de_dead 0 iy_dead 1 f_dead 1
   082F 21rEEs08      [10] 2265 	ld	hl, #___str_12
                           2266 ;	genCall
   0832 CDr00s00      [17] 2267 	call	___fail
                           2268 ;	genLabel
   0835                    2269 00128$:
                           2270 ;cases/bitfields-nibbles/bitfields-nibbles_operation_3_pattern_1_varType_4.c:344: TEST(low, 0x20);
                           2271 ;	genAssign
                           2272 ;	genMove_o size 1 result type 11 source type 1 a_dead 1 hl_dead 1 de_dead 1 iy_dead 1 f_dead 1
   0835 21r00s00      [10] 2273 	ld	hl, #_success
   0838 36 01         [10] 2274 	ld	(hl), #0x01
                           2275 ;	genAddrOf
   083A 01r04s00      [10] 2276 	ld	bc, #_nibble_op_test_low4_1_volatileBits_10000_53+0
                           2277 ;	genPointerSet
   083D 0A            [ 7] 2278 	ld	a, (bc)
   083E E6 F0         [ 7] 2279 	and	a, #0xf0
   0840 02            [ 7] 2280 	ld	(bc), a
                           2281 ;	genAddrOf
   0841 01r04s00      [10] 2282 	ld	bc, #_nibble_op_test_low4_1_volatileBits_10000_53+0
                           2283 ;	genPointerSet
   0844 0A            [ 7] 2284 	ld	a, (bc)
   0845 F6 F0         [ 7] 2285 	or	a, #0xf0
   0847 02            [ 7] 2286 	ld	(bc), a
                           2287 ;	skipping iCode since result will be rematerialized
                           2288 ;	genPointerGet
   0848 3Ar04s00      [13] 2289 	ld	a, (#_nibble_op_test_low4_1_volatileBits_10000_53 + 0)
                           2290 ;	genIfx
   084B E6 0F         [ 7] 2291 	and	a, #0x0f
                           2292 ; common peephole 100 removed redundant or after and.
                           2293 ; common peephole 163 changed absolute to relative conditional jump.
   084D 20 0D         [12] 2294 	jr	nz, 00113$
                           2295 ;	skipping iCode since result will be rematerialized
                           2296 ;	genPointerGet
   084F 3Ar04s00      [13] 2297 	ld	a, (#_nibble_op_test_low4_1_volatileBits_10000_53 + 0)
   0852 07            [ 4] 2298 	rlca
   0853 07            [ 4] 2299 	rlca
   0854 07            [ 4] 2300 	rlca
   0855 07            [ 4] 2301 	rlca
   0856 E6 0F         [ 7] 2302 	and	a, #0x0f
                           2303 ;	genCmpEq
   0858 FE 0F         [ 7] 2304 	cp	a, #0x0f
                           2305 ; common peephole 163 changed absolute to relative conditional jump.
   085A 28 04         [12] 2306 	jr	z, 00114$
                           2307 ; common peephole 81 removed jp by using inverse jump logic
                           2308 ; common peephole 159 removed unused label 00219$.
                           2309 ;	skipping generated iCode
                           2310 ;	genLabel
   085C                    2311 00113$:
                           2312 ;	genAssign
                           2313 ;	genMove_o size 1 result type 11 source type 1 a_dead 1 hl_dead 1 de_dead 1 iy_dead 1 f_dead 1
   085C AF            [ 4] 2314 	xor	a, a
   085D 32r00s00      [13] 2315 	ld	(#_success), a
                           2316 ; common peephole 19 loaded (#_success) from a directly instead of using hl.
                           2317 ;	genLabel
   0860                    2318 00114$:
                           2319 ;	skipping iCode since result will be rematerialized
                           2320 ;	genAddrOf
                           2321 ;	genPointerGet
                           2322 ;fetchPairLong
   0860 3Ar04s00      [13] 2323 	ld	a, (#_nibble_op_test_low4_1_volatileBits_10000_53+0)
                           2324 ; common peephole 17 loaded a from (#_nibble_op_test_low4_1_volatileBits_10000_53+0) directly instead of using hl.
   0863 E6 0F         [ 7] 2325 	and	a, #0x0f
   0865 4F            [ 4] 2326 	ld	c, a
                           2327 ;	genPointerSet
                           2328 ;	genMove_o size 2 result type 2 source type 7 a_dead 1 hl_dead 1 de_dead 1 iy_dead 1 f_dead 1
   0866 21r04s00      [10] 2329 	ld	hl, #_nibble_op_test_low4_1_volatileBits_10000_53
   0869 ED 67         [18] 2330 	rrd
   086B 79            [ 4] 2331 	ld	a, c
   086C ED 6F         [18] 2332 	rld
                           2333 ;	skipping iCode since result will be rematerialized
                           2334 ;	genPointerGet
   086E 3Ar04s00      [13] 2335 	ld	a, (#_nibble_op_test_low4_1_volatileBits_10000_53 + 0)
                           2336 ;	genIfx
   0871 E6 0F         [ 7] 2337 	and	a, #0x0f
                           2338 ; common peephole 100 removed redundant or after and.
                           2339 ; common peephole 163 changed absolute to relative conditional jump.
   0873 20 0D         [12] 2340 	jr	nz, 00116$
                           2341 ;	skipping iCode since result will be rematerialized
                           2342 ;	genPointerGet
   0875 3Ar04s00      [13] 2343 	ld	a, (#_nibble_op_test_low4_1_volatileBits_10000_53 + 0)
   0878 07            [ 4] 2344 	rlca
   0879 07            [ 4] 2345 	rlca
   087A 07            [ 4] 2346 	rlca
   087B 07            [ 4] 2347 	rlca
   087C E6 0F         [ 7] 2348 	and	a, #0x0f
                           2349 ;	genCmpEq
   087E FE 0F         [ 7] 2350 	cp	a, #0x0f
                           2351 ; common peephole 163 changed absolute to relative conditional jump.
   0880 28 04         [12] 2352 	jr	z, 00117$
                           2353 ; common peephole 81 removed jp by using inverse jump logic
                           2354 ; common peephole 159 removed unused label 00220$.
                           2355 ;	skipping generated iCode
                           2356 ;	genLabel
   0882                    2357 00116$:
                           2358 ;	genAssign
                           2359 ;	genMove_o size 1 result type 11 source type 1 a_dead 1 hl_dead 1 de_dead 1 iy_dead 1 f_dead 1
   0882 AF            [ 4] 2360 	xor	a, a
   0883 32r00s00      [13] 2361 	ld	(#_success), a
                           2362 ; common peephole 19 loaded (#_success) from a directly instead of using hl.
                           2363 ;	genLabel
   0886                    2364 00117$:
                           2365 ;	genAddrOf
   0886 01r04s00      [10] 2366 	ld	bc, #_nibble_op_test_low4_1_volatileBits_10000_53+0
                           2367 ;	genPointerSet
   0889 0A            [ 7] 2368 	ld	a, (bc)
   088A F6 0F         [ 7] 2369 	or	a, #0x0f
   088C 02            [ 7] 2370 	ld	(bc), a
                           2371 ;	skipping iCode since result will be rematerialized
                           2372 ;	genPointerGet
   088D 3Ar04s00      [13] 2373 	ld	a, (#_nibble_op_test_low4_1_volatileBits_10000_53 + 0)
   0890 E6 0F         [ 7] 2374 	and	a, #0x0f
                           2375 ;	genCmpEq
   0892 FE 0F         [ 7] 2376 	cp	a, #0x0f
                           2377 ; common peephole 81 removed jp by using inverse jump logic
                           2378 ; common peephole 159 removed unused label 00221$.
                           2379 ; common peephole 163 changed absolute to relative conditional jump.
   0894 20 0D         [12] 2380 	jr	nz, 00119$
                           2381 ; common peephole 82 removed jp by using inverse jump logic
                           2382 ; common peephole 159 removed unused label 00222$.
                           2383 ;	skipping generated iCode
                           2384 ;	skipping iCode since result will be rematerialized
                           2385 ;	genPointerGet
   0896 3Ar04s00      [13] 2386 	ld	a, (#_nibble_op_test_low4_1_volatileBits_10000_53 + 0)
   0899 07            [ 4] 2387 	rlca
   089A 07            [ 4] 2388 	rlca
   089B 07            [ 4] 2389 	rlca
   089C 07            [ 4] 2390 	rlca
   089D E6 0F         [ 7] 2391 	and	a, #0x0f
                           2392 ;	genCmpEq
   089F FE 0F         [ 7] 2393 	cp	a, #0x0f
                           2394 ; common peephole 163 changed absolute to relative conditional jump.
   08A1 28 04         [12] 2395 	jr	z, 00120$
                           2396 ; common peephole 81 removed jp by using inverse jump logic
                           2397 ; common peephole 159 removed unused label 00223$.
                           2398 ;	skipping generated iCode
                           2399 ;	genLabel
   08A3                    2400 00119$:
                           2401 ;	genAssign
                           2402 ;	genMove_o size 1 result type 11 source type 1 a_dead 1 hl_dead 1 de_dead 1 iy_dead 1 f_dead 1
   08A3 AF            [ 4] 2403 	xor	a, a
   08A4 32r00s00      [13] 2404 	ld	(#_success), a
                           2405 ; common peephole 19 loaded (#_success) from a directly instead of using hl.
                           2406 ;	genLabel
   08A7                    2407 00120$:
                           2408 ;	skipping iCode since result will be rematerialized
                           2409 ;	genAddrOf
                           2410 ;	genPointerGet
                           2411 ;fetchPairLong
   08A7 3Ar04s00      [13] 2412 	ld	a, (#_nibble_op_test_low4_1_volatileBits_10000_53+0)
                           2413 ; common peephole 17 loaded a from (#_nibble_op_test_low4_1_volatileBits_10000_53+0) directly instead of using hl.
   08AA E6 0F         [ 7] 2414 	and	a, #0x0f
   08AC 4F            [ 4] 2415 	ld	c, a
                           2416 ;	genPointerSet
                           2417 ;	genMove_o size 2 result type 2 source type 7 a_dead 1 hl_dead 1 de_dead 1 iy_dead 1 f_dead 1
   08AD 21r04s00      [10] 2418 	ld	hl, #_nibble_op_test_low4_1_volatileBits_10000_53
   08B0 ED 67         [18] 2419 	rrd
   08B2 79            [ 4] 2420 	ld	a, c
   08B3 ED 6F         [18] 2421 	rld
                           2422 ;	skipping iCode since result will be rematerialized
                           2423 ;	genPointerGet
   08B5 3Ar04s00      [13] 2424 	ld	a, (#_nibble_op_test_low4_1_volatileBits_10000_53 + 0)
   08B8 E6 0F         [ 7] 2425 	and	a, #0x0f
                           2426 ;	genCast
                           2427 ;	(locations are the same)
                           2428 ;	genCmpEq
   08BA FE 0F         [ 7] 2429 	cp	a, #0x0f
                           2430 ; common peephole 81 removed jp by using inverse jump logic
                           2431 ; common peephole 159 removed unused label 00224$.
                           2432 ; common peephole 163 changed absolute to relative conditional jump.
   08BC 20 0D         [12] 2433 	jr	nz, 00122$
                           2434 ; common peephole 82 removed jp by using inverse jump logic
                           2435 ; common peephole 159 removed unused label 00225$.
                           2436 ;	skipping generated iCode
                           2437 ;	skipping iCode since result will be rematerialized
                           2438 ;	genPointerGet
   08BE 3Ar04s00      [13] 2439 	ld	a, (#_nibble_op_test_low4_1_volatileBits_10000_53 + 0)
   08C1 07            [ 4] 2440 	rlca
   08C2 07            [ 4] 2441 	rlca
   08C3 07            [ 4] 2442 	rlca
   08C4 07            [ 4] 2443 	rlca
   08C5 E6 0F         [ 7] 2444 	and	a, #0x0f
                           2445 ;	genCmpEq
   08C7 FE 0F         [ 7] 2446 	cp	a, #0x0f
                           2447 ; common peephole 163 changed absolute to relative conditional jump.
   08C9 28 04         [12] 2448 	jr	z, 00123$
                           2449 ; common peephole 81 removed jp by using inverse jump logic
                           2450 ; common peephole 159 removed unused label 00226$.
                           2451 ;	skipping generated iCode
                           2452 ;	genLabel
   08CB                    2453 00122$:
                           2454 ;	genAssign
                           2455 ;	genMove_o size 1 result type 11 source type 1 a_dead 1 hl_dead 1 de_dead 1 iy_dead 1 f_dead 1
   08CB AF            [ 4] 2456 	xor	a, a
   08CC 32r00s00      [13] 2457 	ld	(#_success), a
                           2458 ; common peephole 19 loaded (#_success) from a directly instead of using hl.
                           2459 ;	genLabel
   08CF                    2460 00123$:
                           2461 ;	genPlus
                           2462 ;	genMove_o size 2 result type 2 source type 10 a_dead 1 hl_dead 1 de_dead 1 iy_dead 1 f_dead 1
   08CF 2Ar00s00      [16] 2463 	ld	hl, (___numTests)
   08D2 23            [ 6] 2464 	inc	hl
                           2465 ;	genMove_o size 2 result type 10 source type 2 a_dead 1 hl_dead 1 de_dead 1 iy_dead 1 f_dead 1
   08D3 22r00s00      [16] 2466 	ld	(___numTests), hl
                           2467 ;	genIfx
                           2468 ; common peephole 61 used hl instead of iy.
                           2469 ; common peephole 130a removed unnecessary +0 from constant
   08D6 21r00s00      [10] 2470 	ld	hl, #_success
   08D9 CB 46         [12] 2471 	bit	0, (hl)
   08DB C0            [11] 2472 	ret	nz
                           2473 ; common peephole 161 replaced jump by return.
                           2474 ;	skipping iCode since result will be rematerialized
                           2475 ;	skipping iCode since result will be rematerialized
                           2476 ;	skipping iCode since result will be rematerialized
                           2477 ;	skipping iCode since result will be rematerialized
                           2478 ;	skipping iCode since result will be rematerialized
                           2479 ;	skipping iCode since result will be rematerialized
                           2480 ;	genIpush
                           2481 ;	genMove_o size 2 result type 2 source type 1 a_dead 1 hl_dead 1 de_dead 1 iy_dead 1 f_dead 1
   08DC 21 58 01      [10] 2482 	ld	hl, #0x0158
   08DF E5            [11] 2483 	push	hl
                           2484 ;	genIpush
                           2485 ;	genMove_o size 2 result type 2 source type 7 a_dead 1 hl_dead 1 de_dead 1 iy_dead 1 f_dead 1
   08E0 21r07s09      [10] 2486 	ld	hl, #___str_14
   08E3 E5            [11] 2487 	push	hl
                           2488 ;	genSend
                           2489 ;	genMove_o size 2 result type 2 source type 7 a_dead 1 hl_dead 1 de_dead 1 iy_dead 1 f_dead 1
   08E4 11rFFs08      [10] 2490 	ld	de, #___str_13
                           2491 ;	genSend
                           2492 ;	genMove_o size 2 result type 2 source type 7 a_dead 1 hl_dead 1 de_dead 0 iy_dead 1 f_dead 1
   08E7 21rEEs08      [10] 2493 	ld	hl, #___str_12
                           2494 ;	genCall
   08EA CDr00s00      [17] 2495 	call	___fail
                           2496 ;	genLabel
                           2497 ; common peephole 159 removed unused label 00125$.
                           2498 ;cases/bitfields-nibbles/bitfields-nibbles_operation_3_pattern_1_varType_4.c:345: }
                           2499 ;	genEndFunction
   08ED C9            [10] 2500 	ret
                           2501 ;	Total nibble_op_test_low4_1 function size at codegen: 13 bytes.
   08EE                    2502 ___str_12:
   08EE 41 73 73 65 72 74  2503 	.ascii "Assertion failed"
        69 6F 6E 20 66 61
        69 6C 65 64
   08FE 00                 2504 	.db 0x00
   08FF                    2505 ___str_13:
   08FF 73 75 63 63 65 73  2506 	.ascii "success"
        73
   0906 00                 2507 	.db 0x00
   0907                    2508 ___str_14:
   0907 63 61 73 65 73 2F  2509 	.ascii "cases/bitfields-nibbles/bitfields-nibbles_operation_3_patter"
        62 69 74 66 69 65
        6C 64 73 2D 6E 69
        62 62 6C 65 73 2F
        62 69 74 66 69 65
        6C 64 73 2D 6E 69
        62 62 6C 65 73 5F
        6F 70 65 72 61 74
        69 6F 6E 5F 33 5F
        70 61 74 74 65 72
   0943 6E 5F 31 5F 76 61  2510 	.ascii "n_1_varType_4.c"
        72 54 79 70 65 5F
        34 2E 63
   0952 00                 2511 	.db 0x00
                           2512 ;cases/bitfields-nibbles/bitfields-nibbles_operation_3_pattern_1_varType_4.c:357: nibble_op_test_high1_1(void)
                           2513 ;	genLabel
                           2514 ;	genFunction
                           2515 ;	---------------------------------
                           2516 ; Function nibble_op_test_high1_1
                           2517 ; ---------------------------------
                           2518 ;	Register assignment might be sub-optimal.
                           2519 ; Stack space usage: 0 bytes.
   0953                    2520 _nibble_op_test_high1_1:
                           2521 ;cases/bitfields-nibbles/bitfields-nibbles_operation_3_pattern_1_varType_4.c:360: TEST(high, 0xFF);
                           2522 ;	genAssign
                           2523 ;	genMove_o size 1 result type 11 source type 1 a_dead 1 hl_dead 1 de_dead 1 iy_dead 1 f_dead 1
   0953 21r00s00      [10] 2524 	ld	hl, #_success
   0956 36 01         [10] 2525 	ld	(hl), #0x01
                           2526 ;	genAddrOf
   0958 01r05s00      [10] 2527 	ld	bc, #_nibble_op_test_high1_1_volatileBits_10000_63+0
                           2528 ;	genPointerSet
   095B 0A            [ 7] 2529 	ld	a, (bc)
   095C E6 0F         [ 7] 2530 	and	a, #0x0f
   095E 02            [ 7] 2531 	ld	(bc), a
                           2532 ;	genAddrOf
   095F 01r05s00      [10] 2533 	ld	bc, #_nibble_op_test_high1_1_volatileBits_10000_63+0
                           2534 ;	genPointerSet
   0962 0A            [ 7] 2535 	ld	a, (bc)
   0963 F6 0F         [ 7] 2536 	or	a, #0x0f
   0965 02            [ 7] 2537 	ld	(bc), a
                           2538 ;	skipping iCode since result will be rematerialized
                           2539 ;	genPointerGet
   0966 3Ar05s00      [13] 2540 	ld	a, (#_nibble_op_test_high1_1_volatileBits_10000_63 + 0)
   0969 07            [ 4] 2541 	rlca
   096A 07            [ 4] 2542 	rlca
   096B 07            [ 4] 2543 	rlca
   096C 07            [ 4] 2544 	rlca
                           2545 ;	genIfx
   096D E6 0F         [ 7] 2546 	and	a, #0x0f
                           2547 ; common peephole 100 removed redundant or after and.
                           2548 ; common peephole 163 changed absolute to relative conditional jump.
   096F 20 09         [12] 2549 	jr	nz, 00101$
                           2550 ;	skipping iCode since result will be rematerialized
                           2551 ;	genPointerGet
   0971 3Ar05s00      [13] 2552 	ld	a, (#_nibble_op_test_high1_1_volatileBits_10000_63 + 0)
   0974 E6 0F         [ 7] 2553 	and	a, #0x0f
                           2554 ;	genCmpEq
   0976 FE 0F         [ 7] 2555 	cp	a, #0x0f
                           2556 ; common peephole 163 changed absolute to relative conditional jump.
   0978 28 04         [12] 2557 	jr	z, 00102$
                           2558 ; common peephole 81 removed jp by using inverse jump logic
                           2559 ; common peephole 159 removed unused label 00211$.
                           2560 ;	skipping generated iCode
                           2561 ;	genLabel
   097A                    2562 00101$:
                           2563 ;	genAssign
                           2564 ;	genMove_o size 1 result type 11 source type 1 a_dead 1 hl_dead 1 de_dead 1 iy_dead 1 f_dead 1
   097A AF            [ 4] 2565 	xor	a, a
   097B 32r00s00      [13] 2566 	ld	(#_success), a
                           2567 ; common peephole 19 loaded (#_success) from a directly instead of using hl.
                           2568 ;	genLabel
   097E                    2569 00102$:
                           2570 ;	skipping iCode since result will be rematerialized
                           2571 ;	skipping iCode since result will be rematerialized
                           2572 ;	genPointerGet
   097E 3Ar05s00      [13] 2573 	ld	a, (#_nibble_op_test_high1_1_volatileBits_10000_63 + 0)
   0981 07            [ 4] 2574 	rlca
   0982 07            [ 4] 2575 	rlca
   0983 07            [ 4] 2576 	rlca
   0984 07            [ 4] 2577 	rlca
   0985 E6 0F         [ 7] 2578 	and	a, #0x0f
                           2579 ;	genXor
   0987 EE 0F         [ 7] 2580 	xor	a, #0x0f
                           2581 ;	genMove_o size 1 result type 2 source type 2 a_dead 1 hl_dead 1 de_dead 1 iy_dead 1 f_dead 1
   0989 4F            [ 4] 2582 	ld	c, a
                           2583 ;	genMove_o size 0 result type 2 source type 1 a_dead 1 hl_dead 1 de_dead 1 iy_dead 1 f_dead 1
                           2584 ;	genPointerSet
                           2585 ;	genMove_o size 2 result type 2 source type 7 a_dead 1 hl_dead 1 de_dead 1 iy_dead 1 f_dead 1
   098A 21r05s00      [10] 2586 	ld	hl, #_nibble_op_test_high1_1_volatileBits_10000_63
   098D ED 6F         [18] 2587 	rld
   098F 79            [ 4] 2588 	ld	a, c
   0990 ED 67         [18] 2589 	rrd
                           2590 ;	skipping iCode since result will be rematerialized
                           2591 ;	genPointerGet
   0992 3Ar05s00      [13] 2592 	ld	a, (#_nibble_op_test_high1_1_volatileBits_10000_63 + 0)
   0995 07            [ 4] 2593 	rlca
   0996 07            [ 4] 2594 	rlca
   0997 07            [ 4] 2595 	rlca
   0998 07            [ 4] 2596 	rlca
   0999 E6 0F         [ 7] 2597 	and	a, #0x0f
                           2598 ;	genCast
                           2599 ;	(locations are the same)
                           2600 ;	genCmpEq
   099B FE 0F         [ 7] 2601 	cp	a, #0x0f
                           2602 ; common peephole 81 removed jp by using inverse jump logic
                           2603 ; common peephole 159 removed unused label 00212$.
                           2604 ; common peephole 163 changed absolute to relative conditional jump.
   099D 20 09         [12] 2605 	jr	nz, 00104$
                           2606 ; common peephole 82 removed jp by using inverse jump logic
                           2607 ; common peephole 159 removed unused label 00213$.
                           2608 ;	skipping generated iCode
                           2609 ;	skipping iCode since result will be rematerialized
                           2610 ;	genPointerGet
   099F 3Ar05s00      [13] 2611 	ld	a, (#_nibble_op_test_high1_1_volatileBits_10000_63 + 0)
   09A2 E6 0F         [ 7] 2612 	and	a, #0x0f
                           2613 ;	genCmpEq
   09A4 FE 0F         [ 7] 2614 	cp	a, #0x0f
                           2615 ; common peephole 163 changed absolute to relative conditional jump.
   09A6 28 04         [12] 2616 	jr	z, 00105$
                           2617 ; common peephole 81 removed jp by using inverse jump logic
                           2618 ; common peephole 159 removed unused label 00214$.
                           2619 ;	skipping generated iCode
                           2620 ;	genLabel
   09A8                    2621 00104$:
                           2622 ;	genAssign
                           2623 ;	genMove_o size 1 result type 11 source type 1 a_dead 1 hl_dead 1 de_dead 1 iy_dead 1 f_dead 1
   09A8 AF            [ 4] 2624 	xor	a, a
   09A9 32r00s00      [13] 2625 	ld	(#_success), a
                           2626 ; common peephole 19 loaded (#_success) from a directly instead of using hl.
                           2627 ;	genLabel
   09AC                    2628 00105$:
                           2629 ;	genAddrOf
   09AC 01r05s00      [10] 2630 	ld	bc, #_nibble_op_test_high1_1_volatileBits_10000_63+0
                           2631 ;	genPointerSet
   09AF 0A            [ 7] 2632 	ld	a, (bc)
   09B0 F6 F0         [ 7] 2633 	or	a, #0xf0
   09B2 02            [ 7] 2634 	ld	(bc), a
                           2635 ;	skipping iCode since result will be rematerialized
                           2636 ;	genPointerGet
   09B3 3Ar05s00      [13] 2637 	ld	a, (#_nibble_op_test_high1_1_volatileBits_10000_63 + 0)
   09B6 07            [ 4] 2638 	rlca
   09B7 07            [ 4] 2639 	rlca
   09B8 07            [ 4] 2640 	rlca
   09B9 07            [ 4] 2641 	rlca
   09BA E6 0F         [ 7] 2642 	and	a, #0x0f
                           2643 ;	genCmpEq
   09BC FE 0F         [ 7] 2644 	cp	a, #0x0f
                           2645 ; common peephole 81 removed jp by using inverse jump logic
                           2646 ; common peephole 159 removed unused label 00215$.
                           2647 ; common peephole 163 changed absolute to relative conditional jump.
   09BE 20 09         [12] 2648 	jr	nz, 00107$
                           2649 ; common peephole 82 removed jp by using inverse jump logic
                           2650 ; common peephole 159 removed unused label 00216$.
                           2651 ;	skipping generated iCode
                           2652 ;	skipping iCode since result will be rematerialized
                           2653 ;	genPointerGet
   09C0 3Ar05s00      [13] 2654 	ld	a, (#_nibble_op_test_high1_1_volatileBits_10000_63 + 0)
   09C3 E6 0F         [ 7] 2655 	and	a, #0x0f
                           2656 ;	genCmpEq
   09C5 FE 0F         [ 7] 2657 	cp	a, #0x0f
                           2658 ; common peephole 163 changed absolute to relative conditional jump.
   09C7 28 04         [12] 2659 	jr	z, 00108$
                           2660 ; common peephole 81 removed jp by using inverse jump logic
                           2661 ; common peephole 159 removed unused label 00217$.
                           2662 ;	skipping generated iCode
                           2663 ;	genLabel
   09C9                    2664 00107$:
                           2665 ;	genAssign
                           2666 ;	genMove_o size 1 result type 11 source type 1 a_dead 1 hl_dead 1 de_dead 1 iy_dead 1 f_dead 1
   09C9 AF            [ 4] 2667 	xor	a, a
   09CA 32r00s00      [13] 2668 	ld	(#_success), a
                           2669 ; common peephole 19 loaded (#_success) from a directly instead of using hl.
                           2670 ;	genLabel
   09CD                    2671 00108$:
                           2672 ;	skipping iCode since result will be rematerialized
                           2673 ;	skipping iCode since result will be rematerialized
                           2674 ;	genPointerGet
   09CD 3Ar05s00      [13] 2675 	ld	a, (#_nibble_op_test_high1_1_volatileBits_10000_63 + 0)
   09D0 07            [ 4] 2676 	rlca
   09D1 07            [ 4] 2677 	rlca
   09D2 07            [ 4] 2678 	rlca
   09D3 07            [ 4] 2679 	rlca
   09D4 E6 0F         [ 7] 2680 	and	a, #0x0f
                           2681 ;	genXor
   09D6 EE 0F         [ 7] 2682 	xor	a, #0x0f
                           2683 ;	genMove_o size 1 result type 2 source type 2 a_dead 1 hl_dead 1 de_dead 1 iy_dead 1 f_dead 1
   09D8 4F            [ 4] 2684 	ld	c, a
                           2685 ;	genMove_o size 0 result type 2 source type 1 a_dead 1 hl_dead 1 de_dead 1 iy_dead 1 f_dead 1
                           2686 ;	genPointerSet
                           2687 ;	genMove_o size 2 result type 2 source type 7 a_dead 1 hl_dead 1 de_dead 1 iy_dead 1 f_dead 1
   09D9 21r05s00      [10] 2688 	ld	hl, #_nibble_op_test_high1_1_volatileBits_10000_63
   09DC ED 6F         [18] 2689 	rld
   09DE 79            [ 4] 2690 	ld	a, c
   09DF ED 67         [18] 2691 	rrd
                           2692 ;	skipping iCode since result will be rematerialized
                           2693 ;	genPointerGet
   09E1 3Ar05s00      [13] 2694 	ld	a, (#_nibble_op_test_high1_1_volatileBits_10000_63 + 0)
   09E4 07            [ 4] 2695 	rlca
   09E5 07            [ 4] 2696 	rlca
   09E6 07            [ 4] 2697 	rlca
   09E7 07            [ 4] 2698 	rlca
                           2699 ;	genIfx
   09E8 E6 0F         [ 7] 2700 	and	a, #0x0f
                           2701 ; common peephole 100 removed redundant or after and.
                           2702 ; common peephole 163 changed absolute to relative conditional jump.
   09EA 20 09         [12] 2703 	jr	nz, 00110$
                           2704 ;	skipping iCode since result will be rematerialized
                           2705 ;	genPointerGet
   09EC 3Ar05s00      [13] 2706 	ld	a, (#_nibble_op_test_high1_1_volatileBits_10000_63 + 0)
   09EF E6 0F         [ 7] 2707 	and	a, #0x0f
                           2708 ;	genCmpEq
   09F1 FE 0F         [ 7] 2709 	cp	a, #0x0f
                           2710 ; common peephole 163 changed absolute to relative conditional jump.
   09F3 28 04         [12] 2711 	jr	z, 00111$
                           2712 ; common peephole 81 removed jp by using inverse jump logic
                           2713 ; common peephole 159 removed unused label 00218$.
                           2714 ;	skipping generated iCode
                           2715 ;	genLabel
   09F5                    2716 00110$:
                           2717 ;	genAssign
                           2718 ;	genMove_o size 1 result type 11 source type 1 a_dead 1 hl_dead 1 de_dead 1 iy_dead 1 f_dead 1
   09F5 AF            [ 4] 2719 	xor	a, a
   09F6 32r00s00      [13] 2720 	ld	(#_success), a
                           2721 ; common peephole 19 loaded (#_success) from a directly instead of using hl.
                           2722 ;	genLabel
   09F9                    2723 00111$:
                           2724 ;	genPlus
                           2725 ;	genMove_o size 2 result type 2 source type 10 a_dead 1 hl_dead 1 de_dead 1 iy_dead 1 f_dead 1
   09F9 2Ar00s00      [16] 2726 	ld	hl, (___numTests)
   09FC 23            [ 6] 2727 	inc	hl
                           2728 ;	genMove_o size 2 result type 10 source type 2 a_dead 1 hl_dead 1 de_dead 1 iy_dead 1 f_dead 1
   09FD 22r00s00      [16] 2729 	ld	(___numTests), hl
                           2730 ;	genIfx
                           2731 ; common peephole 61 used hl instead of iy.
                           2732 ; common peephole 130a removed unnecessary +0 from constant
   0A00 21r00s00      [10] 2733 	ld	hl, #_success
   0A03 CB 46         [12] 2734 	bit	0, (hl)
                           2735 ; common peephole 163 changed absolute to relative conditional jump.
   0A05 20 11         [12] 2736 	jr	nz, 00128$
                           2737 ;	skipping iCode since result will be rematerialized
                           2738 ;	skipping iCode since result will be rematerialized
                           2739 ;	skipping iCode since result will be rematerialized
                           2740 ;	skipping iCode since result will be rematerialized
                           2741 ;	skipping iCode since result will be rematerialized
                           2742 ;	skipping iCode since result will be rematerialized
                           2743 ;	genIpush
                           2744 ;	genMove_o size 2 result type 2 source type 1 a_dead 1 hl_dead 1 de_dead 1 iy_dead 1 f_dead 1
   0A07 21 68 01      [10] 2745 	ld	hl, #0x0168
   0A0A E5            [11] 2746 	push	hl
                           2747 ;	genIpush
                           2748 ;	genMove_o size 2 result type 2 source type 7 a_dead 1 hl_dead 1 de_dead 1 iy_dead 1 f_dead 1
   0A0B 21rF2s0A      [10] 2749 	ld	hl, #___str_17
   0A0E E5            [11] 2750 	push	hl
                           2751 ;	genSend
                           2752 ;	genMove_o size 2 result type 2 source type 7 a_dead 1 hl_dead 1 de_dead 1 iy_dead 1 f_dead 1
   0A0F 11rEAs0A      [10] 2753 	ld	de, #___str_16
                           2754 ;	genSend
                           2755 ;	genMove_o size 2 result type 2 source type 7 a_dead 1 hl_dead 1 de_dead 0 iy_dead 1 f_dead 1
   0A12 21rD9s0A      [10] 2756 	ld	hl, #___str_15
                           2757 ;	genCall
   0A15 CDr00s00      [17] 2758 	call	___fail
                           2759 ;	genLabel
   0A18                    2760 00128$:
                           2761 ;cases/bitfields-nibbles/bitfields-nibbles_operation_3_pattern_1_varType_4.c:361: TEST(high, 0x00);
                           2762 ;	genAssign
                           2763 ;	genMove_o size 1 result type 11 source type 1 a_dead 1 hl_dead 1 de_dead 1 iy_dead 1 f_dead 1
   0A18 21r00s00      [10] 2764 	ld	hl, #_success
   0A1B 36 01         [10] 2765 	ld	(hl), #0x01
                           2766 ;	genAddrOf
   0A1D 01r05s00      [10] 2767 	ld	bc, #_nibble_op_test_high1_1_volatileBits_10000_63+0
                           2768 ;	genPointerSet
   0A20 0A            [ 7] 2769 	ld	a, (bc)
   0A21 E6 0F         [ 7] 2770 	and	a, #0x0f
   0A23 02            [ 7] 2771 	ld	(bc), a
                           2772 ;	genAddrOf
   0A24 01r05s00      [10] 2773 	ld	bc, #_nibble_op_test_high1_1_volatileBits_10000_63+0
                           2774 ;	genPointerSet
   0A27 0A            [ 7] 2775 	ld	a, (bc)
   0A28 F6 0F         [ 7] 2776 	or	a, #0x0f
   0A2A 02            [ 7] 2777 	ld	(bc), a
                           2778 ;	skipping iCode since result will be rematerialized
                           2779 ;	genPointerGet
   0A2B 3Ar05s00      [13] 2780 	ld	a, (#_nibble_op_test_high1_1_volatileBits_10000_63 + 0)
   0A2E 07            [ 4] 2781 	rlca
   0A2F 07            [ 4] 2782 	rlca
   0A30 07            [ 4] 2783 	rlca
   0A31 07            [ 4] 2784 	rlca
                           2785 ;	genIfx
   0A32 E6 0F         [ 7] 2786 	and	a, #0x0f
                           2787 ; common peephole 100 removed redundant or after and.
                           2788 ; common peephole 163 changed absolute to relative conditional jump.
   0A34 20 09         [12] 2789 	jr	nz, 00113$
                           2790 ;	skipping iCode since result will be rematerialized
                           2791 ;	genPointerGet
   0A36 3Ar05s00      [13] 2792 	ld	a, (#_nibble_op_test_high1_1_volatileBits_10000_63 + 0)
   0A39 E6 0F         [ 7] 2793 	and	a, #0x0f
                           2794 ;	genCmpEq
   0A3B FE 0F         [ 7] 2795 	cp	a, #0x0f
                           2796 ; common peephole 163 changed absolute to relative conditional jump.
   0A3D 28 04         [12] 2797 	jr	z, 00114$
                           2798 ; common peephole 81 removed jp by using inverse jump logic
                           2799 ; common peephole 159 removed unused label 00219$.
                           2800 ;	skipping generated iCode
                           2801 ;	genLabel
   0A3F                    2802 00113$:
                           2803 ;	genAssign
                           2804 ;	genMove_o size 1 result type 11 source type 1 a_dead 1 hl_dead 1 de_dead 1 iy_dead 1 f_dead 1
   0A3F AF            [ 4] 2805 	xor	a, a
   0A40 32r00s00      [13] 2806 	ld	(#_success), a
                           2807 ; common peephole 19 loaded (#_success) from a directly instead of using hl.
                           2808 ;	genLabel
   0A43                    2809 00114$:
                           2810 ;	skipping iCode since result will be rematerialized
                           2811 ;	genAddrOf
                           2812 ;	genPointerGet
                           2813 ;fetchPairLong
   0A43 3Ar05s00      [13] 2814 	ld	a, (#_nibble_op_test_high1_1_volatileBits_10000_63+0)
                           2815 ; common peephole 17 loaded a from (#_nibble_op_test_high1_1_volatileBits_10000_63+0) directly instead of using hl.
   0A46 07            [ 4] 2816 	rlca
   0A47 07            [ 4] 2817 	rlca
   0A48 07            [ 4] 2818 	rlca
   0A49 07            [ 4] 2819 	rlca
   0A4A E6 0F         [ 7] 2820 	and	a, #0x0f
   0A4C 4F            [ 4] 2821 	ld	c, a
                           2822 ;	genPointerSet
                           2823 ;	genMove_o size 2 result type 2 source type 7 a_dead 1 hl_dead 1 de_dead 1 iy_dead 1 f_dead 1
   0A4D 21r05s00      [10] 2824 	ld	hl, #_nibble_op_test_high1_1_volatileBits_10000_63
   0A50 ED 6F         [18] 2825 	rld
   0A52 79            [ 4] 2826 	ld	a, c
   0A53 ED 67         [18] 2827 	rrd
                           2828 ;	skipping iCode since result will be rematerialized
                           2829 ;	genPointerGet
   0A55 3Ar05s00      [13] 2830 	ld	a, (#_nibble_op_test_high1_1_volatileBits_10000_63 + 0)
   0A58 07            [ 4] 2831 	rlca
   0A59 07            [ 4] 2832 	rlca
   0A5A 07            [ 4] 2833 	rlca
   0A5B 07            [ 4] 2834 	rlca
                           2835 ;	genIfx
   0A5C E6 0F         [ 7] 2836 	and	a, #0x0f
                           2837 ; common peephole 100 removed redundant or after and.
                           2838 ; common peephole 163 changed absolute to relative conditional jump.
   0A5E 20 09         [12] 2839 	jr	nz, 00116$
                           2840 ;	skipping iCode since result will be rematerialized
                           2841 ;	genPointerGet
   0A60 3Ar05s00      [13] 2842 	ld	a, (#_nibble_op_test_high1_1_volatileBits_10000_63 + 0)
   0A63 E6 0F         [ 7] 2843 	and	a, #0x0f
                           2844 ;	genCmpEq
   0A65 FE 0F         [ 7] 2845 	cp	a, #0x0f
                           2846 ; common peephole 163 changed absolute to relative conditional jump.
   0A67 28 04         [12] 2847 	jr	z, 00117$
                           2848 ; common peephole 81 removed jp by using inverse jump logic
                           2849 ; common peephole 159 removed unused label 00220$.
                           2850 ;	skipping generated iCode
                           2851 ;	genLabel
   0A69                    2852 00116$:
                           2853 ;	genAssign
                           2854 ;	genMove_o size 1 result type 11 source type 1 a_dead 1 hl_dead 1 de_dead 1 iy_dead 1 f_dead 1
   0A69 AF            [ 4] 2855 	xor	a, a
   0A6A 32r00s00      [13] 2856 	ld	(#_success), a
                           2857 ; common peephole 19 loaded (#_success) from a directly instead of using hl.
                           2858 ;	genLabel
   0A6D                    2859 00117$:
                           2860 ;	genAddrOf
   0A6D 01r05s00      [10] 2861 	ld	bc, #_nibble_op_test_high1_1_volatileBits_10000_63+0
                           2862 ;	genPointerSet
   0A70 0A            [ 7] 2863 	ld	a, (bc)
   0A71 F6 F0         [ 7] 2864 	or	a, #0xf0
   0A73 02            [ 7] 2865 	ld	(bc), a
                           2866 ;	skipping iCode since result will be rematerialized
                           2867 ;	genPointerGet
   0A74 3Ar05s00      [13] 2868 	ld	a, (#_nibble_op_test_high1_1_volatileBits_10000_63 + 0)
   0A77 07            [ 4] 2869 	rlca
   0A78 07            [ 4] 2870 	rlca
   0A79 07            [ 4] 2871 	rlca
   0A7A 07            [ 4] 2872 	rlca
   0A7B E6 0F         [ 7] 2873 	and	a, #0x0f
                           2874 ;	genCmpEq
   0A7D FE 0F         [ 7] 2875 	cp	a, #0x0f
                           2876 ; common peephole 81 removed jp by using inverse jump logic
                           2877 ; common peephole 159 removed unused label 00221$.
                           2878 ; common peephole 163 changed absolute to relative conditional jump.
   0A7F 20 09         [12] 2879 	jr	nz, 00119$
                           2880 ; common peephole 82 removed jp by using inverse jump logic
                           2881 ; common peephole 159 removed unused label 00222$.
                           2882 ;	skipping generated iCode
                           2883 ;	skipping iCode since result will be rematerialized
                           2884 ;	genPointerGet
   0A81 3Ar05s00      [13] 2885 	ld	a, (#_nibble_op_test_high1_1_volatileBits_10000_63 + 0)
   0A84 E6 0F         [ 7] 2886 	and	a, #0x0f
                           2887 ;	genCmpEq
   0A86 FE 0F         [ 7] 2888 	cp	a, #0x0f
                           2889 ; common peephole 163 changed absolute to relative conditional jump.
   0A88 28 04         [12] 2890 	jr	z, 00120$
                           2891 ; common peephole 81 removed jp by using inverse jump logic
                           2892 ; common peephole 159 removed unused label 00223$.
                           2893 ;	skipping generated iCode
                           2894 ;	genLabel
   0A8A                    2895 00119$:
                           2896 ;	genAssign
                           2897 ;	genMove_o size 1 result type 11 source type 1 a_dead 1 hl_dead 1 de_dead 1 iy_dead 1 f_dead 1
   0A8A AF            [ 4] 2898 	xor	a, a
   0A8B 32r00s00      [13] 2899 	ld	(#_success), a
                           2900 ; common peephole 19 loaded (#_success) from a directly instead of using hl.
                           2901 ;	genLabel
   0A8E                    2902 00120$:
                           2903 ;	skipping iCode since result will be rematerialized
                           2904 ;	genAddrOf
                           2905 ;	genPointerGet
                           2906 ;fetchPairLong
   0A8E 3Ar05s00      [13] 2907 	ld	a, (#_nibble_op_test_high1_1_volatileBits_10000_63+0)
                           2908 ; common peephole 17 loaded a from (#_nibble_op_test_high1_1_volatileBits_10000_63+0) directly instead of using hl.
   0A91 07            [ 4] 2909 	rlca
   0A92 07            [ 4] 2910 	rlca
   0A93 07            [ 4] 2911 	rlca
   0A94 07            [ 4] 2912 	rlca
   0A95 E6 0F         [ 7] 2913 	and	a, #0x0f
   0A97 4F            [ 4] 2914 	ld	c, a
                           2915 ;	genPointerSet
                           2916 ;	genMove_o size 2 result type 2 source type 7 a_dead 1 hl_dead 1 de_dead 1 iy_dead 1 f_dead 1
   0A98 21r05s00      [10] 2917 	ld	hl, #_nibble_op_test_high1_1_volatileBits_10000_63
   0A9B ED 6F         [18] 2918 	rld
   0A9D 79            [ 4] 2919 	ld	a, c
   0A9E ED 67         [18] 2920 	rrd
                           2921 ;	skipping iCode since result will be rematerialized
                           2922 ;	genPointerGet
   0AA0 3Ar05s00      [13] 2923 	ld	a, (#_nibble_op_test_high1_1_volatileBits_10000_63 + 0)
   0AA3 07            [ 4] 2924 	rlca
   0AA4 07            [ 4] 2925 	rlca
   0AA5 07            [ 4] 2926 	rlca
   0AA6 07            [ 4] 2927 	rlca
   0AA7 E6 0F         [ 7] 2928 	and	a, #0x0f
                           2929 ;	genCast
                           2930 ;	(locations are the same)
                           2931 ;	genCmpEq
   0AA9 FE 0F         [ 7] 2932 	cp	a, #0x0f
                           2933 ; common peephole 81 removed jp by using inverse jump logic
                           2934 ; common peephole 159 removed unused label 00224$.
                           2935 ; common peephole 163 changed absolute to relative conditional jump.
   0AAB 20 09         [12] 2936 	jr	nz, 00122$
                           2937 ; common peephole 82 removed jp by using inverse jump logic
                           2938 ; common peephole 159 removed unused label 00225$.
                           2939 ;	skipping generated iCode
                           2940 ;	skipping iCode since result will be rematerialized
                           2941 ;	genPointerGet
   0AAD 3Ar05s00      [13] 2942 	ld	a, (#_nibble_op_test_high1_1_volatileBits_10000_63 + 0)
   0AB0 E6 0F         [ 7] 2943 	and	a, #0x0f
                           2944 ;	genCmpEq
   0AB2 FE 0F         [ 7] 2945 	cp	a, #0x0f
                           2946 ; common peephole 163 changed absolute to relative conditional jump.
   0AB4 28 04         [12] 2947 	jr	z, 00123$
                           2948 ; common peephole 81 removed jp by using inverse jump logic
                           2949 ; common peephole 159 removed unused label 00226$.
                           2950 ;	skipping generated iCode
                           2951 ;	genLabel
   0AB6                    2952 00122$:
                           2953 ;	genAssign
                           2954 ;	genMove_o size 1 result type 11 source type 1 a_dead 1 hl_dead 1 de_dead 1 iy_dead 1 f_dead 1
   0AB6 AF            [ 4] 2955 	xor	a, a
   0AB7 32r00s00      [13] 2956 	ld	(#_success), a
                           2957 ; common peephole 19 loaded (#_success) from a directly instead of using hl.
                           2958 ;	genLabel
   0ABA                    2959 00123$:
                           2960 ;	genPlus
                           2961 ;	genMove_o size 2 result type 2 source type 10 a_dead 1 hl_dead 1 de_dead 1 iy_dead 1 f_dead 1
   0ABA 2Ar00s00      [16] 2962 	ld	hl, (___numTests)
   0ABD 23            [ 6] 2963 	inc	hl
                           2964 ;	genMove_o size 2 result type 10 source type 2 a_dead 1 hl_dead 1 de_dead 1 iy_dead 1 f_dead 1
   0ABE 22r00s00      [16] 2965 	ld	(___numTests), hl
                           2966 ;	genIfx
                           2967 ; common peephole 61 used hl instead of iy.
                           2968 ; common peephole 130a removed unnecessary +0 from constant
   0AC1 21r00s00      [10] 2969 	ld	hl, #_success
   0AC4 CB 46         [12] 2970 	bit	0, (hl)
   0AC6 C0            [11] 2971 	ret	nz
                           2972 ; common peephole 161 replaced jump by return.
                           2973 ;	skipping iCode since result will be rematerialized
                           2974 ;	skipping iCode since result will be rematerialized
                           2975 ;	skipping iCode since result will be rematerialized
                           2976 ;	skipping iCode since result will be rematerialized
                           2977 ;	skipping iCode since result will be rematerialized
                           2978 ;	skipping iCode since result will be rematerialized
                           2979 ;	genIpush
                           2980 ;	genMove_o size 2 result type 2 source type 1 a_dead 1 hl_dead 1 de_dead 1 iy_dead 1 f_dead 1
   0AC7 21 69 01      [10] 2981 	ld	hl, #0x0169
   0ACA E5            [11] 2982 	push	hl
                           2983 ;	genIpush
                           2984 ;	genMove_o size 2 result type 2 source type 7 a_dead 1 hl_dead 1 de_dead 1 iy_dead 1 f_dead 1
   0ACB 21rF2s0A      [10] 2985 	ld	hl, #___str_17
   0ACE E5            [11] 2986 	push	hl
                           2987 ;	genSend
                           2988 ;	genMove_o size 2 result type 2 source type 7 a_dead 1 hl_dead 1 de_dead 1 iy_dead 1 f_dead 1
   0ACF 11rEAs0A      [10] 2989 	ld	de, #___str_16
                           2990 ;	genSend
                           2991 ;	genMove_o size 2 result type 2 source type 7 a_dead 1 hl_dead 1 de_dead 0 iy_dead 1 f_dead 1
   0AD2 21rD9s0A      [10] 2992 	ld	hl, #___str_15
                           2993 ;	genCall
   0AD5 CDr00s00      [17] 2994 	call	___fail
                           2995 ;	genLabel
                           2996 ; common peephole 159 removed unused label 00125$.
                           2997 ;cases/bitfields-nibbles/bitfields-nibbles_operation_3_pattern_1_varType_4.c:362: }
                           2998 ;	genEndFunction
   0AD8 C9            [10] 2999 	ret
                           3000 ;	Total nibble_op_test_high1_1 function size at codegen: 13 bytes.
   0AD9                    3001 ___str_15:
   0AD9 41 73 73 65 72 74  3002 	.ascii "Assertion failed"
        69 6F 6E 20 66 61
        69 6C 65 64
   0AE9 00                 3003 	.db 0x00
   0AEA                    3004 ___str_16:
   0AEA 73 75 63 63 65 73  3005 	.ascii "success"
        73
   0AF1 00                 3006 	.db 0x00
   0AF2                    3007 ___str_17:
   0AF2 63 61 73 65 73 2F  3008 	.ascii "cases/bitfields-nibbles/bitfields-nibbles_operation_3_patter"
        62 69 74 66 69 65
        6C 64 73 2D 6E 69
        62 62 6C 65 73 2F
        62 69 74 66 69 65
        6C 64 73 2D 6E 69
        62 62 6C 65 73 5F
        6F 70 65 72 61 74
        69 6F 6E 5F 33 5F
        70 61 74 74 65 72
   0B2E 6E 5F 31 5F 76 61  3009 	.ascii "n_1_varType_4.c"
        72 54 79 70 65 5F
        34 2E 63
   0B3D 00                 3010 	.db 0x00
                           3011 ;cases/bitfields-nibbles/bitfields-nibbles_operation_3_pattern_1_varType_4.c:364: nibble_op_test_high1_2(void)
                           3012 ;	genLabel
                           3013 ;	genFunction
                           3014 ;	---------------------------------
                           3015 ; Function nibble_op_test_high1_2
                           3016 ; ---------------------------------
                           3017 ;	Register assignment might be sub-optimal.
                           3018 ; Stack space usage: 0 bytes.
   0B3E                    3019 _nibble_op_test_high1_2:
                           3020 ;cases/bitfields-nibbles/bitfields-nibbles_operation_3_pattern_1_varType_4.c:367: TEST(high, 0x0F);
                           3021 ;	genAssign
                           3022 ;	genMove_o size 1 result type 11 source type 1 a_dead 1 hl_dead 1 de_dead 1 iy_dead 1 f_dead 1
   0B3E 21r00s00      [10] 3023 	ld	hl, #_success
   0B41 36 01         [10] 3024 	ld	(hl), #0x01
                           3025 ;	genAddrOf
   0B43 01r06s00      [10] 3026 	ld	bc, #_nibble_op_test_high1_2_volatileBits_10000_73+0
                           3027 ;	genPointerSet
   0B46 0A            [ 7] 3028 	ld	a, (bc)
   0B47 E6 0F         [ 7] 3029 	and	a, #0x0f
   0B49 02            [ 7] 3030 	ld	(bc), a
                           3031 ;	genAddrOf
   0B4A 01r06s00      [10] 3032 	ld	bc, #_nibble_op_test_high1_2_volatileBits_10000_73+0
                           3033 ;	genPointerSet
   0B4D 0A            [ 7] 3034 	ld	a, (bc)
   0B4E F6 0F         [ 7] 3035 	or	a, #0x0f
   0B50 02            [ 7] 3036 	ld	(bc), a
                           3037 ;	skipping iCode since result will be rematerialized
                           3038 ;	genPointerGet
   0B51 3Ar06s00      [13] 3039 	ld	a, (#_nibble_op_test_high1_2_volatileBits_10000_73 + 0)
   0B54 07            [ 4] 3040 	rlca
   0B55 07            [ 4] 3041 	rlca
   0B56 07            [ 4] 3042 	rlca
   0B57 07            [ 4] 3043 	rlca
                           3044 ;	genIfx
   0B58 E6 0F         [ 7] 3045 	and	a, #0x0f
                           3046 ; common peephole 100 removed redundant or after and.
                           3047 ; common peephole 163 changed absolute to relative conditional jump.
   0B5A 20 09         [12] 3048 	jr	nz, 00101$
                           3049 ;	skipping iCode since result will be rematerialized
                           3050 ;	genPointerGet
   0B5C 3Ar06s00      [13] 3051 	ld	a, (#_nibble_op_test_high1_2_volatileBits_10000_73 + 0)
   0B5F E6 0F         [ 7] 3052 	and	a, #0x0f
                           3053 ;	genCmpEq
   0B61 FE 0F         [ 7] 3054 	cp	a, #0x0f
                           3055 ; common peephole 163 changed absolute to relative conditional jump.
   0B63 28 04         [12] 3056 	jr	z, 00102$
                           3057 ; common peephole 81 removed jp by using inverse jump logic
                           3058 ; common peephole 159 removed unused label 00211$.
                           3059 ;	skipping generated iCode
                           3060 ;	genLabel
   0B65                    3061 00101$:
                           3062 ;	genAssign
                           3063 ;	genMove_o size 1 result type 11 source type 1 a_dead 1 hl_dead 1 de_dead 1 iy_dead 1 f_dead 1
   0B65 AF            [ 4] 3064 	xor	a, a
   0B66 32r00s00      [13] 3065 	ld	(#_success), a
                           3066 ; common peephole 19 loaded (#_success) from a directly instead of using hl.
                           3067 ;	genLabel
   0B69                    3068 00102$:
                           3069 ;	skipping iCode since result will be rematerialized
                           3070 ;	skipping iCode since result will be rematerialized
                           3071 ;	genPointerGet
   0B69 3Ar06s00      [13] 3072 	ld	a, (#_nibble_op_test_high1_2_volatileBits_10000_73 + 0)
   0B6C 07            [ 4] 3073 	rlca
   0B6D 07            [ 4] 3074 	rlca
   0B6E 07            [ 4] 3075 	rlca
   0B6F 07            [ 4] 3076 	rlca
   0B70 E6 0F         [ 7] 3077 	and	a, #0x0f
                           3078 ;	genXor
   0B72 EE 0F         [ 7] 3079 	xor	a, #0x0f
                           3080 ;	genMove_o size 1 result type 2 source type 2 a_dead 1 hl_dead 1 de_dead 1 iy_dead 1 f_dead 1
   0B74 4F            [ 4] 3081 	ld	c, a
                           3082 ;	genMove_o size 0 result type 2 source type 1 a_dead 1 hl_dead 1 de_dead 1 iy_dead 1 f_dead 1
                           3083 ;	genPointerSet
                           3084 ;	genMove_o size 2 result type 2 source type 7 a_dead 1 hl_dead 1 de_dead 1 iy_dead 1 f_dead 1
   0B75 21r06s00      [10] 3085 	ld	hl, #_nibble_op_test_high1_2_volatileBits_10000_73
   0B78 ED 6F         [18] 3086 	rld
   0B7A 79            [ 4] 3087 	ld	a, c
   0B7B ED 67         [18] 3088 	rrd
                           3089 ;	skipping iCode since result will be rematerialized
                           3090 ;	genPointerGet
   0B7D 3Ar06s00      [13] 3091 	ld	a, (#_nibble_op_test_high1_2_volatileBits_10000_73 + 0)
   0B80 07            [ 4] 3092 	rlca
   0B81 07            [ 4] 3093 	rlca
   0B82 07            [ 4] 3094 	rlca
   0B83 07            [ 4] 3095 	rlca
   0B84 E6 0F         [ 7] 3096 	and	a, #0x0f
                           3097 ;	genCast
                           3098 ;	(locations are the same)
                           3099 ;	genCmpEq
   0B86 FE 0F         [ 7] 3100 	cp	a, #0x0f
                           3101 ; common peephole 81 removed jp by using inverse jump logic
                           3102 ; common peephole 159 removed unused label 00212$.
                           3103 ; common peephole 163 changed absolute to relative conditional jump.
   0B88 20 09         [12] 3104 	jr	nz, 00104$
                           3105 ; common peephole 82 removed jp by using inverse jump logic
                           3106 ; common peephole 159 removed unused label 00213$.
                           3107 ;	skipping generated iCode
                           3108 ;	skipping iCode since result will be rematerialized
                           3109 ;	genPointerGet
   0B8A 3Ar06s00      [13] 3110 	ld	a, (#_nibble_op_test_high1_2_volatileBits_10000_73 + 0)
   0B8D E6 0F         [ 7] 3111 	and	a, #0x0f
                           3112 ;	genCmpEq
   0B8F FE 0F         [ 7] 3113 	cp	a, #0x0f
                           3114 ; common peephole 163 changed absolute to relative conditional jump.
   0B91 28 04         [12] 3115 	jr	z, 00105$
                           3116 ; common peephole 81 removed jp by using inverse jump logic
                           3117 ; common peephole 159 removed unused label 00214$.
                           3118 ;	skipping generated iCode
                           3119 ;	genLabel
   0B93                    3120 00104$:
                           3121 ;	genAssign
                           3122 ;	genMove_o size 1 result type 11 source type 1 a_dead 1 hl_dead 1 de_dead 1 iy_dead 1 f_dead 1
   0B93 AF            [ 4] 3123 	xor	a, a
   0B94 32r00s00      [13] 3124 	ld	(#_success), a
                           3125 ; common peephole 19 loaded (#_success) from a directly instead of using hl.
                           3126 ;	genLabel
   0B97                    3127 00105$:
                           3128 ;	genAddrOf
   0B97 01r06s00      [10] 3129 	ld	bc, #_nibble_op_test_high1_2_volatileBits_10000_73+0
                           3130 ;	genPointerSet
   0B9A 0A            [ 7] 3131 	ld	a, (bc)
   0B9B F6 F0         [ 7] 3132 	or	a, #0xf0
   0B9D 02            [ 7] 3133 	ld	(bc), a
                           3134 ;	skipping iCode since result will be rematerialized
                           3135 ;	genPointerGet
   0B9E 3Ar06s00      [13] 3136 	ld	a, (#_nibble_op_test_high1_2_volatileBits_10000_73 + 0)
   0BA1 07            [ 4] 3137 	rlca
   0BA2 07            [ 4] 3138 	rlca
   0BA3 07            [ 4] 3139 	rlca
   0BA4 07            [ 4] 3140 	rlca
   0BA5 E6 0F         [ 7] 3141 	and	a, #0x0f
                           3142 ;	genCmpEq
   0BA7 FE 0F         [ 7] 3143 	cp	a, #0x0f
                           3144 ; common peephole 81 removed jp by using inverse jump logic
                           3145 ; common peephole 159 removed unused label 00215$.
                           3146 ; common peephole 163 changed absolute to relative conditional jump.
   0BA9 20 09         [12] 3147 	jr	nz, 00107$
                           3148 ; common peephole 82 removed jp by using inverse jump logic
                           3149 ; common peephole 159 removed unused label 00216$.
                           3150 ;	skipping generated iCode
                           3151 ;	skipping iCode since result will be rematerialized
                           3152 ;	genPointerGet
   0BAB 3Ar06s00      [13] 3153 	ld	a, (#_nibble_op_test_high1_2_volatileBits_10000_73 + 0)
   0BAE E6 0F         [ 7] 3154 	and	a, #0x0f
                           3155 ;	genCmpEq
   0BB0 FE 0F         [ 7] 3156 	cp	a, #0x0f
                           3157 ; common peephole 163 changed absolute to relative conditional jump.
   0BB2 28 04         [12] 3158 	jr	z, 00108$
                           3159 ; common peephole 81 removed jp by using inverse jump logic
                           3160 ; common peephole 159 removed unused label 00217$.
                           3161 ;	skipping generated iCode
                           3162 ;	genLabel
   0BB4                    3163 00107$:
                           3164 ;	genAssign
                           3165 ;	genMove_o size 1 result type 11 source type 1 a_dead 1 hl_dead 1 de_dead 1 iy_dead 1 f_dead 1
   0BB4 AF            [ 4] 3166 	xor	a, a
   0BB5 32r00s00      [13] 3167 	ld	(#_success), a
                           3168 ; common peephole 19 loaded (#_success) from a directly instead of using hl.
                           3169 ;	genLabel
   0BB8                    3170 00108$:
                           3171 ;	skipping iCode since result will be rematerialized
                           3172 ;	skipping iCode since result will be rematerialized
                           3173 ;	genPointerGet
   0BB8 3Ar06s00      [13] 3174 	ld	a, (#_nibble_op_test_high1_2_volatileBits_10000_73 + 0)
   0BBB 07            [ 4] 3175 	rlca
   0BBC 07            [ 4] 3176 	rlca
   0BBD 07            [ 4] 3177 	rlca
   0BBE 07            [ 4] 3178 	rlca
   0BBF E6 0F         [ 7] 3179 	and	a, #0x0f
                           3180 ;	genXor
   0BC1 EE 0F         [ 7] 3181 	xor	a, #0x0f
                           3182 ;	genMove_o size 1 result type 2 source type 2 a_dead 1 hl_dead 1 de_dead 1 iy_dead 1 f_dead 1
   0BC3 4F            [ 4] 3183 	ld	c, a
                           3184 ;	genMove_o size 0 result type 2 source type 1 a_dead 1 hl_dead 1 de_dead 1 iy_dead 1 f_dead 1
                           3185 ;	genPointerSet
                           3186 ;	genMove_o size 2 result type 2 source type 7 a_dead 1 hl_dead 1 de_dead 1 iy_dead 1 f_dead 1
   0BC4 21r06s00      [10] 3187 	ld	hl, #_nibble_op_test_high1_2_volatileBits_10000_73
   0BC7 ED 6F         [18] 3188 	rld
   0BC9 79            [ 4] 3189 	ld	a, c
   0BCA ED 67         [18] 3190 	rrd
                           3191 ;	skipping iCode since result will be rematerialized
                           3192 ;	genPointerGet
   0BCC 3Ar06s00      [13] 3193 	ld	a, (#_nibble_op_test_high1_2_volatileBits_10000_73 + 0)
   0BCF 07            [ 4] 3194 	rlca
   0BD0 07            [ 4] 3195 	rlca
   0BD1 07            [ 4] 3196 	rlca
   0BD2 07            [ 4] 3197 	rlca
                           3198 ;	genIfx
   0BD3 E6 0F         [ 7] 3199 	and	a, #0x0f
                           3200 ; common peephole 100 removed redundant or after and.
                           3201 ; common peephole 163 changed absolute to relative conditional jump.
   0BD5 20 09         [12] 3202 	jr	nz, 00110$
                           3203 ;	skipping iCode since result will be rematerialized
                           3204 ;	genPointerGet
   0BD7 3Ar06s00      [13] 3205 	ld	a, (#_nibble_op_test_high1_2_volatileBits_10000_73 + 0)
   0BDA E6 0F         [ 7] 3206 	and	a, #0x0f
                           3207 ;	genCmpEq
   0BDC FE 0F         [ 7] 3208 	cp	a, #0x0f
                           3209 ; common peephole 163 changed absolute to relative conditional jump.
   0BDE 28 04         [12] 3210 	jr	z, 00111$
                           3211 ; common peephole 81 removed jp by using inverse jump logic
                           3212 ; common peephole 159 removed unused label 00218$.
                           3213 ;	skipping generated iCode
                           3214 ;	genLabel
   0BE0                    3215 00110$:
                           3216 ;	genAssign
                           3217 ;	genMove_o size 1 result type 11 source type 1 a_dead 1 hl_dead 1 de_dead 1 iy_dead 1 f_dead 1
   0BE0 AF            [ 4] 3218 	xor	a, a
   0BE1 32r00s00      [13] 3219 	ld	(#_success), a
                           3220 ; common peephole 19 loaded (#_success) from a directly instead of using hl.
                           3221 ;	genLabel
   0BE4                    3222 00111$:
                           3223 ;	genPlus
                           3224 ;	genMove_o size 2 result type 2 source type 10 a_dead 1 hl_dead 1 de_dead 1 iy_dead 1 f_dead 1
   0BE4 2Ar00s00      [16] 3225 	ld	hl, (___numTests)
   0BE7 23            [ 6] 3226 	inc	hl
                           3227 ;	genMove_o size 2 result type 10 source type 2 a_dead 1 hl_dead 1 de_dead 1 iy_dead 1 f_dead 1
   0BE8 22r00s00      [16] 3228 	ld	(___numTests), hl
                           3229 ;	genIfx
                           3230 ; common peephole 61 used hl instead of iy.
                           3231 ; common peephole 130a removed unnecessary +0 from constant
   0BEB 21r00s00      [10] 3232 	ld	hl, #_success
   0BEE CB 46         [12] 3233 	bit	0, (hl)
                           3234 ; common peephole 163 changed absolute to relative conditional jump.
   0BF0 20 11         [12] 3235 	jr	nz, 00128$
                           3236 ;	skipping iCode since result will be rematerialized
                           3237 ;	skipping iCode since result will be rematerialized
                           3238 ;	skipping iCode since result will be rematerialized
                           3239 ;	skipping iCode since result will be rematerialized
                           3240 ;	skipping iCode since result will be rematerialized
                           3241 ;	skipping iCode since result will be rematerialized
                           3242 ;	genIpush
                           3243 ;	genMove_o size 2 result type 2 source type 1 a_dead 1 hl_dead 1 de_dead 1 iy_dead 1 f_dead 1
   0BF2 21 6F 01      [10] 3244 	ld	hl, #0x016f
   0BF5 E5            [11] 3245 	push	hl
                           3246 ;	genIpush
                           3247 ;	genMove_o size 2 result type 2 source type 7 a_dead 1 hl_dead 1 de_dead 1 iy_dead 1 f_dead 1
   0BF6 21rDDs0C      [10] 3248 	ld	hl, #___str_20
   0BF9 E5            [11] 3249 	push	hl
                           3250 ;	genSend
                           3251 ;	genMove_o size 2 result type 2 source type 7 a_dead 1 hl_dead 1 de_dead 1 iy_dead 1 f_dead 1
   0BFA 11rD5s0C      [10] 3252 	ld	de, #___str_19
                           3253 ;	genSend
                           3254 ;	genMove_o size 2 result type 2 source type 7 a_dead 1 hl_dead 1 de_dead 0 iy_dead 1 f_dead 1
   0BFD 21rC4s0C      [10] 3255 	ld	hl, #___str_18
                           3256 ;	genCall
   0C00 CDr00s00      [17] 3257 	call	___fail
                           3258 ;	genLabel
   0C03                    3259 00128$:
                           3260 ;cases/bitfields-nibbles/bitfields-nibbles_operation_3_pattern_1_varType_4.c:368: TEST(high, 0xF0);
                           3261 ;	genAssign
                           3262 ;	genMove_o size 1 result type 11 source type 1 a_dead 1 hl_dead 1 de_dead 1 iy_dead 1 f_dead 1
   0C03 21r00s00      [10] 3263 	ld	hl, #_success
   0C06 36 01         [10] 3264 	ld	(hl), #0x01
                           3265 ;	genAddrOf
   0C08 01r06s00      [10] 3266 	ld	bc, #_nibble_op_test_high1_2_volatileBits_10000_73+0
                           3267 ;	genPointerSet
   0C0B 0A            [ 7] 3268 	ld	a, (bc)
   0C0C E6 0F         [ 7] 3269 	and	a, #0x0f
   0C0E 02            [ 7] 3270 	ld	(bc), a
                           3271 ;	genAddrOf
   0C0F 01r06s00      [10] 3272 	ld	bc, #_nibble_op_test_high1_2_volatileBits_10000_73+0
                           3273 ;	genPointerSet
   0C12 0A            [ 7] 3274 	ld	a, (bc)
   0C13 F6 0F         [ 7] 3275 	or	a, #0x0f
   0C15 02            [ 7] 3276 	ld	(bc), a
                           3277 ;	skipping iCode since result will be rematerialized
                           3278 ;	genPointerGet
   0C16 3Ar06s00      [13] 3279 	ld	a, (#_nibble_op_test_high1_2_volatileBits_10000_73 + 0)
   0C19 07            [ 4] 3280 	rlca
   0C1A 07            [ 4] 3281 	rlca
   0C1B 07            [ 4] 3282 	rlca
   0C1C 07            [ 4] 3283 	rlca
                           3284 ;	genIfx
   0C1D E6 0F         [ 7] 3285 	and	a, #0x0f
                           3286 ; common peephole 100 removed redundant or after and.
                           3287 ; common peephole 163 changed absolute to relative conditional jump.
   0C1F 20 09         [12] 3288 	jr	nz, 00113$
                           3289 ;	skipping iCode since result will be rematerialized
                           3290 ;	genPointerGet
   0C21 3Ar06s00      [13] 3291 	ld	a, (#_nibble_op_test_high1_2_volatileBits_10000_73 + 0)
   0C24 E6 0F         [ 7] 3292 	and	a, #0x0f
                           3293 ;	genCmpEq
   0C26 FE 0F         [ 7] 3294 	cp	a, #0x0f
                           3295 ; common peephole 163 changed absolute to relative conditional jump.
   0C28 28 04         [12] 3296 	jr	z, 00114$
                           3297 ; common peephole 81 removed jp by using inverse jump logic
                           3298 ; common peephole 159 removed unused label 00219$.
                           3299 ;	skipping generated iCode
                           3300 ;	genLabel
   0C2A                    3301 00113$:
                           3302 ;	genAssign
                           3303 ;	genMove_o size 1 result type 11 source type 1 a_dead 1 hl_dead 1 de_dead 1 iy_dead 1 f_dead 1
   0C2A AF            [ 4] 3304 	xor	a, a
   0C2B 32r00s00      [13] 3305 	ld	(#_success), a
                           3306 ; common peephole 19 loaded (#_success) from a directly instead of using hl.
                           3307 ;	genLabel
   0C2E                    3308 00114$:
                           3309 ;	skipping iCode since result will be rematerialized
                           3310 ;	genAddrOf
                           3311 ;	genPointerGet
                           3312 ;fetchPairLong
   0C2E 3Ar06s00      [13] 3313 	ld	a, (#_nibble_op_test_high1_2_volatileBits_10000_73+0)
                           3314 ; common peephole 17 loaded a from (#_nibble_op_test_high1_2_volatileBits_10000_73+0) directly instead of using hl.
   0C31 07            [ 4] 3315 	rlca
   0C32 07            [ 4] 3316 	rlca
   0C33 07            [ 4] 3317 	rlca
   0C34 07            [ 4] 3318 	rlca
   0C35 E6 0F         [ 7] 3319 	and	a, #0x0f
   0C37 4F            [ 4] 3320 	ld	c, a
                           3321 ;	genPointerSet
                           3322 ;	genMove_o size 2 result type 2 source type 7 a_dead 1 hl_dead 1 de_dead 1 iy_dead 1 f_dead 1
   0C38 21r06s00      [10] 3323 	ld	hl, #_nibble_op_test_high1_2_volatileBits_10000_73
   0C3B ED 6F         [18] 3324 	rld
   0C3D 79            [ 4] 3325 	ld	a, c
   0C3E ED 67         [18] 3326 	rrd
                           3327 ;	skipping iCode since result will be rematerialized
                           3328 ;	genPointerGet
   0C40 3Ar06s00      [13] 3329 	ld	a, (#_nibble_op_test_high1_2_volatileBits_10000_73 + 0)
   0C43 07            [ 4] 3330 	rlca
   0C44 07            [ 4] 3331 	rlca
   0C45 07            [ 4] 3332 	rlca
   0C46 07            [ 4] 3333 	rlca
                           3334 ;	genIfx
   0C47 E6 0F         [ 7] 3335 	and	a, #0x0f
                           3336 ; common peephole 100 removed redundant or after and.
                           3337 ; common peephole 163 changed absolute to relative conditional jump.
   0C49 20 09         [12] 3338 	jr	nz, 00116$
                           3339 ;	skipping iCode since result will be rematerialized
                           3340 ;	genPointerGet
   0C4B 3Ar06s00      [13] 3341 	ld	a, (#_nibble_op_test_high1_2_volatileBits_10000_73 + 0)
   0C4E E6 0F         [ 7] 3342 	and	a, #0x0f
                           3343 ;	genCmpEq
   0C50 FE 0F         [ 7] 3344 	cp	a, #0x0f
                           3345 ; common peephole 163 changed absolute to relative conditional jump.
   0C52 28 04         [12] 3346 	jr	z, 00117$
                           3347 ; common peephole 81 removed jp by using inverse jump logic
                           3348 ; common peephole 159 removed unused label 00220$.
                           3349 ;	skipping generated iCode
                           3350 ;	genLabel
   0C54                    3351 00116$:
                           3352 ;	genAssign
                           3353 ;	genMove_o size 1 result type 11 source type 1 a_dead 1 hl_dead 1 de_dead 1 iy_dead 1 f_dead 1
   0C54 AF            [ 4] 3354 	xor	a, a
   0C55 32r00s00      [13] 3355 	ld	(#_success), a
                           3356 ; common peephole 19 loaded (#_success) from a directly instead of using hl.
                           3357 ;	genLabel
   0C58                    3358 00117$:
                           3359 ;	genAddrOf
   0C58 01r06s00      [10] 3360 	ld	bc, #_nibble_op_test_high1_2_volatileBits_10000_73+0
                           3361 ;	genPointerSet
   0C5B 0A            [ 7] 3362 	ld	a, (bc)
   0C5C F6 F0         [ 7] 3363 	or	a, #0xf0
   0C5E 02            [ 7] 3364 	ld	(bc), a
                           3365 ;	skipping iCode since result will be rematerialized
                           3366 ;	genPointerGet
   0C5F 3Ar06s00      [13] 3367 	ld	a, (#_nibble_op_test_high1_2_volatileBits_10000_73 + 0)
   0C62 07            [ 4] 3368 	rlca
   0C63 07            [ 4] 3369 	rlca
   0C64 07            [ 4] 3370 	rlca
   0C65 07            [ 4] 3371 	rlca
   0C66 E6 0F         [ 7] 3372 	and	a, #0x0f
                           3373 ;	genCmpEq
   0C68 FE 0F         [ 7] 3374 	cp	a, #0x0f
                           3375 ; common peephole 81 removed jp by using inverse jump logic
                           3376 ; common peephole 159 removed unused label 00221$.
                           3377 ; common peephole 163 changed absolute to relative conditional jump.
   0C6A 20 09         [12] 3378 	jr	nz, 00119$
                           3379 ; common peephole 82 removed jp by using inverse jump logic
                           3380 ; common peephole 159 removed unused label 00222$.
                           3381 ;	skipping generated iCode
                           3382 ;	skipping iCode since result will be rematerialized
                           3383 ;	genPointerGet
   0C6C 3Ar06s00      [13] 3384 	ld	a, (#_nibble_op_test_high1_2_volatileBits_10000_73 + 0)
   0C6F E6 0F         [ 7] 3385 	and	a, #0x0f
                           3386 ;	genCmpEq
   0C71 FE 0F         [ 7] 3387 	cp	a, #0x0f
                           3388 ; common peephole 163 changed absolute to relative conditional jump.
   0C73 28 04         [12] 3389 	jr	z, 00120$
                           3390 ; common peephole 81 removed jp by using inverse jump logic
                           3391 ; common peephole 159 removed unused label 00223$.
                           3392 ;	skipping generated iCode
                           3393 ;	genLabel
   0C75                    3394 00119$:
                           3395 ;	genAssign
                           3396 ;	genMove_o size 1 result type 11 source type 1 a_dead 1 hl_dead 1 de_dead 1 iy_dead 1 f_dead 1
   0C75 AF            [ 4] 3397 	xor	a, a
   0C76 32r00s00      [13] 3398 	ld	(#_success), a
                           3399 ; common peephole 19 loaded (#_success) from a directly instead of using hl.
                           3400 ;	genLabel
   0C79                    3401 00120$:
                           3402 ;	skipping iCode since result will be rematerialized
                           3403 ;	genAddrOf
                           3404 ;	genPointerGet
                           3405 ;fetchPairLong
   0C79 3Ar06s00      [13] 3406 	ld	a, (#_nibble_op_test_high1_2_volatileBits_10000_73+0)
                           3407 ; common peephole 17 loaded a from (#_nibble_op_test_high1_2_volatileBits_10000_73+0) directly instead of using hl.
   0C7C 07            [ 4] 3408 	rlca
   0C7D 07            [ 4] 3409 	rlca
   0C7E 07            [ 4] 3410 	rlca
   0C7F 07            [ 4] 3411 	rlca
   0C80 E6 0F         [ 7] 3412 	and	a, #0x0f
   0C82 4F            [ 4] 3413 	ld	c, a
                           3414 ;	genPointerSet
                           3415 ;	genMove_o size 2 result type 2 source type 7 a_dead 1 hl_dead 1 de_dead 1 iy_dead 1 f_dead 1
   0C83 21r06s00      [10] 3416 	ld	hl, #_nibble_op_test_high1_2_volatileBits_10000_73
   0C86 ED 6F         [18] 3417 	rld
   0C88 79            [ 4] 3418 	ld	a, c
   0C89 ED 67         [18] 3419 	rrd
                           3420 ;	skipping iCode since result will be rematerialized
                           3421 ;	genPointerGet
   0C8B 3Ar06s00      [13] 3422 	ld	a, (#_nibble_op_test_high1_2_volatileBits_10000_73 + 0)
   0C8E 07            [ 4] 3423 	rlca
   0C8F 07            [ 4] 3424 	rlca
   0C90 07            [ 4] 3425 	rlca
   0C91 07            [ 4] 3426 	rlca
   0C92 E6 0F         [ 7] 3427 	and	a, #0x0f
                           3428 ;	genCast
                           3429 ;	(locations are the same)
                           3430 ;	genCmpEq
   0C94 FE 0F         [ 7] 3431 	cp	a, #0x0f
                           3432 ; common peephole 81 removed jp by using inverse jump logic
                           3433 ; common peephole 159 removed unused label 00224$.
                           3434 ; common peephole 163 changed absolute to relative conditional jump.
   0C96 20 09         [12] 3435 	jr	nz, 00122$
                           3436 ; common peephole 82 removed jp by using inverse jump logic
                           3437 ; common peephole 159 removed unused label 00225$.
                           3438 ;	skipping generated iCode
                           3439 ;	skipping iCode since result will be rematerialized
                           3440 ;	genPointerGet
   0C98 3Ar06s00      [13] 3441 	ld	a, (#_nibble_op_test_high1_2_volatileBits_10000_73 + 0)
   0C9B E6 0F         [ 7] 3442 	and	a, #0x0f
                           3443 ;	genCmpEq
   0C9D FE 0F         [ 7] 3444 	cp	a, #0x0f
                           3445 ; common peephole 163 changed absolute to relative conditional jump.
   0C9F 28 04         [12] 3446 	jr	z, 00123$
                           3447 ; common peephole 81 removed jp by using inverse jump logic
                           3448 ; common peephole 159 removed unused label 00226$.
                           3449 ;	skipping generated iCode
                           3450 ;	genLabel
   0CA1                    3451 00122$:
                           3452 ;	genAssign
                           3453 ;	genMove_o size 1 result type 11 source type 1 a_dead 1 hl_dead 1 de_dead 1 iy_dead 1 f_dead 1
   0CA1 AF            [ 4] 3454 	xor	a, a
   0CA2 32r00s00      [13] 3455 	ld	(#_success), a
                           3456 ; common peephole 19 loaded (#_success) from a directly instead of using hl.
                           3457 ;	genLabel
   0CA5                    3458 00123$:
                           3459 ;	genPlus
                           3460 ;	genMove_o size 2 result type 2 source type 10 a_dead 1 hl_dead 1 de_dead 1 iy_dead 1 f_dead 1
   0CA5 2Ar00s00      [16] 3461 	ld	hl, (___numTests)
   0CA8 23            [ 6] 3462 	inc	hl
                           3463 ;	genMove_o size 2 result type 10 source type 2 a_dead 1 hl_dead 1 de_dead 1 iy_dead 1 f_dead 1
   0CA9 22r00s00      [16] 3464 	ld	(___numTests), hl
                           3465 ;	genIfx
                           3466 ; common peephole 61 used hl instead of iy.
                           3467 ; common peephole 130a removed unnecessary +0 from constant
   0CAC 21r00s00      [10] 3468 	ld	hl, #_success
   0CAF CB 46         [12] 3469 	bit	0, (hl)
   0CB1 C0            [11] 3470 	ret	nz
                           3471 ; common peephole 161 replaced jump by return.
                           3472 ;	skipping iCode since result will be rematerialized
                           3473 ;	skipping iCode since result will be rematerialized
                           3474 ;	skipping iCode since result will be rematerialized
                           3475 ;	skipping iCode since result will be rematerialized
                           3476 ;	skipping iCode since result will be rematerialized
                           3477 ;	skipping iCode since result will be rematerialized
                           3478 ;	genIpush
                           3479 ;	genMove_o size 2 result type 2 source type 1 a_dead 1 hl_dead 1 de_dead 1 iy_dead 1 f_dead 1
   0CB2 21 70 01      [10] 3480 	ld	hl, #0x0170
   0CB5 E5            [11] 3481 	push	hl
                           3482 ;	genIpush
                           3483 ;	genMove_o size 2 result type 2 source type 7 a_dead 1 hl_dead 1 de_dead 1 iy_dead 1 f_dead 1
   0CB6 21rDDs0C      [10] 3484 	ld	hl, #___str_20
   0CB9 E5            [11] 3485 	push	hl
                           3486 ;	genSend
                           3487 ;	genMove_o size 2 result type 2 source type 7 a_dead 1 hl_dead 1 de_dead 1 iy_dead 1 f_dead 1
   0CBA 11rD5s0C      [10] 3488 	ld	de, #___str_19
                           3489 ;	genSend
                           3490 ;	genMove_o size 2 result type 2 source type 7 a_dead 1 hl_dead 1 de_dead 0 iy_dead 1 f_dead 1
   0CBD 21rC4s0C      [10] 3491 	ld	hl, #___str_18
                           3492 ;	genCall
   0CC0 CDr00s00      [17] 3493 	call	___fail
                           3494 ;	genLabel
                           3495 ; common peephole 159 removed unused label 00125$.
                           3496 ;cases/bitfields-nibbles/bitfields-nibbles_operation_3_pattern_1_varType_4.c:369: }
                           3497 ;	genEndFunction
   0CC3 C9            [10] 3498 	ret
                           3499 ;	Total nibble_op_test_high1_2 function size at codegen: 13 bytes.
   0CC4                    3500 ___str_18:
   0CC4 41 73 73 65 72 74  3501 	.ascii "Assertion failed"
        69 6F 6E 20 66 61
        69 6C 65 64
   0CD4 00                 3502 	.db 0x00
   0CD5                    3503 ___str_19:
   0CD5 73 75 63 63 65 73  3504 	.ascii "success"
        73
   0CDC 00                 3505 	.db 0x00
   0CDD                    3506 ___str_20:
   0CDD 63 61 73 65 73 2F  3507 	.ascii "cases/bitfields-nibbles/bitfields-nibbles_operation_3_patter"
        62 69 74 66 69 65
        6C 64 73 2D 6E 69
        62 62 6C 65 73 2F
        62 69 74 66 69 65
        6C 64 73 2D 6E 69
        62 62 6C 65 73 5F
        6F 70 65 72 61 74
        69 6F 6E 5F 33 5F
        70 61 74 74 65 72
   0D19 6E 5F 31 5F 76 61  3508 	.ascii "n_1_varType_4.c"
        72 54 79 70 65 5F
        34 2E 63
   0D28 00                 3509 	.db 0x00
                           3510 ;cases/bitfields-nibbles/bitfields-nibbles_operation_3_pattern_1_varType_4.c:371: nibble_op_test_high2_1(void)
                           3511 ;	genLabel
                           3512 ;	genFunction
                           3513 ;	---------------------------------
                           3514 ; Function nibble_op_test_high2_1
                           3515 ; ---------------------------------
                           3516 ;	Register assignment might be sub-optimal.
                           3517 ; Stack space usage: 0 bytes.
   0D29                    3518 _nibble_op_test_high2_1:
                           3519 ;cases/bitfields-nibbles/bitfields-nibbles_operation_3_pattern_1_varType_4.c:374: TEST(high, 0x01);
                           3520 ;	genAssign
                           3521 ;	genMove_o size 1 result type 11 source type 1 a_dead 1 hl_dead 1 de_dead 1 iy_dead 1 f_dead 1
   0D29 21r00s00      [10] 3522 	ld	hl, #_success
   0D2C 36 01         [10] 3523 	ld	(hl), #0x01
                           3524 ;	genAddrOf
   0D2E 01r07s00      [10] 3525 	ld	bc, #_nibble_op_test_high2_1_volatileBits_10000_83+0
                           3526 ;	genPointerSet
   0D31 0A            [ 7] 3527 	ld	a, (bc)
   0D32 E6 0F         [ 7] 3528 	and	a, #0x0f
   0D34 02            [ 7] 3529 	ld	(bc), a
                           3530 ;	genAddrOf
   0D35 01r07s00      [10] 3531 	ld	bc, #_nibble_op_test_high2_1_volatileBits_10000_83+0
                           3532 ;	genPointerSet
   0D38 0A            [ 7] 3533 	ld	a, (bc)
   0D39 F6 0F         [ 7] 3534 	or	a, #0x0f
   0D3B 02            [ 7] 3535 	ld	(bc), a
                           3536 ;	skipping iCode since result will be rematerialized
                           3537 ;	genPointerGet
   0D3C 3Ar07s00      [13] 3538 	ld	a, (#_nibble_op_test_high2_1_volatileBits_10000_83 + 0)
   0D3F 07            [ 4] 3539 	rlca
   0D40 07            [ 4] 3540 	rlca
   0D41 07            [ 4] 3541 	rlca
   0D42 07            [ 4] 3542 	rlca
                           3543 ;	genIfx
   0D43 E6 0F         [ 7] 3544 	and	a, #0x0f
                           3545 ; common peephole 100 removed redundant or after and.
                           3546 ; common peephole 163 changed absolute to relative conditional jump.
   0D45 20 09         [12] 3547 	jr	nz, 00101$
                           3548 ;	skipping iCode since result will be rematerialized
                           3549 ;	genPointerGet
   0D47 3Ar07s00      [13] 3550 	ld	a, (#_nibble_op_test_high2_1_volatileBits_10000_83 + 0)
   0D4A E6 0F         [ 7] 3551 	and	a, #0x0f
                           3552 ;	genCmpEq
   0D4C FE 0F         [ 7] 3553 	cp	a, #0x0f
                           3554 ; common peephole 163 changed absolute to relative conditional jump.
   0D4E 28 04         [12] 3555 	jr	z, 00102$
                           3556 ; common peephole 81 removed jp by using inverse jump logic
                           3557 ; common peephole 159 removed unused label 00211$.
                           3558 ;	skipping generated iCode
                           3559 ;	genLabel
   0D50                    3560 00101$:
                           3561 ;	genAssign
                           3562 ;	genMove_o size 1 result type 11 source type 1 a_dead 1 hl_dead 1 de_dead 1 iy_dead 1 f_dead 1
   0D50 AF            [ 4] 3563 	xor	a, a
   0D51 32r00s00      [13] 3564 	ld	(#_success), a
                           3565 ; common peephole 19 loaded (#_success) from a directly instead of using hl.
                           3566 ;	genLabel
   0D54                    3567 00102$:
                           3568 ;	skipping iCode since result will be rematerialized
                           3569 ;	skipping iCode since result will be rematerialized
                           3570 ;	genPointerGet
   0D54 3Ar07s00      [13] 3571 	ld	a, (#_nibble_op_test_high2_1_volatileBits_10000_83 + 0)
   0D57 07            [ 4] 3572 	rlca
   0D58 07            [ 4] 3573 	rlca
   0D59 07            [ 4] 3574 	rlca
   0D5A 07            [ 4] 3575 	rlca
   0D5B E6 0F         [ 7] 3576 	and	a, #0x0f
                           3577 ;	genXor
   0D5D EE 01         [ 7] 3578 	xor	a, #0x01
                           3579 ;	genMove_o size 1 result type 2 source type 2 a_dead 1 hl_dead 1 de_dead 1 iy_dead 1 f_dead 1
   0D5F 4F            [ 4] 3580 	ld	c, a
                           3581 ;	genMove_o size 0 result type 2 source type 1 a_dead 1 hl_dead 1 de_dead 1 iy_dead 1 f_dead 1
                           3582 ;	genPointerSet
                           3583 ;	genMove_o size 2 result type 2 source type 7 a_dead 1 hl_dead 1 de_dead 1 iy_dead 1 f_dead 1
   0D60 21r07s00      [10] 3584 	ld	hl, #_nibble_op_test_high2_1_volatileBits_10000_83
   0D63 ED 6F         [18] 3585 	rld
   0D65 79            [ 4] 3586 	ld	a, c
   0D66 ED 67         [18] 3587 	rrd
                           3588 ;	skipping iCode since result will be rematerialized
                           3589 ;	genPointerGet
   0D68 3Ar07s00      [13] 3590 	ld	a, (#_nibble_op_test_high2_1_volatileBits_10000_83 + 0)
   0D6B 07            [ 4] 3591 	rlca
   0D6C 07            [ 4] 3592 	rlca
   0D6D 07            [ 4] 3593 	rlca
   0D6E 07            [ 4] 3594 	rlca
   0D6F E6 0F         [ 7] 3595 	and	a, #0x0f
                           3596 ;	genCmpEq
   0D71 FE 01         [ 7] 3597 	cp	a, #0x01
                           3598 ; common peephole 81 removed jp by using inverse jump logic
                           3599 ; common peephole 159 removed unused label 00212$.
                           3600 ; common peephole 163 changed absolute to relative conditional jump.
   0D73 20 09         [12] 3601 	jr	nz, 00104$
                           3602 ; common peephole 82 removed jp by using inverse jump logic
                           3603 ; common peephole 159 removed unused label 00213$.
                           3604 ;	skipping generated iCode
                           3605 ;	skipping iCode since result will be rematerialized
                           3606 ;	genPointerGet
   0D75 3Ar07s00      [13] 3607 	ld	a, (#_nibble_op_test_high2_1_volatileBits_10000_83 + 0)
   0D78 E6 0F         [ 7] 3608 	and	a, #0x0f
                           3609 ;	genCmpEq
   0D7A FE 0F         [ 7] 3610 	cp	a, #0x0f
                           3611 ; common peephole 163 changed absolute to relative conditional jump.
   0D7C 28 04         [12] 3612 	jr	z, 00105$
                           3613 ; common peephole 81 removed jp by using inverse jump logic
                           3614 ; common peephole 159 removed unused label 00214$.
                           3615 ;	skipping generated iCode
                           3616 ;	genLabel
   0D7E                    3617 00104$:
                           3618 ;	genAssign
                           3619 ;	genMove_o size 1 result type 11 source type 1 a_dead 1 hl_dead 1 de_dead 1 iy_dead 1 f_dead 1
   0D7E AF            [ 4] 3620 	xor	a, a
   0D7F 32r00s00      [13] 3621 	ld	(#_success), a
                           3622 ; common peephole 19 loaded (#_success) from a directly instead of using hl.
                           3623 ;	genLabel
   0D82                    3624 00105$:
                           3625 ;	genAddrOf
   0D82 01r07s00      [10] 3626 	ld	bc, #_nibble_op_test_high2_1_volatileBits_10000_83+0
                           3627 ;	genPointerSet
   0D85 0A            [ 7] 3628 	ld	a, (bc)
   0D86 F6 F0         [ 7] 3629 	or	a, #0xf0
   0D88 02            [ 7] 3630 	ld	(bc), a
                           3631 ;	skipping iCode since result will be rematerialized
                           3632 ;	genPointerGet
   0D89 3Ar07s00      [13] 3633 	ld	a, (#_nibble_op_test_high2_1_volatileBits_10000_83 + 0)
   0D8C 07            [ 4] 3634 	rlca
   0D8D 07            [ 4] 3635 	rlca
   0D8E 07            [ 4] 3636 	rlca
   0D8F 07            [ 4] 3637 	rlca
   0D90 E6 0F         [ 7] 3638 	and	a, #0x0f
                           3639 ;	genCmpEq
   0D92 FE 0F         [ 7] 3640 	cp	a, #0x0f
                           3641 ; common peephole 81 removed jp by using inverse jump logic
                           3642 ; common peephole 159 removed unused label 00215$.
                           3643 ; common peephole 163 changed absolute to relative conditional jump.
   0D94 20 09         [12] 3644 	jr	nz, 00107$
                           3645 ; common peephole 82 removed jp by using inverse jump logic
                           3646 ; common peephole 159 removed unused label 00216$.
                           3647 ;	skipping generated iCode
                           3648 ;	skipping iCode since result will be rematerialized
                           3649 ;	genPointerGet
   0D96 3Ar07s00      [13] 3650 	ld	a, (#_nibble_op_test_high2_1_volatileBits_10000_83 + 0)
   0D99 E6 0F         [ 7] 3651 	and	a, #0x0f
                           3652 ;	genCmpEq
   0D9B FE 0F         [ 7] 3653 	cp	a, #0x0f
                           3654 ; common peephole 163 changed absolute to relative conditional jump.
   0D9D 28 04         [12] 3655 	jr	z, 00108$
                           3656 ; common peephole 81 removed jp by using inverse jump logic
                           3657 ; common peephole 159 removed unused label 00217$.
                           3658 ;	skipping generated iCode
                           3659 ;	genLabel
   0D9F                    3660 00107$:
                           3661 ;	genAssign
                           3662 ;	genMove_o size 1 result type 11 source type 1 a_dead 1 hl_dead 1 de_dead 1 iy_dead 1 f_dead 1
   0D9F AF            [ 4] 3663 	xor	a, a
   0DA0 32r00s00      [13] 3664 	ld	(#_success), a
                           3665 ; common peephole 19 loaded (#_success) from a directly instead of using hl.
                           3666 ;	genLabel
   0DA3                    3667 00108$:
                           3668 ;	skipping iCode since result will be rematerialized
                           3669 ;	skipping iCode since result will be rematerialized
                           3670 ;	genPointerGet
   0DA3 3Ar07s00      [13] 3671 	ld	a, (#_nibble_op_test_high2_1_volatileBits_10000_83 + 0)
   0DA6 07            [ 4] 3672 	rlca
   0DA7 07            [ 4] 3673 	rlca
   0DA8 07            [ 4] 3674 	rlca
   0DA9 07            [ 4] 3675 	rlca
   0DAA E6 0F         [ 7] 3676 	and	a, #0x0f
                           3677 ;	genXor
   0DAC EE 01         [ 7] 3678 	xor	a, #0x01
                           3679 ;	genMove_o size 1 result type 2 source type 2 a_dead 1 hl_dead 1 de_dead 1 iy_dead 1 f_dead 1
   0DAE 4F            [ 4] 3680 	ld	c, a
                           3681 ;	genMove_o size 0 result type 2 source type 1 a_dead 1 hl_dead 1 de_dead 1 iy_dead 1 f_dead 1
                           3682 ;	genPointerSet
                           3683 ;	genMove_o size 2 result type 2 source type 7 a_dead 1 hl_dead 1 de_dead 1 iy_dead 1 f_dead 1
   0DAF 21r07s00      [10] 3684 	ld	hl, #_nibble_op_test_high2_1_volatileBits_10000_83
   0DB2 ED 6F         [18] 3685 	rld
   0DB4 79            [ 4] 3686 	ld	a, c
   0DB5 ED 67         [18] 3687 	rrd
                           3688 ;	skipping iCode since result will be rematerialized
                           3689 ;	genPointerGet
   0DB7 3Ar07s00      [13] 3690 	ld	a, (#_nibble_op_test_high2_1_volatileBits_10000_83 + 0)
   0DBA 07            [ 4] 3691 	rlca
   0DBB 07            [ 4] 3692 	rlca
   0DBC 07            [ 4] 3693 	rlca
   0DBD 07            [ 4] 3694 	rlca
   0DBE E6 0F         [ 7] 3695 	and	a, #0x0f
                           3696 ;	genCast
                           3697 ;	(locations are the same)
                           3698 ;	genCmpEq
   0DC0 FE 0E         [ 7] 3699 	cp	a, #0x0e
                           3700 ; common peephole 81 removed jp by using inverse jump logic
                           3701 ; common peephole 159 removed unused label 00218$.
                           3702 ; common peephole 163 changed absolute to relative conditional jump.
   0DC2 20 09         [12] 3703 	jr	nz, 00110$
                           3704 ; common peephole 82 removed jp by using inverse jump logic
                           3705 ; common peephole 159 removed unused label 00219$.
                           3706 ;	skipping generated iCode
                           3707 ;	skipping iCode since result will be rematerialized
                           3708 ;	genPointerGet
   0DC4 3Ar07s00      [13] 3709 	ld	a, (#_nibble_op_test_high2_1_volatileBits_10000_83 + 0)
   0DC7 E6 0F         [ 7] 3710 	and	a, #0x0f
                           3711 ;	genCmpEq
   0DC9 FE 0F         [ 7] 3712 	cp	a, #0x0f
                           3713 ; common peephole 163 changed absolute to relative conditional jump.
   0DCB 28 04         [12] 3714 	jr	z, 00111$
                           3715 ; common peephole 81 removed jp by using inverse jump logic
                           3716 ; common peephole 159 removed unused label 00220$.
                           3717 ;	skipping generated iCode
                           3718 ;	genLabel
   0DCD                    3719 00110$:
                           3720 ;	genAssign
                           3721 ;	genMove_o size 1 result type 11 source type 1 a_dead 1 hl_dead 1 de_dead 1 iy_dead 1 f_dead 1
   0DCD AF            [ 4] 3722 	xor	a, a
   0DCE 32r00s00      [13] 3723 	ld	(#_success), a
                           3724 ; common peephole 19 loaded (#_success) from a directly instead of using hl.
                           3725 ;	genLabel
   0DD1                    3726 00111$:
                           3727 ;	genPlus
                           3728 ;	genMove_o size 2 result type 2 source type 10 a_dead 1 hl_dead 1 de_dead 1 iy_dead 1 f_dead 1
   0DD1 2Ar00s00      [16] 3729 	ld	hl, (___numTests)
   0DD4 23            [ 6] 3730 	inc	hl
                           3731 ;	genMove_o size 2 result type 10 source type 2 a_dead 1 hl_dead 1 de_dead 1 iy_dead 1 f_dead 1
   0DD5 22r00s00      [16] 3732 	ld	(___numTests), hl
                           3733 ;	genIfx
                           3734 ; common peephole 61 used hl instead of iy.
                           3735 ; common peephole 130a removed unnecessary +0 from constant
   0DD8 21r00s00      [10] 3736 	ld	hl, #_success
   0DDB CB 46         [12] 3737 	bit	0, (hl)
                           3738 ; common peephole 163 changed absolute to relative conditional jump.
   0DDD 20 11         [12] 3739 	jr	nz, 00128$
                           3740 ;	skipping iCode since result will be rematerialized
                           3741 ;	skipping iCode since result will be rematerialized
                           3742 ;	skipping iCode since result will be rematerialized
                           3743 ;	skipping iCode since result will be rematerialized
                           3744 ;	skipping iCode since result will be rematerialized
                           3745 ;	skipping iCode since result will be rematerialized
                           3746 ;	genIpush
                           3747 ;	genMove_o size 2 result type 2 source type 1 a_dead 1 hl_dead 1 de_dead 1 iy_dead 1 f_dead 1
   0DDF 21 76 01      [10] 3748 	ld	hl, #0x0176
   0DE2 E5            [11] 3749 	push	hl
                           3750 ;	genIpush
                           3751 ;	genMove_o size 2 result type 2 source type 7 a_dead 1 hl_dead 1 de_dead 1 iy_dead 1 f_dead 1
   0DE3 21rD0s0E      [10] 3752 	ld	hl, #___str_23
   0DE6 E5            [11] 3753 	push	hl
                           3754 ;	genSend
                           3755 ;	genMove_o size 2 result type 2 source type 7 a_dead 1 hl_dead 1 de_dead 1 iy_dead 1 f_dead 1
   0DE7 11rC8s0E      [10] 3756 	ld	de, #___str_22
                           3757 ;	genSend
                           3758 ;	genMove_o size 2 result type 2 source type 7 a_dead 1 hl_dead 1 de_dead 0 iy_dead 1 f_dead 1
   0DEA 21rB7s0E      [10] 3759 	ld	hl, #___str_21
                           3760 ;	genCall
   0DED CDr00s00      [17] 3761 	call	___fail
                           3762 ;	genLabel
   0DF0                    3763 00128$:
                           3764 ;cases/bitfields-nibbles/bitfields-nibbles_operation_3_pattern_1_varType_4.c:375: TEST(high, 0x02);
                           3765 ;	genAssign
                           3766 ;	genMove_o size 1 result type 11 source type 1 a_dead 1 hl_dead 1 de_dead 1 iy_dead 1 f_dead 1
   0DF0 21r00s00      [10] 3767 	ld	hl, #_success
   0DF3 36 01         [10] 3768 	ld	(hl), #0x01
                           3769 ;	genAddrOf
   0DF5 01r07s00      [10] 3770 	ld	bc, #_nibble_op_test_high2_1_volatileBits_10000_83+0
                           3771 ;	genPointerSet
   0DF8 0A            [ 7] 3772 	ld	a, (bc)
   0DF9 E6 0F         [ 7] 3773 	and	a, #0x0f
   0DFB 02            [ 7] 3774 	ld	(bc), a
                           3775 ;	genAddrOf
   0DFC 01r07s00      [10] 3776 	ld	bc, #_nibble_op_test_high2_1_volatileBits_10000_83+0
                           3777 ;	genPointerSet
   0DFF 0A            [ 7] 3778 	ld	a, (bc)
   0E00 F6 0F         [ 7] 3779 	or	a, #0x0f
   0E02 02            [ 7] 3780 	ld	(bc), a
                           3781 ;	skipping iCode since result will be rematerialized
                           3782 ;	genPointerGet
   0E03 3Ar07s00      [13] 3783 	ld	a, (#_nibble_op_test_high2_1_volatileBits_10000_83 + 0)
   0E06 07            [ 4] 3784 	rlca
   0E07 07            [ 4] 3785 	rlca
   0E08 07            [ 4] 3786 	rlca
   0E09 07            [ 4] 3787 	rlca
                           3788 ;	genIfx
   0E0A E6 0F         [ 7] 3789 	and	a, #0x0f
                           3790 ; common peephole 100 removed redundant or after and.
                           3791 ; common peephole 163 changed absolute to relative conditional jump.
   0E0C 20 09         [12] 3792 	jr	nz, 00113$
                           3793 ;	skipping iCode since result will be rematerialized
                           3794 ;	genPointerGet
   0E0E 3Ar07s00      [13] 3795 	ld	a, (#_nibble_op_test_high2_1_volatileBits_10000_83 + 0)
   0E11 E6 0F         [ 7] 3796 	and	a, #0x0f
                           3797 ;	genCmpEq
   0E13 FE 0F         [ 7] 3798 	cp	a, #0x0f
                           3799 ; common peephole 163 changed absolute to relative conditional jump.
   0E15 28 04         [12] 3800 	jr	z, 00114$
                           3801 ; common peephole 81 removed jp by using inverse jump logic
                           3802 ; common peephole 159 removed unused label 00221$.
                           3803 ;	skipping generated iCode
                           3804 ;	genLabel
   0E17                    3805 00113$:
                           3806 ;	genAssign
                           3807 ;	genMove_o size 1 result type 11 source type 1 a_dead 1 hl_dead 1 de_dead 1 iy_dead 1 f_dead 1
   0E17 AF            [ 4] 3808 	xor	a, a
   0E18 32r00s00      [13] 3809 	ld	(#_success), a
                           3810 ; common peephole 19 loaded (#_success) from a directly instead of using hl.
                           3811 ;	genLabel
   0E1B                    3812 00114$:
                           3813 ;	skipping iCode since result will be rematerialized
                           3814 ;	skipping iCode since result will be rematerialized
                           3815 ;	genPointerGet
   0E1B 3Ar07s00      [13] 3816 	ld	a, (#_nibble_op_test_high2_1_volatileBits_10000_83 + 0)
   0E1E 07            [ 4] 3817 	rlca
   0E1F 07            [ 4] 3818 	rlca
   0E20 07            [ 4] 3819 	rlca
   0E21 07            [ 4] 3820 	rlca
   0E22 E6 0F         [ 7] 3821 	and	a, #0x0f
                           3822 ;	genXor
   0E24 EE 02         [ 7] 3823 	xor	a, #0x02
                           3824 ;	genMove_o size 1 result type 2 source type 2 a_dead 1 hl_dead 1 de_dead 1 iy_dead 1 f_dead 1
   0E26 4F            [ 4] 3825 	ld	c, a
                           3826 ;	genMove_o size 0 result type 2 source type 1 a_dead 1 hl_dead 1 de_dead 1 iy_dead 1 f_dead 1
                           3827 ;	genPointerSet
                           3828 ;	genMove_o size 2 result type 2 source type 7 a_dead 1 hl_dead 1 de_dead 1 iy_dead 1 f_dead 1
   0E27 21r07s00      [10] 3829 	ld	hl, #_nibble_op_test_high2_1_volatileBits_10000_83
   0E2A ED 6F         [18] 3830 	rld
   0E2C 79            [ 4] 3831 	ld	a, c
   0E2D ED 67         [18] 3832 	rrd
                           3833 ;	skipping iCode since result will be rematerialized
                           3834 ;	genPointerGet
   0E2F 3Ar07s00      [13] 3835 	ld	a, (#_nibble_op_test_high2_1_volatileBits_10000_83 + 0)
   0E32 07            [ 4] 3836 	rlca
   0E33 07            [ 4] 3837 	rlca
   0E34 07            [ 4] 3838 	rlca
   0E35 07            [ 4] 3839 	rlca
   0E36 E6 0F         [ 7] 3840 	and	a, #0x0f
                           3841 ;	genCast
                           3842 ;	(locations are the same)
                           3843 ;	genCmpEq
   0E38 FE 02         [ 7] 3844 	cp	a, #0x02
                           3845 ; common peephole 81 removed jp by using inverse jump logic
                           3846 ; common peephole 159 removed unused label 00222$.
                           3847 ; common peephole 163 changed absolute to relative conditional jump.
   0E3A 20 09         [12] 3848 	jr	nz, 00116$
                           3849 ; common peephole 82 removed jp by using inverse jump logic
                           3850 ; common peephole 159 removed unused label 00223$.
                           3851 ;	skipping generated iCode
                           3852 ;	skipping iCode since result will be rematerialized
                           3853 ;	genPointerGet
   0E3C 3Ar07s00      [13] 3854 	ld	a, (#_nibble_op_test_high2_1_volatileBits_10000_83 + 0)
   0E3F E6 0F         [ 7] 3855 	and	a, #0x0f
                           3856 ;	genCmpEq
   0E41 FE 0F         [ 7] 3857 	cp	a, #0x0f
                           3858 ; common peephole 163 changed absolute to relative conditional jump.
   0E43 28 04         [12] 3859 	jr	z, 00117$
                           3860 ; common peephole 81 removed jp by using inverse jump logic
                           3861 ; common peephole 159 removed unused label 00224$.
                           3862 ;	skipping generated iCode
                           3863 ;	genLabel
   0E45                    3864 00116$:
                           3865 ;	genAssign
                           3866 ;	genMove_o size 1 result type 11 source type 1 a_dead 1 hl_dead 1 de_dead 1 iy_dead 1 f_dead 1
   0E45 AF            [ 4] 3867 	xor	a, a
   0E46 32r00s00      [13] 3868 	ld	(#_success), a
                           3869 ; common peephole 19 loaded (#_success) from a directly instead of using hl.
                           3870 ;	genLabel
   0E49                    3871 00117$:
                           3872 ;	genAddrOf
   0E49 01r07s00      [10] 3873 	ld	bc, #_nibble_op_test_high2_1_volatileBits_10000_83+0
                           3874 ;	genPointerSet
   0E4C 0A            [ 7] 3875 	ld	a, (bc)
   0E4D F6 F0         [ 7] 3876 	or	a, #0xf0
   0E4F 02            [ 7] 3877 	ld	(bc), a
                           3878 ;	skipping iCode since result will be rematerialized
                           3879 ;	genPointerGet
   0E50 3Ar07s00      [13] 3880 	ld	a, (#_nibble_op_test_high2_1_volatileBits_10000_83 + 0)
   0E53 07            [ 4] 3881 	rlca
   0E54 07            [ 4] 3882 	rlca
   0E55 07            [ 4] 3883 	rlca
   0E56 07            [ 4] 3884 	rlca
   0E57 E6 0F         [ 7] 3885 	and	a, #0x0f
                           3886 ;	genCmpEq
   0E59 FE 0F         [ 7] 3887 	cp	a, #0x0f
                           3888 ; common peephole 81 removed jp by using inverse jump logic
                           3889 ; common peephole 159 removed unused label 00225$.
                           3890 ; common peephole 163 changed absolute to relative conditional jump.
   0E5B 20 09         [12] 3891 	jr	nz, 00119$
                           3892 ; common peephole 82 removed jp by using inverse jump logic
                           3893 ; common peephole 159 removed unused label 00226$.
                           3894 ;	skipping generated iCode
                           3895 ;	skipping iCode since result will be rematerialized
                           3896 ;	genPointerGet
   0E5D 3Ar07s00      [13] 3897 	ld	a, (#_nibble_op_test_high2_1_volatileBits_10000_83 + 0)
   0E60 E6 0F         [ 7] 3898 	and	a, #0x0f
                           3899 ;	genCmpEq
   0E62 FE 0F         [ 7] 3900 	cp	a, #0x0f
                           3901 ; common peephole 163 changed absolute to relative conditional jump.
   0E64 28 04         [12] 3902 	jr	z, 00120$
                           3903 ; common peephole 81 removed jp by using inverse jump logic
                           3904 ; common peephole 159 removed unused label 00227$.
                           3905 ;	skipping generated iCode
                           3906 ;	genLabel
   0E66                    3907 00119$:
                           3908 ;	genAssign
                           3909 ;	genMove_o size 1 result type 11 source type 1 a_dead 1 hl_dead 1 de_dead 1 iy_dead 1 f_dead 1
   0E66 AF            [ 4] 3910 	xor	a, a
   0E67 32r00s00      [13] 3911 	ld	(#_success), a
                           3912 ; common peephole 19 loaded (#_success) from a directly instead of using hl.
                           3913 ;	genLabel
   0E6A                    3914 00120$:
                           3915 ;	skipping iCode since result will be rematerialized
                           3916 ;	skipping iCode since result will be rematerialized
                           3917 ;	genPointerGet
   0E6A 3Ar07s00      [13] 3918 	ld	a, (#_nibble_op_test_high2_1_volatileBits_10000_83 + 0)
   0E6D 07            [ 4] 3919 	rlca
   0E6E 07            [ 4] 3920 	rlca
   0E6F 07            [ 4] 3921 	rlca
   0E70 07            [ 4] 3922 	rlca
   0E71 E6 0F         [ 7] 3923 	and	a, #0x0f
                           3924 ;	genXor
   0E73 EE 02         [ 7] 3925 	xor	a, #0x02
                           3926 ;	genMove_o size 1 result type 2 source type 2 a_dead 1 hl_dead 1 de_dead 1 iy_dead 1 f_dead 1
   0E75 4F            [ 4] 3927 	ld	c, a
                           3928 ;	genMove_o size 0 result type 2 source type 1 a_dead 1 hl_dead 1 de_dead 1 iy_dead 1 f_dead 1
                           3929 ;	genPointerSet
                           3930 ;	genMove_o size 2 result type 2 source type 7 a_dead 1 hl_dead 1 de_dead 1 iy_dead 1 f_dead 1
   0E76 21r07s00      [10] 3931 	ld	hl, #_nibble_op_test_high2_1_volatileBits_10000_83
   0E79 ED 6F         [18] 3932 	rld
   0E7B 79            [ 4] 3933 	ld	a, c
   0E7C ED 67         [18] 3934 	rrd
                           3935 ;	skipping iCode since result will be rematerialized
                           3936 ;	genPointerGet
   0E7E 3Ar07s00      [13] 3937 	ld	a, (#_nibble_op_test_high2_1_volatileBits_10000_83 + 0)
   0E81 07            [ 4] 3938 	rlca
   0E82 07            [ 4] 3939 	rlca
   0E83 07            [ 4] 3940 	rlca
   0E84 07            [ 4] 3941 	rlca
   0E85 E6 0F         [ 7] 3942 	and	a, #0x0f
                           3943 ;	genCast
                           3944 ;	(locations are the same)
                           3945 ;	genCmpEq
   0E87 FE 0D         [ 7] 3946 	cp	a, #0x0d
                           3947 ; common peephole 81 removed jp by using inverse jump logic
                           3948 ; common peephole 159 removed unused label 00228$.
                           3949 ; common peephole 163 changed absolute to relative conditional jump.
   0E89 20 09         [12] 3950 	jr	nz, 00122$
                           3951 ; common peephole 82 removed jp by using inverse jump logic
                           3952 ; common peephole 159 removed unused label 00229$.
                           3953 ;	skipping generated iCode
                           3954 ;	skipping iCode since result will be rematerialized
                           3955 ;	genPointerGet
   0E8B 3Ar07s00      [13] 3956 	ld	a, (#_nibble_op_test_high2_1_volatileBits_10000_83 + 0)
   0E8E E6 0F         [ 7] 3957 	and	a, #0x0f
                           3958 ;	genCmpEq
   0E90 FE 0F         [ 7] 3959 	cp	a, #0x0f
                           3960 ; common peephole 163 changed absolute to relative conditional jump.
   0E92 28 04         [12] 3961 	jr	z, 00123$
                           3962 ; common peephole 81 removed jp by using inverse jump logic
                           3963 ; common peephole 159 removed unused label 00230$.
                           3964 ;	skipping generated iCode
                           3965 ;	genLabel
   0E94                    3966 00122$:
                           3967 ;	genAssign
                           3968 ;	genMove_o size 1 result type 11 source type 1 a_dead 1 hl_dead 1 de_dead 1 iy_dead 1 f_dead 1
   0E94 AF            [ 4] 3969 	xor	a, a
   0E95 32r00s00      [13] 3970 	ld	(#_success), a
                           3971 ; common peephole 19 loaded (#_success) from a directly instead of using hl.
                           3972 ;	genLabel
   0E98                    3973 00123$:
                           3974 ;	genPlus
                           3975 ;	genMove_o size 2 result type 2 source type 10 a_dead 1 hl_dead 1 de_dead 1 iy_dead 1 f_dead 1
   0E98 2Ar00s00      [16] 3976 	ld	hl, (___numTests)
   0E9B 23            [ 6] 3977 	inc	hl
                           3978 ;	genMove_o size 2 result type 10 source type 2 a_dead 1 hl_dead 1 de_dead 1 iy_dead 1 f_dead 1
   0E9C 22r00s00      [16] 3979 	ld	(___numTests), hl
                           3980 ;	genIfx
                           3981 ; common peephole 61 used hl instead of iy.
                           3982 ; common peephole 130a removed unnecessary +0 from constant
   0E9F 21r00s00      [10] 3983 	ld	hl, #_success
   0EA2 CB 46         [12] 3984 	bit	0, (hl)
   0EA4 C0            [11] 3985 	ret	nz
                           3986 ; common peephole 161 replaced jump by return.
                           3987 ;	skipping iCode since result will be rematerialized
                           3988 ;	skipping iCode since result will be rematerialized
                           3989 ;	skipping iCode since result will be rematerialized
                           3990 ;	skipping iCode since result will be rematerialized
                           3991 ;	skipping iCode since result will be rematerialized
                           3992 ;	skipping iCode since result will be rematerialized
                           3993 ;	genIpush
                           3994 ;	genMove_o size 2 result type 2 source type 1 a_dead 1 hl_dead 1 de_dead 1 iy_dead 1 f_dead 1
   0EA5 21 77 01      [10] 3995 	ld	hl, #0x0177
   0EA8 E5            [11] 3996 	push	hl
                           3997 ;	genIpush
                           3998 ;	genMove_o size 2 result type 2 source type 7 a_dead 1 hl_dead 1 de_dead 1 iy_dead 1 f_dead 1
   0EA9 21rD0s0E      [10] 3999 	ld	hl, #___str_23
   0EAC E5            [11] 4000 	push	hl
                           4001 ;	genSend
                           4002 ;	genMove_o size 2 result type 2 source type 7 a_dead 1 hl_dead 1 de_dead 1 iy_dead 1 f_dead 1
   0EAD 11rC8s0E      [10] 4003 	ld	de, #___str_22
                           4004 ;	genSend
                           4005 ;	genMove_o size 2 result type 2 source type 7 a_dead 1 hl_dead 1 de_dead 0 iy_dead 1 f_dead 1
   0EB0 21rB7s0E      [10] 4006 	ld	hl, #___str_21
                           4007 ;	genCall
   0EB3 CDr00s00      [17] 4008 	call	___fail
                           4009 ;	genLabel
                           4010 ; common peephole 159 removed unused label 00125$.
                           4011 ;cases/bitfields-nibbles/bitfields-nibbles_operation_3_pattern_1_varType_4.c:376: }
                           4012 ;	genEndFunction
   0EB6 C9            [10] 4013 	ret
                           4014 ;	Total nibble_op_test_high2_1 function size at codegen: 13 bytes.
   0EB7                    4015 ___str_21:
   0EB7 41 73 73 65 72 74  4016 	.ascii "Assertion failed"
        69 6F 6E 20 66 61
        69 6C 65 64
   0EC7 00                 4017 	.db 0x00
   0EC8                    4018 ___str_22:
   0EC8 73 75 63 63 65 73  4019 	.ascii "success"
        73
   0ECF 00                 4020 	.db 0x00
   0ED0                    4021 ___str_23:
   0ED0 63 61 73 65 73 2F  4022 	.ascii "cases/bitfields-nibbles/bitfields-nibbles_operation_3_patter"
        62 69 74 66 69 65
        6C 64 73 2D 6E 69
        62 62 6C 65 73 2F
        62 69 74 66 69 65
        6C 64 73 2D 6E 69
        62 62 6C 65 73 5F
        6F 70 65 72 61 74
        69 6F 6E 5F 33 5F
        70 61 74 74 65 72
   0F0C 6E 5F 31 5F 76 61  4023 	.ascii "n_1_varType_4.c"
        72 54 79 70 65 5F
        34 2E 63
   0F1B 00                 4024 	.db 0x00
                           4025 ;cases/bitfields-nibbles/bitfields-nibbles_operation_3_pattern_1_varType_4.c:387: nibble_op_test_high3_1(void)
                           4026 ;	genLabel
                           4027 ;	genFunction
                           4028 ;	---------------------------------
                           4029 ; Function nibble_op_test_high3_1
                           4030 ; ---------------------------------
                           4031 ;	Register assignment might be sub-optimal.
                           4032 ; Stack space usage: 0 bytes.
   0F1C                    4033 _nibble_op_test_high3_1:
                           4034 ;cases/bitfields-nibbles/bitfields-nibbles_operation_3_pattern_1_varType_4.c:390: TEST(high, 0x0E);
                           4035 ;	genAssign
                           4036 ;	genMove_o size 1 result type 11 source type 1 a_dead 1 hl_dead 1 de_dead 1 iy_dead 1 f_dead 1
   0F1C 21r00s00      [10] 4037 	ld	hl, #_success
   0F1F 36 01         [10] 4038 	ld	(hl), #0x01
                           4039 ;	genAddrOf
   0F21 01r08s00      [10] 4040 	ld	bc, #_nibble_op_test_high3_1_volatileBits_10000_93+0
                           4041 ;	genPointerSet
   0F24 0A            [ 7] 4042 	ld	a, (bc)
   0F25 E6 0F         [ 7] 4043 	and	a, #0x0f
   0F27 02            [ 7] 4044 	ld	(bc), a
                           4045 ;	genAddrOf
   0F28 01r08s00      [10] 4046 	ld	bc, #_nibble_op_test_high3_1_volatileBits_10000_93+0
                           4047 ;	genPointerSet
   0F2B 0A            [ 7] 4048 	ld	a, (bc)
   0F2C F6 0F         [ 7] 4049 	or	a, #0x0f
   0F2E 02            [ 7] 4050 	ld	(bc), a
                           4051 ;	skipping iCode since result will be rematerialized
                           4052 ;	genPointerGet
   0F2F 3Ar08s00      [13] 4053 	ld	a, (#_nibble_op_test_high3_1_volatileBits_10000_93 + 0)
   0F32 07            [ 4] 4054 	rlca
   0F33 07            [ 4] 4055 	rlca
   0F34 07            [ 4] 4056 	rlca
   0F35 07            [ 4] 4057 	rlca
                           4058 ;	genIfx
   0F36 E6 0F         [ 7] 4059 	and	a, #0x0f
                           4060 ; common peephole 100 removed redundant or after and.
                           4061 ; common peephole 163 changed absolute to relative conditional jump.
   0F38 20 09         [12] 4062 	jr	nz, 00101$
                           4063 ;	skipping iCode since result will be rematerialized
                           4064 ;	genPointerGet
   0F3A 3Ar08s00      [13] 4065 	ld	a, (#_nibble_op_test_high3_1_volatileBits_10000_93 + 0)
   0F3D E6 0F         [ 7] 4066 	and	a, #0x0f
                           4067 ;	genCmpEq
   0F3F FE 0F         [ 7] 4068 	cp	a, #0x0f
                           4069 ; common peephole 163 changed absolute to relative conditional jump.
   0F41 28 04         [12] 4070 	jr	z, 00102$
                           4071 ; common peephole 81 removed jp by using inverse jump logic
                           4072 ; common peephole 159 removed unused label 00211$.
                           4073 ;	skipping generated iCode
                           4074 ;	genLabel
   0F43                    4075 00101$:
                           4076 ;	genAssign
                           4077 ;	genMove_o size 1 result type 11 source type 1 a_dead 1 hl_dead 1 de_dead 1 iy_dead 1 f_dead 1
   0F43 AF            [ 4] 4078 	xor	a, a
   0F44 32r00s00      [13] 4079 	ld	(#_success), a
                           4080 ; common peephole 19 loaded (#_success) from a directly instead of using hl.
                           4081 ;	genLabel
   0F47                    4082 00102$:
                           4083 ;	skipping iCode since result will be rematerialized
                           4084 ;	skipping iCode since result will be rematerialized
                           4085 ;	genPointerGet
   0F47 3Ar08s00      [13] 4086 	ld	a, (#_nibble_op_test_high3_1_volatileBits_10000_93 + 0)
   0F4A 07            [ 4] 4087 	rlca
   0F4B 07            [ 4] 4088 	rlca
   0F4C 07            [ 4] 4089 	rlca
   0F4D 07            [ 4] 4090 	rlca
   0F4E E6 0F         [ 7] 4091 	and	a, #0x0f
                           4092 ;	genXor
   0F50 EE 0E         [ 7] 4093 	xor	a, #0x0e
                           4094 ;	genMove_o size 1 result type 2 source type 2 a_dead 1 hl_dead 1 de_dead 1 iy_dead 1 f_dead 1
   0F52 4F            [ 4] 4095 	ld	c, a
                           4096 ;	genMove_o size 0 result type 2 source type 1 a_dead 1 hl_dead 1 de_dead 1 iy_dead 1 f_dead 1
                           4097 ;	genPointerSet
                           4098 ;	genMove_o size 2 result type 2 source type 7 a_dead 1 hl_dead 1 de_dead 1 iy_dead 1 f_dead 1
   0F53 21r08s00      [10] 4099 	ld	hl, #_nibble_op_test_high3_1_volatileBits_10000_93
   0F56 ED 6F         [18] 4100 	rld
   0F58 79            [ 4] 4101 	ld	a, c
   0F59 ED 67         [18] 4102 	rrd
                           4103 ;	skipping iCode since result will be rematerialized
                           4104 ;	genPointerGet
   0F5B 3Ar08s00      [13] 4105 	ld	a, (#_nibble_op_test_high3_1_volatileBits_10000_93 + 0)
   0F5E 07            [ 4] 4106 	rlca
   0F5F 07            [ 4] 4107 	rlca
   0F60 07            [ 4] 4108 	rlca
   0F61 07            [ 4] 4109 	rlca
   0F62 E6 0F         [ 7] 4110 	and	a, #0x0f
                           4111 ;	genCast
                           4112 ;	(locations are the same)
                           4113 ;	genCmpEq
   0F64 FE 0E         [ 7] 4114 	cp	a, #0x0e
                           4115 ; common peephole 81 removed jp by using inverse jump logic
                           4116 ; common peephole 159 removed unused label 00212$.
                           4117 ; common peephole 163 changed absolute to relative conditional jump.
   0F66 20 09         [12] 4118 	jr	nz, 00104$
                           4119 ; common peephole 82 removed jp by using inverse jump logic
                           4120 ; common peephole 159 removed unused label 00213$.
                           4121 ;	skipping generated iCode
                           4122 ;	skipping iCode since result will be rematerialized
                           4123 ;	genPointerGet
   0F68 3Ar08s00      [13] 4124 	ld	a, (#_nibble_op_test_high3_1_volatileBits_10000_93 + 0)
   0F6B E6 0F         [ 7] 4125 	and	a, #0x0f
                           4126 ;	genCmpEq
   0F6D FE 0F         [ 7] 4127 	cp	a, #0x0f
                           4128 ; common peephole 163 changed absolute to relative conditional jump.
   0F6F 28 04         [12] 4129 	jr	z, 00105$
                           4130 ; common peephole 81 removed jp by using inverse jump logic
                           4131 ; common peephole 159 removed unused label 00214$.
                           4132 ;	skipping generated iCode
                           4133 ;	genLabel
   0F71                    4134 00104$:
                           4135 ;	genAssign
                           4136 ;	genMove_o size 1 result type 11 source type 1 a_dead 1 hl_dead 1 de_dead 1 iy_dead 1 f_dead 1
   0F71 AF            [ 4] 4137 	xor	a, a
   0F72 32r00s00      [13] 4138 	ld	(#_success), a
                           4139 ; common peephole 19 loaded (#_success) from a directly instead of using hl.
                           4140 ;	genLabel
   0F75                    4141 00105$:
                           4142 ;	genAddrOf
   0F75 01r08s00      [10] 4143 	ld	bc, #_nibble_op_test_high3_1_volatileBits_10000_93+0
                           4144 ;	genPointerSet
   0F78 0A            [ 7] 4145 	ld	a, (bc)
   0F79 F6 F0         [ 7] 4146 	or	a, #0xf0
   0F7B 02            [ 7] 4147 	ld	(bc), a
                           4148 ;	skipping iCode since result will be rematerialized
                           4149 ;	genPointerGet
   0F7C 3Ar08s00      [13] 4150 	ld	a, (#_nibble_op_test_high3_1_volatileBits_10000_93 + 0)
   0F7F 07            [ 4] 4151 	rlca
   0F80 07            [ 4] 4152 	rlca
   0F81 07            [ 4] 4153 	rlca
   0F82 07            [ 4] 4154 	rlca
   0F83 E6 0F         [ 7] 4155 	and	a, #0x0f
                           4156 ;	genCmpEq
   0F85 FE 0F         [ 7] 4157 	cp	a, #0x0f
                           4158 ; common peephole 81 removed jp by using inverse jump logic
                           4159 ; common peephole 159 removed unused label 00215$.
                           4160 ; common peephole 163 changed absolute to relative conditional jump.
   0F87 20 09         [12] 4161 	jr	nz, 00107$
                           4162 ; common peephole 82 removed jp by using inverse jump logic
                           4163 ; common peephole 159 removed unused label 00216$.
                           4164 ;	skipping generated iCode
                           4165 ;	skipping iCode since result will be rematerialized
                           4166 ;	genPointerGet
   0F89 3Ar08s00      [13] 4167 	ld	a, (#_nibble_op_test_high3_1_volatileBits_10000_93 + 0)
   0F8C E6 0F         [ 7] 4168 	and	a, #0x0f
                           4169 ;	genCmpEq
   0F8E FE 0F         [ 7] 4170 	cp	a, #0x0f
                           4171 ; common peephole 163 changed absolute to relative conditional jump.
   0F90 28 04         [12] 4172 	jr	z, 00108$
                           4173 ; common peephole 81 removed jp by using inverse jump logic
                           4174 ; common peephole 159 removed unused label 00217$.
                           4175 ;	skipping generated iCode
                           4176 ;	genLabel
   0F92                    4177 00107$:
                           4178 ;	genAssign
                           4179 ;	genMove_o size 1 result type 11 source type 1 a_dead 1 hl_dead 1 de_dead 1 iy_dead 1 f_dead 1
   0F92 AF            [ 4] 4180 	xor	a, a
   0F93 32r00s00      [13] 4181 	ld	(#_success), a
                           4182 ; common peephole 19 loaded (#_success) from a directly instead of using hl.
                           4183 ;	genLabel
   0F96                    4184 00108$:
                           4185 ;	skipping iCode since result will be rematerialized
                           4186 ;	skipping iCode since result will be rematerialized
                           4187 ;	genPointerGet
   0F96 3Ar08s00      [13] 4188 	ld	a, (#_nibble_op_test_high3_1_volatileBits_10000_93 + 0)
   0F99 07            [ 4] 4189 	rlca
   0F9A 07            [ 4] 4190 	rlca
   0F9B 07            [ 4] 4191 	rlca
   0F9C 07            [ 4] 4192 	rlca
   0F9D E6 0F         [ 7] 4193 	and	a, #0x0f
                           4194 ;	genXor
   0F9F EE 0E         [ 7] 4195 	xor	a, #0x0e
                           4196 ;	genMove_o size 1 result type 2 source type 2 a_dead 1 hl_dead 1 de_dead 1 iy_dead 1 f_dead 1
   0FA1 4F            [ 4] 4197 	ld	c, a
                           4198 ;	genMove_o size 0 result type 2 source type 1 a_dead 1 hl_dead 1 de_dead 1 iy_dead 1 f_dead 1
                           4199 ;	genPointerSet
                           4200 ;	genMove_o size 2 result type 2 source type 7 a_dead 1 hl_dead 1 de_dead 1 iy_dead 1 f_dead 1
   0FA2 21r08s00      [10] 4201 	ld	hl, #_nibble_op_test_high3_1_volatileBits_10000_93
   0FA5 ED 6F         [18] 4202 	rld
   0FA7 79            [ 4] 4203 	ld	a, c
   0FA8 ED 67         [18] 4204 	rrd
                           4205 ;	skipping iCode since result will be rematerialized
                           4206 ;	genPointerGet
   0FAA 3Ar08s00      [13] 4207 	ld	a, (#_nibble_op_test_high3_1_volatileBits_10000_93 + 0)
   0FAD 07            [ 4] 4208 	rlca
   0FAE 07            [ 4] 4209 	rlca
   0FAF 07            [ 4] 4210 	rlca
   0FB0 07            [ 4] 4211 	rlca
   0FB1 E6 0F         [ 7] 4212 	and	a, #0x0f
                           4213 ;	genCmpEq
   0FB3 FE 01         [ 7] 4214 	cp	a, #0x01
                           4215 ; common peephole 81 removed jp by using inverse jump logic
                           4216 ; common peephole 159 removed unused label 00218$.
                           4217 ; common peephole 163 changed absolute to relative conditional jump.
   0FB5 20 09         [12] 4218 	jr	nz, 00110$
                           4219 ; common peephole 82 removed jp by using inverse jump logic
                           4220 ; common peephole 159 removed unused label 00219$.
                           4221 ;	skipping generated iCode
                           4222 ;	skipping iCode since result will be rematerialized
                           4223 ;	genPointerGet
   0FB7 3Ar08s00      [13] 4224 	ld	a, (#_nibble_op_test_high3_1_volatileBits_10000_93 + 0)
   0FBA E6 0F         [ 7] 4225 	and	a, #0x0f
                           4226 ;	genCmpEq
   0FBC FE 0F         [ 7] 4227 	cp	a, #0x0f
                           4228 ; common peephole 163 changed absolute to relative conditional jump.
   0FBE 28 04         [12] 4229 	jr	z, 00111$
                           4230 ; common peephole 81 removed jp by using inverse jump logic
                           4231 ; common peephole 159 removed unused label 00220$.
                           4232 ;	skipping generated iCode
                           4233 ;	genLabel
   0FC0                    4234 00110$:
                           4235 ;	genAssign
                           4236 ;	genMove_o size 1 result type 11 source type 1 a_dead 1 hl_dead 1 de_dead 1 iy_dead 1 f_dead 1
   0FC0 AF            [ 4] 4237 	xor	a, a
   0FC1 32r00s00      [13] 4238 	ld	(#_success), a
                           4239 ; common peephole 19 loaded (#_success) from a directly instead of using hl.
                           4240 ;	genLabel
   0FC4                    4241 00111$:
                           4242 ;	genPlus
                           4243 ;	genMove_o size 2 result type 2 source type 10 a_dead 1 hl_dead 1 de_dead 1 iy_dead 1 f_dead 1
   0FC4 2Ar00s00      [16] 4244 	ld	hl, (___numTests)
   0FC7 23            [ 6] 4245 	inc	hl
                           4246 ;	genMove_o size 2 result type 10 source type 2 a_dead 1 hl_dead 1 de_dead 1 iy_dead 1 f_dead 1
   0FC8 22r00s00      [16] 4247 	ld	(___numTests), hl
                           4248 ;	genIfx
                           4249 ; common peephole 61 used hl instead of iy.
                           4250 ; common peephole 130a removed unnecessary +0 from constant
   0FCB 21r00s00      [10] 4251 	ld	hl, #_success
   0FCE CB 46         [12] 4252 	bit	0, (hl)
                           4253 ; common peephole 163 changed absolute to relative conditional jump.
   0FD0 20 11         [12] 4254 	jr	nz, 00128$
                           4255 ;	skipping iCode since result will be rematerialized
                           4256 ;	skipping iCode since result will be rematerialized
                           4257 ;	skipping iCode since result will be rematerialized
                           4258 ;	skipping iCode since result will be rematerialized
                           4259 ;	skipping iCode since result will be rematerialized
                           4260 ;	skipping iCode since result will be rematerialized
                           4261 ;	genIpush
                           4262 ;	genMove_o size 2 result type 2 source type 1 a_dead 1 hl_dead 1 de_dead 1 iy_dead 1 f_dead 1
   0FD2 21 86 01      [10] 4263 	ld	hl, #0x0186
   0FD5 E5            [11] 4264 	push	hl
                           4265 ;	genIpush
                           4266 ;	genMove_o size 2 result type 2 source type 7 a_dead 1 hl_dead 1 de_dead 1 iy_dead 1 f_dead 1
   0FD6 21rC3s10      [10] 4267 	ld	hl, #___str_26
   0FD9 E5            [11] 4268 	push	hl
                           4269 ;	genSend
                           4270 ;	genMove_o size 2 result type 2 source type 7 a_dead 1 hl_dead 1 de_dead 1 iy_dead 1 f_dead 1
   0FDA 11rBBs10      [10] 4271 	ld	de, #___str_25
                           4272 ;	genSend
                           4273 ;	genMove_o size 2 result type 2 source type 7 a_dead 1 hl_dead 1 de_dead 0 iy_dead 1 f_dead 1
   0FDD 21rAAs10      [10] 4274 	ld	hl, #___str_24
                           4275 ;	genCall
   0FE0 CDr00s00      [17] 4276 	call	___fail
                           4277 ;	genLabel
   0FE3                    4278 00128$:
                           4279 ;cases/bitfields-nibbles/bitfields-nibbles_operation_3_pattern_1_varType_4.c:391: TEST(high, 0x0D);
                           4280 ;	genAssign
                           4281 ;	genMove_o size 1 result type 11 source type 1 a_dead 1 hl_dead 1 de_dead 1 iy_dead 1 f_dead 1
   0FE3 21r00s00      [10] 4282 	ld	hl, #_success
   0FE6 36 01         [10] 4283 	ld	(hl), #0x01
                           4284 ;	genAddrOf
   0FE8 01r08s00      [10] 4285 	ld	bc, #_nibble_op_test_high3_1_volatileBits_10000_93+0
                           4286 ;	genPointerSet
   0FEB 0A            [ 7] 4287 	ld	a, (bc)
   0FEC E6 0F         [ 7] 4288 	and	a, #0x0f
   0FEE 02            [ 7] 4289 	ld	(bc), a
                           4290 ;	genAddrOf
   0FEF 01r08s00      [10] 4291 	ld	bc, #_nibble_op_test_high3_1_volatileBits_10000_93+0
                           4292 ;	genPointerSet
   0FF2 0A            [ 7] 4293 	ld	a, (bc)
   0FF3 F6 0F         [ 7] 4294 	or	a, #0x0f
   0FF5 02            [ 7] 4295 	ld	(bc), a
                           4296 ;	skipping iCode since result will be rematerialized
                           4297 ;	genPointerGet
   0FF6 3Ar08s00      [13] 4298 	ld	a, (#_nibble_op_test_high3_1_volatileBits_10000_93 + 0)
   0FF9 07            [ 4] 4299 	rlca
   0FFA 07            [ 4] 4300 	rlca
   0FFB 07            [ 4] 4301 	rlca
   0FFC 07            [ 4] 4302 	rlca
                           4303 ;	genIfx
   0FFD E6 0F         [ 7] 4304 	and	a, #0x0f
                           4305 ; common peephole 100 removed redundant or after and.
                           4306 ; common peephole 163 changed absolute to relative conditional jump.
   0FFF 20 09         [12] 4307 	jr	nz, 00113$
                           4308 ;	skipping iCode since result will be rematerialized
                           4309 ;	genPointerGet
   1001 3Ar08s00      [13] 4310 	ld	a, (#_nibble_op_test_high3_1_volatileBits_10000_93 + 0)
   1004 E6 0F         [ 7] 4311 	and	a, #0x0f
                           4312 ;	genCmpEq
   1006 FE 0F         [ 7] 4313 	cp	a, #0x0f
                           4314 ; common peephole 163 changed absolute to relative conditional jump.
   1008 28 04         [12] 4315 	jr	z, 00114$
                           4316 ; common peephole 81 removed jp by using inverse jump logic
                           4317 ; common peephole 159 removed unused label 00221$.
                           4318 ;	skipping generated iCode
                           4319 ;	genLabel
   100A                    4320 00113$:
                           4321 ;	genAssign
                           4322 ;	genMove_o size 1 result type 11 source type 1 a_dead 1 hl_dead 1 de_dead 1 iy_dead 1 f_dead 1
   100A AF            [ 4] 4323 	xor	a, a
   100B 32r00s00      [13] 4324 	ld	(#_success), a
                           4325 ; common peephole 19 loaded (#_success) from a directly instead of using hl.
                           4326 ;	genLabel
   100E                    4327 00114$:
                           4328 ;	skipping iCode since result will be rematerialized
                           4329 ;	skipping iCode since result will be rematerialized
                           4330 ;	genPointerGet
   100E 3Ar08s00      [13] 4331 	ld	a, (#_nibble_op_test_high3_1_volatileBits_10000_93 + 0)
   1011 07            [ 4] 4332 	rlca
   1012 07            [ 4] 4333 	rlca
   1013 07            [ 4] 4334 	rlca
   1014 07            [ 4] 4335 	rlca
   1015 E6 0F         [ 7] 4336 	and	a, #0x0f
                           4337 ;	genXor
   1017 EE 0D         [ 7] 4338 	xor	a, #0x0d
                           4339 ;	genMove_o size 1 result type 2 source type 2 a_dead 1 hl_dead 1 de_dead 1 iy_dead 1 f_dead 1
   1019 4F            [ 4] 4340 	ld	c, a
                           4341 ;	genMove_o size 0 result type 2 source type 1 a_dead 1 hl_dead 1 de_dead 1 iy_dead 1 f_dead 1
                           4342 ;	genPointerSet
                           4343 ;	genMove_o size 2 result type 2 source type 7 a_dead 1 hl_dead 1 de_dead 1 iy_dead 1 f_dead 1
   101A 21r08s00      [10] 4344 	ld	hl, #_nibble_op_test_high3_1_volatileBits_10000_93
   101D ED 6F         [18] 4345 	rld
   101F 79            [ 4] 4346 	ld	a, c
   1020 ED 67         [18] 4347 	rrd
                           4348 ;	skipping iCode since result will be rematerialized
                           4349 ;	genPointerGet
   1022 3Ar08s00      [13] 4350 	ld	a, (#_nibble_op_test_high3_1_volatileBits_10000_93 + 0)
   1025 07            [ 4] 4351 	rlca
   1026 07            [ 4] 4352 	rlca
   1027 07            [ 4] 4353 	rlca
   1028 07            [ 4] 4354 	rlca
   1029 E6 0F         [ 7] 4355 	and	a, #0x0f
                           4356 ;	genCast
                           4357 ;	(locations are the same)
                           4358 ;	genCmpEq
   102B FE 0D         [ 7] 4359 	cp	a, #0x0d
                           4360 ; common peephole 81 removed jp by using inverse jump logic
                           4361 ; common peephole 159 removed unused label 00222$.
                           4362 ; common peephole 163 changed absolute to relative conditional jump.
   102D 20 09         [12] 4363 	jr	nz, 00116$
                           4364 ; common peephole 82 removed jp by using inverse jump logic
                           4365 ; common peephole 159 removed unused label 00223$.
                           4366 ;	skipping generated iCode
                           4367 ;	skipping iCode since result will be rematerialized
                           4368 ;	genPointerGet
   102F 3Ar08s00      [13] 4369 	ld	a, (#_nibble_op_test_high3_1_volatileBits_10000_93 + 0)
   1032 E6 0F         [ 7] 4370 	and	a, #0x0f
                           4371 ;	genCmpEq
   1034 FE 0F         [ 7] 4372 	cp	a, #0x0f
                           4373 ; common peephole 163 changed absolute to relative conditional jump.
   1036 28 04         [12] 4374 	jr	z, 00117$
                           4375 ; common peephole 81 removed jp by using inverse jump logic
                           4376 ; common peephole 159 removed unused label 00224$.
                           4377 ;	skipping generated iCode
                           4378 ;	genLabel
   1038                    4379 00116$:
                           4380 ;	genAssign
                           4381 ;	genMove_o size 1 result type 11 source type 1 a_dead 1 hl_dead 1 de_dead 1 iy_dead 1 f_dead 1
   1038 AF            [ 4] 4382 	xor	a, a
   1039 32r00s00      [13] 4383 	ld	(#_success), a
                           4384 ; common peephole 19 loaded (#_success) from a directly instead of using hl.
                           4385 ;	genLabel
   103C                    4386 00117$:
                           4387 ;	genAddrOf
   103C 01r08s00      [10] 4388 	ld	bc, #_nibble_op_test_high3_1_volatileBits_10000_93+0
                           4389 ;	genPointerSet
   103F 0A            [ 7] 4390 	ld	a, (bc)
   1040 F6 F0         [ 7] 4391 	or	a, #0xf0
   1042 02            [ 7] 4392 	ld	(bc), a
                           4393 ;	skipping iCode since result will be rematerialized
                           4394 ;	genPointerGet
   1043 3Ar08s00      [13] 4395 	ld	a, (#_nibble_op_test_high3_1_volatileBits_10000_93 + 0)
   1046 07            [ 4] 4396 	rlca
   1047 07            [ 4] 4397 	rlca
   1048 07            [ 4] 4398 	rlca
   1049 07            [ 4] 4399 	rlca
   104A E6 0F         [ 7] 4400 	and	a, #0x0f
                           4401 ;	genCmpEq
   104C FE 0F         [ 7] 4402 	cp	a, #0x0f
                           4403 ; common peephole 81 removed jp by using inverse jump logic
                           4404 ; common peephole 159 removed unused label 00225$.
                           4405 ; common peephole 163 changed absolute to relative conditional jump.
   104E 20 09         [12] 4406 	jr	nz, 00119$
                           4407 ; common peephole 82 removed jp by using inverse jump logic
                           4408 ; common peephole 159 removed unused label 00226$.
                           4409 ;	skipping generated iCode
                           4410 ;	skipping iCode since result will be rematerialized
                           4411 ;	genPointerGet
   1050 3Ar08s00      [13] 4412 	ld	a, (#_nibble_op_test_high3_1_volatileBits_10000_93 + 0)
   1053 E6 0F         [ 7] 4413 	and	a, #0x0f
                           4414 ;	genCmpEq
   1055 FE 0F         [ 7] 4415 	cp	a, #0x0f
                           4416 ; common peephole 163 changed absolute to relative conditional jump.
   1057 28 04         [12] 4417 	jr	z, 00120$
                           4418 ; common peephole 81 removed jp by using inverse jump logic
                           4419 ; common peephole 159 removed unused label 00227$.
                           4420 ;	skipping generated iCode
                           4421 ;	genLabel
   1059                    4422 00119$:
                           4423 ;	genAssign
                           4424 ;	genMove_o size 1 result type 11 source type 1 a_dead 1 hl_dead 1 de_dead 1 iy_dead 1 f_dead 1
   1059 AF            [ 4] 4425 	xor	a, a
   105A 32r00s00      [13] 4426 	ld	(#_success), a
                           4427 ; common peephole 19 loaded (#_success) from a directly instead of using hl.
                           4428 ;	genLabel
   105D                    4429 00120$:
                           4430 ;	skipping iCode since result will be rematerialized
                           4431 ;	skipping iCode since result will be rematerialized
                           4432 ;	genPointerGet
   105D 3Ar08s00      [13] 4433 	ld	a, (#_nibble_op_test_high3_1_volatileBits_10000_93 + 0)
   1060 07            [ 4] 4434 	rlca
   1061 07            [ 4] 4435 	rlca
   1062 07            [ 4] 4436 	rlca
   1063 07            [ 4] 4437 	rlca
   1064 E6 0F         [ 7] 4438 	and	a, #0x0f
                           4439 ;	genXor
   1066 EE 0D         [ 7] 4440 	xor	a, #0x0d
                           4441 ;	genMove_o size 1 result type 2 source type 2 a_dead 1 hl_dead 1 de_dead 1 iy_dead 1 f_dead 1
   1068 4F            [ 4] 4442 	ld	c, a
                           4443 ;	genMove_o size 0 result type 2 source type 1 a_dead 1 hl_dead 1 de_dead 1 iy_dead 1 f_dead 1
                           4444 ;	genPointerSet
                           4445 ;	genMove_o size 2 result type 2 source type 7 a_dead 1 hl_dead 1 de_dead 1 iy_dead 1 f_dead 1
   1069 21r08s00      [10] 4446 	ld	hl, #_nibble_op_test_high3_1_volatileBits_10000_93
   106C ED 6F         [18] 4447 	rld
   106E 79            [ 4] 4448 	ld	a, c
   106F ED 67         [18] 4449 	rrd
                           4450 ;	skipping iCode since result will be rematerialized
                           4451 ;	genPointerGet
   1071 3Ar08s00      [13] 4452 	ld	a, (#_nibble_op_test_high3_1_volatileBits_10000_93 + 0)
   1074 07            [ 4] 4453 	rlca
   1075 07            [ 4] 4454 	rlca
   1076 07            [ 4] 4455 	rlca
   1077 07            [ 4] 4456 	rlca
   1078 E6 0F         [ 7] 4457 	and	a, #0x0f
                           4458 ;	genCast
                           4459 ;	(locations are the same)
                           4460 ;	genCmpEq
   107A FE 02         [ 7] 4461 	cp	a, #0x02
                           4462 ; common peephole 81 removed jp by using inverse jump logic
                           4463 ; common peephole 159 removed unused label 00228$.
                           4464 ; common peephole 163 changed absolute to relative conditional jump.
   107C 20 09         [12] 4465 	jr	nz, 00122$
                           4466 ; common peephole 82 removed jp by using inverse jump logic
                           4467 ; common peephole 159 removed unused label 00229$.
                           4468 ;	skipping generated iCode
                           4469 ;	skipping iCode since result will be rematerialized
                           4470 ;	genPointerGet
   107E 3Ar08s00      [13] 4471 	ld	a, (#_nibble_op_test_high3_1_volatileBits_10000_93 + 0)
   1081 E6 0F         [ 7] 4472 	and	a, #0x0f
                           4473 ;	genCmpEq
   1083 FE 0F         [ 7] 4474 	cp	a, #0x0f
                           4475 ; common peephole 163 changed absolute to relative conditional jump.
   1085 28 04         [12] 4476 	jr	z, 00123$
                           4477 ; common peephole 81 removed jp by using inverse jump logic
                           4478 ; common peephole 159 removed unused label 00230$.
                           4479 ;	skipping generated iCode
                           4480 ;	genLabel
   1087                    4481 00122$:
                           4482 ;	genAssign
                           4483 ;	genMove_o size 1 result type 11 source type 1 a_dead 1 hl_dead 1 de_dead 1 iy_dead 1 f_dead 1
   1087 AF            [ 4] 4484 	xor	a, a
   1088 32r00s00      [13] 4485 	ld	(#_success), a
                           4486 ; common peephole 19 loaded (#_success) from a directly instead of using hl.
                           4487 ;	genLabel
   108B                    4488 00123$:
                           4489 ;	genPlus
                           4490 ;	genMove_o size 2 result type 2 source type 10 a_dead 1 hl_dead 1 de_dead 1 iy_dead 1 f_dead 1
   108B 2Ar00s00      [16] 4491 	ld	hl, (___numTests)
   108E 23            [ 6] 4492 	inc	hl
                           4493 ;	genMove_o size 2 result type 10 source type 2 a_dead 1 hl_dead 1 de_dead 1 iy_dead 1 f_dead 1
   108F 22r00s00      [16] 4494 	ld	(___numTests), hl
                           4495 ;	genIfx
                           4496 ; common peephole 61 used hl instead of iy.
                           4497 ; common peephole 130a removed unnecessary +0 from constant
   1092 21r00s00      [10] 4498 	ld	hl, #_success
   1095 CB 46         [12] 4499 	bit	0, (hl)
   1097 C0            [11] 4500 	ret	nz
                           4501 ; common peephole 161 replaced jump by return.
                           4502 ;	skipping iCode since result will be rematerialized
                           4503 ;	skipping iCode since result will be rematerialized
                           4504 ;	skipping iCode since result will be rematerialized
                           4505 ;	skipping iCode since result will be rematerialized
                           4506 ;	skipping iCode since result will be rematerialized
                           4507 ;	skipping iCode since result will be rematerialized
                           4508 ;	genIpush
                           4509 ;	genMove_o size 2 result type 2 source type 1 a_dead 1 hl_dead 1 de_dead 1 iy_dead 1 f_dead 1
   1098 21 87 01      [10] 4510 	ld	hl, #0x0187
   109B E5            [11] 4511 	push	hl
                           4512 ;	genIpush
                           4513 ;	genMove_o size 2 result type 2 source type 7 a_dead 1 hl_dead 1 de_dead 1 iy_dead 1 f_dead 1
   109C 21rC3s10      [10] 4514 	ld	hl, #___str_26
   109F E5            [11] 4515 	push	hl
                           4516 ;	genSend
                           4517 ;	genMove_o size 2 result type 2 source type 7 a_dead 1 hl_dead 1 de_dead 1 iy_dead 1 f_dead 1
   10A0 11rBBs10      [10] 4518 	ld	de, #___str_25
                           4519 ;	genSend
                           4520 ;	genMove_o size 2 result type 2 source type 7 a_dead 1 hl_dead 1 de_dead 0 iy_dead 1 f_dead 1
   10A3 21rAAs10      [10] 4521 	ld	hl, #___str_24
                           4522 ;	genCall
   10A6 CDr00s00      [17] 4523 	call	___fail
                           4524 ;	genLabel
                           4525 ; common peephole 159 removed unused label 00125$.
                           4526 ;cases/bitfields-nibbles/bitfields-nibbles_operation_3_pattern_1_varType_4.c:392: }
                           4527 ;	genEndFunction
   10A9 C9            [10] 4528 	ret
                           4529 ;	Total nibble_op_test_high3_1 function size at codegen: 13 bytes.
   10AA                    4530 ___str_24:
   10AA 41 73 73 65 72 74  4531 	.ascii "Assertion failed"
        69 6F 6E 20 66 61
        69 6C 65 64
   10BA 00                 4532 	.db 0x00
   10BB                    4533 ___str_25:
   10BB 73 75 63 63 65 73  4534 	.ascii "success"
        73
   10C2 00                 4535 	.db 0x00
   10C3                    4536 ___str_26:
   10C3 63 61 73 65 73 2F  4537 	.ascii "cases/bitfields-nibbles/bitfields-nibbles_operation_3_patter"
        62 69 74 66 69 65
        6C 64 73 2D 6E 69
        62 62 6C 65 73 2F
        62 69 74 66 69 65
        6C 64 73 2D 6E 69
        62 62 6C 65 73 5F
        6F 70 65 72 61 74
        69 6F 6E 5F 33 5F
        70 61 74 74 65 72
   10FF 6E 5F 31 5F 76 61  4538 	.ascii "n_1_varType_4.c"
        72 54 79 70 65 5F
        34 2E 63
   110E 00                 4539 	.db 0x00
                           4540 ;cases/bitfields-nibbles/bitfields-nibbles_operation_3_pattern_1_varType_4.c:403: nibble_op_test_high4_1(void)
                           4541 ;	genLabel
                           4542 ;	genFunction
                           4543 ;	---------------------------------
                           4544 ; Function nibble_op_test_high4_1
                           4545 ; ---------------------------------
                           4546 ;	Register assignment might be sub-optimal.
                           4547 ; Stack space usage: 0 bytes.
   110F                    4548 _nibble_op_test_high4_1:
                           4549 ;cases/bitfields-nibbles/bitfields-nibbles_operation_3_pattern_1_varType_4.c:406: TEST(high, 0x10);
                           4550 ;	genAssign
                           4551 ;	genMove_o size 1 result type 11 source type 1 a_dead 1 hl_dead 1 de_dead 1 iy_dead 1 f_dead 1
   110F 21r00s00      [10] 4552 	ld	hl, #_success
   1112 36 01         [10] 4553 	ld	(hl), #0x01
                           4554 ;	genAddrOf
   1114 01r09s00      [10] 4555 	ld	bc, #_nibble_op_test_high4_1_volatileBits_10000_103+0
                           4556 ;	genPointerSet
   1117 0A            [ 7] 4557 	ld	a, (bc)
   1118 E6 0F         [ 7] 4558 	and	a, #0x0f
   111A 02            [ 7] 4559 	ld	(bc), a
                           4560 ;	genAddrOf
   111B 01r09s00      [10] 4561 	ld	bc, #_nibble_op_test_high4_1_volatileBits_10000_103+0
                           4562 ;	genPointerSet
   111E 0A            [ 7] 4563 	ld	a, (bc)
   111F F6 0F         [ 7] 4564 	or	a, #0x0f
   1121 02            [ 7] 4565 	ld	(bc), a
                           4566 ;	skipping iCode since result will be rematerialized
                           4567 ;	genPointerGet
   1122 3Ar09s00      [13] 4568 	ld	a, (#_nibble_op_test_high4_1_volatileBits_10000_103 + 0)
   1125 07            [ 4] 4569 	rlca
   1126 07            [ 4] 4570 	rlca
   1127 07            [ 4] 4571 	rlca
   1128 07            [ 4] 4572 	rlca
                           4573 ;	genIfx
   1129 E6 0F         [ 7] 4574 	and	a, #0x0f
                           4575 ; common peephole 100 removed redundant or after and.
                           4576 ; common peephole 163 changed absolute to relative conditional jump.
   112B 20 09         [12] 4577 	jr	nz, 00101$
                           4578 ;	skipping iCode since result will be rematerialized
                           4579 ;	genPointerGet
   112D 3Ar09s00      [13] 4580 	ld	a, (#_nibble_op_test_high4_1_volatileBits_10000_103 + 0)
   1130 E6 0F         [ 7] 4581 	and	a, #0x0f
                           4582 ;	genCmpEq
   1132 FE 0F         [ 7] 4583 	cp	a, #0x0f
                           4584 ; common peephole 163 changed absolute to relative conditional jump.
   1134 28 04         [12] 4585 	jr	z, 00102$
                           4586 ; common peephole 81 removed jp by using inverse jump logic
                           4587 ; common peephole 159 removed unused label 00211$.
                           4588 ;	skipping generated iCode
                           4589 ;	genLabel
   1136                    4590 00101$:
                           4591 ;	genAssign
                           4592 ;	genMove_o size 1 result type 11 source type 1 a_dead 1 hl_dead 1 de_dead 1 iy_dead 1 f_dead 1
   1136 AF            [ 4] 4593 	xor	a, a
   1137 32r00s00      [13] 4594 	ld	(#_success), a
                           4595 ; common peephole 19 loaded (#_success) from a directly instead of using hl.
                           4596 ;	genLabel
   113A                    4597 00102$:
                           4598 ;	skipping iCode since result will be rematerialized
                           4599 ;	genAddrOf
                           4600 ;	genPointerGet
                           4601 ;fetchPairLong
   113A 3Ar09s00      [13] 4602 	ld	a, (#_nibble_op_test_high4_1_volatileBits_10000_103+0)
                           4603 ; common peephole 17 loaded a from (#_nibble_op_test_high4_1_volatileBits_10000_103+0) directly instead of using hl.
   113D 07            [ 4] 4604 	rlca
   113E 07            [ 4] 4605 	rlca
   113F 07            [ 4] 4606 	rlca
   1140 07            [ 4] 4607 	rlca
   1141 E6 0F         [ 7] 4608 	and	a, #0x0f
   1143 4F            [ 4] 4609 	ld	c, a
                           4610 ;	genPointerSet
                           4611 ;	genMove_o size 2 result type 2 source type 7 a_dead 1 hl_dead 1 de_dead 1 iy_dead 1 f_dead 1
   1144 21r09s00      [10] 4612 	ld	hl, #_nibble_op_test_high4_1_volatileBits_10000_103
   1147 ED 6F         [18] 4613 	rld
   1149 79            [ 4] 4614 	ld	a, c
   114A ED 67         [18] 4615 	rrd
                           4616 ;	skipping iCode since result will be rematerialized
                           4617 ;	genPointerGet
   114C 3Ar09s00      [13] 4618 	ld	a, (#_nibble_op_test_high4_1_volatileBits_10000_103 + 0)
   114F 07            [ 4] 4619 	rlca
   1150 07            [ 4] 4620 	rlca
   1151 07            [ 4] 4621 	rlca
   1152 07            [ 4] 4622 	rlca
                           4623 ;	genIfx
   1153 E6 0F         [ 7] 4624 	and	a, #0x0f
                           4625 ; common peephole 100 removed redundant or after and.
                           4626 ; common peephole 163 changed absolute to relative conditional jump.
   1155 20 09         [12] 4627 	jr	nz, 00104$
                           4628 ;	skipping iCode since result will be rematerialized
                           4629 ;	genPointerGet
   1157 3Ar09s00      [13] 4630 	ld	a, (#_nibble_op_test_high4_1_volatileBits_10000_103 + 0)
   115A E6 0F         [ 7] 4631 	and	a, #0x0f
                           4632 ;	genCmpEq
   115C FE 0F         [ 7] 4633 	cp	a, #0x0f
                           4634 ; common peephole 163 changed absolute to relative conditional jump.
   115E 28 04         [12] 4635 	jr	z, 00105$
                           4636 ; common peephole 81 removed jp by using inverse jump logic
                           4637 ; common peephole 159 removed unused label 00212$.
                           4638 ;	skipping generated iCode
                           4639 ;	genLabel
   1160                    4640 00104$:
                           4641 ;	genAssign
                           4642 ;	genMove_o size 1 result type 11 source type 1 a_dead 1 hl_dead 1 de_dead 1 iy_dead 1 f_dead 1
   1160 AF            [ 4] 4643 	xor	a, a
   1161 32r00s00      [13] 4644 	ld	(#_success), a
                           4645 ; common peephole 19 loaded (#_success) from a directly instead of using hl.
                           4646 ;	genLabel
   1164                    4647 00105$:
                           4648 ;	genAddrOf
   1164 01r09s00      [10] 4649 	ld	bc, #_nibble_op_test_high4_1_volatileBits_10000_103+0
                           4650 ;	genPointerSet
   1167 0A            [ 7] 4651 	ld	a, (bc)
   1168 F6 F0         [ 7] 4652 	or	a, #0xf0
   116A 02            [ 7] 4653 	ld	(bc), a
                           4654 ;	skipping iCode since result will be rematerialized
                           4655 ;	genPointerGet
   116B 3Ar09s00      [13] 4656 	ld	a, (#_nibble_op_test_high4_1_volatileBits_10000_103 + 0)
   116E 07            [ 4] 4657 	rlca
   116F 07            [ 4] 4658 	rlca
   1170 07            [ 4] 4659 	rlca
   1171 07            [ 4] 4660 	rlca
   1172 E6 0F         [ 7] 4661 	and	a, #0x0f
                           4662 ;	genCmpEq
   1174 FE 0F         [ 7] 4663 	cp	a, #0x0f
                           4664 ; common peephole 81 removed jp by using inverse jump logic
                           4665 ; common peephole 159 removed unused label 00213$.
                           4666 ; common peephole 163 changed absolute to relative conditional jump.
   1176 20 09         [12] 4667 	jr	nz, 00107$
                           4668 ; common peephole 82 removed jp by using inverse jump logic
                           4669 ; common peephole 159 removed unused label 00214$.
                           4670 ;	skipping generated iCode
                           4671 ;	skipping iCode since result will be rematerialized
                           4672 ;	genPointerGet
   1178 3Ar09s00      [13] 4673 	ld	a, (#_nibble_op_test_high4_1_volatileBits_10000_103 + 0)
   117B E6 0F         [ 7] 4674 	and	a, #0x0f
                           4675 ;	genCmpEq
   117D FE 0F         [ 7] 4676 	cp	a, #0x0f
                           4677 ; common peephole 163 changed absolute to relative conditional jump.
   117F 28 04         [12] 4678 	jr	z, 00108$
                           4679 ; common peephole 81 removed jp by using inverse jump logic
                           4680 ; common peephole 159 removed unused label 00215$.
                           4681 ;	skipping generated iCode
                           4682 ;	genLabel
   1181                    4683 00107$:
                           4684 ;	genAssign
                           4685 ;	genMove_o size 1 result type 11 source type 1 a_dead 1 hl_dead 1 de_dead 1 iy_dead 1 f_dead 1
   1181 AF            [ 4] 4686 	xor	a, a
   1182 32r00s00      [13] 4687 	ld	(#_success), a
                           4688 ; common peephole 19 loaded (#_success) from a directly instead of using hl.
                           4689 ;	genLabel
   1185                    4690 00108$:
                           4691 ;	skipping iCode since result will be rematerialized
                           4692 ;	genAddrOf
                           4693 ;	genPointerGet
                           4694 ;fetchPairLong
   1185 3Ar09s00      [13] 4695 	ld	a, (#_nibble_op_test_high4_1_volatileBits_10000_103+0)
                           4696 ; common peephole 17 loaded a from (#_nibble_op_test_high4_1_volatileBits_10000_103+0) directly instead of using hl.
   1188 07            [ 4] 4697 	rlca
   1189 07            [ 4] 4698 	rlca
   118A 07            [ 4] 4699 	rlca
   118B 07            [ 4] 4700 	rlca
   118C E6 0F         [ 7] 4701 	and	a, #0x0f
   118E 4F            [ 4] 4702 	ld	c, a
                           4703 ;	genPointerSet
                           4704 ;	genMove_o size 2 result type 2 source type 7 a_dead 1 hl_dead 1 de_dead 1 iy_dead 1 f_dead 1
   118F 21r09s00      [10] 4705 	ld	hl, #_nibble_op_test_high4_1_volatileBits_10000_103
   1192 ED 6F         [18] 4706 	rld
   1194 79            [ 4] 4707 	ld	a, c
   1195 ED 67         [18] 4708 	rrd
                           4709 ;	skipping iCode since result will be rematerialized
                           4710 ;	genPointerGet
   1197 3Ar09s00      [13] 4711 	ld	a, (#_nibble_op_test_high4_1_volatileBits_10000_103 + 0)
   119A 07            [ 4] 4712 	rlca
   119B 07            [ 4] 4713 	rlca
   119C 07            [ 4] 4714 	rlca
   119D 07            [ 4] 4715 	rlca
   119E E6 0F         [ 7] 4716 	and	a, #0x0f
                           4717 ;	genCast
                           4718 ;	(locations are the same)
                           4719 ;	genCmpEq
   11A0 FE 0F         [ 7] 4720 	cp	a, #0x0f
                           4721 ; common peephole 81 removed jp by using inverse jump logic
                           4722 ; common peephole 159 removed unused label 00216$.
                           4723 ; common peephole 163 changed absolute to relative conditional jump.
   11A2 20 09         [12] 4724 	jr	nz, 00110$
                           4725 ; common peephole 82 removed jp by using inverse jump logic
                           4726 ; common peephole 159 removed unused label 00217$.
                           4727 ;	skipping generated iCode
                           4728 ;	skipping iCode since result will be rematerialized
                           4729 ;	genPointerGet
   11A4 3Ar09s00      [13] 4730 	ld	a, (#_nibble_op_test_high4_1_volatileBits_10000_103 + 0)
   11A7 E6 0F         [ 7] 4731 	and	a, #0x0f
                           4732 ;	genCmpEq
   11A9 FE 0F         [ 7] 4733 	cp	a, #0x0f
                           4734 ; common peephole 163 changed absolute to relative conditional jump.
   11AB 28 04         [12] 4735 	jr	z, 00111$
                           4736 ; common peephole 81 removed jp by using inverse jump logic
                           4737 ; common peephole 159 removed unused label 00218$.
                           4738 ;	skipping generated iCode
                           4739 ;	genLabel
   11AD                    4740 00110$:
                           4741 ;	genAssign
                           4742 ;	genMove_o size 1 result type 11 source type 1 a_dead 1 hl_dead 1 de_dead 1 iy_dead 1 f_dead 1
   11AD AF            [ 4] 4743 	xor	a, a
   11AE 32r00s00      [13] 4744 	ld	(#_success), a
                           4745 ; common peephole 19 loaded (#_success) from a directly instead of using hl.
                           4746 ;	genLabel
   11B1                    4747 00111$:
                           4748 ;	genPlus
                           4749 ;	genMove_o size 2 result type 2 source type 10 a_dead 1 hl_dead 1 de_dead 1 iy_dead 1 f_dead 1
   11B1 2Ar00s00      [16] 4750 	ld	hl, (___numTests)
   11B4 23            [ 6] 4751 	inc	hl
                           4752 ;	genMove_o size 2 result type 10 source type 2 a_dead 1 hl_dead 1 de_dead 1 iy_dead 1 f_dead 1
   11B5 22r00s00      [16] 4753 	ld	(___numTests), hl
                           4754 ;	genIfx
                           4755 ; common peephole 61 used hl instead of iy.
                           4756 ; common peephole 130a removed unnecessary +0 from constant
   11B8 21r00s00      [10] 4757 	ld	hl, #_success
   11BB CB 46         [12] 4758 	bit	0, (hl)
                           4759 ; common peephole 163 changed absolute to relative conditional jump.
   11BD 20 11         [12] 4760 	jr	nz, 00128$
                           4761 ;	skipping iCode since result will be rematerialized
                           4762 ;	skipping iCode since result will be rematerialized
                           4763 ;	skipping iCode since result will be rematerialized
                           4764 ;	skipping iCode since result will be rematerialized
                           4765 ;	skipping iCode since result will be rematerialized
                           4766 ;	skipping iCode since result will be rematerialized
                           4767 ;	genIpush
                           4768 ;	genMove_o size 2 result type 2 source type 1 a_dead 1 hl_dead 1 de_dead 1 iy_dead 1 f_dead 1
   11BF 21 96 01      [10] 4769 	ld	hl, #0x0196
   11C2 E5            [11] 4770 	push	hl
                           4771 ;	genIpush
                           4772 ;	genMove_o size 2 result type 2 source type 7 a_dead 1 hl_dead 1 de_dead 1 iy_dead 1 f_dead 1
   11C3 21rAAs12      [10] 4773 	ld	hl, #___str_29
   11C6 E5            [11] 4774 	push	hl
                           4775 ;	genSend
                           4776 ;	genMove_o size 2 result type 2 source type 7 a_dead 1 hl_dead 1 de_dead 1 iy_dead 1 f_dead 1
   11C7 11rA2s12      [10] 4777 	ld	de, #___str_28
                           4778 ;	genSend
                           4779 ;	genMove_o size 2 result type 2 source type 7 a_dead 1 hl_dead 1 de_dead 0 iy_dead 1 f_dead 1
   11CA 21r91s12      [10] 4780 	ld	hl, #___str_27
                           4781 ;	genCall
   11CD CDr00s00      [17] 4782 	call	___fail
                           4783 ;	genLabel
   11D0                    4784 00128$:
                           4785 ;cases/bitfields-nibbles/bitfields-nibbles_operation_3_pattern_1_varType_4.c:407: TEST(high, 0x20);
                           4786 ;	genAssign
                           4787 ;	genMove_o size 1 result type 11 source type 1 a_dead 1 hl_dead 1 de_dead 1 iy_dead 1 f_dead 1
   11D0 21r00s00      [10] 4788 	ld	hl, #_success
   11D3 36 01         [10] 4789 	ld	(hl), #0x01
                           4790 ;	genAddrOf
   11D5 01r09s00      [10] 4791 	ld	bc, #_nibble_op_test_high4_1_volatileBits_10000_103+0
                           4792 ;	genPointerSet
   11D8 0A            [ 7] 4793 	ld	a, (bc)
   11D9 E6 0F         [ 7] 4794 	and	a, #0x0f
   11DB 02            [ 7] 4795 	ld	(bc), a
                           4796 ;	genAddrOf
   11DC 01r09s00      [10] 4797 	ld	bc, #_nibble_op_test_high4_1_volatileBits_10000_103+0
                           4798 ;	genPointerSet
   11DF 0A            [ 7] 4799 	ld	a, (bc)
   11E0 F6 0F         [ 7] 4800 	or	a, #0x0f
   11E2 02            [ 7] 4801 	ld	(bc), a
                           4802 ;	skipping iCode since result will be rematerialized
                           4803 ;	genPointerGet
   11E3 3Ar09s00      [13] 4804 	ld	a, (#_nibble_op_test_high4_1_volatileBits_10000_103 + 0)
   11E6 07            [ 4] 4805 	rlca
   11E7 07            [ 4] 4806 	rlca
   11E8 07            [ 4] 4807 	rlca
   11E9 07            [ 4] 4808 	rlca
                           4809 ;	genIfx
   11EA E6 0F         [ 7] 4810 	and	a, #0x0f
                           4811 ; common peephole 100 removed redundant or after and.
                           4812 ; common peephole 163 changed absolute to relative conditional jump.
   11EC 20 09         [12] 4813 	jr	nz, 00113$
                           4814 ;	skipping iCode since result will be rematerialized
                           4815 ;	genPointerGet
   11EE 3Ar09s00      [13] 4816 	ld	a, (#_nibble_op_test_high4_1_volatileBits_10000_103 + 0)
   11F1 E6 0F         [ 7] 4817 	and	a, #0x0f
                           4818 ;	genCmpEq
   11F3 FE 0F         [ 7] 4819 	cp	a, #0x0f
                           4820 ; common peephole 163 changed absolute to relative conditional jump.
   11F5 28 04         [12] 4821 	jr	z, 00114$
                           4822 ; common peephole 81 removed jp by using inverse jump logic
                           4823 ; common peephole 159 removed unused label 00219$.
                           4824 ;	skipping generated iCode
                           4825 ;	genLabel
   11F7                    4826 00113$:
                           4827 ;	genAssign
                           4828 ;	genMove_o size 1 result type 11 source type 1 a_dead 1 hl_dead 1 de_dead 1 iy_dead 1 f_dead 1
   11F7 AF            [ 4] 4829 	xor	a, a
   11F8 32r00s00      [13] 4830 	ld	(#_success), a
                           4831 ; common peephole 19 loaded (#_success) from a directly instead of using hl.
                           4832 ;	genLabel
   11FB                    4833 00114$:
                           4834 ;	skipping iCode since result will be rematerialized
                           4835 ;	genAddrOf
                           4836 ;	genPointerGet
                           4837 ;fetchPairLong
   11FB 3Ar09s00      [13] 4838 	ld	a, (#_nibble_op_test_high4_1_volatileBits_10000_103+0)
                           4839 ; common peephole 17 loaded a from (#_nibble_op_test_high4_1_volatileBits_10000_103+0) directly instead of using hl.
   11FE 07            [ 4] 4840 	rlca
   11FF 07            [ 4] 4841 	rlca
   1200 07            [ 4] 4842 	rlca
   1201 07            [ 4] 4843 	rlca
   1202 E6 0F         [ 7] 4844 	and	a, #0x0f
   1204 4F            [ 4] 4845 	ld	c, a
                           4846 ;	genPointerSet
                           4847 ;	genMove_o size 2 result type 2 source type 7 a_dead 1 hl_dead 1 de_dead 1 iy_dead 1 f_dead 1
   1205 21r09s00      [10] 4848 	ld	hl, #_nibble_op_test_high4_1_volatileBits_10000_103
   1208 ED 6F         [18] 4849 	rld
   120A 79            [ 4] 4850 	ld	a, c
   120B ED 67         [18] 4851 	rrd
                           4852 ;	skipping iCode since result will be rematerialized
                           4853 ;	genPointerGet
   120D 3Ar09s00      [13] 4854 	ld	a, (#_nibble_op_test_high4_1_volatileBits_10000_103 + 0)
   1210 07            [ 4] 4855 	rlca
   1211 07            [ 4] 4856 	rlca
   1212 07            [ 4] 4857 	rlca
   1213 07            [ 4] 4858 	rlca
                           4859 ;	genIfx
   1214 E6 0F         [ 7] 4860 	and	a, #0x0f
                           4861 ; common peephole 100 removed redundant or after and.
                           4862 ; common peephole 163 changed absolute to relative conditional jump.
   1216 20 09         [12] 4863 	jr	nz, 00116$
                           4864 ;	skipping iCode since result will be rematerialized
                           4865 ;	genPointerGet
   1218 3Ar09s00      [13] 4866 	ld	a, (#_nibble_op_test_high4_1_volatileBits_10000_103 + 0)
   121B E6 0F         [ 7] 4867 	and	a, #0x0f
                           4868 ;	genCmpEq
   121D FE 0F         [ 7] 4869 	cp	a, #0x0f
                           4870 ; common peephole 163 changed absolute to relative conditional jump.
   121F 28 04         [12] 4871 	jr	z, 00117$
                           4872 ; common peephole 81 removed jp by using inverse jump logic
                           4873 ; common peephole 159 removed unused label 00220$.
                           4874 ;	skipping generated iCode
                           4875 ;	genLabel
   1221                    4876 00116$:
                           4877 ;	genAssign
                           4878 ;	genMove_o size 1 result type 11 source type 1 a_dead 1 hl_dead 1 de_dead 1 iy_dead 1 f_dead 1
   1221 AF            [ 4] 4879 	xor	a, a
   1222 32r00s00      [13] 4880 	ld	(#_success), a
                           4881 ; common peephole 19 loaded (#_success) from a directly instead of using hl.
                           4882 ;	genLabel
   1225                    4883 00117$:
                           4884 ;	genAddrOf
   1225 01r09s00      [10] 4885 	ld	bc, #_nibble_op_test_high4_1_volatileBits_10000_103+0
                           4886 ;	genPointerSet
   1228 0A            [ 7] 4887 	ld	a, (bc)
   1229 F6 F0         [ 7] 4888 	or	a, #0xf0
   122B 02            [ 7] 4889 	ld	(bc), a
                           4890 ;	skipping iCode since result will be rematerialized
                           4891 ;	genPointerGet
   122C 3Ar09s00      [13] 4892 	ld	a, (#_nibble_op_test_high4_1_volatileBits_10000_103 + 0)
   122F 07            [ 4] 4893 	rlca
   1230 07            [ 4] 4894 	rlca
   1231 07            [ 4] 4895 	rlca
   1232 07            [ 4] 4896 	rlca
   1233 E6 0F         [ 7] 4897 	and	a, #0x0f
                           4898 ;	genCmpEq
   1235 FE 0F         [ 7] 4899 	cp	a, #0x0f
                           4900 ; common peephole 81 removed jp by using inverse jump logic
                           4901 ; common peephole 159 removed unused label 00221$.
                           4902 ; common peephole 163 changed absolute to relative conditional jump.
   1237 20 09         [12] 4903 	jr	nz, 00119$
                           4904 ; common peephole 82 removed jp by using inverse jump logic
                           4905 ; common peephole 159 removed unused label 00222$.
                           4906 ;	skipping generated iCode
                           4907 ;	skipping iCode since result will be rematerialized
                           4908 ;	genPointerGet
   1239 3Ar09s00      [13] 4909 	ld	a, (#_nibble_op_test_high4_1_volatileBits_10000_103 + 0)
   123C E6 0F         [ 7] 4910 	and	a, #0x0f
                           4911 ;	genCmpEq
   123E FE 0F         [ 7] 4912 	cp	a, #0x0f
                           4913 ; common peephole 163 changed absolute to relative conditional jump.
   1240 28 04         [12] 4914 	jr	z, 00120$
                           4915 ; common peephole 81 removed jp by using inverse jump logic
                           4916 ; common peephole 159 removed unused label 00223$.
                           4917 ;	skipping generated iCode
                           4918 ;	genLabel
   1242                    4919 00119$:
                           4920 ;	genAssign
                           4921 ;	genMove_o size 1 result type 11 source type 1 a_dead 1 hl_dead 1 de_dead 1 iy_dead 1 f_dead 1
   1242 AF            [ 4] 4922 	xor	a, a
   1243 32r00s00      [13] 4923 	ld	(#_success), a
                           4924 ; common peephole 19 loaded (#_success) from a directly instead of using hl.
                           4925 ;	genLabel
   1246                    4926 00120$:
                           4927 ;	skipping iCode since result will be rematerialized
                           4928 ;	genAddrOf
                           4929 ;	genPointerGet
                           4930 ;fetchPairLong
   1246 3Ar09s00      [13] 4931 	ld	a, (#_nibble_op_test_high4_1_volatileBits_10000_103+0)
                           4932 ; common peephole 17 loaded a from (#_nibble_op_test_high4_1_volatileBits_10000_103+0) directly instead of using hl.
   1249 07            [ 4] 4933 	rlca
   124A 07            [ 4] 4934 	rlca
   124B 07            [ 4] 4935 	rlca
   124C 07            [ 4] 4936 	rlca
   124D E6 0F         [ 7] 4937 	and	a, #0x0f
   124F 4F            [ 4] 4938 	ld	c, a
                           4939 ;	genPointerSet
                           4940 ;	genMove_o size 2 result type 2 source type 7 a_dead 1 hl_dead 1 de_dead 1 iy_dead 1 f_dead 1
   1250 21r09s00      [10] 4941 	ld	hl, #_nibble_op_test_high4_1_volatileBits_10000_103
   1253 ED 6F         [18] 4942 	rld
   1255 79            [ 4] 4943 	ld	a, c
   1256 ED 67         [18] 4944 	rrd
                           4945 ;	skipping iCode since result will be rematerialized
                           4946 ;	genPointerGet
   1258 3Ar09s00      [13] 4947 	ld	a, (#_nibble_op_test_high4_1_volatileBits_10000_103 + 0)
   125B 07            [ 4] 4948 	rlca
   125C 07            [ 4] 4949 	rlca
   125D 07            [ 4] 4950 	rlca
   125E 07            [ 4] 4951 	rlca
   125F E6 0F         [ 7] 4952 	and	a, #0x0f
                           4953 ;	genCast
                           4954 ;	(locations are the same)
                           4955 ;	genCmpEq
   1261 FE 0F         [ 7] 4956 	cp	a, #0x0f
                           4957 ; common peephole 81 removed jp by using inverse jump logic
                           4958 ; common peephole 159 removed unused label 00224$.
                           4959 ; common peephole 163 changed absolute to relative conditional jump.
   1263 20 09         [12] 4960 	jr	nz, 00122$
                           4961 ; common peephole 82 removed jp by using inverse jump logic
                           4962 ; common peephole 159 removed unused label 00225$.
                           4963 ;	skipping generated iCode
                           4964 ;	skipping iCode since result will be rematerialized
                           4965 ;	genPointerGet
   1265 3Ar09s00      [13] 4966 	ld	a, (#_nibble_op_test_high4_1_volatileBits_10000_103 + 0)
   1268 E6 0F         [ 7] 4967 	and	a, #0x0f
                           4968 ;	genCmpEq
   126A FE 0F         [ 7] 4969 	cp	a, #0x0f
                           4970 ; common peephole 163 changed absolute to relative conditional jump.
   126C 28 04         [12] 4971 	jr	z, 00123$
                           4972 ; common peephole 81 removed jp by using inverse jump logic
                           4973 ; common peephole 159 removed unused label 00226$.
                           4974 ;	skipping generated iCode
                           4975 ;	genLabel
   126E                    4976 00122$:
                           4977 ;	genAssign
                           4978 ;	genMove_o size 1 result type 11 source type 1 a_dead 1 hl_dead 1 de_dead 1 iy_dead 1 f_dead 1
   126E AF            [ 4] 4979 	xor	a, a
   126F 32r00s00      [13] 4980 	ld	(#_success), a
                           4981 ; common peephole 19 loaded (#_success) from a directly instead of using hl.
                           4982 ;	genLabel
   1272                    4983 00123$:
                           4984 ;	genPlus
                           4985 ;	genMove_o size 2 result type 2 source type 10 a_dead 1 hl_dead 1 de_dead 1 iy_dead 1 f_dead 1
   1272 2Ar00s00      [16] 4986 	ld	hl, (___numTests)
   1275 23            [ 6] 4987 	inc	hl
                           4988 ;	genMove_o size 2 result type 10 source type 2 a_dead 1 hl_dead 1 de_dead 1 iy_dead 1 f_dead 1
   1276 22r00s00      [16] 4989 	ld	(___numTests), hl
                           4990 ;	genIfx
                           4991 ; common peephole 61 used hl instead of iy.
                           4992 ; common peephole 130a removed unnecessary +0 from constant
   1279 21r00s00      [10] 4993 	ld	hl, #_success
   127C CB 46         [12] 4994 	bit	0, (hl)
   127E C0            [11] 4995 	ret	nz
                           4996 ; common peephole 161 replaced jump by return.
                           4997 ;	skipping iCode since result will be rematerialized
                           4998 ;	skipping iCode since result will be rematerialized
                           4999 ;	skipping iCode since result will be rematerialized
                           5000 ;	skipping iCode since result will be rematerialized
                           5001 ;	skipping iCode since result will be rematerialized
                           5002 ;	skipping iCode since result will be rematerialized
                           5003 ;	genIpush
                           5004 ;	genMove_o size 2 result type 2 source type 1 a_dead 1 hl_dead 1 de_dead 1 iy_dead 1 f_dead 1
   127F 21 97 01      [10] 5005 	ld	hl, #0x0197
   1282 E5            [11] 5006 	push	hl
                           5007 ;	genIpush
                           5008 ;	genMove_o size 2 result type 2 source type 7 a_dead 1 hl_dead 1 de_dead 1 iy_dead 1 f_dead 1
   1283 21rAAs12      [10] 5009 	ld	hl, #___str_29
   1286 E5            [11] 5010 	push	hl
                           5011 ;	genSend
                           5012 ;	genMove_o size 2 result type 2 source type 7 a_dead 1 hl_dead 1 de_dead 1 iy_dead 1 f_dead 1
   1287 11rA2s12      [10] 5013 	ld	de, #___str_28
                           5014 ;	genSend
                           5015 ;	genMove_o size 2 result type 2 source type 7 a_dead 1 hl_dead 1 de_dead 0 iy_dead 1 f_dead 1
   128A 21r91s12      [10] 5016 	ld	hl, #___str_27
                           5017 ;	genCall
   128D CDr00s00      [17] 5018 	call	___fail
                           5019 ;	genLabel
                           5020 ; common peephole 159 removed unused label 00125$.
                           5021 ;cases/bitfields-nibbles/bitfields-nibbles_operation_3_pattern_1_varType_4.c:408: }
                           5022 ;	genEndFunction
   1290 C9            [10] 5023 	ret
                           5024 ;	Total nibble_op_test_high4_1 function size at codegen: 13 bytes.
   1291                    5025 ___str_27:
   1291 41 73 73 65 72 74  5026 	.ascii "Assertion failed"
        69 6F 6E 20 66 61
        69 6C 65 64
   12A1 00                 5027 	.db 0x00
   12A2                    5028 ___str_28:
   12A2 73 75 63 63 65 73  5029 	.ascii "success"
        73
   12A9 00                 5030 	.db 0x00
   12AA                    5031 ___str_29:
   12AA 63 61 73 65 73 2F  5032 	.ascii "cases/bitfields-nibbles/bitfields-nibbles_operation_3_patter"
        62 69 74 66 69 65
        6C 64 73 2D 6E 69
        62 62 6C 65 73 2F
        62 69 74 66 69 65
        6C 64 73 2D 6E 69
        62 62 6C 65 73 5F
        6F 70 65 72 61 74
        69 6F 6E 5F 33 5F
        70 61 74 74 65 72
   12E6 6E 5F 31 5F 76 61  5033 	.ascii "n_1_varType_4.c"
        72 54 79 70 65 5F
        34 2E 63
   12F5 00                 5034 	.db 0x00
                           5035 ;cases/bitfields-nibbles/bitfields-nibbles_operation_3_pattern_1_varType_4.c:423: testBitfields(void)
                           5036 ;	genLabel
                           5037 ;	genFunction
                           5038 ;	---------------------------------
                           5039 ; Function testBitfields
                           5040 ; ---------------------------------
                           5041 ;	Register assignment is optimal.
                           5042 ; Stack space usage: 0 bytes.
   12F6                    5043 _testBitfields:
                           5044 ;cases/bitfields-nibbles/bitfields-nibbles_operation_3_pattern_1_varType_4.c:443: nibble_op_test_low1_1();
                           5045 ;	genCall
   12F6 CDr00s00      [17] 5046 	call	_nibble_op_test_low1_1
                           5047 ;cases/bitfields-nibbles/bitfields-nibbles_operation_3_pattern_1_varType_4.c:444: nibble_op_test_low1_2();
                           5048 ;	genCall
   12F9 CDrDBs01      [17] 5049 	call	_nibble_op_test_low1_2
                           5050 ;cases/bitfields-nibbles/bitfields-nibbles_operation_3_pattern_1_varType_4.c:445: nibble_op_test_low2_1();
                           5051 ;	genCall
   12FC CDrB6s03      [17] 5052 	call	_nibble_op_test_low2_1
                           5053 ;cases/bitfields-nibbles/bitfields-nibbles_operation_3_pattern_1_varType_4.c:449: nibble_op_test_low3_1();
                           5054 ;	genCall
   12FF CDr99s05      [17] 5055 	call	_nibble_op_test_low3_1
                           5056 ;cases/bitfields-nibbles/bitfields-nibbles_operation_3_pattern_1_varType_4.c:453: nibble_op_test_low4_1();
                           5057 ;	genCall
   1302 CDr7Cs07      [17] 5058 	call	_nibble_op_test_low4_1
                           5059 ;cases/bitfields-nibbles/bitfields-nibbles_operation_3_pattern_1_varType_4.c:458: nibble_op_test_high1_1();
                           5060 ;	genCall
   1305 CDr53s09      [17] 5061 	call	_nibble_op_test_high1_1
                           5062 ;cases/bitfields-nibbles/bitfields-nibbles_operation_3_pattern_1_varType_4.c:459: nibble_op_test_high1_2();
                           5063 ;	genCall
   1308 CDr3Es0B      [17] 5064 	call	_nibble_op_test_high1_2
                           5065 ;cases/bitfields-nibbles/bitfields-nibbles_operation_3_pattern_1_varType_4.c:460: nibble_op_test_high2_1();
                           5066 ;	genCall
   130B CDr29s0D      [17] 5067 	call	_nibble_op_test_high2_1
                           5068 ;cases/bitfields-nibbles/bitfields-nibbles_operation_3_pattern_1_varType_4.c:464: nibble_op_test_high3_1();
                           5069 ;	genCall
   130E CDr1Cs0F      [17] 5070 	call	_nibble_op_test_high3_1
                           5071 ;cases/bitfields-nibbles/bitfields-nibbles_operation_3_pattern_1_varType_4.c:468: nibble_op_test_high4_1();
                           5072 ;	genCall
                           5073 ;	genLabel
                           5074 ; common peephole 159 removed unused label 00101$.
                           5075 ;cases/bitfields-nibbles/bitfields-nibbles_operation_3_pattern_1_varType_4.c:474: }
                           5076 ;	genEndFunction
   1311 C3r0Fs11      [10] 5077 	jp	_nibble_op_test_high4_1
                           5078 ; common peephole 152 removed unused ret.
                           5079 ;	Total testBitfields function size at codegen: 1 bytes.
                           5080 ;cases/bitfields-nibbles/bitfields-nibbles_operation_3_pattern_1_varType_4.c:477: __runSuite(void)
                           5081 ;	genLabel
                           5082 ;	genFunction
                           5083 ;	---------------------------------
                           5084 ; Function __runSuite
                           5085 ; ---------------------------------
                           5086 ;	Register assignment is optimal.
                           5087 ; Stack space usage: 0 bytes.
   1314                    5088 ___runSuite::
                           5089 ;cases/bitfields-nibbles/bitfields-nibbles_operation_3_pattern_1_varType_4.c:479: __prints("Running testBitfields\n");
                           5090 ;	skipping iCode since result will be rematerialized
                           5091 ;	skipping iCode since result will be rematerialized
                           5092 ;	genSend
                           5093 ;	genMove_o size 2 result type 2 source type 7 a_dead 1 hl_dead 1 de_dead 1 iy_dead 1 f_dead 1
   1314 21r1Ds13      [10] 5094 	ld	hl, #___str_30
                           5095 ;	genCall
   1317 CDr00s00      [17] 5096 	call	___prints
                           5097 ;cases/bitfields-nibbles/bitfields-nibbles_operation_3_pattern_1_varType_4.c:480: testBitfields();
                           5098 ;	genCall
                           5099 ;	genLabel
                           5100 ; common peephole 159 removed unused label 00101$.
                           5101 ;cases/bitfields-nibbles/bitfields-nibbles_operation_3_pattern_1_varType_4.c:481: }
                           5102 ;	genEndFunction
   131A C3rF6s12      [10] 5103 	jp	_testBitfields
                           5104 ; common peephole 152 removed unused ret.
                           5105 ;	Total __runSuite function size at codegen: 1 bytes.
   131D                    5106 ___str_30:
   131D 52 75 6E 6E 69 6E  5107 	.ascii "Running testBitfields"
        67 20 74 65 73 74
        42 69 74 66 69 65
        6C 64 73
   1332 0A                 5108 	.db 0x0a
   1333 00                 5109 	.db 0x00
                           5110 ;cases/bitfields-nibbles/bitfields-nibbles_operation_3_pattern_1_varType_4.c:486: __getSuiteName(void)
                           5111 ;	genLabel
                           5112 ;	genFunction
                           5113 ;	---------------------------------
                           5114 ; Function __getSuiteName
                           5115 ; ---------------------------------
                           5116 ;	Register assignment is optimal.
                           5117 ; Stack space usage: 0 bytes.
   1334                    5118 ___getSuiteName::
                           5119 ;cases/bitfields-nibbles/bitfields-nibbles_operation_3_pattern_1_varType_4.c:488: return "bitfields-nibbles_operation_3_pattern_1_varType_4";
                           5120 ;	skipping iCode since result will be rematerialized
                           5121 ;	skipping iCode since result will be rematerialized
                           5122 ;	genRet
                           5123 ;	genMove_o size 2 result type 2 source type 7 a_dead 1 hl_dead 1 de_dead 1 iy_dead 1 f_dead 1
   1334 11r3As13      [10] 5124 	ld	de, #___str_31
                           5125 ;	genLabel
                           5126 ; common peephole 159 removed unused label 00101$.
                           5127 ;cases/bitfields-nibbles/bitfields-nibbles_operation_3_pattern_1_varType_4.c:489: }
                           5128 ;	genEndFunction
   1337 C9            [10] 5129 	ret
                           5130 ;	Total __getSuiteName function size at codegen: 1 bytes.
   1338                    5131 ___numCases:
   1338 01 00              5132 	.dw #0x0001
   133A                    5133 ___str_31:
   133A 62 69 74 66 69 65  5134 	.ascii "bitfields-nibbles_operation_3_pattern_1_varType_4"
        6C 64 73 2D 6E 69
        62 62 6C 65 73 5F
        6F 70 65 72 61 74
        69 6F 6E 5F 33 5F
        70 61 74 74 65 72
        6E 5F 31 5F 76 61
        72 54 79 70 65 5F
        34
   136B 00                 5135 	.db 0x00
                           5136 	.area _CODE (BANK=_CSEG)
                           5137 	.area _INITIALIZER
   0000                    5138 __xinit__success:
   0000 00                 5139 	.db #0x00	;  0
                           5140 	.area _CABS (ABS)
