                              1 ;--------------------------------------------------------
                              2 ; File Created by SDCC : free open source ISO C Compiler
                              3 ; Version 4.6.2 #16710 (Linux)
                              4 ;--------------------------------------------------------
                              5 	.module bitfields_nibbles_operation_1_pattern_1_varType_4
                              6 	
                              7 ;--------------------------------------------------------
                              8 ; Public variables in this module
                              9 ;--------------------------------------------------------
                             10 	.globl ___prints
                             11 	.globl ___fail
                             12 	.globl ___numCases
                             13 	.globl ___runSuite
                             14 	.globl ___getSuiteName
                             15 ;--------------------------------------------------------
                             16 ; special function registers
                             17 ;--------------------------------------------------------
                             18 ;--------------------------------------------------------
                             19 ; ram data
                             20 ;--------------------------------------------------------
                             21 	.area _DATA (BANK=_DSEG)
   0000                      22 _nibble_op_test_low1_1_volatileBits_10000_13:
   0000                      23 	.ds 1
   0001                      24 _nibble_op_test_low1_2_volatileBits_10000_23:
   0001                      25 	.ds 1
   0002                      26 _nibble_op_test_low2_1_volatileBits_10000_33:
   0002                      27 	.ds 1
   0003                      28 _nibble_op_test_low3_1_volatileBits_10000_43:
   0003                      29 	.ds 1
   0004                      30 _nibble_op_test_low4_1_volatileBits_10000_53:
   0004                      31 	.ds 1
   0005                      32 _nibble_op_test_high1_1_volatileBits_10000_63:
   0005                      33 	.ds 1
   0006                      34 _nibble_op_test_high1_2_volatileBits_10000_73:
   0006                      35 	.ds 1
   0007                      36 _nibble_op_test_high2_1_volatileBits_10000_83:
   0007                      37 	.ds 1
   0008                      38 _nibble_op_test_high3_1_volatileBits_10000_93:
   0008                      39 	.ds 1
   0009                      40 _nibble_op_test_high4_1_volatileBits_10000_103:
   0009                      41 	.ds 1
                             42 ;--------------------------------------------------------
                             43 ; ram data
                             44 ;--------------------------------------------------------
                             45 	.area _INITIALIZED
   0000                      46 _success:
   0000                      47 	.ds 1
                             48 ;--------------------------------------------------------
                             49 ; absolute ram data
                             50 ;--------------------------------------------------------
                             51 	.area _DABS (ABS)
                             52 	.area _DABS (ABS)
                             53 ;--------------------------------------------------------
                             54 ; global & static initialisations
                             55 ;--------------------------------------------------------
                             56 	.area _HOME
                             57 	.area _GSINIT
                             58 	.area _GSFINAL
                             59 	.area _GSINIT
                             60 ;--------------------------------------------------------
                             61 ; Home
                             62 ;--------------------------------------------------------
                             63 	.area _HOME (BANK=_CSEG)
                             64 	.area _HOME (BANK=_CSEG)
                             65 ;--------------------------------------------------------
                             66 ; code
                             67 ;--------------------------------------------------------
                             68 	.area _CODE (BANK=_CSEG)
                             69 ;cases/bitfields-nibbles/bitfields-nibbles_operation_1_pattern_1_varType_4.c:294: nibble_op_test_low1_1(void)
                             70 ;	genLabel
                             71 ;	genFunction
                             72 ;	---------------------------------
                             73 ; Function nibble_op_test_low1_1
                             74 ; ---------------------------------
                             75 ;	Register assignment might be sub-optimal.
                             76 ; Stack space usage: 0 bytes.
   0000                      77 _nibble_op_test_low1_1:
                             78 ;cases/bitfields-nibbles/bitfields-nibbles_operation_1_pattern_1_varType_4.c:297: TEST(low, 0xFF);
                             79 ;	genAssign
                             80 ;	genMove_o size 1 result type 11 source type 1 a_dead 1 hl_dead 1 de_dead 1 iy_dead 1 f_dead 1
   0000 21r00s00      [10]   81 	ld	hl, #_success
   0003 36 01         [10]   82 	ld	(hl), #0x01
                             83 ;	genAddrOf
   0005 01r00s00      [10]   84 	ld	bc, #_nibble_op_test_low1_1_volatileBits_10000_13+0
                             85 ;	genPointerSet
   0008 0A            [ 7]   86 	ld	a, (bc)
   0009 E6 F0         [ 7]   87 	and	a, #0xf0
   000B 02            [ 7]   88 	ld	(bc), a
                             89 ;	genAddrOf
   000C 01r00s00      [10]   90 	ld	bc, #_nibble_op_test_low1_1_volatileBits_10000_13+0
                             91 ;	genPointerSet
   000F 0A            [ 7]   92 	ld	a, (bc)
   0010 F6 F0         [ 7]   93 	or	a, #0xf0
   0012 02            [ 7]   94 	ld	(bc), a
                             95 ;	skipping iCode since result will be rematerialized
                             96 ;	genPointerGet
   0013 3Ar00s00      [13]   97 	ld	a, (#_nibble_op_test_low1_1_volatileBits_10000_13 + 0)
                             98 ;	genIfx
   0016 E6 0F         [ 7]   99 	and	a, #0x0f
                            100 ; common peephole 100 removed redundant or after and.
                            101 ; common peephole 163 changed absolute to relative conditional jump.
   0018 20 0D         [12]  102 	jr	nz, 00101$
                            103 ;	skipping iCode since result will be rematerialized
                            104 ;	genPointerGet
   001A 3Ar00s00      [13]  105 	ld	a, (#_nibble_op_test_low1_1_volatileBits_10000_13 + 0)
   001D 07            [ 4]  106 	rlca
   001E 07            [ 4]  107 	rlca
   001F 07            [ 4]  108 	rlca
   0020 07            [ 4]  109 	rlca
   0021 E6 0F         [ 7]  110 	and	a, #0x0f
                            111 ;	genCmpEq
   0023 FE 0F         [ 7]  112 	cp	a, #0x0f
                            113 ; common peephole 163 changed absolute to relative conditional jump.
   0025 28 04         [12]  114 	jr	z, 00102$
                            115 ; common peephole 81 removed jp by using inverse jump logic
                            116 ; common peephole 159 removed unused label 00211$.
                            117 ;	skipping generated iCode
                            118 ;	genLabel
   0027                     119 00101$:
                            120 ;	genAssign
                            121 ;	genMove_o size 1 result type 11 source type 1 a_dead 1 hl_dead 1 de_dead 1 iy_dead 1 f_dead 1
   0027 AF            [ 4]  122 	xor	a, a
   0028 32r00s00      [13]  123 	ld	(#_success), a
                            124 ; common peephole 19 loaded (#_success) from a directly instead of using hl.
                            125 ;	genLabel
   002B                     126 00102$:
                            127 ;	genAddrOf
   002B 01r00s00      [10]  128 	ld	bc, #_nibble_op_test_low1_1_volatileBits_10000_13+0
                            129 ;	genPointerSet
   002E 0A            [ 7]  130 	ld	a, (bc)
   002F F6 0F         [ 7]  131 	or	a, #0x0f
   0031 02            [ 7]  132 	ld	(bc), a
                            133 ;	skipping iCode since result will be rematerialized
                            134 ;	genPointerGet
   0032 3Ar00s00      [13]  135 	ld	a, (#_nibble_op_test_low1_1_volatileBits_10000_13 + 0)
   0035 E6 0F         [ 7]  136 	and	a, #0x0f
                            137 ;	genCast
                            138 ;	(locations are the same)
                            139 ;	genCmpEq
   0037 FE 0F         [ 7]  140 	cp	a, #0x0f
                            141 ; common peephole 81 removed jp by using inverse jump logic
                            142 ; common peephole 159 removed unused label 00212$.
                            143 ; common peephole 163 changed absolute to relative conditional jump.
   0039 20 0D         [12]  144 	jr	nz, 00104$
                            145 ; common peephole 82 removed jp by using inverse jump logic
                            146 ; common peephole 159 removed unused label 00213$.
                            147 ;	skipping generated iCode
                            148 ;	skipping iCode since result will be rematerialized
                            149 ;	genPointerGet
   003B 3Ar00s00      [13]  150 	ld	a, (#_nibble_op_test_low1_1_volatileBits_10000_13 + 0)
   003E 07            [ 4]  151 	rlca
   003F 07            [ 4]  152 	rlca
   0040 07            [ 4]  153 	rlca
   0041 07            [ 4]  154 	rlca
   0042 E6 0F         [ 7]  155 	and	a, #0x0f
                            156 ;	genCmpEq
   0044 FE 0F         [ 7]  157 	cp	a, #0x0f
                            158 ; common peephole 163 changed absolute to relative conditional jump.
   0046 28 04         [12]  159 	jr	z, 00105$
                            160 ; common peephole 81 removed jp by using inverse jump logic
                            161 ; common peephole 159 removed unused label 00214$.
                            162 ;	skipping generated iCode
                            163 ;	genLabel
   0048                     164 00104$:
                            165 ;	genAssign
                            166 ;	genMove_o size 1 result type 11 source type 1 a_dead 1 hl_dead 1 de_dead 1 iy_dead 1 f_dead 1
   0048 AF            [ 4]  167 	xor	a, a
   0049 32r00s00      [13]  168 	ld	(#_success), a
                            169 ; common peephole 19 loaded (#_success) from a directly instead of using hl.
                            170 ;	genLabel
   004C                     171 00105$:
                            172 ;	genAddrOf
   004C 01r00s00      [10]  173 	ld	bc, #_nibble_op_test_low1_1_volatileBits_10000_13+0
                            174 ;	genPointerSet
   004F 0A            [ 7]  175 	ld	a, (bc)
   0050 F6 0F         [ 7]  176 	or	a, #0x0f
   0052 02            [ 7]  177 	ld	(bc), a
                            178 ;	skipping iCode since result will be rematerialized
                            179 ;	genPointerGet
   0053 3Ar00s00      [13]  180 	ld	a, (#_nibble_op_test_low1_1_volatileBits_10000_13 + 0)
   0056 E6 0F         [ 7]  181 	and	a, #0x0f
                            182 ;	genCmpEq
   0058 FE 0F         [ 7]  183 	cp	a, #0x0f
                            184 ; common peephole 81 removed jp by using inverse jump logic
                            185 ; common peephole 159 removed unused label 00215$.
                            186 ; common peephole 163 changed absolute to relative conditional jump.
   005A 20 0D         [12]  187 	jr	nz, 00107$
                            188 ; common peephole 82 removed jp by using inverse jump logic
                            189 ; common peephole 159 removed unused label 00216$.
                            190 ;	skipping generated iCode
                            191 ;	skipping iCode since result will be rematerialized
                            192 ;	genPointerGet
   005C 3Ar00s00      [13]  193 	ld	a, (#_nibble_op_test_low1_1_volatileBits_10000_13 + 0)
   005F 07            [ 4]  194 	rlca
   0060 07            [ 4]  195 	rlca
   0061 07            [ 4]  196 	rlca
   0062 07            [ 4]  197 	rlca
   0063 E6 0F         [ 7]  198 	and	a, #0x0f
                            199 ;	genCmpEq
   0065 FE 0F         [ 7]  200 	cp	a, #0x0f
                            201 ; common peephole 163 changed absolute to relative conditional jump.
   0067 28 04         [12]  202 	jr	z, 00108$
                            203 ; common peephole 81 removed jp by using inverse jump logic
                            204 ; common peephole 159 removed unused label 00217$.
                            205 ;	skipping generated iCode
                            206 ;	genLabel
   0069                     207 00107$:
                            208 ;	genAssign
                            209 ;	genMove_o size 1 result type 11 source type 1 a_dead 1 hl_dead 1 de_dead 1 iy_dead 1 f_dead 1
   0069 AF            [ 4]  210 	xor	a, a
   006A 32r00s00      [13]  211 	ld	(#_success), a
                            212 ; common peephole 19 loaded (#_success) from a directly instead of using hl.
                            213 ;	genLabel
   006D                     214 00108$:
                            215 ;	genAddrOf
   006D 01r00s00      [10]  216 	ld	bc, #_nibble_op_test_low1_1_volatileBits_10000_13+0
                            217 ;	genPointerSet
   0070 0A            [ 7]  218 	ld	a, (bc)
   0071 F6 0F         [ 7]  219 	or	a, #0x0f
   0073 02            [ 7]  220 	ld	(bc), a
                            221 ;	skipping iCode since result will be rematerialized
                            222 ;	genPointerGet
   0074 3Ar00s00      [13]  223 	ld	a, (#_nibble_op_test_low1_1_volatileBits_10000_13 + 0)
   0077 E6 0F         [ 7]  224 	and	a, #0x0f
                            225 ;	genCast
                            226 ;	(locations are the same)
                            227 ;	genCmpEq
   0079 FE 0F         [ 7]  228 	cp	a, #0x0f
                            229 ; common peephole 81 removed jp by using inverse jump logic
                            230 ; common peephole 159 removed unused label 00218$.
                            231 ; common peephole 163 changed absolute to relative conditional jump.
   007B 20 0D         [12]  232 	jr	nz, 00110$
                            233 ; common peephole 82 removed jp by using inverse jump logic
                            234 ; common peephole 159 removed unused label 00219$.
                            235 ;	skipping generated iCode
                            236 ;	skipping iCode since result will be rematerialized
                            237 ;	genPointerGet
   007D 3Ar00s00      [13]  238 	ld	a, (#_nibble_op_test_low1_1_volatileBits_10000_13 + 0)
   0080 07            [ 4]  239 	rlca
   0081 07            [ 4]  240 	rlca
   0082 07            [ 4]  241 	rlca
   0083 07            [ 4]  242 	rlca
   0084 E6 0F         [ 7]  243 	and	a, #0x0f
                            244 ;	genCmpEq
   0086 FE 0F         [ 7]  245 	cp	a, #0x0f
                            246 ; common peephole 163 changed absolute to relative conditional jump.
   0088 28 04         [12]  247 	jr	z, 00111$
                            248 ; common peephole 81 removed jp by using inverse jump logic
                            249 ; common peephole 159 removed unused label 00220$.
                            250 ;	skipping generated iCode
                            251 ;	genLabel
   008A                     252 00110$:
                            253 ;	genAssign
                            254 ;	genMove_o size 1 result type 11 source type 1 a_dead 1 hl_dead 1 de_dead 1 iy_dead 1 f_dead 1
   008A AF            [ 4]  255 	xor	a, a
   008B 32r00s00      [13]  256 	ld	(#_success), a
                            257 ; common peephole 19 loaded (#_success) from a directly instead of using hl.
                            258 ;	genLabel
   008E                     259 00111$:
                            260 ;	genPlus
                            261 ;	genMove_o size 2 result type 2 source type 10 a_dead 1 hl_dead 1 de_dead 1 iy_dead 1 f_dead 1
   008E 2Ar00s00      [16]  262 	ld	hl, (___numTests)
   0091 23            [ 6]  263 	inc	hl
                            264 ;	genMove_o size 2 result type 10 source type 2 a_dead 1 hl_dead 1 de_dead 1 iy_dead 1 f_dead 1
   0092 22r00s00      [16]  265 	ld	(___numTests), hl
                            266 ;	genIfx
                            267 ; common peephole 61 used hl instead of iy.
                            268 ; common peephole 130a removed unnecessary +0 from constant
   0095 21r00s00      [10]  269 	ld	hl, #_success
   0098 CB 46         [12]  270 	bit	0, (hl)
                            271 ; common peephole 163 changed absolute to relative conditional jump.
   009A 20 11         [12]  272 	jr	nz, 00128$
                            273 ;	skipping iCode since result will be rematerialized
                            274 ;	skipping iCode since result will be rematerialized
                            275 ;	skipping iCode since result will be rematerialized
                            276 ;	skipping iCode since result will be rematerialized
                            277 ;	skipping iCode since result will be rematerialized
                            278 ;	skipping iCode since result will be rematerialized
                            279 ;	genIpush
                            280 ;	genMove_o size 2 result type 2 source type 1 a_dead 1 hl_dead 1 de_dead 1 iy_dead 1 f_dead 1
   009C 21 29 01      [10]  281 	ld	hl, #0x0129
   009F E5            [11]  282 	push	hl
                            283 ;	genIpush
                            284 ;	genMove_o size 2 result type 2 source type 7 a_dead 1 hl_dead 1 de_dead 1 iy_dead 1 f_dead 1
   00A0 21r7Fs01      [10]  285 	ld	hl, #___str_2
   00A3 E5            [11]  286 	push	hl
                            287 ;	genSend
                            288 ;	genMove_o size 2 result type 2 source type 7 a_dead 1 hl_dead 1 de_dead 1 iy_dead 1 f_dead 1
   00A4 11r77s01      [10]  289 	ld	de, #___str_1
                            290 ;	genSend
                            291 ;	genMove_o size 2 result type 2 source type 7 a_dead 1 hl_dead 1 de_dead 0 iy_dead 1 f_dead 1
   00A7 21r66s01      [10]  292 	ld	hl, #___str_0
                            293 ;	genCall
   00AA CDr00s00      [17]  294 	call	___fail
                            295 ;	genLabel
   00AD                     296 00128$:
                            297 ;cases/bitfields-nibbles/bitfields-nibbles_operation_1_pattern_1_varType_4.c:298: TEST(low, 0x00);
                            298 ;	genAssign
                            299 ;	genMove_o size 1 result type 11 source type 1 a_dead 1 hl_dead 1 de_dead 1 iy_dead 1 f_dead 1
   00AD 21r00s00      [10]  300 	ld	hl, #_success
   00B0 36 01         [10]  301 	ld	(hl), #0x01
                            302 ;	genAddrOf
   00B2 01r00s00      [10]  303 	ld	bc, #_nibble_op_test_low1_1_volatileBits_10000_13+0
                            304 ;	genPointerSet
   00B5 0A            [ 7]  305 	ld	a, (bc)
   00B6 E6 F0         [ 7]  306 	and	a, #0xf0
   00B8 02            [ 7]  307 	ld	(bc), a
                            308 ;	genAddrOf
   00B9 01r00s00      [10]  309 	ld	bc, #_nibble_op_test_low1_1_volatileBits_10000_13+0
                            310 ;	genPointerSet
   00BC 0A            [ 7]  311 	ld	a, (bc)
   00BD F6 F0         [ 7]  312 	or	a, #0xf0
   00BF 02            [ 7]  313 	ld	(bc), a
                            314 ;	skipping iCode since result will be rematerialized
                            315 ;	genPointerGet
   00C0 3Ar00s00      [13]  316 	ld	a, (#_nibble_op_test_low1_1_volatileBits_10000_13 + 0)
                            317 ;	genIfx
   00C3 E6 0F         [ 7]  318 	and	a, #0x0f
                            319 ; common peephole 100 removed redundant or after and.
                            320 ; common peephole 163 changed absolute to relative conditional jump.
   00C5 20 0D         [12]  321 	jr	nz, 00113$
                            322 ;	skipping iCode since result will be rematerialized
                            323 ;	genPointerGet
   00C7 3Ar00s00      [13]  324 	ld	a, (#_nibble_op_test_low1_1_volatileBits_10000_13 + 0)
   00CA 07            [ 4]  325 	rlca
   00CB 07            [ 4]  326 	rlca
   00CC 07            [ 4]  327 	rlca
   00CD 07            [ 4]  328 	rlca
   00CE E6 0F         [ 7]  329 	and	a, #0x0f
                            330 ;	genCmpEq
   00D0 FE 0F         [ 7]  331 	cp	a, #0x0f
                            332 ; common peephole 163 changed absolute to relative conditional jump.
   00D2 28 04         [12]  333 	jr	z, 00114$
                            334 ; common peephole 81 removed jp by using inverse jump logic
                            335 ; common peephole 159 removed unused label 00221$.
                            336 ;	skipping generated iCode
                            337 ;	genLabel
   00D4                     338 00113$:
                            339 ;	genAssign
                            340 ;	genMove_o size 1 result type 11 source type 1 a_dead 1 hl_dead 1 de_dead 1 iy_dead 1 f_dead 1
   00D4 AF            [ 4]  341 	xor	a, a
   00D5 32r00s00      [13]  342 	ld	(#_success), a
                            343 ; common peephole 19 loaded (#_success) from a directly instead of using hl.
                            344 ;	genLabel
   00D8                     345 00114$:
                            346 ;	skipping iCode since result will be rematerialized
                            347 ;	genAddrOf
                            348 ;	genPointerGet
                            349 ;fetchPairLong
   00D8 3Ar00s00      [13]  350 	ld	a, (#_nibble_op_test_low1_1_volatileBits_10000_13+0)
                            351 ; common peephole 17 loaded a from (#_nibble_op_test_low1_1_volatileBits_10000_13+0) directly instead of using hl.
   00DB E6 0F         [ 7]  352 	and	a, #0x0f
   00DD 4F            [ 4]  353 	ld	c, a
                            354 ;	genPointerSet
                            355 ;	genMove_o size 2 result type 2 source type 7 a_dead 1 hl_dead 1 de_dead 1 iy_dead 1 f_dead 1
   00DE 21r00s00      [10]  356 	ld	hl, #_nibble_op_test_low1_1_volatileBits_10000_13
   00E1 ED 67         [18]  357 	rrd
   00E3 79            [ 4]  358 	ld	a, c
   00E4 ED 6F         [18]  359 	rld
                            360 ;	skipping iCode since result will be rematerialized
                            361 ;	genPointerGet
   00E6 3Ar00s00      [13]  362 	ld	a, (#_nibble_op_test_low1_1_volatileBits_10000_13 + 0)
                            363 ;	genIfx
   00E9 E6 0F         [ 7]  364 	and	a, #0x0f
                            365 ; common peephole 100 removed redundant or after and.
                            366 ; common peephole 163 changed absolute to relative conditional jump.
   00EB 20 0D         [12]  367 	jr	nz, 00116$
                            368 ;	skipping iCode since result will be rematerialized
                            369 ;	genPointerGet
   00ED 3Ar00s00      [13]  370 	ld	a, (#_nibble_op_test_low1_1_volatileBits_10000_13 + 0)
   00F0 07            [ 4]  371 	rlca
   00F1 07            [ 4]  372 	rlca
   00F2 07            [ 4]  373 	rlca
   00F3 07            [ 4]  374 	rlca
   00F4 E6 0F         [ 7]  375 	and	a, #0x0f
                            376 ;	genCmpEq
   00F6 FE 0F         [ 7]  377 	cp	a, #0x0f
                            378 ; common peephole 163 changed absolute to relative conditional jump.
   00F8 28 04         [12]  379 	jr	z, 00117$
                            380 ; common peephole 81 removed jp by using inverse jump logic
                            381 ; common peephole 159 removed unused label 00222$.
                            382 ;	skipping generated iCode
                            383 ;	genLabel
   00FA                     384 00116$:
                            385 ;	genAssign
                            386 ;	genMove_o size 1 result type 11 source type 1 a_dead 1 hl_dead 1 de_dead 1 iy_dead 1 f_dead 1
   00FA AF            [ 4]  387 	xor	a, a
   00FB 32r00s00      [13]  388 	ld	(#_success), a
                            389 ; common peephole 19 loaded (#_success) from a directly instead of using hl.
                            390 ;	genLabel
   00FE                     391 00117$:
                            392 ;	genAddrOf
   00FE 01r00s00      [10]  393 	ld	bc, #_nibble_op_test_low1_1_volatileBits_10000_13+0
                            394 ;	genPointerSet
   0101 0A            [ 7]  395 	ld	a, (bc)
   0102 F6 0F         [ 7]  396 	or	a, #0x0f
   0104 02            [ 7]  397 	ld	(bc), a
                            398 ;	skipping iCode since result will be rematerialized
                            399 ;	genPointerGet
   0105 3Ar00s00      [13]  400 	ld	a, (#_nibble_op_test_low1_1_volatileBits_10000_13 + 0)
   0108 E6 0F         [ 7]  401 	and	a, #0x0f
                            402 ;	genCmpEq
   010A FE 0F         [ 7]  403 	cp	a, #0x0f
                            404 ; common peephole 81 removed jp by using inverse jump logic
                            405 ; common peephole 159 removed unused label 00223$.
                            406 ; common peephole 163 changed absolute to relative conditional jump.
   010C 20 0D         [12]  407 	jr	nz, 00119$
                            408 ; common peephole 82 removed jp by using inverse jump logic
                            409 ; common peephole 159 removed unused label 00224$.
                            410 ;	skipping generated iCode
                            411 ;	skipping iCode since result will be rematerialized
                            412 ;	genPointerGet
   010E 3Ar00s00      [13]  413 	ld	a, (#_nibble_op_test_low1_1_volatileBits_10000_13 + 0)
   0111 07            [ 4]  414 	rlca
   0112 07            [ 4]  415 	rlca
   0113 07            [ 4]  416 	rlca
   0114 07            [ 4]  417 	rlca
   0115 E6 0F         [ 7]  418 	and	a, #0x0f
                            419 ;	genCmpEq
   0117 FE 0F         [ 7]  420 	cp	a, #0x0f
                            421 ; common peephole 163 changed absolute to relative conditional jump.
   0119 28 04         [12]  422 	jr	z, 00120$
                            423 ; common peephole 81 removed jp by using inverse jump logic
                            424 ; common peephole 159 removed unused label 00225$.
                            425 ;	skipping generated iCode
                            426 ;	genLabel
   011B                     427 00119$:
                            428 ;	genAssign
                            429 ;	genMove_o size 1 result type 11 source type 1 a_dead 1 hl_dead 1 de_dead 1 iy_dead 1 f_dead 1
   011B AF            [ 4]  430 	xor	a, a
   011C 32r00s00      [13]  431 	ld	(#_success), a
                            432 ; common peephole 19 loaded (#_success) from a directly instead of using hl.
                            433 ;	genLabel
   011F                     434 00120$:
                            435 ;	skipping iCode since result will be rematerialized
                            436 ;	genAddrOf
                            437 ;	genPointerGet
                            438 ;fetchPairLong
   011F 3Ar00s00      [13]  439 	ld	a, (#_nibble_op_test_low1_1_volatileBits_10000_13+0)
                            440 ; common peephole 17 loaded a from (#_nibble_op_test_low1_1_volatileBits_10000_13+0) directly instead of using hl.
   0122 E6 0F         [ 7]  441 	and	a, #0x0f
   0124 4F            [ 4]  442 	ld	c, a
                            443 ;	genPointerSet
                            444 ;	genMove_o size 2 result type 2 source type 7 a_dead 1 hl_dead 1 de_dead 1 iy_dead 1 f_dead 1
   0125 21r00s00      [10]  445 	ld	hl, #_nibble_op_test_low1_1_volatileBits_10000_13
   0128 ED 67         [18]  446 	rrd
   012A 79            [ 4]  447 	ld	a, c
   012B ED 6F         [18]  448 	rld
                            449 ;	skipping iCode since result will be rematerialized
                            450 ;	genPointerGet
   012D 3Ar00s00      [13]  451 	ld	a, (#_nibble_op_test_low1_1_volatileBits_10000_13 + 0)
   0130 E6 0F         [ 7]  452 	and	a, #0x0f
                            453 ;	genCast
                            454 ;	(locations are the same)
                            455 ;	genCmpEq
   0132 FE 0F         [ 7]  456 	cp	a, #0x0f
                            457 ; common peephole 81 removed jp by using inverse jump logic
                            458 ; common peephole 159 removed unused label 00226$.
                            459 ; common peephole 163 changed absolute to relative conditional jump.
   0134 20 0D         [12]  460 	jr	nz, 00122$
                            461 ; common peephole 82 removed jp by using inverse jump logic
                            462 ; common peephole 159 removed unused label 00227$.
                            463 ;	skipping generated iCode
                            464 ;	skipping iCode since result will be rematerialized
                            465 ;	genPointerGet
   0136 3Ar00s00      [13]  466 	ld	a, (#_nibble_op_test_low1_1_volatileBits_10000_13 + 0)
   0139 07            [ 4]  467 	rlca
   013A 07            [ 4]  468 	rlca
   013B 07            [ 4]  469 	rlca
   013C 07            [ 4]  470 	rlca
   013D E6 0F         [ 7]  471 	and	a, #0x0f
                            472 ;	genCmpEq
   013F FE 0F         [ 7]  473 	cp	a, #0x0f
                            474 ; common peephole 163 changed absolute to relative conditional jump.
   0141 28 04         [12]  475 	jr	z, 00123$
                            476 ; common peephole 81 removed jp by using inverse jump logic
                            477 ; common peephole 159 removed unused label 00228$.
                            478 ;	skipping generated iCode
                            479 ;	genLabel
   0143                     480 00122$:
                            481 ;	genAssign
                            482 ;	genMove_o size 1 result type 11 source type 1 a_dead 1 hl_dead 1 de_dead 1 iy_dead 1 f_dead 1
   0143 AF            [ 4]  483 	xor	a, a
   0144 32r00s00      [13]  484 	ld	(#_success), a
                            485 ; common peephole 19 loaded (#_success) from a directly instead of using hl.
                            486 ;	genLabel
   0147                     487 00123$:
                            488 ;	genPlus
                            489 ;	genMove_o size 2 result type 2 source type 10 a_dead 1 hl_dead 1 de_dead 1 iy_dead 1 f_dead 1
   0147 2Ar00s00      [16]  490 	ld	hl, (___numTests)
   014A 23            [ 6]  491 	inc	hl
                            492 ;	genMove_o size 2 result type 10 source type 2 a_dead 1 hl_dead 1 de_dead 1 iy_dead 1 f_dead 1
   014B 22r00s00      [16]  493 	ld	(___numTests), hl
                            494 ;	genIfx
                            495 ; common peephole 61 used hl instead of iy.
                            496 ; common peephole 130a removed unnecessary +0 from constant
   014E 21r00s00      [10]  497 	ld	hl, #_success
   0151 CB 46         [12]  498 	bit	0, (hl)
   0153 C0            [11]  499 	ret	nz
                            500 ; common peephole 161 replaced jump by return.
                            501 ;	skipping iCode since result will be rematerialized
                            502 ;	skipping iCode since result will be rematerialized
                            503 ;	skipping iCode since result will be rematerialized
                            504 ;	skipping iCode since result will be rematerialized
                            505 ;	skipping iCode since result will be rematerialized
                            506 ;	skipping iCode since result will be rematerialized
                            507 ;	genIpush
                            508 ;	genMove_o size 2 result type 2 source type 1 a_dead 1 hl_dead 1 de_dead 1 iy_dead 1 f_dead 1
   0154 21 2A 01      [10]  509 	ld	hl, #0x012a
   0157 E5            [11]  510 	push	hl
                            511 ;	genIpush
                            512 ;	genMove_o size 2 result type 2 source type 7 a_dead 1 hl_dead 1 de_dead 1 iy_dead 1 f_dead 1
   0158 21r7Fs01      [10]  513 	ld	hl, #___str_2
   015B E5            [11]  514 	push	hl
                            515 ;	genSend
                            516 ;	genMove_o size 2 result type 2 source type 7 a_dead 1 hl_dead 1 de_dead 1 iy_dead 1 f_dead 1
   015C 11r77s01      [10]  517 	ld	de, #___str_1
                            518 ;	genSend
                            519 ;	genMove_o size 2 result type 2 source type 7 a_dead 1 hl_dead 1 de_dead 0 iy_dead 1 f_dead 1
   015F 21r66s01      [10]  520 	ld	hl, #___str_0
                            521 ;	genCall
   0162 CDr00s00      [17]  522 	call	___fail
                            523 ;	genLabel
                            524 ; common peephole 159 removed unused label 00125$.
                            525 ;cases/bitfields-nibbles/bitfields-nibbles_operation_1_pattern_1_varType_4.c:299: }
                            526 ;	genEndFunction
   0165 C9            [10]  527 	ret
                            528 ;	Total nibble_op_test_low1_1 function size at codegen: 17 bytes.
   0166                     529 ___str_0:
   0166 41 73 73 65 72 74   530 	.ascii "Assertion failed"
        69 6F 6E 20 66 61
        69 6C 65 64
   0176 00                  531 	.db 0x00
   0177                     532 ___str_1:
   0177 73 75 63 63 65 73   533 	.ascii "success"
        73
   017E 00                  534 	.db 0x00
   017F                     535 ___str_2:
   017F 63 61 73 65 73 2F   536 	.ascii "cases/bitfields-nibbles/bitfields-nibbles_operation_1_patter"
        62 69 74 66 69 65
        6C 64 73 2D 6E 69
        62 62 6C 65 73 2F
        62 69 74 66 69 65
        6C 64 73 2D 6E 69
        62 62 6C 65 73 5F
        6F 70 65 72 61 74
        69 6F 6E 5F 31 5F
        70 61 74 74 65 72
   01BB 6E 5F 31 5F 76 61   537 	.ascii "n_1_varType_4.c"
        72 54 79 70 65 5F
        34 2E 63
   01CA 00                  538 	.db 0x00
                            539 ;cases/bitfields-nibbles/bitfields-nibbles_operation_1_pattern_1_varType_4.c:301: nibble_op_test_low1_2(void)
                            540 ;	genLabel
                            541 ;	genFunction
                            542 ;	---------------------------------
                            543 ; Function nibble_op_test_low1_2
                            544 ; ---------------------------------
                            545 ;	Register assignment might be sub-optimal.
                            546 ; Stack space usage: 0 bytes.
   01CB                     547 _nibble_op_test_low1_2:
                            548 ;cases/bitfields-nibbles/bitfields-nibbles_operation_1_pattern_1_varType_4.c:304: TEST(low, 0x0F);
                            549 ;	genAssign
                            550 ;	genMove_o size 1 result type 11 source type 1 a_dead 1 hl_dead 1 de_dead 1 iy_dead 1 f_dead 1
   01CB 21r00s00      [10]  551 	ld	hl, #_success
   01CE 36 01         [10]  552 	ld	(hl), #0x01
                            553 ;	genAddrOf
   01D0 01r01s00      [10]  554 	ld	bc, #_nibble_op_test_low1_2_volatileBits_10000_23+0
                            555 ;	genPointerSet
   01D3 0A            [ 7]  556 	ld	a, (bc)
   01D4 E6 F0         [ 7]  557 	and	a, #0xf0
   01D6 02            [ 7]  558 	ld	(bc), a
                            559 ;	genAddrOf
   01D7 01r01s00      [10]  560 	ld	bc, #_nibble_op_test_low1_2_volatileBits_10000_23+0
                            561 ;	genPointerSet
   01DA 0A            [ 7]  562 	ld	a, (bc)
   01DB F6 F0         [ 7]  563 	or	a, #0xf0
   01DD 02            [ 7]  564 	ld	(bc), a
                            565 ;	skipping iCode since result will be rematerialized
                            566 ;	genPointerGet
   01DE 3Ar01s00      [13]  567 	ld	a, (#_nibble_op_test_low1_2_volatileBits_10000_23 + 0)
                            568 ;	genIfx
   01E1 E6 0F         [ 7]  569 	and	a, #0x0f
                            570 ; common peephole 100 removed redundant or after and.
                            571 ; common peephole 163 changed absolute to relative conditional jump.
   01E3 20 0D         [12]  572 	jr	nz, 00101$
                            573 ;	skipping iCode since result will be rematerialized
                            574 ;	genPointerGet
   01E5 3Ar01s00      [13]  575 	ld	a, (#_nibble_op_test_low1_2_volatileBits_10000_23 + 0)
   01E8 07            [ 4]  576 	rlca
   01E9 07            [ 4]  577 	rlca
   01EA 07            [ 4]  578 	rlca
   01EB 07            [ 4]  579 	rlca
   01EC E6 0F         [ 7]  580 	and	a, #0x0f
                            581 ;	genCmpEq
   01EE FE 0F         [ 7]  582 	cp	a, #0x0f
                            583 ; common peephole 163 changed absolute to relative conditional jump.
   01F0 28 04         [12]  584 	jr	z, 00102$
                            585 ; common peephole 81 removed jp by using inverse jump logic
                            586 ; common peephole 159 removed unused label 00211$.
                            587 ;	skipping generated iCode
                            588 ;	genLabel
   01F2                     589 00101$:
                            590 ;	genAssign
                            591 ;	genMove_o size 1 result type 11 source type 1 a_dead 1 hl_dead 1 de_dead 1 iy_dead 1 f_dead 1
   01F2 AF            [ 4]  592 	xor	a, a
   01F3 32r00s00      [13]  593 	ld	(#_success), a
                            594 ; common peephole 19 loaded (#_success) from a directly instead of using hl.
                            595 ;	genLabel
   01F6                     596 00102$:
                            597 ;	genAddrOf
   01F6 01r01s00      [10]  598 	ld	bc, #_nibble_op_test_low1_2_volatileBits_10000_23+0
                            599 ;	genPointerSet
   01F9 0A            [ 7]  600 	ld	a, (bc)
   01FA F6 0F         [ 7]  601 	or	a, #0x0f
   01FC 02            [ 7]  602 	ld	(bc), a
                            603 ;	skipping iCode since result will be rematerialized
                            604 ;	genPointerGet
   01FD 3Ar01s00      [13]  605 	ld	a, (#_nibble_op_test_low1_2_volatileBits_10000_23 + 0)
   0200 E6 0F         [ 7]  606 	and	a, #0x0f
                            607 ;	genCast
                            608 ;	(locations are the same)
                            609 ;	genCmpEq
   0202 FE 0F         [ 7]  610 	cp	a, #0x0f
                            611 ; common peephole 81 removed jp by using inverse jump logic
                            612 ; common peephole 159 removed unused label 00212$.
                            613 ; common peephole 163 changed absolute to relative conditional jump.
   0204 20 0D         [12]  614 	jr	nz, 00104$
                            615 ; common peephole 82 removed jp by using inverse jump logic
                            616 ; common peephole 159 removed unused label 00213$.
                            617 ;	skipping generated iCode
                            618 ;	skipping iCode since result will be rematerialized
                            619 ;	genPointerGet
   0206 3Ar01s00      [13]  620 	ld	a, (#_nibble_op_test_low1_2_volatileBits_10000_23 + 0)
   0209 07            [ 4]  621 	rlca
   020A 07            [ 4]  622 	rlca
   020B 07            [ 4]  623 	rlca
   020C 07            [ 4]  624 	rlca
   020D E6 0F         [ 7]  625 	and	a, #0x0f
                            626 ;	genCmpEq
   020F FE 0F         [ 7]  627 	cp	a, #0x0f
                            628 ; common peephole 163 changed absolute to relative conditional jump.
   0211 28 04         [12]  629 	jr	z, 00105$
                            630 ; common peephole 81 removed jp by using inverse jump logic
                            631 ; common peephole 159 removed unused label 00214$.
                            632 ;	skipping generated iCode
                            633 ;	genLabel
   0213                     634 00104$:
                            635 ;	genAssign
                            636 ;	genMove_o size 1 result type 11 source type 1 a_dead 1 hl_dead 1 de_dead 1 iy_dead 1 f_dead 1
   0213 AF            [ 4]  637 	xor	a, a
   0214 32r00s00      [13]  638 	ld	(#_success), a
                            639 ; common peephole 19 loaded (#_success) from a directly instead of using hl.
                            640 ;	genLabel
   0217                     641 00105$:
                            642 ;	genAddrOf
   0217 01r01s00      [10]  643 	ld	bc, #_nibble_op_test_low1_2_volatileBits_10000_23+0
                            644 ;	genPointerSet
   021A 0A            [ 7]  645 	ld	a, (bc)
   021B F6 0F         [ 7]  646 	or	a, #0x0f
   021D 02            [ 7]  647 	ld	(bc), a
                            648 ;	skipping iCode since result will be rematerialized
                            649 ;	genPointerGet
   021E 3Ar01s00      [13]  650 	ld	a, (#_nibble_op_test_low1_2_volatileBits_10000_23 + 0)
   0221 E6 0F         [ 7]  651 	and	a, #0x0f
                            652 ;	genCmpEq
   0223 FE 0F         [ 7]  653 	cp	a, #0x0f
                            654 ; common peephole 81 removed jp by using inverse jump logic
                            655 ; common peephole 159 removed unused label 00215$.
                            656 ; common peephole 163 changed absolute to relative conditional jump.
   0225 20 0D         [12]  657 	jr	nz, 00107$
                            658 ; common peephole 82 removed jp by using inverse jump logic
                            659 ; common peephole 159 removed unused label 00216$.
                            660 ;	skipping generated iCode
                            661 ;	skipping iCode since result will be rematerialized
                            662 ;	genPointerGet
   0227 3Ar01s00      [13]  663 	ld	a, (#_nibble_op_test_low1_2_volatileBits_10000_23 + 0)
   022A 07            [ 4]  664 	rlca
   022B 07            [ 4]  665 	rlca
   022C 07            [ 4]  666 	rlca
   022D 07            [ 4]  667 	rlca
   022E E6 0F         [ 7]  668 	and	a, #0x0f
                            669 ;	genCmpEq
   0230 FE 0F         [ 7]  670 	cp	a, #0x0f
                            671 ; common peephole 163 changed absolute to relative conditional jump.
   0232 28 04         [12]  672 	jr	z, 00108$
                            673 ; common peephole 81 removed jp by using inverse jump logic
                            674 ; common peephole 159 removed unused label 00217$.
                            675 ;	skipping generated iCode
                            676 ;	genLabel
   0234                     677 00107$:
                            678 ;	genAssign
                            679 ;	genMove_o size 1 result type 11 source type 1 a_dead 1 hl_dead 1 de_dead 1 iy_dead 1 f_dead 1
   0234 AF            [ 4]  680 	xor	a, a
   0235 32r00s00      [13]  681 	ld	(#_success), a
                            682 ; common peephole 19 loaded (#_success) from a directly instead of using hl.
                            683 ;	genLabel
   0238                     684 00108$:
                            685 ;	genAddrOf
   0238 01r01s00      [10]  686 	ld	bc, #_nibble_op_test_low1_2_volatileBits_10000_23+0
                            687 ;	genPointerSet
   023B 0A            [ 7]  688 	ld	a, (bc)
   023C F6 0F         [ 7]  689 	or	a, #0x0f
   023E 02            [ 7]  690 	ld	(bc), a
                            691 ;	skipping iCode since result will be rematerialized
                            692 ;	genPointerGet
   023F 3Ar01s00      [13]  693 	ld	a, (#_nibble_op_test_low1_2_volatileBits_10000_23 + 0)
   0242 E6 0F         [ 7]  694 	and	a, #0x0f
                            695 ;	genCast
                            696 ;	(locations are the same)
                            697 ;	genCmpEq
   0244 FE 0F         [ 7]  698 	cp	a, #0x0f
                            699 ; common peephole 81 removed jp by using inverse jump logic
                            700 ; common peephole 159 removed unused label 00218$.
                            701 ; common peephole 163 changed absolute to relative conditional jump.
   0246 20 0D         [12]  702 	jr	nz, 00110$
                            703 ; common peephole 82 removed jp by using inverse jump logic
                            704 ; common peephole 159 removed unused label 00219$.
                            705 ;	skipping generated iCode
                            706 ;	skipping iCode since result will be rematerialized
                            707 ;	genPointerGet
   0248 3Ar01s00      [13]  708 	ld	a, (#_nibble_op_test_low1_2_volatileBits_10000_23 + 0)
   024B 07            [ 4]  709 	rlca
   024C 07            [ 4]  710 	rlca
   024D 07            [ 4]  711 	rlca
   024E 07            [ 4]  712 	rlca
   024F E6 0F         [ 7]  713 	and	a, #0x0f
                            714 ;	genCmpEq
   0251 FE 0F         [ 7]  715 	cp	a, #0x0f
                            716 ; common peephole 163 changed absolute to relative conditional jump.
   0253 28 04         [12]  717 	jr	z, 00111$
                            718 ; common peephole 81 removed jp by using inverse jump logic
                            719 ; common peephole 159 removed unused label 00220$.
                            720 ;	skipping generated iCode
                            721 ;	genLabel
   0255                     722 00110$:
                            723 ;	genAssign
                            724 ;	genMove_o size 1 result type 11 source type 1 a_dead 1 hl_dead 1 de_dead 1 iy_dead 1 f_dead 1
   0255 AF            [ 4]  725 	xor	a, a
   0256 32r00s00      [13]  726 	ld	(#_success), a
                            727 ; common peephole 19 loaded (#_success) from a directly instead of using hl.
                            728 ;	genLabel
   0259                     729 00111$:
                            730 ;	genPlus
                            731 ;	genMove_o size 2 result type 2 source type 10 a_dead 1 hl_dead 1 de_dead 1 iy_dead 1 f_dead 1
   0259 2Ar00s00      [16]  732 	ld	hl, (___numTests)
   025C 23            [ 6]  733 	inc	hl
                            734 ;	genMove_o size 2 result type 10 source type 2 a_dead 1 hl_dead 1 de_dead 1 iy_dead 1 f_dead 1
   025D 22r00s00      [16]  735 	ld	(___numTests), hl
                            736 ;	genIfx
                            737 ; common peephole 61 used hl instead of iy.
                            738 ; common peephole 130a removed unnecessary +0 from constant
   0260 21r00s00      [10]  739 	ld	hl, #_success
   0263 CB 46         [12]  740 	bit	0, (hl)
                            741 ; common peephole 163 changed absolute to relative conditional jump.
   0265 20 11         [12]  742 	jr	nz, 00128$
                            743 ;	skipping iCode since result will be rematerialized
                            744 ;	skipping iCode since result will be rematerialized
                            745 ;	skipping iCode since result will be rematerialized
                            746 ;	skipping iCode since result will be rematerialized
                            747 ;	skipping iCode since result will be rematerialized
                            748 ;	skipping iCode since result will be rematerialized
                            749 ;	genIpush
                            750 ;	genMove_o size 2 result type 2 source type 1 a_dead 1 hl_dead 1 de_dead 1 iy_dead 1 f_dead 1
   0267 21 30 01      [10]  751 	ld	hl, #0x0130
   026A E5            [11]  752 	push	hl
                            753 ;	genIpush
                            754 ;	genMove_o size 2 result type 2 source type 7 a_dead 1 hl_dead 1 de_dead 1 iy_dead 1 f_dead 1
   026B 21r4As03      [10]  755 	ld	hl, #___str_5
   026E E5            [11]  756 	push	hl
                            757 ;	genSend
                            758 ;	genMove_o size 2 result type 2 source type 7 a_dead 1 hl_dead 1 de_dead 1 iy_dead 1 f_dead 1
   026F 11r42s03      [10]  759 	ld	de, #___str_4
                            760 ;	genSend
                            761 ;	genMove_o size 2 result type 2 source type 7 a_dead 1 hl_dead 1 de_dead 0 iy_dead 1 f_dead 1
   0272 21r31s03      [10]  762 	ld	hl, #___str_3
                            763 ;	genCall
   0275 CDr00s00      [17]  764 	call	___fail
                            765 ;	genLabel
   0278                     766 00128$:
                            767 ;cases/bitfields-nibbles/bitfields-nibbles_operation_1_pattern_1_varType_4.c:305: TEST(low, 0xF0);
                            768 ;	genAssign
                            769 ;	genMove_o size 1 result type 11 source type 1 a_dead 1 hl_dead 1 de_dead 1 iy_dead 1 f_dead 1
   0278 21r00s00      [10]  770 	ld	hl, #_success
   027B 36 01         [10]  771 	ld	(hl), #0x01
                            772 ;	genAddrOf
   027D 01r01s00      [10]  773 	ld	bc, #_nibble_op_test_low1_2_volatileBits_10000_23+0
                            774 ;	genPointerSet
   0280 0A            [ 7]  775 	ld	a, (bc)
   0281 E6 F0         [ 7]  776 	and	a, #0xf0
   0283 02            [ 7]  777 	ld	(bc), a
                            778 ;	genAddrOf
   0284 01r01s00      [10]  779 	ld	bc, #_nibble_op_test_low1_2_volatileBits_10000_23+0
                            780 ;	genPointerSet
   0287 0A            [ 7]  781 	ld	a, (bc)
   0288 F6 F0         [ 7]  782 	or	a, #0xf0
   028A 02            [ 7]  783 	ld	(bc), a
                            784 ;	skipping iCode since result will be rematerialized
                            785 ;	genPointerGet
   028B 3Ar01s00      [13]  786 	ld	a, (#_nibble_op_test_low1_2_volatileBits_10000_23 + 0)
                            787 ;	genIfx
   028E E6 0F         [ 7]  788 	and	a, #0x0f
                            789 ; common peephole 100 removed redundant or after and.
                            790 ; common peephole 163 changed absolute to relative conditional jump.
   0290 20 0D         [12]  791 	jr	nz, 00113$
                            792 ;	skipping iCode since result will be rematerialized
                            793 ;	genPointerGet
   0292 3Ar01s00      [13]  794 	ld	a, (#_nibble_op_test_low1_2_volatileBits_10000_23 + 0)
   0295 07            [ 4]  795 	rlca
   0296 07            [ 4]  796 	rlca
   0297 07            [ 4]  797 	rlca
   0298 07            [ 4]  798 	rlca
   0299 E6 0F         [ 7]  799 	and	a, #0x0f
                            800 ;	genCmpEq
   029B FE 0F         [ 7]  801 	cp	a, #0x0f
                            802 ; common peephole 163 changed absolute to relative conditional jump.
   029D 28 04         [12]  803 	jr	z, 00114$
                            804 ; common peephole 81 removed jp by using inverse jump logic
                            805 ; common peephole 159 removed unused label 00221$.
                            806 ;	skipping generated iCode
                            807 ;	genLabel
   029F                     808 00113$:
                            809 ;	genAssign
                            810 ;	genMove_o size 1 result type 11 source type 1 a_dead 1 hl_dead 1 de_dead 1 iy_dead 1 f_dead 1
   029F AF            [ 4]  811 	xor	a, a
   02A0 32r00s00      [13]  812 	ld	(#_success), a
                            813 ; common peephole 19 loaded (#_success) from a directly instead of using hl.
                            814 ;	genLabel
   02A3                     815 00114$:
                            816 ;	skipping iCode since result will be rematerialized
                            817 ;	genAddrOf
                            818 ;	genPointerGet
                            819 ;fetchPairLong
   02A3 3Ar01s00      [13]  820 	ld	a, (#_nibble_op_test_low1_2_volatileBits_10000_23+0)
                            821 ; common peephole 17 loaded a from (#_nibble_op_test_low1_2_volatileBits_10000_23+0) directly instead of using hl.
   02A6 E6 0F         [ 7]  822 	and	a, #0x0f
   02A8 4F            [ 4]  823 	ld	c, a
                            824 ;	genPointerSet
                            825 ;	genMove_o size 2 result type 2 source type 7 a_dead 1 hl_dead 1 de_dead 1 iy_dead 1 f_dead 1
   02A9 21r01s00      [10]  826 	ld	hl, #_nibble_op_test_low1_2_volatileBits_10000_23
   02AC ED 67         [18]  827 	rrd
   02AE 79            [ 4]  828 	ld	a, c
   02AF ED 6F         [18]  829 	rld
                            830 ;	skipping iCode since result will be rematerialized
                            831 ;	genPointerGet
   02B1 3Ar01s00      [13]  832 	ld	a, (#_nibble_op_test_low1_2_volatileBits_10000_23 + 0)
                            833 ;	genIfx
   02B4 E6 0F         [ 7]  834 	and	a, #0x0f
                            835 ; common peephole 100 removed redundant or after and.
                            836 ; common peephole 163 changed absolute to relative conditional jump.
   02B6 20 0D         [12]  837 	jr	nz, 00116$
                            838 ;	skipping iCode since result will be rematerialized
                            839 ;	genPointerGet
   02B8 3Ar01s00      [13]  840 	ld	a, (#_nibble_op_test_low1_2_volatileBits_10000_23 + 0)
   02BB 07            [ 4]  841 	rlca
   02BC 07            [ 4]  842 	rlca
   02BD 07            [ 4]  843 	rlca
   02BE 07            [ 4]  844 	rlca
   02BF E6 0F         [ 7]  845 	and	a, #0x0f
                            846 ;	genCmpEq
   02C1 FE 0F         [ 7]  847 	cp	a, #0x0f
                            848 ; common peephole 163 changed absolute to relative conditional jump.
   02C3 28 04         [12]  849 	jr	z, 00117$
                            850 ; common peephole 81 removed jp by using inverse jump logic
                            851 ; common peephole 159 removed unused label 00222$.
                            852 ;	skipping generated iCode
                            853 ;	genLabel
   02C5                     854 00116$:
                            855 ;	genAssign
                            856 ;	genMove_o size 1 result type 11 source type 1 a_dead 1 hl_dead 1 de_dead 1 iy_dead 1 f_dead 1
   02C5 AF            [ 4]  857 	xor	a, a
   02C6 32r00s00      [13]  858 	ld	(#_success), a
                            859 ; common peephole 19 loaded (#_success) from a directly instead of using hl.
                            860 ;	genLabel
   02C9                     861 00117$:
                            862 ;	genAddrOf
   02C9 01r01s00      [10]  863 	ld	bc, #_nibble_op_test_low1_2_volatileBits_10000_23+0
                            864 ;	genPointerSet
   02CC 0A            [ 7]  865 	ld	a, (bc)
   02CD F6 0F         [ 7]  866 	or	a, #0x0f
   02CF 02            [ 7]  867 	ld	(bc), a
                            868 ;	skipping iCode since result will be rematerialized
                            869 ;	genPointerGet
   02D0 3Ar01s00      [13]  870 	ld	a, (#_nibble_op_test_low1_2_volatileBits_10000_23 + 0)
   02D3 E6 0F         [ 7]  871 	and	a, #0x0f
                            872 ;	genCmpEq
   02D5 FE 0F         [ 7]  873 	cp	a, #0x0f
                            874 ; common peephole 81 removed jp by using inverse jump logic
                            875 ; common peephole 159 removed unused label 00223$.
                            876 ; common peephole 163 changed absolute to relative conditional jump.
   02D7 20 0D         [12]  877 	jr	nz, 00119$
                            878 ; common peephole 82 removed jp by using inverse jump logic
                            879 ; common peephole 159 removed unused label 00224$.
                            880 ;	skipping generated iCode
                            881 ;	skipping iCode since result will be rematerialized
                            882 ;	genPointerGet
   02D9 3Ar01s00      [13]  883 	ld	a, (#_nibble_op_test_low1_2_volatileBits_10000_23 + 0)
   02DC 07            [ 4]  884 	rlca
   02DD 07            [ 4]  885 	rlca
   02DE 07            [ 4]  886 	rlca
   02DF 07            [ 4]  887 	rlca
   02E0 E6 0F         [ 7]  888 	and	a, #0x0f
                            889 ;	genCmpEq
   02E2 FE 0F         [ 7]  890 	cp	a, #0x0f
                            891 ; common peephole 163 changed absolute to relative conditional jump.
   02E4 28 04         [12]  892 	jr	z, 00120$
                            893 ; common peephole 81 removed jp by using inverse jump logic
                            894 ; common peephole 159 removed unused label 00225$.
                            895 ;	skipping generated iCode
                            896 ;	genLabel
   02E6                     897 00119$:
                            898 ;	genAssign
                            899 ;	genMove_o size 1 result type 11 source type 1 a_dead 1 hl_dead 1 de_dead 1 iy_dead 1 f_dead 1
   02E6 AF            [ 4]  900 	xor	a, a
   02E7 32r00s00      [13]  901 	ld	(#_success), a
                            902 ; common peephole 19 loaded (#_success) from a directly instead of using hl.
                            903 ;	genLabel
   02EA                     904 00120$:
                            905 ;	skipping iCode since result will be rematerialized
                            906 ;	genAddrOf
                            907 ;	genPointerGet
                            908 ;fetchPairLong
   02EA 3Ar01s00      [13]  909 	ld	a, (#_nibble_op_test_low1_2_volatileBits_10000_23+0)
                            910 ; common peephole 17 loaded a from (#_nibble_op_test_low1_2_volatileBits_10000_23+0) directly instead of using hl.
   02ED E6 0F         [ 7]  911 	and	a, #0x0f
   02EF 4F            [ 4]  912 	ld	c, a
                            913 ;	genPointerSet
                            914 ;	genMove_o size 2 result type 2 source type 7 a_dead 1 hl_dead 1 de_dead 1 iy_dead 1 f_dead 1
   02F0 21r01s00      [10]  915 	ld	hl, #_nibble_op_test_low1_2_volatileBits_10000_23
   02F3 ED 67         [18]  916 	rrd
   02F5 79            [ 4]  917 	ld	a, c
   02F6 ED 6F         [18]  918 	rld
                            919 ;	skipping iCode since result will be rematerialized
                            920 ;	genPointerGet
   02F8 3Ar01s00      [13]  921 	ld	a, (#_nibble_op_test_low1_2_volatileBits_10000_23 + 0)
   02FB E6 0F         [ 7]  922 	and	a, #0x0f
                            923 ;	genCast
                            924 ;	(locations are the same)
                            925 ;	genCmpEq
   02FD FE 0F         [ 7]  926 	cp	a, #0x0f
                            927 ; common peephole 81 removed jp by using inverse jump logic
                            928 ; common peephole 159 removed unused label 00226$.
                            929 ; common peephole 163 changed absolute to relative conditional jump.
   02FF 20 0D         [12]  930 	jr	nz, 00122$
                            931 ; common peephole 82 removed jp by using inverse jump logic
                            932 ; common peephole 159 removed unused label 00227$.
                            933 ;	skipping generated iCode
                            934 ;	skipping iCode since result will be rematerialized
                            935 ;	genPointerGet
   0301 3Ar01s00      [13]  936 	ld	a, (#_nibble_op_test_low1_2_volatileBits_10000_23 + 0)
   0304 07            [ 4]  937 	rlca
   0305 07            [ 4]  938 	rlca
   0306 07            [ 4]  939 	rlca
   0307 07            [ 4]  940 	rlca
   0308 E6 0F         [ 7]  941 	and	a, #0x0f
                            942 ;	genCmpEq
   030A FE 0F         [ 7]  943 	cp	a, #0x0f
                            944 ; common peephole 163 changed absolute to relative conditional jump.
   030C 28 04         [12]  945 	jr	z, 00123$
                            946 ; common peephole 81 removed jp by using inverse jump logic
                            947 ; common peephole 159 removed unused label 00228$.
                            948 ;	skipping generated iCode
                            949 ;	genLabel
   030E                     950 00122$:
                            951 ;	genAssign
                            952 ;	genMove_o size 1 result type 11 source type 1 a_dead 1 hl_dead 1 de_dead 1 iy_dead 1 f_dead 1
   030E AF            [ 4]  953 	xor	a, a
   030F 32r00s00      [13]  954 	ld	(#_success), a
                            955 ; common peephole 19 loaded (#_success) from a directly instead of using hl.
                            956 ;	genLabel
   0312                     957 00123$:
                            958 ;	genPlus
                            959 ;	genMove_o size 2 result type 2 source type 10 a_dead 1 hl_dead 1 de_dead 1 iy_dead 1 f_dead 1
   0312 2Ar00s00      [16]  960 	ld	hl, (___numTests)
   0315 23            [ 6]  961 	inc	hl
                            962 ;	genMove_o size 2 result type 10 source type 2 a_dead 1 hl_dead 1 de_dead 1 iy_dead 1 f_dead 1
   0316 22r00s00      [16]  963 	ld	(___numTests), hl
                            964 ;	genIfx
                            965 ; common peephole 61 used hl instead of iy.
                            966 ; common peephole 130a removed unnecessary +0 from constant
   0319 21r00s00      [10]  967 	ld	hl, #_success
   031C CB 46         [12]  968 	bit	0, (hl)
   031E C0            [11]  969 	ret	nz
                            970 ; common peephole 161 replaced jump by return.
                            971 ;	skipping iCode since result will be rematerialized
                            972 ;	skipping iCode since result will be rematerialized
                            973 ;	skipping iCode since result will be rematerialized
                            974 ;	skipping iCode since result will be rematerialized
                            975 ;	skipping iCode since result will be rematerialized
                            976 ;	skipping iCode since result will be rematerialized
                            977 ;	genIpush
                            978 ;	genMove_o size 2 result type 2 source type 1 a_dead 1 hl_dead 1 de_dead 1 iy_dead 1 f_dead 1
   031F 21 31 01      [10]  979 	ld	hl, #0x0131
   0322 E5            [11]  980 	push	hl
                            981 ;	genIpush
                            982 ;	genMove_o size 2 result type 2 source type 7 a_dead 1 hl_dead 1 de_dead 1 iy_dead 1 f_dead 1
   0323 21r4As03      [10]  983 	ld	hl, #___str_5
   0326 E5            [11]  984 	push	hl
                            985 ;	genSend
                            986 ;	genMove_o size 2 result type 2 source type 7 a_dead 1 hl_dead 1 de_dead 1 iy_dead 1 f_dead 1
   0327 11r42s03      [10]  987 	ld	de, #___str_4
                            988 ;	genSend
                            989 ;	genMove_o size 2 result type 2 source type 7 a_dead 1 hl_dead 1 de_dead 0 iy_dead 1 f_dead 1
   032A 21r31s03      [10]  990 	ld	hl, #___str_3
                            991 ;	genCall
   032D CDr00s00      [17]  992 	call	___fail
                            993 ;	genLabel
                            994 ; common peephole 159 removed unused label 00125$.
                            995 ;cases/bitfields-nibbles/bitfields-nibbles_operation_1_pattern_1_varType_4.c:306: }
                            996 ;	genEndFunction
   0330 C9            [10]  997 	ret
                            998 ;	Total nibble_op_test_low1_2 function size at codegen: 17 bytes.
   0331                     999 ___str_3:
   0331 41 73 73 65 72 74  1000 	.ascii "Assertion failed"
        69 6F 6E 20 66 61
        69 6C 65 64
   0341 00                 1001 	.db 0x00
   0342                    1002 ___str_4:
   0342 73 75 63 63 65 73  1003 	.ascii "success"
        73
   0349 00                 1004 	.db 0x00
   034A                    1005 ___str_5:
   034A 63 61 73 65 73 2F  1006 	.ascii "cases/bitfields-nibbles/bitfields-nibbles_operation_1_patter"
        62 69 74 66 69 65
        6C 64 73 2D 6E 69
        62 62 6C 65 73 2F
        62 69 74 66 69 65
        6C 64 73 2D 6E 69
        62 62 6C 65 73 5F
        6F 70 65 72 61 74
        69 6F 6E 5F 31 5F
        70 61 74 74 65 72
   0386 6E 5F 31 5F 76 61  1007 	.ascii "n_1_varType_4.c"
        72 54 79 70 65 5F
        34 2E 63
   0395 00                 1008 	.db 0x00
                           1009 ;cases/bitfields-nibbles/bitfields-nibbles_operation_1_pattern_1_varType_4.c:308: nibble_op_test_low2_1(void)
                           1010 ;	genLabel
                           1011 ;	genFunction
                           1012 ;	---------------------------------
                           1013 ; Function nibble_op_test_low2_1
                           1014 ; ---------------------------------
                           1015 ;	Register assignment might be sub-optimal.
                           1016 ; Stack space usage: 0 bytes.
   0396                    1017 _nibble_op_test_low2_1:
                           1018 ;cases/bitfields-nibbles/bitfields-nibbles_operation_1_pattern_1_varType_4.c:311: TEST(low, 0x01);
                           1019 ;	genAssign
                           1020 ;	genMove_o size 1 result type 11 source type 1 a_dead 1 hl_dead 1 de_dead 1 iy_dead 1 f_dead 1
   0396 21r00s00      [10] 1021 	ld	hl, #_success
   0399 36 01         [10] 1022 	ld	(hl), #0x01
                           1023 ;	genAddrOf
   039B 01r02s00      [10] 1024 	ld	bc, #_nibble_op_test_low2_1_volatileBits_10000_33+0
                           1025 ;	genPointerSet
   039E 0A            [ 7] 1026 	ld	a, (bc)
   039F E6 F0         [ 7] 1027 	and	a, #0xf0
   03A1 02            [ 7] 1028 	ld	(bc), a
                           1029 ;	genAddrOf
   03A2 01r02s00      [10] 1030 	ld	bc, #_nibble_op_test_low2_1_volatileBits_10000_33+0
                           1031 ;	genPointerSet
   03A5 0A            [ 7] 1032 	ld	a, (bc)
   03A6 F6 F0         [ 7] 1033 	or	a, #0xf0
   03A8 02            [ 7] 1034 	ld	(bc), a
                           1035 ;	skipping iCode since result will be rematerialized
                           1036 ;	genPointerGet
   03A9 3Ar02s00      [13] 1037 	ld	a, (#_nibble_op_test_low2_1_volatileBits_10000_33 + 0)
                           1038 ;	genIfx
   03AC E6 0F         [ 7] 1039 	and	a, #0x0f
                           1040 ; common peephole 100 removed redundant or after and.
                           1041 ; common peephole 163 changed absolute to relative conditional jump.
   03AE 20 0D         [12] 1042 	jr	nz, 00101$
                           1043 ;	skipping iCode since result will be rematerialized
                           1044 ;	genPointerGet
   03B0 3Ar02s00      [13] 1045 	ld	a, (#_nibble_op_test_low2_1_volatileBits_10000_33 + 0)
   03B3 07            [ 4] 1046 	rlca
   03B4 07            [ 4] 1047 	rlca
   03B5 07            [ 4] 1048 	rlca
   03B6 07            [ 4] 1049 	rlca
   03B7 E6 0F         [ 7] 1050 	and	a, #0x0f
                           1051 ;	genCmpEq
   03B9 FE 0F         [ 7] 1052 	cp	a, #0x0f
                           1053 ; common peephole 163 changed absolute to relative conditional jump.
   03BB 28 04         [12] 1054 	jr	z, 00102$
                           1055 ; common peephole 81 removed jp by using inverse jump logic
                           1056 ; common peephole 159 removed unused label 00211$.
                           1057 ;	skipping generated iCode
                           1058 ;	genLabel
   03BD                    1059 00101$:
                           1060 ;	genAssign
                           1061 ;	genMove_o size 1 result type 11 source type 1 a_dead 1 hl_dead 1 de_dead 1 iy_dead 1 f_dead 1
   03BD AF            [ 4] 1062 	xor	a, a
   03BE 32r00s00      [13] 1063 	ld	(#_success), a
                           1064 ; common peephole 19 loaded (#_success) from a directly instead of using hl.
                           1065 ;	genLabel
   03C1                    1066 00102$:
                           1067 ;	skipping iCode since result will be rematerialized
                           1068 ;	skipping iCode since result will be rematerialized
                           1069 ;	genPointerGet
   03C1 3Ar02s00      [13] 1070 	ld	a, (#_nibble_op_test_low2_1_volatileBits_10000_33 + 0)
   03C4 E6 0F         [ 7] 1071 	and	a, #0x0f
                           1072 ;	genOr
   03C6 F6 01         [ 7] 1073 	or	a, #0x01
                           1074 ;	genMove_o size 1 result type 2 source type 2 a_dead 1 hl_dead 1 de_dead 1 iy_dead 1 f_dead 1
   03C8 4F            [ 4] 1075 	ld	c, a
                           1076 ;	genMove_o size 0 result type 2 source type 1 a_dead 1 hl_dead 1 de_dead 1 iy_dead 1 f_dead 1
                           1077 ;	genPointerSet
                           1078 ;	genMove_o size 2 result type 2 source type 7 a_dead 1 hl_dead 1 de_dead 1 iy_dead 1 f_dead 1
   03C9 21r02s00      [10] 1079 	ld	hl, #_nibble_op_test_low2_1_volatileBits_10000_33
   03CC ED 67         [18] 1080 	rrd
   03CE 79            [ 4] 1081 	ld	a, c
   03CF ED 6F         [18] 1082 	rld
                           1083 ;	skipping iCode since result will be rematerialized
                           1084 ;	genPointerGet
   03D1 3Ar02s00      [13] 1085 	ld	a, (#_nibble_op_test_low2_1_volatileBits_10000_33 + 0)
   03D4 E6 0F         [ 7] 1086 	and	a, #0x0f
                           1087 ;	genCmpEq
   03D6 FE 01         [ 7] 1088 	cp	a, #0x01
                           1089 ; common peephole 81 removed jp by using inverse jump logic
                           1090 ; common peephole 159 removed unused label 00212$.
                           1091 ; common peephole 163 changed absolute to relative conditional jump.
   03D8 20 0D         [12] 1092 	jr	nz, 00104$
                           1093 ; common peephole 82 removed jp by using inverse jump logic
                           1094 ; common peephole 159 removed unused label 00213$.
                           1095 ;	skipping generated iCode
                           1096 ;	skipping iCode since result will be rematerialized
                           1097 ;	genPointerGet
   03DA 3Ar02s00      [13] 1098 	ld	a, (#_nibble_op_test_low2_1_volatileBits_10000_33 + 0)
   03DD 07            [ 4] 1099 	rlca
   03DE 07            [ 4] 1100 	rlca
   03DF 07            [ 4] 1101 	rlca
   03E0 07            [ 4] 1102 	rlca
   03E1 E6 0F         [ 7] 1103 	and	a, #0x0f
                           1104 ;	genCmpEq
   03E3 FE 0F         [ 7] 1105 	cp	a, #0x0f
                           1106 ; common peephole 163 changed absolute to relative conditional jump.
   03E5 28 04         [12] 1107 	jr	z, 00105$
                           1108 ; common peephole 81 removed jp by using inverse jump logic
                           1109 ; common peephole 159 removed unused label 00214$.
                           1110 ;	skipping generated iCode
                           1111 ;	genLabel
   03E7                    1112 00104$:
                           1113 ;	genAssign
                           1114 ;	genMove_o size 1 result type 11 source type 1 a_dead 1 hl_dead 1 de_dead 1 iy_dead 1 f_dead 1
   03E7 AF            [ 4] 1115 	xor	a, a
   03E8 32r00s00      [13] 1116 	ld	(#_success), a
                           1117 ; common peephole 19 loaded (#_success) from a directly instead of using hl.
                           1118 ;	genLabel
   03EB                    1119 00105$:
                           1120 ;	genAddrOf
   03EB 01r02s00      [10] 1121 	ld	bc, #_nibble_op_test_low2_1_volatileBits_10000_33+0
                           1122 ;	genPointerSet
   03EE 0A            [ 7] 1123 	ld	a, (bc)
   03EF F6 0F         [ 7] 1124 	or	a, #0x0f
   03F1 02            [ 7] 1125 	ld	(bc), a
                           1126 ;	skipping iCode since result will be rematerialized
                           1127 ;	genPointerGet
   03F2 3Ar02s00      [13] 1128 	ld	a, (#_nibble_op_test_low2_1_volatileBits_10000_33 + 0)
   03F5 E6 0F         [ 7] 1129 	and	a, #0x0f
                           1130 ;	genCmpEq
   03F7 FE 0F         [ 7] 1131 	cp	a, #0x0f
                           1132 ; common peephole 81 removed jp by using inverse jump logic
                           1133 ; common peephole 159 removed unused label 00215$.
                           1134 ; common peephole 163 changed absolute to relative conditional jump.
   03F9 20 0D         [12] 1135 	jr	nz, 00107$
                           1136 ; common peephole 82 removed jp by using inverse jump logic
                           1137 ; common peephole 159 removed unused label 00216$.
                           1138 ;	skipping generated iCode
                           1139 ;	skipping iCode since result will be rematerialized
                           1140 ;	genPointerGet
   03FB 3Ar02s00      [13] 1141 	ld	a, (#_nibble_op_test_low2_1_volatileBits_10000_33 + 0)
   03FE 07            [ 4] 1142 	rlca
   03FF 07            [ 4] 1143 	rlca
   0400 07            [ 4] 1144 	rlca
   0401 07            [ 4] 1145 	rlca
   0402 E6 0F         [ 7] 1146 	and	a, #0x0f
                           1147 ;	genCmpEq
   0404 FE 0F         [ 7] 1148 	cp	a, #0x0f
                           1149 ; common peephole 163 changed absolute to relative conditional jump.
   0406 28 04         [12] 1150 	jr	z, 00108$
                           1151 ; common peephole 81 removed jp by using inverse jump logic
                           1152 ; common peephole 159 removed unused label 00217$.
                           1153 ;	skipping generated iCode
                           1154 ;	genLabel
   0408                    1155 00107$:
                           1156 ;	genAssign
                           1157 ;	genMove_o size 1 result type 11 source type 1 a_dead 1 hl_dead 1 de_dead 1 iy_dead 1 f_dead 1
   0408 AF            [ 4] 1158 	xor	a, a
   0409 32r00s00      [13] 1159 	ld	(#_success), a
                           1160 ; common peephole 19 loaded (#_success) from a directly instead of using hl.
                           1161 ;	genLabel
   040C                    1162 00108$:
                           1163 ;	skipping iCode since result will be rematerialized
                           1164 ;	skipping iCode since result will be rematerialized
                           1165 ;	genPointerGet
   040C 3Ar02s00      [13] 1166 	ld	a, (#_nibble_op_test_low2_1_volatileBits_10000_33 + 0)
   040F E6 0F         [ 7] 1167 	and	a, #0x0f
                           1168 ;	genOr
   0411 F6 01         [ 7] 1169 	or	a, #0x01
                           1170 ;	genMove_o size 1 result type 2 source type 2 a_dead 1 hl_dead 1 de_dead 1 iy_dead 1 f_dead 1
   0413 4F            [ 4] 1171 	ld	c, a
                           1172 ;	genMove_o size 0 result type 2 source type 1 a_dead 1 hl_dead 1 de_dead 1 iy_dead 1 f_dead 1
                           1173 ;	genPointerSet
                           1174 ;	genMove_o size 2 result type 2 source type 7 a_dead 1 hl_dead 1 de_dead 1 iy_dead 1 f_dead 1
   0414 21r02s00      [10] 1175 	ld	hl, #_nibble_op_test_low2_1_volatileBits_10000_33
   0417 ED 67         [18] 1176 	rrd
   0419 79            [ 4] 1177 	ld	a, c
   041A ED 6F         [18] 1178 	rld
                           1179 ;	skipping iCode since result will be rematerialized
                           1180 ;	genPointerGet
   041C 3Ar02s00      [13] 1181 	ld	a, (#_nibble_op_test_low2_1_volatileBits_10000_33 + 0)
   041F E6 0F         [ 7] 1182 	and	a, #0x0f
                           1183 ;	genCast
                           1184 ;	(locations are the same)
                           1185 ;	genCmpEq
   0421 FE 0F         [ 7] 1186 	cp	a, #0x0f
                           1187 ; common peephole 81 removed jp by using inverse jump logic
                           1188 ; common peephole 159 removed unused label 00218$.
                           1189 ; common peephole 163 changed absolute to relative conditional jump.
   0423 20 0D         [12] 1190 	jr	nz, 00110$
                           1191 ; common peephole 82 removed jp by using inverse jump logic
                           1192 ; common peephole 159 removed unused label 00219$.
                           1193 ;	skipping generated iCode
                           1194 ;	skipping iCode since result will be rematerialized
                           1195 ;	genPointerGet
   0425 3Ar02s00      [13] 1196 	ld	a, (#_nibble_op_test_low2_1_volatileBits_10000_33 + 0)
   0428 07            [ 4] 1197 	rlca
   0429 07            [ 4] 1198 	rlca
   042A 07            [ 4] 1199 	rlca
   042B 07            [ 4] 1200 	rlca
   042C E6 0F         [ 7] 1201 	and	a, #0x0f
                           1202 ;	genCmpEq
   042E FE 0F         [ 7] 1203 	cp	a, #0x0f
                           1204 ; common peephole 163 changed absolute to relative conditional jump.
   0430 28 04         [12] 1205 	jr	z, 00111$
                           1206 ; common peephole 81 removed jp by using inverse jump logic
                           1207 ; common peephole 159 removed unused label 00220$.
                           1208 ;	skipping generated iCode
                           1209 ;	genLabel
   0432                    1210 00110$:
                           1211 ;	genAssign
                           1212 ;	genMove_o size 1 result type 11 source type 1 a_dead 1 hl_dead 1 de_dead 1 iy_dead 1 f_dead 1
   0432 AF            [ 4] 1213 	xor	a, a
   0433 32r00s00      [13] 1214 	ld	(#_success), a
                           1215 ; common peephole 19 loaded (#_success) from a directly instead of using hl.
                           1216 ;	genLabel
   0436                    1217 00111$:
                           1218 ;	genPlus
                           1219 ;	genMove_o size 2 result type 2 source type 10 a_dead 1 hl_dead 1 de_dead 1 iy_dead 1 f_dead 1
   0436 2Ar00s00      [16] 1220 	ld	hl, (___numTests)
   0439 23            [ 6] 1221 	inc	hl
                           1222 ;	genMove_o size 2 result type 10 source type 2 a_dead 1 hl_dead 1 de_dead 1 iy_dead 1 f_dead 1
   043A 22r00s00      [16] 1223 	ld	(___numTests), hl
                           1224 ;	genIfx
                           1225 ; common peephole 61 used hl instead of iy.
                           1226 ; common peephole 130a removed unnecessary +0 from constant
   043D 21r00s00      [10] 1227 	ld	hl, #_success
   0440 CB 46         [12] 1228 	bit	0, (hl)
                           1229 ; common peephole 163 changed absolute to relative conditional jump.
   0442 20 11         [12] 1230 	jr	nz, 00128$
                           1231 ;	skipping iCode since result will be rematerialized
                           1232 ;	skipping iCode since result will be rematerialized
                           1233 ;	skipping iCode since result will be rematerialized
                           1234 ;	skipping iCode since result will be rematerialized
                           1235 ;	skipping iCode since result will be rematerialized
                           1236 ;	skipping iCode since result will be rematerialized
                           1237 ;	genIpush
                           1238 ;	genMove_o size 2 result type 2 source type 1 a_dead 1 hl_dead 1 de_dead 1 iy_dead 1 f_dead 1
   0444 21 37 01      [10] 1239 	ld	hl, #0x0137
   0447 E5            [11] 1240 	push	hl
                           1241 ;	genIpush
                           1242 ;	genMove_o size 2 result type 2 source type 7 a_dead 1 hl_dead 1 de_dead 1 iy_dead 1 f_dead 1
   0448 21r2Ds05      [10] 1243 	ld	hl, #___str_8
   044B E5            [11] 1244 	push	hl
                           1245 ;	genSend
                           1246 ;	genMove_o size 2 result type 2 source type 7 a_dead 1 hl_dead 1 de_dead 1 iy_dead 1 f_dead 1
   044C 11r25s05      [10] 1247 	ld	de, #___str_7
                           1248 ;	genSend
                           1249 ;	genMove_o size 2 result type 2 source type 7 a_dead 1 hl_dead 1 de_dead 0 iy_dead 1 f_dead 1
   044F 21r14s05      [10] 1250 	ld	hl, #___str_6
                           1251 ;	genCall
   0452 CDr00s00      [17] 1252 	call	___fail
                           1253 ;	genLabel
   0455                    1254 00128$:
                           1255 ;cases/bitfields-nibbles/bitfields-nibbles_operation_1_pattern_1_varType_4.c:312: TEST(low, 0x02);
                           1256 ;	genAssign
                           1257 ;	genMove_o size 1 result type 11 source type 1 a_dead 1 hl_dead 1 de_dead 1 iy_dead 1 f_dead 1
   0455 21r00s00      [10] 1258 	ld	hl, #_success
   0458 36 01         [10] 1259 	ld	(hl), #0x01
                           1260 ;	genAddrOf
   045A 01r02s00      [10] 1261 	ld	bc, #_nibble_op_test_low2_1_volatileBits_10000_33+0
                           1262 ;	genPointerSet
   045D 0A            [ 7] 1263 	ld	a, (bc)
   045E E6 F0         [ 7] 1264 	and	a, #0xf0
   0460 02            [ 7] 1265 	ld	(bc), a
                           1266 ;	genAddrOf
   0461 01r02s00      [10] 1267 	ld	bc, #_nibble_op_test_low2_1_volatileBits_10000_33+0
                           1268 ;	genPointerSet
   0464 0A            [ 7] 1269 	ld	a, (bc)
   0465 F6 F0         [ 7] 1270 	or	a, #0xf0
   0467 02            [ 7] 1271 	ld	(bc), a
                           1272 ;	skipping iCode since result will be rematerialized
                           1273 ;	genPointerGet
   0468 3Ar02s00      [13] 1274 	ld	a, (#_nibble_op_test_low2_1_volatileBits_10000_33 + 0)
                           1275 ;	genIfx
   046B E6 0F         [ 7] 1276 	and	a, #0x0f
                           1277 ; common peephole 100 removed redundant or after and.
                           1278 ; common peephole 163 changed absolute to relative conditional jump.
   046D 20 0D         [12] 1279 	jr	nz, 00113$
                           1280 ;	skipping iCode since result will be rematerialized
                           1281 ;	genPointerGet
   046F 3Ar02s00      [13] 1282 	ld	a, (#_nibble_op_test_low2_1_volatileBits_10000_33 + 0)
   0472 07            [ 4] 1283 	rlca
   0473 07            [ 4] 1284 	rlca
   0474 07            [ 4] 1285 	rlca
   0475 07            [ 4] 1286 	rlca
   0476 E6 0F         [ 7] 1287 	and	a, #0x0f
                           1288 ;	genCmpEq
   0478 FE 0F         [ 7] 1289 	cp	a, #0x0f
                           1290 ; common peephole 163 changed absolute to relative conditional jump.
   047A 28 04         [12] 1291 	jr	z, 00114$
                           1292 ; common peephole 81 removed jp by using inverse jump logic
                           1293 ; common peephole 159 removed unused label 00221$.
                           1294 ;	skipping generated iCode
                           1295 ;	genLabel
   047C                    1296 00113$:
                           1297 ;	genAssign
                           1298 ;	genMove_o size 1 result type 11 source type 1 a_dead 1 hl_dead 1 de_dead 1 iy_dead 1 f_dead 1
   047C AF            [ 4] 1299 	xor	a, a
   047D 32r00s00      [13] 1300 	ld	(#_success), a
                           1301 ; common peephole 19 loaded (#_success) from a directly instead of using hl.
                           1302 ;	genLabel
   0480                    1303 00114$:
                           1304 ;	skipping iCode since result will be rematerialized
                           1305 ;	skipping iCode since result will be rematerialized
                           1306 ;	genPointerGet
   0480 3Ar02s00      [13] 1307 	ld	a, (#_nibble_op_test_low2_1_volatileBits_10000_33 + 0)
   0483 E6 0F         [ 7] 1308 	and	a, #0x0f
                           1309 ;	genOr
   0485 F6 02         [ 7] 1310 	or	a, #0x02
                           1311 ;	genMove_o size 1 result type 2 source type 2 a_dead 1 hl_dead 1 de_dead 1 iy_dead 1 f_dead 1
   0487 4F            [ 4] 1312 	ld	c, a
                           1313 ;	genMove_o size 0 result type 2 source type 1 a_dead 1 hl_dead 1 de_dead 1 iy_dead 1 f_dead 1
                           1314 ;	genPointerSet
                           1315 ;	genMove_o size 2 result type 2 source type 7 a_dead 1 hl_dead 1 de_dead 1 iy_dead 1 f_dead 1
   0488 21r02s00      [10] 1316 	ld	hl, #_nibble_op_test_low2_1_volatileBits_10000_33
   048B ED 67         [18] 1317 	rrd
   048D 79            [ 4] 1318 	ld	a, c
   048E ED 6F         [18] 1319 	rld
                           1320 ;	skipping iCode since result will be rematerialized
                           1321 ;	genPointerGet
   0490 3Ar02s00      [13] 1322 	ld	a, (#_nibble_op_test_low2_1_volatileBits_10000_33 + 0)
   0493 E6 0F         [ 7] 1323 	and	a, #0x0f
                           1324 ;	genCast
                           1325 ;	(locations are the same)
                           1326 ;	genCmpEq
   0495 FE 02         [ 7] 1327 	cp	a, #0x02
                           1328 ; common peephole 81 removed jp by using inverse jump logic
                           1329 ; common peephole 159 removed unused label 00222$.
                           1330 ; common peephole 163 changed absolute to relative conditional jump.
   0497 20 0D         [12] 1331 	jr	nz, 00116$
                           1332 ; common peephole 82 removed jp by using inverse jump logic
                           1333 ; common peephole 159 removed unused label 00223$.
                           1334 ;	skipping generated iCode
                           1335 ;	skipping iCode since result will be rematerialized
                           1336 ;	genPointerGet
   0499 3Ar02s00      [13] 1337 	ld	a, (#_nibble_op_test_low2_1_volatileBits_10000_33 + 0)
   049C 07            [ 4] 1338 	rlca
   049D 07            [ 4] 1339 	rlca
   049E 07            [ 4] 1340 	rlca
   049F 07            [ 4] 1341 	rlca
   04A0 E6 0F         [ 7] 1342 	and	a, #0x0f
                           1343 ;	genCmpEq
   04A2 FE 0F         [ 7] 1344 	cp	a, #0x0f
                           1345 ; common peephole 163 changed absolute to relative conditional jump.
   04A4 28 04         [12] 1346 	jr	z, 00117$
                           1347 ; common peephole 81 removed jp by using inverse jump logic
                           1348 ; common peephole 159 removed unused label 00224$.
                           1349 ;	skipping generated iCode
                           1350 ;	genLabel
   04A6                    1351 00116$:
                           1352 ;	genAssign
                           1353 ;	genMove_o size 1 result type 11 source type 1 a_dead 1 hl_dead 1 de_dead 1 iy_dead 1 f_dead 1
   04A6 AF            [ 4] 1354 	xor	a, a
   04A7 32r00s00      [13] 1355 	ld	(#_success), a
                           1356 ; common peephole 19 loaded (#_success) from a directly instead of using hl.
                           1357 ;	genLabel
   04AA                    1358 00117$:
                           1359 ;	genAddrOf
   04AA 01r02s00      [10] 1360 	ld	bc, #_nibble_op_test_low2_1_volatileBits_10000_33+0
                           1361 ;	genPointerSet
   04AD 0A            [ 7] 1362 	ld	a, (bc)
   04AE F6 0F         [ 7] 1363 	or	a, #0x0f
   04B0 02            [ 7] 1364 	ld	(bc), a
                           1365 ;	skipping iCode since result will be rematerialized
                           1366 ;	genPointerGet
   04B1 3Ar02s00      [13] 1367 	ld	a, (#_nibble_op_test_low2_1_volatileBits_10000_33 + 0)
   04B4 E6 0F         [ 7] 1368 	and	a, #0x0f
                           1369 ;	genCmpEq
   04B6 FE 0F         [ 7] 1370 	cp	a, #0x0f
                           1371 ; common peephole 81 removed jp by using inverse jump logic
                           1372 ; common peephole 159 removed unused label 00225$.
                           1373 ; common peephole 163 changed absolute to relative conditional jump.
   04B8 20 0D         [12] 1374 	jr	nz, 00119$
                           1375 ; common peephole 82 removed jp by using inverse jump logic
                           1376 ; common peephole 159 removed unused label 00226$.
                           1377 ;	skipping generated iCode
                           1378 ;	skipping iCode since result will be rematerialized
                           1379 ;	genPointerGet
   04BA 3Ar02s00      [13] 1380 	ld	a, (#_nibble_op_test_low2_1_volatileBits_10000_33 + 0)
   04BD 07            [ 4] 1381 	rlca
   04BE 07            [ 4] 1382 	rlca
   04BF 07            [ 4] 1383 	rlca
   04C0 07            [ 4] 1384 	rlca
   04C1 E6 0F         [ 7] 1385 	and	a, #0x0f
                           1386 ;	genCmpEq
   04C3 FE 0F         [ 7] 1387 	cp	a, #0x0f
                           1388 ; common peephole 163 changed absolute to relative conditional jump.
   04C5 28 04         [12] 1389 	jr	z, 00120$
                           1390 ; common peephole 81 removed jp by using inverse jump logic
                           1391 ; common peephole 159 removed unused label 00227$.
                           1392 ;	skipping generated iCode
                           1393 ;	genLabel
   04C7                    1394 00119$:
                           1395 ;	genAssign
                           1396 ;	genMove_o size 1 result type 11 source type 1 a_dead 1 hl_dead 1 de_dead 1 iy_dead 1 f_dead 1
   04C7 AF            [ 4] 1397 	xor	a, a
   04C8 32r00s00      [13] 1398 	ld	(#_success), a
                           1399 ; common peephole 19 loaded (#_success) from a directly instead of using hl.
                           1400 ;	genLabel
   04CB                    1401 00120$:
                           1402 ;	skipping iCode since result will be rematerialized
                           1403 ;	skipping iCode since result will be rematerialized
                           1404 ;	genPointerGet
   04CB 3Ar02s00      [13] 1405 	ld	a, (#_nibble_op_test_low2_1_volatileBits_10000_33 + 0)
   04CE E6 0F         [ 7] 1406 	and	a, #0x0f
                           1407 ;	genOr
   04D0 F6 02         [ 7] 1408 	or	a, #0x02
                           1409 ;	genMove_o size 1 result type 2 source type 2 a_dead 1 hl_dead 1 de_dead 1 iy_dead 1 f_dead 1
   04D2 4F            [ 4] 1410 	ld	c, a
                           1411 ;	genMove_o size 0 result type 2 source type 1 a_dead 1 hl_dead 1 de_dead 1 iy_dead 1 f_dead 1
                           1412 ;	genPointerSet
                           1413 ;	genMove_o size 2 result type 2 source type 7 a_dead 1 hl_dead 1 de_dead 1 iy_dead 1 f_dead 1
   04D3 21r02s00      [10] 1414 	ld	hl, #_nibble_op_test_low2_1_volatileBits_10000_33
   04D6 ED 67         [18] 1415 	rrd
   04D8 79            [ 4] 1416 	ld	a, c
   04D9 ED 6F         [18] 1417 	rld
                           1418 ;	skipping iCode since result will be rematerialized
                           1419 ;	genPointerGet
   04DB 3Ar02s00      [13] 1420 	ld	a, (#_nibble_op_test_low2_1_volatileBits_10000_33 + 0)
   04DE E6 0F         [ 7] 1421 	and	a, #0x0f
                           1422 ;	genCast
                           1423 ;	(locations are the same)
                           1424 ;	genCmpEq
   04E0 FE 0F         [ 7] 1425 	cp	a, #0x0f
                           1426 ; common peephole 81 removed jp by using inverse jump logic
                           1427 ; common peephole 159 removed unused label 00228$.
                           1428 ; common peephole 163 changed absolute to relative conditional jump.
   04E2 20 0D         [12] 1429 	jr	nz, 00122$
                           1430 ; common peephole 82 removed jp by using inverse jump logic
                           1431 ; common peephole 159 removed unused label 00229$.
                           1432 ;	skipping generated iCode
                           1433 ;	skipping iCode since result will be rematerialized
                           1434 ;	genPointerGet
   04E4 3Ar02s00      [13] 1435 	ld	a, (#_nibble_op_test_low2_1_volatileBits_10000_33 + 0)
   04E7 07            [ 4] 1436 	rlca
   04E8 07            [ 4] 1437 	rlca
   04E9 07            [ 4] 1438 	rlca
   04EA 07            [ 4] 1439 	rlca
   04EB E6 0F         [ 7] 1440 	and	a, #0x0f
                           1441 ;	genCmpEq
   04ED FE 0F         [ 7] 1442 	cp	a, #0x0f
                           1443 ; common peephole 163 changed absolute to relative conditional jump.
   04EF 28 04         [12] 1444 	jr	z, 00123$
                           1445 ; common peephole 81 removed jp by using inverse jump logic
                           1446 ; common peephole 159 removed unused label 00230$.
                           1447 ;	skipping generated iCode
                           1448 ;	genLabel
   04F1                    1449 00122$:
                           1450 ;	genAssign
                           1451 ;	genMove_o size 1 result type 11 source type 1 a_dead 1 hl_dead 1 de_dead 1 iy_dead 1 f_dead 1
   04F1 AF            [ 4] 1452 	xor	a, a
   04F2 32r00s00      [13] 1453 	ld	(#_success), a
                           1454 ; common peephole 19 loaded (#_success) from a directly instead of using hl.
                           1455 ;	genLabel
   04F5                    1456 00123$:
                           1457 ;	genPlus
                           1458 ;	genMove_o size 2 result type 2 source type 10 a_dead 1 hl_dead 1 de_dead 1 iy_dead 1 f_dead 1
   04F5 2Ar00s00      [16] 1459 	ld	hl, (___numTests)
   04F8 23            [ 6] 1460 	inc	hl
                           1461 ;	genMove_o size 2 result type 10 source type 2 a_dead 1 hl_dead 1 de_dead 1 iy_dead 1 f_dead 1
   04F9 22r00s00      [16] 1462 	ld	(___numTests), hl
                           1463 ;	genIfx
                           1464 ; common peephole 61 used hl instead of iy.
                           1465 ; common peephole 130a removed unnecessary +0 from constant
   04FC 21r00s00      [10] 1466 	ld	hl, #_success
   04FF CB 46         [12] 1467 	bit	0, (hl)
   0501 C0            [11] 1468 	ret	nz
                           1469 ; common peephole 161 replaced jump by return.
                           1470 ;	skipping iCode since result will be rematerialized
                           1471 ;	skipping iCode since result will be rematerialized
                           1472 ;	skipping iCode since result will be rematerialized
                           1473 ;	skipping iCode since result will be rematerialized
                           1474 ;	skipping iCode since result will be rematerialized
                           1475 ;	skipping iCode since result will be rematerialized
                           1476 ;	genIpush
                           1477 ;	genMove_o size 2 result type 2 source type 1 a_dead 1 hl_dead 1 de_dead 1 iy_dead 1 f_dead 1
   0502 21 38 01      [10] 1478 	ld	hl, #0x0138
   0505 E5            [11] 1479 	push	hl
                           1480 ;	genIpush
                           1481 ;	genMove_o size 2 result type 2 source type 7 a_dead 1 hl_dead 1 de_dead 1 iy_dead 1 f_dead 1
   0506 21r2Ds05      [10] 1482 	ld	hl, #___str_8
   0509 E5            [11] 1483 	push	hl
                           1484 ;	genSend
                           1485 ;	genMove_o size 2 result type 2 source type 7 a_dead 1 hl_dead 1 de_dead 1 iy_dead 1 f_dead 1
   050A 11r25s05      [10] 1486 	ld	de, #___str_7
                           1487 ;	genSend
                           1488 ;	genMove_o size 2 result type 2 source type 7 a_dead 1 hl_dead 1 de_dead 0 iy_dead 1 f_dead 1
   050D 21r14s05      [10] 1489 	ld	hl, #___str_6
                           1490 ;	genCall
   0510 CDr00s00      [17] 1491 	call	___fail
                           1492 ;	genLabel
                           1493 ; common peephole 159 removed unused label 00125$.
                           1494 ;cases/bitfields-nibbles/bitfields-nibbles_operation_1_pattern_1_varType_4.c:313: }
                           1495 ;	genEndFunction
   0513 C9            [10] 1496 	ret
                           1497 ;	Total nibble_op_test_low2_1 function size at codegen: 13 bytes.
   0514                    1498 ___str_6:
   0514 41 73 73 65 72 74  1499 	.ascii "Assertion failed"
        69 6F 6E 20 66 61
        69 6C 65 64
   0524 00                 1500 	.db 0x00
   0525                    1501 ___str_7:
   0525 73 75 63 63 65 73  1502 	.ascii "success"
        73
   052C 00                 1503 	.db 0x00
   052D                    1504 ___str_8:
   052D 63 61 73 65 73 2F  1505 	.ascii "cases/bitfields-nibbles/bitfields-nibbles_operation_1_patter"
        62 69 74 66 69 65
        6C 64 73 2D 6E 69
        62 62 6C 65 73 2F
        62 69 74 66 69 65
        6C 64 73 2D 6E 69
        62 62 6C 65 73 5F
        6F 70 65 72 61 74
        69 6F 6E 5F 31 5F
        70 61 74 74 65 72
   0569 6E 5F 31 5F 76 61  1506 	.ascii "n_1_varType_4.c"
        72 54 79 70 65 5F
        34 2E 63
   0578 00                 1507 	.db 0x00
                           1508 ;cases/bitfields-nibbles/bitfields-nibbles_operation_1_pattern_1_varType_4.c:324: nibble_op_test_low3_1(void)
                           1509 ;	genLabel
                           1510 ;	genFunction
                           1511 ;	---------------------------------
                           1512 ; Function nibble_op_test_low3_1
                           1513 ; ---------------------------------
                           1514 ;	Register assignment might be sub-optimal.
                           1515 ; Stack space usage: 0 bytes.
   0579                    1516 _nibble_op_test_low3_1:
                           1517 ;cases/bitfields-nibbles/bitfields-nibbles_operation_1_pattern_1_varType_4.c:327: TEST(low, 0x0E);
                           1518 ;	genAssign
                           1519 ;	genMove_o size 1 result type 11 source type 1 a_dead 1 hl_dead 1 de_dead 1 iy_dead 1 f_dead 1
   0579 21r00s00      [10] 1520 	ld	hl, #_success
   057C 36 01         [10] 1521 	ld	(hl), #0x01
                           1522 ;	genAddrOf
   057E 01r03s00      [10] 1523 	ld	bc, #_nibble_op_test_low3_1_volatileBits_10000_43+0
                           1524 ;	genPointerSet
   0581 0A            [ 7] 1525 	ld	a, (bc)
   0582 E6 F0         [ 7] 1526 	and	a, #0xf0
   0584 02            [ 7] 1527 	ld	(bc), a
                           1528 ;	genAddrOf
   0585 01r03s00      [10] 1529 	ld	bc, #_nibble_op_test_low3_1_volatileBits_10000_43+0
                           1530 ;	genPointerSet
   0588 0A            [ 7] 1531 	ld	a, (bc)
   0589 F6 F0         [ 7] 1532 	or	a, #0xf0
   058B 02            [ 7] 1533 	ld	(bc), a
                           1534 ;	skipping iCode since result will be rematerialized
                           1535 ;	genPointerGet
   058C 3Ar03s00      [13] 1536 	ld	a, (#_nibble_op_test_low3_1_volatileBits_10000_43 + 0)
                           1537 ;	genIfx
   058F E6 0F         [ 7] 1538 	and	a, #0x0f
                           1539 ; common peephole 100 removed redundant or after and.
                           1540 ; common peephole 163 changed absolute to relative conditional jump.
   0591 20 0D         [12] 1541 	jr	nz, 00101$
                           1542 ;	skipping iCode since result will be rematerialized
                           1543 ;	genPointerGet
   0593 3Ar03s00      [13] 1544 	ld	a, (#_nibble_op_test_low3_1_volatileBits_10000_43 + 0)
   0596 07            [ 4] 1545 	rlca
   0597 07            [ 4] 1546 	rlca
   0598 07            [ 4] 1547 	rlca
   0599 07            [ 4] 1548 	rlca
   059A E6 0F         [ 7] 1549 	and	a, #0x0f
                           1550 ;	genCmpEq
   059C FE 0F         [ 7] 1551 	cp	a, #0x0f
                           1552 ; common peephole 163 changed absolute to relative conditional jump.
   059E 28 04         [12] 1553 	jr	z, 00102$
                           1554 ; common peephole 81 removed jp by using inverse jump logic
                           1555 ; common peephole 159 removed unused label 00211$.
                           1556 ;	skipping generated iCode
                           1557 ;	genLabel
   05A0                    1558 00101$:
                           1559 ;	genAssign
                           1560 ;	genMove_o size 1 result type 11 source type 1 a_dead 1 hl_dead 1 de_dead 1 iy_dead 1 f_dead 1
   05A0 AF            [ 4] 1561 	xor	a, a
   05A1 32r00s00      [13] 1562 	ld	(#_success), a
                           1563 ; common peephole 19 loaded (#_success) from a directly instead of using hl.
                           1564 ;	genLabel
   05A4                    1565 00102$:
                           1566 ;	skipping iCode since result will be rematerialized
                           1567 ;	skipping iCode since result will be rematerialized
                           1568 ;	genPointerGet
   05A4 3Ar03s00      [13] 1569 	ld	a, (#_nibble_op_test_low3_1_volatileBits_10000_43 + 0)
   05A7 E6 0F         [ 7] 1570 	and	a, #0x0f
                           1571 ;	genOr
   05A9 F6 0E         [ 7] 1572 	or	a, #0x0e
                           1573 ;	genMove_o size 1 result type 2 source type 2 a_dead 1 hl_dead 1 de_dead 1 iy_dead 1 f_dead 1
   05AB 4F            [ 4] 1574 	ld	c, a
                           1575 ;	genMove_o size 0 result type 2 source type 1 a_dead 1 hl_dead 1 de_dead 1 iy_dead 1 f_dead 1
                           1576 ;	genPointerSet
                           1577 ;	genMove_o size 2 result type 2 source type 7 a_dead 1 hl_dead 1 de_dead 1 iy_dead 1 f_dead 1
   05AC 21r03s00      [10] 1578 	ld	hl, #_nibble_op_test_low3_1_volatileBits_10000_43
   05AF ED 67         [18] 1579 	rrd
   05B1 79            [ 4] 1580 	ld	a, c
   05B2 ED 6F         [18] 1581 	rld
                           1582 ;	skipping iCode since result will be rematerialized
                           1583 ;	genPointerGet
   05B4 3Ar03s00      [13] 1584 	ld	a, (#_nibble_op_test_low3_1_volatileBits_10000_43 + 0)
   05B7 E6 0F         [ 7] 1585 	and	a, #0x0f
                           1586 ;	genCast
                           1587 ;	(locations are the same)
                           1588 ;	genCmpEq
   05B9 FE 0E         [ 7] 1589 	cp	a, #0x0e
                           1590 ; common peephole 81 removed jp by using inverse jump logic
                           1591 ; common peephole 159 removed unused label 00212$.
                           1592 ; common peephole 163 changed absolute to relative conditional jump.
   05BB 20 0D         [12] 1593 	jr	nz, 00104$
                           1594 ; common peephole 82 removed jp by using inverse jump logic
                           1595 ; common peephole 159 removed unused label 00213$.
                           1596 ;	skipping generated iCode
                           1597 ;	skipping iCode since result will be rematerialized
                           1598 ;	genPointerGet
   05BD 3Ar03s00      [13] 1599 	ld	a, (#_nibble_op_test_low3_1_volatileBits_10000_43 + 0)
   05C0 07            [ 4] 1600 	rlca
   05C1 07            [ 4] 1601 	rlca
   05C2 07            [ 4] 1602 	rlca
   05C3 07            [ 4] 1603 	rlca
   05C4 E6 0F         [ 7] 1604 	and	a, #0x0f
                           1605 ;	genCmpEq
   05C6 FE 0F         [ 7] 1606 	cp	a, #0x0f
                           1607 ; common peephole 163 changed absolute to relative conditional jump.
   05C8 28 04         [12] 1608 	jr	z, 00105$
                           1609 ; common peephole 81 removed jp by using inverse jump logic
                           1610 ; common peephole 159 removed unused label 00214$.
                           1611 ;	skipping generated iCode
                           1612 ;	genLabel
   05CA                    1613 00104$:
                           1614 ;	genAssign
                           1615 ;	genMove_o size 1 result type 11 source type 1 a_dead 1 hl_dead 1 de_dead 1 iy_dead 1 f_dead 1
   05CA AF            [ 4] 1616 	xor	a, a
   05CB 32r00s00      [13] 1617 	ld	(#_success), a
                           1618 ; common peephole 19 loaded (#_success) from a directly instead of using hl.
                           1619 ;	genLabel
   05CE                    1620 00105$:
                           1621 ;	genAddrOf
   05CE 01r03s00      [10] 1622 	ld	bc, #_nibble_op_test_low3_1_volatileBits_10000_43+0
                           1623 ;	genPointerSet
   05D1 0A            [ 7] 1624 	ld	a, (bc)
   05D2 F6 0F         [ 7] 1625 	or	a, #0x0f
   05D4 02            [ 7] 1626 	ld	(bc), a
                           1627 ;	skipping iCode since result will be rematerialized
                           1628 ;	genPointerGet
   05D5 3Ar03s00      [13] 1629 	ld	a, (#_nibble_op_test_low3_1_volatileBits_10000_43 + 0)
   05D8 E6 0F         [ 7] 1630 	and	a, #0x0f
                           1631 ;	genCmpEq
   05DA FE 0F         [ 7] 1632 	cp	a, #0x0f
                           1633 ; common peephole 81 removed jp by using inverse jump logic
                           1634 ; common peephole 159 removed unused label 00215$.
                           1635 ; common peephole 163 changed absolute to relative conditional jump.
   05DC 20 0D         [12] 1636 	jr	nz, 00107$
                           1637 ; common peephole 82 removed jp by using inverse jump logic
                           1638 ; common peephole 159 removed unused label 00216$.
                           1639 ;	skipping generated iCode
                           1640 ;	skipping iCode since result will be rematerialized
                           1641 ;	genPointerGet
   05DE 3Ar03s00      [13] 1642 	ld	a, (#_nibble_op_test_low3_1_volatileBits_10000_43 + 0)
   05E1 07            [ 4] 1643 	rlca
   05E2 07            [ 4] 1644 	rlca
   05E3 07            [ 4] 1645 	rlca
   05E4 07            [ 4] 1646 	rlca
   05E5 E6 0F         [ 7] 1647 	and	a, #0x0f
                           1648 ;	genCmpEq
   05E7 FE 0F         [ 7] 1649 	cp	a, #0x0f
                           1650 ; common peephole 163 changed absolute to relative conditional jump.
   05E9 28 04         [12] 1651 	jr	z, 00108$
                           1652 ; common peephole 81 removed jp by using inverse jump logic
                           1653 ; common peephole 159 removed unused label 00217$.
                           1654 ;	skipping generated iCode
                           1655 ;	genLabel
   05EB                    1656 00107$:
                           1657 ;	genAssign
                           1658 ;	genMove_o size 1 result type 11 source type 1 a_dead 1 hl_dead 1 de_dead 1 iy_dead 1 f_dead 1
   05EB AF            [ 4] 1659 	xor	a, a
   05EC 32r00s00      [13] 1660 	ld	(#_success), a
                           1661 ; common peephole 19 loaded (#_success) from a directly instead of using hl.
                           1662 ;	genLabel
   05EF                    1663 00108$:
                           1664 ;	skipping iCode since result will be rematerialized
                           1665 ;	skipping iCode since result will be rematerialized
                           1666 ;	genPointerGet
   05EF 3Ar03s00      [13] 1667 	ld	a, (#_nibble_op_test_low3_1_volatileBits_10000_43 + 0)
   05F2 E6 0F         [ 7] 1668 	and	a, #0x0f
                           1669 ;	genOr
   05F4 F6 0E         [ 7] 1670 	or	a, #0x0e
                           1671 ;	genMove_o size 1 result type 2 source type 2 a_dead 1 hl_dead 1 de_dead 1 iy_dead 1 f_dead 1
   05F6 4F            [ 4] 1672 	ld	c, a
                           1673 ;	genMove_o size 0 result type 2 source type 1 a_dead 1 hl_dead 1 de_dead 1 iy_dead 1 f_dead 1
                           1674 ;	genPointerSet
                           1675 ;	genMove_o size 2 result type 2 source type 7 a_dead 1 hl_dead 1 de_dead 1 iy_dead 1 f_dead 1
   05F7 21r03s00      [10] 1676 	ld	hl, #_nibble_op_test_low3_1_volatileBits_10000_43
   05FA ED 67         [18] 1677 	rrd
   05FC 79            [ 4] 1678 	ld	a, c
   05FD ED 6F         [18] 1679 	rld
                           1680 ;	skipping iCode since result will be rematerialized
                           1681 ;	genPointerGet
   05FF 3Ar03s00      [13] 1682 	ld	a, (#_nibble_op_test_low3_1_volatileBits_10000_43 + 0)
   0602 E6 0F         [ 7] 1683 	and	a, #0x0f
                           1684 ;	genCast
                           1685 ;	(locations are the same)
                           1686 ;	genCmpEq
   0604 FE 0F         [ 7] 1687 	cp	a, #0x0f
                           1688 ; common peephole 81 removed jp by using inverse jump logic
                           1689 ; common peephole 159 removed unused label 00218$.
                           1690 ; common peephole 163 changed absolute to relative conditional jump.
   0606 20 0D         [12] 1691 	jr	nz, 00110$
                           1692 ; common peephole 82 removed jp by using inverse jump logic
                           1693 ; common peephole 159 removed unused label 00219$.
                           1694 ;	skipping generated iCode
                           1695 ;	skipping iCode since result will be rematerialized
                           1696 ;	genPointerGet
   0608 3Ar03s00      [13] 1697 	ld	a, (#_nibble_op_test_low3_1_volatileBits_10000_43 + 0)
   060B 07            [ 4] 1698 	rlca
   060C 07            [ 4] 1699 	rlca
   060D 07            [ 4] 1700 	rlca
   060E 07            [ 4] 1701 	rlca
   060F E6 0F         [ 7] 1702 	and	a, #0x0f
                           1703 ;	genCmpEq
   0611 FE 0F         [ 7] 1704 	cp	a, #0x0f
                           1705 ; common peephole 163 changed absolute to relative conditional jump.
   0613 28 04         [12] 1706 	jr	z, 00111$
                           1707 ; common peephole 81 removed jp by using inverse jump logic
                           1708 ; common peephole 159 removed unused label 00220$.
                           1709 ;	skipping generated iCode
                           1710 ;	genLabel
   0615                    1711 00110$:
                           1712 ;	genAssign
                           1713 ;	genMove_o size 1 result type 11 source type 1 a_dead 1 hl_dead 1 de_dead 1 iy_dead 1 f_dead 1
   0615 AF            [ 4] 1714 	xor	a, a
   0616 32r00s00      [13] 1715 	ld	(#_success), a
                           1716 ; common peephole 19 loaded (#_success) from a directly instead of using hl.
                           1717 ;	genLabel
   0619                    1718 00111$:
                           1719 ;	genPlus
                           1720 ;	genMove_o size 2 result type 2 source type 10 a_dead 1 hl_dead 1 de_dead 1 iy_dead 1 f_dead 1
   0619 2Ar00s00      [16] 1721 	ld	hl, (___numTests)
   061C 23            [ 6] 1722 	inc	hl
                           1723 ;	genMove_o size 2 result type 10 source type 2 a_dead 1 hl_dead 1 de_dead 1 iy_dead 1 f_dead 1
   061D 22r00s00      [16] 1724 	ld	(___numTests), hl
                           1725 ;	genIfx
                           1726 ; common peephole 61 used hl instead of iy.
                           1727 ; common peephole 130a removed unnecessary +0 from constant
   0620 21r00s00      [10] 1728 	ld	hl, #_success
   0623 CB 46         [12] 1729 	bit	0, (hl)
                           1730 ; common peephole 163 changed absolute to relative conditional jump.
   0625 20 11         [12] 1731 	jr	nz, 00128$
                           1732 ;	skipping iCode since result will be rematerialized
                           1733 ;	skipping iCode since result will be rematerialized
                           1734 ;	skipping iCode since result will be rematerialized
                           1735 ;	skipping iCode since result will be rematerialized
                           1736 ;	skipping iCode since result will be rematerialized
                           1737 ;	skipping iCode since result will be rematerialized
                           1738 ;	genIpush
                           1739 ;	genMove_o size 2 result type 2 source type 1 a_dead 1 hl_dead 1 de_dead 1 iy_dead 1 f_dead 1
   0627 21 47 01      [10] 1740 	ld	hl, #0x0147
   062A E5            [11] 1741 	push	hl
                           1742 ;	genIpush
                           1743 ;	genMove_o size 2 result type 2 source type 7 a_dead 1 hl_dead 1 de_dead 1 iy_dead 1 f_dead 1
   062B 21r10s07      [10] 1744 	ld	hl, #___str_11
   062E E5            [11] 1745 	push	hl
                           1746 ;	genSend
                           1747 ;	genMove_o size 2 result type 2 source type 7 a_dead 1 hl_dead 1 de_dead 1 iy_dead 1 f_dead 1
   062F 11r08s07      [10] 1748 	ld	de, #___str_10
                           1749 ;	genSend
                           1750 ;	genMove_o size 2 result type 2 source type 7 a_dead 1 hl_dead 1 de_dead 0 iy_dead 1 f_dead 1
   0632 21rF7s06      [10] 1751 	ld	hl, #___str_9
                           1752 ;	genCall
   0635 CDr00s00      [17] 1753 	call	___fail
                           1754 ;	genLabel
   0638                    1755 00128$:
                           1756 ;cases/bitfields-nibbles/bitfields-nibbles_operation_1_pattern_1_varType_4.c:328: TEST(low, 0x0D);
                           1757 ;	genAssign
                           1758 ;	genMove_o size 1 result type 11 source type 1 a_dead 1 hl_dead 1 de_dead 1 iy_dead 1 f_dead 1
   0638 21r00s00      [10] 1759 	ld	hl, #_success
   063B 36 01         [10] 1760 	ld	(hl), #0x01
                           1761 ;	genAddrOf
   063D 01r03s00      [10] 1762 	ld	bc, #_nibble_op_test_low3_1_volatileBits_10000_43+0
                           1763 ;	genPointerSet
   0640 0A            [ 7] 1764 	ld	a, (bc)
   0641 E6 F0         [ 7] 1765 	and	a, #0xf0
   0643 02            [ 7] 1766 	ld	(bc), a
                           1767 ;	genAddrOf
   0644 01r03s00      [10] 1768 	ld	bc, #_nibble_op_test_low3_1_volatileBits_10000_43+0
                           1769 ;	genPointerSet
   0647 0A            [ 7] 1770 	ld	a, (bc)
   0648 F6 F0         [ 7] 1771 	or	a, #0xf0
   064A 02            [ 7] 1772 	ld	(bc), a
                           1773 ;	skipping iCode since result will be rematerialized
                           1774 ;	genPointerGet
   064B 3Ar03s00      [13] 1775 	ld	a, (#_nibble_op_test_low3_1_volatileBits_10000_43 + 0)
                           1776 ;	genIfx
   064E E6 0F         [ 7] 1777 	and	a, #0x0f
                           1778 ; common peephole 100 removed redundant or after and.
                           1779 ; common peephole 163 changed absolute to relative conditional jump.
   0650 20 0D         [12] 1780 	jr	nz, 00113$
                           1781 ;	skipping iCode since result will be rematerialized
                           1782 ;	genPointerGet
   0652 3Ar03s00      [13] 1783 	ld	a, (#_nibble_op_test_low3_1_volatileBits_10000_43 + 0)
   0655 07            [ 4] 1784 	rlca
   0656 07            [ 4] 1785 	rlca
   0657 07            [ 4] 1786 	rlca
   0658 07            [ 4] 1787 	rlca
   0659 E6 0F         [ 7] 1788 	and	a, #0x0f
                           1789 ;	genCmpEq
   065B FE 0F         [ 7] 1790 	cp	a, #0x0f
                           1791 ; common peephole 163 changed absolute to relative conditional jump.
   065D 28 04         [12] 1792 	jr	z, 00114$
                           1793 ; common peephole 81 removed jp by using inverse jump logic
                           1794 ; common peephole 159 removed unused label 00221$.
                           1795 ;	skipping generated iCode
                           1796 ;	genLabel
   065F                    1797 00113$:
                           1798 ;	genAssign
                           1799 ;	genMove_o size 1 result type 11 source type 1 a_dead 1 hl_dead 1 de_dead 1 iy_dead 1 f_dead 1
   065F AF            [ 4] 1800 	xor	a, a
   0660 32r00s00      [13] 1801 	ld	(#_success), a
                           1802 ; common peephole 19 loaded (#_success) from a directly instead of using hl.
                           1803 ;	genLabel
   0663                    1804 00114$:
                           1805 ;	skipping iCode since result will be rematerialized
                           1806 ;	skipping iCode since result will be rematerialized
                           1807 ;	genPointerGet
   0663 3Ar03s00      [13] 1808 	ld	a, (#_nibble_op_test_low3_1_volatileBits_10000_43 + 0)
   0666 E6 0F         [ 7] 1809 	and	a, #0x0f
                           1810 ;	genOr
   0668 F6 0D         [ 7] 1811 	or	a, #0x0d
                           1812 ;	genMove_o size 1 result type 2 source type 2 a_dead 1 hl_dead 1 de_dead 1 iy_dead 1 f_dead 1
   066A 4F            [ 4] 1813 	ld	c, a
                           1814 ;	genMove_o size 0 result type 2 source type 1 a_dead 1 hl_dead 1 de_dead 1 iy_dead 1 f_dead 1
                           1815 ;	genPointerSet
                           1816 ;	genMove_o size 2 result type 2 source type 7 a_dead 1 hl_dead 1 de_dead 1 iy_dead 1 f_dead 1
   066B 21r03s00      [10] 1817 	ld	hl, #_nibble_op_test_low3_1_volatileBits_10000_43
   066E ED 67         [18] 1818 	rrd
   0670 79            [ 4] 1819 	ld	a, c
   0671 ED 6F         [18] 1820 	rld
                           1821 ;	skipping iCode since result will be rematerialized
                           1822 ;	genPointerGet
   0673 3Ar03s00      [13] 1823 	ld	a, (#_nibble_op_test_low3_1_volatileBits_10000_43 + 0)
   0676 E6 0F         [ 7] 1824 	and	a, #0x0f
                           1825 ;	genCast
                           1826 ;	(locations are the same)
                           1827 ;	genCmpEq
   0678 FE 0D         [ 7] 1828 	cp	a, #0x0d
                           1829 ; common peephole 81 removed jp by using inverse jump logic
                           1830 ; common peephole 159 removed unused label 00222$.
                           1831 ; common peephole 163 changed absolute to relative conditional jump.
   067A 20 0D         [12] 1832 	jr	nz, 00116$
                           1833 ; common peephole 82 removed jp by using inverse jump logic
                           1834 ; common peephole 159 removed unused label 00223$.
                           1835 ;	skipping generated iCode
                           1836 ;	skipping iCode since result will be rematerialized
                           1837 ;	genPointerGet
   067C 3Ar03s00      [13] 1838 	ld	a, (#_nibble_op_test_low3_1_volatileBits_10000_43 + 0)
   067F 07            [ 4] 1839 	rlca
   0680 07            [ 4] 1840 	rlca
   0681 07            [ 4] 1841 	rlca
   0682 07            [ 4] 1842 	rlca
   0683 E6 0F         [ 7] 1843 	and	a, #0x0f
                           1844 ;	genCmpEq
   0685 FE 0F         [ 7] 1845 	cp	a, #0x0f
                           1846 ; common peephole 163 changed absolute to relative conditional jump.
   0687 28 04         [12] 1847 	jr	z, 00117$
                           1848 ; common peephole 81 removed jp by using inverse jump logic
                           1849 ; common peephole 159 removed unused label 00224$.
                           1850 ;	skipping generated iCode
                           1851 ;	genLabel
   0689                    1852 00116$:
                           1853 ;	genAssign
                           1854 ;	genMove_o size 1 result type 11 source type 1 a_dead 1 hl_dead 1 de_dead 1 iy_dead 1 f_dead 1
   0689 AF            [ 4] 1855 	xor	a, a
   068A 32r00s00      [13] 1856 	ld	(#_success), a
                           1857 ; common peephole 19 loaded (#_success) from a directly instead of using hl.
                           1858 ;	genLabel
   068D                    1859 00117$:
                           1860 ;	genAddrOf
   068D 01r03s00      [10] 1861 	ld	bc, #_nibble_op_test_low3_1_volatileBits_10000_43+0
                           1862 ;	genPointerSet
   0690 0A            [ 7] 1863 	ld	a, (bc)
   0691 F6 0F         [ 7] 1864 	or	a, #0x0f
   0693 02            [ 7] 1865 	ld	(bc), a
                           1866 ;	skipping iCode since result will be rematerialized
                           1867 ;	genPointerGet
   0694 3Ar03s00      [13] 1868 	ld	a, (#_nibble_op_test_low3_1_volatileBits_10000_43 + 0)
   0697 E6 0F         [ 7] 1869 	and	a, #0x0f
                           1870 ;	genCmpEq
   0699 FE 0F         [ 7] 1871 	cp	a, #0x0f
                           1872 ; common peephole 81 removed jp by using inverse jump logic
                           1873 ; common peephole 159 removed unused label 00225$.
                           1874 ; common peephole 163 changed absolute to relative conditional jump.
   069B 20 0D         [12] 1875 	jr	nz, 00119$
                           1876 ; common peephole 82 removed jp by using inverse jump logic
                           1877 ; common peephole 159 removed unused label 00226$.
                           1878 ;	skipping generated iCode
                           1879 ;	skipping iCode since result will be rematerialized
                           1880 ;	genPointerGet
   069D 3Ar03s00      [13] 1881 	ld	a, (#_nibble_op_test_low3_1_volatileBits_10000_43 + 0)
   06A0 07            [ 4] 1882 	rlca
   06A1 07            [ 4] 1883 	rlca
   06A2 07            [ 4] 1884 	rlca
   06A3 07            [ 4] 1885 	rlca
   06A4 E6 0F         [ 7] 1886 	and	a, #0x0f
                           1887 ;	genCmpEq
   06A6 FE 0F         [ 7] 1888 	cp	a, #0x0f
                           1889 ; common peephole 163 changed absolute to relative conditional jump.
   06A8 28 04         [12] 1890 	jr	z, 00120$
                           1891 ; common peephole 81 removed jp by using inverse jump logic
                           1892 ; common peephole 159 removed unused label 00227$.
                           1893 ;	skipping generated iCode
                           1894 ;	genLabel
   06AA                    1895 00119$:
                           1896 ;	genAssign
                           1897 ;	genMove_o size 1 result type 11 source type 1 a_dead 1 hl_dead 1 de_dead 1 iy_dead 1 f_dead 1
   06AA AF            [ 4] 1898 	xor	a, a
   06AB 32r00s00      [13] 1899 	ld	(#_success), a
                           1900 ; common peephole 19 loaded (#_success) from a directly instead of using hl.
                           1901 ;	genLabel
   06AE                    1902 00120$:
                           1903 ;	skipping iCode since result will be rematerialized
                           1904 ;	skipping iCode since result will be rematerialized
                           1905 ;	genPointerGet
   06AE 3Ar03s00      [13] 1906 	ld	a, (#_nibble_op_test_low3_1_volatileBits_10000_43 + 0)
   06B1 E6 0F         [ 7] 1907 	and	a, #0x0f
                           1908 ;	genOr
   06B3 F6 0D         [ 7] 1909 	or	a, #0x0d
                           1910 ;	genMove_o size 1 result type 2 source type 2 a_dead 1 hl_dead 1 de_dead 1 iy_dead 1 f_dead 1
   06B5 4F            [ 4] 1911 	ld	c, a
                           1912 ;	genMove_o size 0 result type 2 source type 1 a_dead 1 hl_dead 1 de_dead 1 iy_dead 1 f_dead 1
                           1913 ;	genPointerSet
                           1914 ;	genMove_o size 2 result type 2 source type 7 a_dead 1 hl_dead 1 de_dead 1 iy_dead 1 f_dead 1
   06B6 21r03s00      [10] 1915 	ld	hl, #_nibble_op_test_low3_1_volatileBits_10000_43
   06B9 ED 67         [18] 1916 	rrd
   06BB 79            [ 4] 1917 	ld	a, c
   06BC ED 6F         [18] 1918 	rld
                           1919 ;	skipping iCode since result will be rematerialized
                           1920 ;	genPointerGet
   06BE 3Ar03s00      [13] 1921 	ld	a, (#_nibble_op_test_low3_1_volatileBits_10000_43 + 0)
   06C1 E6 0F         [ 7] 1922 	and	a, #0x0f
                           1923 ;	genCast
                           1924 ;	(locations are the same)
                           1925 ;	genCmpEq
   06C3 FE 0F         [ 7] 1926 	cp	a, #0x0f
                           1927 ; common peephole 81 removed jp by using inverse jump logic
                           1928 ; common peephole 159 removed unused label 00228$.
                           1929 ; common peephole 163 changed absolute to relative conditional jump.
   06C5 20 0D         [12] 1930 	jr	nz, 00122$
                           1931 ; common peephole 82 removed jp by using inverse jump logic
                           1932 ; common peephole 159 removed unused label 00229$.
                           1933 ;	skipping generated iCode
                           1934 ;	skipping iCode since result will be rematerialized
                           1935 ;	genPointerGet
   06C7 3Ar03s00      [13] 1936 	ld	a, (#_nibble_op_test_low3_1_volatileBits_10000_43 + 0)
   06CA 07            [ 4] 1937 	rlca
   06CB 07            [ 4] 1938 	rlca
   06CC 07            [ 4] 1939 	rlca
   06CD 07            [ 4] 1940 	rlca
   06CE E6 0F         [ 7] 1941 	and	a, #0x0f
                           1942 ;	genCmpEq
   06D0 FE 0F         [ 7] 1943 	cp	a, #0x0f
                           1944 ; common peephole 163 changed absolute to relative conditional jump.
   06D2 28 04         [12] 1945 	jr	z, 00123$
                           1946 ; common peephole 81 removed jp by using inverse jump logic
                           1947 ; common peephole 159 removed unused label 00230$.
                           1948 ;	skipping generated iCode
                           1949 ;	genLabel
   06D4                    1950 00122$:
                           1951 ;	genAssign
                           1952 ;	genMove_o size 1 result type 11 source type 1 a_dead 1 hl_dead 1 de_dead 1 iy_dead 1 f_dead 1
   06D4 AF            [ 4] 1953 	xor	a, a
   06D5 32r00s00      [13] 1954 	ld	(#_success), a
                           1955 ; common peephole 19 loaded (#_success) from a directly instead of using hl.
                           1956 ;	genLabel
   06D8                    1957 00123$:
                           1958 ;	genPlus
                           1959 ;	genMove_o size 2 result type 2 source type 10 a_dead 1 hl_dead 1 de_dead 1 iy_dead 1 f_dead 1
   06D8 2Ar00s00      [16] 1960 	ld	hl, (___numTests)
   06DB 23            [ 6] 1961 	inc	hl
                           1962 ;	genMove_o size 2 result type 10 source type 2 a_dead 1 hl_dead 1 de_dead 1 iy_dead 1 f_dead 1
   06DC 22r00s00      [16] 1963 	ld	(___numTests), hl
                           1964 ;	genIfx
                           1965 ; common peephole 61 used hl instead of iy.
                           1966 ; common peephole 130a removed unnecessary +0 from constant
   06DF 21r00s00      [10] 1967 	ld	hl, #_success
   06E2 CB 46         [12] 1968 	bit	0, (hl)
   06E4 C0            [11] 1969 	ret	nz
                           1970 ; common peephole 161 replaced jump by return.
                           1971 ;	skipping iCode since result will be rematerialized
                           1972 ;	skipping iCode since result will be rematerialized
                           1973 ;	skipping iCode since result will be rematerialized
                           1974 ;	skipping iCode since result will be rematerialized
                           1975 ;	skipping iCode since result will be rematerialized
                           1976 ;	skipping iCode since result will be rematerialized
                           1977 ;	genIpush
                           1978 ;	genMove_o size 2 result type 2 source type 1 a_dead 1 hl_dead 1 de_dead 1 iy_dead 1 f_dead 1
   06E5 21 48 01      [10] 1979 	ld	hl, #0x0148
   06E8 E5            [11] 1980 	push	hl
                           1981 ;	genIpush
                           1982 ;	genMove_o size 2 result type 2 source type 7 a_dead 1 hl_dead 1 de_dead 1 iy_dead 1 f_dead 1
   06E9 21r10s07      [10] 1983 	ld	hl, #___str_11
   06EC E5            [11] 1984 	push	hl
                           1985 ;	genSend
                           1986 ;	genMove_o size 2 result type 2 source type 7 a_dead 1 hl_dead 1 de_dead 1 iy_dead 1 f_dead 1
   06ED 11r08s07      [10] 1987 	ld	de, #___str_10
                           1988 ;	genSend
                           1989 ;	genMove_o size 2 result type 2 source type 7 a_dead 1 hl_dead 1 de_dead 0 iy_dead 1 f_dead 1
   06F0 21rF7s06      [10] 1990 	ld	hl, #___str_9
                           1991 ;	genCall
   06F3 CDr00s00      [17] 1992 	call	___fail
                           1993 ;	genLabel
                           1994 ; common peephole 159 removed unused label 00125$.
                           1995 ;cases/bitfields-nibbles/bitfields-nibbles_operation_1_pattern_1_varType_4.c:329: }
                           1996 ;	genEndFunction
   06F6 C9            [10] 1997 	ret
                           1998 ;	Total nibble_op_test_low3_1 function size at codegen: 13 bytes.
   06F7                    1999 ___str_9:
   06F7 41 73 73 65 72 74  2000 	.ascii "Assertion failed"
        69 6F 6E 20 66 61
        69 6C 65 64
   0707 00                 2001 	.db 0x00
   0708                    2002 ___str_10:
   0708 73 75 63 63 65 73  2003 	.ascii "success"
        73
   070F 00                 2004 	.db 0x00
   0710                    2005 ___str_11:
   0710 63 61 73 65 73 2F  2006 	.ascii "cases/bitfields-nibbles/bitfields-nibbles_operation_1_patter"
        62 69 74 66 69 65
        6C 64 73 2D 6E 69
        62 62 6C 65 73 2F
        62 69 74 66 69 65
        6C 64 73 2D 6E 69
        62 62 6C 65 73 5F
        6F 70 65 72 61 74
        69 6F 6E 5F 31 5F
        70 61 74 74 65 72
   074C 6E 5F 31 5F 76 61  2007 	.ascii "n_1_varType_4.c"
        72 54 79 70 65 5F
        34 2E 63
   075B 00                 2008 	.db 0x00
                           2009 ;cases/bitfields-nibbles/bitfields-nibbles_operation_1_pattern_1_varType_4.c:340: nibble_op_test_low4_1(void)
                           2010 ;	genLabel
                           2011 ;	genFunction
                           2012 ;	---------------------------------
                           2013 ; Function nibble_op_test_low4_1
                           2014 ; ---------------------------------
                           2015 ;	Register assignment might be sub-optimal.
                           2016 ; Stack space usage: 0 bytes.
   075C                    2017 _nibble_op_test_low4_1:
                           2018 ;cases/bitfields-nibbles/bitfields-nibbles_operation_1_pattern_1_varType_4.c:343: TEST(low, 0x10);
                           2019 ;	genAssign
                           2020 ;	genMove_o size 1 result type 11 source type 1 a_dead 1 hl_dead 1 de_dead 1 iy_dead 1 f_dead 1
   075C 21r00s00      [10] 2021 	ld	hl, #_success
   075F 36 01         [10] 2022 	ld	(hl), #0x01
                           2023 ;	genAddrOf
   0761 01r04s00      [10] 2024 	ld	bc, #_nibble_op_test_low4_1_volatileBits_10000_53+0
                           2025 ;	genPointerSet
   0764 0A            [ 7] 2026 	ld	a, (bc)
   0765 E6 F0         [ 7] 2027 	and	a, #0xf0
   0767 02            [ 7] 2028 	ld	(bc), a
                           2029 ;	genAddrOf
   0768 01r04s00      [10] 2030 	ld	bc, #_nibble_op_test_low4_1_volatileBits_10000_53+0
                           2031 ;	genPointerSet
   076B 0A            [ 7] 2032 	ld	a, (bc)
   076C F6 F0         [ 7] 2033 	or	a, #0xf0
   076E 02            [ 7] 2034 	ld	(bc), a
                           2035 ;	skipping iCode since result will be rematerialized
                           2036 ;	genPointerGet
   076F 3Ar04s00      [13] 2037 	ld	a, (#_nibble_op_test_low4_1_volatileBits_10000_53 + 0)
                           2038 ;	genIfx
   0772 E6 0F         [ 7] 2039 	and	a, #0x0f
                           2040 ; common peephole 100 removed redundant or after and.
                           2041 ; common peephole 163 changed absolute to relative conditional jump.
   0774 20 0D         [12] 2042 	jr	nz, 00101$
                           2043 ;	skipping iCode since result will be rematerialized
                           2044 ;	genPointerGet
   0776 3Ar04s00      [13] 2045 	ld	a, (#_nibble_op_test_low4_1_volatileBits_10000_53 + 0)
   0779 07            [ 4] 2046 	rlca
   077A 07            [ 4] 2047 	rlca
   077B 07            [ 4] 2048 	rlca
   077C 07            [ 4] 2049 	rlca
   077D E6 0F         [ 7] 2050 	and	a, #0x0f
                           2051 ;	genCmpEq
   077F FE 0F         [ 7] 2052 	cp	a, #0x0f
                           2053 ; common peephole 163 changed absolute to relative conditional jump.
   0781 28 04         [12] 2054 	jr	z, 00102$
                           2055 ; common peephole 81 removed jp by using inverse jump logic
                           2056 ; common peephole 159 removed unused label 00211$.
                           2057 ;	skipping generated iCode
                           2058 ;	genLabel
   0783                    2059 00101$:
                           2060 ;	genAssign
                           2061 ;	genMove_o size 1 result type 11 source type 1 a_dead 1 hl_dead 1 de_dead 1 iy_dead 1 f_dead 1
   0783 AF            [ 4] 2062 	xor	a, a
   0784 32r00s00      [13] 2063 	ld	(#_success), a
                           2064 ; common peephole 19 loaded (#_success) from a directly instead of using hl.
                           2065 ;	genLabel
   0787                    2066 00102$:
                           2067 ;	skipping iCode since result will be rematerialized
                           2068 ;	genAddrOf
                           2069 ;	genPointerGet
                           2070 ;fetchPairLong
   0787 3Ar04s00      [13] 2071 	ld	a, (#_nibble_op_test_low4_1_volatileBits_10000_53+0)
                           2072 ; common peephole 17 loaded a from (#_nibble_op_test_low4_1_volatileBits_10000_53+0) directly instead of using hl.
   078A E6 0F         [ 7] 2073 	and	a, #0x0f
   078C 4F            [ 4] 2074 	ld	c, a
                           2075 ;	genPointerSet
                           2076 ;	genMove_o size 2 result type 2 source type 7 a_dead 1 hl_dead 1 de_dead 1 iy_dead 1 f_dead 1
   078D 21r04s00      [10] 2077 	ld	hl, #_nibble_op_test_low4_1_volatileBits_10000_53
   0790 ED 67         [18] 2078 	rrd
   0792 79            [ 4] 2079 	ld	a, c
   0793 ED 6F         [18] 2080 	rld
                           2081 ;	skipping iCode since result will be rematerialized
                           2082 ;	genPointerGet
   0795 3Ar04s00      [13] 2083 	ld	a, (#_nibble_op_test_low4_1_volatileBits_10000_53 + 0)
                           2084 ;	genIfx
   0798 E6 0F         [ 7] 2085 	and	a, #0x0f
                           2086 ; common peephole 100 removed redundant or after and.
                           2087 ; common peephole 163 changed absolute to relative conditional jump.
   079A 20 0D         [12] 2088 	jr	nz, 00104$
                           2089 ;	skipping iCode since result will be rematerialized
                           2090 ;	genPointerGet
   079C 3Ar04s00      [13] 2091 	ld	a, (#_nibble_op_test_low4_1_volatileBits_10000_53 + 0)
   079F 07            [ 4] 2092 	rlca
   07A0 07            [ 4] 2093 	rlca
   07A1 07            [ 4] 2094 	rlca
   07A2 07            [ 4] 2095 	rlca
   07A3 E6 0F         [ 7] 2096 	and	a, #0x0f
                           2097 ;	genCmpEq
   07A5 FE 0F         [ 7] 2098 	cp	a, #0x0f
                           2099 ; common peephole 163 changed absolute to relative conditional jump.
   07A7 28 04         [12] 2100 	jr	z, 00105$
                           2101 ; common peephole 81 removed jp by using inverse jump logic
                           2102 ; common peephole 159 removed unused label 00212$.
                           2103 ;	skipping generated iCode
                           2104 ;	genLabel
   07A9                    2105 00104$:
                           2106 ;	genAssign
                           2107 ;	genMove_o size 1 result type 11 source type 1 a_dead 1 hl_dead 1 de_dead 1 iy_dead 1 f_dead 1
   07A9 AF            [ 4] 2108 	xor	a, a
   07AA 32r00s00      [13] 2109 	ld	(#_success), a
                           2110 ; common peephole 19 loaded (#_success) from a directly instead of using hl.
                           2111 ;	genLabel
   07AD                    2112 00105$:
                           2113 ;	genAddrOf
   07AD 01r04s00      [10] 2114 	ld	bc, #_nibble_op_test_low4_1_volatileBits_10000_53+0
                           2115 ;	genPointerSet
   07B0 0A            [ 7] 2116 	ld	a, (bc)
   07B1 F6 0F         [ 7] 2117 	or	a, #0x0f
   07B3 02            [ 7] 2118 	ld	(bc), a
                           2119 ;	skipping iCode since result will be rematerialized
                           2120 ;	genPointerGet
   07B4 3Ar04s00      [13] 2121 	ld	a, (#_nibble_op_test_low4_1_volatileBits_10000_53 + 0)
   07B7 E6 0F         [ 7] 2122 	and	a, #0x0f
                           2123 ;	genCmpEq
   07B9 FE 0F         [ 7] 2124 	cp	a, #0x0f
                           2125 ; common peephole 81 removed jp by using inverse jump logic
                           2126 ; common peephole 159 removed unused label 00213$.
                           2127 ; common peephole 163 changed absolute to relative conditional jump.
   07BB 20 0D         [12] 2128 	jr	nz, 00107$
                           2129 ; common peephole 82 removed jp by using inverse jump logic
                           2130 ; common peephole 159 removed unused label 00214$.
                           2131 ;	skipping generated iCode
                           2132 ;	skipping iCode since result will be rematerialized
                           2133 ;	genPointerGet
   07BD 3Ar04s00      [13] 2134 	ld	a, (#_nibble_op_test_low4_1_volatileBits_10000_53 + 0)
   07C0 07            [ 4] 2135 	rlca
   07C1 07            [ 4] 2136 	rlca
   07C2 07            [ 4] 2137 	rlca
   07C3 07            [ 4] 2138 	rlca
   07C4 E6 0F         [ 7] 2139 	and	a, #0x0f
                           2140 ;	genCmpEq
   07C6 FE 0F         [ 7] 2141 	cp	a, #0x0f
                           2142 ; common peephole 163 changed absolute to relative conditional jump.
   07C8 28 04         [12] 2143 	jr	z, 00108$
                           2144 ; common peephole 81 removed jp by using inverse jump logic
                           2145 ; common peephole 159 removed unused label 00215$.
                           2146 ;	skipping generated iCode
                           2147 ;	genLabel
   07CA                    2148 00107$:
                           2149 ;	genAssign
                           2150 ;	genMove_o size 1 result type 11 source type 1 a_dead 1 hl_dead 1 de_dead 1 iy_dead 1 f_dead 1
   07CA AF            [ 4] 2151 	xor	a, a
   07CB 32r00s00      [13] 2152 	ld	(#_success), a
                           2153 ; common peephole 19 loaded (#_success) from a directly instead of using hl.
                           2154 ;	genLabel
   07CE                    2155 00108$:
                           2156 ;	skipping iCode since result will be rematerialized
                           2157 ;	genAddrOf
                           2158 ;	genPointerGet
                           2159 ;fetchPairLong
   07CE 3Ar04s00      [13] 2160 	ld	a, (#_nibble_op_test_low4_1_volatileBits_10000_53+0)
                           2161 ; common peephole 17 loaded a from (#_nibble_op_test_low4_1_volatileBits_10000_53+0) directly instead of using hl.
   07D1 E6 0F         [ 7] 2162 	and	a, #0x0f
   07D3 4F            [ 4] 2163 	ld	c, a
                           2164 ;	genPointerSet
                           2165 ;	genMove_o size 2 result type 2 source type 7 a_dead 1 hl_dead 1 de_dead 1 iy_dead 1 f_dead 1
   07D4 21r04s00      [10] 2166 	ld	hl, #_nibble_op_test_low4_1_volatileBits_10000_53
   07D7 ED 67         [18] 2167 	rrd
   07D9 79            [ 4] 2168 	ld	a, c
   07DA ED 6F         [18] 2169 	rld
                           2170 ;	skipping iCode since result will be rematerialized
                           2171 ;	genPointerGet
   07DC 3Ar04s00      [13] 2172 	ld	a, (#_nibble_op_test_low4_1_volatileBits_10000_53 + 0)
   07DF E6 0F         [ 7] 2173 	and	a, #0x0f
                           2174 ;	genCast
                           2175 ;	(locations are the same)
                           2176 ;	genCmpEq
   07E1 FE 0F         [ 7] 2177 	cp	a, #0x0f
                           2178 ; common peephole 81 removed jp by using inverse jump logic
                           2179 ; common peephole 159 removed unused label 00216$.
                           2180 ; common peephole 163 changed absolute to relative conditional jump.
   07E3 20 0D         [12] 2181 	jr	nz, 00110$
                           2182 ; common peephole 82 removed jp by using inverse jump logic
                           2183 ; common peephole 159 removed unused label 00217$.
                           2184 ;	skipping generated iCode
                           2185 ;	skipping iCode since result will be rematerialized
                           2186 ;	genPointerGet
   07E5 3Ar04s00      [13] 2187 	ld	a, (#_nibble_op_test_low4_1_volatileBits_10000_53 + 0)
   07E8 07            [ 4] 2188 	rlca
   07E9 07            [ 4] 2189 	rlca
   07EA 07            [ 4] 2190 	rlca
   07EB 07            [ 4] 2191 	rlca
   07EC E6 0F         [ 7] 2192 	and	a, #0x0f
                           2193 ;	genCmpEq
   07EE FE 0F         [ 7] 2194 	cp	a, #0x0f
                           2195 ; common peephole 163 changed absolute to relative conditional jump.
   07F0 28 04         [12] 2196 	jr	z, 00111$
                           2197 ; common peephole 81 removed jp by using inverse jump logic
                           2198 ; common peephole 159 removed unused label 00218$.
                           2199 ;	skipping generated iCode
                           2200 ;	genLabel
   07F2                    2201 00110$:
                           2202 ;	genAssign
                           2203 ;	genMove_o size 1 result type 11 source type 1 a_dead 1 hl_dead 1 de_dead 1 iy_dead 1 f_dead 1
   07F2 AF            [ 4] 2204 	xor	a, a
   07F3 32r00s00      [13] 2205 	ld	(#_success), a
                           2206 ; common peephole 19 loaded (#_success) from a directly instead of using hl.
                           2207 ;	genLabel
   07F6                    2208 00111$:
                           2209 ;	genPlus
                           2210 ;	genMove_o size 2 result type 2 source type 10 a_dead 1 hl_dead 1 de_dead 1 iy_dead 1 f_dead 1
   07F6 2Ar00s00      [16] 2211 	ld	hl, (___numTests)
   07F9 23            [ 6] 2212 	inc	hl
                           2213 ;	genMove_o size 2 result type 10 source type 2 a_dead 1 hl_dead 1 de_dead 1 iy_dead 1 f_dead 1
   07FA 22r00s00      [16] 2214 	ld	(___numTests), hl
                           2215 ;	genIfx
                           2216 ; common peephole 61 used hl instead of iy.
                           2217 ; common peephole 130a removed unnecessary +0 from constant
   07FD 21r00s00      [10] 2218 	ld	hl, #_success
   0800 CB 46         [12] 2219 	bit	0, (hl)
                           2220 ; common peephole 163 changed absolute to relative conditional jump.
   0802 20 11         [12] 2221 	jr	nz, 00128$
                           2222 ;	skipping iCode since result will be rematerialized
                           2223 ;	skipping iCode since result will be rematerialized
                           2224 ;	skipping iCode since result will be rematerialized
                           2225 ;	skipping iCode since result will be rematerialized
                           2226 ;	skipping iCode since result will be rematerialized
                           2227 ;	skipping iCode since result will be rematerialized
                           2228 ;	genIpush
                           2229 ;	genMove_o size 2 result type 2 source type 1 a_dead 1 hl_dead 1 de_dead 1 iy_dead 1 f_dead 1
   0804 21 57 01      [10] 2230 	ld	hl, #0x0157
   0807 E5            [11] 2231 	push	hl
                           2232 ;	genIpush
                           2233 ;	genMove_o size 2 result type 2 source type 7 a_dead 1 hl_dead 1 de_dead 1 iy_dead 1 f_dead 1
   0808 21rE7s08      [10] 2234 	ld	hl, #___str_14
   080B E5            [11] 2235 	push	hl
                           2236 ;	genSend
                           2237 ;	genMove_o size 2 result type 2 source type 7 a_dead 1 hl_dead 1 de_dead 1 iy_dead 1 f_dead 1
   080C 11rDFs08      [10] 2238 	ld	de, #___str_13
                           2239 ;	genSend
                           2240 ;	genMove_o size 2 result type 2 source type 7 a_dead 1 hl_dead 1 de_dead 0 iy_dead 1 f_dead 1
   080F 21rCEs08      [10] 2241 	ld	hl, #___str_12
                           2242 ;	genCall
   0812 CDr00s00      [17] 2243 	call	___fail
                           2244 ;	genLabel
   0815                    2245 00128$:
                           2246 ;cases/bitfields-nibbles/bitfields-nibbles_operation_1_pattern_1_varType_4.c:344: TEST(low, 0x20);
                           2247 ;	genAssign
                           2248 ;	genMove_o size 1 result type 11 source type 1 a_dead 1 hl_dead 1 de_dead 1 iy_dead 1 f_dead 1
   0815 21r00s00      [10] 2249 	ld	hl, #_success
   0818 36 01         [10] 2250 	ld	(hl), #0x01
                           2251 ;	genAddrOf
   081A 01r04s00      [10] 2252 	ld	bc, #_nibble_op_test_low4_1_volatileBits_10000_53+0
                           2253 ;	genPointerSet
   081D 0A            [ 7] 2254 	ld	a, (bc)
   081E E6 F0         [ 7] 2255 	and	a, #0xf0
   0820 02            [ 7] 2256 	ld	(bc), a
                           2257 ;	genAddrOf
   0821 01r04s00      [10] 2258 	ld	bc, #_nibble_op_test_low4_1_volatileBits_10000_53+0
                           2259 ;	genPointerSet
   0824 0A            [ 7] 2260 	ld	a, (bc)
   0825 F6 F0         [ 7] 2261 	or	a, #0xf0
   0827 02            [ 7] 2262 	ld	(bc), a
                           2263 ;	skipping iCode since result will be rematerialized
                           2264 ;	genPointerGet
   0828 3Ar04s00      [13] 2265 	ld	a, (#_nibble_op_test_low4_1_volatileBits_10000_53 + 0)
                           2266 ;	genIfx
   082B E6 0F         [ 7] 2267 	and	a, #0x0f
                           2268 ; common peephole 100 removed redundant or after and.
                           2269 ; common peephole 163 changed absolute to relative conditional jump.
   082D 20 0D         [12] 2270 	jr	nz, 00113$
                           2271 ;	skipping iCode since result will be rematerialized
                           2272 ;	genPointerGet
   082F 3Ar04s00      [13] 2273 	ld	a, (#_nibble_op_test_low4_1_volatileBits_10000_53 + 0)
   0832 07            [ 4] 2274 	rlca
   0833 07            [ 4] 2275 	rlca
   0834 07            [ 4] 2276 	rlca
   0835 07            [ 4] 2277 	rlca
   0836 E6 0F         [ 7] 2278 	and	a, #0x0f
                           2279 ;	genCmpEq
   0838 FE 0F         [ 7] 2280 	cp	a, #0x0f
                           2281 ; common peephole 163 changed absolute to relative conditional jump.
   083A 28 04         [12] 2282 	jr	z, 00114$
                           2283 ; common peephole 81 removed jp by using inverse jump logic
                           2284 ; common peephole 159 removed unused label 00219$.
                           2285 ;	skipping generated iCode
                           2286 ;	genLabel
   083C                    2287 00113$:
                           2288 ;	genAssign
                           2289 ;	genMove_o size 1 result type 11 source type 1 a_dead 1 hl_dead 1 de_dead 1 iy_dead 1 f_dead 1
   083C AF            [ 4] 2290 	xor	a, a
   083D 32r00s00      [13] 2291 	ld	(#_success), a
                           2292 ; common peephole 19 loaded (#_success) from a directly instead of using hl.
                           2293 ;	genLabel
   0840                    2294 00114$:
                           2295 ;	skipping iCode since result will be rematerialized
                           2296 ;	genAddrOf
                           2297 ;	genPointerGet
                           2298 ;fetchPairLong
   0840 3Ar04s00      [13] 2299 	ld	a, (#_nibble_op_test_low4_1_volatileBits_10000_53+0)
                           2300 ; common peephole 17 loaded a from (#_nibble_op_test_low4_1_volatileBits_10000_53+0) directly instead of using hl.
   0843 E6 0F         [ 7] 2301 	and	a, #0x0f
   0845 4F            [ 4] 2302 	ld	c, a
                           2303 ;	genPointerSet
                           2304 ;	genMove_o size 2 result type 2 source type 7 a_dead 1 hl_dead 1 de_dead 1 iy_dead 1 f_dead 1
   0846 21r04s00      [10] 2305 	ld	hl, #_nibble_op_test_low4_1_volatileBits_10000_53
   0849 ED 67         [18] 2306 	rrd
   084B 79            [ 4] 2307 	ld	a, c
   084C ED 6F         [18] 2308 	rld
                           2309 ;	skipping iCode since result will be rematerialized
                           2310 ;	genPointerGet
   084E 3Ar04s00      [13] 2311 	ld	a, (#_nibble_op_test_low4_1_volatileBits_10000_53 + 0)
                           2312 ;	genIfx
   0851 E6 0F         [ 7] 2313 	and	a, #0x0f
                           2314 ; common peephole 100 removed redundant or after and.
                           2315 ; common peephole 163 changed absolute to relative conditional jump.
   0853 20 0D         [12] 2316 	jr	nz, 00116$
                           2317 ;	skipping iCode since result will be rematerialized
                           2318 ;	genPointerGet
   0855 3Ar04s00      [13] 2319 	ld	a, (#_nibble_op_test_low4_1_volatileBits_10000_53 + 0)
   0858 07            [ 4] 2320 	rlca
   0859 07            [ 4] 2321 	rlca
   085A 07            [ 4] 2322 	rlca
   085B 07            [ 4] 2323 	rlca
   085C E6 0F         [ 7] 2324 	and	a, #0x0f
                           2325 ;	genCmpEq
   085E FE 0F         [ 7] 2326 	cp	a, #0x0f
                           2327 ; common peephole 163 changed absolute to relative conditional jump.
   0860 28 04         [12] 2328 	jr	z, 00117$
                           2329 ; common peephole 81 removed jp by using inverse jump logic
                           2330 ; common peephole 159 removed unused label 00220$.
                           2331 ;	skipping generated iCode
                           2332 ;	genLabel
   0862                    2333 00116$:
                           2334 ;	genAssign
                           2335 ;	genMove_o size 1 result type 11 source type 1 a_dead 1 hl_dead 1 de_dead 1 iy_dead 1 f_dead 1
   0862 AF            [ 4] 2336 	xor	a, a
   0863 32r00s00      [13] 2337 	ld	(#_success), a
                           2338 ; common peephole 19 loaded (#_success) from a directly instead of using hl.
                           2339 ;	genLabel
   0866                    2340 00117$:
                           2341 ;	genAddrOf
   0866 01r04s00      [10] 2342 	ld	bc, #_nibble_op_test_low4_1_volatileBits_10000_53+0
                           2343 ;	genPointerSet
   0869 0A            [ 7] 2344 	ld	a, (bc)
   086A F6 0F         [ 7] 2345 	or	a, #0x0f
   086C 02            [ 7] 2346 	ld	(bc), a
                           2347 ;	skipping iCode since result will be rematerialized
                           2348 ;	genPointerGet
   086D 3Ar04s00      [13] 2349 	ld	a, (#_nibble_op_test_low4_1_volatileBits_10000_53 + 0)
   0870 E6 0F         [ 7] 2350 	and	a, #0x0f
                           2351 ;	genCmpEq
   0872 FE 0F         [ 7] 2352 	cp	a, #0x0f
                           2353 ; common peephole 81 removed jp by using inverse jump logic
                           2354 ; common peephole 159 removed unused label 00221$.
                           2355 ; common peephole 163 changed absolute to relative conditional jump.
   0874 20 0D         [12] 2356 	jr	nz, 00119$
                           2357 ; common peephole 82 removed jp by using inverse jump logic
                           2358 ; common peephole 159 removed unused label 00222$.
                           2359 ;	skipping generated iCode
                           2360 ;	skipping iCode since result will be rematerialized
                           2361 ;	genPointerGet
   0876 3Ar04s00      [13] 2362 	ld	a, (#_nibble_op_test_low4_1_volatileBits_10000_53 + 0)
   0879 07            [ 4] 2363 	rlca
   087A 07            [ 4] 2364 	rlca
   087B 07            [ 4] 2365 	rlca
   087C 07            [ 4] 2366 	rlca
   087D E6 0F         [ 7] 2367 	and	a, #0x0f
                           2368 ;	genCmpEq
   087F FE 0F         [ 7] 2369 	cp	a, #0x0f
                           2370 ; common peephole 163 changed absolute to relative conditional jump.
   0881 28 04         [12] 2371 	jr	z, 00120$
                           2372 ; common peephole 81 removed jp by using inverse jump logic
                           2373 ; common peephole 159 removed unused label 00223$.
                           2374 ;	skipping generated iCode
                           2375 ;	genLabel
   0883                    2376 00119$:
                           2377 ;	genAssign
                           2378 ;	genMove_o size 1 result type 11 source type 1 a_dead 1 hl_dead 1 de_dead 1 iy_dead 1 f_dead 1
   0883 AF            [ 4] 2379 	xor	a, a
   0884 32r00s00      [13] 2380 	ld	(#_success), a
                           2381 ; common peephole 19 loaded (#_success) from a directly instead of using hl.
                           2382 ;	genLabel
   0887                    2383 00120$:
                           2384 ;	skipping iCode since result will be rematerialized
                           2385 ;	genAddrOf
                           2386 ;	genPointerGet
                           2387 ;fetchPairLong
   0887 3Ar04s00      [13] 2388 	ld	a, (#_nibble_op_test_low4_1_volatileBits_10000_53+0)
                           2389 ; common peephole 17 loaded a from (#_nibble_op_test_low4_1_volatileBits_10000_53+0) directly instead of using hl.
   088A E6 0F         [ 7] 2390 	and	a, #0x0f
   088C 4F            [ 4] 2391 	ld	c, a
                           2392 ;	genPointerSet
                           2393 ;	genMove_o size 2 result type 2 source type 7 a_dead 1 hl_dead 1 de_dead 1 iy_dead 1 f_dead 1
   088D 21r04s00      [10] 2394 	ld	hl, #_nibble_op_test_low4_1_volatileBits_10000_53
   0890 ED 67         [18] 2395 	rrd
   0892 79            [ 4] 2396 	ld	a, c
   0893 ED 6F         [18] 2397 	rld
                           2398 ;	skipping iCode since result will be rematerialized
                           2399 ;	genPointerGet
   0895 3Ar04s00      [13] 2400 	ld	a, (#_nibble_op_test_low4_1_volatileBits_10000_53 + 0)
   0898 E6 0F         [ 7] 2401 	and	a, #0x0f
                           2402 ;	genCast
                           2403 ;	(locations are the same)
                           2404 ;	genCmpEq
   089A FE 0F         [ 7] 2405 	cp	a, #0x0f
                           2406 ; common peephole 81 removed jp by using inverse jump logic
                           2407 ; common peephole 159 removed unused label 00224$.
                           2408 ; common peephole 163 changed absolute to relative conditional jump.
   089C 20 0D         [12] 2409 	jr	nz, 00122$
                           2410 ; common peephole 82 removed jp by using inverse jump logic
                           2411 ; common peephole 159 removed unused label 00225$.
                           2412 ;	skipping generated iCode
                           2413 ;	skipping iCode since result will be rematerialized
                           2414 ;	genPointerGet
   089E 3Ar04s00      [13] 2415 	ld	a, (#_nibble_op_test_low4_1_volatileBits_10000_53 + 0)
   08A1 07            [ 4] 2416 	rlca
   08A2 07            [ 4] 2417 	rlca
   08A3 07            [ 4] 2418 	rlca
   08A4 07            [ 4] 2419 	rlca
   08A5 E6 0F         [ 7] 2420 	and	a, #0x0f
                           2421 ;	genCmpEq
   08A7 FE 0F         [ 7] 2422 	cp	a, #0x0f
                           2423 ; common peephole 163 changed absolute to relative conditional jump.
   08A9 28 04         [12] 2424 	jr	z, 00123$
                           2425 ; common peephole 81 removed jp by using inverse jump logic
                           2426 ; common peephole 159 removed unused label 00226$.
                           2427 ;	skipping generated iCode
                           2428 ;	genLabel
   08AB                    2429 00122$:
                           2430 ;	genAssign
                           2431 ;	genMove_o size 1 result type 11 source type 1 a_dead 1 hl_dead 1 de_dead 1 iy_dead 1 f_dead 1
   08AB AF            [ 4] 2432 	xor	a, a
   08AC 32r00s00      [13] 2433 	ld	(#_success), a
                           2434 ; common peephole 19 loaded (#_success) from a directly instead of using hl.
                           2435 ;	genLabel
   08AF                    2436 00123$:
                           2437 ;	genPlus
                           2438 ;	genMove_o size 2 result type 2 source type 10 a_dead 1 hl_dead 1 de_dead 1 iy_dead 1 f_dead 1
   08AF 2Ar00s00      [16] 2439 	ld	hl, (___numTests)
   08B2 23            [ 6] 2440 	inc	hl
                           2441 ;	genMove_o size 2 result type 10 source type 2 a_dead 1 hl_dead 1 de_dead 1 iy_dead 1 f_dead 1
   08B3 22r00s00      [16] 2442 	ld	(___numTests), hl
                           2443 ;	genIfx
                           2444 ; common peephole 61 used hl instead of iy.
                           2445 ; common peephole 130a removed unnecessary +0 from constant
   08B6 21r00s00      [10] 2446 	ld	hl, #_success
   08B9 CB 46         [12] 2447 	bit	0, (hl)
   08BB C0            [11] 2448 	ret	nz
                           2449 ; common peephole 161 replaced jump by return.
                           2450 ;	skipping iCode since result will be rematerialized
                           2451 ;	skipping iCode since result will be rematerialized
                           2452 ;	skipping iCode since result will be rematerialized
                           2453 ;	skipping iCode since result will be rematerialized
                           2454 ;	skipping iCode since result will be rematerialized
                           2455 ;	skipping iCode since result will be rematerialized
                           2456 ;	genIpush
                           2457 ;	genMove_o size 2 result type 2 source type 1 a_dead 1 hl_dead 1 de_dead 1 iy_dead 1 f_dead 1
   08BC 21 58 01      [10] 2458 	ld	hl, #0x0158
   08BF E5            [11] 2459 	push	hl
                           2460 ;	genIpush
                           2461 ;	genMove_o size 2 result type 2 source type 7 a_dead 1 hl_dead 1 de_dead 1 iy_dead 1 f_dead 1
   08C0 21rE7s08      [10] 2462 	ld	hl, #___str_14
   08C3 E5            [11] 2463 	push	hl
                           2464 ;	genSend
                           2465 ;	genMove_o size 2 result type 2 source type 7 a_dead 1 hl_dead 1 de_dead 1 iy_dead 1 f_dead 1
   08C4 11rDFs08      [10] 2466 	ld	de, #___str_13
                           2467 ;	genSend
                           2468 ;	genMove_o size 2 result type 2 source type 7 a_dead 1 hl_dead 1 de_dead 0 iy_dead 1 f_dead 1
   08C7 21rCEs08      [10] 2469 	ld	hl, #___str_12
                           2470 ;	genCall
   08CA CDr00s00      [17] 2471 	call	___fail
                           2472 ;	genLabel
                           2473 ; common peephole 159 removed unused label 00125$.
                           2474 ;cases/bitfields-nibbles/bitfields-nibbles_operation_1_pattern_1_varType_4.c:345: }
                           2475 ;	genEndFunction
   08CD C9            [10] 2476 	ret
                           2477 ;	Total nibble_op_test_low4_1 function size at codegen: 13 bytes.
   08CE                    2478 ___str_12:
   08CE 41 73 73 65 72 74  2479 	.ascii "Assertion failed"
        69 6F 6E 20 66 61
        69 6C 65 64
   08DE 00                 2480 	.db 0x00
   08DF                    2481 ___str_13:
   08DF 73 75 63 63 65 73  2482 	.ascii "success"
        73
   08E6 00                 2483 	.db 0x00
   08E7                    2484 ___str_14:
   08E7 63 61 73 65 73 2F  2485 	.ascii "cases/bitfields-nibbles/bitfields-nibbles_operation_1_patter"
        62 69 74 66 69 65
        6C 64 73 2D 6E 69
        62 62 6C 65 73 2F
        62 69 74 66 69 65
        6C 64 73 2D 6E 69
        62 62 6C 65 73 5F
        6F 70 65 72 61 74
        69 6F 6E 5F 31 5F
        70 61 74 74 65 72
   0923 6E 5F 31 5F 76 61  2486 	.ascii "n_1_varType_4.c"
        72 54 79 70 65 5F
        34 2E 63
   0932 00                 2487 	.db 0x00
                           2488 ;cases/bitfields-nibbles/bitfields-nibbles_operation_1_pattern_1_varType_4.c:357: nibble_op_test_high1_1(void)
                           2489 ;	genLabel
                           2490 ;	genFunction
                           2491 ;	---------------------------------
                           2492 ; Function nibble_op_test_high1_1
                           2493 ; ---------------------------------
                           2494 ;	Register assignment might be sub-optimal.
                           2495 ; Stack space usage: 0 bytes.
   0933                    2496 _nibble_op_test_high1_1:
                           2497 ;cases/bitfields-nibbles/bitfields-nibbles_operation_1_pattern_1_varType_4.c:360: TEST(high, 0xFF);
                           2498 ;	genAssign
                           2499 ;	genMove_o size 1 result type 11 source type 1 a_dead 1 hl_dead 1 de_dead 1 iy_dead 1 f_dead 1
   0933 21r00s00      [10] 2500 	ld	hl, #_success
   0936 36 01         [10] 2501 	ld	(hl), #0x01
                           2502 ;	genAddrOf
   0938 01r05s00      [10] 2503 	ld	bc, #_nibble_op_test_high1_1_volatileBits_10000_63+0
                           2504 ;	genPointerSet
   093B 0A            [ 7] 2505 	ld	a, (bc)
   093C E6 0F         [ 7] 2506 	and	a, #0x0f
   093E 02            [ 7] 2507 	ld	(bc), a
                           2508 ;	genAddrOf
   093F 01r05s00      [10] 2509 	ld	bc, #_nibble_op_test_high1_1_volatileBits_10000_63+0
                           2510 ;	genPointerSet
   0942 0A            [ 7] 2511 	ld	a, (bc)
   0943 F6 0F         [ 7] 2512 	or	a, #0x0f
   0945 02            [ 7] 2513 	ld	(bc), a
                           2514 ;	skipping iCode since result will be rematerialized
                           2515 ;	genPointerGet
   0946 3Ar05s00      [13] 2516 	ld	a, (#_nibble_op_test_high1_1_volatileBits_10000_63 + 0)
   0949 07            [ 4] 2517 	rlca
   094A 07            [ 4] 2518 	rlca
   094B 07            [ 4] 2519 	rlca
   094C 07            [ 4] 2520 	rlca
                           2521 ;	genIfx
   094D E6 0F         [ 7] 2522 	and	a, #0x0f
                           2523 ; common peephole 100 removed redundant or after and.
                           2524 ; common peephole 163 changed absolute to relative conditional jump.
   094F 20 09         [12] 2525 	jr	nz, 00101$
                           2526 ;	skipping iCode since result will be rematerialized
                           2527 ;	genPointerGet
   0951 3Ar05s00      [13] 2528 	ld	a, (#_nibble_op_test_high1_1_volatileBits_10000_63 + 0)
   0954 E6 0F         [ 7] 2529 	and	a, #0x0f
                           2530 ;	genCmpEq
   0956 FE 0F         [ 7] 2531 	cp	a, #0x0f
                           2532 ; common peephole 163 changed absolute to relative conditional jump.
   0958 28 04         [12] 2533 	jr	z, 00102$
                           2534 ; common peephole 81 removed jp by using inverse jump logic
                           2535 ; common peephole 159 removed unused label 00211$.
                           2536 ;	skipping generated iCode
                           2537 ;	genLabel
   095A                    2538 00101$:
                           2539 ;	genAssign
                           2540 ;	genMove_o size 1 result type 11 source type 1 a_dead 1 hl_dead 1 de_dead 1 iy_dead 1 f_dead 1
   095A AF            [ 4] 2541 	xor	a, a
   095B 32r00s00      [13] 2542 	ld	(#_success), a
                           2543 ; common peephole 19 loaded (#_success) from a directly instead of using hl.
                           2544 ;	genLabel
   095E                    2545 00102$:
                           2546 ;	genAddrOf
   095E 01r05s00      [10] 2547 	ld	bc, #_nibble_op_test_high1_1_volatileBits_10000_63+0
                           2548 ;	genPointerSet
   0961 0A            [ 7] 2549 	ld	a, (bc)
   0962 F6 F0         [ 7] 2550 	or	a, #0xf0
   0964 02            [ 7] 2551 	ld	(bc), a
                           2552 ;	skipping iCode since result will be rematerialized
                           2553 ;	genPointerGet
   0965 3Ar05s00      [13] 2554 	ld	a, (#_nibble_op_test_high1_1_volatileBits_10000_63 + 0)
   0968 07            [ 4] 2555 	rlca
   0969 07            [ 4] 2556 	rlca
   096A 07            [ 4] 2557 	rlca
   096B 07            [ 4] 2558 	rlca
   096C E6 0F         [ 7] 2559 	and	a, #0x0f
                           2560 ;	genCast
                           2561 ;	(locations are the same)
                           2562 ;	genCmpEq
   096E FE 0F         [ 7] 2563 	cp	a, #0x0f
                           2564 ; common peephole 81 removed jp by using inverse jump logic
                           2565 ; common peephole 159 removed unused label 00212$.
                           2566 ; common peephole 163 changed absolute to relative conditional jump.
   0970 20 09         [12] 2567 	jr	nz, 00104$
                           2568 ; common peephole 82 removed jp by using inverse jump logic
                           2569 ; common peephole 159 removed unused label 00213$.
                           2570 ;	skipping generated iCode
                           2571 ;	skipping iCode since result will be rematerialized
                           2572 ;	genPointerGet
   0972 3Ar05s00      [13] 2573 	ld	a, (#_nibble_op_test_high1_1_volatileBits_10000_63 + 0)
   0975 E6 0F         [ 7] 2574 	and	a, #0x0f
                           2575 ;	genCmpEq
   0977 FE 0F         [ 7] 2576 	cp	a, #0x0f
                           2577 ; common peephole 163 changed absolute to relative conditional jump.
   0979 28 04         [12] 2578 	jr	z, 00105$
                           2579 ; common peephole 81 removed jp by using inverse jump logic
                           2580 ; common peephole 159 removed unused label 00214$.
                           2581 ;	skipping generated iCode
                           2582 ;	genLabel
   097B                    2583 00104$:
                           2584 ;	genAssign
                           2585 ;	genMove_o size 1 result type 11 source type 1 a_dead 1 hl_dead 1 de_dead 1 iy_dead 1 f_dead 1
   097B AF            [ 4] 2586 	xor	a, a
   097C 32r00s00      [13] 2587 	ld	(#_success), a
                           2588 ; common peephole 19 loaded (#_success) from a directly instead of using hl.
                           2589 ;	genLabel
   097F                    2590 00105$:
                           2591 ;	genAddrOf
   097F 01r05s00      [10] 2592 	ld	bc, #_nibble_op_test_high1_1_volatileBits_10000_63+0
                           2593 ;	genPointerSet
   0982 0A            [ 7] 2594 	ld	a, (bc)
   0983 F6 F0         [ 7] 2595 	or	a, #0xf0
   0985 02            [ 7] 2596 	ld	(bc), a
                           2597 ;	skipping iCode since result will be rematerialized
                           2598 ;	genPointerGet
   0986 3Ar05s00      [13] 2599 	ld	a, (#_nibble_op_test_high1_1_volatileBits_10000_63 + 0)
   0989 07            [ 4] 2600 	rlca
   098A 07            [ 4] 2601 	rlca
   098B 07            [ 4] 2602 	rlca
   098C 07            [ 4] 2603 	rlca
   098D E6 0F         [ 7] 2604 	and	a, #0x0f
                           2605 ;	genCmpEq
   098F FE 0F         [ 7] 2606 	cp	a, #0x0f
                           2607 ; common peephole 81 removed jp by using inverse jump logic
                           2608 ; common peephole 159 removed unused label 00215$.
                           2609 ; common peephole 163 changed absolute to relative conditional jump.
   0991 20 09         [12] 2610 	jr	nz, 00107$
                           2611 ; common peephole 82 removed jp by using inverse jump logic
                           2612 ; common peephole 159 removed unused label 00216$.
                           2613 ;	skipping generated iCode
                           2614 ;	skipping iCode since result will be rematerialized
                           2615 ;	genPointerGet
   0993 3Ar05s00      [13] 2616 	ld	a, (#_nibble_op_test_high1_1_volatileBits_10000_63 + 0)
   0996 E6 0F         [ 7] 2617 	and	a, #0x0f
                           2618 ;	genCmpEq
   0998 FE 0F         [ 7] 2619 	cp	a, #0x0f
                           2620 ; common peephole 163 changed absolute to relative conditional jump.
   099A 28 04         [12] 2621 	jr	z, 00108$
                           2622 ; common peephole 81 removed jp by using inverse jump logic
                           2623 ; common peephole 159 removed unused label 00217$.
                           2624 ;	skipping generated iCode
                           2625 ;	genLabel
   099C                    2626 00107$:
                           2627 ;	genAssign
                           2628 ;	genMove_o size 1 result type 11 source type 1 a_dead 1 hl_dead 1 de_dead 1 iy_dead 1 f_dead 1
   099C AF            [ 4] 2629 	xor	a, a
   099D 32r00s00      [13] 2630 	ld	(#_success), a
                           2631 ; common peephole 19 loaded (#_success) from a directly instead of using hl.
                           2632 ;	genLabel
   09A0                    2633 00108$:
                           2634 ;	genAddrOf
   09A0 01r05s00      [10] 2635 	ld	bc, #_nibble_op_test_high1_1_volatileBits_10000_63+0
                           2636 ;	genPointerSet
   09A3 0A            [ 7] 2637 	ld	a, (bc)
   09A4 F6 F0         [ 7] 2638 	or	a, #0xf0
   09A6 02            [ 7] 2639 	ld	(bc), a
                           2640 ;	skipping iCode since result will be rematerialized
                           2641 ;	genPointerGet
   09A7 3Ar05s00      [13] 2642 	ld	a, (#_nibble_op_test_high1_1_volatileBits_10000_63 + 0)
   09AA 07            [ 4] 2643 	rlca
   09AB 07            [ 4] 2644 	rlca
   09AC 07            [ 4] 2645 	rlca
   09AD 07            [ 4] 2646 	rlca
   09AE E6 0F         [ 7] 2647 	and	a, #0x0f
                           2648 ;	genCast
                           2649 ;	(locations are the same)
                           2650 ;	genCmpEq
   09B0 FE 0F         [ 7] 2651 	cp	a, #0x0f
                           2652 ; common peephole 81 removed jp by using inverse jump logic
                           2653 ; common peephole 159 removed unused label 00218$.
                           2654 ; common peephole 163 changed absolute to relative conditional jump.
   09B2 20 09         [12] 2655 	jr	nz, 00110$
                           2656 ; common peephole 82 removed jp by using inverse jump logic
                           2657 ; common peephole 159 removed unused label 00219$.
                           2658 ;	skipping generated iCode
                           2659 ;	skipping iCode since result will be rematerialized
                           2660 ;	genPointerGet
   09B4 3Ar05s00      [13] 2661 	ld	a, (#_nibble_op_test_high1_1_volatileBits_10000_63 + 0)
   09B7 E6 0F         [ 7] 2662 	and	a, #0x0f
                           2663 ;	genCmpEq
   09B9 FE 0F         [ 7] 2664 	cp	a, #0x0f
                           2665 ; common peephole 163 changed absolute to relative conditional jump.
   09BB 28 04         [12] 2666 	jr	z, 00111$
                           2667 ; common peephole 81 removed jp by using inverse jump logic
                           2668 ; common peephole 159 removed unused label 00220$.
                           2669 ;	skipping generated iCode
                           2670 ;	genLabel
   09BD                    2671 00110$:
                           2672 ;	genAssign
                           2673 ;	genMove_o size 1 result type 11 source type 1 a_dead 1 hl_dead 1 de_dead 1 iy_dead 1 f_dead 1
   09BD AF            [ 4] 2674 	xor	a, a
   09BE 32r00s00      [13] 2675 	ld	(#_success), a
                           2676 ; common peephole 19 loaded (#_success) from a directly instead of using hl.
                           2677 ;	genLabel
   09C1                    2678 00111$:
                           2679 ;	genPlus
                           2680 ;	genMove_o size 2 result type 2 source type 10 a_dead 1 hl_dead 1 de_dead 1 iy_dead 1 f_dead 1
   09C1 2Ar00s00      [16] 2681 	ld	hl, (___numTests)
   09C4 23            [ 6] 2682 	inc	hl
                           2683 ;	genMove_o size 2 result type 10 source type 2 a_dead 1 hl_dead 1 de_dead 1 iy_dead 1 f_dead 1
   09C5 22r00s00      [16] 2684 	ld	(___numTests), hl
                           2685 ;	genIfx
                           2686 ; common peephole 61 used hl instead of iy.
                           2687 ; common peephole 130a removed unnecessary +0 from constant
   09C8 21r00s00      [10] 2688 	ld	hl, #_success
   09CB CB 46         [12] 2689 	bit	0, (hl)
                           2690 ; common peephole 163 changed absolute to relative conditional jump.
   09CD 20 11         [12] 2691 	jr	nz, 00128$
                           2692 ;	skipping iCode since result will be rematerialized
                           2693 ;	skipping iCode since result will be rematerialized
                           2694 ;	skipping iCode since result will be rematerialized
                           2695 ;	skipping iCode since result will be rematerialized
                           2696 ;	skipping iCode since result will be rematerialized
                           2697 ;	skipping iCode since result will be rematerialized
                           2698 ;	genIpush
                           2699 ;	genMove_o size 2 result type 2 source type 1 a_dead 1 hl_dead 1 de_dead 1 iy_dead 1 f_dead 1
   09CF 21 68 01      [10] 2700 	ld	hl, #0x0168
   09D2 E5            [11] 2701 	push	hl
                           2702 ;	genIpush
                           2703 ;	genMove_o size 2 result type 2 source type 7 a_dead 1 hl_dead 1 de_dead 1 iy_dead 1 f_dead 1
   09D3 21rBAs0A      [10] 2704 	ld	hl, #___str_17
   09D6 E5            [11] 2705 	push	hl
                           2706 ;	genSend
                           2707 ;	genMove_o size 2 result type 2 source type 7 a_dead 1 hl_dead 1 de_dead 1 iy_dead 1 f_dead 1
   09D7 11rB2s0A      [10] 2708 	ld	de, #___str_16
                           2709 ;	genSend
                           2710 ;	genMove_o size 2 result type 2 source type 7 a_dead 1 hl_dead 1 de_dead 0 iy_dead 1 f_dead 1
   09DA 21rA1s0A      [10] 2711 	ld	hl, #___str_15
                           2712 ;	genCall
   09DD CDr00s00      [17] 2713 	call	___fail
                           2714 ;	genLabel
   09E0                    2715 00128$:
                           2716 ;cases/bitfields-nibbles/bitfields-nibbles_operation_1_pattern_1_varType_4.c:361: TEST(high, 0x00);
                           2717 ;	genAssign
                           2718 ;	genMove_o size 1 result type 11 source type 1 a_dead 1 hl_dead 1 de_dead 1 iy_dead 1 f_dead 1
   09E0 21r00s00      [10] 2719 	ld	hl, #_success
   09E3 36 01         [10] 2720 	ld	(hl), #0x01
                           2721 ;	genAddrOf
   09E5 01r05s00      [10] 2722 	ld	bc, #_nibble_op_test_high1_1_volatileBits_10000_63+0
                           2723 ;	genPointerSet
   09E8 0A            [ 7] 2724 	ld	a, (bc)
   09E9 E6 0F         [ 7] 2725 	and	a, #0x0f
   09EB 02            [ 7] 2726 	ld	(bc), a
                           2727 ;	genAddrOf
   09EC 01r05s00      [10] 2728 	ld	bc, #_nibble_op_test_high1_1_volatileBits_10000_63+0
                           2729 ;	genPointerSet
   09EF 0A            [ 7] 2730 	ld	a, (bc)
   09F0 F6 0F         [ 7] 2731 	or	a, #0x0f
   09F2 02            [ 7] 2732 	ld	(bc), a
                           2733 ;	skipping iCode since result will be rematerialized
                           2734 ;	genPointerGet
   09F3 3Ar05s00      [13] 2735 	ld	a, (#_nibble_op_test_high1_1_volatileBits_10000_63 + 0)
   09F6 07            [ 4] 2736 	rlca
   09F7 07            [ 4] 2737 	rlca
   09F8 07            [ 4] 2738 	rlca
   09F9 07            [ 4] 2739 	rlca
                           2740 ;	genIfx
   09FA E6 0F         [ 7] 2741 	and	a, #0x0f
                           2742 ; common peephole 100 removed redundant or after and.
                           2743 ; common peephole 163 changed absolute to relative conditional jump.
   09FC 20 09         [12] 2744 	jr	nz, 00113$
                           2745 ;	skipping iCode since result will be rematerialized
                           2746 ;	genPointerGet
   09FE 3Ar05s00      [13] 2747 	ld	a, (#_nibble_op_test_high1_1_volatileBits_10000_63 + 0)
   0A01 E6 0F         [ 7] 2748 	and	a, #0x0f
                           2749 ;	genCmpEq
   0A03 FE 0F         [ 7] 2750 	cp	a, #0x0f
                           2751 ; common peephole 163 changed absolute to relative conditional jump.
   0A05 28 04         [12] 2752 	jr	z, 00114$
                           2753 ; common peephole 81 removed jp by using inverse jump logic
                           2754 ; common peephole 159 removed unused label 00221$.
                           2755 ;	skipping generated iCode
                           2756 ;	genLabel
   0A07                    2757 00113$:
                           2758 ;	genAssign
                           2759 ;	genMove_o size 1 result type 11 source type 1 a_dead 1 hl_dead 1 de_dead 1 iy_dead 1 f_dead 1
   0A07 AF            [ 4] 2760 	xor	a, a
   0A08 32r00s00      [13] 2761 	ld	(#_success), a
                           2762 ; common peephole 19 loaded (#_success) from a directly instead of using hl.
                           2763 ;	genLabel
   0A0B                    2764 00114$:
                           2765 ;	skipping iCode since result will be rematerialized
                           2766 ;	genAddrOf
                           2767 ;	genPointerGet
                           2768 ;fetchPairLong
   0A0B 3Ar05s00      [13] 2769 	ld	a, (#_nibble_op_test_high1_1_volatileBits_10000_63+0)
                           2770 ; common peephole 17 loaded a from (#_nibble_op_test_high1_1_volatileBits_10000_63+0) directly instead of using hl.
   0A0E 07            [ 4] 2771 	rlca
   0A0F 07            [ 4] 2772 	rlca
   0A10 07            [ 4] 2773 	rlca
   0A11 07            [ 4] 2774 	rlca
   0A12 E6 0F         [ 7] 2775 	and	a, #0x0f
   0A14 4F            [ 4] 2776 	ld	c, a
                           2777 ;	genPointerSet
                           2778 ;	genMove_o size 2 result type 2 source type 7 a_dead 1 hl_dead 1 de_dead 1 iy_dead 1 f_dead 1
   0A15 21r05s00      [10] 2779 	ld	hl, #_nibble_op_test_high1_1_volatileBits_10000_63
   0A18 ED 6F         [18] 2780 	rld
   0A1A 79            [ 4] 2781 	ld	a, c
   0A1B ED 67         [18] 2782 	rrd
                           2783 ;	skipping iCode since result will be rematerialized
                           2784 ;	genPointerGet
   0A1D 3Ar05s00      [13] 2785 	ld	a, (#_nibble_op_test_high1_1_volatileBits_10000_63 + 0)
   0A20 07            [ 4] 2786 	rlca
   0A21 07            [ 4] 2787 	rlca
   0A22 07            [ 4] 2788 	rlca
   0A23 07            [ 4] 2789 	rlca
                           2790 ;	genIfx
   0A24 E6 0F         [ 7] 2791 	and	a, #0x0f
                           2792 ; common peephole 100 removed redundant or after and.
                           2793 ; common peephole 163 changed absolute to relative conditional jump.
   0A26 20 09         [12] 2794 	jr	nz, 00116$
                           2795 ;	skipping iCode since result will be rematerialized
                           2796 ;	genPointerGet
   0A28 3Ar05s00      [13] 2797 	ld	a, (#_nibble_op_test_high1_1_volatileBits_10000_63 + 0)
   0A2B E6 0F         [ 7] 2798 	and	a, #0x0f
                           2799 ;	genCmpEq
   0A2D FE 0F         [ 7] 2800 	cp	a, #0x0f
                           2801 ; common peephole 163 changed absolute to relative conditional jump.
   0A2F 28 04         [12] 2802 	jr	z, 00117$
                           2803 ; common peephole 81 removed jp by using inverse jump logic
                           2804 ; common peephole 159 removed unused label 00222$.
                           2805 ;	skipping generated iCode
                           2806 ;	genLabel
   0A31                    2807 00116$:
                           2808 ;	genAssign
                           2809 ;	genMove_o size 1 result type 11 source type 1 a_dead 1 hl_dead 1 de_dead 1 iy_dead 1 f_dead 1
   0A31 AF            [ 4] 2810 	xor	a, a
   0A32 32r00s00      [13] 2811 	ld	(#_success), a
                           2812 ; common peephole 19 loaded (#_success) from a directly instead of using hl.
                           2813 ;	genLabel
   0A35                    2814 00117$:
                           2815 ;	genAddrOf
   0A35 01r05s00      [10] 2816 	ld	bc, #_nibble_op_test_high1_1_volatileBits_10000_63+0
                           2817 ;	genPointerSet
   0A38 0A            [ 7] 2818 	ld	a, (bc)
   0A39 F6 F0         [ 7] 2819 	or	a, #0xf0
   0A3B 02            [ 7] 2820 	ld	(bc), a
                           2821 ;	skipping iCode since result will be rematerialized
                           2822 ;	genPointerGet
   0A3C 3Ar05s00      [13] 2823 	ld	a, (#_nibble_op_test_high1_1_volatileBits_10000_63 + 0)
   0A3F 07            [ 4] 2824 	rlca
   0A40 07            [ 4] 2825 	rlca
   0A41 07            [ 4] 2826 	rlca
   0A42 07            [ 4] 2827 	rlca
   0A43 E6 0F         [ 7] 2828 	and	a, #0x0f
                           2829 ;	genCmpEq
   0A45 FE 0F         [ 7] 2830 	cp	a, #0x0f
                           2831 ; common peephole 81 removed jp by using inverse jump logic
                           2832 ; common peephole 159 removed unused label 00223$.
                           2833 ; common peephole 163 changed absolute to relative conditional jump.
   0A47 20 09         [12] 2834 	jr	nz, 00119$
                           2835 ; common peephole 82 removed jp by using inverse jump logic
                           2836 ; common peephole 159 removed unused label 00224$.
                           2837 ;	skipping generated iCode
                           2838 ;	skipping iCode since result will be rematerialized
                           2839 ;	genPointerGet
   0A49 3Ar05s00      [13] 2840 	ld	a, (#_nibble_op_test_high1_1_volatileBits_10000_63 + 0)
   0A4C E6 0F         [ 7] 2841 	and	a, #0x0f
                           2842 ;	genCmpEq
   0A4E FE 0F         [ 7] 2843 	cp	a, #0x0f
                           2844 ; common peephole 163 changed absolute to relative conditional jump.
   0A50 28 04         [12] 2845 	jr	z, 00120$
                           2846 ; common peephole 81 removed jp by using inverse jump logic
                           2847 ; common peephole 159 removed unused label 00225$.
                           2848 ;	skipping generated iCode
                           2849 ;	genLabel
   0A52                    2850 00119$:
                           2851 ;	genAssign
                           2852 ;	genMove_o size 1 result type 11 source type 1 a_dead 1 hl_dead 1 de_dead 1 iy_dead 1 f_dead 1
   0A52 AF            [ 4] 2853 	xor	a, a
   0A53 32r00s00      [13] 2854 	ld	(#_success), a
                           2855 ; common peephole 19 loaded (#_success) from a directly instead of using hl.
                           2856 ;	genLabel
   0A56                    2857 00120$:
                           2858 ;	skipping iCode since result will be rematerialized
                           2859 ;	genAddrOf
                           2860 ;	genPointerGet
                           2861 ;fetchPairLong
   0A56 3Ar05s00      [13] 2862 	ld	a, (#_nibble_op_test_high1_1_volatileBits_10000_63+0)
                           2863 ; common peephole 17 loaded a from (#_nibble_op_test_high1_1_volatileBits_10000_63+0) directly instead of using hl.
   0A59 07            [ 4] 2864 	rlca
   0A5A 07            [ 4] 2865 	rlca
   0A5B 07            [ 4] 2866 	rlca
   0A5C 07            [ 4] 2867 	rlca
   0A5D E6 0F         [ 7] 2868 	and	a, #0x0f
   0A5F 4F            [ 4] 2869 	ld	c, a
                           2870 ;	genPointerSet
                           2871 ;	genMove_o size 2 result type 2 source type 7 a_dead 1 hl_dead 1 de_dead 1 iy_dead 1 f_dead 1
   0A60 21r05s00      [10] 2872 	ld	hl, #_nibble_op_test_high1_1_volatileBits_10000_63
   0A63 ED 6F         [18] 2873 	rld
   0A65 79            [ 4] 2874 	ld	a, c
   0A66 ED 67         [18] 2875 	rrd
                           2876 ;	skipping iCode since result will be rematerialized
                           2877 ;	genPointerGet
   0A68 3Ar05s00      [13] 2878 	ld	a, (#_nibble_op_test_high1_1_volatileBits_10000_63 + 0)
   0A6B 07            [ 4] 2879 	rlca
   0A6C 07            [ 4] 2880 	rlca
   0A6D 07            [ 4] 2881 	rlca
   0A6E 07            [ 4] 2882 	rlca
   0A6F E6 0F         [ 7] 2883 	and	a, #0x0f
                           2884 ;	genCast
                           2885 ;	(locations are the same)
                           2886 ;	genCmpEq
   0A71 FE 0F         [ 7] 2887 	cp	a, #0x0f
                           2888 ; common peephole 81 removed jp by using inverse jump logic
                           2889 ; common peephole 159 removed unused label 00226$.
                           2890 ; common peephole 163 changed absolute to relative conditional jump.
   0A73 20 09         [12] 2891 	jr	nz, 00122$
                           2892 ; common peephole 82 removed jp by using inverse jump logic
                           2893 ; common peephole 159 removed unused label 00227$.
                           2894 ;	skipping generated iCode
                           2895 ;	skipping iCode since result will be rematerialized
                           2896 ;	genPointerGet
   0A75 3Ar05s00      [13] 2897 	ld	a, (#_nibble_op_test_high1_1_volatileBits_10000_63 + 0)
   0A78 E6 0F         [ 7] 2898 	and	a, #0x0f
                           2899 ;	genCmpEq
   0A7A FE 0F         [ 7] 2900 	cp	a, #0x0f
                           2901 ; common peephole 163 changed absolute to relative conditional jump.
   0A7C 28 04         [12] 2902 	jr	z, 00123$
                           2903 ; common peephole 81 removed jp by using inverse jump logic
                           2904 ; common peephole 159 removed unused label 00228$.
                           2905 ;	skipping generated iCode
                           2906 ;	genLabel
   0A7E                    2907 00122$:
                           2908 ;	genAssign
                           2909 ;	genMove_o size 1 result type 11 source type 1 a_dead 1 hl_dead 1 de_dead 1 iy_dead 1 f_dead 1
   0A7E AF            [ 4] 2910 	xor	a, a
   0A7F 32r00s00      [13] 2911 	ld	(#_success), a
                           2912 ; common peephole 19 loaded (#_success) from a directly instead of using hl.
                           2913 ;	genLabel
   0A82                    2914 00123$:
                           2915 ;	genPlus
                           2916 ;	genMove_o size 2 result type 2 source type 10 a_dead 1 hl_dead 1 de_dead 1 iy_dead 1 f_dead 1
   0A82 2Ar00s00      [16] 2917 	ld	hl, (___numTests)
   0A85 23            [ 6] 2918 	inc	hl
                           2919 ;	genMove_o size 2 result type 10 source type 2 a_dead 1 hl_dead 1 de_dead 1 iy_dead 1 f_dead 1
   0A86 22r00s00      [16] 2920 	ld	(___numTests), hl
                           2921 ;	genIfx
                           2922 ; common peephole 61 used hl instead of iy.
                           2923 ; common peephole 130a removed unnecessary +0 from constant
   0A89 21r00s00      [10] 2924 	ld	hl, #_success
   0A8C CB 46         [12] 2925 	bit	0, (hl)
   0A8E C0            [11] 2926 	ret	nz
                           2927 ; common peephole 161 replaced jump by return.
                           2928 ;	skipping iCode since result will be rematerialized
                           2929 ;	skipping iCode since result will be rematerialized
                           2930 ;	skipping iCode since result will be rematerialized
                           2931 ;	skipping iCode since result will be rematerialized
                           2932 ;	skipping iCode since result will be rematerialized
                           2933 ;	skipping iCode since result will be rematerialized
                           2934 ;	genIpush
                           2935 ;	genMove_o size 2 result type 2 source type 1 a_dead 1 hl_dead 1 de_dead 1 iy_dead 1 f_dead 1
   0A8F 21 69 01      [10] 2936 	ld	hl, #0x0169
   0A92 E5            [11] 2937 	push	hl
                           2938 ;	genIpush
                           2939 ;	genMove_o size 2 result type 2 source type 7 a_dead 1 hl_dead 1 de_dead 1 iy_dead 1 f_dead 1
   0A93 21rBAs0A      [10] 2940 	ld	hl, #___str_17
   0A96 E5            [11] 2941 	push	hl
                           2942 ;	genSend
                           2943 ;	genMove_o size 2 result type 2 source type 7 a_dead 1 hl_dead 1 de_dead 1 iy_dead 1 f_dead 1
   0A97 11rB2s0A      [10] 2944 	ld	de, #___str_16
                           2945 ;	genSend
                           2946 ;	genMove_o size 2 result type 2 source type 7 a_dead 1 hl_dead 1 de_dead 0 iy_dead 1 f_dead 1
   0A9A 21rA1s0A      [10] 2947 	ld	hl, #___str_15
                           2948 ;	genCall
   0A9D CDr00s00      [17] 2949 	call	___fail
                           2950 ;	genLabel
                           2951 ; common peephole 159 removed unused label 00125$.
                           2952 ;cases/bitfields-nibbles/bitfields-nibbles_operation_1_pattern_1_varType_4.c:362: }
                           2953 ;	genEndFunction
   0AA0 C9            [10] 2954 	ret
                           2955 ;	Total nibble_op_test_high1_1 function size at codegen: 17 bytes.
   0AA1                    2956 ___str_15:
   0AA1 41 73 73 65 72 74  2957 	.ascii "Assertion failed"
        69 6F 6E 20 66 61
        69 6C 65 64
   0AB1 00                 2958 	.db 0x00
   0AB2                    2959 ___str_16:
   0AB2 73 75 63 63 65 73  2960 	.ascii "success"
        73
   0AB9 00                 2961 	.db 0x00
   0ABA                    2962 ___str_17:
   0ABA 63 61 73 65 73 2F  2963 	.ascii "cases/bitfields-nibbles/bitfields-nibbles_operation_1_patter"
        62 69 74 66 69 65
        6C 64 73 2D 6E 69
        62 62 6C 65 73 2F
        62 69 74 66 69 65
        6C 64 73 2D 6E 69
        62 62 6C 65 73 5F
        6F 70 65 72 61 74
        69 6F 6E 5F 31 5F
        70 61 74 74 65 72
   0AF6 6E 5F 31 5F 76 61  2964 	.ascii "n_1_varType_4.c"
        72 54 79 70 65 5F
        34 2E 63
   0B05 00                 2965 	.db 0x00
                           2966 ;cases/bitfields-nibbles/bitfields-nibbles_operation_1_pattern_1_varType_4.c:364: nibble_op_test_high1_2(void)
                           2967 ;	genLabel
                           2968 ;	genFunction
                           2969 ;	---------------------------------
                           2970 ; Function nibble_op_test_high1_2
                           2971 ; ---------------------------------
                           2972 ;	Register assignment might be sub-optimal.
                           2973 ; Stack space usage: 0 bytes.
   0B06                    2974 _nibble_op_test_high1_2:
                           2975 ;cases/bitfields-nibbles/bitfields-nibbles_operation_1_pattern_1_varType_4.c:367: TEST(high, 0x0F);
                           2976 ;	genAssign
                           2977 ;	genMove_o size 1 result type 11 source type 1 a_dead 1 hl_dead 1 de_dead 1 iy_dead 1 f_dead 1
   0B06 21r00s00      [10] 2978 	ld	hl, #_success
   0B09 36 01         [10] 2979 	ld	(hl), #0x01
                           2980 ;	genAddrOf
   0B0B 01r06s00      [10] 2981 	ld	bc, #_nibble_op_test_high1_2_volatileBits_10000_73+0
                           2982 ;	genPointerSet
   0B0E 0A            [ 7] 2983 	ld	a, (bc)
   0B0F E6 0F         [ 7] 2984 	and	a, #0x0f
   0B11 02            [ 7] 2985 	ld	(bc), a
                           2986 ;	genAddrOf
   0B12 01r06s00      [10] 2987 	ld	bc, #_nibble_op_test_high1_2_volatileBits_10000_73+0
                           2988 ;	genPointerSet
   0B15 0A            [ 7] 2989 	ld	a, (bc)
   0B16 F6 0F         [ 7] 2990 	or	a, #0x0f
   0B18 02            [ 7] 2991 	ld	(bc), a
                           2992 ;	skipping iCode since result will be rematerialized
                           2993 ;	genPointerGet
   0B19 3Ar06s00      [13] 2994 	ld	a, (#_nibble_op_test_high1_2_volatileBits_10000_73 + 0)
   0B1C 07            [ 4] 2995 	rlca
   0B1D 07            [ 4] 2996 	rlca
   0B1E 07            [ 4] 2997 	rlca
   0B1F 07            [ 4] 2998 	rlca
                           2999 ;	genIfx
   0B20 E6 0F         [ 7] 3000 	and	a, #0x0f
                           3001 ; common peephole 100 removed redundant or after and.
                           3002 ; common peephole 163 changed absolute to relative conditional jump.
   0B22 20 09         [12] 3003 	jr	nz, 00101$
                           3004 ;	skipping iCode since result will be rematerialized
                           3005 ;	genPointerGet
   0B24 3Ar06s00      [13] 3006 	ld	a, (#_nibble_op_test_high1_2_volatileBits_10000_73 + 0)
   0B27 E6 0F         [ 7] 3007 	and	a, #0x0f
                           3008 ;	genCmpEq
   0B29 FE 0F         [ 7] 3009 	cp	a, #0x0f
                           3010 ; common peephole 163 changed absolute to relative conditional jump.
   0B2B 28 04         [12] 3011 	jr	z, 00102$
                           3012 ; common peephole 81 removed jp by using inverse jump logic
                           3013 ; common peephole 159 removed unused label 00211$.
                           3014 ;	skipping generated iCode
                           3015 ;	genLabel
   0B2D                    3016 00101$:
                           3017 ;	genAssign
                           3018 ;	genMove_o size 1 result type 11 source type 1 a_dead 1 hl_dead 1 de_dead 1 iy_dead 1 f_dead 1
   0B2D AF            [ 4] 3019 	xor	a, a
   0B2E 32r00s00      [13] 3020 	ld	(#_success), a
                           3021 ; common peephole 19 loaded (#_success) from a directly instead of using hl.
                           3022 ;	genLabel
   0B31                    3023 00102$:
                           3024 ;	genAddrOf
   0B31 01r06s00      [10] 3025 	ld	bc, #_nibble_op_test_high1_2_volatileBits_10000_73+0
                           3026 ;	genPointerSet
   0B34 0A            [ 7] 3027 	ld	a, (bc)
   0B35 F6 F0         [ 7] 3028 	or	a, #0xf0
   0B37 02            [ 7] 3029 	ld	(bc), a
                           3030 ;	skipping iCode since result will be rematerialized
                           3031 ;	genPointerGet
   0B38 3Ar06s00      [13] 3032 	ld	a, (#_nibble_op_test_high1_2_volatileBits_10000_73 + 0)
   0B3B 07            [ 4] 3033 	rlca
   0B3C 07            [ 4] 3034 	rlca
   0B3D 07            [ 4] 3035 	rlca
   0B3E 07            [ 4] 3036 	rlca
   0B3F E6 0F         [ 7] 3037 	and	a, #0x0f
                           3038 ;	genCast
                           3039 ;	(locations are the same)
                           3040 ;	genCmpEq
   0B41 FE 0F         [ 7] 3041 	cp	a, #0x0f
                           3042 ; common peephole 81 removed jp by using inverse jump logic
                           3043 ; common peephole 159 removed unused label 00212$.
                           3044 ; common peephole 163 changed absolute to relative conditional jump.
   0B43 20 09         [12] 3045 	jr	nz, 00104$
                           3046 ; common peephole 82 removed jp by using inverse jump logic
                           3047 ; common peephole 159 removed unused label 00213$.
                           3048 ;	skipping generated iCode
                           3049 ;	skipping iCode since result will be rematerialized
                           3050 ;	genPointerGet
   0B45 3Ar06s00      [13] 3051 	ld	a, (#_nibble_op_test_high1_2_volatileBits_10000_73 + 0)
   0B48 E6 0F         [ 7] 3052 	and	a, #0x0f
                           3053 ;	genCmpEq
   0B4A FE 0F         [ 7] 3054 	cp	a, #0x0f
                           3055 ; common peephole 163 changed absolute to relative conditional jump.
   0B4C 28 04         [12] 3056 	jr	z, 00105$
                           3057 ; common peephole 81 removed jp by using inverse jump logic
                           3058 ; common peephole 159 removed unused label 00214$.
                           3059 ;	skipping generated iCode
                           3060 ;	genLabel
   0B4E                    3061 00104$:
                           3062 ;	genAssign
                           3063 ;	genMove_o size 1 result type 11 source type 1 a_dead 1 hl_dead 1 de_dead 1 iy_dead 1 f_dead 1
   0B4E AF            [ 4] 3064 	xor	a, a
   0B4F 32r00s00      [13] 3065 	ld	(#_success), a
                           3066 ; common peephole 19 loaded (#_success) from a directly instead of using hl.
                           3067 ;	genLabel
   0B52                    3068 00105$:
                           3069 ;	genAddrOf
   0B52 01r06s00      [10] 3070 	ld	bc, #_nibble_op_test_high1_2_volatileBits_10000_73+0
                           3071 ;	genPointerSet
   0B55 0A            [ 7] 3072 	ld	a, (bc)
   0B56 F6 F0         [ 7] 3073 	or	a, #0xf0
   0B58 02            [ 7] 3074 	ld	(bc), a
                           3075 ;	skipping iCode since result will be rematerialized
                           3076 ;	genPointerGet
   0B59 3Ar06s00      [13] 3077 	ld	a, (#_nibble_op_test_high1_2_volatileBits_10000_73 + 0)
   0B5C 07            [ 4] 3078 	rlca
   0B5D 07            [ 4] 3079 	rlca
   0B5E 07            [ 4] 3080 	rlca
   0B5F 07            [ 4] 3081 	rlca
   0B60 E6 0F         [ 7] 3082 	and	a, #0x0f
                           3083 ;	genCmpEq
   0B62 FE 0F         [ 7] 3084 	cp	a, #0x0f
                           3085 ; common peephole 81 removed jp by using inverse jump logic
                           3086 ; common peephole 159 removed unused label 00215$.
                           3087 ; common peephole 163 changed absolute to relative conditional jump.
   0B64 20 09         [12] 3088 	jr	nz, 00107$
                           3089 ; common peephole 82 removed jp by using inverse jump logic
                           3090 ; common peephole 159 removed unused label 00216$.
                           3091 ;	skipping generated iCode
                           3092 ;	skipping iCode since result will be rematerialized
                           3093 ;	genPointerGet
   0B66 3Ar06s00      [13] 3094 	ld	a, (#_nibble_op_test_high1_2_volatileBits_10000_73 + 0)
   0B69 E6 0F         [ 7] 3095 	and	a, #0x0f
                           3096 ;	genCmpEq
   0B6B FE 0F         [ 7] 3097 	cp	a, #0x0f
                           3098 ; common peephole 163 changed absolute to relative conditional jump.
   0B6D 28 04         [12] 3099 	jr	z, 00108$
                           3100 ; common peephole 81 removed jp by using inverse jump logic
                           3101 ; common peephole 159 removed unused label 00217$.
                           3102 ;	skipping generated iCode
                           3103 ;	genLabel
   0B6F                    3104 00107$:
                           3105 ;	genAssign
                           3106 ;	genMove_o size 1 result type 11 source type 1 a_dead 1 hl_dead 1 de_dead 1 iy_dead 1 f_dead 1
   0B6F AF            [ 4] 3107 	xor	a, a
   0B70 32r00s00      [13] 3108 	ld	(#_success), a
                           3109 ; common peephole 19 loaded (#_success) from a directly instead of using hl.
                           3110 ;	genLabel
   0B73                    3111 00108$:
                           3112 ;	genAddrOf
   0B73 01r06s00      [10] 3113 	ld	bc, #_nibble_op_test_high1_2_volatileBits_10000_73+0
                           3114 ;	genPointerSet
   0B76 0A            [ 7] 3115 	ld	a, (bc)
   0B77 F6 F0         [ 7] 3116 	or	a, #0xf0
   0B79 02            [ 7] 3117 	ld	(bc), a
                           3118 ;	skipping iCode since result will be rematerialized
                           3119 ;	genPointerGet
   0B7A 3Ar06s00      [13] 3120 	ld	a, (#_nibble_op_test_high1_2_volatileBits_10000_73 + 0)
   0B7D 07            [ 4] 3121 	rlca
   0B7E 07            [ 4] 3122 	rlca
   0B7F 07            [ 4] 3123 	rlca
   0B80 07            [ 4] 3124 	rlca
   0B81 E6 0F         [ 7] 3125 	and	a, #0x0f
                           3126 ;	genCast
                           3127 ;	(locations are the same)
                           3128 ;	genCmpEq
   0B83 FE 0F         [ 7] 3129 	cp	a, #0x0f
                           3130 ; common peephole 81 removed jp by using inverse jump logic
                           3131 ; common peephole 159 removed unused label 00218$.
                           3132 ; common peephole 163 changed absolute to relative conditional jump.
   0B85 20 09         [12] 3133 	jr	nz, 00110$
                           3134 ; common peephole 82 removed jp by using inverse jump logic
                           3135 ; common peephole 159 removed unused label 00219$.
                           3136 ;	skipping generated iCode
                           3137 ;	skipping iCode since result will be rematerialized
                           3138 ;	genPointerGet
   0B87 3Ar06s00      [13] 3139 	ld	a, (#_nibble_op_test_high1_2_volatileBits_10000_73 + 0)
   0B8A E6 0F         [ 7] 3140 	and	a, #0x0f
                           3141 ;	genCmpEq
   0B8C FE 0F         [ 7] 3142 	cp	a, #0x0f
                           3143 ; common peephole 163 changed absolute to relative conditional jump.
   0B8E 28 04         [12] 3144 	jr	z, 00111$
                           3145 ; common peephole 81 removed jp by using inverse jump logic
                           3146 ; common peephole 159 removed unused label 00220$.
                           3147 ;	skipping generated iCode
                           3148 ;	genLabel
   0B90                    3149 00110$:
                           3150 ;	genAssign
                           3151 ;	genMove_o size 1 result type 11 source type 1 a_dead 1 hl_dead 1 de_dead 1 iy_dead 1 f_dead 1
   0B90 AF            [ 4] 3152 	xor	a, a
   0B91 32r00s00      [13] 3153 	ld	(#_success), a
                           3154 ; common peephole 19 loaded (#_success) from a directly instead of using hl.
                           3155 ;	genLabel
   0B94                    3156 00111$:
                           3157 ;	genPlus
                           3158 ;	genMove_o size 2 result type 2 source type 10 a_dead 1 hl_dead 1 de_dead 1 iy_dead 1 f_dead 1
   0B94 2Ar00s00      [16] 3159 	ld	hl, (___numTests)
   0B97 23            [ 6] 3160 	inc	hl
                           3161 ;	genMove_o size 2 result type 10 source type 2 a_dead 1 hl_dead 1 de_dead 1 iy_dead 1 f_dead 1
   0B98 22r00s00      [16] 3162 	ld	(___numTests), hl
                           3163 ;	genIfx
                           3164 ; common peephole 61 used hl instead of iy.
                           3165 ; common peephole 130a removed unnecessary +0 from constant
   0B9B 21r00s00      [10] 3166 	ld	hl, #_success
   0B9E CB 46         [12] 3167 	bit	0, (hl)
                           3168 ; common peephole 163 changed absolute to relative conditional jump.
   0BA0 20 11         [12] 3169 	jr	nz, 00128$
                           3170 ;	skipping iCode since result will be rematerialized
                           3171 ;	skipping iCode since result will be rematerialized
                           3172 ;	skipping iCode since result will be rematerialized
                           3173 ;	skipping iCode since result will be rematerialized
                           3174 ;	skipping iCode since result will be rematerialized
                           3175 ;	skipping iCode since result will be rematerialized
                           3176 ;	genIpush
                           3177 ;	genMove_o size 2 result type 2 source type 1 a_dead 1 hl_dead 1 de_dead 1 iy_dead 1 f_dead 1
   0BA2 21 6F 01      [10] 3178 	ld	hl, #0x016f
   0BA5 E5            [11] 3179 	push	hl
                           3180 ;	genIpush
                           3181 ;	genMove_o size 2 result type 2 source type 7 a_dead 1 hl_dead 1 de_dead 1 iy_dead 1 f_dead 1
   0BA6 21r8Ds0C      [10] 3182 	ld	hl, #___str_20
   0BA9 E5            [11] 3183 	push	hl
                           3184 ;	genSend
                           3185 ;	genMove_o size 2 result type 2 source type 7 a_dead 1 hl_dead 1 de_dead 1 iy_dead 1 f_dead 1
   0BAA 11r85s0C      [10] 3186 	ld	de, #___str_19
                           3187 ;	genSend
                           3188 ;	genMove_o size 2 result type 2 source type 7 a_dead 1 hl_dead 1 de_dead 0 iy_dead 1 f_dead 1
   0BAD 21r74s0C      [10] 3189 	ld	hl, #___str_18
                           3190 ;	genCall
   0BB0 CDr00s00      [17] 3191 	call	___fail
                           3192 ;	genLabel
   0BB3                    3193 00128$:
                           3194 ;cases/bitfields-nibbles/bitfields-nibbles_operation_1_pattern_1_varType_4.c:368: TEST(high, 0xF0);
                           3195 ;	genAssign
                           3196 ;	genMove_o size 1 result type 11 source type 1 a_dead 1 hl_dead 1 de_dead 1 iy_dead 1 f_dead 1
   0BB3 21r00s00      [10] 3197 	ld	hl, #_success
   0BB6 36 01         [10] 3198 	ld	(hl), #0x01
                           3199 ;	genAddrOf
   0BB8 01r06s00      [10] 3200 	ld	bc, #_nibble_op_test_high1_2_volatileBits_10000_73+0
                           3201 ;	genPointerSet
   0BBB 0A            [ 7] 3202 	ld	a, (bc)
   0BBC E6 0F         [ 7] 3203 	and	a, #0x0f
   0BBE 02            [ 7] 3204 	ld	(bc), a
                           3205 ;	genAddrOf
   0BBF 01r06s00      [10] 3206 	ld	bc, #_nibble_op_test_high1_2_volatileBits_10000_73+0
                           3207 ;	genPointerSet
   0BC2 0A            [ 7] 3208 	ld	a, (bc)
   0BC3 F6 0F         [ 7] 3209 	or	a, #0x0f
   0BC5 02            [ 7] 3210 	ld	(bc), a
                           3211 ;	skipping iCode since result will be rematerialized
                           3212 ;	genPointerGet
   0BC6 3Ar06s00      [13] 3213 	ld	a, (#_nibble_op_test_high1_2_volatileBits_10000_73 + 0)
   0BC9 07            [ 4] 3214 	rlca
   0BCA 07            [ 4] 3215 	rlca
   0BCB 07            [ 4] 3216 	rlca
   0BCC 07            [ 4] 3217 	rlca
                           3218 ;	genIfx
   0BCD E6 0F         [ 7] 3219 	and	a, #0x0f
                           3220 ; common peephole 100 removed redundant or after and.
                           3221 ; common peephole 163 changed absolute to relative conditional jump.
   0BCF 20 09         [12] 3222 	jr	nz, 00113$
                           3223 ;	skipping iCode since result will be rematerialized
                           3224 ;	genPointerGet
   0BD1 3Ar06s00      [13] 3225 	ld	a, (#_nibble_op_test_high1_2_volatileBits_10000_73 + 0)
   0BD4 E6 0F         [ 7] 3226 	and	a, #0x0f
                           3227 ;	genCmpEq
   0BD6 FE 0F         [ 7] 3228 	cp	a, #0x0f
                           3229 ; common peephole 163 changed absolute to relative conditional jump.
   0BD8 28 04         [12] 3230 	jr	z, 00114$
                           3231 ; common peephole 81 removed jp by using inverse jump logic
                           3232 ; common peephole 159 removed unused label 00221$.
                           3233 ;	skipping generated iCode
                           3234 ;	genLabel
   0BDA                    3235 00113$:
                           3236 ;	genAssign
                           3237 ;	genMove_o size 1 result type 11 source type 1 a_dead 1 hl_dead 1 de_dead 1 iy_dead 1 f_dead 1
   0BDA AF            [ 4] 3238 	xor	a, a
   0BDB 32r00s00      [13] 3239 	ld	(#_success), a
                           3240 ; common peephole 19 loaded (#_success) from a directly instead of using hl.
                           3241 ;	genLabel
   0BDE                    3242 00114$:
                           3243 ;	skipping iCode since result will be rematerialized
                           3244 ;	genAddrOf
                           3245 ;	genPointerGet
                           3246 ;fetchPairLong
   0BDE 3Ar06s00      [13] 3247 	ld	a, (#_nibble_op_test_high1_2_volatileBits_10000_73+0)
                           3248 ; common peephole 17 loaded a from (#_nibble_op_test_high1_2_volatileBits_10000_73+0) directly instead of using hl.
   0BE1 07            [ 4] 3249 	rlca
   0BE2 07            [ 4] 3250 	rlca
   0BE3 07            [ 4] 3251 	rlca
   0BE4 07            [ 4] 3252 	rlca
   0BE5 E6 0F         [ 7] 3253 	and	a, #0x0f
   0BE7 4F            [ 4] 3254 	ld	c, a
                           3255 ;	genPointerSet
                           3256 ;	genMove_o size 2 result type 2 source type 7 a_dead 1 hl_dead 1 de_dead 1 iy_dead 1 f_dead 1
   0BE8 21r06s00      [10] 3257 	ld	hl, #_nibble_op_test_high1_2_volatileBits_10000_73
   0BEB ED 6F         [18] 3258 	rld
   0BED 79            [ 4] 3259 	ld	a, c
   0BEE ED 67         [18] 3260 	rrd
                           3261 ;	skipping iCode since result will be rematerialized
                           3262 ;	genPointerGet
   0BF0 3Ar06s00      [13] 3263 	ld	a, (#_nibble_op_test_high1_2_volatileBits_10000_73 + 0)
   0BF3 07            [ 4] 3264 	rlca
   0BF4 07            [ 4] 3265 	rlca
   0BF5 07            [ 4] 3266 	rlca
   0BF6 07            [ 4] 3267 	rlca
                           3268 ;	genIfx
   0BF7 E6 0F         [ 7] 3269 	and	a, #0x0f
                           3270 ; common peephole 100 removed redundant or after and.
                           3271 ; common peephole 163 changed absolute to relative conditional jump.
   0BF9 20 09         [12] 3272 	jr	nz, 00116$
                           3273 ;	skipping iCode since result will be rematerialized
                           3274 ;	genPointerGet
   0BFB 3Ar06s00      [13] 3275 	ld	a, (#_nibble_op_test_high1_2_volatileBits_10000_73 + 0)
   0BFE E6 0F         [ 7] 3276 	and	a, #0x0f
                           3277 ;	genCmpEq
   0C00 FE 0F         [ 7] 3278 	cp	a, #0x0f
                           3279 ; common peephole 163 changed absolute to relative conditional jump.
   0C02 28 04         [12] 3280 	jr	z, 00117$
                           3281 ; common peephole 81 removed jp by using inverse jump logic
                           3282 ; common peephole 159 removed unused label 00222$.
                           3283 ;	skipping generated iCode
                           3284 ;	genLabel
   0C04                    3285 00116$:
                           3286 ;	genAssign
                           3287 ;	genMove_o size 1 result type 11 source type 1 a_dead 1 hl_dead 1 de_dead 1 iy_dead 1 f_dead 1
   0C04 AF            [ 4] 3288 	xor	a, a
   0C05 32r00s00      [13] 3289 	ld	(#_success), a
                           3290 ; common peephole 19 loaded (#_success) from a directly instead of using hl.
                           3291 ;	genLabel
   0C08                    3292 00117$:
                           3293 ;	genAddrOf
   0C08 01r06s00      [10] 3294 	ld	bc, #_nibble_op_test_high1_2_volatileBits_10000_73+0
                           3295 ;	genPointerSet
   0C0B 0A            [ 7] 3296 	ld	a, (bc)
   0C0C F6 F0         [ 7] 3297 	or	a, #0xf0
   0C0E 02            [ 7] 3298 	ld	(bc), a
                           3299 ;	skipping iCode since result will be rematerialized
                           3300 ;	genPointerGet
   0C0F 3Ar06s00      [13] 3301 	ld	a, (#_nibble_op_test_high1_2_volatileBits_10000_73 + 0)
   0C12 07            [ 4] 3302 	rlca
   0C13 07            [ 4] 3303 	rlca
   0C14 07            [ 4] 3304 	rlca
   0C15 07            [ 4] 3305 	rlca
   0C16 E6 0F         [ 7] 3306 	and	a, #0x0f
                           3307 ;	genCmpEq
   0C18 FE 0F         [ 7] 3308 	cp	a, #0x0f
                           3309 ; common peephole 81 removed jp by using inverse jump logic
                           3310 ; common peephole 159 removed unused label 00223$.
                           3311 ; common peephole 163 changed absolute to relative conditional jump.
   0C1A 20 09         [12] 3312 	jr	nz, 00119$
                           3313 ; common peephole 82 removed jp by using inverse jump logic
                           3314 ; common peephole 159 removed unused label 00224$.
                           3315 ;	skipping generated iCode
                           3316 ;	skipping iCode since result will be rematerialized
                           3317 ;	genPointerGet
   0C1C 3Ar06s00      [13] 3318 	ld	a, (#_nibble_op_test_high1_2_volatileBits_10000_73 + 0)
   0C1F E6 0F         [ 7] 3319 	and	a, #0x0f
                           3320 ;	genCmpEq
   0C21 FE 0F         [ 7] 3321 	cp	a, #0x0f
                           3322 ; common peephole 163 changed absolute to relative conditional jump.
   0C23 28 04         [12] 3323 	jr	z, 00120$
                           3324 ; common peephole 81 removed jp by using inverse jump logic
                           3325 ; common peephole 159 removed unused label 00225$.
                           3326 ;	skipping generated iCode
                           3327 ;	genLabel
   0C25                    3328 00119$:
                           3329 ;	genAssign
                           3330 ;	genMove_o size 1 result type 11 source type 1 a_dead 1 hl_dead 1 de_dead 1 iy_dead 1 f_dead 1
   0C25 AF            [ 4] 3331 	xor	a, a
   0C26 32r00s00      [13] 3332 	ld	(#_success), a
                           3333 ; common peephole 19 loaded (#_success) from a directly instead of using hl.
                           3334 ;	genLabel
   0C29                    3335 00120$:
                           3336 ;	skipping iCode since result will be rematerialized
                           3337 ;	genAddrOf
                           3338 ;	genPointerGet
                           3339 ;fetchPairLong
   0C29 3Ar06s00      [13] 3340 	ld	a, (#_nibble_op_test_high1_2_volatileBits_10000_73+0)
                           3341 ; common peephole 17 loaded a from (#_nibble_op_test_high1_2_volatileBits_10000_73+0) directly instead of using hl.
   0C2C 07            [ 4] 3342 	rlca
   0C2D 07            [ 4] 3343 	rlca
   0C2E 07            [ 4] 3344 	rlca
   0C2F 07            [ 4] 3345 	rlca
   0C30 E6 0F         [ 7] 3346 	and	a, #0x0f
   0C32 4F            [ 4] 3347 	ld	c, a
                           3348 ;	genPointerSet
                           3349 ;	genMove_o size 2 result type 2 source type 7 a_dead 1 hl_dead 1 de_dead 1 iy_dead 1 f_dead 1
   0C33 21r06s00      [10] 3350 	ld	hl, #_nibble_op_test_high1_2_volatileBits_10000_73
   0C36 ED 6F         [18] 3351 	rld
   0C38 79            [ 4] 3352 	ld	a, c
   0C39 ED 67         [18] 3353 	rrd
                           3354 ;	skipping iCode since result will be rematerialized
                           3355 ;	genPointerGet
   0C3B 3Ar06s00      [13] 3356 	ld	a, (#_nibble_op_test_high1_2_volatileBits_10000_73 + 0)
   0C3E 07            [ 4] 3357 	rlca
   0C3F 07            [ 4] 3358 	rlca
   0C40 07            [ 4] 3359 	rlca
   0C41 07            [ 4] 3360 	rlca
   0C42 E6 0F         [ 7] 3361 	and	a, #0x0f
                           3362 ;	genCast
                           3363 ;	(locations are the same)
                           3364 ;	genCmpEq
   0C44 FE 0F         [ 7] 3365 	cp	a, #0x0f
                           3366 ; common peephole 81 removed jp by using inverse jump logic
                           3367 ; common peephole 159 removed unused label 00226$.
                           3368 ; common peephole 163 changed absolute to relative conditional jump.
   0C46 20 09         [12] 3369 	jr	nz, 00122$
                           3370 ; common peephole 82 removed jp by using inverse jump logic
                           3371 ; common peephole 159 removed unused label 00227$.
                           3372 ;	skipping generated iCode
                           3373 ;	skipping iCode since result will be rematerialized
                           3374 ;	genPointerGet
   0C48 3Ar06s00      [13] 3375 	ld	a, (#_nibble_op_test_high1_2_volatileBits_10000_73 + 0)
   0C4B E6 0F         [ 7] 3376 	and	a, #0x0f
                           3377 ;	genCmpEq
   0C4D FE 0F         [ 7] 3378 	cp	a, #0x0f
                           3379 ; common peephole 163 changed absolute to relative conditional jump.
   0C4F 28 04         [12] 3380 	jr	z, 00123$
                           3381 ; common peephole 81 removed jp by using inverse jump logic
                           3382 ; common peephole 159 removed unused label 00228$.
                           3383 ;	skipping generated iCode
                           3384 ;	genLabel
   0C51                    3385 00122$:
                           3386 ;	genAssign
                           3387 ;	genMove_o size 1 result type 11 source type 1 a_dead 1 hl_dead 1 de_dead 1 iy_dead 1 f_dead 1
   0C51 AF            [ 4] 3388 	xor	a, a
   0C52 32r00s00      [13] 3389 	ld	(#_success), a
                           3390 ; common peephole 19 loaded (#_success) from a directly instead of using hl.
                           3391 ;	genLabel
   0C55                    3392 00123$:
                           3393 ;	genPlus
                           3394 ;	genMove_o size 2 result type 2 source type 10 a_dead 1 hl_dead 1 de_dead 1 iy_dead 1 f_dead 1
   0C55 2Ar00s00      [16] 3395 	ld	hl, (___numTests)
   0C58 23            [ 6] 3396 	inc	hl
                           3397 ;	genMove_o size 2 result type 10 source type 2 a_dead 1 hl_dead 1 de_dead 1 iy_dead 1 f_dead 1
   0C59 22r00s00      [16] 3398 	ld	(___numTests), hl
                           3399 ;	genIfx
                           3400 ; common peephole 61 used hl instead of iy.
                           3401 ; common peephole 130a removed unnecessary +0 from constant
   0C5C 21r00s00      [10] 3402 	ld	hl, #_success
   0C5F CB 46         [12] 3403 	bit	0, (hl)
   0C61 C0            [11] 3404 	ret	nz
                           3405 ; common peephole 161 replaced jump by return.
                           3406 ;	skipping iCode since result will be rematerialized
                           3407 ;	skipping iCode since result will be rematerialized
                           3408 ;	skipping iCode since result will be rematerialized
                           3409 ;	skipping iCode since result will be rematerialized
                           3410 ;	skipping iCode since result will be rematerialized
                           3411 ;	skipping iCode since result will be rematerialized
                           3412 ;	genIpush
                           3413 ;	genMove_o size 2 result type 2 source type 1 a_dead 1 hl_dead 1 de_dead 1 iy_dead 1 f_dead 1
   0C62 21 70 01      [10] 3414 	ld	hl, #0x0170
   0C65 E5            [11] 3415 	push	hl
                           3416 ;	genIpush
                           3417 ;	genMove_o size 2 result type 2 source type 7 a_dead 1 hl_dead 1 de_dead 1 iy_dead 1 f_dead 1
   0C66 21r8Ds0C      [10] 3418 	ld	hl, #___str_20
   0C69 E5            [11] 3419 	push	hl
                           3420 ;	genSend
                           3421 ;	genMove_o size 2 result type 2 source type 7 a_dead 1 hl_dead 1 de_dead 1 iy_dead 1 f_dead 1
   0C6A 11r85s0C      [10] 3422 	ld	de, #___str_19
                           3423 ;	genSend
                           3424 ;	genMove_o size 2 result type 2 source type 7 a_dead 1 hl_dead 1 de_dead 0 iy_dead 1 f_dead 1
   0C6D 21r74s0C      [10] 3425 	ld	hl, #___str_18
                           3426 ;	genCall
   0C70 CDr00s00      [17] 3427 	call	___fail
                           3428 ;	genLabel
                           3429 ; common peephole 159 removed unused label 00125$.
                           3430 ;cases/bitfields-nibbles/bitfields-nibbles_operation_1_pattern_1_varType_4.c:369: }
                           3431 ;	genEndFunction
   0C73 C9            [10] 3432 	ret
                           3433 ;	Total nibble_op_test_high1_2 function size at codegen: 17 bytes.
   0C74                    3434 ___str_18:
   0C74 41 73 73 65 72 74  3435 	.ascii "Assertion failed"
        69 6F 6E 20 66 61
        69 6C 65 64
   0C84 00                 3436 	.db 0x00
   0C85                    3437 ___str_19:
   0C85 73 75 63 63 65 73  3438 	.ascii "success"
        73
   0C8C 00                 3439 	.db 0x00
   0C8D                    3440 ___str_20:
   0C8D 63 61 73 65 73 2F  3441 	.ascii "cases/bitfields-nibbles/bitfields-nibbles_operation_1_patter"
        62 69 74 66 69 65
        6C 64 73 2D 6E 69
        62 62 6C 65 73 2F
        62 69 74 66 69 65
        6C 64 73 2D 6E 69
        62 62 6C 65 73 5F
        6F 70 65 72 61 74
        69 6F 6E 5F 31 5F
        70 61 74 74 65 72
   0CC9 6E 5F 31 5F 76 61  3442 	.ascii "n_1_varType_4.c"
        72 54 79 70 65 5F
        34 2E 63
   0CD8 00                 3443 	.db 0x00
                           3444 ;cases/bitfields-nibbles/bitfields-nibbles_operation_1_pattern_1_varType_4.c:371: nibble_op_test_high2_1(void)
                           3445 ;	genLabel
                           3446 ;	genFunction
                           3447 ;	---------------------------------
                           3448 ; Function nibble_op_test_high2_1
                           3449 ; ---------------------------------
                           3450 ;	Register assignment might be sub-optimal.
                           3451 ; Stack space usage: 0 bytes.
   0CD9                    3452 _nibble_op_test_high2_1:
                           3453 ;cases/bitfields-nibbles/bitfields-nibbles_operation_1_pattern_1_varType_4.c:374: TEST(high, 0x01);
                           3454 ;	genAssign
                           3455 ;	genMove_o size 1 result type 11 source type 1 a_dead 1 hl_dead 1 de_dead 1 iy_dead 1 f_dead 1
   0CD9 21r00s00      [10] 3456 	ld	hl, #_success
   0CDC 36 01         [10] 3457 	ld	(hl), #0x01
                           3458 ;	genAddrOf
   0CDE 01r07s00      [10] 3459 	ld	bc, #_nibble_op_test_high2_1_volatileBits_10000_83+0
                           3460 ;	genPointerSet
   0CE1 0A            [ 7] 3461 	ld	a, (bc)
   0CE2 E6 0F         [ 7] 3462 	and	a, #0x0f
   0CE4 02            [ 7] 3463 	ld	(bc), a
                           3464 ;	genAddrOf
   0CE5 01r07s00      [10] 3465 	ld	bc, #_nibble_op_test_high2_1_volatileBits_10000_83+0
                           3466 ;	genPointerSet
   0CE8 0A            [ 7] 3467 	ld	a, (bc)
   0CE9 F6 0F         [ 7] 3468 	or	a, #0x0f
   0CEB 02            [ 7] 3469 	ld	(bc), a
                           3470 ;	skipping iCode since result will be rematerialized
                           3471 ;	genPointerGet
   0CEC 3Ar07s00      [13] 3472 	ld	a, (#_nibble_op_test_high2_1_volatileBits_10000_83 + 0)
   0CEF 07            [ 4] 3473 	rlca
   0CF0 07            [ 4] 3474 	rlca
   0CF1 07            [ 4] 3475 	rlca
   0CF2 07            [ 4] 3476 	rlca
                           3477 ;	genIfx
   0CF3 E6 0F         [ 7] 3478 	and	a, #0x0f
                           3479 ; common peephole 100 removed redundant or after and.
                           3480 ; common peephole 163 changed absolute to relative conditional jump.
   0CF5 20 09         [12] 3481 	jr	nz, 00101$
                           3482 ;	skipping iCode since result will be rematerialized
                           3483 ;	genPointerGet
   0CF7 3Ar07s00      [13] 3484 	ld	a, (#_nibble_op_test_high2_1_volatileBits_10000_83 + 0)
   0CFA E6 0F         [ 7] 3485 	and	a, #0x0f
                           3486 ;	genCmpEq
   0CFC FE 0F         [ 7] 3487 	cp	a, #0x0f
                           3488 ; common peephole 163 changed absolute to relative conditional jump.
   0CFE 28 04         [12] 3489 	jr	z, 00102$
                           3490 ; common peephole 81 removed jp by using inverse jump logic
                           3491 ; common peephole 159 removed unused label 00211$.
                           3492 ;	skipping generated iCode
                           3493 ;	genLabel
   0D00                    3494 00101$:
                           3495 ;	genAssign
                           3496 ;	genMove_o size 1 result type 11 source type 1 a_dead 1 hl_dead 1 de_dead 1 iy_dead 1 f_dead 1
   0D00 AF            [ 4] 3497 	xor	a, a
   0D01 32r00s00      [13] 3498 	ld	(#_success), a
                           3499 ; common peephole 19 loaded (#_success) from a directly instead of using hl.
                           3500 ;	genLabel
   0D04                    3501 00102$:
                           3502 ;	skipping iCode since result will be rematerialized
                           3503 ;	skipping iCode since result will be rematerialized
                           3504 ;	genPointerGet
   0D04 3Ar07s00      [13] 3505 	ld	a, (#_nibble_op_test_high2_1_volatileBits_10000_83 + 0)
   0D07 07            [ 4] 3506 	rlca
   0D08 07            [ 4] 3507 	rlca
   0D09 07            [ 4] 3508 	rlca
   0D0A 07            [ 4] 3509 	rlca
   0D0B E6 0F         [ 7] 3510 	and	a, #0x0f
                           3511 ;	genOr
   0D0D F6 01         [ 7] 3512 	or	a, #0x01
                           3513 ;	genMove_o size 1 result type 2 source type 2 a_dead 1 hl_dead 1 de_dead 1 iy_dead 1 f_dead 1
   0D0F 4F            [ 4] 3514 	ld	c, a
                           3515 ;	genMove_o size 0 result type 2 source type 1 a_dead 1 hl_dead 1 de_dead 1 iy_dead 1 f_dead 1
                           3516 ;	genPointerSet
                           3517 ;	genMove_o size 2 result type 2 source type 7 a_dead 1 hl_dead 1 de_dead 1 iy_dead 1 f_dead 1
   0D10 21r07s00      [10] 3518 	ld	hl, #_nibble_op_test_high2_1_volatileBits_10000_83
   0D13 ED 6F         [18] 3519 	rld
   0D15 79            [ 4] 3520 	ld	a, c
   0D16 ED 67         [18] 3521 	rrd
                           3522 ;	skipping iCode since result will be rematerialized
                           3523 ;	genPointerGet
   0D18 3Ar07s00      [13] 3524 	ld	a, (#_nibble_op_test_high2_1_volatileBits_10000_83 + 0)
   0D1B 07            [ 4] 3525 	rlca
   0D1C 07            [ 4] 3526 	rlca
   0D1D 07            [ 4] 3527 	rlca
   0D1E 07            [ 4] 3528 	rlca
   0D1F E6 0F         [ 7] 3529 	and	a, #0x0f
                           3530 ;	genCmpEq
   0D21 FE 01         [ 7] 3531 	cp	a, #0x01
                           3532 ; common peephole 81 removed jp by using inverse jump logic
                           3533 ; common peephole 159 removed unused label 00212$.
                           3534 ; common peephole 163 changed absolute to relative conditional jump.
   0D23 20 09         [12] 3535 	jr	nz, 00104$
                           3536 ; common peephole 82 removed jp by using inverse jump logic
                           3537 ; common peephole 159 removed unused label 00213$.
                           3538 ;	skipping generated iCode
                           3539 ;	skipping iCode since result will be rematerialized
                           3540 ;	genPointerGet
   0D25 3Ar07s00      [13] 3541 	ld	a, (#_nibble_op_test_high2_1_volatileBits_10000_83 + 0)
   0D28 E6 0F         [ 7] 3542 	and	a, #0x0f
                           3543 ;	genCmpEq
   0D2A FE 0F         [ 7] 3544 	cp	a, #0x0f
                           3545 ; common peephole 163 changed absolute to relative conditional jump.
   0D2C 28 04         [12] 3546 	jr	z, 00105$
                           3547 ; common peephole 81 removed jp by using inverse jump logic
                           3548 ; common peephole 159 removed unused label 00214$.
                           3549 ;	skipping generated iCode
                           3550 ;	genLabel
   0D2E                    3551 00104$:
                           3552 ;	genAssign
                           3553 ;	genMove_o size 1 result type 11 source type 1 a_dead 1 hl_dead 1 de_dead 1 iy_dead 1 f_dead 1
   0D2E AF            [ 4] 3554 	xor	a, a
   0D2F 32r00s00      [13] 3555 	ld	(#_success), a
                           3556 ; common peephole 19 loaded (#_success) from a directly instead of using hl.
                           3557 ;	genLabel
   0D32                    3558 00105$:
                           3559 ;	genAddrOf
   0D32 01r07s00      [10] 3560 	ld	bc, #_nibble_op_test_high2_1_volatileBits_10000_83+0
                           3561 ;	genPointerSet
   0D35 0A            [ 7] 3562 	ld	a, (bc)
   0D36 F6 F0         [ 7] 3563 	or	a, #0xf0
   0D38 02            [ 7] 3564 	ld	(bc), a
                           3565 ;	skipping iCode since result will be rematerialized
                           3566 ;	genPointerGet
   0D39 3Ar07s00      [13] 3567 	ld	a, (#_nibble_op_test_high2_1_volatileBits_10000_83 + 0)
   0D3C 07            [ 4] 3568 	rlca
   0D3D 07            [ 4] 3569 	rlca
   0D3E 07            [ 4] 3570 	rlca
   0D3F 07            [ 4] 3571 	rlca
   0D40 E6 0F         [ 7] 3572 	and	a, #0x0f
                           3573 ;	genCmpEq
   0D42 FE 0F         [ 7] 3574 	cp	a, #0x0f
                           3575 ; common peephole 81 removed jp by using inverse jump logic
                           3576 ; common peephole 159 removed unused label 00215$.
                           3577 ; common peephole 163 changed absolute to relative conditional jump.
   0D44 20 09         [12] 3578 	jr	nz, 00107$
                           3579 ; common peephole 82 removed jp by using inverse jump logic
                           3580 ; common peephole 159 removed unused label 00216$.
                           3581 ;	skipping generated iCode
                           3582 ;	skipping iCode since result will be rematerialized
                           3583 ;	genPointerGet
   0D46 3Ar07s00      [13] 3584 	ld	a, (#_nibble_op_test_high2_1_volatileBits_10000_83 + 0)
   0D49 E6 0F         [ 7] 3585 	and	a, #0x0f
                           3586 ;	genCmpEq
   0D4B FE 0F         [ 7] 3587 	cp	a, #0x0f
                           3588 ; common peephole 163 changed absolute to relative conditional jump.
   0D4D 28 04         [12] 3589 	jr	z, 00108$
                           3590 ; common peephole 81 removed jp by using inverse jump logic
                           3591 ; common peephole 159 removed unused label 00217$.
                           3592 ;	skipping generated iCode
                           3593 ;	genLabel
   0D4F                    3594 00107$:
                           3595 ;	genAssign
                           3596 ;	genMove_o size 1 result type 11 source type 1 a_dead 1 hl_dead 1 de_dead 1 iy_dead 1 f_dead 1
   0D4F AF            [ 4] 3597 	xor	a, a
   0D50 32r00s00      [13] 3598 	ld	(#_success), a
                           3599 ; common peephole 19 loaded (#_success) from a directly instead of using hl.
                           3600 ;	genLabel
   0D53                    3601 00108$:
                           3602 ;	skipping iCode since result will be rematerialized
                           3603 ;	skipping iCode since result will be rematerialized
                           3604 ;	genPointerGet
   0D53 3Ar07s00      [13] 3605 	ld	a, (#_nibble_op_test_high2_1_volatileBits_10000_83 + 0)
   0D56 07            [ 4] 3606 	rlca
   0D57 07            [ 4] 3607 	rlca
   0D58 07            [ 4] 3608 	rlca
   0D59 07            [ 4] 3609 	rlca
   0D5A E6 0F         [ 7] 3610 	and	a, #0x0f
                           3611 ;	genOr
   0D5C F6 01         [ 7] 3612 	or	a, #0x01
                           3613 ;	genMove_o size 1 result type 2 source type 2 a_dead 1 hl_dead 1 de_dead 1 iy_dead 1 f_dead 1
   0D5E 4F            [ 4] 3614 	ld	c, a
                           3615 ;	genMove_o size 0 result type 2 source type 1 a_dead 1 hl_dead 1 de_dead 1 iy_dead 1 f_dead 1
                           3616 ;	genPointerSet
                           3617 ;	genMove_o size 2 result type 2 source type 7 a_dead 1 hl_dead 1 de_dead 1 iy_dead 1 f_dead 1
   0D5F 21r07s00      [10] 3618 	ld	hl, #_nibble_op_test_high2_1_volatileBits_10000_83
   0D62 ED 6F         [18] 3619 	rld
   0D64 79            [ 4] 3620 	ld	a, c
   0D65 ED 67         [18] 3621 	rrd
                           3622 ;	skipping iCode since result will be rematerialized
                           3623 ;	genPointerGet
   0D67 3Ar07s00      [13] 3624 	ld	a, (#_nibble_op_test_high2_1_volatileBits_10000_83 + 0)
   0D6A 07            [ 4] 3625 	rlca
   0D6B 07            [ 4] 3626 	rlca
   0D6C 07            [ 4] 3627 	rlca
   0D6D 07            [ 4] 3628 	rlca
   0D6E E6 0F         [ 7] 3629 	and	a, #0x0f
                           3630 ;	genCast
                           3631 ;	(locations are the same)
                           3632 ;	genCmpEq
   0D70 FE 0F         [ 7] 3633 	cp	a, #0x0f
                           3634 ; common peephole 81 removed jp by using inverse jump logic
                           3635 ; common peephole 159 removed unused label 00218$.
                           3636 ; common peephole 163 changed absolute to relative conditional jump.
   0D72 20 09         [12] 3637 	jr	nz, 00110$
                           3638 ; common peephole 82 removed jp by using inverse jump logic
                           3639 ; common peephole 159 removed unused label 00219$.
                           3640 ;	skipping generated iCode
                           3641 ;	skipping iCode since result will be rematerialized
                           3642 ;	genPointerGet
   0D74 3Ar07s00      [13] 3643 	ld	a, (#_nibble_op_test_high2_1_volatileBits_10000_83 + 0)
   0D77 E6 0F         [ 7] 3644 	and	a, #0x0f
                           3645 ;	genCmpEq
   0D79 FE 0F         [ 7] 3646 	cp	a, #0x0f
                           3647 ; common peephole 163 changed absolute to relative conditional jump.
   0D7B 28 04         [12] 3648 	jr	z, 00111$
                           3649 ; common peephole 81 removed jp by using inverse jump logic
                           3650 ; common peephole 159 removed unused label 00220$.
                           3651 ;	skipping generated iCode
                           3652 ;	genLabel
   0D7D                    3653 00110$:
                           3654 ;	genAssign
                           3655 ;	genMove_o size 1 result type 11 source type 1 a_dead 1 hl_dead 1 de_dead 1 iy_dead 1 f_dead 1
   0D7D AF            [ 4] 3656 	xor	a, a
   0D7E 32r00s00      [13] 3657 	ld	(#_success), a
                           3658 ; common peephole 19 loaded (#_success) from a directly instead of using hl.
                           3659 ;	genLabel
   0D81                    3660 00111$:
                           3661 ;	genPlus
                           3662 ;	genMove_o size 2 result type 2 source type 10 a_dead 1 hl_dead 1 de_dead 1 iy_dead 1 f_dead 1
   0D81 2Ar00s00      [16] 3663 	ld	hl, (___numTests)
   0D84 23            [ 6] 3664 	inc	hl
                           3665 ;	genMove_o size 2 result type 10 source type 2 a_dead 1 hl_dead 1 de_dead 1 iy_dead 1 f_dead 1
   0D85 22r00s00      [16] 3666 	ld	(___numTests), hl
                           3667 ;	genIfx
                           3668 ; common peephole 61 used hl instead of iy.
                           3669 ; common peephole 130a removed unnecessary +0 from constant
   0D88 21r00s00      [10] 3670 	ld	hl, #_success
   0D8B CB 46         [12] 3671 	bit	0, (hl)
                           3672 ; common peephole 163 changed absolute to relative conditional jump.
   0D8D 20 11         [12] 3673 	jr	nz, 00128$
                           3674 ;	skipping iCode since result will be rematerialized
                           3675 ;	skipping iCode since result will be rematerialized
                           3676 ;	skipping iCode since result will be rematerialized
                           3677 ;	skipping iCode since result will be rematerialized
                           3678 ;	skipping iCode since result will be rematerialized
                           3679 ;	skipping iCode since result will be rematerialized
                           3680 ;	genIpush
                           3681 ;	genMove_o size 2 result type 2 source type 1 a_dead 1 hl_dead 1 de_dead 1 iy_dead 1 f_dead 1
   0D8F 21 76 01      [10] 3682 	ld	hl, #0x0176
   0D92 E5            [11] 3683 	push	hl
                           3684 ;	genIpush
                           3685 ;	genMove_o size 2 result type 2 source type 7 a_dead 1 hl_dead 1 de_dead 1 iy_dead 1 f_dead 1
   0D93 21r80s0E      [10] 3686 	ld	hl, #___str_23
   0D96 E5            [11] 3687 	push	hl
                           3688 ;	genSend
                           3689 ;	genMove_o size 2 result type 2 source type 7 a_dead 1 hl_dead 1 de_dead 1 iy_dead 1 f_dead 1
   0D97 11r78s0E      [10] 3690 	ld	de, #___str_22
                           3691 ;	genSend
                           3692 ;	genMove_o size 2 result type 2 source type 7 a_dead 1 hl_dead 1 de_dead 0 iy_dead 1 f_dead 1
   0D9A 21r67s0E      [10] 3693 	ld	hl, #___str_21
                           3694 ;	genCall
   0D9D CDr00s00      [17] 3695 	call	___fail
                           3696 ;	genLabel
   0DA0                    3697 00128$:
                           3698 ;cases/bitfields-nibbles/bitfields-nibbles_operation_1_pattern_1_varType_4.c:375: TEST(high, 0x02);
                           3699 ;	genAssign
                           3700 ;	genMove_o size 1 result type 11 source type 1 a_dead 1 hl_dead 1 de_dead 1 iy_dead 1 f_dead 1
   0DA0 21r00s00      [10] 3701 	ld	hl, #_success
   0DA3 36 01         [10] 3702 	ld	(hl), #0x01
                           3703 ;	genAddrOf
   0DA5 01r07s00      [10] 3704 	ld	bc, #_nibble_op_test_high2_1_volatileBits_10000_83+0
                           3705 ;	genPointerSet
   0DA8 0A            [ 7] 3706 	ld	a, (bc)
   0DA9 E6 0F         [ 7] 3707 	and	a, #0x0f
   0DAB 02            [ 7] 3708 	ld	(bc), a
                           3709 ;	genAddrOf
   0DAC 01r07s00      [10] 3710 	ld	bc, #_nibble_op_test_high2_1_volatileBits_10000_83+0
                           3711 ;	genPointerSet
   0DAF 0A            [ 7] 3712 	ld	a, (bc)
   0DB0 F6 0F         [ 7] 3713 	or	a, #0x0f
   0DB2 02            [ 7] 3714 	ld	(bc), a
                           3715 ;	skipping iCode since result will be rematerialized
                           3716 ;	genPointerGet
   0DB3 3Ar07s00      [13] 3717 	ld	a, (#_nibble_op_test_high2_1_volatileBits_10000_83 + 0)
   0DB6 07            [ 4] 3718 	rlca
   0DB7 07            [ 4] 3719 	rlca
   0DB8 07            [ 4] 3720 	rlca
   0DB9 07            [ 4] 3721 	rlca
                           3722 ;	genIfx
   0DBA E6 0F         [ 7] 3723 	and	a, #0x0f
                           3724 ; common peephole 100 removed redundant or after and.
                           3725 ; common peephole 163 changed absolute to relative conditional jump.
   0DBC 20 09         [12] 3726 	jr	nz, 00113$
                           3727 ;	skipping iCode since result will be rematerialized
                           3728 ;	genPointerGet
   0DBE 3Ar07s00      [13] 3729 	ld	a, (#_nibble_op_test_high2_1_volatileBits_10000_83 + 0)
   0DC1 E6 0F         [ 7] 3730 	and	a, #0x0f
                           3731 ;	genCmpEq
   0DC3 FE 0F         [ 7] 3732 	cp	a, #0x0f
                           3733 ; common peephole 163 changed absolute to relative conditional jump.
   0DC5 28 04         [12] 3734 	jr	z, 00114$
                           3735 ; common peephole 81 removed jp by using inverse jump logic
                           3736 ; common peephole 159 removed unused label 00221$.
                           3737 ;	skipping generated iCode
                           3738 ;	genLabel
   0DC7                    3739 00113$:
                           3740 ;	genAssign
                           3741 ;	genMove_o size 1 result type 11 source type 1 a_dead 1 hl_dead 1 de_dead 1 iy_dead 1 f_dead 1
   0DC7 AF            [ 4] 3742 	xor	a, a
   0DC8 32r00s00      [13] 3743 	ld	(#_success), a
                           3744 ; common peephole 19 loaded (#_success) from a directly instead of using hl.
                           3745 ;	genLabel
   0DCB                    3746 00114$:
                           3747 ;	skipping iCode since result will be rematerialized
                           3748 ;	skipping iCode since result will be rematerialized
                           3749 ;	genPointerGet
   0DCB 3Ar07s00      [13] 3750 	ld	a, (#_nibble_op_test_high2_1_volatileBits_10000_83 + 0)
   0DCE 07            [ 4] 3751 	rlca
   0DCF 07            [ 4] 3752 	rlca
   0DD0 07            [ 4] 3753 	rlca
   0DD1 07            [ 4] 3754 	rlca
   0DD2 E6 0F         [ 7] 3755 	and	a, #0x0f
                           3756 ;	genOr
   0DD4 F6 02         [ 7] 3757 	or	a, #0x02
                           3758 ;	genMove_o size 1 result type 2 source type 2 a_dead 1 hl_dead 1 de_dead 1 iy_dead 1 f_dead 1
   0DD6 4F            [ 4] 3759 	ld	c, a
                           3760 ;	genMove_o size 0 result type 2 source type 1 a_dead 1 hl_dead 1 de_dead 1 iy_dead 1 f_dead 1
                           3761 ;	genPointerSet
                           3762 ;	genMove_o size 2 result type 2 source type 7 a_dead 1 hl_dead 1 de_dead 1 iy_dead 1 f_dead 1
   0DD7 21r07s00      [10] 3763 	ld	hl, #_nibble_op_test_high2_1_volatileBits_10000_83
   0DDA ED 6F         [18] 3764 	rld
   0DDC 79            [ 4] 3765 	ld	a, c
   0DDD ED 67         [18] 3766 	rrd
                           3767 ;	skipping iCode since result will be rematerialized
                           3768 ;	genPointerGet
   0DDF 3Ar07s00      [13] 3769 	ld	a, (#_nibble_op_test_high2_1_volatileBits_10000_83 + 0)
   0DE2 07            [ 4] 3770 	rlca
   0DE3 07            [ 4] 3771 	rlca
   0DE4 07            [ 4] 3772 	rlca
   0DE5 07            [ 4] 3773 	rlca
   0DE6 E6 0F         [ 7] 3774 	and	a, #0x0f
                           3775 ;	genCast
                           3776 ;	(locations are the same)
                           3777 ;	genCmpEq
   0DE8 FE 02         [ 7] 3778 	cp	a, #0x02
                           3779 ; common peephole 81 removed jp by using inverse jump logic
                           3780 ; common peephole 159 removed unused label 00222$.
                           3781 ; common peephole 163 changed absolute to relative conditional jump.
   0DEA 20 09         [12] 3782 	jr	nz, 00116$
                           3783 ; common peephole 82 removed jp by using inverse jump logic
                           3784 ; common peephole 159 removed unused label 00223$.
                           3785 ;	skipping generated iCode
                           3786 ;	skipping iCode since result will be rematerialized
                           3787 ;	genPointerGet
   0DEC 3Ar07s00      [13] 3788 	ld	a, (#_nibble_op_test_high2_1_volatileBits_10000_83 + 0)
   0DEF E6 0F         [ 7] 3789 	and	a, #0x0f
                           3790 ;	genCmpEq
   0DF1 FE 0F         [ 7] 3791 	cp	a, #0x0f
                           3792 ; common peephole 163 changed absolute to relative conditional jump.
   0DF3 28 04         [12] 3793 	jr	z, 00117$
                           3794 ; common peephole 81 removed jp by using inverse jump logic
                           3795 ; common peephole 159 removed unused label 00224$.
                           3796 ;	skipping generated iCode
                           3797 ;	genLabel
   0DF5                    3798 00116$:
                           3799 ;	genAssign
                           3800 ;	genMove_o size 1 result type 11 source type 1 a_dead 1 hl_dead 1 de_dead 1 iy_dead 1 f_dead 1
   0DF5 AF            [ 4] 3801 	xor	a, a
   0DF6 32r00s00      [13] 3802 	ld	(#_success), a
                           3803 ; common peephole 19 loaded (#_success) from a directly instead of using hl.
                           3804 ;	genLabel
   0DF9                    3805 00117$:
                           3806 ;	genAddrOf
   0DF9 01r07s00      [10] 3807 	ld	bc, #_nibble_op_test_high2_1_volatileBits_10000_83+0
                           3808 ;	genPointerSet
   0DFC 0A            [ 7] 3809 	ld	a, (bc)
   0DFD F6 F0         [ 7] 3810 	or	a, #0xf0
   0DFF 02            [ 7] 3811 	ld	(bc), a
                           3812 ;	skipping iCode since result will be rematerialized
                           3813 ;	genPointerGet
   0E00 3Ar07s00      [13] 3814 	ld	a, (#_nibble_op_test_high2_1_volatileBits_10000_83 + 0)
   0E03 07            [ 4] 3815 	rlca
   0E04 07            [ 4] 3816 	rlca
   0E05 07            [ 4] 3817 	rlca
   0E06 07            [ 4] 3818 	rlca
   0E07 E6 0F         [ 7] 3819 	and	a, #0x0f
                           3820 ;	genCmpEq
   0E09 FE 0F         [ 7] 3821 	cp	a, #0x0f
                           3822 ; common peephole 81 removed jp by using inverse jump logic
                           3823 ; common peephole 159 removed unused label 00225$.
                           3824 ; common peephole 163 changed absolute to relative conditional jump.
   0E0B 20 09         [12] 3825 	jr	nz, 00119$
                           3826 ; common peephole 82 removed jp by using inverse jump logic
                           3827 ; common peephole 159 removed unused label 00226$.
                           3828 ;	skipping generated iCode
                           3829 ;	skipping iCode since result will be rematerialized
                           3830 ;	genPointerGet
   0E0D 3Ar07s00      [13] 3831 	ld	a, (#_nibble_op_test_high2_1_volatileBits_10000_83 + 0)
   0E10 E6 0F         [ 7] 3832 	and	a, #0x0f
                           3833 ;	genCmpEq
   0E12 FE 0F         [ 7] 3834 	cp	a, #0x0f
                           3835 ; common peephole 163 changed absolute to relative conditional jump.
   0E14 28 04         [12] 3836 	jr	z, 00120$
                           3837 ; common peephole 81 removed jp by using inverse jump logic
                           3838 ; common peephole 159 removed unused label 00227$.
                           3839 ;	skipping generated iCode
                           3840 ;	genLabel
   0E16                    3841 00119$:
                           3842 ;	genAssign
                           3843 ;	genMove_o size 1 result type 11 source type 1 a_dead 1 hl_dead 1 de_dead 1 iy_dead 1 f_dead 1
   0E16 AF            [ 4] 3844 	xor	a, a
   0E17 32r00s00      [13] 3845 	ld	(#_success), a
                           3846 ; common peephole 19 loaded (#_success) from a directly instead of using hl.
                           3847 ;	genLabel
   0E1A                    3848 00120$:
                           3849 ;	skipping iCode since result will be rematerialized
                           3850 ;	skipping iCode since result will be rematerialized
                           3851 ;	genPointerGet
   0E1A 3Ar07s00      [13] 3852 	ld	a, (#_nibble_op_test_high2_1_volatileBits_10000_83 + 0)
   0E1D 07            [ 4] 3853 	rlca
   0E1E 07            [ 4] 3854 	rlca
   0E1F 07            [ 4] 3855 	rlca
   0E20 07            [ 4] 3856 	rlca
   0E21 E6 0F         [ 7] 3857 	and	a, #0x0f
                           3858 ;	genOr
   0E23 F6 02         [ 7] 3859 	or	a, #0x02
                           3860 ;	genMove_o size 1 result type 2 source type 2 a_dead 1 hl_dead 1 de_dead 1 iy_dead 1 f_dead 1
   0E25 4F            [ 4] 3861 	ld	c, a
                           3862 ;	genMove_o size 0 result type 2 source type 1 a_dead 1 hl_dead 1 de_dead 1 iy_dead 1 f_dead 1
                           3863 ;	genPointerSet
                           3864 ;	genMove_o size 2 result type 2 source type 7 a_dead 1 hl_dead 1 de_dead 1 iy_dead 1 f_dead 1
   0E26 21r07s00      [10] 3865 	ld	hl, #_nibble_op_test_high2_1_volatileBits_10000_83
   0E29 ED 6F         [18] 3866 	rld
   0E2B 79            [ 4] 3867 	ld	a, c
   0E2C ED 67         [18] 3868 	rrd
                           3869 ;	skipping iCode since result will be rematerialized
                           3870 ;	genPointerGet
   0E2E 3Ar07s00      [13] 3871 	ld	a, (#_nibble_op_test_high2_1_volatileBits_10000_83 + 0)
   0E31 07            [ 4] 3872 	rlca
   0E32 07            [ 4] 3873 	rlca
   0E33 07            [ 4] 3874 	rlca
   0E34 07            [ 4] 3875 	rlca
   0E35 E6 0F         [ 7] 3876 	and	a, #0x0f
                           3877 ;	genCast
                           3878 ;	(locations are the same)
                           3879 ;	genCmpEq
   0E37 FE 0F         [ 7] 3880 	cp	a, #0x0f
                           3881 ; common peephole 81 removed jp by using inverse jump logic
                           3882 ; common peephole 159 removed unused label 00228$.
                           3883 ; common peephole 163 changed absolute to relative conditional jump.
   0E39 20 09         [12] 3884 	jr	nz, 00122$
                           3885 ; common peephole 82 removed jp by using inverse jump logic
                           3886 ; common peephole 159 removed unused label 00229$.
                           3887 ;	skipping generated iCode
                           3888 ;	skipping iCode since result will be rematerialized
                           3889 ;	genPointerGet
   0E3B 3Ar07s00      [13] 3890 	ld	a, (#_nibble_op_test_high2_1_volatileBits_10000_83 + 0)
   0E3E E6 0F         [ 7] 3891 	and	a, #0x0f
                           3892 ;	genCmpEq
   0E40 FE 0F         [ 7] 3893 	cp	a, #0x0f
                           3894 ; common peephole 163 changed absolute to relative conditional jump.
   0E42 28 04         [12] 3895 	jr	z, 00123$
                           3896 ; common peephole 81 removed jp by using inverse jump logic
                           3897 ; common peephole 159 removed unused label 00230$.
                           3898 ;	skipping generated iCode
                           3899 ;	genLabel
   0E44                    3900 00122$:
                           3901 ;	genAssign
                           3902 ;	genMove_o size 1 result type 11 source type 1 a_dead 1 hl_dead 1 de_dead 1 iy_dead 1 f_dead 1
   0E44 AF            [ 4] 3903 	xor	a, a
   0E45 32r00s00      [13] 3904 	ld	(#_success), a
                           3905 ; common peephole 19 loaded (#_success) from a directly instead of using hl.
                           3906 ;	genLabel
   0E48                    3907 00123$:
                           3908 ;	genPlus
                           3909 ;	genMove_o size 2 result type 2 source type 10 a_dead 1 hl_dead 1 de_dead 1 iy_dead 1 f_dead 1
   0E48 2Ar00s00      [16] 3910 	ld	hl, (___numTests)
   0E4B 23            [ 6] 3911 	inc	hl
                           3912 ;	genMove_o size 2 result type 10 source type 2 a_dead 1 hl_dead 1 de_dead 1 iy_dead 1 f_dead 1
   0E4C 22r00s00      [16] 3913 	ld	(___numTests), hl
                           3914 ;	genIfx
                           3915 ; common peephole 61 used hl instead of iy.
                           3916 ; common peephole 130a removed unnecessary +0 from constant
   0E4F 21r00s00      [10] 3917 	ld	hl, #_success
   0E52 CB 46         [12] 3918 	bit	0, (hl)
   0E54 C0            [11] 3919 	ret	nz
                           3920 ; common peephole 161 replaced jump by return.
                           3921 ;	skipping iCode since result will be rematerialized
                           3922 ;	skipping iCode since result will be rematerialized
                           3923 ;	skipping iCode since result will be rematerialized
                           3924 ;	skipping iCode since result will be rematerialized
                           3925 ;	skipping iCode since result will be rematerialized
                           3926 ;	skipping iCode since result will be rematerialized
                           3927 ;	genIpush
                           3928 ;	genMove_o size 2 result type 2 source type 1 a_dead 1 hl_dead 1 de_dead 1 iy_dead 1 f_dead 1
   0E55 21 77 01      [10] 3929 	ld	hl, #0x0177
   0E58 E5            [11] 3930 	push	hl
                           3931 ;	genIpush
                           3932 ;	genMove_o size 2 result type 2 source type 7 a_dead 1 hl_dead 1 de_dead 1 iy_dead 1 f_dead 1
   0E59 21r80s0E      [10] 3933 	ld	hl, #___str_23
   0E5C E5            [11] 3934 	push	hl
                           3935 ;	genSend
                           3936 ;	genMove_o size 2 result type 2 source type 7 a_dead 1 hl_dead 1 de_dead 1 iy_dead 1 f_dead 1
   0E5D 11r78s0E      [10] 3937 	ld	de, #___str_22
                           3938 ;	genSend
                           3939 ;	genMove_o size 2 result type 2 source type 7 a_dead 1 hl_dead 1 de_dead 0 iy_dead 1 f_dead 1
   0E60 21r67s0E      [10] 3940 	ld	hl, #___str_21
                           3941 ;	genCall
   0E63 CDr00s00      [17] 3942 	call	___fail
                           3943 ;	genLabel
                           3944 ; common peephole 159 removed unused label 00125$.
                           3945 ;cases/bitfields-nibbles/bitfields-nibbles_operation_1_pattern_1_varType_4.c:376: }
                           3946 ;	genEndFunction
   0E66 C9            [10] 3947 	ret
                           3948 ;	Total nibble_op_test_high2_1 function size at codegen: 13 bytes.
   0E67                    3949 ___str_21:
   0E67 41 73 73 65 72 74  3950 	.ascii "Assertion failed"
        69 6F 6E 20 66 61
        69 6C 65 64
   0E77 00                 3951 	.db 0x00
   0E78                    3952 ___str_22:
   0E78 73 75 63 63 65 73  3953 	.ascii "success"
        73
   0E7F 00                 3954 	.db 0x00
   0E80                    3955 ___str_23:
   0E80 63 61 73 65 73 2F  3956 	.ascii "cases/bitfields-nibbles/bitfields-nibbles_operation_1_patter"
        62 69 74 66 69 65
        6C 64 73 2D 6E 69
        62 62 6C 65 73 2F
        62 69 74 66 69 65
        6C 64 73 2D 6E 69
        62 62 6C 65 73 5F
        6F 70 65 72 61 74
        69 6F 6E 5F 31 5F
        70 61 74 74 65 72
   0EBC 6E 5F 31 5F 76 61  3957 	.ascii "n_1_varType_4.c"
        72 54 79 70 65 5F
        34 2E 63
   0ECB 00                 3958 	.db 0x00
                           3959 ;cases/bitfields-nibbles/bitfields-nibbles_operation_1_pattern_1_varType_4.c:387: nibble_op_test_high3_1(void)
                           3960 ;	genLabel
                           3961 ;	genFunction
                           3962 ;	---------------------------------
                           3963 ; Function nibble_op_test_high3_1
                           3964 ; ---------------------------------
                           3965 ;	Register assignment might be sub-optimal.
                           3966 ; Stack space usage: 0 bytes.
   0ECC                    3967 _nibble_op_test_high3_1:
                           3968 ;cases/bitfields-nibbles/bitfields-nibbles_operation_1_pattern_1_varType_4.c:390: TEST(high, 0x0E);
                           3969 ;	genAssign
                           3970 ;	genMove_o size 1 result type 11 source type 1 a_dead 1 hl_dead 1 de_dead 1 iy_dead 1 f_dead 1
   0ECC 21r00s00      [10] 3971 	ld	hl, #_success
   0ECF 36 01         [10] 3972 	ld	(hl), #0x01
                           3973 ;	genAddrOf
   0ED1 01r08s00      [10] 3974 	ld	bc, #_nibble_op_test_high3_1_volatileBits_10000_93+0
                           3975 ;	genPointerSet
   0ED4 0A            [ 7] 3976 	ld	a, (bc)
   0ED5 E6 0F         [ 7] 3977 	and	a, #0x0f
   0ED7 02            [ 7] 3978 	ld	(bc), a
                           3979 ;	genAddrOf
   0ED8 01r08s00      [10] 3980 	ld	bc, #_nibble_op_test_high3_1_volatileBits_10000_93+0
                           3981 ;	genPointerSet
   0EDB 0A            [ 7] 3982 	ld	a, (bc)
   0EDC F6 0F         [ 7] 3983 	or	a, #0x0f
   0EDE 02            [ 7] 3984 	ld	(bc), a
                           3985 ;	skipping iCode since result will be rematerialized
                           3986 ;	genPointerGet
   0EDF 3Ar08s00      [13] 3987 	ld	a, (#_nibble_op_test_high3_1_volatileBits_10000_93 + 0)
   0EE2 07            [ 4] 3988 	rlca
   0EE3 07            [ 4] 3989 	rlca
   0EE4 07            [ 4] 3990 	rlca
   0EE5 07            [ 4] 3991 	rlca
                           3992 ;	genIfx
   0EE6 E6 0F         [ 7] 3993 	and	a, #0x0f
                           3994 ; common peephole 100 removed redundant or after and.
                           3995 ; common peephole 163 changed absolute to relative conditional jump.
   0EE8 20 09         [12] 3996 	jr	nz, 00101$
                           3997 ;	skipping iCode since result will be rematerialized
                           3998 ;	genPointerGet
   0EEA 3Ar08s00      [13] 3999 	ld	a, (#_nibble_op_test_high3_1_volatileBits_10000_93 + 0)
   0EED E6 0F         [ 7] 4000 	and	a, #0x0f
                           4001 ;	genCmpEq
   0EEF FE 0F         [ 7] 4002 	cp	a, #0x0f
                           4003 ; common peephole 163 changed absolute to relative conditional jump.
   0EF1 28 04         [12] 4004 	jr	z, 00102$
                           4005 ; common peephole 81 removed jp by using inverse jump logic
                           4006 ; common peephole 159 removed unused label 00211$.
                           4007 ;	skipping generated iCode
                           4008 ;	genLabel
   0EF3                    4009 00101$:
                           4010 ;	genAssign
                           4011 ;	genMove_o size 1 result type 11 source type 1 a_dead 1 hl_dead 1 de_dead 1 iy_dead 1 f_dead 1
   0EF3 AF            [ 4] 4012 	xor	a, a
   0EF4 32r00s00      [13] 4013 	ld	(#_success), a
                           4014 ; common peephole 19 loaded (#_success) from a directly instead of using hl.
                           4015 ;	genLabel
   0EF7                    4016 00102$:
                           4017 ;	skipping iCode since result will be rematerialized
                           4018 ;	skipping iCode since result will be rematerialized
                           4019 ;	genPointerGet
   0EF7 3Ar08s00      [13] 4020 	ld	a, (#_nibble_op_test_high3_1_volatileBits_10000_93 + 0)
   0EFA 07            [ 4] 4021 	rlca
   0EFB 07            [ 4] 4022 	rlca
   0EFC 07            [ 4] 4023 	rlca
   0EFD 07            [ 4] 4024 	rlca
   0EFE E6 0F         [ 7] 4025 	and	a, #0x0f
                           4026 ;	genOr
   0F00 F6 0E         [ 7] 4027 	or	a, #0x0e
                           4028 ;	genMove_o size 1 result type 2 source type 2 a_dead 1 hl_dead 1 de_dead 1 iy_dead 1 f_dead 1
   0F02 4F            [ 4] 4029 	ld	c, a
                           4030 ;	genMove_o size 0 result type 2 source type 1 a_dead 1 hl_dead 1 de_dead 1 iy_dead 1 f_dead 1
                           4031 ;	genPointerSet
                           4032 ;	genMove_o size 2 result type 2 source type 7 a_dead 1 hl_dead 1 de_dead 1 iy_dead 1 f_dead 1
   0F03 21r08s00      [10] 4033 	ld	hl, #_nibble_op_test_high3_1_volatileBits_10000_93
   0F06 ED 6F         [18] 4034 	rld
   0F08 79            [ 4] 4035 	ld	a, c
   0F09 ED 67         [18] 4036 	rrd
                           4037 ;	skipping iCode since result will be rematerialized
                           4038 ;	genPointerGet
   0F0B 3Ar08s00      [13] 4039 	ld	a, (#_nibble_op_test_high3_1_volatileBits_10000_93 + 0)
   0F0E 07            [ 4] 4040 	rlca
   0F0F 07            [ 4] 4041 	rlca
   0F10 07            [ 4] 4042 	rlca
   0F11 07            [ 4] 4043 	rlca
   0F12 E6 0F         [ 7] 4044 	and	a, #0x0f
                           4045 ;	genCast
                           4046 ;	(locations are the same)
                           4047 ;	genCmpEq
   0F14 FE 0E         [ 7] 4048 	cp	a, #0x0e
                           4049 ; common peephole 81 removed jp by using inverse jump logic
                           4050 ; common peephole 159 removed unused label 00212$.
                           4051 ; common peephole 163 changed absolute to relative conditional jump.
   0F16 20 09         [12] 4052 	jr	nz, 00104$
                           4053 ; common peephole 82 removed jp by using inverse jump logic
                           4054 ; common peephole 159 removed unused label 00213$.
                           4055 ;	skipping generated iCode
                           4056 ;	skipping iCode since result will be rematerialized
                           4057 ;	genPointerGet
   0F18 3Ar08s00      [13] 4058 	ld	a, (#_nibble_op_test_high3_1_volatileBits_10000_93 + 0)
   0F1B E6 0F         [ 7] 4059 	and	a, #0x0f
                           4060 ;	genCmpEq
   0F1D FE 0F         [ 7] 4061 	cp	a, #0x0f
                           4062 ; common peephole 163 changed absolute to relative conditional jump.
   0F1F 28 04         [12] 4063 	jr	z, 00105$
                           4064 ; common peephole 81 removed jp by using inverse jump logic
                           4065 ; common peephole 159 removed unused label 00214$.
                           4066 ;	skipping generated iCode
                           4067 ;	genLabel
   0F21                    4068 00104$:
                           4069 ;	genAssign
                           4070 ;	genMove_o size 1 result type 11 source type 1 a_dead 1 hl_dead 1 de_dead 1 iy_dead 1 f_dead 1
   0F21 AF            [ 4] 4071 	xor	a, a
   0F22 32r00s00      [13] 4072 	ld	(#_success), a
                           4073 ; common peephole 19 loaded (#_success) from a directly instead of using hl.
                           4074 ;	genLabel
   0F25                    4075 00105$:
                           4076 ;	genAddrOf
   0F25 01r08s00      [10] 4077 	ld	bc, #_nibble_op_test_high3_1_volatileBits_10000_93+0
                           4078 ;	genPointerSet
   0F28 0A            [ 7] 4079 	ld	a, (bc)
   0F29 F6 F0         [ 7] 4080 	or	a, #0xf0
   0F2B 02            [ 7] 4081 	ld	(bc), a
                           4082 ;	skipping iCode since result will be rematerialized
                           4083 ;	genPointerGet
   0F2C 3Ar08s00      [13] 4084 	ld	a, (#_nibble_op_test_high3_1_volatileBits_10000_93 + 0)
   0F2F 07            [ 4] 4085 	rlca
   0F30 07            [ 4] 4086 	rlca
   0F31 07            [ 4] 4087 	rlca
   0F32 07            [ 4] 4088 	rlca
   0F33 E6 0F         [ 7] 4089 	and	a, #0x0f
                           4090 ;	genCmpEq
   0F35 FE 0F         [ 7] 4091 	cp	a, #0x0f
                           4092 ; common peephole 81 removed jp by using inverse jump logic
                           4093 ; common peephole 159 removed unused label 00215$.
                           4094 ; common peephole 163 changed absolute to relative conditional jump.
   0F37 20 09         [12] 4095 	jr	nz, 00107$
                           4096 ; common peephole 82 removed jp by using inverse jump logic
                           4097 ; common peephole 159 removed unused label 00216$.
                           4098 ;	skipping generated iCode
                           4099 ;	skipping iCode since result will be rematerialized
                           4100 ;	genPointerGet
   0F39 3Ar08s00      [13] 4101 	ld	a, (#_nibble_op_test_high3_1_volatileBits_10000_93 + 0)
   0F3C E6 0F         [ 7] 4102 	and	a, #0x0f
                           4103 ;	genCmpEq
   0F3E FE 0F         [ 7] 4104 	cp	a, #0x0f
                           4105 ; common peephole 163 changed absolute to relative conditional jump.
   0F40 28 04         [12] 4106 	jr	z, 00108$
                           4107 ; common peephole 81 removed jp by using inverse jump logic
                           4108 ; common peephole 159 removed unused label 00217$.
                           4109 ;	skipping generated iCode
                           4110 ;	genLabel
   0F42                    4111 00107$:
                           4112 ;	genAssign
                           4113 ;	genMove_o size 1 result type 11 source type 1 a_dead 1 hl_dead 1 de_dead 1 iy_dead 1 f_dead 1
   0F42 AF            [ 4] 4114 	xor	a, a
   0F43 32r00s00      [13] 4115 	ld	(#_success), a
                           4116 ; common peephole 19 loaded (#_success) from a directly instead of using hl.
                           4117 ;	genLabel
   0F46                    4118 00108$:
                           4119 ;	skipping iCode since result will be rematerialized
                           4120 ;	skipping iCode since result will be rematerialized
                           4121 ;	genPointerGet
   0F46 3Ar08s00      [13] 4122 	ld	a, (#_nibble_op_test_high3_1_volatileBits_10000_93 + 0)
   0F49 07            [ 4] 4123 	rlca
   0F4A 07            [ 4] 4124 	rlca
   0F4B 07            [ 4] 4125 	rlca
   0F4C 07            [ 4] 4126 	rlca
   0F4D E6 0F         [ 7] 4127 	and	a, #0x0f
                           4128 ;	genOr
   0F4F F6 0E         [ 7] 4129 	or	a, #0x0e
                           4130 ;	genMove_o size 1 result type 2 source type 2 a_dead 1 hl_dead 1 de_dead 1 iy_dead 1 f_dead 1
   0F51 4F            [ 4] 4131 	ld	c, a
                           4132 ;	genMove_o size 0 result type 2 source type 1 a_dead 1 hl_dead 1 de_dead 1 iy_dead 1 f_dead 1
                           4133 ;	genPointerSet
                           4134 ;	genMove_o size 2 result type 2 source type 7 a_dead 1 hl_dead 1 de_dead 1 iy_dead 1 f_dead 1
   0F52 21r08s00      [10] 4135 	ld	hl, #_nibble_op_test_high3_1_volatileBits_10000_93
   0F55 ED 6F         [18] 4136 	rld
   0F57 79            [ 4] 4137 	ld	a, c
   0F58 ED 67         [18] 4138 	rrd
                           4139 ;	skipping iCode since result will be rematerialized
                           4140 ;	genPointerGet
   0F5A 3Ar08s00      [13] 4141 	ld	a, (#_nibble_op_test_high3_1_volatileBits_10000_93 + 0)
   0F5D 07            [ 4] 4142 	rlca
   0F5E 07            [ 4] 4143 	rlca
   0F5F 07            [ 4] 4144 	rlca
   0F60 07            [ 4] 4145 	rlca
   0F61 E6 0F         [ 7] 4146 	and	a, #0x0f
                           4147 ;	genCast
                           4148 ;	(locations are the same)
                           4149 ;	genCmpEq
   0F63 FE 0F         [ 7] 4150 	cp	a, #0x0f
                           4151 ; common peephole 81 removed jp by using inverse jump logic
                           4152 ; common peephole 159 removed unused label 00218$.
                           4153 ; common peephole 163 changed absolute to relative conditional jump.
   0F65 20 09         [12] 4154 	jr	nz, 00110$
                           4155 ; common peephole 82 removed jp by using inverse jump logic
                           4156 ; common peephole 159 removed unused label 00219$.
                           4157 ;	skipping generated iCode
                           4158 ;	skipping iCode since result will be rematerialized
                           4159 ;	genPointerGet
   0F67 3Ar08s00      [13] 4160 	ld	a, (#_nibble_op_test_high3_1_volatileBits_10000_93 + 0)
   0F6A E6 0F         [ 7] 4161 	and	a, #0x0f
                           4162 ;	genCmpEq
   0F6C FE 0F         [ 7] 4163 	cp	a, #0x0f
                           4164 ; common peephole 163 changed absolute to relative conditional jump.
   0F6E 28 04         [12] 4165 	jr	z, 00111$
                           4166 ; common peephole 81 removed jp by using inverse jump logic
                           4167 ; common peephole 159 removed unused label 00220$.
                           4168 ;	skipping generated iCode
                           4169 ;	genLabel
   0F70                    4170 00110$:
                           4171 ;	genAssign
                           4172 ;	genMove_o size 1 result type 11 source type 1 a_dead 1 hl_dead 1 de_dead 1 iy_dead 1 f_dead 1
   0F70 AF            [ 4] 4173 	xor	a, a
   0F71 32r00s00      [13] 4174 	ld	(#_success), a
                           4175 ; common peephole 19 loaded (#_success) from a directly instead of using hl.
                           4176 ;	genLabel
   0F74                    4177 00111$:
                           4178 ;	genPlus
                           4179 ;	genMove_o size 2 result type 2 source type 10 a_dead 1 hl_dead 1 de_dead 1 iy_dead 1 f_dead 1
   0F74 2Ar00s00      [16] 4180 	ld	hl, (___numTests)
   0F77 23            [ 6] 4181 	inc	hl
                           4182 ;	genMove_o size 2 result type 10 source type 2 a_dead 1 hl_dead 1 de_dead 1 iy_dead 1 f_dead 1
   0F78 22r00s00      [16] 4183 	ld	(___numTests), hl
                           4184 ;	genIfx
                           4185 ; common peephole 61 used hl instead of iy.
                           4186 ; common peephole 130a removed unnecessary +0 from constant
   0F7B 21r00s00      [10] 4187 	ld	hl, #_success
   0F7E CB 46         [12] 4188 	bit	0, (hl)
                           4189 ; common peephole 163 changed absolute to relative conditional jump.
   0F80 20 11         [12] 4190 	jr	nz, 00128$
                           4191 ;	skipping iCode since result will be rematerialized
                           4192 ;	skipping iCode since result will be rematerialized
                           4193 ;	skipping iCode since result will be rematerialized
                           4194 ;	skipping iCode since result will be rematerialized
                           4195 ;	skipping iCode since result will be rematerialized
                           4196 ;	skipping iCode since result will be rematerialized
                           4197 ;	genIpush
                           4198 ;	genMove_o size 2 result type 2 source type 1 a_dead 1 hl_dead 1 de_dead 1 iy_dead 1 f_dead 1
   0F82 21 86 01      [10] 4199 	ld	hl, #0x0186
   0F85 E5            [11] 4200 	push	hl
                           4201 ;	genIpush
                           4202 ;	genMove_o size 2 result type 2 source type 7 a_dead 1 hl_dead 1 de_dead 1 iy_dead 1 f_dead 1
   0F86 21r73s10      [10] 4203 	ld	hl, #___str_26
   0F89 E5            [11] 4204 	push	hl
                           4205 ;	genSend
                           4206 ;	genMove_o size 2 result type 2 source type 7 a_dead 1 hl_dead 1 de_dead 1 iy_dead 1 f_dead 1
   0F8A 11r6Bs10      [10] 4207 	ld	de, #___str_25
                           4208 ;	genSend
                           4209 ;	genMove_o size 2 result type 2 source type 7 a_dead 1 hl_dead 1 de_dead 0 iy_dead 1 f_dead 1
   0F8D 21r5As10      [10] 4210 	ld	hl, #___str_24
                           4211 ;	genCall
   0F90 CDr00s00      [17] 4212 	call	___fail
                           4213 ;	genLabel
   0F93                    4214 00128$:
                           4215 ;cases/bitfields-nibbles/bitfields-nibbles_operation_1_pattern_1_varType_4.c:391: TEST(high, 0x0D);
                           4216 ;	genAssign
                           4217 ;	genMove_o size 1 result type 11 source type 1 a_dead 1 hl_dead 1 de_dead 1 iy_dead 1 f_dead 1
   0F93 21r00s00      [10] 4218 	ld	hl, #_success
   0F96 36 01         [10] 4219 	ld	(hl), #0x01
                           4220 ;	genAddrOf
   0F98 01r08s00      [10] 4221 	ld	bc, #_nibble_op_test_high3_1_volatileBits_10000_93+0
                           4222 ;	genPointerSet
   0F9B 0A            [ 7] 4223 	ld	a, (bc)
   0F9C E6 0F         [ 7] 4224 	and	a, #0x0f
   0F9E 02            [ 7] 4225 	ld	(bc), a
                           4226 ;	genAddrOf
   0F9F 01r08s00      [10] 4227 	ld	bc, #_nibble_op_test_high3_1_volatileBits_10000_93+0
                           4228 ;	genPointerSet
   0FA2 0A            [ 7] 4229 	ld	a, (bc)
   0FA3 F6 0F         [ 7] 4230 	or	a, #0x0f
   0FA5 02            [ 7] 4231 	ld	(bc), a
                           4232 ;	skipping iCode since result will be rematerialized
                           4233 ;	genPointerGet
   0FA6 3Ar08s00      [13] 4234 	ld	a, (#_nibble_op_test_high3_1_volatileBits_10000_93 + 0)
   0FA9 07            [ 4] 4235 	rlca
   0FAA 07            [ 4] 4236 	rlca
   0FAB 07            [ 4] 4237 	rlca
   0FAC 07            [ 4] 4238 	rlca
                           4239 ;	genIfx
   0FAD E6 0F         [ 7] 4240 	and	a, #0x0f
                           4241 ; common peephole 100 removed redundant or after and.
                           4242 ; common peephole 163 changed absolute to relative conditional jump.
   0FAF 20 09         [12] 4243 	jr	nz, 00113$
                           4244 ;	skipping iCode since result will be rematerialized
                           4245 ;	genPointerGet
   0FB1 3Ar08s00      [13] 4246 	ld	a, (#_nibble_op_test_high3_1_volatileBits_10000_93 + 0)
   0FB4 E6 0F         [ 7] 4247 	and	a, #0x0f
                           4248 ;	genCmpEq
   0FB6 FE 0F         [ 7] 4249 	cp	a, #0x0f
                           4250 ; common peephole 163 changed absolute to relative conditional jump.
   0FB8 28 04         [12] 4251 	jr	z, 00114$
                           4252 ; common peephole 81 removed jp by using inverse jump logic
                           4253 ; common peephole 159 removed unused label 00221$.
                           4254 ;	skipping generated iCode
                           4255 ;	genLabel
   0FBA                    4256 00113$:
                           4257 ;	genAssign
                           4258 ;	genMove_o size 1 result type 11 source type 1 a_dead 1 hl_dead 1 de_dead 1 iy_dead 1 f_dead 1
   0FBA AF            [ 4] 4259 	xor	a, a
   0FBB 32r00s00      [13] 4260 	ld	(#_success), a
                           4261 ; common peephole 19 loaded (#_success) from a directly instead of using hl.
                           4262 ;	genLabel
   0FBE                    4263 00114$:
                           4264 ;	skipping iCode since result will be rematerialized
                           4265 ;	skipping iCode since result will be rematerialized
                           4266 ;	genPointerGet
   0FBE 3Ar08s00      [13] 4267 	ld	a, (#_nibble_op_test_high3_1_volatileBits_10000_93 + 0)
   0FC1 07            [ 4] 4268 	rlca
   0FC2 07            [ 4] 4269 	rlca
   0FC3 07            [ 4] 4270 	rlca
   0FC4 07            [ 4] 4271 	rlca
   0FC5 E6 0F         [ 7] 4272 	and	a, #0x0f
                           4273 ;	genOr
   0FC7 F6 0D         [ 7] 4274 	or	a, #0x0d
                           4275 ;	genMove_o size 1 result type 2 source type 2 a_dead 1 hl_dead 1 de_dead 1 iy_dead 1 f_dead 1
   0FC9 4F            [ 4] 4276 	ld	c, a
                           4277 ;	genMove_o size 0 result type 2 source type 1 a_dead 1 hl_dead 1 de_dead 1 iy_dead 1 f_dead 1
                           4278 ;	genPointerSet
                           4279 ;	genMove_o size 2 result type 2 source type 7 a_dead 1 hl_dead 1 de_dead 1 iy_dead 1 f_dead 1
   0FCA 21r08s00      [10] 4280 	ld	hl, #_nibble_op_test_high3_1_volatileBits_10000_93
   0FCD ED 6F         [18] 4281 	rld
   0FCF 79            [ 4] 4282 	ld	a, c
   0FD0 ED 67         [18] 4283 	rrd
                           4284 ;	skipping iCode since result will be rematerialized
                           4285 ;	genPointerGet
   0FD2 3Ar08s00      [13] 4286 	ld	a, (#_nibble_op_test_high3_1_volatileBits_10000_93 + 0)
   0FD5 07            [ 4] 4287 	rlca
   0FD6 07            [ 4] 4288 	rlca
   0FD7 07            [ 4] 4289 	rlca
   0FD8 07            [ 4] 4290 	rlca
   0FD9 E6 0F         [ 7] 4291 	and	a, #0x0f
                           4292 ;	genCast
                           4293 ;	(locations are the same)
                           4294 ;	genCmpEq
   0FDB FE 0D         [ 7] 4295 	cp	a, #0x0d
                           4296 ; common peephole 81 removed jp by using inverse jump logic
                           4297 ; common peephole 159 removed unused label 00222$.
                           4298 ; common peephole 163 changed absolute to relative conditional jump.
   0FDD 20 09         [12] 4299 	jr	nz, 00116$
                           4300 ; common peephole 82 removed jp by using inverse jump logic
                           4301 ; common peephole 159 removed unused label 00223$.
                           4302 ;	skipping generated iCode
                           4303 ;	skipping iCode since result will be rematerialized
                           4304 ;	genPointerGet
   0FDF 3Ar08s00      [13] 4305 	ld	a, (#_nibble_op_test_high3_1_volatileBits_10000_93 + 0)
   0FE2 E6 0F         [ 7] 4306 	and	a, #0x0f
                           4307 ;	genCmpEq
   0FE4 FE 0F         [ 7] 4308 	cp	a, #0x0f
                           4309 ; common peephole 163 changed absolute to relative conditional jump.
   0FE6 28 04         [12] 4310 	jr	z, 00117$
                           4311 ; common peephole 81 removed jp by using inverse jump logic
                           4312 ; common peephole 159 removed unused label 00224$.
                           4313 ;	skipping generated iCode
                           4314 ;	genLabel
   0FE8                    4315 00116$:
                           4316 ;	genAssign
                           4317 ;	genMove_o size 1 result type 11 source type 1 a_dead 1 hl_dead 1 de_dead 1 iy_dead 1 f_dead 1
   0FE8 AF            [ 4] 4318 	xor	a, a
   0FE9 32r00s00      [13] 4319 	ld	(#_success), a
                           4320 ; common peephole 19 loaded (#_success) from a directly instead of using hl.
                           4321 ;	genLabel
   0FEC                    4322 00117$:
                           4323 ;	genAddrOf
   0FEC 01r08s00      [10] 4324 	ld	bc, #_nibble_op_test_high3_1_volatileBits_10000_93+0
                           4325 ;	genPointerSet
   0FEF 0A            [ 7] 4326 	ld	a, (bc)
   0FF0 F6 F0         [ 7] 4327 	or	a, #0xf0
   0FF2 02            [ 7] 4328 	ld	(bc), a
                           4329 ;	skipping iCode since result will be rematerialized
                           4330 ;	genPointerGet
   0FF3 3Ar08s00      [13] 4331 	ld	a, (#_nibble_op_test_high3_1_volatileBits_10000_93 + 0)
   0FF6 07            [ 4] 4332 	rlca
   0FF7 07            [ 4] 4333 	rlca
   0FF8 07            [ 4] 4334 	rlca
   0FF9 07            [ 4] 4335 	rlca
   0FFA E6 0F         [ 7] 4336 	and	a, #0x0f
                           4337 ;	genCmpEq
   0FFC FE 0F         [ 7] 4338 	cp	a, #0x0f
                           4339 ; common peephole 81 removed jp by using inverse jump logic
                           4340 ; common peephole 159 removed unused label 00225$.
                           4341 ; common peephole 163 changed absolute to relative conditional jump.
   0FFE 20 09         [12] 4342 	jr	nz, 00119$
                           4343 ; common peephole 82 removed jp by using inverse jump logic
                           4344 ; common peephole 159 removed unused label 00226$.
                           4345 ;	skipping generated iCode
                           4346 ;	skipping iCode since result will be rematerialized
                           4347 ;	genPointerGet
   1000 3Ar08s00      [13] 4348 	ld	a, (#_nibble_op_test_high3_1_volatileBits_10000_93 + 0)
   1003 E6 0F         [ 7] 4349 	and	a, #0x0f
                           4350 ;	genCmpEq
   1005 FE 0F         [ 7] 4351 	cp	a, #0x0f
                           4352 ; common peephole 163 changed absolute to relative conditional jump.
   1007 28 04         [12] 4353 	jr	z, 00120$
                           4354 ; common peephole 81 removed jp by using inverse jump logic
                           4355 ; common peephole 159 removed unused label 00227$.
                           4356 ;	skipping generated iCode
                           4357 ;	genLabel
   1009                    4358 00119$:
                           4359 ;	genAssign
                           4360 ;	genMove_o size 1 result type 11 source type 1 a_dead 1 hl_dead 1 de_dead 1 iy_dead 1 f_dead 1
   1009 AF            [ 4] 4361 	xor	a, a
   100A 32r00s00      [13] 4362 	ld	(#_success), a
                           4363 ; common peephole 19 loaded (#_success) from a directly instead of using hl.
                           4364 ;	genLabel
   100D                    4365 00120$:
                           4366 ;	skipping iCode since result will be rematerialized
                           4367 ;	skipping iCode since result will be rematerialized
                           4368 ;	genPointerGet
   100D 3Ar08s00      [13] 4369 	ld	a, (#_nibble_op_test_high3_1_volatileBits_10000_93 + 0)
   1010 07            [ 4] 4370 	rlca
   1011 07            [ 4] 4371 	rlca
   1012 07            [ 4] 4372 	rlca
   1013 07            [ 4] 4373 	rlca
   1014 E6 0F         [ 7] 4374 	and	a, #0x0f
                           4375 ;	genOr
   1016 F6 0D         [ 7] 4376 	or	a, #0x0d
                           4377 ;	genMove_o size 1 result type 2 source type 2 a_dead 1 hl_dead 1 de_dead 1 iy_dead 1 f_dead 1
   1018 4F            [ 4] 4378 	ld	c, a
                           4379 ;	genMove_o size 0 result type 2 source type 1 a_dead 1 hl_dead 1 de_dead 1 iy_dead 1 f_dead 1
                           4380 ;	genPointerSet
                           4381 ;	genMove_o size 2 result type 2 source type 7 a_dead 1 hl_dead 1 de_dead 1 iy_dead 1 f_dead 1
   1019 21r08s00      [10] 4382 	ld	hl, #_nibble_op_test_high3_1_volatileBits_10000_93
   101C ED 6F         [18] 4383 	rld
   101E 79            [ 4] 4384 	ld	a, c
   101F ED 67         [18] 4385 	rrd
                           4386 ;	skipping iCode since result will be rematerialized
                           4387 ;	genPointerGet
   1021 3Ar08s00      [13] 4388 	ld	a, (#_nibble_op_test_high3_1_volatileBits_10000_93 + 0)
   1024 07            [ 4] 4389 	rlca
   1025 07            [ 4] 4390 	rlca
   1026 07            [ 4] 4391 	rlca
   1027 07            [ 4] 4392 	rlca
   1028 E6 0F         [ 7] 4393 	and	a, #0x0f
                           4394 ;	genCast
                           4395 ;	(locations are the same)
                           4396 ;	genCmpEq
   102A FE 0F         [ 7] 4397 	cp	a, #0x0f
                           4398 ; common peephole 81 removed jp by using inverse jump logic
                           4399 ; common peephole 159 removed unused label 00228$.
                           4400 ; common peephole 163 changed absolute to relative conditional jump.
   102C 20 09         [12] 4401 	jr	nz, 00122$
                           4402 ; common peephole 82 removed jp by using inverse jump logic
                           4403 ; common peephole 159 removed unused label 00229$.
                           4404 ;	skipping generated iCode
                           4405 ;	skipping iCode since result will be rematerialized
                           4406 ;	genPointerGet
   102E 3Ar08s00      [13] 4407 	ld	a, (#_nibble_op_test_high3_1_volatileBits_10000_93 + 0)
   1031 E6 0F         [ 7] 4408 	and	a, #0x0f
                           4409 ;	genCmpEq
   1033 FE 0F         [ 7] 4410 	cp	a, #0x0f
                           4411 ; common peephole 163 changed absolute to relative conditional jump.
   1035 28 04         [12] 4412 	jr	z, 00123$
                           4413 ; common peephole 81 removed jp by using inverse jump logic
                           4414 ; common peephole 159 removed unused label 00230$.
                           4415 ;	skipping generated iCode
                           4416 ;	genLabel
   1037                    4417 00122$:
                           4418 ;	genAssign
                           4419 ;	genMove_o size 1 result type 11 source type 1 a_dead 1 hl_dead 1 de_dead 1 iy_dead 1 f_dead 1
   1037 AF            [ 4] 4420 	xor	a, a
   1038 32r00s00      [13] 4421 	ld	(#_success), a
                           4422 ; common peephole 19 loaded (#_success) from a directly instead of using hl.
                           4423 ;	genLabel
   103B                    4424 00123$:
                           4425 ;	genPlus
                           4426 ;	genMove_o size 2 result type 2 source type 10 a_dead 1 hl_dead 1 de_dead 1 iy_dead 1 f_dead 1
   103B 2Ar00s00      [16] 4427 	ld	hl, (___numTests)
   103E 23            [ 6] 4428 	inc	hl
                           4429 ;	genMove_o size 2 result type 10 source type 2 a_dead 1 hl_dead 1 de_dead 1 iy_dead 1 f_dead 1
   103F 22r00s00      [16] 4430 	ld	(___numTests), hl
                           4431 ;	genIfx
                           4432 ; common peephole 61 used hl instead of iy.
                           4433 ; common peephole 130a removed unnecessary +0 from constant
   1042 21r00s00      [10] 4434 	ld	hl, #_success
   1045 CB 46         [12] 4435 	bit	0, (hl)
   1047 C0            [11] 4436 	ret	nz
                           4437 ; common peephole 161 replaced jump by return.
                           4438 ;	skipping iCode since result will be rematerialized
                           4439 ;	skipping iCode since result will be rematerialized
                           4440 ;	skipping iCode since result will be rematerialized
                           4441 ;	skipping iCode since result will be rematerialized
                           4442 ;	skipping iCode since result will be rematerialized
                           4443 ;	skipping iCode since result will be rematerialized
                           4444 ;	genIpush
                           4445 ;	genMove_o size 2 result type 2 source type 1 a_dead 1 hl_dead 1 de_dead 1 iy_dead 1 f_dead 1
   1048 21 87 01      [10] 4446 	ld	hl, #0x0187
   104B E5            [11] 4447 	push	hl
                           4448 ;	genIpush
                           4449 ;	genMove_o size 2 result type 2 source type 7 a_dead 1 hl_dead 1 de_dead 1 iy_dead 1 f_dead 1
   104C 21r73s10      [10] 4450 	ld	hl, #___str_26
   104F E5            [11] 4451 	push	hl
                           4452 ;	genSend
                           4453 ;	genMove_o size 2 result type 2 source type 7 a_dead 1 hl_dead 1 de_dead 1 iy_dead 1 f_dead 1
   1050 11r6Bs10      [10] 4454 	ld	de, #___str_25
                           4455 ;	genSend
                           4456 ;	genMove_o size 2 result type 2 source type 7 a_dead 1 hl_dead 1 de_dead 0 iy_dead 1 f_dead 1
   1053 21r5As10      [10] 4457 	ld	hl, #___str_24
                           4458 ;	genCall
   1056 CDr00s00      [17] 4459 	call	___fail
                           4460 ;	genLabel
                           4461 ; common peephole 159 removed unused label 00125$.
                           4462 ;cases/bitfields-nibbles/bitfields-nibbles_operation_1_pattern_1_varType_4.c:392: }
                           4463 ;	genEndFunction
   1059 C9            [10] 4464 	ret
                           4465 ;	Total nibble_op_test_high3_1 function size at codegen: 13 bytes.
   105A                    4466 ___str_24:
   105A 41 73 73 65 72 74  4467 	.ascii "Assertion failed"
        69 6F 6E 20 66 61
        69 6C 65 64
   106A 00                 4468 	.db 0x00
   106B                    4469 ___str_25:
   106B 73 75 63 63 65 73  4470 	.ascii "success"
        73
   1072 00                 4471 	.db 0x00
   1073                    4472 ___str_26:
   1073 63 61 73 65 73 2F  4473 	.ascii "cases/bitfields-nibbles/bitfields-nibbles_operation_1_patter"
        62 69 74 66 69 65
        6C 64 73 2D 6E 69
        62 62 6C 65 73 2F
        62 69 74 66 69 65
        6C 64 73 2D 6E 69
        62 62 6C 65 73 5F
        6F 70 65 72 61 74
        69 6F 6E 5F 31 5F
        70 61 74 74 65 72
   10AF 6E 5F 31 5F 76 61  4474 	.ascii "n_1_varType_4.c"
        72 54 79 70 65 5F
        34 2E 63
   10BE 00                 4475 	.db 0x00
                           4476 ;cases/bitfields-nibbles/bitfields-nibbles_operation_1_pattern_1_varType_4.c:403: nibble_op_test_high4_1(void)
                           4477 ;	genLabel
                           4478 ;	genFunction
                           4479 ;	---------------------------------
                           4480 ; Function nibble_op_test_high4_1
                           4481 ; ---------------------------------
                           4482 ;	Register assignment might be sub-optimal.
                           4483 ; Stack space usage: 0 bytes.
   10BF                    4484 _nibble_op_test_high4_1:
                           4485 ;cases/bitfields-nibbles/bitfields-nibbles_operation_1_pattern_1_varType_4.c:406: TEST(high, 0x10);
                           4486 ;	genAssign
                           4487 ;	genMove_o size 1 result type 11 source type 1 a_dead 1 hl_dead 1 de_dead 1 iy_dead 1 f_dead 1
   10BF 21r00s00      [10] 4488 	ld	hl, #_success
   10C2 36 01         [10] 4489 	ld	(hl), #0x01
                           4490 ;	genAddrOf
   10C4 01r09s00      [10] 4491 	ld	bc, #_nibble_op_test_high4_1_volatileBits_10000_103+0
                           4492 ;	genPointerSet
   10C7 0A            [ 7] 4493 	ld	a, (bc)
   10C8 E6 0F         [ 7] 4494 	and	a, #0x0f
   10CA 02            [ 7] 4495 	ld	(bc), a
                           4496 ;	genAddrOf
   10CB 01r09s00      [10] 4497 	ld	bc, #_nibble_op_test_high4_1_volatileBits_10000_103+0
                           4498 ;	genPointerSet
   10CE 0A            [ 7] 4499 	ld	a, (bc)
   10CF F6 0F         [ 7] 4500 	or	a, #0x0f
   10D1 02            [ 7] 4501 	ld	(bc), a
                           4502 ;	skipping iCode since result will be rematerialized
                           4503 ;	genPointerGet
   10D2 3Ar09s00      [13] 4504 	ld	a, (#_nibble_op_test_high4_1_volatileBits_10000_103 + 0)
   10D5 07            [ 4] 4505 	rlca
   10D6 07            [ 4] 4506 	rlca
   10D7 07            [ 4] 4507 	rlca
   10D8 07            [ 4] 4508 	rlca
                           4509 ;	genIfx
   10D9 E6 0F         [ 7] 4510 	and	a, #0x0f
                           4511 ; common peephole 100 removed redundant or after and.
                           4512 ; common peephole 163 changed absolute to relative conditional jump.
   10DB 20 09         [12] 4513 	jr	nz, 00101$
                           4514 ;	skipping iCode since result will be rematerialized
                           4515 ;	genPointerGet
   10DD 3Ar09s00      [13] 4516 	ld	a, (#_nibble_op_test_high4_1_volatileBits_10000_103 + 0)
   10E0 E6 0F         [ 7] 4517 	and	a, #0x0f
                           4518 ;	genCmpEq
   10E2 FE 0F         [ 7] 4519 	cp	a, #0x0f
                           4520 ; common peephole 163 changed absolute to relative conditional jump.
   10E4 28 04         [12] 4521 	jr	z, 00102$
                           4522 ; common peephole 81 removed jp by using inverse jump logic
                           4523 ; common peephole 159 removed unused label 00211$.
                           4524 ;	skipping generated iCode
                           4525 ;	genLabel
   10E6                    4526 00101$:
                           4527 ;	genAssign
                           4528 ;	genMove_o size 1 result type 11 source type 1 a_dead 1 hl_dead 1 de_dead 1 iy_dead 1 f_dead 1
   10E6 AF            [ 4] 4529 	xor	a, a
   10E7 32r00s00      [13] 4530 	ld	(#_success), a
                           4531 ; common peephole 19 loaded (#_success) from a directly instead of using hl.
                           4532 ;	genLabel
   10EA                    4533 00102$:
                           4534 ;	skipping iCode since result will be rematerialized
                           4535 ;	genAddrOf
                           4536 ;	genPointerGet
                           4537 ;fetchPairLong
   10EA 3Ar09s00      [13] 4538 	ld	a, (#_nibble_op_test_high4_1_volatileBits_10000_103+0)
                           4539 ; common peephole 17 loaded a from (#_nibble_op_test_high4_1_volatileBits_10000_103+0) directly instead of using hl.
   10ED 07            [ 4] 4540 	rlca
   10EE 07            [ 4] 4541 	rlca
   10EF 07            [ 4] 4542 	rlca
   10F0 07            [ 4] 4543 	rlca
   10F1 E6 0F         [ 7] 4544 	and	a, #0x0f
   10F3 4F            [ 4] 4545 	ld	c, a
                           4546 ;	genPointerSet
                           4547 ;	genMove_o size 2 result type 2 source type 7 a_dead 1 hl_dead 1 de_dead 1 iy_dead 1 f_dead 1
   10F4 21r09s00      [10] 4548 	ld	hl, #_nibble_op_test_high4_1_volatileBits_10000_103
   10F7 ED 6F         [18] 4549 	rld
   10F9 79            [ 4] 4550 	ld	a, c
   10FA ED 67         [18] 4551 	rrd
                           4552 ;	skipping iCode since result will be rematerialized
                           4553 ;	genPointerGet
   10FC 3Ar09s00      [13] 4554 	ld	a, (#_nibble_op_test_high4_1_volatileBits_10000_103 + 0)
   10FF 07            [ 4] 4555 	rlca
   1100 07            [ 4] 4556 	rlca
   1101 07            [ 4] 4557 	rlca
   1102 07            [ 4] 4558 	rlca
                           4559 ;	genIfx
   1103 E6 0F         [ 7] 4560 	and	a, #0x0f
                           4561 ; common peephole 100 removed redundant or after and.
                           4562 ; common peephole 163 changed absolute to relative conditional jump.
   1105 20 09         [12] 4563 	jr	nz, 00104$
                           4564 ;	skipping iCode since result will be rematerialized
                           4565 ;	genPointerGet
   1107 3Ar09s00      [13] 4566 	ld	a, (#_nibble_op_test_high4_1_volatileBits_10000_103 + 0)
   110A E6 0F         [ 7] 4567 	and	a, #0x0f
                           4568 ;	genCmpEq
   110C FE 0F         [ 7] 4569 	cp	a, #0x0f
                           4570 ; common peephole 163 changed absolute to relative conditional jump.
   110E 28 04         [12] 4571 	jr	z, 00105$
                           4572 ; common peephole 81 removed jp by using inverse jump logic
                           4573 ; common peephole 159 removed unused label 00212$.
                           4574 ;	skipping generated iCode
                           4575 ;	genLabel
   1110                    4576 00104$:
                           4577 ;	genAssign
                           4578 ;	genMove_o size 1 result type 11 source type 1 a_dead 1 hl_dead 1 de_dead 1 iy_dead 1 f_dead 1
   1110 AF            [ 4] 4579 	xor	a, a
   1111 32r00s00      [13] 4580 	ld	(#_success), a
                           4581 ; common peephole 19 loaded (#_success) from a directly instead of using hl.
                           4582 ;	genLabel
   1114                    4583 00105$:
                           4584 ;	genAddrOf
   1114 01r09s00      [10] 4585 	ld	bc, #_nibble_op_test_high4_1_volatileBits_10000_103+0
                           4586 ;	genPointerSet
   1117 0A            [ 7] 4587 	ld	a, (bc)
   1118 F6 F0         [ 7] 4588 	or	a, #0xf0
   111A 02            [ 7] 4589 	ld	(bc), a
                           4590 ;	skipping iCode since result will be rematerialized
                           4591 ;	genPointerGet
   111B 3Ar09s00      [13] 4592 	ld	a, (#_nibble_op_test_high4_1_volatileBits_10000_103 + 0)
   111E 07            [ 4] 4593 	rlca
   111F 07            [ 4] 4594 	rlca
   1120 07            [ 4] 4595 	rlca
   1121 07            [ 4] 4596 	rlca
   1122 E6 0F         [ 7] 4597 	and	a, #0x0f
                           4598 ;	genCmpEq
   1124 FE 0F         [ 7] 4599 	cp	a, #0x0f
                           4600 ; common peephole 81 removed jp by using inverse jump logic
                           4601 ; common peephole 159 removed unused label 00213$.
                           4602 ; common peephole 163 changed absolute to relative conditional jump.
   1126 20 09         [12] 4603 	jr	nz, 00107$
                           4604 ; common peephole 82 removed jp by using inverse jump logic
                           4605 ; common peephole 159 removed unused label 00214$.
                           4606 ;	skipping generated iCode
                           4607 ;	skipping iCode since result will be rematerialized
                           4608 ;	genPointerGet
   1128 3Ar09s00      [13] 4609 	ld	a, (#_nibble_op_test_high4_1_volatileBits_10000_103 + 0)
   112B E6 0F         [ 7] 4610 	and	a, #0x0f
                           4611 ;	genCmpEq
   112D FE 0F         [ 7] 4612 	cp	a, #0x0f
                           4613 ; common peephole 163 changed absolute to relative conditional jump.
   112F 28 04         [12] 4614 	jr	z, 00108$
                           4615 ; common peephole 81 removed jp by using inverse jump logic
                           4616 ; common peephole 159 removed unused label 00215$.
                           4617 ;	skipping generated iCode
                           4618 ;	genLabel
   1131                    4619 00107$:
                           4620 ;	genAssign
                           4621 ;	genMove_o size 1 result type 11 source type 1 a_dead 1 hl_dead 1 de_dead 1 iy_dead 1 f_dead 1
   1131 AF            [ 4] 4622 	xor	a, a
   1132 32r00s00      [13] 4623 	ld	(#_success), a
                           4624 ; common peephole 19 loaded (#_success) from a directly instead of using hl.
                           4625 ;	genLabel
   1135                    4626 00108$:
                           4627 ;	skipping iCode since result will be rematerialized
                           4628 ;	genAddrOf
                           4629 ;	genPointerGet
                           4630 ;fetchPairLong
   1135 3Ar09s00      [13] 4631 	ld	a, (#_nibble_op_test_high4_1_volatileBits_10000_103+0)
                           4632 ; common peephole 17 loaded a from (#_nibble_op_test_high4_1_volatileBits_10000_103+0) directly instead of using hl.
   1138 07            [ 4] 4633 	rlca
   1139 07            [ 4] 4634 	rlca
   113A 07            [ 4] 4635 	rlca
   113B 07            [ 4] 4636 	rlca
   113C E6 0F         [ 7] 4637 	and	a, #0x0f
   113E 4F            [ 4] 4638 	ld	c, a
                           4639 ;	genPointerSet
                           4640 ;	genMove_o size 2 result type 2 source type 7 a_dead 1 hl_dead 1 de_dead 1 iy_dead 1 f_dead 1
   113F 21r09s00      [10] 4641 	ld	hl, #_nibble_op_test_high4_1_volatileBits_10000_103
   1142 ED 6F         [18] 4642 	rld
   1144 79            [ 4] 4643 	ld	a, c
   1145 ED 67         [18] 4644 	rrd
                           4645 ;	skipping iCode since result will be rematerialized
                           4646 ;	genPointerGet
   1147 3Ar09s00      [13] 4647 	ld	a, (#_nibble_op_test_high4_1_volatileBits_10000_103 + 0)
   114A 07            [ 4] 4648 	rlca
   114B 07            [ 4] 4649 	rlca
   114C 07            [ 4] 4650 	rlca
   114D 07            [ 4] 4651 	rlca
   114E E6 0F         [ 7] 4652 	and	a, #0x0f
                           4653 ;	genCast
                           4654 ;	(locations are the same)
                           4655 ;	genCmpEq
   1150 FE 0F         [ 7] 4656 	cp	a, #0x0f
                           4657 ; common peephole 81 removed jp by using inverse jump logic
                           4658 ; common peephole 159 removed unused label 00216$.
                           4659 ; common peephole 163 changed absolute to relative conditional jump.
   1152 20 09         [12] 4660 	jr	nz, 00110$
                           4661 ; common peephole 82 removed jp by using inverse jump logic
                           4662 ; common peephole 159 removed unused label 00217$.
                           4663 ;	skipping generated iCode
                           4664 ;	skipping iCode since result will be rematerialized
                           4665 ;	genPointerGet
   1154 3Ar09s00      [13] 4666 	ld	a, (#_nibble_op_test_high4_1_volatileBits_10000_103 + 0)
   1157 E6 0F         [ 7] 4667 	and	a, #0x0f
                           4668 ;	genCmpEq
   1159 FE 0F         [ 7] 4669 	cp	a, #0x0f
                           4670 ; common peephole 163 changed absolute to relative conditional jump.
   115B 28 04         [12] 4671 	jr	z, 00111$
                           4672 ; common peephole 81 removed jp by using inverse jump logic
                           4673 ; common peephole 159 removed unused label 00218$.
                           4674 ;	skipping generated iCode
                           4675 ;	genLabel
   115D                    4676 00110$:
                           4677 ;	genAssign
                           4678 ;	genMove_o size 1 result type 11 source type 1 a_dead 1 hl_dead 1 de_dead 1 iy_dead 1 f_dead 1
   115D AF            [ 4] 4679 	xor	a, a
   115E 32r00s00      [13] 4680 	ld	(#_success), a
                           4681 ; common peephole 19 loaded (#_success) from a directly instead of using hl.
                           4682 ;	genLabel
   1161                    4683 00111$:
                           4684 ;	genPlus
                           4685 ;	genMove_o size 2 result type 2 source type 10 a_dead 1 hl_dead 1 de_dead 1 iy_dead 1 f_dead 1
   1161 2Ar00s00      [16] 4686 	ld	hl, (___numTests)
   1164 23            [ 6] 4687 	inc	hl
                           4688 ;	genMove_o size 2 result type 10 source type 2 a_dead 1 hl_dead 1 de_dead 1 iy_dead 1 f_dead 1
   1165 22r00s00      [16] 4689 	ld	(___numTests), hl
                           4690 ;	genIfx
                           4691 ; common peephole 61 used hl instead of iy.
                           4692 ; common peephole 130a removed unnecessary +0 from constant
   1168 21r00s00      [10] 4693 	ld	hl, #_success
   116B CB 46         [12] 4694 	bit	0, (hl)
                           4695 ; common peephole 163 changed absolute to relative conditional jump.
   116D 20 11         [12] 4696 	jr	nz, 00128$
                           4697 ;	skipping iCode since result will be rematerialized
                           4698 ;	skipping iCode since result will be rematerialized
                           4699 ;	skipping iCode since result will be rematerialized
                           4700 ;	skipping iCode since result will be rematerialized
                           4701 ;	skipping iCode since result will be rematerialized
                           4702 ;	skipping iCode since result will be rematerialized
                           4703 ;	genIpush
                           4704 ;	genMove_o size 2 result type 2 source type 1 a_dead 1 hl_dead 1 de_dead 1 iy_dead 1 f_dead 1
   116F 21 96 01      [10] 4705 	ld	hl, #0x0196
   1172 E5            [11] 4706 	push	hl
                           4707 ;	genIpush
                           4708 ;	genMove_o size 2 result type 2 source type 7 a_dead 1 hl_dead 1 de_dead 1 iy_dead 1 f_dead 1
   1173 21r5As12      [10] 4709 	ld	hl, #___str_29
   1176 E5            [11] 4710 	push	hl
                           4711 ;	genSend
                           4712 ;	genMove_o size 2 result type 2 source type 7 a_dead 1 hl_dead 1 de_dead 1 iy_dead 1 f_dead 1
   1177 11r52s12      [10] 4713 	ld	de, #___str_28
                           4714 ;	genSend
                           4715 ;	genMove_o size 2 result type 2 source type 7 a_dead 1 hl_dead 1 de_dead 0 iy_dead 1 f_dead 1
   117A 21r41s12      [10] 4716 	ld	hl, #___str_27
                           4717 ;	genCall
   117D CDr00s00      [17] 4718 	call	___fail
                           4719 ;	genLabel
   1180                    4720 00128$:
                           4721 ;cases/bitfields-nibbles/bitfields-nibbles_operation_1_pattern_1_varType_4.c:407: TEST(high, 0x20);
                           4722 ;	genAssign
                           4723 ;	genMove_o size 1 result type 11 source type 1 a_dead 1 hl_dead 1 de_dead 1 iy_dead 1 f_dead 1
   1180 21r00s00      [10] 4724 	ld	hl, #_success
   1183 36 01         [10] 4725 	ld	(hl), #0x01
                           4726 ;	genAddrOf
   1185 01r09s00      [10] 4727 	ld	bc, #_nibble_op_test_high4_1_volatileBits_10000_103+0
                           4728 ;	genPointerSet
   1188 0A            [ 7] 4729 	ld	a, (bc)
   1189 E6 0F         [ 7] 4730 	and	a, #0x0f
   118B 02            [ 7] 4731 	ld	(bc), a
                           4732 ;	genAddrOf
   118C 01r09s00      [10] 4733 	ld	bc, #_nibble_op_test_high4_1_volatileBits_10000_103+0
                           4734 ;	genPointerSet
   118F 0A            [ 7] 4735 	ld	a, (bc)
   1190 F6 0F         [ 7] 4736 	or	a, #0x0f
   1192 02            [ 7] 4737 	ld	(bc), a
                           4738 ;	skipping iCode since result will be rematerialized
                           4739 ;	genPointerGet
   1193 3Ar09s00      [13] 4740 	ld	a, (#_nibble_op_test_high4_1_volatileBits_10000_103 + 0)
   1196 07            [ 4] 4741 	rlca
   1197 07            [ 4] 4742 	rlca
   1198 07            [ 4] 4743 	rlca
   1199 07            [ 4] 4744 	rlca
                           4745 ;	genIfx
   119A E6 0F         [ 7] 4746 	and	a, #0x0f
                           4747 ; common peephole 100 removed redundant or after and.
                           4748 ; common peephole 163 changed absolute to relative conditional jump.
   119C 20 09         [12] 4749 	jr	nz, 00113$
                           4750 ;	skipping iCode since result will be rematerialized
                           4751 ;	genPointerGet
   119E 3Ar09s00      [13] 4752 	ld	a, (#_nibble_op_test_high4_1_volatileBits_10000_103 + 0)
   11A1 E6 0F         [ 7] 4753 	and	a, #0x0f
                           4754 ;	genCmpEq
   11A3 FE 0F         [ 7] 4755 	cp	a, #0x0f
                           4756 ; common peephole 163 changed absolute to relative conditional jump.
   11A5 28 04         [12] 4757 	jr	z, 00114$
                           4758 ; common peephole 81 removed jp by using inverse jump logic
                           4759 ; common peephole 159 removed unused label 00219$.
                           4760 ;	skipping generated iCode
                           4761 ;	genLabel
   11A7                    4762 00113$:
                           4763 ;	genAssign
                           4764 ;	genMove_o size 1 result type 11 source type 1 a_dead 1 hl_dead 1 de_dead 1 iy_dead 1 f_dead 1
   11A7 AF            [ 4] 4765 	xor	a, a
   11A8 32r00s00      [13] 4766 	ld	(#_success), a
                           4767 ; common peephole 19 loaded (#_success) from a directly instead of using hl.
                           4768 ;	genLabel
   11AB                    4769 00114$:
                           4770 ;	skipping iCode since result will be rematerialized
                           4771 ;	genAddrOf
                           4772 ;	genPointerGet
                           4773 ;fetchPairLong
   11AB 3Ar09s00      [13] 4774 	ld	a, (#_nibble_op_test_high4_1_volatileBits_10000_103+0)
                           4775 ; common peephole 17 loaded a from (#_nibble_op_test_high4_1_volatileBits_10000_103+0) directly instead of using hl.
   11AE 07            [ 4] 4776 	rlca
   11AF 07            [ 4] 4777 	rlca
   11B0 07            [ 4] 4778 	rlca
   11B1 07            [ 4] 4779 	rlca
   11B2 E6 0F         [ 7] 4780 	and	a, #0x0f
   11B4 4F            [ 4] 4781 	ld	c, a
                           4782 ;	genPointerSet
                           4783 ;	genMove_o size 2 result type 2 source type 7 a_dead 1 hl_dead 1 de_dead 1 iy_dead 1 f_dead 1
   11B5 21r09s00      [10] 4784 	ld	hl, #_nibble_op_test_high4_1_volatileBits_10000_103
   11B8 ED 6F         [18] 4785 	rld
   11BA 79            [ 4] 4786 	ld	a, c
   11BB ED 67         [18] 4787 	rrd
                           4788 ;	skipping iCode since result will be rematerialized
                           4789 ;	genPointerGet
   11BD 3Ar09s00      [13] 4790 	ld	a, (#_nibble_op_test_high4_1_volatileBits_10000_103 + 0)
   11C0 07            [ 4] 4791 	rlca
   11C1 07            [ 4] 4792 	rlca
   11C2 07            [ 4] 4793 	rlca
   11C3 07            [ 4] 4794 	rlca
                           4795 ;	genIfx
   11C4 E6 0F         [ 7] 4796 	and	a, #0x0f
                           4797 ; common peephole 100 removed redundant or after and.
                           4798 ; common peephole 163 changed absolute to relative conditional jump.
   11C6 20 09         [12] 4799 	jr	nz, 00116$
                           4800 ;	skipping iCode since result will be rematerialized
                           4801 ;	genPointerGet
   11C8 3Ar09s00      [13] 4802 	ld	a, (#_nibble_op_test_high4_1_volatileBits_10000_103 + 0)
   11CB E6 0F         [ 7] 4803 	and	a, #0x0f
                           4804 ;	genCmpEq
   11CD FE 0F         [ 7] 4805 	cp	a, #0x0f
                           4806 ; common peephole 163 changed absolute to relative conditional jump.
   11CF 28 04         [12] 4807 	jr	z, 00117$
                           4808 ; common peephole 81 removed jp by using inverse jump logic
                           4809 ; common peephole 159 removed unused label 00220$.
                           4810 ;	skipping generated iCode
                           4811 ;	genLabel
   11D1                    4812 00116$:
                           4813 ;	genAssign
                           4814 ;	genMove_o size 1 result type 11 source type 1 a_dead 1 hl_dead 1 de_dead 1 iy_dead 1 f_dead 1
   11D1 AF            [ 4] 4815 	xor	a, a
   11D2 32r00s00      [13] 4816 	ld	(#_success), a
                           4817 ; common peephole 19 loaded (#_success) from a directly instead of using hl.
                           4818 ;	genLabel
   11D5                    4819 00117$:
                           4820 ;	genAddrOf
   11D5 01r09s00      [10] 4821 	ld	bc, #_nibble_op_test_high4_1_volatileBits_10000_103+0
                           4822 ;	genPointerSet
   11D8 0A            [ 7] 4823 	ld	a, (bc)
   11D9 F6 F0         [ 7] 4824 	or	a, #0xf0
   11DB 02            [ 7] 4825 	ld	(bc), a
                           4826 ;	skipping iCode since result will be rematerialized
                           4827 ;	genPointerGet
   11DC 3Ar09s00      [13] 4828 	ld	a, (#_nibble_op_test_high4_1_volatileBits_10000_103 + 0)
   11DF 07            [ 4] 4829 	rlca
   11E0 07            [ 4] 4830 	rlca
   11E1 07            [ 4] 4831 	rlca
   11E2 07            [ 4] 4832 	rlca
   11E3 E6 0F         [ 7] 4833 	and	a, #0x0f
                           4834 ;	genCmpEq
   11E5 FE 0F         [ 7] 4835 	cp	a, #0x0f
                           4836 ; common peephole 81 removed jp by using inverse jump logic
                           4837 ; common peephole 159 removed unused label 00221$.
                           4838 ; common peephole 163 changed absolute to relative conditional jump.
   11E7 20 09         [12] 4839 	jr	nz, 00119$
                           4840 ; common peephole 82 removed jp by using inverse jump logic
                           4841 ; common peephole 159 removed unused label 00222$.
                           4842 ;	skipping generated iCode
                           4843 ;	skipping iCode since result will be rematerialized
                           4844 ;	genPointerGet
   11E9 3Ar09s00      [13] 4845 	ld	a, (#_nibble_op_test_high4_1_volatileBits_10000_103 + 0)
   11EC E6 0F         [ 7] 4846 	and	a, #0x0f
                           4847 ;	genCmpEq
   11EE FE 0F         [ 7] 4848 	cp	a, #0x0f
                           4849 ; common peephole 163 changed absolute to relative conditional jump.
   11F0 28 04         [12] 4850 	jr	z, 00120$
                           4851 ; common peephole 81 removed jp by using inverse jump logic
                           4852 ; common peephole 159 removed unused label 00223$.
                           4853 ;	skipping generated iCode
                           4854 ;	genLabel
   11F2                    4855 00119$:
                           4856 ;	genAssign
                           4857 ;	genMove_o size 1 result type 11 source type 1 a_dead 1 hl_dead 1 de_dead 1 iy_dead 1 f_dead 1
   11F2 AF            [ 4] 4858 	xor	a, a
   11F3 32r00s00      [13] 4859 	ld	(#_success), a
                           4860 ; common peephole 19 loaded (#_success) from a directly instead of using hl.
                           4861 ;	genLabel
   11F6                    4862 00120$:
                           4863 ;	skipping iCode since result will be rematerialized
                           4864 ;	genAddrOf
                           4865 ;	genPointerGet
                           4866 ;fetchPairLong
   11F6 3Ar09s00      [13] 4867 	ld	a, (#_nibble_op_test_high4_1_volatileBits_10000_103+0)
                           4868 ; common peephole 17 loaded a from (#_nibble_op_test_high4_1_volatileBits_10000_103+0) directly instead of using hl.
   11F9 07            [ 4] 4869 	rlca
   11FA 07            [ 4] 4870 	rlca
   11FB 07            [ 4] 4871 	rlca
   11FC 07            [ 4] 4872 	rlca
   11FD E6 0F         [ 7] 4873 	and	a, #0x0f
   11FF 4F            [ 4] 4874 	ld	c, a
                           4875 ;	genPointerSet
                           4876 ;	genMove_o size 2 result type 2 source type 7 a_dead 1 hl_dead 1 de_dead 1 iy_dead 1 f_dead 1
   1200 21r09s00      [10] 4877 	ld	hl, #_nibble_op_test_high4_1_volatileBits_10000_103
   1203 ED 6F         [18] 4878 	rld
   1205 79            [ 4] 4879 	ld	a, c
   1206 ED 67         [18] 4880 	rrd
                           4881 ;	skipping iCode since result will be rematerialized
                           4882 ;	genPointerGet
   1208 3Ar09s00      [13] 4883 	ld	a, (#_nibble_op_test_high4_1_volatileBits_10000_103 + 0)
   120B 07            [ 4] 4884 	rlca
   120C 07            [ 4] 4885 	rlca
   120D 07            [ 4] 4886 	rlca
   120E 07            [ 4] 4887 	rlca
   120F E6 0F         [ 7] 4888 	and	a, #0x0f
                           4889 ;	genCast
                           4890 ;	(locations are the same)
                           4891 ;	genCmpEq
   1211 FE 0F         [ 7] 4892 	cp	a, #0x0f
                           4893 ; common peephole 81 removed jp by using inverse jump logic
                           4894 ; common peephole 159 removed unused label 00224$.
                           4895 ; common peephole 163 changed absolute to relative conditional jump.
   1213 20 09         [12] 4896 	jr	nz, 00122$
                           4897 ; common peephole 82 removed jp by using inverse jump logic
                           4898 ; common peephole 159 removed unused label 00225$.
                           4899 ;	skipping generated iCode
                           4900 ;	skipping iCode since result will be rematerialized
                           4901 ;	genPointerGet
   1215 3Ar09s00      [13] 4902 	ld	a, (#_nibble_op_test_high4_1_volatileBits_10000_103 + 0)
   1218 E6 0F         [ 7] 4903 	and	a, #0x0f
                           4904 ;	genCmpEq
   121A FE 0F         [ 7] 4905 	cp	a, #0x0f
                           4906 ; common peephole 163 changed absolute to relative conditional jump.
   121C 28 04         [12] 4907 	jr	z, 00123$
                           4908 ; common peephole 81 removed jp by using inverse jump logic
                           4909 ; common peephole 159 removed unused label 00226$.
                           4910 ;	skipping generated iCode
                           4911 ;	genLabel
   121E                    4912 00122$:
                           4913 ;	genAssign
                           4914 ;	genMove_o size 1 result type 11 source type 1 a_dead 1 hl_dead 1 de_dead 1 iy_dead 1 f_dead 1
   121E AF            [ 4] 4915 	xor	a, a
   121F 32r00s00      [13] 4916 	ld	(#_success), a
                           4917 ; common peephole 19 loaded (#_success) from a directly instead of using hl.
                           4918 ;	genLabel
   1222                    4919 00123$:
                           4920 ;	genPlus
                           4921 ;	genMove_o size 2 result type 2 source type 10 a_dead 1 hl_dead 1 de_dead 1 iy_dead 1 f_dead 1
   1222 2Ar00s00      [16] 4922 	ld	hl, (___numTests)
   1225 23            [ 6] 4923 	inc	hl
                           4924 ;	genMove_o size 2 result type 10 source type 2 a_dead 1 hl_dead 1 de_dead 1 iy_dead 1 f_dead 1
   1226 22r00s00      [16] 4925 	ld	(___numTests), hl
                           4926 ;	genIfx
                           4927 ; common peephole 61 used hl instead of iy.
                           4928 ; common peephole 130a removed unnecessary +0 from constant
   1229 21r00s00      [10] 4929 	ld	hl, #_success
   122C CB 46         [12] 4930 	bit	0, (hl)
   122E C0            [11] 4931 	ret	nz
                           4932 ; common peephole 161 replaced jump by return.
                           4933 ;	skipping iCode since result will be rematerialized
                           4934 ;	skipping iCode since result will be rematerialized
                           4935 ;	skipping iCode since result will be rematerialized
                           4936 ;	skipping iCode since result will be rematerialized
                           4937 ;	skipping iCode since result will be rematerialized
                           4938 ;	skipping iCode since result will be rematerialized
                           4939 ;	genIpush
                           4940 ;	genMove_o size 2 result type 2 source type 1 a_dead 1 hl_dead 1 de_dead 1 iy_dead 1 f_dead 1
   122F 21 97 01      [10] 4941 	ld	hl, #0x0197
   1232 E5            [11] 4942 	push	hl
                           4943 ;	genIpush
                           4944 ;	genMove_o size 2 result type 2 source type 7 a_dead 1 hl_dead 1 de_dead 1 iy_dead 1 f_dead 1
   1233 21r5As12      [10] 4945 	ld	hl, #___str_29
   1236 E5            [11] 4946 	push	hl
                           4947 ;	genSend
                           4948 ;	genMove_o size 2 result type 2 source type 7 a_dead 1 hl_dead 1 de_dead 1 iy_dead 1 f_dead 1
   1237 11r52s12      [10] 4949 	ld	de, #___str_28
                           4950 ;	genSend
                           4951 ;	genMove_o size 2 result type 2 source type 7 a_dead 1 hl_dead 1 de_dead 0 iy_dead 1 f_dead 1
   123A 21r41s12      [10] 4952 	ld	hl, #___str_27
                           4953 ;	genCall
   123D CDr00s00      [17] 4954 	call	___fail
                           4955 ;	genLabel
                           4956 ; common peephole 159 removed unused label 00125$.
                           4957 ;cases/bitfields-nibbles/bitfields-nibbles_operation_1_pattern_1_varType_4.c:408: }
                           4958 ;	genEndFunction
   1240 C9            [10] 4959 	ret
                           4960 ;	Total nibble_op_test_high4_1 function size at codegen: 13 bytes.
   1241                    4961 ___str_27:
   1241 41 73 73 65 72 74  4962 	.ascii "Assertion failed"
        69 6F 6E 20 66 61
        69 6C 65 64
   1251 00                 4963 	.db 0x00
   1252                    4964 ___str_28:
   1252 73 75 63 63 65 73  4965 	.ascii "success"
        73
   1259 00                 4966 	.db 0x00
   125A                    4967 ___str_29:
   125A 63 61 73 65 73 2F  4968 	.ascii "cases/bitfields-nibbles/bitfields-nibbles_operation_1_patter"
        62 69 74 66 69 65
        6C 64 73 2D 6E 69
        62 62 6C 65 73 2F
        62 69 74 66 69 65
        6C 64 73 2D 6E 69
        62 62 6C 65 73 5F
        6F 70 65 72 61 74
        69 6F 6E 5F 31 5F
        70 61 74 74 65 72
   1296 6E 5F 31 5F 76 61  4969 	.ascii "n_1_varType_4.c"
        72 54 79 70 65 5F
        34 2E 63
   12A5 00                 4970 	.db 0x00
                           4971 ;cases/bitfields-nibbles/bitfields-nibbles_operation_1_pattern_1_varType_4.c:423: testBitfields(void)
                           4972 ;	genLabel
                           4973 ;	genFunction
                           4974 ;	---------------------------------
                           4975 ; Function testBitfields
                           4976 ; ---------------------------------
                           4977 ;	Register assignment is optimal.
                           4978 ; Stack space usage: 0 bytes.
   12A6                    4979 _testBitfields:
                           4980 ;cases/bitfields-nibbles/bitfields-nibbles_operation_1_pattern_1_varType_4.c:443: nibble_op_test_low1_1();
                           4981 ;	genCall
   12A6 CDr00s00      [17] 4982 	call	_nibble_op_test_low1_1
                           4983 ;cases/bitfields-nibbles/bitfields-nibbles_operation_1_pattern_1_varType_4.c:444: nibble_op_test_low1_2();
                           4984 ;	genCall
   12A9 CDrCBs01      [17] 4985 	call	_nibble_op_test_low1_2
                           4986 ;cases/bitfields-nibbles/bitfields-nibbles_operation_1_pattern_1_varType_4.c:445: nibble_op_test_low2_1();
                           4987 ;	genCall
   12AC CDr96s03      [17] 4988 	call	_nibble_op_test_low2_1
                           4989 ;cases/bitfields-nibbles/bitfields-nibbles_operation_1_pattern_1_varType_4.c:449: nibble_op_test_low3_1();
                           4990 ;	genCall
   12AF CDr79s05      [17] 4991 	call	_nibble_op_test_low3_1
                           4992 ;cases/bitfields-nibbles/bitfields-nibbles_operation_1_pattern_1_varType_4.c:453: nibble_op_test_low4_1();
                           4993 ;	genCall
   12B2 CDr5Cs07      [17] 4994 	call	_nibble_op_test_low4_1
                           4995 ;cases/bitfields-nibbles/bitfields-nibbles_operation_1_pattern_1_varType_4.c:458: nibble_op_test_high1_1();
                           4996 ;	genCall
   12B5 CDr33s09      [17] 4997 	call	_nibble_op_test_high1_1
                           4998 ;cases/bitfields-nibbles/bitfields-nibbles_operation_1_pattern_1_varType_4.c:459: nibble_op_test_high1_2();
                           4999 ;	genCall
   12B8 CDr06s0B      [17] 5000 	call	_nibble_op_test_high1_2
                           5001 ;cases/bitfields-nibbles/bitfields-nibbles_operation_1_pattern_1_varType_4.c:460: nibble_op_test_high2_1();
                           5002 ;	genCall
   12BB CDrD9s0C      [17] 5003 	call	_nibble_op_test_high2_1
                           5004 ;cases/bitfields-nibbles/bitfields-nibbles_operation_1_pattern_1_varType_4.c:464: nibble_op_test_high3_1();
                           5005 ;	genCall
   12BE CDrCCs0E      [17] 5006 	call	_nibble_op_test_high3_1
                           5007 ;cases/bitfields-nibbles/bitfields-nibbles_operation_1_pattern_1_varType_4.c:468: nibble_op_test_high4_1();
                           5008 ;	genCall
                           5009 ;	genLabel
                           5010 ; common peephole 159 removed unused label 00101$.
                           5011 ;cases/bitfields-nibbles/bitfields-nibbles_operation_1_pattern_1_varType_4.c:474: }
                           5012 ;	genEndFunction
   12C1 C3rBFs10      [10] 5013 	jp	_nibble_op_test_high4_1
                           5014 ; common peephole 152 removed unused ret.
                           5015 ;	Total testBitfields function size at codegen: 1 bytes.
                           5016 ;cases/bitfields-nibbles/bitfields-nibbles_operation_1_pattern_1_varType_4.c:477: __runSuite(void)
                           5017 ;	genLabel
                           5018 ;	genFunction
                           5019 ;	---------------------------------
                           5020 ; Function __runSuite
                           5021 ; ---------------------------------
                           5022 ;	Register assignment is optimal.
                           5023 ; Stack space usage: 0 bytes.
   12C4                    5024 ___runSuite::
                           5025 ;cases/bitfields-nibbles/bitfields-nibbles_operation_1_pattern_1_varType_4.c:479: __prints("Running testBitfields\n");
                           5026 ;	skipping iCode since result will be rematerialized
                           5027 ;	skipping iCode since result will be rematerialized
                           5028 ;	genSend
                           5029 ;	genMove_o size 2 result type 2 source type 7 a_dead 1 hl_dead 1 de_dead 1 iy_dead 1 f_dead 1
   12C4 21rCDs12      [10] 5030 	ld	hl, #___str_30
                           5031 ;	genCall
   12C7 CDr00s00      [17] 5032 	call	___prints
                           5033 ;cases/bitfields-nibbles/bitfields-nibbles_operation_1_pattern_1_varType_4.c:480: testBitfields();
                           5034 ;	genCall
                           5035 ;	genLabel
                           5036 ; common peephole 159 removed unused label 00101$.
                           5037 ;cases/bitfields-nibbles/bitfields-nibbles_operation_1_pattern_1_varType_4.c:481: }
                           5038 ;	genEndFunction
   12CA C3rA6s12      [10] 5039 	jp	_testBitfields
                           5040 ; common peephole 152 removed unused ret.
                           5041 ;	Total __runSuite function size at codegen: 1 bytes.
   12CD                    5042 ___str_30:
   12CD 52 75 6E 6E 69 6E  5043 	.ascii "Running testBitfields"
        67 20 74 65 73 74
        42 69 74 66 69 65
        6C 64 73
   12E2 0A                 5044 	.db 0x0a
   12E3 00                 5045 	.db 0x00
                           5046 ;cases/bitfields-nibbles/bitfields-nibbles_operation_1_pattern_1_varType_4.c:486: __getSuiteName(void)
                           5047 ;	genLabel
                           5048 ;	genFunction
                           5049 ;	---------------------------------
                           5050 ; Function __getSuiteName
                           5051 ; ---------------------------------
                           5052 ;	Register assignment is optimal.
                           5053 ; Stack space usage: 0 bytes.
   12E4                    5054 ___getSuiteName::
                           5055 ;cases/bitfields-nibbles/bitfields-nibbles_operation_1_pattern_1_varType_4.c:488: return "bitfields-nibbles_operation_1_pattern_1_varType_4";
                           5056 ;	skipping iCode since result will be rematerialized
                           5057 ;	skipping iCode since result will be rematerialized
                           5058 ;	genRet
                           5059 ;	genMove_o size 2 result type 2 source type 7 a_dead 1 hl_dead 1 de_dead 1 iy_dead 1 f_dead 1
   12E4 11rEAs12      [10] 5060 	ld	de, #___str_31
                           5061 ;	genLabel
                           5062 ; common peephole 159 removed unused label 00101$.
                           5063 ;cases/bitfields-nibbles/bitfields-nibbles_operation_1_pattern_1_varType_4.c:489: }
                           5064 ;	genEndFunction
   12E7 C9            [10] 5065 	ret
                           5066 ;	Total __getSuiteName function size at codegen: 1 bytes.
   12E8                    5067 ___numCases:
   12E8 01 00              5068 	.dw #0x0001
   12EA                    5069 ___str_31:
   12EA 62 69 74 66 69 65  5070 	.ascii "bitfields-nibbles_operation_1_pattern_1_varType_4"
        6C 64 73 2D 6E 69
        62 62 6C 65 73 5F
        6F 70 65 72 61 74
        69 6F 6E 5F 31 5F
        70 61 74 74 65 72
        6E 5F 31 5F 76 61
        72 54 79 70 65 5F
        34
   131B 00                 5071 	.db 0x00
                           5072 	.area _CODE (BANK=_CSEG)
                           5073 	.area _INITIALIZER
   0000                    5074 __xinit__success:
   0000 00                 5075 	.db #0x00	;  0
                           5076 	.area _CABS (ABS)
