                              1 ;--------------------------------------------------------
                              2 ; File Created by SDCC : free open source ISO C Compiler
                              3 ; Version 4.6.2 #16710 (Linux)
                              4 ;--------------------------------------------------------
                              5 	.module staticinit_type_char
                              6 	
                              7 ;--------------------------------------------------------
                              8 ; Public variables in this module
                              9 ;--------------------------------------------------------
                             10 	.globl ___prints
                             11 	.globl ___fail
                             12 	.globl _c
                             13 	.globl ___numCases
                             14 	.globl ___runSuite
                             15 	.globl ___getSuiteName
                             16 ;--------------------------------------------------------
                             17 ; special function registers
                             18 ;--------------------------------------------------------
                             19 ;--------------------------------------------------------
                             20 ; ram data
                             21 ;--------------------------------------------------------
                             22 	.area _DATA (BANK=_DSEG)
                             23 ;--------------------------------------------------------
                             24 ; ram data
                             25 ;--------------------------------------------------------
                             26 	.area _INITIALIZED
   0000                      27 _c::
   0000                      28 	.ds 2
   0002                      29 _smallDense:
   0002                      30 	.ds 6
   0008                      31 _smallSparse:
   0008                      32 	.ds 9
   0011                      33 _smallSparseZero:
   0011                      34 	.ds 9
   001A                      35 _smallSparseZeroTail:
   001A                      36 	.ds 3
   001D                      37 _largeMixed:
   001D                      38 	.ds 279
                             39 ;--------------------------------------------------------
                             40 ; absolute ram data
                             41 ;--------------------------------------------------------
                             42 	.area _DABS (ABS)
                             43 	.area _DABS (ABS)
                             44 ;--------------------------------------------------------
                             45 ; global & static initialisations
                             46 ;--------------------------------------------------------
                             47 	.area _HOME
                             48 	.area _GSINIT
                             49 	.area _GSFINAL
                             50 	.area _GSINIT
                             51 ;--------------------------------------------------------
                             52 ; Home
                             53 ;--------------------------------------------------------
                             54 	.area _HOME (BANK=_CSEG)
                             55 	.area _HOME (BANK=_CSEG)
                             56 ;--------------------------------------------------------
                             57 ; code
                             58 ;--------------------------------------------------------
                             59 	.area _CODE (BANK=_CSEG)
                             60 ;cases/staticinit/staticinit_type_char.c:23: testSmallDense (void)
                             61 ;	genLabel
                             62 ;	genFunction
                             63 ;	---------------------------------
                             64 ; Function testSmallDense
                             65 ; ---------------------------------
                             66 ;	Register assignment might be sub-optimal.
                             67 ; Stack space usage: 0 bytes.
   0000                      68 _testSmallDense:
                             69 ;cases/staticinit/staticinit_type_char.c:26: ASSERT (smallDense[0] == 1);
                             70 ;	genPlus
                             71 ;	genMove_o size 2 result type 2 source type 10 a_dead 1 hl_dead 1 de_dead 1 iy_dead 1 f_dead 1
   0000 2Ar00s00      [16]   72 	ld	hl, (___numTests)
   0003 23            [ 6]   73 	inc	hl
                             74 ;	genMove_o size 2 result type 10 source type 2 a_dead 1 hl_dead 1 de_dead 1 iy_dead 1 f_dead 1
   0004 22r00s00      [16]   75 	ld	(___numTests), hl
                             76 ;	skipping iCode since result will be rematerialized
                             77 ;	genPointerGet
   0007 3Ar02s00      [13]   78 	ld	a, (#_smallDense + 0)
                             79 ;	genCmpEq
   000A FE 01         [ 7]   80 	cp	a, #0x01
                             81 ; common peephole 163 changed absolute to relative conditional jump.
   000C 28 11         [12]   82 	jr	z, 00104$
                             83 ; common peephole 81 removed jp by using inverse jump logic
                             84 ; common peephole 159 removed unused label 00163$.
                             85 ;	skipping generated iCode
                             86 ;	skipping iCode since result will be rematerialized
                             87 ;	skipping iCode since result will be rematerialized
                             88 ;	skipping iCode since result will be rematerialized
                             89 ;	skipping iCode since result will be rematerialized
                             90 ;	skipping iCode since result will be rematerialized
                             91 ;	skipping iCode since result will be rematerialized
                             92 ;	genIpush
                             93 ;	genMove_o size 2 result type 2 source type 1 a_dead 1 hl_dead 1 de_dead 1 iy_dead 1 f_dead 1
   000E 21 1A 00      [10]   94 	ld	hl, #0x001a
   0011 E5            [11]   95 	push	hl
                             96 ;	genIpush
                             97 ;	genMove_o size 2 result type 2 source type 7 a_dead 1 hl_dead 1 de_dead 1 iy_dead 1 f_dead 1
   0012 21rDEs00      [10]   98 	ld	hl, #___str_2
   0015 E5            [11]   99 	push	hl
                            100 ;	genSend
                            101 ;	genMove_o size 2 result type 2 source type 7 a_dead 1 hl_dead 1 de_dead 1 iy_dead 1 f_dead 1
   0016 11rCBs00      [10]  102 	ld	de, #___str_1
                            103 ;	genSend
                            104 ;	genMove_o size 2 result type 2 source type 7 a_dead 1 hl_dead 1 de_dead 0 iy_dead 1 f_dead 1
   0019 21rBAs00      [10]  105 	ld	hl, #___str_0
                            106 ;	genCall
   001C CDr00s00      [17]  107 	call	___fail
                            108 ;	genLabel
   001F                     109 00104$:
                            110 ;cases/staticinit/staticinit_type_char.c:27: ASSERT (smallDense[1] == 2);
                            111 ;	genPlus
                            112 ;	genMove_o size 2 result type 2 source type 10 a_dead 1 hl_dead 1 de_dead 1 iy_dead 1 f_dead 1
   001F 2Ar00s00      [16]  113 	ld	hl, (___numTests)
   0022 23            [ 6]  114 	inc	hl
                            115 ;	genMove_o size 2 result type 10 source type 2 a_dead 1 hl_dead 1 de_dead 1 iy_dead 1 f_dead 1
   0023 22r00s00      [16]  116 	ld	(___numTests), hl
                            117 ;	skipping iCode since result will be rematerialized
                            118 ;	genPointerGet
   0026 3Ar03s00      [13]  119 	ld	a, (#_smallDense + 1)
                            120 ;	genCmpEq
   0029 FE 02         [ 7]  121 	cp	a, #0x02
                            122 ; common peephole 163 changed absolute to relative conditional jump.
   002B 28 11         [12]  123 	jr	z, 00106$
                            124 ; common peephole 81 removed jp by using inverse jump logic
                            125 ; common peephole 159 removed unused label 00164$.
                            126 ;	skipping generated iCode
                            127 ;	skipping iCode since result will be rematerialized
                            128 ;	skipping iCode since result will be rematerialized
                            129 ;	skipping iCode since result will be rematerialized
                            130 ;	skipping iCode since result will be rematerialized
                            131 ;	skipping iCode since result will be rematerialized
                            132 ;	skipping iCode since result will be rematerialized
                            133 ;	genIpush
                            134 ;	genMove_o size 2 result type 2 source type 1 a_dead 1 hl_dead 1 de_dead 1 iy_dead 1 f_dead 1
   002D 21 1B 00      [10]  135 	ld	hl, #0x001b
   0030 E5            [11]  136 	push	hl
                            137 ;	genIpush
                            138 ;	genMove_o size 2 result type 2 source type 7 a_dead 1 hl_dead 1 de_dead 1 iy_dead 1 f_dead 1
   0031 21rDEs00      [10]  139 	ld	hl, #___str_2
   0034 E5            [11]  140 	push	hl
                            141 ;	genSend
                            142 ;	genMove_o size 2 result type 2 source type 7 a_dead 1 hl_dead 1 de_dead 1 iy_dead 1 f_dead 1
   0035 11r06s01      [10]  143 	ld	de, #___str_3
                            144 ;	genSend
                            145 ;	genMove_o size 2 result type 2 source type 7 a_dead 1 hl_dead 1 de_dead 0 iy_dead 1 f_dead 1
   0038 21rBAs00      [10]  146 	ld	hl, #___str_0
                            147 ;	genCall
   003B CDr00s00      [17]  148 	call	___fail
                            149 ;	genLabel
   003E                     150 00106$:
                            151 ;cases/staticinit/staticinit_type_char.c:28: ASSERT (smallDense[2] == 3);
                            152 ;	genPlus
                            153 ;	genMove_o size 2 result type 2 source type 10 a_dead 1 hl_dead 1 de_dead 1 iy_dead 1 f_dead 1
   003E 2Ar00s00      [16]  154 	ld	hl, (___numTests)
   0041 23            [ 6]  155 	inc	hl
                            156 ;	genMove_o size 2 result type 10 source type 2 a_dead 1 hl_dead 1 de_dead 1 iy_dead 1 f_dead 1
   0042 22r00s00      [16]  157 	ld	(___numTests), hl
                            158 ;	skipping iCode since result will be rematerialized
                            159 ;	genPointerGet
   0045 3Ar04s00      [13]  160 	ld	a, (#_smallDense + 2)
                            161 ;	genCmpEq
   0048 FE 03         [ 7]  162 	cp	a, #0x03
                            163 ; common peephole 163 changed absolute to relative conditional jump.
   004A 28 11         [12]  164 	jr	z, 00108$
                            165 ; common peephole 81 removed jp by using inverse jump logic
                            166 ; common peephole 159 removed unused label 00165$.
                            167 ;	skipping generated iCode
                            168 ;	skipping iCode since result will be rematerialized
                            169 ;	skipping iCode since result will be rematerialized
                            170 ;	skipping iCode since result will be rematerialized
                            171 ;	skipping iCode since result will be rematerialized
                            172 ;	skipping iCode since result will be rematerialized
                            173 ;	skipping iCode since result will be rematerialized
                            174 ;	genIpush
                            175 ;	genMove_o size 2 result type 2 source type 1 a_dead 1 hl_dead 1 de_dead 1 iy_dead 1 f_dead 1
   004C 21 1C 00      [10]  176 	ld	hl, #0x001c
   004F E5            [11]  177 	push	hl
                            178 ;	genIpush
                            179 ;	genMove_o size 2 result type 2 source type 7 a_dead 1 hl_dead 1 de_dead 1 iy_dead 1 f_dead 1
   0050 21rDEs00      [10]  180 	ld	hl, #___str_2
   0053 E5            [11]  181 	push	hl
                            182 ;	genSend
                            183 ;	genMove_o size 2 result type 2 source type 7 a_dead 1 hl_dead 1 de_dead 1 iy_dead 1 f_dead 1
   0054 11r19s01      [10]  184 	ld	de, #___str_4
                            185 ;	genSend
                            186 ;	genMove_o size 2 result type 2 source type 7 a_dead 1 hl_dead 1 de_dead 0 iy_dead 1 f_dead 1
   0057 21rBAs00      [10]  187 	ld	hl, #___str_0
                            188 ;	genCall
   005A CDr00s00      [17]  189 	call	___fail
                            190 ;	genLabel
   005D                     191 00108$:
                            192 ;cases/staticinit/staticinit_type_char.c:29: ASSERT (smallDense[3] == 4);
                            193 ;	genPlus
                            194 ;	genMove_o size 2 result type 2 source type 10 a_dead 1 hl_dead 1 de_dead 1 iy_dead 1 f_dead 1
   005D 2Ar00s00      [16]  195 	ld	hl, (___numTests)
   0060 23            [ 6]  196 	inc	hl
                            197 ;	genMove_o size 2 result type 10 source type 2 a_dead 1 hl_dead 1 de_dead 1 iy_dead 1 f_dead 1
   0061 22r00s00      [16]  198 	ld	(___numTests), hl
                            199 ;	skipping iCode since result will be rematerialized
                            200 ;	genPointerGet
   0064 3Ar05s00      [13]  201 	ld	a, (#_smallDense + 3)
                            202 ;	genCmpEq
   0067 FE 04         [ 7]  203 	cp	a, #0x04
                            204 ; common peephole 163 changed absolute to relative conditional jump.
   0069 28 11         [12]  205 	jr	z, 00110$
                            206 ; common peephole 81 removed jp by using inverse jump logic
                            207 ; common peephole 159 removed unused label 00166$.
                            208 ;	skipping generated iCode
                            209 ;	skipping iCode since result will be rematerialized
                            210 ;	skipping iCode since result will be rematerialized
                            211 ;	skipping iCode since result will be rematerialized
                            212 ;	skipping iCode since result will be rematerialized
                            213 ;	skipping iCode since result will be rematerialized
                            214 ;	skipping iCode since result will be rematerialized
                            215 ;	genIpush
                            216 ;	genMove_o size 2 result type 2 source type 1 a_dead 1 hl_dead 1 de_dead 1 iy_dead 1 f_dead 1
   006B 21 1D 00      [10]  217 	ld	hl, #0x001d
   006E E5            [11]  218 	push	hl
                            219 ;	genIpush
                            220 ;	genMove_o size 2 result type 2 source type 7 a_dead 1 hl_dead 1 de_dead 1 iy_dead 1 f_dead 1
   006F 21rDEs00      [10]  221 	ld	hl, #___str_2
   0072 E5            [11]  222 	push	hl
                            223 ;	genSend
                            224 ;	genMove_o size 2 result type 2 source type 7 a_dead 1 hl_dead 1 de_dead 1 iy_dead 1 f_dead 1
   0073 11r2Cs01      [10]  225 	ld	de, #___str_5
                            226 ;	genSend
                            227 ;	genMove_o size 2 result type 2 source type 7 a_dead 1 hl_dead 1 de_dead 0 iy_dead 1 f_dead 1
   0076 21rBAs00      [10]  228 	ld	hl, #___str_0
                            229 ;	genCall
   0079 CDr00s00      [17]  230 	call	___fail
                            231 ;	genLabel
   007C                     232 00110$:
                            233 ;cases/staticinit/staticinit_type_char.c:30: ASSERT (smallDense[4] == 5);
                            234 ;	genPlus
                            235 ;	genMove_o size 2 result type 2 source type 10 a_dead 1 hl_dead 1 de_dead 1 iy_dead 1 f_dead 1
   007C 2Ar00s00      [16]  236 	ld	hl, (___numTests)
   007F 23            [ 6]  237 	inc	hl
                            238 ;	genMove_o size 2 result type 10 source type 2 a_dead 1 hl_dead 1 de_dead 1 iy_dead 1 f_dead 1
   0080 22r00s00      [16]  239 	ld	(___numTests), hl
                            240 ;	skipping iCode since result will be rematerialized
                            241 ;	genPointerGet
   0083 3Ar06s00      [13]  242 	ld	a, (#_smallDense + 4)
                            243 ;	genCmpEq
   0086 FE 05         [ 7]  244 	cp	a, #0x05
                            245 ; common peephole 163 changed absolute to relative conditional jump.
   0088 28 11         [12]  246 	jr	z, 00112$
                            247 ; common peephole 81 removed jp by using inverse jump logic
                            248 ; common peephole 159 removed unused label 00167$.
                            249 ;	skipping generated iCode
                            250 ;	skipping iCode since result will be rematerialized
                            251 ;	skipping iCode since result will be rematerialized
                            252 ;	skipping iCode since result will be rematerialized
                            253 ;	skipping iCode since result will be rematerialized
                            254 ;	skipping iCode since result will be rematerialized
                            255 ;	skipping iCode since result will be rematerialized
                            256 ;	genIpush
                            257 ;	genMove_o size 2 result type 2 source type 1 a_dead 1 hl_dead 1 de_dead 1 iy_dead 1 f_dead 1
   008A 21 1E 00      [10]  258 	ld	hl, #0x001e
   008D E5            [11]  259 	push	hl
                            260 ;	genIpush
                            261 ;	genMove_o size 2 result type 2 source type 7 a_dead 1 hl_dead 1 de_dead 1 iy_dead 1 f_dead 1
   008E 21rDEs00      [10]  262 	ld	hl, #___str_2
   0091 E5            [11]  263 	push	hl
                            264 ;	genSend
                            265 ;	genMove_o size 2 result type 2 source type 7 a_dead 1 hl_dead 1 de_dead 1 iy_dead 1 f_dead 1
   0092 11r3Fs01      [10]  266 	ld	de, #___str_6
                            267 ;	genSend
                            268 ;	genMove_o size 2 result type 2 source type 7 a_dead 1 hl_dead 1 de_dead 0 iy_dead 1 f_dead 1
   0095 21rBAs00      [10]  269 	ld	hl, #___str_0
                            270 ;	genCall
   0098 CDr00s00      [17]  271 	call	___fail
                            272 ;	genLabel
   009B                     273 00112$:
                            274 ;cases/staticinit/staticinit_type_char.c:31: ASSERT (smallDense[5] == 6);
                            275 ;	genPlus
                            276 ;	genMove_o size 2 result type 2 source type 10 a_dead 1 hl_dead 1 de_dead 1 iy_dead 1 f_dead 1
   009B 2Ar00s00      [16]  277 	ld	hl, (___numTests)
   009E 23            [ 6]  278 	inc	hl
                            279 ;	genMove_o size 2 result type 10 source type 2 a_dead 1 hl_dead 1 de_dead 1 iy_dead 1 f_dead 1
   009F 22r00s00      [16]  280 	ld	(___numTests), hl
                            281 ;	skipping iCode since result will be rematerialized
                            282 ;	genPointerGet
   00A2 3Ar07s00      [13]  283 	ld	a, (#_smallDense + 5)
                            284 ;	genCmpEq
   00A5 FE 06         [ 7]  285 	cp	a, #0x06
   00A7 C8            [11]  286 	ret	z
                            287 ; common peephole 161 replaced jump by return.
                            288 ; common peephole 81 removed jp by using inverse jump logic
                            289 ; common peephole 159 removed unused label 00168$.
                            290 ;	skipping generated iCode
                            291 ;	skipping iCode since result will be rematerialized
                            292 ;	skipping iCode since result will be rematerialized
                            293 ;	skipping iCode since result will be rematerialized
                            294 ;	skipping iCode since result will be rematerialized
                            295 ;	skipping iCode since result will be rematerialized
                            296 ;	skipping iCode since result will be rematerialized
                            297 ;	genIpush
                            298 ;	genMove_o size 2 result type 2 source type 1 a_dead 1 hl_dead 1 de_dead 1 iy_dead 1 f_dead 1
   00A8 21 1F 00      [10]  299 	ld	hl, #0x001f
   00AB E5            [11]  300 	push	hl
                            301 ;	genIpush
                            302 ;	genMove_o size 2 result type 2 source type 7 a_dead 1 hl_dead 1 de_dead 1 iy_dead 1 f_dead 1
   00AC 21rDEs00      [10]  303 	ld	hl, #___str_2
   00AF E5            [11]  304 	push	hl
                            305 ;	genSend
                            306 ;	genMove_o size 2 result type 2 source type 7 a_dead 1 hl_dead 1 de_dead 1 iy_dead 1 f_dead 1
   00B0 11r52s01      [10]  307 	ld	de, #___str_7
                            308 ;	genSend
                            309 ;	genMove_o size 2 result type 2 source type 7 a_dead 1 hl_dead 1 de_dead 0 iy_dead 1 f_dead 1
   00B3 21rBAs00      [10]  310 	ld	hl, #___str_0
                            311 ;	genCall
   00B6 CDr00s00      [17]  312 	call	___fail
                            313 ;	genLabel
                            314 ; common peephole 159 removed unused label 00101$.
                            315 ;cases/staticinit/staticinit_type_char.c:33: }
                            316 ;	genEndFunction
   00B9 C9            [10]  317 	ret
                            318 ;	Total testSmallDense function size at codegen: 1 bytes.
   00BA                     319 ___str_0:
   00BA 41 73 73 65 72 74   320 	.ascii "Assertion failed"
        69 6F 6E 20 66 61
        69 6C 65 64
   00CA 00                  321 	.db 0x00
   00CB                     322 ___str_1:
   00CB 73 6D 61 6C 6C 44   323 	.ascii "smallDense[0] == 1"
        65 6E 73 65 5B 30
        5D 20 3D 3D 20 31
   00DD 00                  324 	.db 0x00
   00DE                     325 ___str_2:
   00DE 63 61 73 65 73 2F   326 	.ascii "cases/staticinit/staticinit_type_char.c"
        73 74 61 74 69 63
        69 6E 69 74 2F 73
        74 61 74 69 63 69
        6E 69 74 5F 74 79
        70 65 5F 63 68 61
        72 2E 63
   0105 00                  327 	.db 0x00
   0106                     328 ___str_3:
   0106 73 6D 61 6C 6C 44   329 	.ascii "smallDense[1] == 2"
        65 6E 73 65 5B 31
        5D 20 3D 3D 20 32
   0118 00                  330 	.db 0x00
   0119                     331 ___str_4:
   0119 73 6D 61 6C 6C 44   332 	.ascii "smallDense[2] == 3"
        65 6E 73 65 5B 32
        5D 20 3D 3D 20 33
   012B 00                  333 	.db 0x00
   012C                     334 ___str_5:
   012C 73 6D 61 6C 6C 44   335 	.ascii "smallDense[3] == 4"
        65 6E 73 65 5B 33
        5D 20 3D 3D 20 34
   013E 00                  336 	.db 0x00
   013F                     337 ___str_6:
   013F 73 6D 61 6C 6C 44   338 	.ascii "smallDense[4] == 5"
        65 6E 73 65 5B 34
        5D 20 3D 3D 20 35
   0151 00                  339 	.db 0x00
   0152                     340 ___str_7:
   0152 73 6D 61 6C 6C 44   341 	.ascii "smallDense[5] == 6"
        65 6E 73 65 5B 35
        5D 20 3D 3D 20 36
   0164 00                  342 	.db 0x00
                            343 ;cases/staticinit/staticinit_type_char.c:45: testSmallSparse (void)
                            344 ;	genLabel
                            345 ;	genFunction
                            346 ;	---------------------------------
                            347 ; Function testSmallSparse
                            348 ; ---------------------------------
                            349 ;	Register assignment might be sub-optimal.
                            350 ; Stack space usage: 0 bytes.
   0165                     351 _testSmallSparse:
                            352 ;cases/staticinit/staticinit_type_char.c:49: ASSERT (smallSparse[0] == 1);
                            353 ;	genPlus
                            354 ;	genMove_o size 2 result type 2 source type 10 a_dead 1 hl_dead 1 de_dead 1 iy_dead 1 f_dead 1
   0165 2Ar00s00      [16]  355 	ld	hl, (___numTests)
   0168 23            [ 6]  356 	inc	hl
                            357 ;	genMove_o size 2 result type 10 source type 2 a_dead 1 hl_dead 1 de_dead 1 iy_dead 1 f_dead 1
   0169 22r00s00      [16]  358 	ld	(___numTests), hl
                            359 ;	skipping iCode since result will be rematerialized
                            360 ;	genPointerGet
   016C 3Ar08s00      [13]  361 	ld	a, (#_smallSparse + 0)
                            362 ;	genCmpEq
   016F FE 01         [ 7]  363 	cp	a, #0x01
                            364 ; common peephole 163 changed absolute to relative conditional jump.
   0171 28 11         [12]  365 	jr	z, 00104$
                            366 ; common peephole 81 removed jp by using inverse jump logic
                            367 ; common peephole 159 removed unused label 00193$.
                            368 ;	skipping generated iCode
                            369 ;	skipping iCode since result will be rematerialized
                            370 ;	skipping iCode since result will be rematerialized
                            371 ;	skipping iCode since result will be rematerialized
                            372 ;	skipping iCode since result will be rematerialized
                            373 ;	skipping iCode since result will be rematerialized
                            374 ;	skipping iCode since result will be rematerialized
                            375 ;	genIpush
                            376 ;	genMove_o size 2 result type 2 source type 1 a_dead 1 hl_dead 1 de_dead 1 iy_dead 1 f_dead 1
   0173 21 31 00      [10]  377 	ld	hl, #0x0031
   0176 E5            [11]  378 	push	hl
                            379 ;	genIpush
                            380 ;	genMove_o size 2 result type 2 source type 7 a_dead 1 hl_dead 1 de_dead 1 iy_dead 1 f_dead 1
   0177 21rA1s02      [10]  381 	ld	hl, #___str_10
   017A E5            [11]  382 	push	hl
                            383 ;	genSend
                            384 ;	genMove_o size 2 result type 2 source type 7 a_dead 1 hl_dead 1 de_dead 1 iy_dead 1 f_dead 1
   017B 11r8Ds02      [10]  385 	ld	de, #___str_9
                            386 ;	genSend
                            387 ;	genMove_o size 2 result type 2 source type 7 a_dead 1 hl_dead 1 de_dead 0 iy_dead 1 f_dead 1
   017E 21r7Cs02      [10]  388 	ld	hl, #___str_8
                            389 ;	genCall
   0181 CDr00s00      [17]  390 	call	___fail
                            391 ;	genLabel
   0184                     392 00104$:
                            393 ;cases/staticinit/staticinit_type_char.c:50: ASSERT (smallSparse[1] == 1);
                            394 ;	genPlus
                            395 ;	genMove_o size 2 result type 2 source type 10 a_dead 1 hl_dead 1 de_dead 1 iy_dead 1 f_dead 1
   0184 2Ar00s00      [16]  396 	ld	hl, (___numTests)
   0187 23            [ 6]  397 	inc	hl
                            398 ;	genMove_o size 2 result type 10 source type 2 a_dead 1 hl_dead 1 de_dead 1 iy_dead 1 f_dead 1
   0188 22r00s00      [16]  399 	ld	(___numTests), hl
                            400 ;	skipping iCode since result will be rematerialized
                            401 ;	genPointerGet
   018B 3Ar09s00      [13]  402 	ld	a, (#_smallSparse + 1)
                            403 ;	genCmpEq
   018E FE 01         [ 7]  404 	cp	a, #0x01
                            405 ; common peephole 163 changed absolute to relative conditional jump.
   0190 28 11         [12]  406 	jr	z, 00106$
                            407 ; common peephole 81 removed jp by using inverse jump logic
                            408 ; common peephole 159 removed unused label 00194$.
                            409 ;	skipping generated iCode
                            410 ;	skipping iCode since result will be rematerialized
                            411 ;	skipping iCode since result will be rematerialized
                            412 ;	skipping iCode since result will be rematerialized
                            413 ;	skipping iCode since result will be rematerialized
                            414 ;	skipping iCode since result will be rematerialized
                            415 ;	skipping iCode since result will be rematerialized
                            416 ;	genIpush
                            417 ;	genMove_o size 2 result type 2 source type 1 a_dead 1 hl_dead 1 de_dead 1 iy_dead 1 f_dead 1
   0192 21 32 00      [10]  418 	ld	hl, #0x0032
   0195 E5            [11]  419 	push	hl
                            420 ;	genIpush
                            421 ;	genMove_o size 2 result type 2 source type 7 a_dead 1 hl_dead 1 de_dead 1 iy_dead 1 f_dead 1
   0196 21rA1s02      [10]  422 	ld	hl, #___str_10
   0199 E5            [11]  423 	push	hl
                            424 ;	genSend
                            425 ;	genMove_o size 2 result type 2 source type 7 a_dead 1 hl_dead 1 de_dead 1 iy_dead 1 f_dead 1
   019A 11rC9s02      [10]  426 	ld	de, #___str_11
                            427 ;	genSend
                            428 ;	genMove_o size 2 result type 2 source type 7 a_dead 1 hl_dead 1 de_dead 0 iy_dead 1 f_dead 1
   019D 21r7Cs02      [10]  429 	ld	hl, #___str_8
                            430 ;	genCall
   01A0 CDr00s00      [17]  431 	call	___fail
                            432 ;	genLabel
   01A3                     433 00106$:
                            434 ;cases/staticinit/staticinit_type_char.c:51: ASSERT (smallSparse[2] == 1);
                            435 ;	genPlus
                            436 ;	genMove_o size 2 result type 2 source type 10 a_dead 1 hl_dead 1 de_dead 1 iy_dead 1 f_dead 1
   01A3 2Ar00s00      [16]  437 	ld	hl, (___numTests)
   01A6 23            [ 6]  438 	inc	hl
                            439 ;	genMove_o size 2 result type 10 source type 2 a_dead 1 hl_dead 1 de_dead 1 iy_dead 1 f_dead 1
   01A7 22r00s00      [16]  440 	ld	(___numTests), hl
                            441 ;	skipping iCode since result will be rematerialized
                            442 ;	genPointerGet
   01AA 3Ar0As00      [13]  443 	ld	a, (#_smallSparse + 2)
                            444 ;	genCmpEq
   01AD FE 01         [ 7]  445 	cp	a, #0x01
                            446 ; common peephole 163 changed absolute to relative conditional jump.
   01AF 28 11         [12]  447 	jr	z, 00108$
                            448 ; common peephole 81 removed jp by using inverse jump logic
                            449 ; common peephole 159 removed unused label 00195$.
                            450 ;	skipping generated iCode
                            451 ;	skipping iCode since result will be rematerialized
                            452 ;	skipping iCode since result will be rematerialized
                            453 ;	skipping iCode since result will be rematerialized
                            454 ;	skipping iCode since result will be rematerialized
                            455 ;	skipping iCode since result will be rematerialized
                            456 ;	skipping iCode since result will be rematerialized
                            457 ;	genIpush
                            458 ;	genMove_o size 2 result type 2 source type 1 a_dead 1 hl_dead 1 de_dead 1 iy_dead 1 f_dead 1
   01B1 21 33 00      [10]  459 	ld	hl, #0x0033
   01B4 E5            [11]  460 	push	hl
                            461 ;	genIpush
                            462 ;	genMove_o size 2 result type 2 source type 7 a_dead 1 hl_dead 1 de_dead 1 iy_dead 1 f_dead 1
   01B5 21rA1s02      [10]  463 	ld	hl, #___str_10
   01B8 E5            [11]  464 	push	hl
                            465 ;	genSend
                            466 ;	genMove_o size 2 result type 2 source type 7 a_dead 1 hl_dead 1 de_dead 1 iy_dead 1 f_dead 1
   01B9 11rDDs02      [10]  467 	ld	de, #___str_12
                            468 ;	genSend
                            469 ;	genMove_o size 2 result type 2 source type 7 a_dead 1 hl_dead 1 de_dead 0 iy_dead 1 f_dead 1
   01BC 21r7Cs02      [10]  470 	ld	hl, #___str_8
                            471 ;	genCall
   01BF CDr00s00      [17]  472 	call	___fail
                            473 ;	genLabel
   01C2                     474 00108$:
                            475 ;cases/staticinit/staticinit_type_char.c:52: ASSERT (smallSparse[3] == 1);
                            476 ;	genPlus
                            477 ;	genMove_o size 2 result type 2 source type 10 a_dead 1 hl_dead 1 de_dead 1 iy_dead 1 f_dead 1
   01C2 2Ar00s00      [16]  478 	ld	hl, (___numTests)
   01C5 23            [ 6]  479 	inc	hl
                            480 ;	genMove_o size 2 result type 10 source type 2 a_dead 1 hl_dead 1 de_dead 1 iy_dead 1 f_dead 1
   01C6 22r00s00      [16]  481 	ld	(___numTests), hl
                            482 ;	skipping iCode since result will be rematerialized
                            483 ;	genPointerGet
   01C9 3Ar0Bs00      [13]  484 	ld	a, (#_smallSparse + 3)
                            485 ;	genCmpEq
   01CC FE 01         [ 7]  486 	cp	a, #0x01
                            487 ; common peephole 163 changed absolute to relative conditional jump.
   01CE 28 11         [12]  488 	jr	z, 00110$
                            489 ; common peephole 81 removed jp by using inverse jump logic
                            490 ; common peephole 159 removed unused label 00196$.
                            491 ;	skipping generated iCode
                            492 ;	skipping iCode since result will be rematerialized
                            493 ;	skipping iCode since result will be rematerialized
                            494 ;	skipping iCode since result will be rematerialized
                            495 ;	skipping iCode since result will be rematerialized
                            496 ;	skipping iCode since result will be rematerialized
                            497 ;	skipping iCode since result will be rematerialized
                            498 ;	genIpush
                            499 ;	genMove_o size 2 result type 2 source type 1 a_dead 1 hl_dead 1 de_dead 1 iy_dead 1 f_dead 1
   01D0 21 34 00      [10]  500 	ld	hl, #0x0034
   01D3 E5            [11]  501 	push	hl
                            502 ;	genIpush
                            503 ;	genMove_o size 2 result type 2 source type 7 a_dead 1 hl_dead 1 de_dead 1 iy_dead 1 f_dead 1
   01D4 21rA1s02      [10]  504 	ld	hl, #___str_10
   01D7 E5            [11]  505 	push	hl
                            506 ;	genSend
                            507 ;	genMove_o size 2 result type 2 source type 7 a_dead 1 hl_dead 1 de_dead 1 iy_dead 1 f_dead 1
   01D8 11rF1s02      [10]  508 	ld	de, #___str_13
                            509 ;	genSend
                            510 ;	genMove_o size 2 result type 2 source type 7 a_dead 1 hl_dead 1 de_dead 0 iy_dead 1 f_dead 1
   01DB 21r7Cs02      [10]  511 	ld	hl, #___str_8
                            512 ;	genCall
   01DE CDr00s00      [17]  513 	call	___fail
                            514 ;	genLabel
   01E1                     515 00110$:
                            516 ;cases/staticinit/staticinit_type_char.c:53: ASSERT (smallSparse[4] == 1);
                            517 ;	genPlus
                            518 ;	genMove_o size 2 result type 2 source type 10 a_dead 1 hl_dead 1 de_dead 1 iy_dead 1 f_dead 1
   01E1 2Ar00s00      [16]  519 	ld	hl, (___numTests)
   01E4 23            [ 6]  520 	inc	hl
                            521 ;	genMove_o size 2 result type 10 source type 2 a_dead 1 hl_dead 1 de_dead 1 iy_dead 1 f_dead 1
   01E5 22r00s00      [16]  522 	ld	(___numTests), hl
                            523 ;	skipping iCode since result will be rematerialized
                            524 ;	genPointerGet
   01E8 3Ar0Cs00      [13]  525 	ld	a, (#_smallSparse + 4)
                            526 ;	genCmpEq
   01EB FE 01         [ 7]  527 	cp	a, #0x01
                            528 ; common peephole 163 changed absolute to relative conditional jump.
   01ED 28 11         [12]  529 	jr	z, 00112$
                            530 ; common peephole 81 removed jp by using inverse jump logic
                            531 ; common peephole 159 removed unused label 00197$.
                            532 ;	skipping generated iCode
                            533 ;	skipping iCode since result will be rematerialized
                            534 ;	skipping iCode since result will be rematerialized
                            535 ;	skipping iCode since result will be rematerialized
                            536 ;	skipping iCode since result will be rematerialized
                            537 ;	skipping iCode since result will be rematerialized
                            538 ;	skipping iCode since result will be rematerialized
                            539 ;	genIpush
                            540 ;	genMove_o size 2 result type 2 source type 1 a_dead 1 hl_dead 1 de_dead 1 iy_dead 1 f_dead 1
   01EF 21 35 00      [10]  541 	ld	hl, #0x0035
   01F2 E5            [11]  542 	push	hl
                            543 ;	genIpush
                            544 ;	genMove_o size 2 result type 2 source type 7 a_dead 1 hl_dead 1 de_dead 1 iy_dead 1 f_dead 1
   01F3 21rA1s02      [10]  545 	ld	hl, #___str_10
   01F6 E5            [11]  546 	push	hl
                            547 ;	genSend
                            548 ;	genMove_o size 2 result type 2 source type 7 a_dead 1 hl_dead 1 de_dead 1 iy_dead 1 f_dead 1
   01F7 11r05s03      [10]  549 	ld	de, #___str_14
                            550 ;	genSend
                            551 ;	genMove_o size 2 result type 2 source type 7 a_dead 1 hl_dead 1 de_dead 0 iy_dead 1 f_dead 1
   01FA 21r7Cs02      [10]  552 	ld	hl, #___str_8
                            553 ;	genCall
   01FD CDr00s00      [17]  554 	call	___fail
                            555 ;	genLabel
   0200                     556 00112$:
                            557 ;cases/staticinit/staticinit_type_char.c:54: ASSERT (smallSparse[5] == 1);
                            558 ;	genPlus
                            559 ;	genMove_o size 2 result type 2 source type 10 a_dead 1 hl_dead 1 de_dead 1 iy_dead 1 f_dead 1
   0200 2Ar00s00      [16]  560 	ld	hl, (___numTests)
   0203 23            [ 6]  561 	inc	hl
                            562 ;	genMove_o size 2 result type 10 source type 2 a_dead 1 hl_dead 1 de_dead 1 iy_dead 1 f_dead 1
   0204 22r00s00      [16]  563 	ld	(___numTests), hl
                            564 ;	skipping iCode since result will be rematerialized
                            565 ;	genPointerGet
   0207 3Ar0Ds00      [13]  566 	ld	a, (#_smallSparse + 5)
                            567 ;	genCmpEq
   020A FE 01         [ 7]  568 	cp	a, #0x01
                            569 ; common peephole 163 changed absolute to relative conditional jump.
   020C 28 11         [12]  570 	jr	z, 00114$
                            571 ; common peephole 81 removed jp by using inverse jump logic
                            572 ; common peephole 159 removed unused label 00198$.
                            573 ;	skipping generated iCode
                            574 ;	skipping iCode since result will be rematerialized
                            575 ;	skipping iCode since result will be rematerialized
                            576 ;	skipping iCode since result will be rematerialized
                            577 ;	skipping iCode since result will be rematerialized
                            578 ;	skipping iCode since result will be rematerialized
                            579 ;	skipping iCode since result will be rematerialized
                            580 ;	genIpush
                            581 ;	genMove_o size 2 result type 2 source type 1 a_dead 1 hl_dead 1 de_dead 1 iy_dead 1 f_dead 1
   020E 21 36 00      [10]  582 	ld	hl, #0x0036
   0211 E5            [11]  583 	push	hl
                            584 ;	genIpush
                            585 ;	genMove_o size 2 result type 2 source type 7 a_dead 1 hl_dead 1 de_dead 1 iy_dead 1 f_dead 1
   0212 21rA1s02      [10]  586 	ld	hl, #___str_10
   0215 E5            [11]  587 	push	hl
                            588 ;	genSend
                            589 ;	genMove_o size 2 result type 2 source type 7 a_dead 1 hl_dead 1 de_dead 1 iy_dead 1 f_dead 1
   0216 11r19s03      [10]  590 	ld	de, #___str_15
                            591 ;	genSend
                            592 ;	genMove_o size 2 result type 2 source type 7 a_dead 1 hl_dead 1 de_dead 0 iy_dead 1 f_dead 1
   0219 21r7Cs02      [10]  593 	ld	hl, #___str_8
                            594 ;	genCall
   021C CDr00s00      [17]  595 	call	___fail
                            596 ;	genLabel
   021F                     597 00114$:
                            598 ;cases/staticinit/staticinit_type_char.c:55: ASSERT (smallSparse[6] == 1);
                            599 ;	genPlus
                            600 ;	genMove_o size 2 result type 2 source type 10 a_dead 1 hl_dead 1 de_dead 1 iy_dead 1 f_dead 1
   021F 2Ar00s00      [16]  601 	ld	hl, (___numTests)
   0222 23            [ 6]  602 	inc	hl
                            603 ;	genMove_o size 2 result type 10 source type 2 a_dead 1 hl_dead 1 de_dead 1 iy_dead 1 f_dead 1
   0223 22r00s00      [16]  604 	ld	(___numTests), hl
                            605 ;	skipping iCode since result will be rematerialized
                            606 ;	genPointerGet
   0226 3Ar0Es00      [13]  607 	ld	a, (#_smallSparse + 6)
                            608 ;	genCmpEq
   0229 FE 01         [ 7]  609 	cp	a, #0x01
                            610 ; common peephole 163 changed absolute to relative conditional jump.
   022B 28 11         [12]  611 	jr	z, 00116$
                            612 ; common peephole 81 removed jp by using inverse jump logic
                            613 ; common peephole 159 removed unused label 00199$.
                            614 ;	skipping generated iCode
                            615 ;	skipping iCode since result will be rematerialized
                            616 ;	skipping iCode since result will be rematerialized
                            617 ;	skipping iCode since result will be rematerialized
                            618 ;	skipping iCode since result will be rematerialized
                            619 ;	skipping iCode since result will be rematerialized
                            620 ;	skipping iCode since result will be rematerialized
                            621 ;	genIpush
                            622 ;	genMove_o size 2 result type 2 source type 1 a_dead 1 hl_dead 1 de_dead 1 iy_dead 1 f_dead 1
   022D 21 37 00      [10]  623 	ld	hl, #0x0037
   0230 E5            [11]  624 	push	hl
                            625 ;	genIpush
                            626 ;	genMove_o size 2 result type 2 source type 7 a_dead 1 hl_dead 1 de_dead 1 iy_dead 1 f_dead 1
   0231 21rA1s02      [10]  627 	ld	hl, #___str_10
   0234 E5            [11]  628 	push	hl
                            629 ;	genSend
                            630 ;	genMove_o size 2 result type 2 source type 7 a_dead 1 hl_dead 1 de_dead 1 iy_dead 1 f_dead 1
   0235 11r2Ds03      [10]  631 	ld	de, #___str_16
                            632 ;	genSend
                            633 ;	genMove_o size 2 result type 2 source type 7 a_dead 1 hl_dead 1 de_dead 0 iy_dead 1 f_dead 1
   0238 21r7Cs02      [10]  634 	ld	hl, #___str_8
                            635 ;	genCall
   023B CDr00s00      [17]  636 	call	___fail
                            637 ;	genLabel
   023E                     638 00116$:
                            639 ;cases/staticinit/staticinit_type_char.c:56: ASSERT (smallSparse[7] == 1);
                            640 ;	genPlus
                            641 ;	genMove_o size 2 result type 2 source type 10 a_dead 1 hl_dead 1 de_dead 1 iy_dead 1 f_dead 1
   023E 2Ar00s00      [16]  642 	ld	hl, (___numTests)
   0241 23            [ 6]  643 	inc	hl
                            644 ;	genMove_o size 2 result type 10 source type 2 a_dead 1 hl_dead 1 de_dead 1 iy_dead 1 f_dead 1
   0242 22r00s00      [16]  645 	ld	(___numTests), hl
                            646 ;	skipping iCode since result will be rematerialized
                            647 ;	genPointerGet
   0245 3Ar0Fs00      [13]  648 	ld	a, (#_smallSparse + 7)
                            649 ;	genCmpEq
   0248 FE 01         [ 7]  650 	cp	a, #0x01
                            651 ; common peephole 163 changed absolute to relative conditional jump.
   024A 28 11         [12]  652 	jr	z, 00118$
                            653 ; common peephole 81 removed jp by using inverse jump logic
                            654 ; common peephole 159 removed unused label 00200$.
                            655 ;	skipping generated iCode
                            656 ;	skipping iCode since result will be rematerialized
                            657 ;	skipping iCode since result will be rematerialized
                            658 ;	skipping iCode since result will be rematerialized
                            659 ;	skipping iCode since result will be rematerialized
                            660 ;	skipping iCode since result will be rematerialized
                            661 ;	skipping iCode since result will be rematerialized
                            662 ;	genIpush
                            663 ;	genMove_o size 2 result type 2 source type 1 a_dead 1 hl_dead 1 de_dead 1 iy_dead 1 f_dead 1
   024C 21 38 00      [10]  664 	ld	hl, #0x0038
   024F E5            [11]  665 	push	hl
                            666 ;	genIpush
                            667 ;	genMove_o size 2 result type 2 source type 7 a_dead 1 hl_dead 1 de_dead 1 iy_dead 1 f_dead 1
   0250 21rA1s02      [10]  668 	ld	hl, #___str_10
   0253 E5            [11]  669 	push	hl
                            670 ;	genSend
                            671 ;	genMove_o size 2 result type 2 source type 7 a_dead 1 hl_dead 1 de_dead 1 iy_dead 1 f_dead 1
   0254 11r41s03      [10]  672 	ld	de, #___str_17
                            673 ;	genSend
                            674 ;	genMove_o size 2 result type 2 source type 7 a_dead 1 hl_dead 1 de_dead 0 iy_dead 1 f_dead 1
   0257 21r7Cs02      [10]  675 	ld	hl, #___str_8
                            676 ;	genCall
   025A CDr00s00      [17]  677 	call	___fail
                            678 ;	genLabel
   025D                     679 00118$:
                            680 ;cases/staticinit/staticinit_type_char.c:57: ASSERT (smallSparse[8] == 1);
                            681 ;	genPlus
                            682 ;	genMove_o size 2 result type 2 source type 10 a_dead 1 hl_dead 1 de_dead 1 iy_dead 1 f_dead 1
   025D 2Ar00s00      [16]  683 	ld	hl, (___numTests)
   0260 23            [ 6]  684 	inc	hl
                            685 ;	genMove_o size 2 result type 10 source type 2 a_dead 1 hl_dead 1 de_dead 1 iy_dead 1 f_dead 1
   0261 22r00s00      [16]  686 	ld	(___numTests), hl
                            687 ;	skipping iCode since result will be rematerialized
                            688 ;	genPointerGet
   0264 3Ar10s00      [13]  689 	ld	a, (#_smallSparse + 8)
                            690 ;	genCmpEq
   0267 FE 01         [ 7]  691 	cp	a, #0x01
   0269 C8            [11]  692 	ret	z
                            693 ; common peephole 161 replaced jump by return.
                            694 ; common peephole 81 removed jp by using inverse jump logic
                            695 ; common peephole 159 removed unused label 00201$.
                            696 ;	skipping generated iCode
                            697 ;	skipping iCode since result will be rematerialized
                            698 ;	skipping iCode since result will be rematerialized
                            699 ;	skipping iCode since result will be rematerialized
                            700 ;	skipping iCode since result will be rematerialized
                            701 ;	skipping iCode since result will be rematerialized
                            702 ;	skipping iCode since result will be rematerialized
                            703 ;	genIpush
                            704 ;	genMove_o size 2 result type 2 source type 1 a_dead 1 hl_dead 1 de_dead 1 iy_dead 1 f_dead 1
   026A 21 39 00      [10]  705 	ld	hl, #0x0039
   026D E5            [11]  706 	push	hl
                            707 ;	genIpush
                            708 ;	genMove_o size 2 result type 2 source type 7 a_dead 1 hl_dead 1 de_dead 1 iy_dead 1 f_dead 1
   026E 21rA1s02      [10]  709 	ld	hl, #___str_10
   0271 E5            [11]  710 	push	hl
                            711 ;	genSend
                            712 ;	genMove_o size 2 result type 2 source type 7 a_dead 1 hl_dead 1 de_dead 1 iy_dead 1 f_dead 1
   0272 11r55s03      [10]  713 	ld	de, #___str_18
                            714 ;	genSend
                            715 ;	genMove_o size 2 result type 2 source type 7 a_dead 1 hl_dead 1 de_dead 0 iy_dead 1 f_dead 1
   0275 21r7Cs02      [10]  716 	ld	hl, #___str_8
                            717 ;	genCall
   0278 CDr00s00      [17]  718 	call	___fail
                            719 ;	genLabel
                            720 ; common peephole 159 removed unused label 00101$.
                            721 ;cases/staticinit/staticinit_type_char.c:60: }
                            722 ;	genEndFunction
   027B C9            [10]  723 	ret
                            724 ;	Total testSmallSparse function size at codegen: 1 bytes.
   027C                     725 ___str_8:
   027C 41 73 73 65 72 74   726 	.ascii "Assertion failed"
        69 6F 6E 20 66 61
        69 6C 65 64
   028C 00                  727 	.db 0x00
   028D                     728 ___str_9:
   028D 73 6D 61 6C 6C 53   729 	.ascii "smallSparse[0] == 1"
        70 61 72 73 65 5B
        30 5D 20 3D 3D 20
        31
   02A0 00                  730 	.db 0x00
   02A1                     731 ___str_10:
   02A1 63 61 73 65 73 2F   732 	.ascii "cases/staticinit/staticinit_type_char.c"
        73 74 61 74 69 63
        69 6E 69 74 2F 73
        74 61 74 69 63 69
        6E 69 74 5F 74 79
        70 65 5F 63 68 61
        72 2E 63
   02C8 00                  733 	.db 0x00
   02C9                     734 ___str_11:
   02C9 73 6D 61 6C 6C 53   735 	.ascii "smallSparse[1] == 1"
        70 61 72 73 65 5B
        31 5D 20 3D 3D 20
        31
   02DC 00                  736 	.db 0x00
   02DD                     737 ___str_12:
   02DD 73 6D 61 6C 6C 53   738 	.ascii "smallSparse[2] == 1"
        70 61 72 73 65 5B
        32 5D 20 3D 3D 20
        31
   02F0 00                  739 	.db 0x00
   02F1                     740 ___str_13:
   02F1 73 6D 61 6C 6C 53   741 	.ascii "smallSparse[3] == 1"
        70 61 72 73 65 5B
        33 5D 20 3D 3D 20
        31
   0304 00                  742 	.db 0x00
   0305                     743 ___str_14:
   0305 73 6D 61 6C 6C 53   744 	.ascii "smallSparse[4] == 1"
        70 61 72 73 65 5B
        34 5D 20 3D 3D 20
        31
   0318 00                  745 	.db 0x00
   0319                     746 ___str_15:
   0319 73 6D 61 6C 6C 53   747 	.ascii "smallSparse[5] == 1"
        70 61 72 73 65 5B
        35 5D 20 3D 3D 20
        31
   032C 00                  748 	.db 0x00
   032D                     749 ___str_16:
   032D 73 6D 61 6C 6C 53   750 	.ascii "smallSparse[6] == 1"
        70 61 72 73 65 5B
        36 5D 20 3D 3D 20
        31
   0340 00                  751 	.db 0x00
   0341                     752 ___str_17:
   0341 73 6D 61 6C 6C 53   753 	.ascii "smallSparse[7] == 1"
        70 61 72 73 65 5B
        37 5D 20 3D 3D 20
        31
   0354 00                  754 	.db 0x00
   0355                     755 ___str_18:
   0355 73 6D 61 6C 6C 53   756 	.ascii "smallSparse[8] == 1"
        70 61 72 73 65 5B
        38 5D 20 3D 3D 20
        31
   0368 00                  757 	.db 0x00
                            758 ;cases/staticinit/staticinit_type_char.c:76: testSmallSparseZero (void)
                            759 ;	genLabel
                            760 ;	genFunction
                            761 ;	---------------------------------
                            762 ; Function testSmallSparseZero
                            763 ; ---------------------------------
                            764 ;	Register assignment might be sub-optimal.
                            765 ; Stack space usage: 0 bytes.
   0369                     766 _testSmallSparseZero:
                            767 ;cases/staticinit/staticinit_type_char.c:79: ASSERT (smallSparseZero[0] == 0);
                            768 ;	genPlus
                            769 ;	genMove_o size 2 result type 2 source type 10 a_dead 1 hl_dead 1 de_dead 1 iy_dead 1 f_dead 1
   0369 2Ar00s00      [16]  770 	ld	hl, (___numTests)
   036C 23            [ 6]  771 	inc	hl
                            772 ;	genMove_o size 2 result type 10 source type 2 a_dead 1 hl_dead 1 de_dead 1 iy_dead 1 f_dead 1
   036D 22r00s00      [16]  773 	ld	(___numTests), hl
                            774 ;	skipping iCode since result will be rematerialized
                            775 ;	genPointerGet
   0370 3Ar11s00      [13]  776 	ld	a, (#_smallSparseZero + 0)
                            777 ;	genIfx
   0373 B7            [ 4]  778 	or	a, a
                            779 ; common peephole 163 changed absolute to relative conditional jump.
   0374 28 11         [12]  780 	jr	z, 00104$
                            781 ;	skipping iCode since result will be rematerialized
                            782 ;	skipping iCode since result will be rematerialized
                            783 ;	skipping iCode since result will be rematerialized
                            784 ;	skipping iCode since result will be rematerialized
                            785 ;	skipping iCode since result will be rematerialized
                            786 ;	skipping iCode since result will be rematerialized
                            787 ;	genIpush
                            788 ;	genMove_o size 2 result type 2 source type 1 a_dead 1 hl_dead 1 de_dead 1 iy_dead 1 f_dead 1
   0376 21 4F 00      [10]  789 	ld	hl, #0x004f
   0379 E5            [11]  790 	push	hl
                            791 ;	genIpush
                            792 ;	genMove_o size 2 result type 2 source type 7 a_dead 1 hl_dead 1 de_dead 1 iy_dead 1 f_dead 1
   037A 21rBFs04      [10]  793 	ld	hl, #___str_21
   037D E5            [11]  794 	push	hl
                            795 ;	genSend
                            796 ;	genMove_o size 2 result type 2 source type 7 a_dead 1 hl_dead 1 de_dead 1 iy_dead 1 f_dead 1
   037E 11rA7s04      [10]  797 	ld	de, #___str_20
                            798 ;	genSend
                            799 ;	genMove_o size 2 result type 2 source type 7 a_dead 1 hl_dead 1 de_dead 0 iy_dead 1 f_dead 1
   0381 21r96s04      [10]  800 	ld	hl, #___str_19
                            801 ;	genCall
   0384 CDr00s00      [17]  802 	call	___fail
                            803 ;	genLabel
   0387                     804 00104$:
                            805 ;cases/staticinit/staticinit_type_char.c:80: ASSERT (smallSparseZero[1] == 0);
                            806 ;	genPlus
                            807 ;	genMove_o size 2 result type 2 source type 10 a_dead 1 hl_dead 1 de_dead 1 iy_dead 1 f_dead 1
   0387 2Ar00s00      [16]  808 	ld	hl, (___numTests)
   038A 23            [ 6]  809 	inc	hl
                            810 ;	genMove_o size 2 result type 10 source type 2 a_dead 1 hl_dead 1 de_dead 1 iy_dead 1 f_dead 1
   038B 22r00s00      [16]  811 	ld	(___numTests), hl
                            812 ;	skipping iCode since result will be rematerialized
                            813 ;	genPointerGet
   038E 3Ar12s00      [13]  814 	ld	a, (#_smallSparseZero + 1)
                            815 ;	genIfx
   0391 B7            [ 4]  816 	or	a, a
                            817 ; common peephole 163 changed absolute to relative conditional jump.
   0392 28 11         [12]  818 	jr	z, 00106$
                            819 ;	skipping iCode since result will be rematerialized
                            820 ;	skipping iCode since result will be rematerialized
                            821 ;	skipping iCode since result will be rematerialized
                            822 ;	skipping iCode since result will be rematerialized
                            823 ;	skipping iCode since result will be rematerialized
                            824 ;	skipping iCode since result will be rematerialized
                            825 ;	genIpush
                            826 ;	genMove_o size 2 result type 2 source type 1 a_dead 1 hl_dead 1 de_dead 1 iy_dead 1 f_dead 1
   0394 21 50 00      [10]  827 	ld	hl, #0x0050
   0397 E5            [11]  828 	push	hl
                            829 ;	genIpush
                            830 ;	genMove_o size 2 result type 2 source type 7 a_dead 1 hl_dead 1 de_dead 1 iy_dead 1 f_dead 1
   0398 21rBFs04      [10]  831 	ld	hl, #___str_21
   039B E5            [11]  832 	push	hl
                            833 ;	genSend
                            834 ;	genMove_o size 2 result type 2 source type 7 a_dead 1 hl_dead 1 de_dead 1 iy_dead 1 f_dead 1
   039C 11rE7s04      [10]  835 	ld	de, #___str_22
                            836 ;	genSend
                            837 ;	genMove_o size 2 result type 2 source type 7 a_dead 1 hl_dead 1 de_dead 0 iy_dead 1 f_dead 1
   039F 21r96s04      [10]  838 	ld	hl, #___str_19
                            839 ;	genCall
   03A2 CDr00s00      [17]  840 	call	___fail
                            841 ;	genLabel
   03A5                     842 00106$:
                            843 ;cases/staticinit/staticinit_type_char.c:81: ASSERT (smallSparseZero[2] == 0);
                            844 ;	genPlus
                            845 ;	genMove_o size 2 result type 2 source type 10 a_dead 1 hl_dead 1 de_dead 1 iy_dead 1 f_dead 1
   03A5 2Ar00s00      [16]  846 	ld	hl, (___numTests)
   03A8 23            [ 6]  847 	inc	hl
                            848 ;	genMove_o size 2 result type 10 source type 2 a_dead 1 hl_dead 1 de_dead 1 iy_dead 1 f_dead 1
   03A9 22r00s00      [16]  849 	ld	(___numTests), hl
                            850 ;	skipping iCode since result will be rematerialized
                            851 ;	genPointerGet
   03AC 3Ar13s00      [13]  852 	ld	a, (#_smallSparseZero + 2)
                            853 ;	genIfx
   03AF B7            [ 4]  854 	or	a, a
                            855 ; common peephole 163 changed absolute to relative conditional jump.
   03B0 28 11         [12]  856 	jr	z, 00108$
                            857 ;	skipping iCode since result will be rematerialized
                            858 ;	skipping iCode since result will be rematerialized
                            859 ;	skipping iCode since result will be rematerialized
                            860 ;	skipping iCode since result will be rematerialized
                            861 ;	skipping iCode since result will be rematerialized
                            862 ;	skipping iCode since result will be rematerialized
                            863 ;	genIpush
                            864 ;	genMove_o size 2 result type 2 source type 1 a_dead 1 hl_dead 1 de_dead 1 iy_dead 1 f_dead 1
   03B2 21 51 00      [10]  865 	ld	hl, #0x0051
   03B5 E5            [11]  866 	push	hl
                            867 ;	genIpush
                            868 ;	genMove_o size 2 result type 2 source type 7 a_dead 1 hl_dead 1 de_dead 1 iy_dead 1 f_dead 1
   03B6 21rBFs04      [10]  869 	ld	hl, #___str_21
   03B9 E5            [11]  870 	push	hl
                            871 ;	genSend
                            872 ;	genMove_o size 2 result type 2 source type 7 a_dead 1 hl_dead 1 de_dead 1 iy_dead 1 f_dead 1
   03BA 11rFFs04      [10]  873 	ld	de, #___str_23
                            874 ;	genSend
                            875 ;	genMove_o size 2 result type 2 source type 7 a_dead 1 hl_dead 1 de_dead 0 iy_dead 1 f_dead 1
   03BD 21r96s04      [10]  876 	ld	hl, #___str_19
                            877 ;	genCall
   03C0 CDr00s00      [17]  878 	call	___fail
                            879 ;	genLabel
   03C3                     880 00108$:
                            881 ;cases/staticinit/staticinit_type_char.c:82: ASSERT (smallSparseZero[3] == 0);
                            882 ;	genPlus
                            883 ;	genMove_o size 2 result type 2 source type 10 a_dead 1 hl_dead 1 de_dead 1 iy_dead 1 f_dead 1
   03C3 2Ar00s00      [16]  884 	ld	hl, (___numTests)
   03C6 23            [ 6]  885 	inc	hl
                            886 ;	genMove_o size 2 result type 10 source type 2 a_dead 1 hl_dead 1 de_dead 1 iy_dead 1 f_dead 1
   03C7 22r00s00      [16]  887 	ld	(___numTests), hl
                            888 ;	skipping iCode since result will be rematerialized
                            889 ;	genPointerGet
   03CA 3Ar14s00      [13]  890 	ld	a, (#_smallSparseZero + 3)
                            891 ;	genIfx
   03CD B7            [ 4]  892 	or	a, a
                            893 ; common peephole 163 changed absolute to relative conditional jump.
   03CE 28 11         [12]  894 	jr	z, 00110$
                            895 ;	skipping iCode since result will be rematerialized
                            896 ;	skipping iCode since result will be rematerialized
                            897 ;	skipping iCode since result will be rematerialized
                            898 ;	skipping iCode since result will be rematerialized
                            899 ;	skipping iCode since result will be rematerialized
                            900 ;	skipping iCode since result will be rematerialized
                            901 ;	genIpush
                            902 ;	genMove_o size 2 result type 2 source type 1 a_dead 1 hl_dead 1 de_dead 1 iy_dead 1 f_dead 1
   03D0 21 52 00      [10]  903 	ld	hl, #0x0052
   03D3 E5            [11]  904 	push	hl
                            905 ;	genIpush
                            906 ;	genMove_o size 2 result type 2 source type 7 a_dead 1 hl_dead 1 de_dead 1 iy_dead 1 f_dead 1
   03D4 21rBFs04      [10]  907 	ld	hl, #___str_21
   03D7 E5            [11]  908 	push	hl
                            909 ;	genSend
                            910 ;	genMove_o size 2 result type 2 source type 7 a_dead 1 hl_dead 1 de_dead 1 iy_dead 1 f_dead 1
   03D8 11r17s05      [10]  911 	ld	de, #___str_24
                            912 ;	genSend
                            913 ;	genMove_o size 2 result type 2 source type 7 a_dead 1 hl_dead 1 de_dead 0 iy_dead 1 f_dead 1
   03DB 21r96s04      [10]  914 	ld	hl, #___str_19
                            915 ;	genCall
   03DE CDr00s00      [17]  916 	call	___fail
                            917 ;	genLabel
   03E1                     918 00110$:
                            919 ;cases/staticinit/staticinit_type_char.c:83: ASSERT (smallSparseZero[4] == 0);
                            920 ;	genPlus
                            921 ;	genMove_o size 2 result type 2 source type 10 a_dead 1 hl_dead 1 de_dead 1 iy_dead 1 f_dead 1
   03E1 2Ar00s00      [16]  922 	ld	hl, (___numTests)
   03E4 23            [ 6]  923 	inc	hl
                            924 ;	genMove_o size 2 result type 10 source type 2 a_dead 1 hl_dead 1 de_dead 1 iy_dead 1 f_dead 1
   03E5 22r00s00      [16]  925 	ld	(___numTests), hl
                            926 ;	skipping iCode since result will be rematerialized
                            927 ;	genPointerGet
   03E8 3Ar15s00      [13]  928 	ld	a, (#_smallSparseZero + 4)
                            929 ;	genIfx
   03EB B7            [ 4]  930 	or	a, a
                            931 ; common peephole 163 changed absolute to relative conditional jump.
   03EC 28 11         [12]  932 	jr	z, 00112$
                            933 ;	skipping iCode since result will be rematerialized
                            934 ;	skipping iCode since result will be rematerialized
                            935 ;	skipping iCode since result will be rematerialized
                            936 ;	skipping iCode since result will be rematerialized
                            937 ;	skipping iCode since result will be rematerialized
                            938 ;	skipping iCode since result will be rematerialized
                            939 ;	genIpush
                            940 ;	genMove_o size 2 result type 2 source type 1 a_dead 1 hl_dead 1 de_dead 1 iy_dead 1 f_dead 1
   03EE 21 53 00      [10]  941 	ld	hl, #0x0053
   03F1 E5            [11]  942 	push	hl
                            943 ;	genIpush
                            944 ;	genMove_o size 2 result type 2 source type 7 a_dead 1 hl_dead 1 de_dead 1 iy_dead 1 f_dead 1
   03F2 21rBFs04      [10]  945 	ld	hl, #___str_21
   03F5 E5            [11]  946 	push	hl
                            947 ;	genSend
                            948 ;	genMove_o size 2 result type 2 source type 7 a_dead 1 hl_dead 1 de_dead 1 iy_dead 1 f_dead 1
   03F6 11r2Fs05      [10]  949 	ld	de, #___str_25
                            950 ;	genSend
                            951 ;	genMove_o size 2 result type 2 source type 7 a_dead 1 hl_dead 1 de_dead 0 iy_dead 1 f_dead 1
   03F9 21r96s04      [10]  952 	ld	hl, #___str_19
                            953 ;	genCall
   03FC CDr00s00      [17]  954 	call	___fail
                            955 ;	genLabel
   03FF                     956 00112$:
                            957 ;cases/staticinit/staticinit_type_char.c:84: ASSERT (smallSparseZero[5] == 0);
                            958 ;	genPlus
                            959 ;	genMove_o size 2 result type 2 source type 10 a_dead 1 hl_dead 1 de_dead 1 iy_dead 1 f_dead 1
   03FF 2Ar00s00      [16]  960 	ld	hl, (___numTests)
   0402 23            [ 6]  961 	inc	hl
                            962 ;	genMove_o size 2 result type 10 source type 2 a_dead 1 hl_dead 1 de_dead 1 iy_dead 1 f_dead 1
   0403 22r00s00      [16]  963 	ld	(___numTests), hl
                            964 ;	skipping iCode since result will be rematerialized
                            965 ;	genPointerGet
   0406 3Ar16s00      [13]  966 	ld	a, (#_smallSparseZero + 5)
                            967 ;	genIfx
   0409 B7            [ 4]  968 	or	a, a
                            969 ; common peephole 163 changed absolute to relative conditional jump.
   040A 28 11         [12]  970 	jr	z, 00114$
                            971 ;	skipping iCode since result will be rematerialized
                            972 ;	skipping iCode since result will be rematerialized
                            973 ;	skipping iCode since result will be rematerialized
                            974 ;	skipping iCode since result will be rematerialized
                            975 ;	skipping iCode since result will be rematerialized
                            976 ;	skipping iCode since result will be rematerialized
                            977 ;	genIpush
                            978 ;	genMove_o size 2 result type 2 source type 1 a_dead 1 hl_dead 1 de_dead 1 iy_dead 1 f_dead 1
   040C 21 54 00      [10]  979 	ld	hl, #0x0054
   040F E5            [11]  980 	push	hl
                            981 ;	genIpush
                            982 ;	genMove_o size 2 result type 2 source type 7 a_dead 1 hl_dead 1 de_dead 1 iy_dead 1 f_dead 1
   0410 21rBFs04      [10]  983 	ld	hl, #___str_21
   0413 E5            [11]  984 	push	hl
                            985 ;	genSend
                            986 ;	genMove_o size 2 result type 2 source type 7 a_dead 1 hl_dead 1 de_dead 1 iy_dead 1 f_dead 1
   0414 11r47s05      [10]  987 	ld	de, #___str_26
                            988 ;	genSend
                            989 ;	genMove_o size 2 result type 2 source type 7 a_dead 1 hl_dead 1 de_dead 0 iy_dead 1 f_dead 1
   0417 21r96s04      [10]  990 	ld	hl, #___str_19
                            991 ;	genCall
   041A CDr00s00      [17]  992 	call	___fail
                            993 ;	genLabel
   041D                     994 00114$:
                            995 ;cases/staticinit/staticinit_type_char.c:85: ASSERT (smallSparseZero[6] == 0);
                            996 ;	genPlus
                            997 ;	genMove_o size 2 result type 2 source type 10 a_dead 1 hl_dead 1 de_dead 1 iy_dead 1 f_dead 1
   041D 2Ar00s00      [16]  998 	ld	hl, (___numTests)
   0420 23            [ 6]  999 	inc	hl
                           1000 ;	genMove_o size 2 result type 10 source type 2 a_dead 1 hl_dead 1 de_dead 1 iy_dead 1 f_dead 1
   0421 22r00s00      [16] 1001 	ld	(___numTests), hl
                           1002 ;	skipping iCode since result will be rematerialized
                           1003 ;	genPointerGet
   0424 3Ar17s00      [13] 1004 	ld	a, (#_smallSparseZero + 6)
                           1005 ;	genIfx
   0427 B7            [ 4] 1006 	or	a, a
                           1007 ; common peephole 163 changed absolute to relative conditional jump.
   0428 28 11         [12] 1008 	jr	z, 00116$
                           1009 ;	skipping iCode since result will be rematerialized
                           1010 ;	skipping iCode since result will be rematerialized
                           1011 ;	skipping iCode since result will be rematerialized
                           1012 ;	skipping iCode since result will be rematerialized
                           1013 ;	skipping iCode since result will be rematerialized
                           1014 ;	skipping iCode since result will be rematerialized
                           1015 ;	genIpush
                           1016 ;	genMove_o size 2 result type 2 source type 1 a_dead 1 hl_dead 1 de_dead 1 iy_dead 1 f_dead 1
   042A 21 55 00      [10] 1017 	ld	hl, #0x0055
   042D E5            [11] 1018 	push	hl
                           1019 ;	genIpush
                           1020 ;	genMove_o size 2 result type 2 source type 7 a_dead 1 hl_dead 1 de_dead 1 iy_dead 1 f_dead 1
   042E 21rBFs04      [10] 1021 	ld	hl, #___str_21
   0431 E5            [11] 1022 	push	hl
                           1023 ;	genSend
                           1024 ;	genMove_o size 2 result type 2 source type 7 a_dead 1 hl_dead 1 de_dead 1 iy_dead 1 f_dead 1
   0432 11r5Fs05      [10] 1025 	ld	de, #___str_27
                           1026 ;	genSend
                           1027 ;	genMove_o size 2 result type 2 source type 7 a_dead 1 hl_dead 1 de_dead 0 iy_dead 1 f_dead 1
   0435 21r96s04      [10] 1028 	ld	hl, #___str_19
                           1029 ;	genCall
   0438 CDr00s00      [17] 1030 	call	___fail
                           1031 ;	genLabel
   043B                    1032 00116$:
                           1033 ;cases/staticinit/staticinit_type_char.c:86: ASSERT (smallSparseZero[7] == 0);
                           1034 ;	genPlus
                           1035 ;	genMove_o size 2 result type 2 source type 10 a_dead 1 hl_dead 1 de_dead 1 iy_dead 1 f_dead 1
   043B 2Ar00s00      [16] 1036 	ld	hl, (___numTests)
   043E 23            [ 6] 1037 	inc	hl
                           1038 ;	genMove_o size 2 result type 10 source type 2 a_dead 1 hl_dead 1 de_dead 1 iy_dead 1 f_dead 1
   043F 22r00s00      [16] 1039 	ld	(___numTests), hl
                           1040 ;	skipping iCode since result will be rematerialized
                           1041 ;	genPointerGet
   0442 3Ar18s00      [13] 1042 	ld	a, (#_smallSparseZero + 7)
                           1043 ;	genIfx
   0445 B7            [ 4] 1044 	or	a, a
                           1045 ; common peephole 163 changed absolute to relative conditional jump.
   0446 28 11         [12] 1046 	jr	z, 00118$
                           1047 ;	skipping iCode since result will be rematerialized
                           1048 ;	skipping iCode since result will be rematerialized
                           1049 ;	skipping iCode since result will be rematerialized
                           1050 ;	skipping iCode since result will be rematerialized
                           1051 ;	skipping iCode since result will be rematerialized
                           1052 ;	skipping iCode since result will be rematerialized
                           1053 ;	genIpush
                           1054 ;	genMove_o size 2 result type 2 source type 1 a_dead 1 hl_dead 1 de_dead 1 iy_dead 1 f_dead 1
   0448 21 56 00      [10] 1055 	ld	hl, #0x0056
   044B E5            [11] 1056 	push	hl
                           1057 ;	genIpush
                           1058 ;	genMove_o size 2 result type 2 source type 7 a_dead 1 hl_dead 1 de_dead 1 iy_dead 1 f_dead 1
   044C 21rBFs04      [10] 1059 	ld	hl, #___str_21
   044F E5            [11] 1060 	push	hl
                           1061 ;	genSend
                           1062 ;	genMove_o size 2 result type 2 source type 7 a_dead 1 hl_dead 1 de_dead 1 iy_dead 1 f_dead 1
   0450 11r77s05      [10] 1063 	ld	de, #___str_28
                           1064 ;	genSend
                           1065 ;	genMove_o size 2 result type 2 source type 7 a_dead 1 hl_dead 1 de_dead 0 iy_dead 1 f_dead 1
   0453 21r96s04      [10] 1066 	ld	hl, #___str_19
                           1067 ;	genCall
   0456 CDr00s00      [17] 1068 	call	___fail
                           1069 ;	genLabel
   0459                    1070 00118$:
                           1071 ;cases/staticinit/staticinit_type_char.c:87: ASSERT (smallSparseZero[8] == 0);
                           1072 ;	genPlus
                           1073 ;	genMove_o size 2 result type 2 source type 10 a_dead 1 hl_dead 1 de_dead 1 iy_dead 1 f_dead 1
   0459 2Ar00s00      [16] 1074 	ld	hl, (___numTests)
   045C 23            [ 6] 1075 	inc	hl
                           1076 ;	genMove_o size 2 result type 10 source type 2 a_dead 1 hl_dead 1 de_dead 1 iy_dead 1 f_dead 1
   045D 22r00s00      [16] 1077 	ld	(___numTests), hl
                           1078 ;	skipping iCode since result will be rematerialized
                           1079 ;	genPointerGet
   0460 3Ar19s00      [13] 1080 	ld	a, (#_smallSparseZero + 8)
                           1081 ;	genIfx
   0463 B7            [ 4] 1082 	or	a, a
                           1083 ; common peephole 163 changed absolute to relative conditional jump.
   0464 28 11         [12] 1084 	jr	z, 00120$
                           1085 ;	skipping iCode since result will be rematerialized
                           1086 ;	skipping iCode since result will be rematerialized
                           1087 ;	skipping iCode since result will be rematerialized
                           1088 ;	skipping iCode since result will be rematerialized
                           1089 ;	skipping iCode since result will be rematerialized
                           1090 ;	skipping iCode since result will be rematerialized
                           1091 ;	genIpush
                           1092 ;	genMove_o size 2 result type 2 source type 1 a_dead 1 hl_dead 1 de_dead 1 iy_dead 1 f_dead 1
   0466 21 57 00      [10] 1093 	ld	hl, #0x0057
   0469 E5            [11] 1094 	push	hl
                           1095 ;	genIpush
                           1096 ;	genMove_o size 2 result type 2 source type 7 a_dead 1 hl_dead 1 de_dead 1 iy_dead 1 f_dead 1
   046A 21rBFs04      [10] 1097 	ld	hl, #___str_21
   046D E5            [11] 1098 	push	hl
                           1099 ;	genSend
                           1100 ;	genMove_o size 2 result type 2 source type 7 a_dead 1 hl_dead 1 de_dead 1 iy_dead 1 f_dead 1
   046E 11r8Fs05      [10] 1101 	ld	de, #___str_29
                           1102 ;	genSend
                           1103 ;	genMove_o size 2 result type 2 source type 7 a_dead 1 hl_dead 1 de_dead 0 iy_dead 1 f_dead 1
   0471 21r96s04      [10] 1104 	ld	hl, #___str_19
                           1105 ;	genCall
   0474 CDr00s00      [17] 1106 	call	___fail
                           1107 ;	genLabel
   0477                    1108 00120$:
                           1109 ;cases/staticinit/staticinit_type_char.c:89: ASSERT (smallSparseZeroTail[0] == 1);
                           1110 ;	genPlus
                           1111 ;	genMove_o size 2 result type 2 source type 10 a_dead 1 hl_dead 1 de_dead 1 iy_dead 1 f_dead 1
   0477 2Ar00s00      [16] 1112 	ld	hl, (___numTests)
   047A 23            [ 6] 1113 	inc	hl
                           1114 ;	genMove_o size 2 result type 10 source type 2 a_dead 1 hl_dead 1 de_dead 1 iy_dead 1 f_dead 1
   047B 22r00s00      [16] 1115 	ld	(___numTests), hl
                           1116 ;	genAddrOf
   047E 21r1As00      [10] 1117 	ld	hl, #_smallSparseZeroTail+0
                           1118 ;	genPointerGet
   0481 4E            [ 7] 1119 	ld	c, (hl)
                           1120 ;	genCmpEq
   0482 0D            [ 4] 1121 	dec	c
   0483 C8            [11] 1122 	ret	z
                           1123 ; common peephole 161 replaced jump by return.
                           1124 ; common peephole 81 removed jp by using inverse jump logic
                           1125 ; common peephole 159 removed unused label 00203$.
                           1126 ;	skipping generated iCode
                           1127 ;	skipping iCode since result will be rematerialized
                           1128 ;	skipping iCode since result will be rematerialized
                           1129 ;	skipping iCode since result will be rematerialized
                           1130 ;	skipping iCode since result will be rematerialized
                           1131 ;	skipping iCode since result will be rematerialized
                           1132 ;	skipping iCode since result will be rematerialized
                           1133 ;	genIpush
                           1134 ;	genMove_o size 2 result type 2 source type 1 a_dead 1 hl_dead 1 de_dead 1 iy_dead 1 f_dead 1
   0484 21 59 00      [10] 1135 	ld	hl, #0x0059
   0487 E5            [11] 1136 	push	hl
                           1137 ;	genIpush
                           1138 ;	genMove_o size 2 result type 2 source type 7 a_dead 1 hl_dead 1 de_dead 1 iy_dead 1 f_dead 1
   0488 21rBFs04      [10] 1139 	ld	hl, #___str_21
   048B E5            [11] 1140 	push	hl
                           1141 ;	genSend
                           1142 ;	genMove_o size 2 result type 2 source type 7 a_dead 1 hl_dead 1 de_dead 1 iy_dead 1 f_dead 1
   048C 11rA7s05      [10] 1143 	ld	de, #___str_30
                           1144 ;	genSend
                           1145 ;	genMove_o size 2 result type 2 source type 7 a_dead 1 hl_dead 1 de_dead 0 iy_dead 1 f_dead 1
   048F 21r96s04      [10] 1146 	ld	hl, #___str_19
                           1147 ;	genCall
   0492 CDr00s00      [17] 1148 	call	___fail
                           1149 ;	genLabel
                           1150 ; common peephole 159 removed unused label 00101$.
                           1151 ;cases/staticinit/staticinit_type_char.c:91: }
                           1152 ;	genEndFunction
   0495 C9            [10] 1153 	ret
                           1154 ;	Total testSmallSparseZero function size at codegen: 1 bytes.
   0496                    1155 ___str_19:
   0496 41 73 73 65 72 74  1156 	.ascii "Assertion failed"
        69 6F 6E 20 66 61
        69 6C 65 64
   04A6 00                 1157 	.db 0x00
   04A7                    1158 ___str_20:
   04A7 73 6D 61 6C 6C 53  1159 	.ascii "smallSparseZero[0] == 0"
        70 61 72 73 65 5A
        65 72 6F 5B 30 5D
        20 3D 3D 20 30
   04BE 00                 1160 	.db 0x00
   04BF                    1161 ___str_21:
   04BF 63 61 73 65 73 2F  1162 	.ascii "cases/staticinit/staticinit_type_char.c"
        73 74 61 74 69 63
        69 6E 69 74 2F 73
        74 61 74 69 63 69
        6E 69 74 5F 74 79
        70 65 5F 63 68 61
        72 2E 63
   04E6 00                 1163 	.db 0x00
   04E7                    1164 ___str_22:
   04E7 73 6D 61 6C 6C 53  1165 	.ascii "smallSparseZero[1] == 0"
        70 61 72 73 65 5A
        65 72 6F 5B 31 5D
        20 3D 3D 20 30
   04FE 00                 1166 	.db 0x00
   04FF                    1167 ___str_23:
   04FF 73 6D 61 6C 6C 53  1168 	.ascii "smallSparseZero[2] == 0"
        70 61 72 73 65 5A
        65 72 6F 5B 32 5D
        20 3D 3D 20 30
   0516 00                 1169 	.db 0x00
   0517                    1170 ___str_24:
   0517 73 6D 61 6C 6C 53  1171 	.ascii "smallSparseZero[3] == 0"
        70 61 72 73 65 5A
        65 72 6F 5B 33 5D
        20 3D 3D 20 30
   052E 00                 1172 	.db 0x00
   052F                    1173 ___str_25:
   052F 73 6D 61 6C 6C 53  1174 	.ascii "smallSparseZero[4] == 0"
        70 61 72 73 65 5A
        65 72 6F 5B 34 5D
        20 3D 3D 20 30
   0546 00                 1175 	.db 0x00
   0547                    1176 ___str_26:
   0547 73 6D 61 6C 6C 53  1177 	.ascii "smallSparseZero[5] == 0"
        70 61 72 73 65 5A
        65 72 6F 5B 35 5D
        20 3D 3D 20 30
   055E 00                 1178 	.db 0x00
   055F                    1179 ___str_27:
   055F 73 6D 61 6C 6C 53  1180 	.ascii "smallSparseZero[6] == 0"
        70 61 72 73 65 5A
        65 72 6F 5B 36 5D
        20 3D 3D 20 30
   0576 00                 1181 	.db 0x00
   0577                    1182 ___str_28:
   0577 73 6D 61 6C 6C 53  1183 	.ascii "smallSparseZero[7] == 0"
        70 61 72 73 65 5A
        65 72 6F 5B 37 5D
        20 3D 3D 20 30
   058E 00                 1184 	.db 0x00
   058F                    1185 ___str_29:
   058F 73 6D 61 6C 6C 53  1186 	.ascii "smallSparseZero[8] == 0"
        70 61 72 73 65 5A
        65 72 6F 5B 38 5D
        20 3D 3D 20 30
   05A6 00                 1187 	.db 0x00
   05A7                    1188 ___str_30:
   05A7 73 6D 61 6C 6C 53  1189 	.ascii "smallSparseZeroTail[0] == 1"
        70 61 72 73 65 5A
        65 72 6F 54 61 69
        6C 5B 30 5D 20 3D
        3D 20 31
   05C2 00                 1190 	.db 0x00
                           1191 ;cases/staticinit/staticinit_type_char.c:139: testLargeMixed (void)
                           1192 ;	genLabel
                           1193 ;	genFunction
                           1194 ;	---------------------------------
                           1195 ; Function testLargeMixed
                           1196 ; ---------------------------------
                           1197 ;	Register assignment might be sub-optimal.
                           1198 ; Stack space usage: 0 bytes.
   05C3                    1199 _testLargeMixed:
                           1200 ;cases/staticinit/staticinit_type_char.c:142: ASSERT (largeMixed[0] == 1);
                           1201 ;	genPlus
                           1202 ;	genMove_o size 2 result type 2 source type 10 a_dead 1 hl_dead 1 de_dead 1 iy_dead 1 f_dead 1
   05C3 2Ar00s00      [16] 1203 	ld	hl, (___numTests)
   05C6 23            [ 6] 1204 	inc	hl
                           1205 ;	genMove_o size 2 result type 10 source type 2 a_dead 1 hl_dead 1 de_dead 1 iy_dead 1 f_dead 1
   05C7 22r00s00      [16] 1206 	ld	(___numTests), hl
                           1207 ;	skipping iCode since result will be rematerialized
                           1208 ;	genPointerGet
   05CA 3Ar1Ds00      [13] 1209 	ld	a, (#_largeMixed + 0)
                           1210 ;	genCmpEq
   05CD FE 01         [ 7] 1211 	cp	a, #0x01
                           1212 ; common peephole 163 changed absolute to relative conditional jump.
   05CF 28 11         [12] 1213 	jr	z, 00104$
                           1214 ; common peephole 81 removed jp by using inverse jump logic
                           1215 ; common peephole 159 removed unused label 00203$.
                           1216 ;	skipping generated iCode
                           1217 ;	skipping iCode since result will be rematerialized
                           1218 ;	skipping iCode since result will be rematerialized
                           1219 ;	skipping iCode since result will be rematerialized
                           1220 ;	skipping iCode since result will be rematerialized
                           1221 ;	skipping iCode since result will be rematerialized
                           1222 ;	skipping iCode since result will be rematerialized
                           1223 ;	genIpush
                           1224 ;	genMove_o size 2 result type 2 source type 1 a_dead 1 hl_dead 1 de_dead 1 iy_dead 1 f_dead 1
   05D1 21 8E 00      [10] 1225 	ld	hl, #0x008e
   05D4 E5            [11] 1226 	push	hl
                           1227 ;	genIpush
                           1228 ;	genMove_o size 2 result type 2 source type 7 a_dead 1 hl_dead 1 de_dead 1 iy_dead 1 f_dead 1
   05D5 21r1Ds07      [10] 1229 	ld	hl, #___str_33
   05D8 E5            [11] 1230 	push	hl
                           1231 ;	genSend
                           1232 ;	genMove_o size 2 result type 2 source type 7 a_dead 1 hl_dead 1 de_dead 1 iy_dead 1 f_dead 1
   05D9 11r0As07      [10] 1233 	ld	de, #___str_32
                           1234 ;	genSend
                           1235 ;	genMove_o size 2 result type 2 source type 7 a_dead 1 hl_dead 1 de_dead 0 iy_dead 1 f_dead 1
   05DC 21rF9s06      [10] 1236 	ld	hl, #___str_31
                           1237 ;	genCall
   05DF CDr00s00      [17] 1238 	call	___fail
                           1239 ;	genLabel
   05E2                    1240 00104$:
                           1241 ;cases/staticinit/staticinit_type_char.c:143: ASSERT (largeMixed[1] == 2);
                           1242 ;	genPlus
                           1243 ;	genMove_o size 2 result type 2 source type 10 a_dead 1 hl_dead 1 de_dead 1 iy_dead 1 f_dead 1
   05E2 2Ar00s00      [16] 1244 	ld	hl, (___numTests)
   05E5 23            [ 6] 1245 	inc	hl
                           1246 ;	genMove_o size 2 result type 10 source type 2 a_dead 1 hl_dead 1 de_dead 1 iy_dead 1 f_dead 1
   05E6 22r00s00      [16] 1247 	ld	(___numTests), hl
                           1248 ;	skipping iCode since result will be rematerialized
                           1249 ;	genPointerGet
   05E9 3Ar1Es00      [13] 1250 	ld	a, (#_largeMixed + 1)
                           1251 ;	genCmpEq
   05EC FE 02         [ 7] 1252 	cp	a, #0x02
                           1253 ; common peephole 163 changed absolute to relative conditional jump.
   05EE 28 11         [12] 1254 	jr	z, 00106$
                           1255 ; common peephole 81 removed jp by using inverse jump logic
                           1256 ; common peephole 159 removed unused label 00204$.
                           1257 ;	skipping generated iCode
                           1258 ;	skipping iCode since result will be rematerialized
                           1259 ;	skipping iCode since result will be rematerialized
                           1260 ;	skipping iCode since result will be rematerialized
                           1261 ;	skipping iCode since result will be rematerialized
                           1262 ;	skipping iCode since result will be rematerialized
                           1263 ;	skipping iCode since result will be rematerialized
                           1264 ;	genIpush
                           1265 ;	genMove_o size 2 result type 2 source type 1 a_dead 1 hl_dead 1 de_dead 1 iy_dead 1 f_dead 1
   05F0 21 8F 00      [10] 1266 	ld	hl, #0x008f
   05F3 E5            [11] 1267 	push	hl
                           1268 ;	genIpush
                           1269 ;	genMove_o size 2 result type 2 source type 7 a_dead 1 hl_dead 1 de_dead 1 iy_dead 1 f_dead 1
   05F4 21r1Ds07      [10] 1270 	ld	hl, #___str_33
   05F7 E5            [11] 1271 	push	hl
                           1272 ;	genSend
                           1273 ;	genMove_o size 2 result type 2 source type 7 a_dead 1 hl_dead 1 de_dead 1 iy_dead 1 f_dead 1
   05F8 11r45s07      [10] 1274 	ld	de, #___str_34
                           1275 ;	genSend
                           1276 ;	genMove_o size 2 result type 2 source type 7 a_dead 1 hl_dead 1 de_dead 0 iy_dead 1 f_dead 1
   05FB 21rF9s06      [10] 1277 	ld	hl, #___str_31
                           1278 ;	genCall
   05FE CDr00s00      [17] 1279 	call	___fail
                           1280 ;	genLabel
   0601                    1281 00106$:
                           1282 ;cases/staticinit/staticinit_type_char.c:144: ASSERT (largeMixed[7] == 1);
                           1283 ;	genPlus
                           1284 ;	genMove_o size 2 result type 2 source type 10 a_dead 1 hl_dead 1 de_dead 1 iy_dead 1 f_dead 1
   0601 2Ar00s00      [16] 1285 	ld	hl, (___numTests)
   0604 23            [ 6] 1286 	inc	hl
                           1287 ;	genMove_o size 2 result type 10 source type 2 a_dead 1 hl_dead 1 de_dead 1 iy_dead 1 f_dead 1
   0605 22r00s00      [16] 1288 	ld	(___numTests), hl
                           1289 ;	skipping iCode since result will be rematerialized
                           1290 ;	genPointerGet
   0608 3Ar24s00      [13] 1291 	ld	a, (#_largeMixed + 7)
                           1292 ;	genCmpEq
   060B FE 01         [ 7] 1293 	cp	a, #0x01
                           1294 ; common peephole 163 changed absolute to relative conditional jump.
   060D 28 11         [12] 1295 	jr	z, 00108$
                           1296 ; common peephole 81 removed jp by using inverse jump logic
                           1297 ; common peephole 159 removed unused label 00205$.
                           1298 ;	skipping generated iCode
                           1299 ;	skipping iCode since result will be rematerialized
                           1300 ;	skipping iCode since result will be rematerialized
                           1301 ;	skipping iCode since result will be rematerialized
                           1302 ;	skipping iCode since result will be rematerialized
                           1303 ;	skipping iCode since result will be rematerialized
                           1304 ;	skipping iCode since result will be rematerialized
                           1305 ;	genIpush
                           1306 ;	genMove_o size 2 result type 2 source type 1 a_dead 1 hl_dead 1 de_dead 1 iy_dead 1 f_dead 1
   060F 21 90 00      [10] 1307 	ld	hl, #0x0090
   0612 E5            [11] 1308 	push	hl
                           1309 ;	genIpush
                           1310 ;	genMove_o size 2 result type 2 source type 7 a_dead 1 hl_dead 1 de_dead 1 iy_dead 1 f_dead 1
   0613 21r1Ds07      [10] 1311 	ld	hl, #___str_33
   0616 E5            [11] 1312 	push	hl
                           1313 ;	genSend
                           1314 ;	genMove_o size 2 result type 2 source type 7 a_dead 1 hl_dead 1 de_dead 1 iy_dead 1 f_dead 1
   0617 11r58s07      [10] 1315 	ld	de, #___str_35
                           1316 ;	genSend
                           1317 ;	genMove_o size 2 result type 2 source type 7 a_dead 1 hl_dead 1 de_dead 0 iy_dead 1 f_dead 1
   061A 21rF9s06      [10] 1318 	ld	hl, #___str_31
                           1319 ;	genCall
   061D CDr00s00      [17] 1320 	call	___fail
                           1321 ;	genLabel
   0620                    1322 00108$:
                           1323 ;cases/staticinit/staticinit_type_char.c:145: ASSERT (largeMixed[102] == 1);
                           1324 ;	genPlus
                           1325 ;	genMove_o size 2 result type 2 source type 10 a_dead 1 hl_dead 1 de_dead 1 iy_dead 1 f_dead 1
   0620 2Ar00s00      [16] 1326 	ld	hl, (___numTests)
   0623 23            [ 6] 1327 	inc	hl
                           1328 ;	genMove_o size 2 result type 10 source type 2 a_dead 1 hl_dead 1 de_dead 1 iy_dead 1 f_dead 1
   0624 22r00s00      [16] 1329 	ld	(___numTests), hl
                           1330 ;	skipping iCode since result will be rematerialized
                           1331 ;	genPointerGet
   0627 3Ar83s00      [13] 1332 	ld	a, (#_largeMixed + 102)
                           1333 ;	genCmpEq
   062A FE 01         [ 7] 1334 	cp	a, #0x01
                           1335 ; common peephole 163 changed absolute to relative conditional jump.
   062C 28 11         [12] 1336 	jr	z, 00110$
                           1337 ; common peephole 81 removed jp by using inverse jump logic
                           1338 ; common peephole 159 removed unused label 00206$.
                           1339 ;	skipping generated iCode
                           1340 ;	skipping iCode since result will be rematerialized
                           1341 ;	skipping iCode since result will be rematerialized
                           1342 ;	skipping iCode since result will be rematerialized
                           1343 ;	skipping iCode since result will be rematerialized
                           1344 ;	skipping iCode since result will be rematerialized
                           1345 ;	skipping iCode since result will be rematerialized
                           1346 ;	genIpush
                           1347 ;	genMove_o size 2 result type 2 source type 1 a_dead 1 hl_dead 1 de_dead 1 iy_dead 1 f_dead 1
   062E 21 91 00      [10] 1348 	ld	hl, #0x0091
   0631 E5            [11] 1349 	push	hl
                           1350 ;	genIpush
                           1351 ;	genMove_o size 2 result type 2 source type 7 a_dead 1 hl_dead 1 de_dead 1 iy_dead 1 f_dead 1
   0632 21r1Ds07      [10] 1352 	ld	hl, #___str_33
   0635 E5            [11] 1353 	push	hl
                           1354 ;	genSend
                           1355 ;	genMove_o size 2 result type 2 source type 7 a_dead 1 hl_dead 1 de_dead 1 iy_dead 1 f_dead 1
   0636 11r6Bs07      [10] 1356 	ld	de, #___str_36
                           1357 ;	genSend
                           1358 ;	genMove_o size 2 result type 2 source type 7 a_dead 1 hl_dead 1 de_dead 0 iy_dead 1 f_dead 1
   0639 21rF9s06      [10] 1359 	ld	hl, #___str_31
                           1360 ;	genCall
   063C CDr00s00      [17] 1361 	call	___fail
                           1362 ;	genLabel
   063F                    1363 00110$:
                           1364 ;cases/staticinit/staticinit_type_char.c:146: ASSERT (largeMixed[143] == 3);
                           1365 ;	genPlus
                           1366 ;	genMove_o size 2 result type 2 source type 10 a_dead 1 hl_dead 1 de_dead 1 iy_dead 1 f_dead 1
   063F 2Ar00s00      [16] 1367 	ld	hl, (___numTests)
   0642 23            [ 6] 1368 	inc	hl
                           1369 ;	genMove_o size 2 result type 10 source type 2 a_dead 1 hl_dead 1 de_dead 1 iy_dead 1 f_dead 1
   0643 22r00s00      [16] 1370 	ld	(___numTests), hl
                           1371 ;	skipping iCode since result will be rematerialized
                           1372 ;	genPointerGet
   0646 3ArACs00      [13] 1373 	ld	a, (#_largeMixed + 143)
                           1374 ;	genCmpEq
   0649 FE 03         [ 7] 1375 	cp	a, #0x03
                           1376 ; common peephole 163 changed absolute to relative conditional jump.
   064B 28 11         [12] 1377 	jr	z, 00112$
                           1378 ; common peephole 81 removed jp by using inverse jump logic
                           1379 ; common peephole 159 removed unused label 00207$.
                           1380 ;	skipping generated iCode
                           1381 ;	skipping iCode since result will be rematerialized
                           1382 ;	skipping iCode since result will be rematerialized
                           1383 ;	skipping iCode since result will be rematerialized
                           1384 ;	skipping iCode since result will be rematerialized
                           1385 ;	skipping iCode since result will be rematerialized
                           1386 ;	skipping iCode since result will be rematerialized
                           1387 ;	genIpush
                           1388 ;	genMove_o size 2 result type 2 source type 1 a_dead 1 hl_dead 1 de_dead 1 iy_dead 1 f_dead 1
   064D 21 92 00      [10] 1389 	ld	hl, #0x0092
   0650 E5            [11] 1390 	push	hl
                           1391 ;	genIpush
                           1392 ;	genMove_o size 2 result type 2 source type 7 a_dead 1 hl_dead 1 de_dead 1 iy_dead 1 f_dead 1
   0651 21r1Ds07      [10] 1393 	ld	hl, #___str_33
   0654 E5            [11] 1394 	push	hl
                           1395 ;	genSend
                           1396 ;	genMove_o size 2 result type 2 source type 7 a_dead 1 hl_dead 1 de_dead 1 iy_dead 1 f_dead 1
   0655 11r80s07      [10] 1397 	ld	de, #___str_37
                           1398 ;	genSend
                           1399 ;	genMove_o size 2 result type 2 source type 7 a_dead 1 hl_dead 1 de_dead 0 iy_dead 1 f_dead 1
   0658 21rF9s06      [10] 1400 	ld	hl, #___str_31
                           1401 ;	genCall
   065B CDr00s00      [17] 1402 	call	___fail
                           1403 ;	genLabel
   065E                    1404 00112$:
                           1405 ;cases/staticinit/staticinit_type_char.c:147: ASSERT (largeMixed[143+8] == 3);
                           1406 ;	genPlus
                           1407 ;	genMove_o size 2 result type 2 source type 10 a_dead 1 hl_dead 1 de_dead 1 iy_dead 1 f_dead 1
   065E 2Ar00s00      [16] 1408 	ld	hl, (___numTests)
   0661 23            [ 6] 1409 	inc	hl
                           1410 ;	genMove_o size 2 result type 10 source type 2 a_dead 1 hl_dead 1 de_dead 1 iy_dead 1 f_dead 1
   0662 22r00s00      [16] 1411 	ld	(___numTests), hl
                           1412 ;	skipping iCode since result will be rematerialized
                           1413 ;	genPointerGet
   0665 3ArB4s00      [13] 1414 	ld	a, (#_largeMixed + 151)
                           1415 ;	genCmpEq
   0668 FE 03         [ 7] 1416 	cp	a, #0x03
                           1417 ; common peephole 163 changed absolute to relative conditional jump.
   066A 28 11         [12] 1418 	jr	z, 00114$
                           1419 ; common peephole 81 removed jp by using inverse jump logic
                           1420 ; common peephole 159 removed unused label 00208$.
                           1421 ;	skipping generated iCode
                           1422 ;	skipping iCode since result will be rematerialized
                           1423 ;	skipping iCode since result will be rematerialized
                           1424 ;	skipping iCode since result will be rematerialized
                           1425 ;	skipping iCode since result will be rematerialized
                           1426 ;	skipping iCode since result will be rematerialized
                           1427 ;	skipping iCode since result will be rematerialized
                           1428 ;	genIpush
                           1429 ;	genMove_o size 2 result type 2 source type 1 a_dead 1 hl_dead 1 de_dead 1 iy_dead 1 f_dead 1
   066C 21 93 00      [10] 1430 	ld	hl, #0x0093
   066F E5            [11] 1431 	push	hl
                           1432 ;	genIpush
                           1433 ;	genMove_o size 2 result type 2 source type 7 a_dead 1 hl_dead 1 de_dead 1 iy_dead 1 f_dead 1
   0670 21r1Ds07      [10] 1434 	ld	hl, #___str_33
   0673 E5            [11] 1435 	push	hl
                           1436 ;	genSend
                           1437 ;	genMove_o size 2 result type 2 source type 7 a_dead 1 hl_dead 1 de_dead 1 iy_dead 1 f_dead 1
   0674 11r95s07      [10] 1438 	ld	de, #___str_38
                           1439 ;	genSend
                           1440 ;	genMove_o size 2 result type 2 source type 7 a_dead 1 hl_dead 1 de_dead 0 iy_dead 1 f_dead 1
   0677 21rF9s06      [10] 1441 	ld	hl, #___str_31
                           1442 ;	genCall
   067A CDr00s00      [17] 1443 	call	___fail
                           1444 ;	genLabel
   067D                    1445 00114$:
                           1446 ;cases/staticinit/staticinit_type_char.c:148: ASSERT (largeMixed[143+16] == 3);
                           1447 ;	genPlus
                           1448 ;	genMove_o size 2 result type 2 source type 10 a_dead 1 hl_dead 1 de_dead 1 iy_dead 1 f_dead 1
   067D 2Ar00s00      [16] 1449 	ld	hl, (___numTests)
   0680 23            [ 6] 1450 	inc	hl
                           1451 ;	genMove_o size 2 result type 10 source type 2 a_dead 1 hl_dead 1 de_dead 1 iy_dead 1 f_dead 1
   0681 22r00s00      [16] 1452 	ld	(___numTests), hl
                           1453 ;	skipping iCode since result will be rematerialized
                           1454 ;	genPointerGet
   0684 3ArBCs00      [13] 1455 	ld	a, (#_largeMixed + 159)
                           1456 ;	genCmpEq
   0687 FE 03         [ 7] 1457 	cp	a, #0x03
                           1458 ; common peephole 163 changed absolute to relative conditional jump.
   0689 28 11         [12] 1459 	jr	z, 00116$
                           1460 ; common peephole 81 removed jp by using inverse jump logic
                           1461 ; common peephole 159 removed unused label 00209$.
                           1462 ;	skipping generated iCode
                           1463 ;	skipping iCode since result will be rematerialized
                           1464 ;	skipping iCode since result will be rematerialized
                           1465 ;	skipping iCode since result will be rematerialized
                           1466 ;	skipping iCode since result will be rematerialized
                           1467 ;	skipping iCode since result will be rematerialized
                           1468 ;	skipping iCode since result will be rematerialized
                           1469 ;	genIpush
                           1470 ;	genMove_o size 2 result type 2 source type 1 a_dead 1 hl_dead 1 de_dead 1 iy_dead 1 f_dead 1
   068B 21 94 00      [10] 1471 	ld	hl, #0x0094
   068E E5            [11] 1472 	push	hl
                           1473 ;	genIpush
                           1474 ;	genMove_o size 2 result type 2 source type 7 a_dead 1 hl_dead 1 de_dead 1 iy_dead 1 f_dead 1
   068F 21r1Ds07      [10] 1475 	ld	hl, #___str_33
   0692 E5            [11] 1476 	push	hl
                           1477 ;	genSend
                           1478 ;	genMove_o size 2 result type 2 source type 7 a_dead 1 hl_dead 1 de_dead 1 iy_dead 1 f_dead 1
   0693 11rACs07      [10] 1479 	ld	de, #___str_39
                           1480 ;	genSend
                           1481 ;	genMove_o size 2 result type 2 source type 7 a_dead 1 hl_dead 1 de_dead 0 iy_dead 1 f_dead 1
   0696 21rF9s06      [10] 1482 	ld	hl, #___str_31
                           1483 ;	genCall
   0699 CDr00s00      [17] 1484 	call	___fail
                           1485 ;	genLabel
   069C                    1486 00116$:
                           1487 ;cases/staticinit/staticinit_type_char.c:149: ASSERT (largeMixed[143+1] == 4);
                           1488 ;	genPlus
                           1489 ;	genMove_o size 2 result type 2 source type 10 a_dead 1 hl_dead 1 de_dead 1 iy_dead 1 f_dead 1
   069C 2Ar00s00      [16] 1490 	ld	hl, (___numTests)
   069F 23            [ 6] 1491 	inc	hl
                           1492 ;	genMove_o size 2 result type 10 source type 2 a_dead 1 hl_dead 1 de_dead 1 iy_dead 1 f_dead 1
   06A0 22r00s00      [16] 1493 	ld	(___numTests), hl
                           1494 ;	skipping iCode since result will be rematerialized
                           1495 ;	genPointerGet
   06A3 3ArADs00      [13] 1496 	ld	a, (#_largeMixed + 144)
                           1497 ;	genCmpEq
   06A6 FE 04         [ 7] 1498 	cp	a, #0x04
                           1499 ; common peephole 163 changed absolute to relative conditional jump.
   06A8 28 11         [12] 1500 	jr	z, 00118$
                           1501 ; common peephole 81 removed jp by using inverse jump logic
                           1502 ; common peephole 159 removed unused label 00210$.
                           1503 ;	skipping generated iCode
                           1504 ;	skipping iCode since result will be rematerialized
                           1505 ;	skipping iCode since result will be rematerialized
                           1506 ;	skipping iCode since result will be rematerialized
                           1507 ;	skipping iCode since result will be rematerialized
                           1508 ;	skipping iCode since result will be rematerialized
                           1509 ;	skipping iCode since result will be rematerialized
                           1510 ;	genIpush
                           1511 ;	genMove_o size 2 result type 2 source type 1 a_dead 1 hl_dead 1 de_dead 1 iy_dead 1 f_dead 1
   06AA 21 95 00      [10] 1512 	ld	hl, #0x0095
   06AD E5            [11] 1513 	push	hl
                           1514 ;	genIpush
                           1515 ;	genMove_o size 2 result type 2 source type 7 a_dead 1 hl_dead 1 de_dead 1 iy_dead 1 f_dead 1
   06AE 21r1Ds07      [10] 1516 	ld	hl, #___str_33
   06B1 E5            [11] 1517 	push	hl
                           1518 ;	genSend
                           1519 ;	genMove_o size 2 result type 2 source type 7 a_dead 1 hl_dead 1 de_dead 1 iy_dead 1 f_dead 1
   06B2 11rC4s07      [10] 1520 	ld	de, #___str_40
                           1521 ;	genSend
                           1522 ;	genMove_o size 2 result type 2 source type 7 a_dead 1 hl_dead 1 de_dead 0 iy_dead 1 f_dead 1
   06B5 21rF9s06      [10] 1523 	ld	hl, #___str_31
                           1524 ;	genCall
   06B8 CDr00s00      [17] 1525 	call	___fail
                           1526 ;	genLabel
   06BB                    1527 00118$:
                           1528 ;cases/staticinit/staticinit_type_char.c:150: ASSERT (largeMixed[143+8+1] == 4);
                           1529 ;	genPlus
                           1530 ;	genMove_o size 2 result type 2 source type 10 a_dead 1 hl_dead 1 de_dead 1 iy_dead 1 f_dead 1
   06BB 2Ar00s00      [16] 1531 	ld	hl, (___numTests)
   06BE 23            [ 6] 1532 	inc	hl
                           1533 ;	genMove_o size 2 result type 10 source type 2 a_dead 1 hl_dead 1 de_dead 1 iy_dead 1 f_dead 1
   06BF 22r00s00      [16] 1534 	ld	(___numTests), hl
                           1535 ;	skipping iCode since result will be rematerialized
                           1536 ;	genPointerGet
   06C2 3ArB5s00      [13] 1537 	ld	a, (#_largeMixed + 152)
                           1538 ;	genCmpEq
   06C5 FE 04         [ 7] 1539 	cp	a, #0x04
                           1540 ; common peephole 163 changed absolute to relative conditional jump.
   06C7 28 11         [12] 1541 	jr	z, 00120$
                           1542 ; common peephole 81 removed jp by using inverse jump logic
                           1543 ; common peephole 159 removed unused label 00211$.
                           1544 ;	skipping generated iCode
                           1545 ;	skipping iCode since result will be rematerialized
                           1546 ;	skipping iCode since result will be rematerialized
                           1547 ;	skipping iCode since result will be rematerialized
                           1548 ;	skipping iCode since result will be rematerialized
                           1549 ;	skipping iCode since result will be rematerialized
                           1550 ;	skipping iCode since result will be rematerialized
                           1551 ;	genIpush
                           1552 ;	genMove_o size 2 result type 2 source type 1 a_dead 1 hl_dead 1 de_dead 1 iy_dead 1 f_dead 1
   06C9 21 96 00      [10] 1553 	ld	hl, #0x0096
   06CC E5            [11] 1554 	push	hl
                           1555 ;	genIpush
                           1556 ;	genMove_o size 2 result type 2 source type 7 a_dead 1 hl_dead 1 de_dead 1 iy_dead 1 f_dead 1
   06CD 21r1Ds07      [10] 1557 	ld	hl, #___str_33
   06D0 E5            [11] 1558 	push	hl
                           1559 ;	genSend
                           1560 ;	genMove_o size 2 result type 2 source type 7 a_dead 1 hl_dead 1 de_dead 1 iy_dead 1 f_dead 1
   06D1 11rDBs07      [10] 1561 	ld	de, #___str_41
                           1562 ;	genSend
                           1563 ;	genMove_o size 2 result type 2 source type 7 a_dead 1 hl_dead 1 de_dead 0 iy_dead 1 f_dead 1
   06D4 21rF9s06      [10] 1564 	ld	hl, #___str_31
                           1565 ;	genCall
   06D7 CDr00s00      [17] 1566 	call	___fail
                           1567 ;	genLabel
   06DA                    1568 00120$:
                           1569 ;cases/staticinit/staticinit_type_char.c:151: ASSERT (largeMixed[143+16+1] == 4);
                           1570 ;	genPlus
                           1571 ;	genMove_o size 2 result type 2 source type 10 a_dead 1 hl_dead 1 de_dead 1 iy_dead 1 f_dead 1
   06DA 2Ar00s00      [16] 1572 	ld	hl, (___numTests)
   06DD 23            [ 6] 1573 	inc	hl
                           1574 ;	genMove_o size 2 result type 10 source type 2 a_dead 1 hl_dead 1 de_dead 1 iy_dead 1 f_dead 1
   06DE 22r00s00      [16] 1575 	ld	(___numTests), hl
                           1576 ;	skipping iCode since result will be rematerialized
                           1577 ;	genPointerGet
   06E1 3ArBDs00      [13] 1578 	ld	a, (#_largeMixed + 160)
                           1579 ;	genCmpEq
   06E4 FE 04         [ 7] 1580 	cp	a, #0x04
   06E6 C8            [11] 1581 	ret	z
                           1582 ; common peephole 161 replaced jump by return.
                           1583 ; common peephole 81 removed jp by using inverse jump logic
                           1584 ; common peephole 159 removed unused label 00212$.
                           1585 ;	skipping generated iCode
                           1586 ;	skipping iCode since result will be rematerialized
                           1587 ;	skipping iCode since result will be rematerialized
                           1588 ;	skipping iCode since result will be rematerialized
                           1589 ;	skipping iCode since result will be rematerialized
                           1590 ;	skipping iCode since result will be rematerialized
                           1591 ;	skipping iCode since result will be rematerialized
                           1592 ;	genIpush
                           1593 ;	genMove_o size 2 result type 2 source type 1 a_dead 1 hl_dead 1 de_dead 1 iy_dead 1 f_dead 1
   06E7 21 97 00      [10] 1594 	ld	hl, #0x0097
   06EA E5            [11] 1595 	push	hl
                           1596 ;	genIpush
                           1597 ;	genMove_o size 2 result type 2 source type 7 a_dead 1 hl_dead 1 de_dead 1 iy_dead 1 f_dead 1
   06EB 21r1Ds07      [10] 1598 	ld	hl, #___str_33
   06EE E5            [11] 1599 	push	hl
                           1600 ;	genSend
                           1601 ;	genMove_o size 2 result type 2 source type 7 a_dead 1 hl_dead 1 de_dead 1 iy_dead 1 f_dead 1
   06EF 11rF4s07      [10] 1602 	ld	de, #___str_42
                           1603 ;	genSend
                           1604 ;	genMove_o size 2 result type 2 source type 7 a_dead 1 hl_dead 1 de_dead 0 iy_dead 1 f_dead 1
   06F2 21rF9s06      [10] 1605 	ld	hl, #___str_31
                           1606 ;	genCall
   06F5 CDr00s00      [17] 1607 	call	___fail
                           1608 ;	genLabel
                           1609 ; common peephole 159 removed unused label 00101$.
                           1610 ;cases/staticinit/staticinit_type_char.c:153: }
                           1611 ;	genEndFunction
   06F8 C9            [10] 1612 	ret
                           1613 ;	Total testLargeMixed function size at codegen: 1 bytes.
   06F9                    1614 ___str_31:
   06F9 41 73 73 65 72 74  1615 	.ascii "Assertion failed"
        69 6F 6E 20 66 61
        69 6C 65 64
   0709 00                 1616 	.db 0x00
   070A                    1617 ___str_32:
   070A 6C 61 72 67 65 4D  1618 	.ascii "largeMixed[0] == 1"
        69 78 65 64 5B 30
        5D 20 3D 3D 20 31
   071C 00                 1619 	.db 0x00
   071D                    1620 ___str_33:
   071D 63 61 73 65 73 2F  1621 	.ascii "cases/staticinit/staticinit_type_char.c"
        73 74 61 74 69 63
        69 6E 69 74 2F 73
        74 61 74 69 63 69
        6E 69 74 5F 74 79
        70 65 5F 63 68 61
        72 2E 63
   0744 00                 1622 	.db 0x00
   0745                    1623 ___str_34:
   0745 6C 61 72 67 65 4D  1624 	.ascii "largeMixed[1] == 2"
        69 78 65 64 5B 31
        5D 20 3D 3D 20 32
   0757 00                 1625 	.db 0x00
   0758                    1626 ___str_35:
   0758 6C 61 72 67 65 4D  1627 	.ascii "largeMixed[7] == 1"
        69 78 65 64 5B 37
        5D 20 3D 3D 20 31
   076A 00                 1628 	.db 0x00
   076B                    1629 ___str_36:
   076B 6C 61 72 67 65 4D  1630 	.ascii "largeMixed[102] == 1"
        69 78 65 64 5B 31
        30 32 5D 20 3D 3D
        20 31
   077F 00                 1631 	.db 0x00
   0780                    1632 ___str_37:
   0780 6C 61 72 67 65 4D  1633 	.ascii "largeMixed[143] == 3"
        69 78 65 64 5B 31
        34 33 5D 20 3D 3D
        20 33
   0794 00                 1634 	.db 0x00
   0795                    1635 ___str_38:
   0795 6C 61 72 67 65 4D  1636 	.ascii "largeMixed[143+8] == 3"
        69 78 65 64 5B 31
        34 33 2B 38 5D 20
        3D 3D 20 33
   07AB 00                 1637 	.db 0x00
   07AC                    1638 ___str_39:
   07AC 6C 61 72 67 65 4D  1639 	.ascii "largeMixed[143+16] == 3"
        69 78 65 64 5B 31
        34 33 2B 31 36 5D
        20 3D 3D 20 33
   07C3 00                 1640 	.db 0x00
   07C4                    1641 ___str_40:
   07C4 6C 61 72 67 65 4D  1642 	.ascii "largeMixed[143+1] == 4"
        69 78 65 64 5B 31
        34 33 2B 31 5D 20
        3D 3D 20 34
   07DA 00                 1643 	.db 0x00
   07DB                    1644 ___str_41:
   07DB 6C 61 72 67 65 4D  1645 	.ascii "largeMixed[143+8+1] == 4"
        69 78 65 64 5B 31
        34 33 2B 38 2B 31
        5D 20 3D 3D 20 34
   07F3 00                 1646 	.db 0x00
   07F4                    1647 ___str_42:
   07F4 6C 61 72 67 65 4D  1648 	.ascii "largeMixed[143+16+1] == 4"
        69 78 65 64 5B 31
        34 33 2B 31 36 2B
        31 5D 20 3D 3D 20
        34
   080D 00                 1649 	.db 0x00
                           1650 ;cases/staticinit/staticinit_type_char.c:156: __runSuite(void)
                           1651 ;	genLabel
                           1652 ;	genFunction
                           1653 ;	---------------------------------
                           1654 ; Function __runSuite
                           1655 ; ---------------------------------
                           1656 ;	Register assignment is optimal.
                           1657 ; Stack space usage: 0 bytes.
   080E                    1658 ___runSuite::
                           1659 ;cases/staticinit/staticinit_type_char.c:158: __prints("Running testSmallDense\n");
                           1660 ;	skipping iCode since result will be rematerialized
                           1661 ;	skipping iCode since result will be rematerialized
                           1662 ;	genSend
                           1663 ;	genMove_o size 2 result type 2 source type 7 a_dead 1 hl_dead 1 de_dead 1 iy_dead 1 f_dead 1
   080E 21r32s08      [10] 1664 	ld	hl, #___str_43
                           1665 ;	genCall
   0811 CDr00s00      [17] 1666 	call	___prints
                           1667 ;cases/staticinit/staticinit_type_char.c:159: testSmallDense();
                           1668 ;	genCall
   0814 CDr00s00      [17] 1669 	call	_testSmallDense
                           1670 ;cases/staticinit/staticinit_type_char.c:160: __prints("Running testSmallSparse\n");
                           1671 ;	skipping iCode since result will be rematerialized
                           1672 ;	skipping iCode since result will be rematerialized
                           1673 ;	genSend
                           1674 ;	genMove_o size 2 result type 2 source type 7 a_dead 1 hl_dead 1 de_dead 1 iy_dead 1 f_dead 1
   0817 21r4As08      [10] 1675 	ld	hl, #___str_44
                           1676 ;	genCall
   081A CDr00s00      [17] 1677 	call	___prints
                           1678 ;cases/staticinit/staticinit_type_char.c:161: testSmallSparse();
                           1679 ;	genCall
   081D CDr65s01      [17] 1680 	call	_testSmallSparse
                           1681 ;cases/staticinit/staticinit_type_char.c:162: __prints("Running testSmallSparseZero\n");
                           1682 ;	skipping iCode since result will be rematerialized
                           1683 ;	skipping iCode since result will be rematerialized
                           1684 ;	genSend
                           1685 ;	genMove_o size 2 result type 2 source type 7 a_dead 1 hl_dead 1 de_dead 1 iy_dead 1 f_dead 1
   0820 21r63s08      [10] 1686 	ld	hl, #___str_45
                           1687 ;	genCall
   0823 CDr00s00      [17] 1688 	call	___prints
                           1689 ;cases/staticinit/staticinit_type_char.c:163: testSmallSparseZero();
                           1690 ;	genCall
   0826 CDr69s03      [17] 1691 	call	_testSmallSparseZero
                           1692 ;cases/staticinit/staticinit_type_char.c:164: __prints("Running testLargeMixed\n");
                           1693 ;	skipping iCode since result will be rematerialized
                           1694 ;	skipping iCode since result will be rematerialized
                           1695 ;	genSend
                           1696 ;	genMove_o size 2 result type 2 source type 7 a_dead 1 hl_dead 1 de_dead 1 iy_dead 1 f_dead 1
   0829 21r80s08      [10] 1697 	ld	hl, #___str_46
                           1698 ;	genCall
   082C CDr00s00      [17] 1699 	call	___prints
                           1700 ;cases/staticinit/staticinit_type_char.c:165: testLargeMixed();
                           1701 ;	genCall
                           1702 ;	genLabel
                           1703 ; common peephole 159 removed unused label 00101$.
                           1704 ;cases/staticinit/staticinit_type_char.c:166: }
                           1705 ;	genEndFunction
   082F C3rC3s05      [10] 1706 	jp	_testLargeMixed
                           1707 ; common peephole 152 removed unused ret.
                           1708 ;	Total __runSuite function size at codegen: 1 bytes.
   0832                    1709 ___str_43:
   0832 52 75 6E 6E 69 6E  1710 	.ascii "Running testSmallDense"
        67 20 74 65 73 74
        53 6D 61 6C 6C 44
        65 6E 73 65
   0848 0A                 1711 	.db 0x0a
   0849 00                 1712 	.db 0x00
   084A                    1713 ___str_44:
   084A 52 75 6E 6E 69 6E  1714 	.ascii "Running testSmallSparse"
        67 20 74 65 73 74
        53 6D 61 6C 6C 53
        70 61 72 73 65
   0861 0A                 1715 	.db 0x0a
   0862 00                 1716 	.db 0x00
   0863                    1717 ___str_45:
   0863 52 75 6E 6E 69 6E  1718 	.ascii "Running testSmallSparseZero"
        67 20 74 65 73 74
        53 6D 61 6C 6C 53
        70 61 72 73 65 5A
        65 72 6F
   087E 0A                 1719 	.db 0x0a
   087F 00                 1720 	.db 0x00
   0880                    1721 ___str_46:
   0880 52 75 6E 6E 69 6E  1722 	.ascii "Running testLargeMixed"
        67 20 74 65 73 74
        4C 61 72 67 65 4D
        69 78 65 64
   0896 0A                 1723 	.db 0x0a
   0897 00                 1724 	.db 0x00
                           1725 ;cases/staticinit/staticinit_type_char.c:171: __getSuiteName(void)
                           1726 ;	genLabel
                           1727 ;	genFunction
                           1728 ;	---------------------------------
                           1729 ; Function __getSuiteName
                           1730 ; ---------------------------------
                           1731 ;	Register assignment is optimal.
                           1732 ; Stack space usage: 0 bytes.
   0898                    1733 ___getSuiteName::
                           1734 ;cases/staticinit/staticinit_type_char.c:173: return "staticinit_type_char";
                           1735 ;	skipping iCode since result will be rematerialized
                           1736 ;	skipping iCode since result will be rematerialized
                           1737 ;	genRet
                           1738 ;	genMove_o size 2 result type 2 source type 7 a_dead 1 hl_dead 1 de_dead 1 iy_dead 1 f_dead 1
   0898 11r9Es08      [10] 1739 	ld	de, #___str_47
                           1740 ;	genLabel
                           1741 ; common peephole 159 removed unused label 00101$.
                           1742 ;cases/staticinit/staticinit_type_char.c:174: }
                           1743 ;	genEndFunction
   089B C9            [10] 1744 	ret
                           1745 ;	Total __getSuiteName function size at codegen: 1 bytes.
   089C                    1746 ___numCases:
   089C 04 00              1747 	.dw #0x0004
   089E                    1748 ___str_47:
   089E 73 74 61 74 69 63  1749 	.ascii "staticinit_type_char"
        69 6E 69 74 5F 74
        79 70 65 5F 63 68
        61 72
   08B2 00                 1750 	.db 0x00
                           1751 	.area _CODE (BANK=_CSEG)
   08B3                    1752 ___str_48:
   08B3 42 6F 6F 74 69 6E  1753 	.ascii "Booting"
        67
   08BA 00                 1754 	.db 0x00
                           1755 	.area _INITIALIZER
   0000                    1756 __xinit__c:
   0000rB3s08              1757 	.dw ___str_48
   0002                    1758 __xinit__smallDense:
   0002 01                 1759 	.db #0x01	; 1
   0003 02                 1760 	.db #0x02	; 2
   0004 03                 1761 	.db #0x03	; 3
   0005 04                 1762 	.db #0x04	; 4
   0006 05                 1763 	.db #0x05	; 5
   0007 06                 1764 	.db #0x06	; 6
   0008                    1765 __xinit__smallSparse:
   0008 01                 1766 	.db #0x01	; 1
   0009 01                 1767 	.db #0x01	; 1
   000A 01                 1768 	.db #0x01	; 1
   000B 01                 1769 	.db #0x01	; 1
   000C 01                 1770 	.db #0x01	; 1
   000D 01                 1771 	.db #0x01	; 1
   000E 01                 1772 	.db #0x01	; 1
   000F 01                 1773 	.db #0x01	; 1
   0010 01                 1774 	.db #0x01	; 1
   0011                    1775 __xinit__smallSparseZero:
   0011 00                 1776 	.db #0x00	; 0
   0012 00                 1777 	.db #0x00	; 0
   0013 00                 1778 	.db #0x00	; 0
   0014 00                 1779 	.db #0x00	; 0
   0015 00                 1780 	.db #0x00	; 0
   0016 00                 1781 	.db #0x00	; 0
   0017 00                 1782 	.db #0x00	; 0
   0018 00                 1783 	.db #0x00	; 0
   0019 00                 1784 	.db #0x00	; 0
   001A                    1785 __xinit__smallSparseZeroTail:
   001A 01                 1786 	.db #0x01	; 1
   001B 02                 1787 	.db #0x02	; 2
   001C 03                 1788 	.db #0x03	; 3
   001D                    1789 __xinit__largeMixed:
   001D 01                 1790 	.db #0x01	; 1
   001E 02                 1791 	.db #0x02	; 2
   001F 03                 1792 	.db #0x03	; 3
   0020 04                 1793 	.db #0x04	; 4
   0021 05                 1794 	.db #0x05	; 5
   0022 06                 1795 	.db #0x06	; 6
   0023 07                 1796 	.db #0x07	; 7
   0024 01                 1797 	.db #0x01	; 1
   0025 01                 1798 	.db #0x01	; 1
   0026 01                 1799 	.db #0x01	; 1
   0027 01                 1800 	.db #0x01	; 1
   0028 01                 1801 	.db #0x01	; 1
   0029 01                 1802 	.db #0x01	; 1
   002A 01                 1803 	.db #0x01	; 1
   002B 01                 1804 	.db #0x01	; 1
   002C 01                 1805 	.db #0x01	; 1
   002D 01                 1806 	.db #0x01	; 1
   002E 01                 1807 	.db #0x01	; 1
   002F 01                 1808 	.db #0x01	; 1
   0030 01                 1809 	.db #0x01	; 1
   0031 01                 1810 	.db #0x01	; 1
   0032 01                 1811 	.db #0x01	; 1
   0033 01                 1812 	.db #0x01	; 1
   0034 01                 1813 	.db #0x01	; 1
   0035 01                 1814 	.db #0x01	; 1
   0036 01                 1815 	.db #0x01	; 1
   0037 01                 1816 	.db #0x01	; 1
   0038 01                 1817 	.db #0x01	; 1
   0039 01                 1818 	.db #0x01	; 1
   003A 01                 1819 	.db #0x01	; 1
   003B 01                 1820 	.db #0x01	; 1
   003C 01                 1821 	.db #0x01	; 1
   003D 01                 1822 	.db #0x01	; 1
   003E 01                 1823 	.db #0x01	; 1
   003F 01                 1824 	.db #0x01	; 1
   0040 01                 1825 	.db #0x01	; 1
   0041 01                 1826 	.db #0x01	; 1
   0042 01                 1827 	.db #0x01	; 1
   0043 01                 1828 	.db #0x01	; 1
   0044 01                 1829 	.db #0x01	; 1
   0045 01                 1830 	.db #0x01	; 1
   0046 01                 1831 	.db #0x01	; 1
   0047 01                 1832 	.db #0x01	; 1
   0048 01                 1833 	.db #0x01	; 1
   0049 01                 1834 	.db #0x01	; 1
   004A 01                 1835 	.db #0x01	; 1
   004B 01                 1836 	.db #0x01	; 1
   004C 01                 1837 	.db #0x01	; 1
   004D 01                 1838 	.db #0x01	; 1
   004E 01                 1839 	.db #0x01	; 1
   004F 01                 1840 	.db #0x01	; 1
   0050 01                 1841 	.db #0x01	; 1
   0051 01                 1842 	.db #0x01	; 1
   0052 01                 1843 	.db #0x01	; 1
   0053 01                 1844 	.db #0x01	; 1
   0054 01                 1845 	.db #0x01	; 1
   0055 01                 1846 	.db #0x01	; 1
   0056 01                 1847 	.db #0x01	; 1
   0057 01                 1848 	.db #0x01	; 1
   0058 01                 1849 	.db #0x01	; 1
   0059 01                 1850 	.db #0x01	; 1
   005A 01                 1851 	.db #0x01	; 1
   005B 01                 1852 	.db #0x01	; 1
   005C 01                 1853 	.db #0x01	; 1
   005D 01                 1854 	.db #0x01	; 1
   005E 01                 1855 	.db #0x01	; 1
   005F 01                 1856 	.db #0x01	; 1
   0060 01                 1857 	.db #0x01	; 1
   0061 01                 1858 	.db #0x01	; 1
   0062 01                 1859 	.db #0x01	; 1
   0063 01                 1860 	.db #0x01	; 1
   0064 01                 1861 	.db #0x01	; 1
   0065 01                 1862 	.db #0x01	; 1
   0066 01                 1863 	.db #0x01	; 1
   0067 01                 1864 	.db #0x01	; 1
   0068 01                 1865 	.db #0x01	; 1
   0069 01                 1866 	.db #0x01	; 1
   006A 01                 1867 	.db #0x01	; 1
   006B 01                 1868 	.db #0x01	; 1
   006C 01                 1869 	.db #0x01	; 1
   006D 01                 1870 	.db #0x01	; 1
   006E 01                 1871 	.db #0x01	; 1
   006F 01                 1872 	.db #0x01	; 1
   0070 01                 1873 	.db #0x01	; 1
   0071 01                 1874 	.db #0x01	; 1
   0072 01                 1875 	.db #0x01	; 1
   0073 01                 1876 	.db #0x01	; 1
   0074 01                 1877 	.db #0x01	; 1
   0075 01                 1878 	.db #0x01	; 1
   0076 01                 1879 	.db #0x01	; 1
   0077 01                 1880 	.db #0x01	; 1
   0078 01                 1881 	.db #0x01	; 1
   0079 01                 1882 	.db #0x01	; 1
   007A 01                 1883 	.db #0x01	; 1
   007B 01                 1884 	.db #0x01	; 1
   007C 01                 1885 	.db #0x01	; 1
   007D 01                 1886 	.db #0x01	; 1
   007E 01                 1887 	.db #0x01	; 1
   007F 01                 1888 	.db #0x01	; 1
   0080 01                 1889 	.db #0x01	; 1
   0081 01                 1890 	.db #0x01	; 1
   0082 01                 1891 	.db #0x01	; 1
   0083 01                 1892 	.db #0x01	; 1
   0084 01                 1893 	.db #0x01	; 1
   0085 01                 1894 	.db #0x01	; 1
   0086 01                 1895 	.db #0x01	; 1
   0087 01                 1896 	.db #0x01	; 1
   0088 01                 1897 	.db #0x01	; 1
   0089 01                 1898 	.db #0x01	; 1
   008A 01                 1899 	.db #0x01	; 1
   008B 01                 1900 	.db #0x01	; 1
   008C 01                 1901 	.db #0x01	; 1
   008D 01                 1902 	.db #0x01	; 1
   008E 01                 1903 	.db #0x01	; 1
   008F 01                 1904 	.db #0x01	; 1
   0090 01                 1905 	.db #0x01	; 1
   0091 01                 1906 	.db #0x01	; 1
   0092 01                 1907 	.db #0x01	; 1
   0093 01                 1908 	.db #0x01	; 1
   0094 01                 1909 	.db #0x01	; 1
   0095 01                 1910 	.db #0x01	; 1
   0096 01                 1911 	.db #0x01	; 1
   0097 01                 1912 	.db #0x01	; 1
   0098 01                 1913 	.db #0x01	; 1
   0099 01                 1914 	.db #0x01	; 1
   009A 01                 1915 	.db #0x01	; 1
   009B 01                 1916 	.db #0x01	; 1
   009C 01                 1917 	.db #0x01	; 1
   009D 01                 1918 	.db #0x01	; 1
   009E 01                 1919 	.db #0x01	; 1
   009F 01                 1920 	.db #0x01	; 1
   00A0 01                 1921 	.db #0x01	; 1
   00A1 01                 1922 	.db #0x01	; 1
   00A2 01                 1923 	.db #0x01	; 1
   00A3 01                 1924 	.db #0x01	; 1
   00A4 01                 1925 	.db #0x01	; 1
   00A5 01                 1926 	.db #0x01	; 1
   00A6 01                 1927 	.db #0x01	; 1
   00A7 01                 1928 	.db #0x01	; 1
   00A8 01                 1929 	.db #0x01	; 1
   00A9 01                 1930 	.db #0x01	; 1
   00AA 01                 1931 	.db #0x01	; 1
   00AB 01                 1932 	.db #0x01	; 1
   00AC 03                 1933 	.db #0x03	; 3
   00AD 04                 1934 	.db #0x04	; 4
   00AE 05                 1935 	.db #0x05	; 5
   00AF 06                 1936 	.db #0x06	; 6
   00B0 03                 1937 	.db #0x03	; 3
   00B1 04                 1938 	.db #0x04	; 4
   00B2 05                 1939 	.db #0x05	; 5
   00B3 06                 1940 	.db #0x06	; 6
   00B4 03                 1941 	.db #0x03	; 3
   00B5 04                 1942 	.db #0x04	; 4
   00B6 05                 1943 	.db #0x05	; 5
   00B7 06                 1944 	.db #0x06	; 6
   00B8 03                 1945 	.db #0x03	; 3
   00B9 04                 1946 	.db #0x04	; 4
   00BA 05                 1947 	.db #0x05	; 5
   00BB 06                 1948 	.db #0x06	; 6
   00BC 03                 1949 	.db #0x03	; 3
   00BD 04                 1950 	.db #0x04	; 4
   00BE 05                 1951 	.db #0x05	; 5
   00BF 06                 1952 	.db #0x06	; 6
   00C0 03                 1953 	.db #0x03	; 3
   00C1 04                 1954 	.db #0x04	; 4
   00C2 05                 1955 	.db #0x05	; 5
   00C3 06                 1956 	.db #0x06	; 6
   00C4 03                 1957 	.db #0x03	; 3
   00C5 04                 1958 	.db #0x04	; 4
   00C6 05                 1959 	.db #0x05	; 5
   00C7 06                 1960 	.db #0x06	; 6
   00C8 03                 1961 	.db #0x03	; 3
   00C9 04                 1962 	.db #0x04	; 4
   00CA 05                 1963 	.db #0x05	; 5
   00CB 06                 1964 	.db #0x06	; 6
   00CC 03                 1965 	.db #0x03	; 3
   00CD 04                 1966 	.db #0x04	; 4
   00CE 05                 1967 	.db #0x05	; 5
   00CF 06                 1968 	.db #0x06	; 6
   00D0 03                 1969 	.db #0x03	; 3
   00D1 04                 1970 	.db #0x04	; 4
   00D2 05                 1971 	.db #0x05	; 5
   00D3 06                 1972 	.db #0x06	; 6
   00D4 03                 1973 	.db #0x03	; 3
   00D5 04                 1974 	.db #0x04	; 4
   00D6 05                 1975 	.db #0x05	; 5
   00D7 06                 1976 	.db #0x06	; 6
   00D8 03                 1977 	.db #0x03	; 3
   00D9 04                 1978 	.db #0x04	; 4
   00DA 05                 1979 	.db #0x05	; 5
   00DB 06                 1980 	.db #0x06	; 6
   00DC 03                 1981 	.db #0x03	; 3
   00DD 04                 1982 	.db #0x04	; 4
   00DE 05                 1983 	.db #0x05	; 5
   00DF 06                 1984 	.db #0x06	; 6
   00E0 03                 1985 	.db #0x03	; 3
   00E1 04                 1986 	.db #0x04	; 4
   00E2 05                 1987 	.db #0x05	; 5
   00E3 06                 1988 	.db #0x06	; 6
   00E4 03                 1989 	.db #0x03	; 3
   00E5 04                 1990 	.db #0x04	; 4
   00E6 05                 1991 	.db #0x05	; 5
   00E7 06                 1992 	.db #0x06	; 6
   00E8 03                 1993 	.db #0x03	; 3
   00E9 04                 1994 	.db #0x04	; 4
   00EA 05                 1995 	.db #0x05	; 5
   00EB 06                 1996 	.db #0x06	; 6
   00EC 03                 1997 	.db #0x03	; 3
   00ED 04                 1998 	.db #0x04	; 4
   00EE 05                 1999 	.db #0x05	; 5
   00EF 06                 2000 	.db #0x06	; 6
   00F0 03                 2001 	.db #0x03	; 3
   00F1 04                 2002 	.db #0x04	; 4
   00F2 05                 2003 	.db #0x05	; 5
   00F3 06                 2004 	.db #0x06	; 6
   00F4 03                 2005 	.db #0x03	; 3
   00F5 04                 2006 	.db #0x04	; 4
   00F6 05                 2007 	.db #0x05	; 5
   00F7 06                 2008 	.db #0x06	; 6
   00F8 03                 2009 	.db #0x03	; 3
   00F9 04                 2010 	.db #0x04	; 4
   00FA 05                 2011 	.db #0x05	; 5
   00FB 06                 2012 	.db #0x06	; 6
   00FC 03                 2013 	.db #0x03	; 3
   00FD 04                 2014 	.db #0x04	; 4
   00FE 05                 2015 	.db #0x05	; 5
   00FF 06                 2016 	.db #0x06	; 6
   0100 03                 2017 	.db #0x03	; 3
   0101 04                 2018 	.db #0x04	; 4
   0102 05                 2019 	.db #0x05	; 5
   0103 06                 2020 	.db #0x06	; 6
   0104 03                 2021 	.db #0x03	; 3
   0105 04                 2022 	.db #0x04	; 4
   0106 05                 2023 	.db #0x05	; 5
   0107 06                 2024 	.db #0x06	; 6
   0108 03                 2025 	.db #0x03	; 3
   0109 04                 2026 	.db #0x04	; 4
   010A 05                 2027 	.db #0x05	; 5
   010B 06                 2028 	.db #0x06	; 6
   010C 03                 2029 	.db #0x03	; 3
   010D 04                 2030 	.db #0x04	; 4
   010E 05                 2031 	.db #0x05	; 5
   010F 06                 2032 	.db #0x06	; 6
   0110 03                 2033 	.db #0x03	; 3
   0111 04                 2034 	.db #0x04	; 4
   0112 05                 2035 	.db #0x05	; 5
   0113 06                 2036 	.db #0x06	; 6
   0114 03                 2037 	.db #0x03	; 3
   0115 04                 2038 	.db #0x04	; 4
   0116 05                 2039 	.db #0x05	; 5
   0117 06                 2040 	.db #0x06	; 6
   0118 03                 2041 	.db #0x03	; 3
   0119 04                 2042 	.db #0x04	; 4
   011A 05                 2043 	.db #0x05	; 5
   011B 06                 2044 	.db #0x06	; 6
   011C 03                 2045 	.db #0x03	; 3
   011D 04                 2046 	.db #0x04	; 4
   011E 05                 2047 	.db #0x05	; 5
   011F 06                 2048 	.db #0x06	; 6
   0120 03                 2049 	.db #0x03	; 3
   0121 04                 2050 	.db #0x04	; 4
   0122 05                 2051 	.db #0x05	; 5
   0123 06                 2052 	.db #0x06	; 6
   0124 03                 2053 	.db #0x03	; 3
   0125 04                 2054 	.db #0x04	; 4
   0126 05                 2055 	.db #0x05	; 5
   0127 06                 2056 	.db #0x06	; 6
   0128 03                 2057 	.db #0x03	; 3
   0129 04                 2058 	.db #0x04	; 4
   012A 05                 2059 	.db #0x05	; 5
   012B 06                 2060 	.db #0x06	; 6
   012C 03                 2061 	.db #0x03	; 3
   012D 04                 2062 	.db #0x04	; 4
   012E 05                 2063 	.db #0x05	; 5
   012F 06                 2064 	.db #0x06	; 6
   0130 03                 2065 	.db #0x03	; 3
   0131 04                 2066 	.db #0x04	; 4
   0132 05                 2067 	.db #0x05	; 5
   0133 06                 2068 	.db #0x06	; 6
                           2069 	.area _CABS (ABS)
